{
  "dataset": {
    "identifier": 117218,
    "name": "FACEBOOK_102_07_set",
    "src_path": "/data/file/cubeManager/PROJECT001/77/txt20211028144832009312/FACEBOOK_102_07_set/",
    "label_path": "/data/file/cubeManager/PROJECT001/77/txt20211028144832009312/FACEBOOK_102_07_set/",
    "category": 2,
    "type": 0
  },
  "licenses": {
    "name": "Apache License 1.0",
    "url": "http://www.apache.org/licenses/LICENSE-1.0"
  },
  "info": [
    {
      "id": 100312,
      "filename": "FACEBOOK_102_07.txt",
      "title": "FACEBOOK_102_07",
      "mediatype": "SNS",
      "medianame": "페이스북",
      "category": "일상대화",
      "date": "2021-10-28",
      "size": 443,
      "annotations": {
        "subject": "가족",
        "speaker_type": "1:1",
        "size": 443,
        "word_size": 158,
        "text": "1 : 작은엄마는 조카 많지 않아?\n2 : 엄청 많지~\n2 : 열 명은 될 것 같아\n1 : 키키 명절 때 용돈 어떻게 줘?\n2 : 많아서 2만 원씩 주거나 큰 애들은 5만 원\n1 : 그렇구나 키키\n1 : 지금 제일 큰 조카가 몇 살이야?\n2 : 30살이야 키키\n2 : 내년에 장가 간대~\n1 : 와 대박 키키\n1 : 작은엄마는 명절이 두렵겠어~\n2 : 그려~\n2 : 너네도 줄려면 돈이 훅훅 나가\n1 : 키키 이제 우리 다 성인 됐으니까 안 나가잖아~\n2 : 그래도 가끔 줘야지 ㅠㅠ\n2 : 고생 하는데\n1 : 키키 작은엄마 제일 어린 조카는 몇 살이야?\n2 : 지금 4살인데 엄청 예뻐\n2 : 이쁘게 생겨서\n1 : 키키 와 대박\n1 : 몇 째 언니가 낳은 거야?\n2 : 조카가 낳은 애라...\n2 : 그럼 나는 이모할머니\n1 : 어엉,? 키키 와 대박\n1 : 벌써 작은엄마가 할머니라니!\n2 : 그러게,\n2 : 할매 소리 들은 지 오래야",
        "lines": [
          {
            "id": 1,
            "text": "1 : 작은엄마는 조카 많지 않아?",
            "norm_text": "작은엄마는 조카 많지 않아?",
            "speaker": {
              "id": "1번",
              "sex": "여성",
              "age": "20대"
            },
            "speechAct": "(지시) 질문하기",
            "morpheme": "작/VA+은/ETM+엄마/NNG+는/JX+조카/NNG+많/VA+지/EC+않/VX+아/EF"
          },
          {
            "id": 2,
            "text": "2 : 엄청 많지~",
            "norm_text": "엄청 많지~",
            "speaker": {
              "id": "2번",
              "sex": "여성",
              "age": "40대"
            },
            "speechAct": "(단언) 주장하기",
            "morpheme": "엄청/MAG+많/VA+지/EC+~/SY"
          },
          {
            "id": 3,
            "text": "2 : 열 명은 될 것 같아",
            "norm_text": "열 명은 될 것 같아",
            "speaker": {
              "id": "2번",
              "sex": "여성",
              "age": "40대"
            },
            "speechAct": "(단언) 주장하기",
            "morpheme": "열/NR+명/NNBC+은/JX+될/VV+ETM+것/NNB+같/VA+아/EC"
          },
          {
            "id": 4,
            "text": "1 : 키키 명절 때 용돈 어떻게 줘?",
            "norm_text": "키키 명절 때 용돈 어떻게 줘?",
            "speaker": {
              "id": "1번",
              "sex": "여성",
              "age": "20대"
            },
            "speechAct": "(지시) 질문하기",
            "morpheme": "키/NNG+키/NNG+명절/NNG+때/NNG+용돈/NNG+어떻/VA+게/EC+줘/VX+EF"
          },
          {
            "id": 5,
            "text": "2 : 많아서 2만 원씩 주거나 큰 애들은 5만 원",
            "norm_text": "많아서 2만 원씩 주거나 큰 애들은 5만 원",
            "speaker": {
              "id": "2번",
              "sex": "여성",
              "age": "40대"
            },
            "speechAct": "(단언) 진술하기",
            "morpheme": "많/VA+아서/EC+2/SN+만/NR+원/NNBC+씩/XSN+주/VV+거나/EC+큰/VA+ETM+애/NNG+들/XSN+은/JX+5/SN+만/NR+원/NNBC"
          },
          {
            "id": 6,
            "text": "1 : 그렇구나 키키",
            "norm_text": "그렇구나 키키",
            "speaker": {
              "id": "1번",
              "sex": "여성",
              "age": "20대"
            },
            "speechAct": "턴토크 사인(관습적 반응)",
            "morpheme": "그렇/VA+구나/EF+키/NNG+키/XSV+ETN"
          },
          {
            "id": 7,
            "text": "1 : 지금 제일 큰 조카가 몇 살이야?",
            "norm_text": "지금 제일 큰 조카가 몇 살이야?",
            "speaker": {
              "id": "1번",
              "sex": "여성",
              "age": "20대"
            },
            "speechAct": "(지시) 질문하기",
            "morpheme": "지금/MAG+제일/MAG+큰조카/NNG+가/JKS+몇/MM+살/NNBC+이/VCP+야/EF"
          },
          {
            "id": 8,
            "text": "2 : 30살이야 키키",
            "norm_text": "30살이야 키키",
            "speaker": {
              "id": "2번",
              "sex": "여성",
              "age": "40대"
            },
            "speechAct": "(단언) 진술하기",
            "morpheme": "30/SN+살/NNBC+이/VCP+야/EC+키/NNG+키/XSV+ETN"
          },
          {
            "id": 9,
            "text": "2 : 내년에 장가 간대~",
            "norm_text": "내년에 장가 간대~",
            "speaker": {
              "id": "2번",
              "sex": "여성",
              "age": "40대"
            },
            "speechAct": "(단언) 주장하기",
            "morpheme": "내년/NNG+에/JKB+장가간/VV+ETM+대/NNG+~/SY"
          },
          {
            "id": 10,
            "text": "1 : 와 대박 키키",
            "norm_text": "와 대박 키키",
            "speaker": {
              "id": "1번",
              "sex": "여성",
              "age": "20대"
            },
            "speechAct": "턴토크 사인(관습적 반응)",
            "morpheme": "와/IC+대박/NNG+키/NNG+키/XSV+ETN"
          },
          {
            "id": 11,
            "text": "1 : 작은엄마는 명절이 두렵겠어~",
            "norm_text": "작은엄마는 명절이 두렵겠어~",
            "speaker": {
              "id": "1번",
              "sex": "여성",
              "age": "20대"
            },
            "speechAct": "(단언) 주장하기",
            "morpheme": "작/VA+은/ETM+엄마/NNG+는/JX+명절/NNG+이/JKS+두렵/VA+겠/EP+어/EC+~/SY"
          },
          {
            "id": 12,
            "text": "2 : 그려~",
            "norm_text": "그려~",
            "speaker": {
              "id": "2번",
              "sex": "여성",
              "age": "40대"
            },
            "speechAct": "턴토크 사인(관습적 반응)",
            "morpheme": "그려/VV+EC+~/SY"
          },
          {
            "id": 13,
            "text": "2 : 너네도 줄려면 돈이 훅훅 나가",
            "norm_text": "너네도 줄려면 돈이 훅훅 나가",
            "speaker": {
              "id": "2번",
              "sex": "여성",
              "age": "40대"
            },
            "speechAct": "(단언) 주장하기",
            "morpheme": "너/NP+네/XSN+도/JX+줄려면/VV+EC+돈/NNG+이/JKS+훅훅/MAG+나가/VV+EC"
          },
          {
            "id": 14,
            "text": "1 : 키키 이제 우리 다 성인 됐으니까 안 나가잖아~",
            "norm_text": "키키 이제 우리 다 성인 됐으니까 안 나가잖아~",
            "speaker": {
              "id": "1번",
              "sex": "여성",
              "age": "20대"
            },
            "speechAct": "(단언) 주장하기",
            "morpheme": "키/NNG+키/NNG+이제/MAG+우리/NP+다/JX+성인/NNG+됐/XSV+EP+으니까/EC+안/MAG+나가/VV+잖아/EC+~/SY"
          },
          {
            "id": 15,
            "text": "2 : 그래도 가끔 줘야지 ㅠㅠ",
            "norm_text": "그래도 가끔 줘야지 ㅠㅠ",
            "speaker": {
              "id": "2번",
              "sex": "여성",
              "age": "40대"
            },
            "speechAct": "(단언) 주장하기",
            "morpheme": "그래도/MAJ+가끔/MAG+줘야지/VV+EC+ㅠㅠ/UNKNOWN"
          },
          {
            "id": 16,
            "text": "2 : 고생 하는데",
            "norm_text": "고생 하는데",
            "speaker": {
              "id": "2번",
              "sex": "여성",
              "age": "40대"
            },
            "speechAct": "(단언) 주장하기",
            "morpheme": "고생/NNG+하/XSV+는데/EC"
          },
          {
            "id": 17,
            "text": "1 : 키키 작은엄마 제일 어린 조카는 몇 살이야?",
            "norm_text": "키키 작은엄마 제일 어린 조카는 몇 살이야?",
            "speaker": {
              "id": "1번",
              "sex": "여성",
              "age": "20대"
            },
            "speechAct": "(지시) 질문하기",
            "morpheme": "키/NNG+키/XSV+ETN+작/VA+은/ETM+엄마/NNG+제일/MAG+어린/VA+ETM+조카/NNG+는/JX+몇/MM+살/NNBC+이/VCP+야/EF"
          },
          {
            "id": 18,
            "text": "2 : 지금 4살인데 엄청 예뻐",
            "norm_text": "지금 4살인데 엄청 예뻐",
            "speaker": {
              "id": "2번",
              "sex": "여성",
              "age": "40대"
            },
            "speechAct": "(단언) 진술하기",
            "morpheme": "지금/MAG+4/SN+살/NNBC+인데/VCP+EC+엄청/MAG+예뻐/VA+EC"
          },
          {
            "id": 19,
            "text": "2 : 이쁘게 생겨서",
            "norm_text": "이쁘게 생겨서",
            "speaker": {
              "id": "2번",
              "sex": "여성",
              "age": "40대"
            },
            "speechAct": "(단언) 진술하기",
            "morpheme": "이쁘/VA+게/EC+생겨서/VV+EC"
          },
          {
            "id": 20,
            "text": "1 : 키키 와 대박",
            "norm_text": "키키 와 대박",
            "speaker": {
              "id": "1번",
              "sex": "여성",
              "age": "20대"
            },
            "speechAct": "턴토크 사인(관습적 반응)",
            "morpheme": "키/NNG+키/XSV+ETN+와/JC+대박/NNG"
          },
          {
            "id": 21,
            "text": "1 : 몇 째 언니가 낳은 거야?",
            "norm_text": "몇 째 언니가 낳은 거야?",
            "speaker": {
              "id": "1번",
              "sex": "여성",
              "age": "20대"
            },
            "speechAct": "(지시) 질문하기",
            "morpheme": "몇째/MM+언니/NNG+가/JKS+낳/VV+은/ETM+거/NNB+야/VCP+EF"
          },
          {
            "id": 22,
            "text": "2 : 조카가 낳은 애라...",
            "norm_text": "조카가 낳은 애라...",
            "speaker": {
              "id": "2번",
              "sex": "여성",
              "age": "40대"
            },
            "speechAct": "(단언) 주장하기",
            "morpheme": "조카/NNG+가/JKS+낳/VV+은/ETM+애라/IC+./SY"
          },
          {
            "id": 23,
            "text": "2 : 그럼 나는 이모할머니",
            "norm_text": "그럼 나는 이모할머니",
            "speaker": {
              "id": "2번",
              "sex": "여성",
              "age": "40대"
            },
            "speechAct": "(단언) 진술하기",
            "morpheme": "그럼/MAJ+나/NP+는/JX+이모할머니/NNG"
          },
          {
            "id": 24,
            "text": "1 : 어엉,? 키키 와 대박",
            "norm_text": "어엉,? 키키 와 대박",
            "speaker": {
              "id": "1번",
              "sex": "여성",
              "age": "20대"
            },
            "speechAct": "(단언) 주장하기",
            "morpheme": "어엉/IC+,/SC+?/SY+키/NNG+키/XSV+ETN+와/JC+대박/NNG"
          },
          {
            "id": 25,
            "text": "1 : 벌써 작은엄마가 할머니라니!",
            "norm_text": "벌써 작은엄마가 할머니라니!",
            "speaker": {
              "id": "1번",
              "sex": "여성",
              "age": "20대"
            },
            "speechAct": "(단언) 주장하기",
            "morpheme": "벌써/MAG+작/VA+은/ETM+엄마/NNG+가/JKS+할머니/NNG+라니/VCP+EF"
          },
          {
            "id": 26,
            "text": "2 : 그러게,",
            "norm_text": "그러게,",
            "speaker": {
              "id": "2번",
              "sex": "여성",
              "age": "40대"
            },
            "speechAct": "턴토크 사인(관습적 반응)",
            "morpheme": "그러게/IC+,/SC"
          },
          {
            "id": 27,
            "text": "2 : 할매 소리 들은 지 오래야",
            "norm_text": "할매 소리 들은 지 오래야",
            "speaker": {
              "id": "2번",
              "sex": "여성",
              "age": "40대"
            },
            "speechAct": "(단언) 주장하기",
            "morpheme": "할매/NNG+소리/NNG+들/XSN+은/JX+지오/NNG+래야/VCP+EC"
          }
        ]
      }
    }
  ]
}