{
  "dataset": {
    "identifier": 118063,
    "name": "FACEBOOK_118_07_set",
    "src_path": "/data/file/cubeManager/PROJECT001/80/txt20211102103331049372/FACEBOOK_118_07_set/",
    "label_path": "/data/file/cubeManager/PROJECT001/80/txt20211102103331049372/FACEBOOK_118_07_set/",
    "category": 2,
    "type": 0
  },
  "licenses": {
    "name": "Apache License 1.0",
    "url": "http://www.apache.org/licenses/LICENSE-1.0"
  },
  "info": [
    {
      "id": 129670,
      "filename": "FACEBOOK_118_07.txt",
      "title": "FACEBOOK_118_07",
      "mediatype": "SNS",
      "medianame": "페이스북",
      "category": "일상대화",
      "date": "2021-11-02",
      "size": 420,
      "annotations": {
        "subject": "가족",
        "speaker_type": "1:1",
        "size": 420,
        "word_size": 137,
        "text": "1 : 친가나 외가나 명절 때 모이면 게임 같은 거 안 해?\n2 : 우리는 다 같이 풀빌라 빌려서 놀아~\n1 : 와 부럽다,\n1 : 올해도 풀빌라 빌려서 갔어?\n2 : 올해는 친가랑만 다녀왔어~\n1 : 그렇구나 키키 몇 명이서 모여서 갔어?\n2 : 이번에는 5명만 모여서 놀았어 키키\n1 : 그렇구나 그러면 모여서 뭐했어?\n2 : 모여서 안에서 수영하고 고기 먹고~\n1 : 와 키키 우리는 애들끼리 모여서 피시방 갔어 키키\n2 : 키키 아 끝은 항상 피씨방이네?\n1 : 맞아 키키 대신에 개인 플레이 안 되고 같이 할 수 있는 거!\n2 : 나는 같이 하는 게임 오버워친데\n1 : 아 진짜? 내가 오버워치를 못해서 카트라이터 했으 키키\n2 : 카트도 다 같이 하면 재밌지~\n1 : 어 그리고 내가 제일 연장자여서 피시방비는 내가 냈지 키키\n2 : 키키 오 먹을 거도 같이 사줬겠네~",
        "lines": [
          {
            "id": 1,
            "text": "1 : 친가나 외가나 명절 때 모이면 게임 같은 거 안 해?",
            "norm_text": "친가나 외가나 명절 때 모이면 게임 같은 거 안 해?",
            "speaker": {
              "id": "1번",
              "sex": "여성",
              "age": "20대"
            },
            "speechAct": "(지시) 질문하기",
            "morpheme": "친가/NNG+나/JC+외가/NNG+나/JC+명절/NNG+때/NNG+모이/VV+면/EC+게임/NNG+같/VA+은/ETM+거/NNB+안/MAG+해/VV+EF"
          },
          {
            "id": 2,
            "text": "2 : 우리는 다 같이 풀빌라 빌려서 놀아~",
            "norm_text": "우리는 다 같이 풀빌라 빌려서 놀아~",
            "speaker": {
              "id": "2번",
              "sex": "여성",
              "age": "20대"
            },
            "speechAct": "(단언) 진술하기",
            "morpheme": "우리/NP+는/JX+다/MAG+같이/MAG+풀/VV+ETM+빌라/NNG+빌려서/VV+EC+놀/VV+아/EC+~/SY"
          },
          {
            "id": 3,
            "text": "1 : 와 부럽다,",
            "norm_text": "와 부럽다,",
            "speaker": {
              "id": "1번",
              "sex": "여성",
              "age": "20대"
            },
            "speechAct": "(단언) 주장하기",
            "morpheme": "와/IC+부럽/VA+다/EF+,/SC"
          },
          {
            "id": 4,
            "text": "1 : 올해도 풀빌라 빌려서 갔어?",
            "norm_text": "올해도 풀빌라 빌려서 갔어?",
            "speaker": {
              "id": "1번",
              "sex": "여성",
              "age": "20대"
            },
            "speechAct": "(지시) 질문하기",
            "morpheme": "올해/NNG+도/JX+풀/NNG+빌라/NNG+빌려서/VV+EC+갔/VV+EP+어/EF"
          },
          {
            "id": 5,
            "text": "2 : 올해는 친가랑만 다녀왔어~",
            "norm_text": "올해는 친가랑만 다녀왔어~",
            "speaker": {
              "id": "2번",
              "sex": "여성",
              "age": "20대"
            },
            "speechAct": "(단언) 진술하기",
            "morpheme": "올해/NNG+는/JX+친가/NNG+랑/JKB+만/JX+다녀왔/VV+EP+어/EC+~/SY"
          },
          {
            "id": 6,
            "text": "1 : 그렇구나 키키 몇 명이서 모여서 갔어?",
            "norm_text": "그렇구나 키키 몇 명이서 모여서 갔어?",
            "speaker": {
              "id": "1번",
              "sex": "여성",
              "age": "20대"
            },
            "speechAct": "(지시) 질문하기",
            "morpheme": "그렇/VA+구나/EF+키/NNG+키/XSV+ETN+몇/MM+명/NNBC+이/XSN+서/JKS+모여서/VV+EC+갔/VV+EP+어/EF"
          },
          {
            "id": 7,
            "text": "2 : 이번에는 5명만 모여서 놀았어 키키",
            "norm_text": "이번에는 5명만 모여서 놀았어 키키",
            "speaker": {
              "id": "2번",
              "sex": "여성",
              "age": "20대"
            },
            "speechAct": "(단언) 진술하기",
            "morpheme": "이번/NNG+에/JKB+는/JX+5/SN+명/NNBC+만/JX+모여서/VV+EC+놀/VV+았/EP+어/EC+키/NNG+키/XSV+ETN"
          },
          {
            "id": 8,
            "text": "1 : 그렇구나 그러면 모여서 뭐했어?",
            "norm_text": "그렇구나 그러면 모여서 뭐했어?",
            "speaker": {
              "id": "1번",
              "sex": "여성",
              "age": "20대"
            },
            "speechAct": "(지시) 질문하기",
            "morpheme": "그렇/VA+구나/EC+그러/VV+면/EC+모여서/VV+EC+뭐/IC+했/VV+EP+어/EF"
          },
          {
            "id": 9,
            "text": "2 : 모여서 안에서 수영하고 고기 먹고~",
            "norm_text": "모여서 안에서 수영하고 고기 먹고~",
            "speaker": {
              "id": "2번",
              "sex": "여성",
              "age": "20대"
            },
            "speechAct": "(단언) 진술하기",
            "morpheme": "모여/VV+EC+서안/NNG+에서/JKB+수영/NNG+하/XSV+고/EC+고기/NNG+먹/VV+고/EC+~/SY"
          },
          {
            "id": 10,
            "text": "1 : 와 키키 우리는 애들끼리 모여서 피시방 갔어 키키",
            "norm_text": "와 키키 우리는 애들끼리 모여서 피시방 갔어 키키",
            "speaker": {
              "id": "1번",
              "sex": "여성",
              "age": "20대"
            },
            "speechAct": "(단언) 진술하기",
            "morpheme": "와키/NNP+키/NNG+우리/NP+는/JX+애/NNG+들/XSN+끼리/XSN+모여서/VV+EC+피시방/NNG+갔/VV+EP+어/EC+키/NNG+키/XSV+ETN"
          },
          {
            "id": 11,
            "text": "2 : 키키 아 끝은 항상 피씨방이네?",
            "norm_text": "키키 아 끝은 항상 피씨방이네?",
            "speaker": {
              "id": "2번",
              "sex": "여성",
              "age": "20대"
            },
            "speechAct": "(단언) 주장하기",
            "morpheme": "키/NNG+키/VV+아/EC+끝/NNG+은/JX+항상/MAG+피/XPN+씨방/NNG+이/VCP+네/EF"
          },
          {
            "id": 12,
            "text": "1 : 맞아 키키 대신에 개인 플레이 안 되고 같이 할 수 있는 거!",
            "norm_text": "맞아 키키 대신에 개인 플레이 안 되고 같이 할 수 있는 거!",
            "speaker": {
              "id": "1번",
              "sex": "여성",
              "age": "20대"
            },
            "speechAct": "(단언) 주장하기",
            "morpheme": "맞/VV+아/EC+키/NNG+키/NNG+대신/NNG+에/JKB+개인플레이/NNG+안/MAG+되/VV+고/EC+같이/MAG+할/VV+ETM+수/NNB+있/VV+는/ETM+거/NNB"
          },
          {
            "id": 13,
            "text": "2 : 나는 같이 하는 게임 오버워친데",
            "norm_text": "나는 같이 하는 게임 오버워친데",
            "speaker": {
              "id": "2번",
              "sex": "여성",
              "age": "20대"
            },
            "speechAct": "(단언) 진술하기",
            "morpheme": "나/NP+는/JX+같이/MAG+하/VV+는/ETM+게임/NNG+오버/NNG+워/NNG+친데/NNB+VCP+EC"
          },
          {
            "id": 14,
            "text": "1 : 아 진짜? 내가 오버워치를 못해서 카트라이터 했으 키키",
            "norm_text": "아 진짜? 내가 오버워치를 못해서 카트라이터 했으 키키",
            "speaker": {
              "id": "1번",
              "sex": "여성",
              "age": "20대"
            },
            "speechAct": "(단언) 진술하기",
            "morpheme": "아/IC+진짜/MAG+내가오버워치를못해서카트라이터했으키키/UNKNOWN"
          },
          {
            "id": 15,
            "text": "2 : 카트도 다 같이 하면 재밌지~",
            "norm_text": "카트도 다 같이 하면 재밌지~",
            "speaker": {
              "id": "2번",
              "sex": "여성",
              "age": "20대"
            },
            "speechAct": "(단언) 주장하기",
            "morpheme": "카트/NNG+도/JX+다/MAG+같이/MAG+하/VV+면/EC+재밌/VA+지/EC+~/SY"
          },
          {
            "id": 16,
            "text": "1 : 어 그리고 내가 제일 연장자여서 피시방비는 내가 냈지 키키",
            "norm_text": "어 그리고 내가 제일 연장자여서 피시방비는 내가 냈지 키키",
            "speaker": {
              "id": "1번",
              "sex": "여성",
              "age": "20대"
            },
            "speechAct": "(단언) 진술하기",
            "morpheme": "어/IC+그리고/MAJ+내/NP+가/JKS+제일/MAG+연장자/NNG+여서/VCP+EC+피시/NNG+방비/NNG+는/JX+내/NP+가/JKS+냈/VV+EP+지/EC+키/NNG+키/XSV+ETN"
          },
          {
            "id": 17,
            "text": "2 : 키키 오 먹을 거도 같이 사줬겠네~",
            "norm_text": "키키 오 먹을 거도 같이 사줬겠네~",
            "speaker": {
              "id": "2번",
              "sex": "여성",
              "age": "20대"
            },
            "speechAct": "(단언) 주장하기",
            "morpheme": "키/NNG+키/VV+오/EC+먹/VV+을/ETM+거/NNB+도/JX+같이/MAG+사/VV+EC+줬/VX+EP+겠/EP+네/EF+~/SY"
          }
        ]
      }
    }
  ]
}