{
  "dataset": {
    "identifier": 116834,
    "name": "FACEBOOK_118_14_set",
    "src_path": "/data/file/cubeManager/PROJECT001/80/txt20211102103331054481/FACEBOOK_118_14_set/",
    "label_path": "/data/file/cubeManager/PROJECT001/80/txt20211102103331054481/FACEBOOK_118_14_set/",
    "category": 2,
    "type": 0
  },
  "licenses": {
    "name": "Apache License 1.0",
    "url": "http://www.apache.org/licenses/LICENSE-1.0"
  },
  "info": [
    {
      "id": 129677,
      "filename": "FACEBOOK_118_14.txt",
      "title": "FACEBOOK_118_14",
      "mediatype": "SNS",
      "medianame": "페이스북",
      "category": "일상대화",
      "date": "2021-11-02",
      "size": 463,
      "annotations": {
        "subject": "사회이슈",
        "speaker_type": "1:1",
        "size": 463,
        "word_size": 152,
        "text": "1 : 남편을 때려 죽인 여자가 이번에 징역 8년 나왔네?\n2 : 가정 폭력 때문에 그런 건가?\n1 : 아니 같이 술 마시다가 홧김에 그랬대!\n2 : 헐 ㅠ 남편한테 앙심이 있었나 봐\n1 : 흠, 그냥 또라이 같아\n1 : 그 옆에 남편 지인이 있었는데 그 사람도 공범임 키키\n2 : 헐 아니 친구가 공범이야?\n1 : 어 근데 어이없는 게 뭔 줄 알아?\n2 : 어이없는 점? 그게 뭔데?\n1 : 이 지인이 말리다가 이 남편이라는 사람을 밀쳤는데 그때 목뼈가 부러졌대,\n2 : 헐... 알고 보니 계획 범죄 아니야?\n1 : 그거는 아닌 거 같은데 근데 이 여자 완전 쇼킹이야!\n1 : 왜 그런 줄 알아?\n2 : 또 다른 점이 있어?\n1 : 아니 자기 남편이 그렇게 죽어가는데 옆에서 술만 마셨대\n2 : 헐... 진짜 소름 돋는 이야기다\n1 : 그러니까 결국에 지인은 직접적으로 죽인 거라 9년 여자는 8년 대박이지?\n2 : 와, 대박이다 진짜 키키\n2 : 소름이야",
        "lines": [
          {
            "id": 1,
            "text": "1 : 남편을 때려 죽인 여자가 이번에 징역 8년 나왔네?",
            "norm_text": "남편을 때려 죽인 여자가 이번에 징역 8년 나왔네?",
            "speaker": {
              "id": "1번",
              "sex": "여성",
              "age": "20대"
            },
            "speechAct": "(단언) 진술하기",
            "morpheme": "남편/NNG+을/JKO+때려/VV+EC+죽인/VV+ETM+여자/NNG+가/JKS+이번/NNG+에/JKB+징역/NNG+8/SN+년/NNBC+나왔/VV+EP+네/EF"
          },
          {
            "id": 2,
            "text": "2 : 가정 폭력 때문에 그런 건가?",
            "norm_text": "가정 폭력 때문에 그런 건가?",
            "speaker": {
              "id": "2번",
              "sex": "여성",
              "age": "20대"
            },
            "speechAct": "(지시) 질문하기",
            "morpheme": "가정폭력/NNP+때문/NNB+에/JKB+그런/MM+건가/NNB+VCP+EF"
          },
          {
            "id": 3,
            "text": "1 : 아니 같이 술 마시다가 홧김에 그랬대!",
            "norm_text": "아니 같이 술 마시다가 홧김에 그랬대!",
            "speaker": {
              "id": "1번",
              "sex": "여성",
              "age": "20대"
            },
            "speechAct": "(단언) 진술하기",
            "morpheme": "아니/IC+같이/MAG+술/NNG+마시/VV+다가/EC+홧김/NNG+에/JKB+그랬/VV+EP+대/EF"
          },
          {
            "id": 4,
            "text": "2 : 헐 ㅠ 남편한테 앙심이 있었나 봐",
            "norm_text": "헐 ㅠ 남편한테 앙심이 있었나 봐",
            "speaker": {
              "id": "2번",
              "sex": "여성",
              "age": "20대"
            },
            "speechAct": "(단언) 주장하기",
            "morpheme": "헐ㅠ/UNKNOWN+남편/NNG+한테/JKB+앙심/NNG+이/JKS+있/VA+었/EP+나/EC+봐/VX+EC"
          },
          {
            "id": 5,
            "text": "1 : 흠, 그냥 또라이 같아",
            "norm_text": "흠, 그냥 또라이 같아",
            "speaker": {
              "id": "1번",
              "sex": "여성",
              "age": "20대"
            },
            "speechAct": "(단언) 주장하기",
            "morpheme": "흠/IC+,/SC+그냥/MAG+또라이/IC+같/VA+아/EC"
          },
          {
            "id": 6,
            "text": "1 : 그 옆에 남편 지인이 있었는데 그 사람도 공범임 키키",
            "norm_text": "그 옆에 남편 지인이 있었는데 그 사람도 공범임 키키",
            "speaker": {
              "id": "1번",
              "sex": "여성",
              "age": "20대"
            },
            "speechAct": "(단언) 진술하기",
            "morpheme": "그/MM+옆/NNG+에/JKB+남편/NNG+지인/NNG+이/JKS+있/VA+었/EP+는데/EC+그/MM+사람/NNG+도/JX+공범/NNG+임/VCP+ETN+키/NNG+키/XSV+ETN"
          },
          {
            "id": 7,
            "text": "2 : 헐 아니 친구가 공범이야?",
            "norm_text": "헐 아니 친구가 공범이야?",
            "speaker": {
              "id": "2번",
              "sex": "여성",
              "age": "20대"
            },
            "speechAct": "(지시) 질문하기",
            "morpheme": "헐/IC+아니/IC+친구/NNG+가/JKS+공범/NNG+이/VCP+야/EF"
          },
          {
            "id": 8,
            "text": "1 : 어 근데 어이없는 게 뭔 줄 알아?",
            "norm_text": "어 근데 어이없는 게 뭔 줄 알아?",
            "speaker": {
              "id": "1번",
              "sex": "여성",
              "age": "20대"
            },
            "speechAct": "(지시) 질문하기",
            "morpheme": "어/IC+근데/MAJ+어이없/VA+는/ETM+게/NNB+JKS+뭔줄/NP+JX+NNB+알/VV+아/EF"
          },
          {
            "id": 9,
            "text": "2 : 어이없는 점? 그게 뭔데?",
            "norm_text": "어이없는 점? 그게 뭔데?",
            "speaker": {
              "id": "2번",
              "sex": "여성",
              "age": "20대"
            },
            "speechAct": "(지시) 질문하기",
            "morpheme": "어이없/VA+는/ETM+점/NNB+그게/NP+JKS+뭔데/NP+VCP+EF"
          },
          {
            "id": 10,
            "text": "1 : 이 지인이 말리다가 이 남편이라는 사람을 밀쳤는데 그때 목뼈가 부러졌대,",
            "norm_text": "이 지인이 말리다가 이 남편이라는 사람을 밀쳤는데 그때 목뼈가 부러졌대,",
            "speaker": {
              "id": "1번",
              "sex": "여성",
              "age": "20대"
            },
            "speechAct": "(단언) 진술하기",
            "morpheme": "이지인/NNP+이/JKS+말리/VV+다가/EC+이/MM+남편/NNG+이/VCP+라는/ETM+사람/NNG+을/JKO+밀쳤/VV+EP+는데/EC+그때/NNG+목뼈/NNG+가/JKS+부러졌/VV+EP+대/EF+,/SC"
          },
          {
            "id": 11,
            "text": "2 : 헐... 알고 보니 계획 범죄 아니야?",
            "norm_text": "헐... 알고 보니 계획 범죄 아니야?",
            "speaker": {
              "id": "2번",
              "sex": "여성",
              "age": "20대"
            },
            "speechAct": "(지시) 질문하기",
            "morpheme": "헐/IC+./SY+알/VV+고/EC+보/VX+니/EC+계획범죄/NNG+아니/VCN+야/EF"
          },
          {
            "id": 12,
            "text": "1 : 그거는 아닌 거 같은데 근데 이 여자 완전 쇼킹이야!",
            "norm_text": "그거는 아닌 거 같은데 근데 이 여자 완전 쇼킹이야!",
            "speaker": {
              "id": "1번",
              "sex": "여성",
              "age": "20대"
            },
            "speechAct": "(단언) 진술하기",
            "morpheme": "그거/NP+는/JX+아닌/VCN+ETM+거/NNB+같/VA+은데/EC+근데/MAJ+이/MM+여자/NNG+완전/NNG+쇼킹/NNG+이/VCP+야/EF"
          },
          {
            "id": 13,
            "text": "1 : 왜 그런 줄 알아?",
            "norm_text": "왜 그런 줄 알아?",
            "speaker": {
              "id": "1번",
              "sex": "여성",
              "age": "20대"
            },
            "speechAct": "(지시) 질문하기",
            "morpheme": "왜/MAG+그런/MM+줄/NNB+알/VV+아/EF"
          },
          {
            "id": 14,
            "text": "2 : 또 다른 점이 있어?",
            "norm_text": "또 다른 점이 있어?",
            "speaker": {
              "id": "2번",
              "sex": "여성",
              "age": "20대"
            },
            "speechAct": "(지시) 질문하기",
            "morpheme": "또/MAG+다른/MM+점/NNG+이/JKS+있/VA+어/EF"
          },
          {
            "id": 15,
            "text": "1 : 아니 자기 남편이 그렇게 죽어가는데 옆에서 술만 마셨대",
            "norm_text": "아니 자기 남편이 그렇게 죽어가는데 옆에서 술만 마셨대",
            "speaker": {
              "id": "1번",
              "sex": "여성",
              "age": "20대"
            },
            "speechAct": "(단언) 진술하기",
            "morpheme": "아니/IC+자기/NP+남편/NNG+이/JKS+그렇게/MAG+죽/VV+어/EC+가/VX+는데/EC+옆/NNG+에서/JKB+술/NNG+만/JX+마셨/VV+EP+대/EC"
          },
          {
            "id": 16,
            "text": "2 : 헐... 진짜 소름 돋는 이야기다",
            "norm_text": "헐... 진짜 소름 돋는 이야기다",
            "speaker": {
              "id": "2번",
              "sex": "여성",
              "age": "20대"
            },
            "speechAct": "(단언) 주장하기",
            "morpheme": "헐/IC+./SY+진짜/MAG+소름/NNG+돋/VV+는/ETM+이야기/NNG+다/VCP+EC"
          },
          {
            "id": 17,
            "text": "1 : 그러니까 결국에 지인은 직접적으로 죽인 거라 9년 여자는 8년 대박이지?",
            "norm_text": "그러니까 결국에 지인은 직접적으로 죽인 거라 9년 여자는 8년 대박이지?",
            "speaker": {
              "id": "1번",
              "sex": "여성",
              "age": "20대"
            },
            "speechAct": "(단언) 진술하기",
            "morpheme": "그러니까/MAJ+결국/NNG+에/JKB+지인/NNG+은/JX+직접/NNG+적/XSN+으로/JKB+죽인/VV+ETM+거/NNB+라/VCP+EC+9/SN+년/NNBC+여자/NNG+는/JX+8/SN+년/NNBC+대박/NNG+이/VCP+지/EF"
          },
          {
            "id": 18,
            "text": "2 : 와, 대박이다 진짜 키키",
            "norm_text": "와, 대박이다 진짜 키키",
            "speaker": {
              "id": "2번",
              "sex": "여성",
              "age": "20대"
            },
            "speechAct": "(단언) 주장하기",
            "morpheme": "와/IC+,/SC+대박/NNG+이/JKS+다/MAG+진짜/MAG+키/NNG+키/XSV+ETN"
          },
          {
            "id": 19,
            "text": "2 : 소름이야",
            "norm_text": "소름이야",
            "speaker": {
              "id": "2번",
              "sex": "여성",
              "age": "20대"
            },
            "speechAct": "(단언) 주장하기",
            "morpheme": "소름/NNG+이/VCP+야/EC"
          }
        ]
      }
    }
  ]
}