{
  "dataset": {
    "identifier": 99574,
    "name": "FACEBOOK_104_15_set",
    "src_path": "/data/file/cubeManager/PROJECT001/77/txt20211028145511021896/FACEBOOK_104_15_set/",
    "label_path": "/data/file/cubeManager/PROJECT001/77/txt20211028145511021896/FACEBOOK_104_15_set/",
    "category": 2,
    "type": 0
  },
  "licenses": {
    "name": "Apache License 1.0",
    "url": "http://www.apache.org/licenses/LICENSE-1.0"
  },
  "info": [
    {
      "id": 100500,
      "filename": "FACEBOOK_104_15.txt",
      "title": "FACEBOOK_104_15",
      "mediatype": "SNS",
      "medianame": "페이스북",
      "category": "일상대화",
      "date": "2021-10-28",
      "size": 420,
      "annotations": {
        "subject": "타 국가 이슈",
        "speaker_type": "1:1",
        "size": 420,
        "word_size": 140,
        "text": "1 : 너 러시아 대통령이 누군지 알지?\n2 : 어어 그럼 알고 있지!\n1 : 너 푸틴이 러시아 시민들 몰래 아주 호화스러운 저택 지었던 거 알아?\n2 : 저택을 지었다고?\n2 : 근데 왜 몰래 지어?\n1 : 키키 그거 다 국민들한테 걷은 세금으로 한 거잖아!\n2 : 와 여기 또 이 있네!\n1 : 그 저택 지은 금액만 조 단위래!\n2 : 와 그런 저택은 만들어서 뭐에 쓰지\n1 : 이제 거기서 노년 생활 하겠지!\n1 : 근데 더 이슈인 거 알려줄까?\n2 : 왜 뭔데\n2 : 너무 궁금해!\n1 : 푸틴한테 내연녀가 있었다는 거야!\n2 : 뭔 유명인들은 내연녀 하나씩 있는 게 취미인가\n1 : 키키 완전 웃겨 이 여자가 푸틴이 살던 집 청소부였대!\n2 : 와 청소부에서 푸틴 내연녀가 되버렸네...\n1 : 어 키키 한 순간에 신데렐라 신부가 된 거지!\n2 : 그 여자도 진짜 대단하다!",
        "lines": [
          {
            "id": 1,
            "text": "1 : 너 러시아 대통령이 누군지 알지?",
            "norm_text": "너 러시아 대통령이 누군지 알지?",
            "speaker": {
              "id": "1번",
              "sex": "여성",
              "age": "20대"
            },
            "speechAct": "(지시) 질문하기",
            "morpheme": "너/NP+러시아/NNP+대통령/NNG+이/JKS+누군지/NP+VCP+EC+알/VV+지/EF"
          },
          {
            "id": 2,
            "text": "2 : 어어 그럼 알고 있지!",
            "norm_text": "어어 그럼 알고 있지!",
            "speaker": {
              "id": "2번",
              "sex": "여성",
              "age": "20대"
            },
            "speechAct": "(단언) 주장하기",
            "morpheme": "어/IC+어/IC+그럼/MAJ+알/VV+고/EC+있/VX+지/EF"
          },
          {
            "id": 3,
            "text": "1 : 너 푸틴이 러시아 시민들 몰래 아주 호화스러운 저택 지었던 거 알아?",
            "norm_text": "너 푸틴이 러시아 시민들 몰래 아주 호화스러운 저택 지었던 거 알아?",
            "speaker": {
              "id": "1번",
              "sex": "여성",
              "age": "20대"
            },
            "speechAct": "(지시) 질문하기",
            "morpheme": "너/NP+푸틴/NNP+이/JKS+러시아/NNP+시민/NNG+들/XSN+몰래/MAG+아주/MAG+호화/NNG+스러운/XSA+ETM+저택/NNG+지/VV+었/EP+던/ETM+거/NNB+알/VV+아/EF"
          },
          {
            "id": 4,
            "text": "2 : 저택을 지었다고?",
            "norm_text": "저택을 지었다고?",
            "speaker": {
              "id": "2번",
              "sex": "여성",
              "age": "20대"
            },
            "speechAct": "(지시) 질문하기",
            "morpheme": "저택/NNG+을/JKO+지/VV+었/EP+다고/EF"
          },
          {
            "id": 5,
            "text": "2 : 근데 왜 몰래 지어?",
            "norm_text": "근데 왜 몰래 지어?",
            "speaker": {
              "id": "2번",
              "sex": "여성",
              "age": "20대"
            },
            "speechAct": "(지시) 질문하기",
            "morpheme": "근데/MAJ+왜/MAG+몰래/MAG+지/VV+어/EF"
          },
          {
            "id": 6,
            "text": "1 : 키키 그거 다 국민들한테 걷은 세금으로 한 거잖아!",
            "norm_text": "키키 그거 다 국민들한테 걷은 세금으로 한 거잖아!",
            "speaker": {
              "id": "1번",
              "sex": "여성",
              "age": "20대"
            },
            "speechAct": "(단언) 주장하기",
            "morpheme": "키/NNG+키/XSV+ETN+그거/NP+다/JX+국민/NNG+들/XSN+한테/JKB+걷/VV+은/ETM+세금/NNG+으로/JKB+한/VV+ETM+거/NNB+잖아/VCP+EC+VX+EF"
          },
          {
            "id": 7,
            "text": "2 : 와 여기 또 이 있네!",
            "norm_text": "와 여기 또 이 있네!",
            "speaker": {
              "id": "2번",
              "sex": "여성",
              "age": "20대"
            },
            "speechAct": "(단언) 주장하기",
            "morpheme": "와/IC+여기/NP+또/MAG+이/MM+있/VA+네/EF"
          },
          {
            "id": 8,
            "text": "1 : 그 저택 지은 금액만 조 단위래!",
            "norm_text": "그 저택 지은 금액만 조 단위래!",
            "speaker": {
              "id": "1번",
              "sex": "여성",
              "age": "20대"
            },
            "speechAct": "(단언) 진술하기",
            "morpheme": "그저/MAG+택지/NNG+은/JX+금액/NNG+만조/NNG+단위/NNG+래/VCP+EF"
          },
          {
            "id": 9,
            "text": "2 : 와 그런 저택은 만들어서 뭐에 쓰지",
            "norm_text": "와 그런 저택은 만들어서 뭐에 쓰지",
            "speaker": {
              "id": "2번",
              "sex": "여성",
              "age": "20대"
            },
            "speechAct": "(단언) 주장하기",
            "morpheme": "와/IC+그런/MM+저택/NNG+은/JX+만들/VV+어서/EC+뭐/NP+에/JKB+쓰/VV+지/EC"
          },
          {
            "id": 10,
            "text": "1 : 이제 거기서 노년 생활 하겠지!",
            "norm_text": "이제 거기서 노년 생활 하겠지!",
            "speaker": {
              "id": "1번",
              "sex": "여성",
              "age": "20대"
            },
            "speechAct": "(단언) 주장하기",
            "morpheme": "이제/MAG+거기/NP+서/JKB+노년/NNG+생활/NNG+하/XSV+겠/EP+지/EF"
          },
          {
            "id": 11,
            "text": "1 : 근데 더 이슈인 거 알려줄까?",
            "norm_text": "근데 더 이슈인 거 알려줄까?",
            "speaker": {
              "id": "1번",
              "sex": "여성",
              "age": "20대"
            },
            "speechAct": "(지시) 질문하기",
            "morpheme": "근데/MAJ+더/MAG+이슈/NNG+인/VCP+ETM+거/NNB+알려줄까/VV+EC+VX+EF"
          },
          {
            "id": 12,
            "text": "2 : 왜 뭔데",
            "norm_text": "왜 뭔데",
            "speaker": {
              "id": "2번",
              "sex": "여성",
              "age": "20대"
            },
            "speechAct": "(지시) 질문하기",
            "morpheme": "왜/MAG+뭔데/NP+VCP+EC"
          },
          {
            "id": 13,
            "text": "2 : 너무 궁금해!",
            "norm_text": "너무 궁금해!",
            "speaker": {
              "id": "2번",
              "sex": "여성",
              "age": "20대"
            },
            "speechAct": "(단언) 주장하기",
            "morpheme": "너무/MAG+궁금/XR+해/XSA+EF"
          },
          {
            "id": 14,
            "text": "1 : 푸틴한테 내연녀가 있었다는 거야!",
            "norm_text": "푸틴한테 내연녀가 있었다는 거야!",
            "speaker": {
              "id": "1번",
              "sex": "여성",
              "age": "20대"
            },
            "speechAct": "(단언) 진술하기",
            "morpheme": "푸틴/NNP+한테/JKB+내/NP+JKG+연녀/NNG+가/JKS+있/VA+었/EP+다는/ETM+거/NNB+야/VCP+EF"
          },
          {
            "id": 15,
            "text": "2 : 뭔 유명인들은 내연녀 하나씩 있는 게 취미인가",
            "norm_text": "뭔 유명인들은 내연녀 하나씩 있는 게 취미인가",
            "speaker": {
              "id": "2번",
              "sex": "여성",
              "age": "20대"
            },
            "speechAct": "(단언) 주장하기",
            "morpheme": "뭔/MM+유명/NNG+인/XSN+들/XSN+은/JX+내/NP+JKG+연녀/NNG+하나/NR+씩/XSN+있/VA+는/ETM+게/NNB+JKS+취미/NNG+인가/VCP+EC"
          },
          {
            "id": 16,
            "text": "1 : 키키 완전 웃겨 이 여자가 푸틴이 살던 집 청소부였대!",
            "norm_text": "키키 완전 웃겨 이 여자가 푸틴이 살던 집 청소부였대!",
            "speaker": {
              "id": "1번",
              "sex": "여성",
              "age": "20대"
            },
            "speechAct": "(단언) 진술하기",
            "morpheme": "키/NNG+키/XSV+ETN+완전/MAG+웃겨/VV+EF+이/MM+여자/NNG+가/JKS+푸틴/NNP+이/JKS+살/VV+던/ETM+집/NNG+청소부/NNG+였/VCP+EP+대/EF"
          },
          {
            "id": 17,
            "text": "2 : 와 청소부에서 푸틴 내연녀가 되버렸네...",
            "norm_text": "와 청소부에서 푸틴 내연녀가 되버렸네...",
            "speaker": {
              "id": "2번",
              "sex": "여성",
              "age": "20대"
            },
            "speechAct": "(단언) 주장하기",
            "morpheme": "와/IC+청소부/NNG+에서/JKB+푸틴/NNP+내/NNB+연녀/NNG+가/JKS+되/VV+버렸/EC+VX+EP+네/EF+./SY"
          },
          {
            "id": 18,
            "text": "1 : 어 키키 한 순간에 신데렐라 신부가 된 거지!",
            "norm_text": "어 키키 한 순간에 신데렐라 신부가 된 거지!",
            "speaker": {
              "id": "1번",
              "sex": "여성",
              "age": "20대"
            },
            "speechAct": "(단언) 주장하기",
            "morpheme": "어/IC+키/NNG+키/NNG+한/XSA+ETM+순간/NNG+에/JKB+신데렐라/NNG+신부/NNG+가/JKS+된/VV+ETM+거/NNB+지/VCP+EF"
          },
          {
            "id": 19,
            "text": "2 : 그 여자도 진짜 대단하다!",
            "norm_text": "그 여자도 진짜 대단하다!",
            "speaker": {
              "id": "2번",
              "sex": "여성",
              "age": "20대"
            },
            "speechAct": "(단언) 주장하기",
            "morpheme": "그/MM+여자/NNG+도/JX+진짜/MAG+대단/XR+하/XSA+다/EF"
          }
        ]
      }
    }
  ]
}