{
  "dataset": {
    "identifier": 125288,
    "name": "FACEBOOK_125_06_set",
    "src_path": "/data/file/cubeManager/PROJECT001/84/txt20211105160907001365/FACEBOOK_125_06_set/",
    "label_path": "/data/file/cubeManager/PROJECT001/84/txt20211105160907001365/FACEBOOK_125_06_set/",
    "category": 2,
    "type": 0
  },
  "licenses": {
    "name": "Apache License 1.0",
    "url": "http://www.apache.org/licenses/LICENSE-1.0"
  },
  "info": [
    {
      "id": 140163,
      "filename": "FACEBOOK_125_06.txt",
      "title": "FACEBOOK_125_06",
      "mediatype": "SNS",
      "medianame": "페이스북",
      "category": "일상대화",
      "date": "2021-11-05",
      "size": 449,
      "annotations": {
        "subject": "교육",
        "speaker_type": "1:1",
        "size": 449,
        "word_size": 150,
        "text": "1 : 요즘 취득하려는 자격증 시험 있어?\n2 : 웅 나 요즘 피부 미용 자격증 공부하고 있어\n1 : 헐 오빠랑 안 어울리게 그게 뭐야 키키\n2 : 요즘 왁싱에 관심이 많아서 그거 딸라고 키키\n1 : 아 왁싱...? 그거에 관심이 왜 생겨\n2 : 눈썹 문신 문신 이런 거에 관심 많아서\n1 : 그렇구나 키키  눈썹 문신 오빠도 했었나?\n2 : 문신 타투 이런 거 해볼라고 왜 뭐 어때\n1 : 나는 별로... 문신 타투는 너무 부담스러워\n2 : 나 눈썹 문신했잖아 문신도 있고 왜 이쁘잖아\n1 : 그냥 피부 미용 자격증 따는 거에 만족하자!\n2 : 너 내가 등판에 여우 한 마리 해줄게 꽁짜로\n1 : 미안...\n1 : 피부 미용 자격증 따는 거에 집중해 오빠 키키\n2 : 부담스러워 하지 마\n2 : 아니야 돈은 안 받을게 등만 갖고 와\n1 : 그러지마 자격증 떨어지길 빌어야지\n2 : 피부 미용 자격증 딸라면 좀 은근 어렵다... 키키",
        "lines": [
          {
            "id": 1,
            "text": "1 : 요즘 취득하려는 자격증 시험 있어?",
            "norm_text": "요즘 취득하려는 자격증 시험 있어?",
            "speaker": {
              "id": "1번",
              "sex": "여성",
              "age": "20대"
            },
            "speechAct": "(지시) 질문하기",
            "morpheme": "요즘/NNG+취득/NNG+하/XSV+려는/ETM+자격증/NNG+시험/NNG+있/VA+어/EF"
          },
          {
            "id": 2,
            "text": "2 : 웅 나 요즘 피부 미용 자격증 공부하고 있어",
            "norm_text": "웅 나 요즘 피부 미용 자격증 공부하고 있어",
            "speaker": {
              "id": "2번",
              "sex": "남성",
              "age": "20대"
            },
            "speechAct": "(단언) 주장하기",
            "morpheme": "웅/IC+나/NP+요즘/MAG+피부/NNG+미용/NNG+자격증/NNG+공부/NNG+하/XSV+고/EC+있/VX+어/EC"
          },
          {
            "id": 3,
            "text": "1 : 헐 오빠랑 안 어울리게 그게 뭐야 키키",
            "norm_text": "헐 오빠랑 안 어울리게 그게 뭐야 키키",
            "speaker": {
              "id": "1번",
              "sex": "여성",
              "age": "20대"
            },
            "speechAct": "(단언) 주장하기",
            "morpheme": "헐/IC+오빠/NNG+랑/JC+안/MAG+어울리/VV+게/EC+그게/NP+JKS+뭐/IC+야키/NNP+키/NNG"
          },
          {
            "id": 4,
            "text": "2 : 요즘 왁싱에 관심이 많아서 그거 딸라고 키키",
            "norm_text": "요즘 왁싱에 관심이 많아서 그거 딸라고 키키",
            "speaker": {
              "id": "2번",
              "sex": "남성",
              "age": "20대"
            },
            "speechAct": "(단언) 주장하기",
            "morpheme": "요즘/MAG+왁/MAG+싱에/NNG+관심/NNG+이/JKS+많/VA+아서/EC+그거/NP+딸/VV+라고/EC+키/NNG+키/XSV+ETN"
          },
          {
            "id": 5,
            "text": "1 : 아 왁싱...? 그거에 관심이 왜 생겨",
            "norm_text": "아 왁싱...? 그거에 관심이 왜 생겨",
            "speaker": {
              "id": "1번",
              "sex": "여성",
              "age": "20대"
            },
            "speechAct": "(지시) 질문하기",
            "morpheme": "아/IC+왁/MAG+싱/NNP+./SY+./SY+그거/NP+에/JKB+관심/NNG+이/JKS+왜/MAG+생겨/VV+EC"
          },
          {
            "id": 6,
            "text": "2 : 눈썹 문신 문신 이런 거에 관심 많아서",
            "norm_text": "눈썹 문신 문신 이런 거에 관심 많아서",
            "speaker": {
              "id": "2번",
              "sex": "남성",
              "age": "20대"
            },
            "speechAct": "(단언) 주장하기",
            "morpheme": "눈썹/NNG+문신/NNG+문신/NNG+이런/MM+거/NNB+에/JKB+관심/NNG+많/VA+아서/EC"
          },
          {
            "id": 7,
            "text": "1 : 그렇구나 키키  눈썹 문신 오빠도 했었나?",
            "norm_text": "그렇구나 키키  눈썹 문신 오빠도 했었나?",
            "speaker": {
              "id": "1번",
              "sex": "여성",
              "age": "20대"
            },
            "speechAct": "(지시) 질문하기",
            "morpheme": "그렇/VA+구나/EF+키키/NNP+눈썹/NNG+문신/NNG+오빠/NNG+도/JX+했었/VV+EP+나/EF"
          },
          {
            "id": 8,
            "text": "2 : 문신 타투 이런 거 해볼라고 왜 뭐 어때",
            "norm_text": "문신 타투 이런 거 해볼라고 왜 뭐 어때",
            "speaker": {
              "id": "2번",
              "sex": "남성",
              "age": "20대"
            },
            "speechAct": "(단언) 주장하기",
            "morpheme": "문신/NNP+타투/NNP+이런/MM+거/NNB+해/VV+EC+볼라고/VX+EF+왜/MAG+뭐/IC+어/IC+때/NNG"
          },
          {
            "id": 9,
            "text": "1 : 나는 별로... 문신 타투는 너무 부담스러워",
            "norm_text": "나는 별로... 문신 타투는 너무 부담스러워",
            "speaker": {
              "id": "1번",
              "sex": "여성",
              "age": "20대"
            },
            "speechAct": "(단언) 주장하기",
            "morpheme": "나/NP+는/JX+별로/MAG+./SY+./SY+문신/NNP+타투/NNP+는/JX+너무/MAG+부담/NNG+스러워/XSA+EC"
          },
          {
            "id": 10,
            "text": "2 : 나 눈썹 문신했잖아 문신도 있고 왜 이쁘잖아",
            "norm_text": "나 눈썹 문신했잖아 문신도 있고 왜 이쁘잖아",
            "speaker": {
              "id": "2번",
              "sex": "남성",
              "age": "20대"
            },
            "speechAct": "(단언) 주장하기",
            "morpheme": "나/NP+눈썹/NNG+문신/NNG+했잖아/XSV+EP+EC+VX+EF+문신/NNG+도/JX+있/VA+고/EC+왜/MAG+이쁘/VA+잖아/EC"
          },
          {
            "id": 11,
            "text": "1 : 그냥 피부 미용 자격증 따는 거에 만족하자!",
            "norm_text": "그냥 피부 미용 자격증 따는 거에 만족하자!",
            "speaker": {
              "id": "1번",
              "sex": "여성",
              "age": "20대"
            },
            "speechAct": "(단언) 주장하기",
            "morpheme": "그냥/MAG+피부/NNG+미용/NNG+자격증/NNG+따/VV+는/ETM+거/NNB+에/JKB+만족/NNG+하/XSA+자/EF"
          },
          {
            "id": 12,
            "text": "2 : 너 내가 등판에 여우 한 마리 해줄게 꽁짜로",
            "norm_text": "너 내가 등판에 여우 한 마리 해줄게 꽁짜로",
            "speaker": {
              "id": "2번",
              "sex": "남성",
              "age": "20대"
            },
            "speechAct": "(단언) 주장하기",
            "morpheme": "너/NP+내/NP+가/JKS+등판/NNG+에/JKB+여우/NNG+한/MM+마리/NNBC+해/VV+EC+줄/VX+ETM+게/NNB+JKS+꽁짜/NNG+로/JKB"
          },
          {
            "id": 13,
            "text": "1 : 미안...",
            "norm_text": "미안...",
            "speaker": {
              "id": "1번",
              "sex": "여성",
              "age": "20대"
            },
            "speechAct": "(단언) 주장하기",
            "morpheme": "미안/IC+./SY"
          },
          {
            "id": 14,
            "text": "1 : 피부 미용 자격증 따는 거에 집중해 오빠 키키",
            "norm_text": "피부 미용 자격증 따는 거에 집중해 오빠 키키",
            "speaker": {
              "id": "1번",
              "sex": "여성",
              "age": "20대"
            },
            "speechAct": "(단언) 주장하기",
            "morpheme": "피부/NNG+미용/NNG+자격증/NNG+따/VV+는/ETM+거/NNB+에/JKB+집중/NNG+해/XSV+EC+오빠/NNG+키/NNG+키/XSV+ETN"
          },
          {
            "id": 15,
            "text": "2 : 부담스러워 하지 마",
            "norm_text": "부담스러워 하지 마",
            "speaker": {
              "id": "2번",
              "sex": "남성",
              "age": "20대"
            },
            "speechAct": "(단언) 주장하기",
            "morpheme": "부담/NNG+스러워/XSA+EC+하/VV+지/EC+마/VX+EC"
          },
          {
            "id": 16,
            "text": "2 : 아니야 돈은 안 받을게 등만 갖고 와",
            "norm_text": "아니야 돈은 안 받을게 등만 갖고 와",
            "speaker": {
              "id": "2번",
              "sex": "남성",
              "age": "20대"
            },
            "speechAct": "(단언) 주장하기",
            "morpheme": "아니야/IC+돈/NNG+은/JX+안/MAG+받/VV+을/ETM+게/NNB+JKS+등/NNB+만/JX+갖/VX+고/EC+와/VV+EC"
          },
          {
            "id": 17,
            "text": "1 : 그러지마 자격증 떨어지길 빌어야지",
            "norm_text": "그러지마 자격증 떨어지길 빌어야지",
            "speaker": {
              "id": "1번",
              "sex": "여성",
              "age": "20대"
            },
            "speechAct": "(단언) 주장하기",
            "morpheme": "그러/VV+지/EC+마/VX+EC+자격증/NNG+떨어지/VV+길/ETN+JKO+빌/VV+어야지/EC"
          },
          {
            "id": 18,
            "text": "2 : 피부 미용 자격증 딸라면 좀 은근 어렵다... 키키",
            "norm_text": "피부 미용 자격증 딸라면 좀 은근 어렵다... 키키",
            "speaker": {
              "id": "2번",
              "sex": "남성",
              "age": "20대"
            },
            "speechAct": "(단언) 주장하기",
            "morpheme": "피부미용자격증딸라면좀은근어렵다/UNKNOWN+./SY+키/NNG+키/XSV+ETN"
          }
        ]
      }
    }
  ]
}