{
  "dataset": {
    "identifier": 98300,
    "name": "FACEBOOK_106_04_set",
    "src_path": "/data/file/cubeManager/PROJECT001/77/txt20211028145511028647/FACEBOOK_106_04_set/",
    "label_path": "/data/file/cubeManager/PROJECT001/77/txt20211028145511028647/FACEBOOK_106_04_set/",
    "category": 2,
    "type": 0
  },
  "licenses": {
    "name": "Apache License 1.0",
    "url": "http://www.apache.org/licenses/LICENSE-1.0"
  },
  "info": [
    {
      "id": 100509,
      "filename": "FACEBOOK_106_04.txt",
      "title": "FACEBOOK_106_04",
      "mediatype": "SNS",
      "medianame": "페이스북",
      "category": "일상대화",
      "date": "2021-10-28",
      "size": 384,
      "annotations": {
        "subject": "회사/아르바이트",
        "speaker_type": "1:1",
        "size": 384,
        "word_size": 133,
        "text": "1 : 언니는 알바해본 적 있어?\n2 : 나는 알바 해봤지 고딩때부터\n1 : 아 진짜?\n1 : 처음 했던 알바가 뭐야?\n2 : 나는 예전에 밥 집 피카소라고 알아?\n1 : 피카소?\n1 : 어 들어봤는데!\n1 : 돈까쓰집인가!?\n2 : 맞아\n2 : 막 학생들 밥집 키키\n1 : 헐 ㅜㅜ 나 어렸을 때 거기 잘 갔던 거 같아!\n2 : 맞아\n2 : 그리고 고깃집도 해봤어\n1 : 고깃집은 여자가 하기 힘들지 않아?\n2 : 근데 다 젊은애들이 알바라 재밌었어\n1 : 키키 나는 처음했던 알바가 코노 알바였어!\n2 : 코노 돈 바꿔 주는거?\n1 : 아니\n1 : 애들 시간 채워주는 거!\n2 : 재밌었겠다 어린애들 많이 오지?\n1 : 응 맞아\n1 : 1분 남겨놓고  5분 주면 안에서 환호해! 키키\n2 : 키키 그런 짜릿함 있겠네 재밌지",
        "lines": [
          {
            "id": 1,
            "text": "1 : 언니는 알바해본 적 있어?",
            "norm_text": "언니는 알바해본 적 있어?",
            "speaker": {
              "id": "1번",
              "sex": "여성",
              "age": "20대"
            },
            "speechAct": "(지시) 질문하기",
            "morpheme": "언니/NNG+는/JX+알/VV+ETM+바/NNB+해/VV+EC+본/VX+ETM+적/NNB+있/VA+어/EF"
          },
          {
            "id": 2,
            "text": "2 : 나는 알바 해봤지 고딩때부터",
            "norm_text": "나는 알바 해봤지 고딩때부터",
            "speaker": {
              "id": "2번",
              "sex": "여성",
              "age": "20대"
            },
            "speechAct": "(단언) 주장하기",
            "morpheme": "나/NP+는/JX+알/VV+ETM+바/NNB+해/VV+EC+봤/VX+EP+지/EF+고딩/NNP+때/NNG+부터/JX"
          },
          {
            "id": 3,
            "text": "1 : 아 진짜?",
            "norm_text": "아 진짜?",
            "speaker": {
              "id": "1번",
              "sex": "여성",
              "age": "20대"
            },
            "speechAct": "(지시) 질문하기",
            "morpheme": "아/IC+진짜/MAG"
          },
          {
            "id": 4,
            "text": "1 : 처음 했던 알바가 뭐야?",
            "norm_text": "처음 했던 알바가 뭐야?",
            "speaker": {
              "id": "1번",
              "sex": "여성",
              "age": "20대"
            },
            "speechAct": "(지시) 질문하기",
            "morpheme": "처음/NNG+했/XSV+EP+던/ETM+알바/NNP+가/JKS+뭐/NP+야/VCP+EF"
          },
          {
            "id": 5,
            "text": "2 : 나는 예전에 밥 집 피카소라고 알아?",
            "norm_text": "나는 예전에 밥 집 피카소라고 알아?",
            "speaker": {
              "id": "2번",
              "sex": "여성",
              "age": "20대"
            },
            "speechAct": "(지시) 질문하기",
            "morpheme": "나/NP+는/JX+예전/NNG+에/JKB+밥집/NNG+피카소/NNP+라고/VCP+EC+알/VV+아/EF"
          },
          {
            "id": 6,
            "text": "1 : 피카소?",
            "norm_text": "피카소?",
            "speaker": {
              "id": "1번",
              "sex": "여성",
              "age": "20대"
            },
            "speechAct": "(지시) 질문하기",
            "morpheme": "피카소/NNP"
          },
          {
            "id": 7,
            "text": "1 : 어 들어봤는데!",
            "norm_text": "어 들어봤는데!",
            "speaker": {
              "id": "1번",
              "sex": "여성",
              "age": "20대"
            },
            "speechAct": "(단언) 주장하기",
            "morpheme": "어/IC+들/VV+어/EC+봤/VX+EP+는데/EF"
          },
          {
            "id": 8,
            "text": "1 : 돈까쓰집인가!?",
            "norm_text": "돈까쓰집인가!?",
            "speaker": {
              "id": "1번",
              "sex": "여성",
              "age": "20대"
            },
            "speechAct": "(지시) 질문하기",
            "morpheme": "돈까쓰집인가/UNKNOWN+!/SY"
          },
          {
            "id": 9,
            "text": "2 : 맞아",
            "norm_text": "맞아",
            "speaker": {
              "id": "2번",
              "sex": "여성",
              "age": "20대"
            },
            "speechAct": "(단언) 주장하기",
            "morpheme": "맞/VV+아/EC"
          },
          {
            "id": 10,
            "text": "2 : 막 학생들 밥집 키키",
            "norm_text": "막 학생들 밥집 키키",
            "speaker": {
              "id": "2번",
              "sex": "여성",
              "age": "20대"
            },
            "speechAct": "(단언) 주장하기",
            "morpheme": "막학생들밥집키키/UNKNOWN"
          },
          {
            "id": 11,
            "text": "1 : 헐 ㅜㅜ 나 어렸을 때 거기 잘 갔던 거 같아!",
            "norm_text": "헐 ㅜㅜ 나 어렸을 때 거기 잘 갔던 거 같아!",
            "speaker": {
              "id": "1번",
              "sex": "여성",
              "age": "20대"
            },
            "speechAct": "(단언) 주장하기",
            "morpheme": "헐/VV+JKO+ㅜㅜ/UNKNOWN+나/NP+어렸/VA+EP+을/ETM+때/NNG+거기/NP+잘/MAG+갔/VV+EP+던/ETM+거/NNB+같/VA+아/EF"
          },
          {
            "id": 12,
            "text": "2 : 맞아",
            "norm_text": "맞아",
            "speaker": {
              "id": "2번",
              "sex": "여성",
              "age": "20대"
            },
            "speechAct": "(단언) 주장하기",
            "morpheme": "맞/VV+아/EC"
          },
          {
            "id": 13,
            "text": "2 : 그리고 고깃집도 해봤어",
            "norm_text": "그리고 고깃집도 해봤어",
            "speaker": {
              "id": "2번",
              "sex": "여성",
              "age": "20대"
            },
            "speechAct": "(단언) 주장하기",
            "morpheme": "그리고/MAJ+고깃집/NNG+도/JX+해/VV+EC+봤/VX+EP+어/EC"
          },
          {
            "id": 14,
            "text": "1 : 고깃집은 여자가 하기 힘들지 않아?",
            "norm_text": "고깃집은 여자가 하기 힘들지 않아?",
            "speaker": {
              "id": "1번",
              "sex": "여성",
              "age": "20대"
            },
            "speechAct": "(지시) 질문하기",
            "morpheme": "고깃집/NNG+은/JX+여자/NNG+가/JKS+하/VV+기/ETN+힘들/VA+지/EC+않/VX+아/EF"
          },
          {
            "id": 15,
            "text": "2 : 근데 다 젊은애들이 알바라 재밌었어",
            "norm_text": "근데 다 젊은애들이 알바라 재밌었어",
            "speaker": {
              "id": "2번",
              "sex": "여성",
              "age": "20대"
            },
            "speechAct": "(단언) 주장하기",
            "morpheme": "근데/MAJ+다/MAG+젊/VA+은/ETM+애/NNG+들/XSN+이/JKS+알바라/NNP+재밌/VA+었/EP+어/EC"
          },
          {
            "id": 16,
            "text": "1 : 키키 나는 처음했던 알바가 코노 알바였어!",
            "norm_text": "키키 나는 처음했던 알바가 코노 알바였어!",
            "speaker": {
              "id": "1번",
              "sex": "여성",
              "age": "20대"
            },
            "speechAct": "(단언) 주장하기",
            "morpheme": "키/NNG+키나/XSA+ETN+JX+는/JX+처음/NNG+했/XSV+EP+던/ETM+알바/NNP+가/JKS+코노/NNP+알바/NNP+였/VCP+EP+어/EF"
          },
          {
            "id": 17,
            "text": "2 : 코노 돈 바꿔 주는거?",
            "norm_text": "코노 돈 바꿔 주는거?",
            "speaker": {
              "id": "2번",
              "sex": "여성",
              "age": "20대"
            },
            "speechAct": "(지시) 질문하기",
            "morpheme": "코/NNG+노돈/NNG+바꿔/VV+EC+주/VX+는/ETM+거/NNB"
          },
          {
            "id": 18,
            "text": "1 : 아니",
            "norm_text": "아니",
            "speaker": {
              "id": "1번",
              "sex": "여성",
              "age": "20대"
            },
            "speechAct": "(단언) 주장하기",
            "morpheme": "아니/IC"
          },
          {
            "id": 19,
            "text": "1 : 애들 시간 채워주는 거!",
            "norm_text": "애들 시간 채워주는 거!",
            "speaker": {
              "id": "1번",
              "sex": "여성",
              "age": "20대"
            },
            "speechAct": "(단언) 주장하기",
            "morpheme": "애/NNG+들/XSN+시간/NNG+채워/VV+EC+주/VX+는/ETM+거/NNB"
          },
          {
            "id": 20,
            "text": "2 : 재밌었겠다 어린애들 많이 오지?",
            "norm_text": "재밌었겠다 어린애들 많이 오지?",
            "speaker": {
              "id": "2번",
              "sex": "여성",
              "age": "20대"
            },
            "speechAct": "(지시) 질문하기",
            "morpheme": "재밌/VA+었/EP+겠/EP+다/EC+어린애/NNG+들/XSN+많이/MAG+오/VV+지/EF"
          },
          {
            "id": 21,
            "text": "1 : 응 맞아",
            "norm_text": "응 맞아",
            "speaker": {
              "id": "1번",
              "sex": "여성",
              "age": "20대"
            },
            "speechAct": "(단언) 주장하기",
            "morpheme": "응/IC+맞/VV+아/EC"
          },
          {
            "id": 22,
            "text": "1 : 1분 남겨놓고  5분 주면 안에서 환호해! 키키",
            "norm_text": "1분 남겨놓고  5분 주면 안에서 환호해! 키키",
            "speaker": {
              "id": "1번",
              "sex": "여성",
              "age": "20대"
            },
            "speechAct": "(단언) 주장하기",
            "morpheme": "1/SN+분/NNBC+남겨/VV+EC+놓/VX+고/EC+5/SN+분주/NNG+면안/NNG+에서/JKB+환호/NNG+해/XSV+EF+키/NNG+키/XSV+ETN"
          },
          {
            "id": 23,
            "text": "2 : 키키 그런 짜릿함 있겠네 재밌지",
            "norm_text": "키키 그런 짜릿함 있겠네 재밌지",
            "speaker": {
              "id": "2번",
              "sex": "여성",
              "age": "20대"
            },
            "speechAct": "(단언) 주장하기",
            "morpheme": "키키/NNP+그런/MM+짜릿/XR+함/XSA+EC+있/VX+겠/EP+네/EF+재밌/VA+지/EC"
          }
        ]
      }
    }
  ]
}