{
  "dataset": {
    "identifier": 98189,
    "name": "FACEBOOK_108_04_set",
    "src_path": "/data/file/cubeManager/PROJECT001/77/txt20211029160805040756/FACEBOOK_108_04_set/",
    "label_path": "/data/file/cubeManager/PROJECT001/77/txt20211029160805040756/FACEBOOK_108_04_set/",
    "category": 2,
    "type": 0
  },
  "licenses": {
    "name": "Apache License 1.0",
    "url": "http://www.apache.org/licenses/LICENSE-1.0"
  },
  "info": [
    {
      "id": 111292,
      "filename": "FACEBOOK_108_04.txt",
      "title": "FACEBOOK_108_04",
      "mediatype": "SNS",
      "medianame": "페이스북",
      "category": "일상대화",
      "date": "2021-10-29",
      "size": 508,
      "annotations": {
        "subject": "회사/아르바이트",
        "speaker_type": "1:1",
        "size": 508,
        "word_size": 175,
        "text": "1 : 너 호프집 알바는 해봤어?\n2 : 아니\n2 : 술집은 하기 싫어서 절대로 안 했어\n1 : 나는 거의 3년 정도 해봤었거든?\n2 : 호프집 해 보니까 어땠어?\n1 : 진짜 술 마시면 개 된다는 게 일리가 있더라\n2 : 키키 진짜 인정 술집 가면 그런 사람들 밖에 없어서 힘들 거 같아\n1 : 맞아 키키\n1 : 그리고 우리 아빠뻘 되는 사람이 자기 보고 오빠라고 하라고 해 키키\n2 : 와 진짜 그건 어딜 가나 국룰 인가 봐 오빠 소리를 왜 이렇게 듣고 싶어해\n1 : 진짜 자기 자식한테 부끄럽지도 않나?\n2 : 그러니까 진짜 그런 말하면 바로 거울 보여주고 싶어\n1 : 키키 맞아\n1 : 근데 그렇게 하고 자기 와이프랑 같이 술 마시러 오면 완전 젠틀맨인 척 오져!\n2 : 완전 두 얼굴이네 와이프한테나 잘하지,\n1 : 키키 맞아\n1 : 그리고 또 짜증 나는 거 하나 더 있어!\n2 : 왜 뭐가 짜증 나는 일이 있었어?\n1 : 나한테 담배 심부름 시켜!\n2 : 와 그 사람은 진짜 뭐야?\n2 : 담배 필 기운은 있고 사러 갈 기운은 없어?",
        "lines": [
          {
            "id": 1,
            "text": "1 : 너 호프집 알바는 해봤어?",
            "norm_text": "너 호프집 알바는 해봤어?",
            "speaker": {
              "id": "1번",
              "sex": "여성",
              "age": "20대"
            },
            "speechAct": "(지시) 질문하기",
            "morpheme": "너/NP+호프집/NNG+알/VV+ETM+바/NNB+는/JX+해/VV+EC+봤/VX+EP+어/EF"
          },
          {
            "id": 2,
            "text": "2 : 아니",
            "norm_text": "아니",
            "speaker": {
              "id": "2번",
              "sex": "여성",
              "age": "20대"
            },
            "speechAct": "(단언) 진술하기",
            "morpheme": "아니/IC"
          },
          {
            "id": 3,
            "text": "2 : 술집은 하기 싫어서 절대로 안 했어",
            "norm_text": "술집은 하기 싫어서 절대로 안 했어",
            "speaker": {
              "id": "2번",
              "sex": "여성",
              "age": "20대"
            },
            "speechAct": "(단언) 진술하기",
            "morpheme": "술집/NNG+은/JX+하/VV+기/ETN+싫/VA+어서/EC+절대로/MAG+안/MAG+했/VV+EP+어/EC"
          },
          {
            "id": 4,
            "text": "1 : 나는 거의 3년 정도 해봤었거든?",
            "norm_text": "나는 거의 3년 정도 해봤었거든?",
            "speaker": {
              "id": "1번",
              "sex": "여성",
              "age": "20대"
            },
            "speechAct": "(단언) 진술하기",
            "morpheme": "나/NP+는/JX+거의/MAG+3/SN+년/NNBC+정도/NNG+해/XSV+EC+봤었/VX+EP+거든/EF"
          },
          {
            "id": 5,
            "text": "2 : 호프집 해 보니까 어땠어?",
            "norm_text": "호프집 해 보니까 어땠어?",
            "speaker": {
              "id": "2번",
              "sex": "여성",
              "age": "20대"
            },
            "speechAct": "(지시) 질문하기",
            "morpheme": "호프집/NNG+해/XSV+EC+보/VX+니까/EC+어땠어/VA+EP+EF"
          },
          {
            "id": 6,
            "text": "1 : 진짜 술 마시면 개 된다는 게 일리가 있더라",
            "norm_text": "진짜 술 마시면 개 된다는 게 일리가 있더라",
            "speaker": {
              "id": "1번",
              "sex": "여성",
              "age": "20대"
            },
            "speechAct": "(단언) 진술하기",
            "morpheme": "진짜/MAG+술/NNG+마시/VV+면/EC+개/NNG+된다는/XSV+ETM+게/NNB+JKS+일리/NNG+가/JKS+있/VA+더라/EC"
          },
          {
            "id": 7,
            "text": "2 : 키키 진짜 인정 술집 가면 그런 사람들 밖에 없어서 힘들 거 같아",
            "norm_text": "키키 진짜 인정 술집 가면 그런 사람들 밖에 없어서 힘들 거 같아",
            "speaker": {
              "id": "2번",
              "sex": "여성",
              "age": "20대"
            },
            "speechAct": "(단언) 주장하기",
            "morpheme": "키/NNG+키/XSV+ETN+진짜/MAG+인정/NNG+술집/NNG+가/VV+면/EC+그런/MM+사람/NNG+들/XSN+밖에/JX+없/VA+어서/EC+힘들/VA+ETM+거/NNB+같/VA+아/EC"
          },
          {
            "id": 8,
            "text": "1 : 맞아 키키",
            "norm_text": "맞아 키키",
            "speaker": {
              "id": "1번",
              "sex": "여성",
              "age": "20대"
            },
            "speechAct": "턴토크 사인(관습적 반응)",
            "morpheme": "맞/VV+아/EC+키/NNG+키/XSV+ETN"
          },
          {
            "id": 9,
            "text": "1 : 그리고 우리 아빠뻘 되는 사람이 자기 보고 오빠라고 하라고 해 키키",
            "norm_text": "그리고 우리 아빠뻘 되는 사람이 자기 보고 오빠라고 하라고 해 키키",
            "speaker": {
              "id": "1번",
              "sex": "여성",
              "age": "20대"
            },
            "speechAct": "(지시) 충고/제안하기",
            "morpheme": "그리고/MAJ+우리/NP+아빠/NNG+뻘/NNG+되/XSV+는/ETM+사람/NNG+이/JKS+자기/NP+보고/JKB+오빠/NNG+라고/VCP+EC+하/VV+라고/EC+해/VV+EC+키/NNG+키/XSV+ETN"
          },
          {
            "id": 10,
            "text": "2 : 와 진짜 그건 어딜 가나 국룰 인가 봐 오빠 소리를 왜 이렇게 듣고 싶어해",
            "norm_text": "와 진짜 그건 어딜 가나 국룰 인가 봐 오빠 소리를 왜 이렇게 듣고 싶어해",
            "speaker": {
              "id": "2번",
              "sex": "여성",
              "age": "20대"
            },
            "speechAct": "(단언) 주장하기",
            "morpheme": "와/IC+진짜/MAG+그건/NP+JX+어딜/NP+가/JKS+나국/NNG+룰/NNG+인가/VCP+EC+봐/VX+EF+오빠/NNG+소리/NNG+를/JKO+왜/MAG+이렇게/MAG+듣/VV+고/EC+싶/VX+어/EC+해/VV+EC"
          },
          {
            "id": 11,
            "text": "1 : 진짜 자기 자식한테 부끄럽지도 않나?",
            "norm_text": "진짜 자기 자식한테 부끄럽지도 않나?",
            "speaker": {
              "id": "1번",
              "sex": "여성",
              "age": "20대"
            },
            "speechAct": "(단언) 주장하기",
            "morpheme": "진짜/MAG+자기/NP+자식/NNG+한테/JKB+부끄럽/VA+지/EC+도/JX+않/VX+나/EF"
          },
          {
            "id": 12,
            "text": "2 : 그러니까 진짜 그런 말하면 바로 거울 보여주고 싶어",
            "norm_text": "그러니까 진짜 그런 말하면 바로 거울 보여주고 싶어",
            "speaker": {
              "id": "2번",
              "sex": "여성",
              "age": "20대"
            },
            "speechAct": "(단언) 주장하기",
            "morpheme": "그러니까/MAJ+진짜/MAG+그런/MM+말/NNG+하/XSV+면/EC+바로/MAG+거울/NNG+보여/VV+EC+주/VX+고/EC+싶/VX+어/EC"
          },
          {
            "id": 13,
            "text": "1 : 키키 맞아",
            "norm_text": "키키 맞아",
            "speaker": {
              "id": "1번",
              "sex": "여성",
              "age": "20대"
            },
            "speechAct": "턴토크 사인(관습적 반응)",
            "morpheme": "키/NNG+키/XSV+ETN+맞/VV+아/EC"
          },
          {
            "id": 14,
            "text": "1 : 근데 그렇게 하고 자기 와이프랑 같이 술 마시러 오면 완전 젠틀맨인 척 오져!",
            "norm_text": "근데 그렇게 하고 자기 와이프랑 같이 술 마시러 오면 완전 젠틀맨인 척 오져!",
            "speaker": {
              "id": "1번",
              "sex": "여성",
              "age": "20대"
            },
            "speechAct": "(단언) 진술하기",
            "morpheme": "근데/MAJ+그렇게/MAG+하/VV+고/EC+자기/NP+와/JKB+이/MM+프랑/NNG+같이/JKB+술/NNG+마시/VV+러/EC+오/VV+면/EC+완전/NNG+젠틀맨/NNG+인/VCP+ETM+척/NNB+오/VV+져/EC+VX+EF"
          },
          {
            "id": 15,
            "text": "2 : 완전 두 얼굴이네 와이프한테나 잘하지,",
            "norm_text": "완전 두 얼굴이네 와이프한테나 잘하지,",
            "speaker": {
              "id": "2번",
              "sex": "여성",
              "age": "20대"
            },
            "speechAct": "(단언) 주장하기",
            "morpheme": "완전/MAG+두/MM+얼굴/NNG+이/JKS+네/MM+와이프/NNG+한테/JKB+나잘/NNG+하/XSV+지/EC+,/SC"
          },
          {
            "id": 16,
            "text": "1 : 키키 맞아",
            "norm_text": "키키 맞아",
            "speaker": {
              "id": "1번",
              "sex": "여성",
              "age": "20대"
            },
            "speechAct": "턴토크 사인(관습적 반응)",
            "morpheme": "키/NNG+키/XSV+ETN+맞/VV+아/EC"
          },
          {
            "id": 17,
            "text": "1 : 그리고 또 짜증 나는 거 하나 더 있어!",
            "norm_text": "그리고 또 짜증 나는 거 하나 더 있어!",
            "speaker": {
              "id": "1번",
              "sex": "여성",
              "age": "20대"
            },
            "speechAct": "(단언) 진술하기",
            "morpheme": "그리고/MAJ+또/MAG+짜증/NNG+나/VV+는/ETM+거/NNB+하나/NR+더/MAG+있/VA+어/EF"
          },
          {
            "id": 18,
            "text": "2 : 왜 뭐가 짜증 나는 일이 있었어?",
            "norm_text": "왜 뭐가 짜증 나는 일이 있었어?",
            "speaker": {
              "id": "2번",
              "sex": "여성",
              "age": "20대"
            },
            "speechAct": "(지시) 질문하기",
            "morpheme": "왜/MAG+뭐/NP+가/JKS+짜증/NNG+나/NP+는/JX+일/NNG+이/JKS+있/VA+었/EP+어/EF"
          },
          {
            "id": 19,
            "text": "1 : 나한테 담배 심부름 시켜!",
            "norm_text": "나한테 담배 심부름 시켜!",
            "speaker": {
              "id": "1번",
              "sex": "여성",
              "age": "20대"
            },
            "speechAct": "(지시) 충고/제안하기",
            "morpheme": "나/NP+한테/JKB+담배/NNG+심부름/NNG+시켜/XSV+EF"
          },
          {
            "id": 20,
            "text": "2 : 와 그 사람은 진짜 뭐야?",
            "norm_text": "와 그 사람은 진짜 뭐야?",
            "speaker": {
              "id": "2번",
              "sex": "여성",
              "age": "20대"
            },
            "speechAct": "(지시) 질문하기",
            "morpheme": "와/IC+그/MM+사람/NNG+은/JX+진짜/MAG+뭐/NP+야/VCP+EF"
          },
          {
            "id": 21,
            "text": "2 : 담배 필 기운은 있고 사러 갈 기운은 없어?",
            "norm_text": "담배 필 기운은 있고 사러 갈 기운은 없어?",
            "speaker": {
              "id": "2번",
              "sex": "여성",
              "age": "20대"
            },
            "speechAct": "(단언) 주장하기",
            "morpheme": "담배/NNG+필/VV+ETM+기운/NNG+은/JX+있/VA+고/EC+사/VV+러/EC+갈/VX+ETM+기운/NNG+은/JX+없/VA+어/EF"
          }
        ]
      }
    }
  ]
}