{
  "dataset": {
    "identifier": 100134,
    "name": "FACEBOOK_104_01_set",
    "src_path": "/data/file/cubeManager/PROJECT001/77/txt20211028145511011371/FACEBOOK_104_01_set/",
    "label_path": "/data/file/cubeManager/PROJECT001/77/txt20211028145511011371/FACEBOOK_104_01_set/",
    "category": 2,
    "type": 0
  },
  "licenses": {
    "name": "Apache License 1.0",
    "url": "http://www.apache.org/licenses/LICENSE-1.0"
  },
  "info": [
    {
      "id": 100486,
      "filename": "FACEBOOK_104_01.txt",
      "title": "FACEBOOK_104_01",
      "mediatype": "SNS",
      "medianame": "페이스북",
      "category": "일상대화",
      "date": "2021-10-28",
      "size": 433,
      "annotations": {
        "subject": "식음료",
        "speaker_type": "1:1",
        "size": 433,
        "word_size": 139,
        "text": "1 : 너는 해산물이 좋아 육류가 좋아?\n2 : 나는 육류를 더 좋아해!\n1 : 육류 중에서는 어떤 게 제일 좋아?\n2 : 소도 좋은데 돼지가 더 좋아!\n1 : 키키 나는 뭐니뭐니해도 닭이 짱인 듯!\n2 : 닭고기도 맛있지 치킨이 있잔하 하하\n1 : 맞아\n1 : 치킨은 신이 우리한테 준 완벽한 선물인 거 같아!\n2 : 진짜 인정 치킨 왜 이렇게 맛있는거야 ㅠㅠ\n1 : 키키 맞아\n1 : 오늘 저녁은 배부르니까 내일 슈퍼슈프림이나 시켜 먹어야지!\n2 : 난 오늘 닭강정 먹어서 내일은 패스!\n1 : 오 어디 닭강정 먹었어?\n1 : 닭강정은 허갈닭강정인데!\n2 : 난 근처에 시장있어서 시장에서 사왔어!\n1 : 아, 시장 닭강정 진짜 존맛이지!\n1 : 무슨 맛 먹었어?\n2 : 약간 달콤한 맛으로 먹었어!\n1 : 아 달콤한 맛, 나는 닭강정은 매운맛으로 먹음!\n2 : 매운건 먹다가 눈물 콧물 다흘려서 안돼 ㅠ",
        "lines": [
          {
            "id": 1,
            "text": "1 : 너는 해산물이 좋아 육류가 좋아?",
            "norm_text": "너는 해산물이 좋아 육류가 좋아?",
            "speaker": {
              "id": "1번",
              "sex": "여성",
              "age": "20대"
            },
            "speechAct": "(지시) 질문하기",
            "morpheme": "너/NP+는/JX+해산물/NNG+이/JKS+좋/VA+아/EC+육류/NNG+가/JKS+좋/VA+아/EF"
          },
          {
            "id": 2,
            "text": "2 : 나는 육류를 더 좋아해!",
            "norm_text": "나는 육류를 더 좋아해!",
            "speaker": {
              "id": "2번",
              "sex": "여성",
              "age": "20대"
            },
            "speechAct": "(단언) 주장하기",
            "morpheme": "나/NP+는/JX+육류/NNG+를/JKO+더/MAG+좋/VA+아/EC+해/VX+EF"
          },
          {
            "id": 3,
            "text": "1 : 육류 중에서는 어떤 게 제일 좋아?",
            "norm_text": "육류 중에서는 어떤 게 제일 좋아?",
            "speaker": {
              "id": "1번",
              "sex": "여성",
              "age": "20대"
            },
            "speechAct": "(지시) 질문하기",
            "morpheme": "육류/NNG+중/NNB+에서/JKB+는/JX+어떤/MM+게/NNB+JKS+제일/MAG+좋/VA+아/EF"
          },
          {
            "id": 4,
            "text": "2 : 소도 좋은데 돼지가 더 좋아!",
            "norm_text": "소도 좋은데 돼지가 더 좋아!",
            "speaker": {
              "id": "2번",
              "sex": "여성",
              "age": "20대"
            },
            "speechAct": "(단언) 주장하기",
            "morpheme": "소/NNG+도/JX+좋/VA+은데/EC+돼지/NNG+가/JKS+더/MAG+좋/VA+아/EF"
          },
          {
            "id": 5,
            "text": "1 : 키키 나는 뭐니뭐니해도 닭이 짱인 듯!",
            "norm_text": "키키 나는 뭐니뭐니해도 닭이 짱인 듯!",
            "speaker": {
              "id": "1번",
              "sex": "여성",
              "age": "20대"
            },
            "speechAct": "(단언) 주장하기",
            "morpheme": "키/NNG+키나/XSA+ETN+JX+는/JX+뭐니뭐니/MAG+해도/VV+EC+닭/NNG+이/JKS+짱/NNG+인듯/VCP+EF"
          },
          {
            "id": 6,
            "text": "2 : 닭고기도 맛있지 치킨이 있잔하 하하",
            "norm_text": "닭고기도 맛있지 치킨이 있잔하 하하",
            "speaker": {
              "id": "2번",
              "sex": "여성",
              "age": "20대"
            },
            "speechAct": "(단언) 주장하기",
            "morpheme": "닭고기/NNG+도/JX+맛있/VA+지/EC+치킨/NNG+이/JKS+있/VV+잔/EC+JX+하하하/MAG"
          },
          {
            "id": 7,
            "text": "1 : 맞아",
            "norm_text": "맞아",
            "speaker": {
              "id": "1번",
              "sex": "여성",
              "age": "20대"
            },
            "speechAct": "(단언) 주장하기",
            "morpheme": "맞/VV+아/EC"
          },
          {
            "id": 8,
            "text": "1 : 치킨은 신이 우리한테 준 완벽한 선물인 거 같아!",
            "norm_text": "치킨은 신이 우리한테 준 완벽한 선물인 거 같아!",
            "speaker": {
              "id": "1번",
              "sex": "여성",
              "age": "20대"
            },
            "speechAct": "(단언) 주장하기",
            "morpheme": "치킨/NNG+은/JX+신/NNG+이/JKS+우리/NP+한테/JKB+준/XPN+완벽/NNG+한/XSA+ETM+선물/NNG+인/VCP+ETM+거/NNB+같/VA+아/EF"
          },
          {
            "id": 9,
            "text": "2 : 진짜 인정 치킨 왜 이렇게 맛있는거야 ㅠㅠ",
            "norm_text": "진짜 인정 치킨 왜 이렇게 맛있는거야 ㅠㅠ",
            "speaker": {
              "id": "2번",
              "sex": "여성",
              "age": "20대"
            },
            "speechAct": "(단언) 주장하기",
            "morpheme": "진짜/NNG+인/VCP+ETM+정치/NNG+킨/XSV+ETN+JX+왜/MAG+이렇게/MAG+맛있/VA+는/ETM+거/NNB+야/VCP+EF+ㅠㅠ/UNKNOWN"
          },
          {
            "id": 10,
            "text": "1 : 키키 맞아",
            "norm_text": "키키 맞아",
            "speaker": {
              "id": "1번",
              "sex": "여성",
              "age": "20대"
            },
            "speechAct": "(단언) 주장하기",
            "morpheme": "키/NNG+키/XSV+ETN+맞/VV+아/EC"
          },
          {
            "id": 11,
            "text": "1 : 오늘 저녁은 배부르니까 내일 슈퍼슈프림이나 시켜 먹어야지!",
            "norm_text": "오늘 저녁은 배부르니까 내일 슈퍼슈프림이나 시켜 먹어야지!",
            "speaker": {
              "id": "1번",
              "sex": "여성",
              "age": "20대"
            },
            "speechAct": "(단언) 주장하기",
            "morpheme": "오늘/MAG+저녁/NNG+은/JX+배부르/VA+니까/EC+내일/MAG+슈퍼/NNG+슈프림/NNP+이나/JX+시켜/VV+EC+먹/VV+어야지/EF"
          },
          {
            "id": 12,
            "text": "2 : 난 오늘 닭강정 먹어서 내일은 패스!",
            "norm_text": "난 오늘 닭강정 먹어서 내일은 패스!",
            "speaker": {
              "id": "2번",
              "sex": "여성",
              "age": "20대"
            },
            "speechAct": "(단언) 주장하기",
            "morpheme": "난/NP+JX+오늘/MAG+닭강정/NNP+먹/VV+어서/EC+내일/NNG+은/JX+패스/NNG"
          },
          {
            "id": 13,
            "text": "1 : 오 어디 닭강정 먹었어?",
            "norm_text": "오 어디 닭강정 먹었어?",
            "speaker": {
              "id": "1번",
              "sex": "여성",
              "age": "20대"
            },
            "speechAct": "(지시) 질문하기",
            "morpheme": "오/IC+어디/NP+닭강정/NNP+먹/VV+었/EP+어/EF"
          },
          {
            "id": 14,
            "text": "1 : 닭강정은 허갈닭강정인데!",
            "norm_text": "닭강정은 허갈닭강정인데!",
            "speaker": {
              "id": "1번",
              "sex": "여성",
              "age": "20대"
            },
            "speechAct": "(단언) 주장하기",
            "morpheme": "닭강정/NNP+은/JX+허갈/NNG+닭강정/NNP+인데/VCP+EF"
          },
          {
            "id": 15,
            "text": "2 : 난 근처에 시장있어서 시장에서 사왔어!",
            "norm_text": "난 근처에 시장있어서 시장에서 사왔어!",
            "speaker": {
              "id": "2번",
              "sex": "여성",
              "age": "20대"
            },
            "speechAct": "(단언) 진술하기",
            "morpheme": "난/NP+JX+근처/NNG+에/JKB+시장/NNG+있/VV+어서/EC+시장/NNG+에서/JKB+사/VV+EC+왔/VX+EP+어/EF"
          },
          {
            "id": 16,
            "text": "1 : 아, 시장 닭강정 진짜 존맛이지!",
            "norm_text": "아, 시장 닭강정 진짜 존맛이지!",
            "speaker": {
              "id": "1번",
              "sex": "여성",
              "age": "20대"
            },
            "speechAct": "(단언) 주장하기",
            "morpheme": "아/IC+,/SC+시장/NNG+닭강정/NNP+진짜/MAG+존/NNP+맛/NNG+이/VCP+지/EF"
          },
          {
            "id": 17,
            "text": "1 : 무슨 맛 먹었어?",
            "norm_text": "무슨 맛 먹었어?",
            "speaker": {
              "id": "1번",
              "sex": "여성",
              "age": "20대"
            },
            "speechAct": "(지시) 질문하기",
            "morpheme": "무슨/MM+맛/NNG+먹/VV+었/EP+어/EF"
          },
          {
            "id": 18,
            "text": "2 : 약간 달콤한 맛으로 먹었어!",
            "norm_text": "약간 달콤한 맛으로 먹었어!",
            "speaker": {
              "id": "2번",
              "sex": "여성",
              "age": "20대"
            },
            "speechAct": "(단언) 주장하기",
            "morpheme": "약간/MAG+달콤/XR+한/XSA+ETM+맛/NNG+으로/JKB+먹/VV+었/EP+어/EF"
          },
          {
            "id": 19,
            "text": "1 : 아 달콤한 맛, 나는 닭강정은 매운맛으로 먹음!",
            "norm_text": "아 달콤한 맛, 나는 닭강정은 매운맛으로 먹음!",
            "speaker": {
              "id": "1번",
              "sex": "여성",
              "age": "20대"
            },
            "speechAct": "(단언) 주장하기",
            "morpheme": "아/IC+달콤/XR+한/XSA+ETM+맛/NNG+,/SC+나/NP+는/JX+닭강정/NNP+은/JX+매운/VA+ETM+맛/NNG+으로/JKB+먹/VV+음/ETN"
          },
          {
            "id": 20,
            "text": "2 : 매운건 먹다가 눈물 콧물 다흘려서 안돼 ㅠ",
            "norm_text": "매운건 먹다가 눈물 콧물 다흘려서 안돼 ㅠ",
            "speaker": {
              "id": "2번",
              "sex": "여성",
              "age": "20대"
            },
            "speechAct": "(단언) 주장하기",
            "morpheme": "매운/VA+ETM+건/NNB+JX+먹/VV+다가/EC+눈물/NNG+콧물/NNG+다/MAG+흘려서/VV+EC+안/MAG+돼/VV+EF+ㅠ/UNKNOWN"
          }
        ]
      }
    }
  ]
}