{
  "dataset": {
    "identifier": 102983,
    "name": "FACEBOOK_104_05_set",
    "src_path": "/data/file/cubeManager/PROJECT001/77/txt20211028145511014324/FACEBOOK_104_05_set/",
    "label_path": "/data/file/cubeManager/PROJECT001/77/txt20211028145511014324/FACEBOOK_104_05_set/",
    "category": 2,
    "type": 0
  },
  "licenses": {
    "name": "Apache License 1.0",
    "url": "http://www.apache.org/licenses/LICENSE-1.0"
  },
  "info": [
    {
      "id": 100490,
      "filename": "FACEBOOK_104_05.txt",
      "title": "FACEBOOK_104_05",
      "mediatype": "SNS",
      "medianame": "페이스북",
      "category": "일상대화",
      "date": "2021-10-28",
      "size": 578,
      "annotations": {
        "subject": "군대",
        "speaker_type": "1:1",
        "size": 578,
        "word_size": 176,
        "text": "1 : 너 작년부터 이슈였던 트렌스젠더 하사 알아?\n2 : 트렌스젠더 하사?\n2 : 아니 잘 모르겠어 ㅠㅠ\n1 : 이 사람이 남자로 군대에 들어와서 휴가 받고 태국 가서 성전환 수술 받고 왔거든?\n2 : 와 대박이다\n2 : 왜 군인 도중에 수술을 하러 가지?\n1 : 어 자기는 여자가 되고 싶고 여군으로 남고 싶다고 하면서 휴가 받고 수술 받고 왔대!\n2 : 와 그럼 그 사람은 여군으로 인정해줬대?\n1 : 아니 그래서 이걸로 되게 이슈였는데 결국에는 이 사람이 퇴사 조치가 이루어졌어!\n2 : 아 그럼 결국 여군은 못하고 강제 전역 당했네...\n1 : 그렇지 이거 때문에 부당하다고 기자회견을 했었어 그래서 이슈가 됐지!\n2 : 그 성전환 수술 한 사람 대단하다 군대 있기 싫었나 봐\n1 : 키키 아니 여군으로서 근무하고 싶다고 세상이 바뀌었으면 좋겠어서 그렇게 총대 매고 한 거야!\n2 : 와 그걸 자기 성을 바꾸면서 알리려고 한거네 와 대단하다..\n1 : 근데 이 분 결국에 올해 초에 하늘나라 갔어!\n2 : 엥 왜?\n2 : 왜 하늘나라로 갔어?\n1 : 결국에 강제전역 조취가 이루어졌잖아 많이 절망했었대 ㅜ\n2 : 아 설마 극단적으로 그러신건가 보네...ㅠㅠ",
        "lines": [
          {
            "id": 1,
            "text": "1 : 너 작년부터 이슈였던 트렌스젠더 하사 알아?",
            "norm_text": "너 작년부터 이슈였던 트렌스젠더 하사 알아?",
            "speaker": {
              "id": "1번",
              "sex": "여성",
              "age": "20대"
            },
            "speechAct": "(지시) 질문하기",
            "morpheme": "너/NP+작년/NNG+부터/JX+이슈/NNG+였/VCP+EP+던/ETM+트/NNG+렌스/NNP+젠더/NNG+하/XSV+사/EC+알/VV+아/EF"
          },
          {
            "id": 2,
            "text": "2 : 트렌스젠더 하사?",
            "norm_text": "트렌스젠더 하사?",
            "speaker": {
              "id": "2번",
              "sex": "여성",
              "age": "20대"
            },
            "speechAct": "(지시) 질문하기",
            "morpheme": "트렌스젠더하사/UNKNOWN"
          },
          {
            "id": 3,
            "text": "2 : 아니 잘 모르겠어 ㅠㅠ",
            "norm_text": "아니 잘 모르겠어 ㅠㅠ",
            "speaker": {
              "id": "2번",
              "sex": "여성",
              "age": "20대"
            },
            "speechAct": "(단언) 주장하기",
            "morpheme": "아니/IC+잘/MAG+모르/VV+겠/EP+어/EF+ㅠㅠ/UNKNOWN"
          },
          {
            "id": 4,
            "text": "1 : 이 사람이 남자로 군대에 들어와서 휴가 받고 태국 가서 성전환 수술 받고 왔거든?",
            "norm_text": "이 사람이 남자로 군대에 들어와서 휴가 받고 태국 가서 성전환 수술 받고 왔거든?",
            "speaker": {
              "id": "1번",
              "sex": "여성",
              "age": "20대"
            },
            "speechAct": "(단언) 진술하기",
            "morpheme": "이/MM+사람/NNG+이/JKS+남자/NNG+로/JKB+군대/NNG+에/JKB+들어와서/VV+EC+휴가/NNG+받/VV+고/EC+태국/NNP+가/VV+서/EC+성전환/NNG+수술/NNG+받/VV+고/EC+왔/VX+EP+거든/EF"
          },
          {
            "id": 5,
            "text": "2 : 와 대박이다",
            "norm_text": "와 대박이다",
            "speaker": {
              "id": "2번",
              "sex": "여성",
              "age": "20대"
            },
            "speechAct": "(단언) 주장하기",
            "morpheme": "와/IC+대박/NNG+이/VCP+다/EC"
          },
          {
            "id": 6,
            "text": "2 : 왜 군인 도중에 수술을 하러 가지?",
            "norm_text": "왜 군인 도중에 수술을 하러 가지?",
            "speaker": {
              "id": "2번",
              "sex": "여성",
              "age": "20대"
            },
            "speechAct": "(지시) 질문하기",
            "morpheme": "왜/MAG+군인/NNG+도중/NNG+에/JKB+수술/NNG+을/JKO+하/VV+러/EC+가/VX+지/EF"
          },
          {
            "id": 7,
            "text": "1 : 어 자기는 여자가 되고 싶고 여군으로 남고 싶다고 하면서 휴가 받고 수술 받고 왔대!",
            "norm_text": "어 자기는 여자가 되고 싶고 여군으로 남고 싶다고 하면서 휴가 받고 수술 받고 왔대!",
            "speaker": {
              "id": "1번",
              "sex": "여성",
              "age": "20대"
            },
            "speechAct": "(단언) 진술하기",
            "morpheme": "어/IC+자기/NP+는/JX+여자/NNG+가/JKS+되/VV+고/EC+싶/VX+고/EC+여군/NNG+으로/JKB+남/VV+고/EC+싶/VX+다고/EC+하/VV+면서/EC+휴가/NNG+받/VV+고/EC+수술/NNG+받/VV+고/EC+왔/VX+EP+대/EF"
          },
          {
            "id": 8,
            "text": "2 : 와 그럼 그 사람은 여군으로 인정해줬대?",
            "norm_text": "와 그럼 그 사람은 여군으로 인정해줬대?",
            "speaker": {
              "id": "2번",
              "sex": "여성",
              "age": "20대"
            },
            "speechAct": "(지시) 질문하기",
            "morpheme": "와/IC+그럼/MAJ+그/MM+사람/NNG+은/JX+여군/NNG+으로/JKB+인정/NNG+해/XSV+EC+줬/VX+EP+대/EF"
          },
          {
            "id": 9,
            "text": "1 : 아니 그래서 이걸로 되게 이슈였는데 결국에는 이 사람이 퇴사 조치가 이루어졌어!",
            "norm_text": "아니 그래서 이걸로 되게 이슈였는데 결국에는 이 사람이 퇴사 조치가 이루어졌어!",
            "speaker": {
              "id": "1번",
              "sex": "여성",
              "age": "20대"
            },
            "speechAct": "(단언) 진술하기",
            "morpheme": "아니/IC+그래서/MAJ+이걸로/NP+JKB+되게/MAG+이슈/NNG+였/VCP+EP+는데/EC+결국/NNG+에/JKB+는/JX+이/MM+사람/NNG+이/JKS+퇴사/NNG+조치/NNG+가/JKS+이루/VV+어/EC+졌/VX+EP+어/EF"
          },
          {
            "id": 10,
            "text": "2 : 아 그럼 결국 여군은 못하고 강제 전역 당했네...",
            "norm_text": "아 그럼 결국 여군은 못하고 강제 전역 당했네...",
            "speaker": {
              "id": "2번",
              "sex": "여성",
              "age": "20대"
            },
            "speechAct": "(단언) 주장하기",
            "morpheme": "아/IC+그럼/MAJ+결국/NNG+여군/NNG+은/JX+못/MAG+하/VV+고/EC+강제/NNG+전역/NNG+당했/XSV+EP+네/EF+./SY"
          },
          {
            "id": 11,
            "text": "1 : 그렇지 이거 때문에 부당하다고 기자회견을 했었어 그래서 이슈가 됐지!",
            "norm_text": "그렇지 이거 때문에 부당하다고 기자회견을 했었어 그래서 이슈가 됐지!",
            "speaker": {
              "id": "1번",
              "sex": "여성",
              "age": "20대"
            },
            "speechAct": "(단언) 진술하기",
            "morpheme": "그렇/VA+지/EF+이거/NP+때문/NNB+에/JKB+부당/NNG+하/XSV+다고/EC+기자/NNG+회견/NNG+을/JKO+했었/VV+EP+어/EF+그래서/MAJ+이슈/NNG+가/JKS+됐/VV+EP+지/EF"
          },
          {
            "id": 12,
            "text": "2 : 그 성전환 수술 한 사람 대단하다 군대 있기 싫었나 봐",
            "norm_text": "그 성전환 수술 한 사람 대단하다 군대 있기 싫었나 봐",
            "speaker": {
              "id": "2번",
              "sex": "여성",
              "age": "20대"
            },
            "speechAct": "(단언) 주장하기",
            "morpheme": "그/MM+성전환/NNG+수술/NNG+한/XSA+ETM+사람/NNG+대단/XR+하/XSA+다군/EC+대/VX+EC+있/VX+기/ETN+싫/VA+었/EP+나/EC+봐/VX+EC"
          },
          {
            "id": 13,
            "text": "1 : 키키 아니 여군으로서 근무하고 싶다고 세상이 바뀌었으면 좋겠어서 그렇게 총대 매고 한 거야!",
            "norm_text": "키키 아니 여군으로서 근무하고 싶다고 세상이 바뀌었으면 좋겠어서 그렇게 총대 매고 한 거야!",
            "speaker": {
              "id": "1번",
              "sex": "여성",
              "age": "20대"
            },
            "speechAct": "(단언) 진술하기",
            "morpheme": "키/NNG+키/XSV+ETN+아니/VCN+여/EC+군/NNG+으로서/JKB+근무/NNG+하/XSV+고/EC+싶/VX+다고/EC+세상/NNG+이/JKS+바뀌/VV+었/EP+으면/EC+좋/VA+겠/EP+어서/EC+그렇게/MAG+총대/NNG+매고/NNG+한/XSA+ETM+거/NNB+야/VCP+EF"
          },
          {
            "id": 14,
            "text": "2 : 와 그걸 자기 성을 바꾸면서 알리려고 한거네 와 대단하다..",
            "norm_text": "와 그걸 자기 성을 바꾸면서 알리려고 한거네 와 대단하다..",
            "speaker": {
              "id": "2번",
              "sex": "여성",
              "age": "20대"
            },
            "speechAct": "(단언) 주장하기",
            "morpheme": "와/IC+그걸/NP+JKO+자기/NP+성/XSN+을/JKO+바꾸/VV+면서/EC+알리/VV+려고/EC+한/VX+ETM+거/NNB+네/NP+와/JKB+대단/XR+하/XSA+다/EC+./SY"
          },
          {
            "id": 15,
            "text": "1 : 근데 이 분 결국에 올해 초에 하늘나라 갔어!",
            "norm_text": "근데 이 분 결국에 올해 초에 하늘나라 갔어!",
            "speaker": {
              "id": "1번",
              "sex": "여성",
              "age": "20대"
            },
            "speechAct": "(단언) 진술하기",
            "morpheme": "근데/MAJ+이/NR+분/NNBC+결국/NNG+에/JKB+올해/NNG+초/NNB+에/JKB+하늘/NNG+나라/NNG+갔/VV+EP+어/EF"
          },
          {
            "id": 16,
            "text": "2 : 엥 왜?",
            "norm_text": "엥 왜?",
            "speaker": {
              "id": "2번",
              "sex": "여성",
              "age": "20대"
            },
            "speechAct": "(지시) 질문하기",
            "morpheme": "엥/IC+왜/MAG"
          },
          {
            "id": 17,
            "text": "2 : 왜 하늘나라로 갔어?",
            "norm_text": "왜 하늘나라로 갔어?",
            "speaker": {
              "id": "2번",
              "sex": "여성",
              "age": "20대"
            },
            "speechAct": "(지시) 질문하기",
            "morpheme": "왜/MAG+하늘/NNG+나라/NNG+로/JKB+갔/VV+EP+어/EF"
          },
          {
            "id": 18,
            "text": "1 : 결국에 강제전역 조취가 이루어졌잖아 많이 절망했었대 ㅜ",
            "norm_text": "결국에 강제전역 조취가 이루어졌잖아 많이 절망했었대 ㅜ",
            "speaker": {
              "id": "1번",
              "sex": "여성",
              "age": "20대"
            },
            "speechAct": "(단언) 진술하기",
            "morpheme": "결국/NNG+에/JKB+강제/NNG+전역/NNG+조취/NNG+가/JKS+이루/VV+어/EC+졌/VX+EP+잖아/EF+많이/MAG+절망/NNG+했었/XSV+EP+대ㅜ/UNKNOWN"
          },
          {
            "id": 19,
            "text": "2 : 아 설마 극단적으로 그러신건가 보네...ㅠㅠ",
            "norm_text": "아 설마 극단적으로 그러신건가 보네...ㅠㅠ",
            "speaker": {
              "id": "2번",
              "sex": "여성",
              "age": "20대"
            },
            "speechAct": "(단언) 주장하기",
            "morpheme": "아/IC+설마/MAG+극단/NNG+적/XSN+으로/JKB+그러/VV+신/EP+ETM+건가/NNB+VCP+EC+보/VX+네/EF+./SY+ㅠㅠ/UNKNOWN"
          }
        ]
      }
    }
  ]
}