{
  "dataset": {
    "identifier": 116745,
    "name": "FACEBOOK_119_14_set",
    "src_path": "/data/file/cubeManager/PROJECT001/80/txt20211102103850083241/FACEBOOK_119_14_set/",
    "label_path": "/data/file/cubeManager/PROJECT001/80/txt20211102103850083241/FACEBOOK_119_14_set/",
    "category": 2,
    "type": 0
  },
  "licenses": {
    "name": "Apache License 1.0",
    "url": "http://www.apache.org/licenses/LICENSE-1.0"
  },
  "info": [
    {
      "id": 129777,
      "filename": "FACEBOOK_119_14.txt",
      "title": "FACEBOOK_119_14",
      "mediatype": "SNS",
      "medianame": "페이스북",
      "category": "일상대화",
      "date": "2021-11-02",
      "size": 534,
      "annotations": {
        "subject": "사회이슈",
        "speaker_type": "1:1",
        "size": 534,
        "word_size": 170,
        "text": "1 : 요즘에 층간 소음이 되게 문제잖아!\n2 : 아 맞아 그건 항상 이슈 되더라 키키\n1 : 근데 이번에 되게 훈훈한 기사가 떴더라고!\n2 : 오 층간 소음인데 훈훈한 기사가 떠?\n1 : 응 글쓴이가 애기 엄마인데 자기 애가 너무 쿵쿵거려서 밑에 집에 사과를 하러 갔대!\n2 : 아 밑에 집 사람은 아무 말도 안 했는데?\n1 : 어 맞아 애기가 너무 활발해서 자기가 주의를 줘도 계소 뛰었대 ㅜ\n2 : 와 그래도 먼저 찾아가서 사과하는 거 멋있다\n1 : 그니까 밑에 집에 심지어 할아버지가 살고 계셨대!\n2 : 그래서 그 할아버지는 뭐라고 하셨어?\n1 : 근데 찾아갔는데 안 계셔서 문 앞에 먹을 거랑 편지를 놓고 갔대 미안하다고!\n2 : 아 우리집도 전에 위에서 명절에 미안하다고 선물 준 적 있어\n1 : 그렇구나 ㅜㅜ\n1 : 근데 이 할아버지가 이 애 엄마한테 되려 편지랑 선물을 놓고 갔대!\n2 : 아 할아버지도 그럼 답례를 한 거구나\n1 : 응 맞아! 할아버지는 애기가 뛸 수도 있지 자기는 신경 쓰지 말라고 편지를 쓰고 갔대!\n2 : 역시 어른이라 이해를 잘 해주는구나 굳",
        "lines": [
          {
            "id": 1,
            "text": "1 : 요즘에 층간 소음이 되게 문제잖아!",
            "norm_text": "요즘에 층간 소음이 되게 문제잖아!",
            "speaker": {
              "id": "1번",
              "sex": "여성",
              "age": "20대"
            },
            "speechAct": "(단언) 진술하기",
            "morpheme": "요즘/NNG+에/JKB+층간/NNG+소음/NNG+이/JKS+되게/MAG+문제/NNG+잖아/VCP+EC+VX+EF"
          },
          {
            "id": 2,
            "text": "2 : 아 맞아 그건 항상 이슈 되더라 키키",
            "norm_text": "아 맞아 그건 항상 이슈 되더라 키키",
            "speaker": {
              "id": "2번",
              "sex": "여성",
              "age": "20대"
            },
            "speechAct": "(단언) 주장하기",
            "morpheme": "아/IC+맞아/IC+그건/NP+JX+항상/MAG+이슈/NNG+되/XSV+더라/EC+키/NNG+키/XSV+ETN"
          },
          {
            "id": 3,
            "text": "1 : 근데 이번에 되게 훈훈한 기사가 떴더라고!",
            "norm_text": "근데 이번에 되게 훈훈한 기사가 떴더라고!",
            "speaker": {
              "id": "1번",
              "sex": "여성",
              "age": "20대"
            },
            "speechAct": "(단언) 진술하기",
            "morpheme": "근데/MAJ+이번/NNG+에/JKB+되게/MAG+훈훈/XR+한/XSA+ETM+기사/NNG+가/JKS+떴/VV+EP+더라고/EF"
          },
          {
            "id": 4,
            "text": "2 : 오 층간 소음인데 훈훈한 기사가 떠?",
            "norm_text": "오 층간 소음인데 훈훈한 기사가 떠?",
            "speaker": {
              "id": "2번",
              "sex": "여성",
              "age": "20대"
            },
            "speechAct": "(지시) 질문하기",
            "morpheme": "오/NR+층간/NNG+소음/NNG+인데/VCP+EC+훈훈/XR+한/XSA+ETM+기사/NNG+가/JKS+떠/VV+EF"
          },
          {
            "id": 5,
            "text": "1 : 응 글쓴이가 애기 엄마인데 자기 애가 너무 쿵쿵거려서 밑에 집에 사과를 하러 갔대!",
            "norm_text": "응 글쓴이가 애기 엄마인데 자기 애가 너무 쿵쿵거려서 밑에 집에 사과를 하러 갔대!",
            "speaker": {
              "id": "1번",
              "sex": "여성",
              "age": "20대"
            },
            "speechAct": "(단언) 진술하기",
            "morpheme": "응/IC+글쓴이/NNG+가/JKS+애기/NNG+엄마/NNG+인데/VCP+EC+자기/NP+애/NNG+가/JKS+너무/MAG+쿵쿵/MAG+거려서/XSV+EC+밑/NNG+에/JKB+집/NNG+에/JKB+사과/NNG+를/JKO+하/VV+러/EC+갔/VV+EP+대/EF"
          },
          {
            "id": 6,
            "text": "2 : 아 밑에 집 사람은 아무 말도 안 했는데?",
            "norm_text": "아 밑에 집 사람은 아무 말도 안 했는데?",
            "speaker": {
              "id": "2번",
              "sex": "여성",
              "age": "20대"
            },
            "speechAct": "(지시) 질문하기",
            "morpheme": "아/IC+밑/NNG+에/JKB+집사람/NNG+은/JX+아무/MM+말/NNG+도/JX+안/MAG+했/VV+EP+는데/EF"
          },
          {
            "id": 7,
            "text": "1 : 어 맞아 애기가 너무 활발해서 자기가 주의를 줘도 계소 뛰었대 ㅜ",
            "norm_text": "어 맞아 애기가 너무 활발해서 자기가 주의를 줘도 계소 뛰었대 ㅜ",
            "speaker": {
              "id": "1번",
              "sex": "여성",
              "age": "20대"
            },
            "speechAct": "(단언) 진술하기",
            "morpheme": "어/IC+맞/VV+아/EC+애기/NNG+가/JKS+너무/MAG+활발/XR+해서/XSA+EC+자기/NP+가/JKS+주의/NNG+를/JKO+줘도/VV+EC+계소/NNG+뛰/VV+었/EP+대ㅜ/UNKNOWN"
          },
          {
            "id": 8,
            "text": "2 : 와 그래도 먼저 찾아가서 사과하는 거 멋있다",
            "norm_text": "와 그래도 먼저 찾아가서 사과하는 거 멋있다",
            "speaker": {
              "id": "2번",
              "sex": "여성",
              "age": "20대"
            },
            "speechAct": "(단언) 주장하기",
            "morpheme": "와/IC+그래도/MAJ+먼저/MAG+찾아가/VV+서/EC+사과/NNG+하/XSV+는/ETM+거/NNB+멋있/VA+다/EC"
          },
          {
            "id": 9,
            "text": "1 : 그니까 밑에 집에 심지어 할아버지가 살고 계셨대!",
            "norm_text": "그니까 밑에 집에 심지어 할아버지가 살고 계셨대!",
            "speaker": {
              "id": "1번",
              "sex": "여성",
              "age": "20대"
            },
            "speechAct": "(단언) 진술하기",
            "morpheme": "그니까/MAJ+밑/NNG+에/JKB+집/NNG+에/JKB+심지어/MAG+할아버지/NNG+가/JKS+살/VV+고/EC+계셨/VX+EP+대/EF"
          },
          {
            "id": 10,
            "text": "2 : 그래서 그 할아버지는 뭐라고 하셨어?",
            "norm_text": "그래서 그 할아버지는 뭐라고 하셨어?",
            "speaker": {
              "id": "2번",
              "sex": "여성",
              "age": "20대"
            },
            "speechAct": "(지시) 질문하기",
            "morpheme": "그래서/MAJ+그/MM+할아버지/NNG+는/JX+뭐/NP+라고/VCP+EC+하/VX+셨/EP+EP+어/EF"
          },
          {
            "id": 11,
            "text": "1 : 근데 찾아갔는데 안 계셔서 문 앞에 먹을 거랑 편지를 놓고 갔대 미안하다고!",
            "norm_text": "근데 찾아갔는데 안 계셔서 문 앞에 먹을 거랑 편지를 놓고 갔대 미안하다고!",
            "speaker": {
              "id": "1번",
              "sex": "여성",
              "age": "20대"
            },
            "speechAct": "(단언) 진술하기",
            "morpheme": "근데/MAJ+찾아갔/VV+EP+는데/EC+안/MAG+계셔서/VV+EC+문/VV+ETM+앞/NNG+에/JKB+먹/VV+을/ETM+거/NNB+랑/JC+편지/NNG+를/JKO+놓/VV+고/EC+갔/VV+EP+대/XPN+미안/NNG+하/XSV+다고/EC"
          },
          {
            "id": 12,
            "text": "2 : 아 우리집도 전에 위에서 명절에 미안하다고 선물 준 적 있어",
            "norm_text": "아 우리집도 전에 위에서 명절에 미안하다고 선물 준 적 있어",
            "speaker": {
              "id": "2번",
              "sex": "여성",
              "age": "20대"
            },
            "speechAct": "(단언) 진술하기",
            "morpheme": "아/IC+우리/NP+집/NNG+도전/NNG+에/JKB+위/NNG+에서/JKB+명절/NNG+에/JKB+미안/NNG+하/XSV+다고/EC+선물/NNG+준/VV+ETM+적/NNB+있/VA+어/EC"
          },
          {
            "id": 13,
            "text": "1 : 그렇구나 ㅜㅜ",
            "norm_text": "그렇구나 ㅜㅜ",
            "speaker": {
              "id": "1번",
              "sex": "여성",
              "age": "20대"
            },
            "speechAct": "(단언) 주장하기",
            "morpheme": "그렇구나ㅜㅜ/UNKNOWN"
          },
          {
            "id": 14,
            "text": "1 : 근데 이 할아버지가 이 애 엄마한테 되려 편지랑 선물을 놓고 갔대!",
            "norm_text": "근데 이 할아버지가 이 애 엄마한테 되려 편지랑 선물을 놓고 갔대!",
            "speaker": {
              "id": "1번",
              "sex": "여성",
              "age": "20대"
            },
            "speechAct": "(단언) 진술하기",
            "morpheme": "근데/MAJ+이/MM+할아버지/NNG+가/JKS+이/MM+애/NNG+엄마/NNG+한테/JKB+되려/MAG+편지/NNG+랑/JKB+선물/NNG+을/JKO+놓/VV+고/EC+갔/VV+EP+대/EF"
          },
          {
            "id": 15,
            "text": "2 : 아 할아버지도 그럼 답례를 한 거구나",
            "norm_text": "아 할아버지도 그럼 답례를 한 거구나",
            "speaker": {
              "id": "2번",
              "sex": "여성",
              "age": "20대"
            },
            "speechAct": "(단언) 주장하기",
            "morpheme": "아/IC+할아버지/NNG+도/JX+그럼/MAJ+답례/NNG+를/JKO+한/VV+ETM+거/NNB+구나/VCP+EC"
          },
          {
            "id": 16,
            "text": "1 : 응 맞아! 할아버지는 애기가 뛸 수도 있지 자기는 신경 쓰지 말라고 편지를 쓰고 갔대!",
            "norm_text": "응 맞아! 할아버지는 애기가 뛸 수도 있지 자기는 신경 쓰지 말라고 편지를 쓰고 갔대!",
            "speaker": {
              "id": "1번",
              "sex": "여성",
              "age": "20대"
            },
            "speechAct": "(단언) 진술하기",
            "morpheme": "응/IC+맞/VV+아/EF+할아버지/NNG+는/JX+애기/NNG+가/JKS+뛸/VV+ETM+수/NNB+도/JX+있/VA+지/EF+자기/NP+는/JX+신경/NNG+쓰/VV+지/EC+말/VX+라고/EC+편지/NNG+를/JKO+쓰/VV+고/EC+갔/VV+EP+대/EF"
          },
          {
            "id": 17,
            "text": "2 : 역시 어른이라 이해를 잘 해주는구나 굳",
            "norm_text": "역시 어른이라 이해를 잘 해주는구나 굳",
            "speaker": {
              "id": "2번",
              "sex": "여성",
              "age": "20대"
            },
            "speechAct": "(단언) 주장하기",
            "morpheme": "역시/MAJ+어른/NNG+이/VCP+라/EC+이해/NNG+를/JKO+잘/MAG+해/VV+EC+주/VX+는구나/EF+굳/NNG"
          }
        ]
      }
    }
  ]
}