{
  "dataset": {
    "identifier": 103442,
    "name": "FACEBOOK_101_03_set",
    "src_path": "/data/file/cubeManager/PROJECT001/77/txt20211027152210041873/FACEBOOK_101_03_set/",
    "label_path": "/data/file/cubeManager/PROJECT001/77/txt20211027152210041873/FACEBOOK_101_03_set/",
    "category": 2,
    "type": 0
  },
  "licenses": {
    "name": "Apache License 1.0",
    "url": "http://www.apache.org/licenses/LICENSE-1.0"
  },
  "info": [
    {
      "id": 99344,
      "filename": "FACEBOOK_101_03.txt",
      "title": "FACEBOOK_101_03",
      "mediatype": "SNS",
      "medianame": "페이스북",
      "category": "일상대화",
      "date": "2021-10-27",
      "size": 434,
      "annotations": {
        "subject": "교통",
        "speaker_type": "1:1",
        "size": 434,
        "word_size": 165,
        "text": "1 : 언니는 차 멀미 안 해?\n2 : 나 멀미는 없더라\n2 : 너 있어?\n1 : 나 진짜 장난 아니야\n1 : 우엑,\n2 : 그거 약 먹어도 소용없다며\n2 : 힘들지\n1 : 아니야\n1 : 나는 5천 원 짜리 약 먹어!\n2 : 그거 먹으면 멀쩡함?\n2 : 괜찮아?\n1 : 키키 어 근데 좀 졸리더라!\n2 : 자는 게 낫지 토하는 거 보다\n1 : 키키 맞아\n1 : 창문쪽 아니면 나 버스 아예 못 타!\n2 : 와 그럼 본집 갈 때 뭐 타?\n1 : 나 그 약 먹고 버스 타지!\n1 : 근데 그 약이 없으면 죽어,\n2 : 키키 멀미도 스트레스 많이 받는다던데\n1 : 키키 맞아\n1 : 나 그래서 우리집 기사야\n1 : 운전하면 멀미 안 하잖아!\n2 : 키키 우와\n2 : 운전하면 멀미 안 해?\n1 : 허 그거 몰랐어!?\n1 : 그래서 멀미하는 사람들이 운전하잖아!\n2 : 대박 키키\n2 : 첨 들음\n2 : 신기해\n2 : 담에 너가 운전해",
        "lines": [
          {
            "id": 1,
            "text": "1 : 언니는 차 멀미 안 해?",
            "norm_text": "언니는 차 멀미 안 해?",
            "speaker": {
              "id": "1번",
              "sex": "여성",
              "age": "20대"
            },
            "speechAct": "(지시) 질문하기",
            "morpheme": "언니/NNG+는/JX+차멀미/NNG+안/MAG+해/VV+EF"
          },
          {
            "id": 2,
            "text": "2 : 나 멀미는 없더라",
            "norm_text": "나 멀미는 없더라",
            "speaker": {
              "id": "2번",
              "sex": "여성",
              "age": "20대"
            },
            "speechAct": "(단언) 주장하기",
            "morpheme": "나/NP+멀미/NNG+는/JX+없/VA+더라/EC"
          },
          {
            "id": 3,
            "text": "2 : 너 있어?",
            "norm_text": "너 있어?",
            "speaker": {
              "id": "2번",
              "sex": "여성",
              "age": "20대"
            },
            "speechAct": "(지시) 질문하기",
            "morpheme": "너/NP+있/VA+어/EF"
          },
          {
            "id": 4,
            "text": "1 : 나 진짜 장난 아니야",
            "norm_text": "나 진짜 장난 아니야",
            "speaker": {
              "id": "1번",
              "sex": "여성",
              "age": "20대"
            },
            "speechAct": "(단언) 주장하기",
            "morpheme": "나/NP+진짜/MAG+장난/NNG+아니/VCN+야/EC"
          },
          {
            "id": 5,
            "text": "1 : 우엑,",
            "norm_text": "우엑,",
            "speaker": {
              "id": "1번",
              "sex": "여성",
              "age": "20대"
            },
            "speechAct": "(단언) 주장하기",
            "morpheme": "우/IC+엑/IC+,/SC"
          },
          {
            "id": 6,
            "text": "2 : 그거 약 먹어도 소용없다며",
            "norm_text": "그거 약 먹어도 소용없다며",
            "speaker": {
              "id": "2번",
              "sex": "여성",
              "age": "20대"
            },
            "speechAct": "(단언) 주장하기",
            "morpheme": "그/MM+거약/NNG+먹/VV+어도/EC+소용없/VA+다며/EC"
          },
          {
            "id": 7,
            "text": "2 : 힘들지",
            "norm_text": "힘들지",
            "speaker": {
              "id": "2번",
              "sex": "여성",
              "age": "20대"
            },
            "speechAct": "(지시) 질문하기",
            "morpheme": "힘들/VA+지/EC"
          },
          {
            "id": 8,
            "text": "1 : 아니야",
            "norm_text": "아니야",
            "speaker": {
              "id": "1번",
              "sex": "여성",
              "age": "20대"
            },
            "speechAct": "(단언) 주장하기",
            "morpheme": "아니/VCN+야/EC"
          },
          {
            "id": 9,
            "text": "1 : 나는 5천 원 짜리 약 먹어!",
            "norm_text": "나는 5천 원 짜리 약 먹어!",
            "speaker": {
              "id": "1번",
              "sex": "여성",
              "age": "20대"
            },
            "speechAct": "(단언) 진술하기",
            "morpheme": "나/NP+는/JX+5/SN+천/NR+원/NNBC+짜리/XSN+약/MM+먹/VV+어/EF"
          },
          {
            "id": 10,
            "text": "2 : 그거 먹으면 멀쩡함?",
            "norm_text": "그거 먹으면 멀쩡함?",
            "speaker": {
              "id": "2번",
              "sex": "여성",
              "age": "20대"
            },
            "speechAct": "(지시) 질문하기",
            "morpheme": "그거/NP+먹/VV+으면/EC+멀쩡/XR+함/XSA+ETN"
          },
          {
            "id": 11,
            "text": "2 : 괜찮아?",
            "norm_text": "괜찮아?",
            "speaker": {
              "id": "2번",
              "sex": "여성",
              "age": "20대"
            },
            "speechAct": "(지시) 질문하기",
            "morpheme": "괜찮/VA+아/EF"
          },
          {
            "id": 12,
            "text": "1 : 키키 어 근데 좀 졸리더라!",
            "norm_text": "키키 어 근데 좀 졸리더라!",
            "speaker": {
              "id": "1번",
              "sex": "여성",
              "age": "20대"
            },
            "speechAct": "(단언) 주장하기",
            "morpheme": "키/NNG+키어/NNG+근데/MAJ+좀/MAG+졸리/VA+더라/EF"
          },
          {
            "id": 13,
            "text": "2 : 자는 게 낫지 토하는 거 보다",
            "norm_text": "자는 게 낫지 토하는 거 보다",
            "speaker": {
              "id": "2번",
              "sex": "여성",
              "age": "20대"
            },
            "speechAct": "(단언) 주장하기",
            "morpheme": "자/VV+는/ETM+게/NNB+JKS+낫/VA+지/EC+토하/VV+는/ETM+거/NNB+보다/JKB"
          },
          {
            "id": 14,
            "text": "1 : 키키 맞아",
            "norm_text": "키키 맞아",
            "speaker": {
              "id": "1번",
              "sex": "여성",
              "age": "20대"
            },
            "speechAct": "(단언) 주장하기",
            "morpheme": "키/NNG+키/XSV+ETN+맞/VV+아/EC"
          },
          {
            "id": 15,
            "text": "1 : 창문쪽 아니면 나 버스 아예 못 타!",
            "norm_text": "창문쪽 아니면 나 버스 아예 못 타!",
            "speaker": {
              "id": "1번",
              "sex": "여성",
              "age": "20대"
            },
            "speechAct": "(단언) 주장하기",
            "morpheme": "창문/NNG+쪽/NNB+아니/VCN+면/EC+나/NP+버스/NNG+아예/MAG+못/MAG+타/VV+EF"
          },
          {
            "id": 16,
            "text": "2 : 와 그럼 본집 갈 때 뭐 타?",
            "norm_text": "와 그럼 본집 갈 때 뭐 타?",
            "speaker": {
              "id": "2번",
              "sex": "여성",
              "age": "20대"
            },
            "speechAct": "(지시) 질문하기",
            "morpheme": "와/IC+그럼/MAJ+본집/NNG+갈/VV+ETM+때/NNG+뭐/IC+타/VV+EF"
          },
          {
            "id": 17,
            "text": "1 : 나 그 약 먹고 버스 타지!",
            "norm_text": "나 그 약 먹고 버스 타지!",
            "speaker": {
              "id": "1번",
              "sex": "여성",
              "age": "20대"
            },
            "speechAct": "(단언) 진술하기",
            "morpheme": "나/NP+그/MM+약/NNG+먹/VV+고/EC+버스/NNG+타/VV+지/EF"
          },
          {
            "id": 18,
            "text": "1 : 근데 그 약이 없으면 죽어,",
            "norm_text": "근데 그 약이 없으면 죽어,",
            "speaker": {
              "id": "1번",
              "sex": "여성",
              "age": "20대"
            },
            "speechAct": "(단언) 주장하기",
            "morpheme": "근데/MAJ+그/MM+약/NNG+이/JKS+없/VA+으면/EC+죽/VV+어/EF+,/SC"
          },
          {
            "id": 19,
            "text": "2 : 키키 멀미도 스트레스 많이 받는다던데",
            "norm_text": "키키 멀미도 스트레스 많이 받는다던데",
            "speaker": {
              "id": "2번",
              "sex": "여성",
              "age": "20대"
            },
            "speechAct": "(단언) 진술하기",
            "morpheme": "키/NNG+키/NNG+멀미/NNG+도/JX+스트레스/NNG+많이/MAG+받/VV+는다던데/EC"
          },
          {
            "id": 20,
            "text": "1 : 키키 맞아",
            "norm_text": "키키 맞아",
            "speaker": {
              "id": "1번",
              "sex": "여성",
              "age": "20대"
            },
            "speechAct": "(단언) 주장하기",
            "morpheme": "키/NNG+키/XSV+ETN+맞/VV+아/EC"
          },
          {
            "id": 21,
            "text": "1 : 나 그래서 우리집 기사야",
            "norm_text": "나 그래서 우리집 기사야",
            "speaker": {
              "id": "1번",
              "sex": "여성",
              "age": "20대"
            },
            "speechAct": "(단언) 주장하기",
            "morpheme": "나/NP+그래서/MAJ+우리/NP+집/VV+기/ETN+사/VV+야/EC"
          },
          {
            "id": 22,
            "text": "1 : 운전하면 멀미 안 하잖아!",
            "norm_text": "운전하면 멀미 안 하잖아!",
            "speaker": {
              "id": "1번",
              "sex": "여성",
              "age": "20대"
            },
            "speechAct": "(단언) 주장하기",
            "morpheme": "운전/NNG+하/XSV+면/EC+멀/VA+ETM+미안/NNG+하/XSV+잖아/EC+VX+EF"
          },
          {
            "id": 23,
            "text": "2 : 키키 우와",
            "norm_text": "키키 우와",
            "speaker": {
              "id": "2번",
              "sex": "여성",
              "age": "20대"
            },
            "speechAct": "(단언) 주장하기",
            "morpheme": "키/NNG+키/NNG+우와/NNG"
          },
          {
            "id": 24,
            "text": "2 : 운전하면 멀미 안 해?",
            "norm_text": "운전하면 멀미 안 해?",
            "speaker": {
              "id": "2번",
              "sex": "여성",
              "age": "20대"
            },
            "speechAct": "(지시) 질문하기",
            "morpheme": "운전/NNG+하/XSV+면/EC+멀미/NNG+안/MAG+해/VV+EF"
          },
          {
            "id": 25,
            "text": "1 : 허 그거 몰랐어!?",
            "norm_text": "허 그거 몰랐어!?",
            "speaker": {
              "id": "1번",
              "sex": "여성",
              "age": "20대"
            },
            "speechAct": "(지시) 질문하기",
            "morpheme": "허/IC+그거/NP+몰랐/VV+EP+어/EC+!/SY"
          },
          {
            "id": 26,
            "text": "1 : 그래서 멀미하는 사람들이 운전하잖아!",
            "norm_text": "그래서 멀미하는 사람들이 운전하잖아!",
            "speaker": {
              "id": "1번",
              "sex": "여성",
              "age": "20대"
            },
            "speechAct": "(단언) 주장하기",
            "morpheme": "그래서/MAJ+멀미/NNG+하/XSV+는/ETM+사람/NNG+들/XSN+이/JKS+운전/NNG+하/XSV+잖아/EC+VX+EF"
          },
          {
            "id": 27,
            "text": "2 : 대박 키키",
            "norm_text": "대박 키키",
            "speaker": {
              "id": "2번",
              "sex": "여성",
              "age": "20대"
            },
            "speechAct": "(표현) 긍정감정 표현하기",
            "morpheme": "대박/NNG+키/NNG+키/XSV+ETN"
          },
          {
            "id": 28,
            "text": "2 : 첨 들음",
            "norm_text": "첨 들음",
            "speaker": {
              "id": "2번",
              "sex": "여성",
              "age": "20대"
            },
            "speechAct": "(단언) 주장하기",
            "morpheme": "첨/MAG+들/VV+음/ETN"
          },
          {
            "id": 29,
            "text": "2 : 신기해",
            "norm_text": "신기해",
            "speaker": {
              "id": "2번",
              "sex": "여성",
              "age": "20대"
            },
            "speechAct": "(단언) 주장하기",
            "morpheme": "신기/NNG+해/XSV+EC"
          },
          {
            "id": 30,
            "text": "2 : 담에 너가 운전해",
            "norm_text": "담에 너가 운전해",
            "speaker": {
              "id": "2번",
              "sex": "여성",
              "age": "20대"
            },
            "speechAct": "(지시) 충고/제안하기",
            "morpheme": "담/NNG+에/JKB+너/NP+가/JKS+운전/NNG+해/XSV+EC"
          }
        ]
      }
    }
  ]
}