{
  "dataset": {
    "identifier": 118280,
    "name": "FACEBOOK_118_10_set",
    "src_path": "/data/file/cubeManager/PROJECT001/80/txt20211102103331051599/FACEBOOK_118_10_set/",
    "label_path": "/data/file/cubeManager/PROJECT001/80/txt20211102103331051599/FACEBOOK_118_10_set/",
    "category": 2,
    "type": 0
  },
  "licenses": {
    "name": "Apache License 1.0",
    "url": "http://www.apache.org/licenses/LICENSE-1.0"
  },
  "info": [
    {
      "id": 129673,
      "filename": "FACEBOOK_118_10.txt",
      "title": "FACEBOOK_118_10",
      "mediatype": "SNS",
      "medianame": "페이스북",
      "category": "일상대화",
      "date": "2021-11-02",
      "size": 392,
      "annotations": {
        "subject": "스포츠/레저",
        "speaker_type": "1:1",
        "size": 392,
        "word_size": 134,
        "text": "1 : 언니 테니스는 쳐 봤어?\n2 : 테니스 나 진짜 못 쳐 키키\n1 : 나도 키키  나 그거 했다가 가랭이 찢어질 뻔했잖아\n2 : 키키 공이 너무 멀리 가서?\n1 : 어 근데 테니스 가르쳐주시는 쌤이 살살 던졌는데 내 몸이 너무 무거워서 ㅜ\n2 : 그래도 하다 보면 자연스럽게 늘겠지~\n1 : 맞아 하지만 한 달만 하고 난 그만뒀지~\n2 : 키키 아니 최대 기간이 한 달인 거야?\n1 : 뭐든지 한 달 수강비를 줘야 하잖아 그때까지는 다녀야지!\n2 : 그래도 한 달 더 다녀 봐\n1 : 키키 아니, 이제는 추워서 못해~\n2 : 키키 그럼 실내 운동은 어때\n1 : 그래서 실내 운동에는 스쿼시가 있잖아!\n2 : 스쿼시? 그거 제대로 할 수 있어?\n1 : 아니 일단 한 달 끊어보기는 하려고!\n2 : 일단 또 한 달 끊는 거네~",
        "lines": [
          {
            "id": 1,
            "text": "1 : 언니 테니스는 쳐 봤어?",
            "norm_text": "언니 테니스는 쳐 봤어?",
            "speaker": {
              "id": "1번",
              "sex": "여성",
              "age": "20대"
            },
            "speechAct": "(지시) 질문하기",
            "morpheme": "언니/NNG+테니스/NNG+는/JX+쳐/VV+EC+봤/VX+EP+어/EF"
          },
          {
            "id": 2,
            "text": "2 : 테니스 나 진짜 못 쳐 키키",
            "norm_text": "테니스 나 진짜 못 쳐 키키",
            "speaker": {
              "id": "2번",
              "sex": "여성",
              "age": "20대"
            },
            "speechAct": "(단언) 주장하기",
            "morpheme": "테니스/NNG+나/JC+진짜/MAG+못/MAG+쳐/VV+EC+키/NNG+키/XSV+ETN"
          },
          {
            "id": 3,
            "text": "1 : 나도 키키  나 그거 했다가 가랭이 찢어질 뻔했잖아",
            "norm_text": "나도 키키  나 그거 했다가 가랭이 찢어질 뻔했잖아",
            "speaker": {
              "id": "1번",
              "sex": "여성",
              "age": "20대"
            },
            "speechAct": "(단언) 주장하기",
            "morpheme": "나/NP+도/JX+키/NNG+키나/XSA+ETN+JX+그거/NP+했/VV+EP+다가/EC+가/JKS+랭/NNG+이/JKS+찢어질/VV+ETM+뻔/NNB+했잖아/VV+EP+EC+VX+EC"
          },
          {
            "id": 4,
            "text": "2 : 키키 공이 너무 멀리 가서?",
            "norm_text": "키키 공이 너무 멀리 가서?",
            "speaker": {
              "id": "2번",
              "sex": "여성",
              "age": "20대"
            },
            "speechAct": "(지시) 질문하기",
            "morpheme": "키/NNG+키/NNG+공/NNG+이/JKS+너무/MAG+멀리/MAG+가/VV+서/EC"
          },
          {
            "id": 5,
            "text": "1 : 어 근데 테니스 가르쳐주시는 쌤이 살살 던졌는데 내 몸이 너무 무거워서 ㅜ",
            "norm_text": "어 근데 테니스 가르쳐주시는 쌤이 살살 던졌는데 내 몸이 너무 무거워서 ㅜ",
            "speaker": {
              "id": "1번",
              "sex": "여성",
              "age": "20대"
            },
            "speechAct": "(단언) 진술하기",
            "morpheme": "어/IC+근데/MAJ+테니스/NNG+가르쳐/VV+EC+주/VX+시/EP+는/ETM+쌤/NNG+이/JKS+살살/MAG+던졌/VV+EP+는데/EC+내/NP+JKG+몸/NNG+이/JKS+너무/MAG+무거워서/VA+EC+ㅜ/UNKNOWN"
          },
          {
            "id": 6,
            "text": "2 : 그래도 하다 보면 자연스럽게 늘겠지~",
            "norm_text": "그래도 하다 보면 자연스럽게 늘겠지~",
            "speaker": {
              "id": "2번",
              "sex": "여성",
              "age": "20대"
            },
            "speechAct": "(단언) 주장하기",
            "morpheme": "그래도/MAJ+하/VV+다/EC+보/VX+면/EC+자연/NNG+스럽/XSA+게/EC+늘/VV+겠/EP+지/EC+~/SY"
          },
          {
            "id": 7,
            "text": "1 : 맞아 하지만 한 달만 하고 난 그만뒀지~",
            "norm_text": "맞아 하지만 한 달만 하고 난 그만뒀지~",
            "speaker": {
              "id": "1번",
              "sex": "여성",
              "age": "20대"
            },
            "speechAct": "(단언) 진술하기",
            "morpheme": "맞/VV+아/EC+하/VV+지만/EC+한/MM+달/NNG+만/JX+하/VV+고/EC+난/NP+JX+그만뒀/VV+EP+지/EC+~/SY"
          },
          {
            "id": 8,
            "text": "2 : 키키 아니 최대 기간이 한 달인 거야?",
            "norm_text": "키키 아니 최대 기간이 한 달인 거야?",
            "speaker": {
              "id": "2번",
              "sex": "여성",
              "age": "20대"
            },
            "speechAct": "(단언) 주장하기",
            "morpheme": "키/NNG+키/XSV+ETN+아니/VCN+최대/NNG+기간/NNG+이/JKS+한/MM+달/NNG+인/VCP+ETM+거/NNB+야/VCP+EF"
          },
          {
            "id": 9,
            "text": "1 : 뭐든지 한 달 수강비를 줘야 하잖아 그때까지는 다녀야지!",
            "norm_text": "뭐든지 한 달 수강비를 줘야 하잖아 그때까지는 다녀야지!",
            "speaker": {
              "id": "1번",
              "sex": "여성",
              "age": "20대"
            },
            "speechAct": "(단언) 주장하기",
            "morpheme": "뭐/NP+든지/JX+한/MM+달수/NNG+강비/NNG+를/JKO+줘야/VV+EC+하/VV+잖아/EC+그때/NNG+까지/JX+는/JX+다녀야지/VV+EF"
          },
          {
            "id": 10,
            "text": "2 : 그래도 한 달 더 다녀 봐",
            "norm_text": "그래도 한 달 더 다녀 봐",
            "speaker": {
              "id": "2번",
              "sex": "여성",
              "age": "20대"
            },
            "speechAct": "(지시) 충고/제안하기",
            "morpheme": "그래도/MAJ+한/MM+달/NNBC+더/MAG+다녀/VV+EC+봐/VX+EC"
          },
          {
            "id": 11,
            "text": "1 : 키키 아니, 이제는 추워서 못해~",
            "norm_text": "키키 아니, 이제는 추워서 못해~",
            "speaker": {
              "id": "1번",
              "sex": "여성",
              "age": "20대"
            },
            "speechAct": "(단언) 주장하기",
            "morpheme": "키/NNG+키/XSV+ETN+아니/VCN+,/SC+이제/MAG+는/JX+추워서/VA+EC+못해/VX+EC+~/SY"
          },
          {
            "id": 12,
            "text": "2 : 키키 그럼 실내 운동은 어때",
            "norm_text": "키키 그럼 실내 운동은 어때",
            "speaker": {
              "id": "2번",
              "sex": "여성",
              "age": "20대"
            },
            "speechAct": "(지시) 충고/제안하기",
            "morpheme": "키/NNG+키/XSV+ETN+그럼/MAJ+실내/NNG+운동/NNG+은/JX+어때/VA+EC"
          },
          {
            "id": 13,
            "text": "1 : 그래서 실내 운동에는 스쿼시가 있잖아!",
            "norm_text": "그래서 실내 운동에는 스쿼시가 있잖아!",
            "speaker": {
              "id": "1번",
              "sex": "여성",
              "age": "20대"
            },
            "speechAct": "(단언) 주장하기",
            "morpheme": "그래서/MAJ+실내/NNG+운동/NNG+에/JKB+는/JX+스쿼시/NNG+가/JKS+있/VA+잖아/EF"
          },
          {
            "id": 14,
            "text": "2 : 스쿼시? 그거 제대로 할 수 있어?",
            "norm_text": "스쿼시? 그거 제대로 할 수 있어?",
            "speaker": {
              "id": "2번",
              "sex": "여성",
              "age": "20대"
            },
            "speechAct": "(지시) 질문하기",
            "morpheme": "스쿼시/NNG+그거/NP+제대로/MAG+할/VV+ETM+수/NNB+있/VV+어/EF"
          },
          {
            "id": 15,
            "text": "1 : 아니 일단 한 달 끊어보기는 하려고!",
            "norm_text": "아니 일단 한 달 끊어보기는 하려고!",
            "speaker": {
              "id": "1번",
              "sex": "여성",
              "age": "20대"
            },
            "speechAct": "(언약) 약속하기(제3자와)/(개인적 수준)",
            "morpheme": "아니/IC+일단/MAG+한/MM+달/NNBC+끊/VV+어/EC+보/VX+기/ETN+는/JX+하/VV+려고/EF"
          },
          {
            "id": 16,
            "text": "2 : 일단 또 한 달 끊는 거네~",
            "norm_text": "일단 또 한 달 끊는 거네~",
            "speaker": {
              "id": "2번",
              "sex": "여성",
              "age": "20대"
            },
            "speechAct": "(단언) 주장하기",
            "morpheme": "일단/MAG+또한/MAJ+달/NNG+끊/VV+는/ETM+거/NNB+네/VCP+EC+~/SY"
          }
        ]
      }
    }
  ]
}