{
  "dataset": {
    "identifier": 101760,
    "name": "FACEBOOK_107_18_set",
    "src_path": "/data/file/cubeManager/PROJECT001/77/txt20211029160805035795/FACEBOOK_107_18_set/",
    "label_path": "/data/file/cubeManager/PROJECT001/77/txt20211029160805035795/FACEBOOK_107_18_set/",
    "category": 2,
    "type": 0
  },
  "licenses": {
    "name": "Apache License 1.0",
    "url": "http://www.apache.org/licenses/LICENSE-1.0"
  },
  "info": [
    {
      "id": 111286,
      "filename": "FACEBOOK_107_18.txt",
      "title": "FACEBOOK_107_18",
      "mediatype": "SNS",
      "medianame": "페이스북",
      "category": "일상대화",
      "date": "2021-10-29",
      "size": 448,
      "annotations": {
        "subject": "상거래 전반",
        "speaker_type": "1:1",
        "size": 448,
        "word_size": 159,
        "text": "1 : 언니 이번에 상생지원금 신청했어?\n2 : 맞아 했어\n2 : 근데 그게 나올까?\n1 : 이제 11월에 나오니까, 얼마 나오는지는 정확하게 알고 있어?\n2 : 어?\n2 : 그거 어떻게 나오는 건데?\n1 : 일단  10월 실적이 2분기 실적보다 많으면 나온대!\n2 : 그걸 어디서 보는 건데?\n2 : 이번 달 기준으로 하니까 다음 달에 나오는 거 보이지 않나?\n1 : 근데 나도 잘 모르겠어 인터넷 쳐서 한 번 봐줄래?\n2 : 키키 걍 많이 쓰면 알아서 나오는 거 아냐?\n1 : 키키 어 맞아, 근데 나는 이번에 정확하게 나올 거야!\n2 : 안 쓰면 안 나오고?\n2 : 너 왜?\n1 : 나 카드 이번에 250만 원 긁었거든!\n2 : 왜?\n2 : 뭐 샀는데?\n2 : 또?\n1 : 나 산 게 아니고 예약했어 병원\n2 : 무슨 예약?\n2 : 어디 아펑?\n1 : 아니 아픈 게 아니고 난 다시 태어날 거야!\n2 : 너 뭐 해\n2 : 아 너 코 해?",
        "lines": [
          {
            "id": 1,
            "text": "1 : 언니 이번에 상생지원금 신청했어?",
            "norm_text": "언니 이번에 상생지원금 신청했어?",
            "speaker": {
              "id": "1번",
              "sex": "여성",
              "age": "20대"
            },
            "speechAct": "(지시) 질문하기",
            "morpheme": "언니/NNG+이번/NNG+에/JKB+상생/NNG+지원금/NNG+신청/NNG+했/XSV+EP+어/EF"
          },
          {
            "id": 2,
            "text": "2 : 맞아 했어",
            "norm_text": "맞아 했어",
            "speaker": {
              "id": "2번",
              "sex": "여성",
              "age": "20대"
            },
            "speechAct": "(단언) 진술하기",
            "morpheme": "맞/VV+아/EC+했/VX+EP+어/EC"
          },
          {
            "id": 3,
            "text": "2 : 근데 그게 나올까?",
            "norm_text": "근데 그게 나올까?",
            "speaker": {
              "id": "2번",
              "sex": "여성",
              "age": "20대"
            },
            "speechAct": "(지시) 질문하기",
            "morpheme": "근데/MAJ+그게/NP+JKS+나올까/VV+EF"
          },
          {
            "id": 4,
            "text": "1 : 이제 11월에 나오니까, 얼마 나오는지는 정확하게 알고 있어?",
            "norm_text": "이제 11월에 나오니까, 얼마 나오는지는 정확하게 알고 있어?",
            "speaker": {
              "id": "1번",
              "sex": "여성",
              "age": "20대"
            },
            "speechAct": "(지시) 질문하기",
            "morpheme": "이제/MAG+11/SN+월/NNBC+에/JKB+나오/VV+니까/EC+,/SC+얼마나/MAG+오/VV+는지/EC+는/JX+정확/NNG+하/XSV+게/EC+알/VV+고/EC+있/VX+어/EF"
          },
          {
            "id": 5,
            "text": "2 : 어?",
            "norm_text": "어?",
            "speaker": {
              "id": "2번",
              "sex": "여성",
              "age": "20대"
            },
            "speechAct": "(지시) 질문하기",
            "morpheme": "어/IC"
          },
          {
            "id": 6,
            "text": "2 : 그거 어떻게 나오는 건데?",
            "norm_text": "그거 어떻게 나오는 건데?",
            "speaker": {
              "id": "2번",
              "sex": "여성",
              "age": "20대"
            },
            "speechAct": "(지시) 질문하기",
            "morpheme": "그거/NP+어떻게/MAG+나오/VV+는/ETM+건데/NNB+VCP+EF"
          },
          {
            "id": 7,
            "text": "1 : 일단  10월 실적이 2분기 실적보다 많으면 나온대!",
            "norm_text": "일단  10월 실적이 2분기 실적보다 많으면 나온대!",
            "speaker": {
              "id": "1번",
              "sex": "여성",
              "age": "20대"
            },
            "speechAct": "(단언) 진술하기",
            "morpheme": "일단/MAG+10/SN+월/NNBC+실적/NNG+이/JKS+2/SN+분기/NNG+실적/NNG+보다/JKB+많/VA+으면/EC+나온대/VV+EF"
          },
          {
            "id": 8,
            "text": "2 : 그걸 어디서 보는 건데?",
            "norm_text": "그걸 어디서 보는 건데?",
            "speaker": {
              "id": "2번",
              "sex": "여성",
              "age": "20대"
            },
            "speechAct": "(지시) 질문하기",
            "morpheme": "그걸/NP+JKO+어디/NP+서/JKB+보/VV+는/ETM+건데/NNB+VCP+EF"
          },
          {
            "id": 9,
            "text": "2 : 이번 달 기준으로 하니까 다음 달에 나오는 거 보이지 않나?",
            "norm_text": "이번 달 기준으로 하니까 다음 달에 나오는 거 보이지 않나?",
            "speaker": {
              "id": "2번",
              "sex": "여성",
              "age": "20대"
            },
            "speechAct": "(지시) 질문하기",
            "morpheme": "이번/NNG+달/NNG+기준/NNG+으로/JKB+하/VV+니까/EC+다음/NNG+달/NNG+에/JKB+나오/VV+는/ETM+거/NNB+보이/VV+지/EC+않/VX+나/EF"
          },
          {
            "id": 10,
            "text": "1 : 근데 나도 잘 모르겠어 인터넷 쳐서 한 번 봐줄래?",
            "norm_text": "근데 나도 잘 모르겠어 인터넷 쳐서 한 번 봐줄래?",
            "speaker": {
              "id": "1번",
              "sex": "여성",
              "age": "20대"
            },
            "speechAct": "(지시) 질문하기",
            "morpheme": "근데/MAJ+나/NP+도/JX+잘/MAG+모르/VV+겠/EP+어/EC+인터넷/NNG+쳐서/VV+EC+한/MM+번/NNBC+봐/VV+EC+줄래/VX+EF"
          },
          {
            "id": 11,
            "text": "2 : 키키 걍 많이 쓰면 알아서 나오는 거 아냐?",
            "norm_text": "키키 걍 많이 쓰면 알아서 나오는 거 아냐?",
            "speaker": {
              "id": "2번",
              "sex": "여성",
              "age": "20대"
            },
            "speechAct": "(지시) 질문하기",
            "morpheme": "키/NNG+키걍/UNKNOWN+많이/MAG+쓰/VV+면/EC+알/VV+아서/EC+나오/VV+는/ETM+거/NNB+아냐/VCN+EF"
          },
          {
            "id": 12,
            "text": "1 : 키키 어 맞아, 근데 나는 이번에 정확하게 나올 거야!",
            "norm_text": "키키 어 맞아, 근데 나는 이번에 정확하게 나올 거야!",
            "speaker": {
              "id": "1번",
              "sex": "여성",
              "age": "20대"
            },
            "speechAct": "(단언) 주장하기",
            "morpheme": "키/NNG+키/VV+어/EC+맞/VV+아/EC+,/SC+근데/MAJ+나/NP+는/JX+이번/NNG+에/JKB+정확/NNG+하/XSV+게/EC+나올/VV+ETM+거/NNB+야/VCP+EF"
          },
          {
            "id": 13,
            "text": "2 : 안 쓰면 안 나오고?",
            "norm_text": "안 쓰면 안 나오고?",
            "speaker": {
              "id": "2번",
              "sex": "여성",
              "age": "20대"
            },
            "speechAct": "(지시) 질문하기",
            "morpheme": "안/MAG+쓰/VV+면/EC+안/MAG+나오/VV+고/EC"
          },
          {
            "id": 14,
            "text": "2 : 너 왜?",
            "norm_text": "너 왜?",
            "speaker": {
              "id": "2번",
              "sex": "여성",
              "age": "20대"
            },
            "speechAct": "(지시) 질문하기",
            "morpheme": "너/NP+왜/MAG"
          },
          {
            "id": 15,
            "text": "1 : 나 카드 이번에 250만 원 긁었거든!",
            "norm_text": "나 카드 이번에 250만 원 긁었거든!",
            "speaker": {
              "id": "1번",
              "sex": "여성",
              "age": "20대"
            },
            "speechAct": "(단언) 주장하기",
            "morpheme": "나/NP+카드/NNG+이번/NNG+에/JKB+250/SN+만/NR+원/NNBC+긁/VV+었/EP+거든/EF"
          },
          {
            "id": 16,
            "text": "2 : 왜?",
            "norm_text": "왜?",
            "speaker": {
              "id": "2번",
              "sex": "여성",
              "age": "20대"
            },
            "speechAct": "(지시) 질문하기",
            "morpheme": "왜/MAG"
          },
          {
            "id": 17,
            "text": "2 : 뭐 샀는데?",
            "norm_text": "뭐 샀는데?",
            "speaker": {
              "id": "2번",
              "sex": "여성",
              "age": "20대"
            },
            "speechAct": "(지시) 질문하기",
            "morpheme": "뭐/IC+샀/VV+EP+는데/EF"
          },
          {
            "id": 18,
            "text": "2 : 또?",
            "norm_text": "또?",
            "speaker": {
              "id": "2번",
              "sex": "여성",
              "age": "20대"
            },
            "speechAct": "(지시) 질문하기",
            "morpheme": "또/MAG"
          },
          {
            "id": 19,
            "text": "1 : 나 산 게 아니고 예약했어 병원",
            "norm_text": "나 산 게 아니고 예약했어 병원",
            "speaker": {
              "id": "1번",
              "sex": "여성",
              "age": "20대"
            },
            "speechAct": "(단언) 주장하기",
            "morpheme": "나/NP+산/VV+ETM+게/NNB+JKC+아니/VCN+고/EC+예약/NNG+했/XSV+EP+어/EC+병원/NNG"
          },
          {
            "id": 20,
            "text": "2 : 무슨 예약?",
            "norm_text": "무슨 예약?",
            "speaker": {
              "id": "2번",
              "sex": "여성",
              "age": "20대"
            },
            "speechAct": "(지시) 질문하기",
            "morpheme": "무슨/MM+예약/NNG"
          },
          {
            "id": 21,
            "text": "2 : 어디 아펑?",
            "norm_text": "어디 아펑?",
            "speaker": {
              "id": "2번",
              "sex": "여성",
              "age": "20대"
            },
            "speechAct": "(지시) 질문하기",
            "morpheme": "어디/NP+아/IC+펑/MAG"
          },
          {
            "id": 22,
            "text": "1 : 아니 아픈 게 아니고 난 다시 태어날 거야!",
            "norm_text": "아니 아픈 게 아니고 난 다시 태어날 거야!",
            "speaker": {
              "id": "1번",
              "sex": "여성",
              "age": "20대"
            },
            "speechAct": "(단언) 주장하기",
            "morpheme": "아니/IC+아픈/VA+ETM+게/NNB+JKC+아니/VCN+고/EC+난/NP+JX+다시/MAG+태어날/VV+ETM+거/NNB+야/VCP+EF"
          },
          {
            "id": 23,
            "text": "2 : 너 뭐 해",
            "norm_text": "너 뭐 해",
            "speaker": {
              "id": "2번",
              "sex": "여성",
              "age": "20대"
            },
            "speechAct": "(단언) 진술하기",
            "morpheme": "너/NP+뭐/IC+해/VV+EC"
          },
          {
            "id": 24,
            "text": "2 : 아 너 코 해?",
            "norm_text": "아 너 코 해?",
            "speaker": {
              "id": "2번",
              "sex": "여성",
              "age": "20대"
            },
            "speechAct": "(지시) 질문하기",
            "morpheme": "아/IC+너/NP+코/NNG+해/XSV+EF"
          }
        ]
      }
    }
  ]
}