{
  "dataset": {
    "identifier": 114146,
    "name": "FACEBOOK_112_10_set",
    "src_path": "/data/file/cubeManager/PROJECT001/80/txt20211103154237030365/FACEBOOK_112_10_set/",
    "label_path": "/data/file/cubeManager/PROJECT001/80/txt20211103154237030365/FACEBOOK_112_10_set/",
    "category": 2,
    "type": 0
  },
  "licenses": {
    "name": "Apache License 1.0",
    "url": "http://www.apache.org/licenses/LICENSE-1.0"
  },
  "info": [
    {
      "id": 135345,
      "filename": "FACEBOOK_112_10.txt",
      "title": "FACEBOOK_112_10",
      "mediatype": "SNS",
      "medianame": "페이스북",
      "category": "일상대화",
      "date": "2021-11-03",
      "size": 419,
      "annotations": {
        "subject": "스포츠/레저",
        "speaker_type": "1:1",
        "size": 419,
        "word_size": 143,
        "text": "1 : 언니 스케이트 보드 타 봤어?\n2 : 스케이트 보드?\n2 : 그 보드 말하는 거지?\n1 : 어 맞아!\n1 : 언니 그거 타 봤어?\n2 : 아니 안타봤어 나 운동신경 꽝\n1 : 키키 나 그거 타 봤는데 팔꿈치 아작났잖아 키키\n2 : 키키 왜 넘어졌구나?\n2 : 재밌어?\n2 : 많이?\n1 : 어 생각보다 너무 속도가 빠르더라고!\n2 : 키키 글쿤 난 안타봤어 잼나나\n1 : 키키 어 그거 공원에서 타 봤는데 재미있긴 한데 무섭더라!\n2 : 남자친구랑 탔어?\n2 : 누구한테 배웠어\n1 : 아니 우리 언니랑 같이 타 봤어 언니가 보드를 샀더라고!\n2 : 키키 언니 지금도 타셔? 안타지\n1 : 지금은 추워서 못 타고 아마 내년 봄쯤에 타지 않을까?\n2 : 와 잘타나 보네?\n2 : 그런 거 좋아하나보다\n1 : 아니 이 분이 나보다 더 못 탐 키키\n2 : 나도 나중에 기회되면 타봐야지",
        "lines": [
          {
            "id": 1,
            "text": "1 : 언니 스케이트 보드 타 봤어?",
            "norm_text": "언니 스케이트 보드 타 봤어?",
            "speaker": {
              "id": "1번",
              "sex": "여성",
              "age": "20대"
            },
            "speechAct": "(지시) 질문하기",
            "morpheme": "언니/NNG+스케이트보드/NNG+타/XSV+EC+봤/VX+EP+어/EF"
          },
          {
            "id": 2,
            "text": "2 : 스케이트 보드?",
            "norm_text": "스케이트 보드?",
            "speaker": {
              "id": "2번",
              "sex": "여성",
              "age": "20대"
            },
            "speechAct": "턴토크 사인(관습적 반응)",
            "morpheme": "스케이트보드/NNG"
          },
          {
            "id": 3,
            "text": "2 : 그 보드 말하는 거지?",
            "norm_text": "그 보드 말하는 거지?",
            "speaker": {
              "id": "2번",
              "sex": "여성",
              "age": "20대"
            },
            "speechAct": "(지시) 질문하기",
            "morpheme": "그/MM+보드/NNP+말/NNG+하/XSV+는/ETM+거/NNB+지/VCP+EF"
          },
          {
            "id": 4,
            "text": "1 : 어 맞아!",
            "norm_text": "어 맞아!",
            "speaker": {
              "id": "1번",
              "sex": "여성",
              "age": "20대"
            },
            "speechAct": "(단언) 주장하기",
            "morpheme": "어/IC+맞/VV+아/EF"
          },
          {
            "id": 5,
            "text": "1 : 언니 그거 타 봤어?",
            "norm_text": "언니 그거 타 봤어?",
            "speaker": {
              "id": "1번",
              "sex": "여성",
              "age": "20대"
            },
            "speechAct": "(지시) 질문하기",
            "morpheme": "언니/NNG+그거/NP+타/VV+EC+봤/VX+EP+어/EF"
          },
          {
            "id": 6,
            "text": "2 : 아니 안타봤어 나 운동신경 꽝",
            "norm_text": "아니 안타봤어 나 운동신경 꽝",
            "speaker": {
              "id": "2번",
              "sex": "여성",
              "age": "20대"
            },
            "speechAct": "(단언) 진술하기",
            "morpheme": "아니/IC+안/MAG+타/VV+EC+봤/VX+EP+어나/EC+운동/NNG+신경/NNG+꽝/NNG"
          },
          {
            "id": 7,
            "text": "1 : 키키 나 그거 타 봤는데 팔꿈치 아작났잖아 키키",
            "norm_text": "키키 나 그거 타 봤는데 팔꿈치 아작났잖아 키키",
            "speaker": {
              "id": "1번",
              "sex": "여성",
              "age": "20대"
            },
            "speechAct": "(단언) 진술하기",
            "morpheme": "키/NNG+키나/XSA+ETN+JX+그거/NP+타/VV+EC+봤/VX+EP+는데/EC+팔꿈치/NNG+아작/MAG+났잖아/VV+EP+EC+VX+EF+키/NNG+키/XSV+ETN"
          },
          {
            "id": 8,
            "text": "2 : 키키 왜 넘어졌구나?",
            "norm_text": "키키 왜 넘어졌구나?",
            "speaker": {
              "id": "2번",
              "sex": "여성",
              "age": "20대"
            },
            "speechAct": "(지시) 질문하기",
            "morpheme": "키/NNG+키/XSV+ETN+왜/MAG+넘어졌/VV+EP+구나/EF"
          },
          {
            "id": 9,
            "text": "2 : 재밌어?",
            "norm_text": "재밌어?",
            "speaker": {
              "id": "2번",
              "sex": "여성",
              "age": "20대"
            },
            "speechAct": "(지시) 질문하기",
            "morpheme": "재밌/VA+어/EF"
          },
          {
            "id": 10,
            "text": "2 : 많이?",
            "norm_text": "많이?",
            "speaker": {
              "id": "2번",
              "sex": "여성",
              "age": "20대"
            },
            "speechAct": "(지시) 질문하기",
            "morpheme": "많이/MAG"
          },
          {
            "id": 11,
            "text": "1 : 어 생각보다 너무 속도가 빠르더라고!",
            "norm_text": "어 생각보다 너무 속도가 빠르더라고!",
            "speaker": {
              "id": "1번",
              "sex": "여성",
              "age": "20대"
            },
            "speechAct": "(단언) 진술하기",
            "morpheme": "어/IC+생각/NNG+보다/JKB+너무/MAG+속도/NNG+가/JKS+빠르/VA+더라고/EF"
          },
          {
            "id": 12,
            "text": "2 : 키키 글쿤 난 안타봤어 잼나나",
            "norm_text": "키키 글쿤 난 안타봤어 잼나나",
            "speaker": {
              "id": "2번",
              "sex": "여성",
              "age": "20대"
            },
            "speechAct": "(지시) 질문하기",
            "morpheme": "키/NNG+키/NNG+글/NNG+쿤/NNP+난/NP+JX+안/MAG+타/VV+EC+봤/VX+EP+어/EC+잼/NNG+나나/NNG"
          },
          {
            "id": 13,
            "text": "1 : 키키 어 그거 공원에서 타 봤는데 재미있긴 한데 무섭더라!",
            "norm_text": "키키 어 그거 공원에서 타 봤는데 재미있긴 한데 무섭더라!",
            "speaker": {
              "id": "1번",
              "sex": "여성",
              "age": "20대"
            },
            "speechAct": "(단언) 진술하기",
            "morpheme": "키/NNG+키/VV+어/EC+그거/NP+공원/NNG+에서/JKB+타/VV+EC+봤/VX+EP+는데/EC+재미있/VA+긴/ETN+JX+한데/VX+EC+무섭/VA+더라/EF"
          },
          {
            "id": 14,
            "text": "2 : 남자친구랑 탔어?",
            "norm_text": "남자친구랑 탔어?",
            "speaker": {
              "id": "2번",
              "sex": "여성",
              "age": "20대"
            },
            "speechAct": "(지시) 질문하기",
            "morpheme": "남자/NNG+친구/NNG+랑/JKB+탔/VV+EP+어/EF"
          },
          {
            "id": 15,
            "text": "2 : 누구한테 배웠어",
            "norm_text": "누구한테 배웠어",
            "speaker": {
              "id": "2번",
              "sex": "여성",
              "age": "20대"
            },
            "speechAct": "(지시) 질문하기",
            "morpheme": "누구/NP+한테/JKB+배웠/VV+EP+어/EC"
          },
          {
            "id": 16,
            "text": "1 : 아니 우리 언니랑 같이 타 봤어 언니가 보드를 샀더라고!",
            "norm_text": "아니 우리 언니랑 같이 타 봤어 언니가 보드를 샀더라고!",
            "speaker": {
              "id": "1번",
              "sex": "여성",
              "age": "20대"
            },
            "speechAct": "(단언) 진술하기",
            "morpheme": "아니/IC+우리/NP+언니/NNG+랑/JKB+같이/MAG+타/VV+EC+봤/VX+EP+어/EC+언니/NNG+가/JKS+보드/NNP+를/JKO+샀/VV+EP+더라고/EF"
          },
          {
            "id": 17,
            "text": "2 : 키키 언니 지금도 타셔? 안타지",
            "norm_text": "키키 언니 지금도 타셔? 안타지",
            "speaker": {
              "id": "2번",
              "sex": "여성",
              "age": "20대"
            },
            "speechAct": "(지시) 질문하기",
            "morpheme": "키/NNG+키/NNG+언니/NNG+지금/NNG+도/JX+타/VV+셔/EP+EF+안/MAG+타/VV+지/EC"
          },
          {
            "id": 18,
            "text": "1 : 지금은 추워서 못 타고 아마 내년 봄쯤에 타지 않을까?",
            "norm_text": "지금은 추워서 못 타고 아마 내년 봄쯤에 타지 않을까?",
            "speaker": {
              "id": "1번",
              "sex": "여성",
              "age": "20대"
            },
            "speechAct": "(단언) 주장하기",
            "morpheme": "지금/MAG+은/JX+추워서/VA+EC+못/MAG+타/VV+고/EC+아마/MAG+내년/NNG+봄/NNG+쯤/XSN+에/JKB+타/VV+지/EC+않/VX+을까/EF"
          },
          {
            "id": 19,
            "text": "2 : 와 잘타나 보네?",
            "norm_text": "와 잘타나 보네?",
            "speaker": {
              "id": "2번",
              "sex": "여성",
              "age": "20대"
            },
            "speechAct": "(단언) 주장하기",
            "morpheme": "와/IC+잘/MAG+타나/VV+EC+보/VX+네/EF"
          },
          {
            "id": 20,
            "text": "2 : 그런 거 좋아하나보다",
            "norm_text": "그런 거 좋아하나보다",
            "speaker": {
              "id": "2번",
              "sex": "여성",
              "age": "20대"
            },
            "speechAct": "(단언) 주장하기",
            "morpheme": "그런/MM+거/NNB+좋/VA+아/EC+하나/NR+보다/JKB"
          },
          {
            "id": 21,
            "text": "1 : 아니 이 분이 나보다 더 못 탐 키키",
            "norm_text": "아니 이 분이 나보다 더 못 탐 키키",
            "speaker": {
              "id": "1번",
              "sex": "여성",
              "age": "20대"
            },
            "speechAct": "(단언) 진술하기",
            "morpheme": "아니/IC+이분/NP+이/JKS+나/NP+보다/JKB+더/MAG+못/MAG+탐/NNG+키/NNG+키/XSV+ETN"
          },
          {
            "id": 22,
            "text": "2 : 나도 나중에 기회되면 타봐야지",
            "norm_text": "나도 나중에 기회되면 타봐야지",
            "speaker": {
              "id": "2번",
              "sex": "여성",
              "age": "20대"
            },
            "speechAct": "(단언) 주장하기",
            "morpheme": "나/NP+도/JX+나중/NNG+에/JKB+기회/NNG+되/XSV+면/EC+타/VV+봐야지/EC+VX+EC"
          }
        ]
      }
    }
  ]
}