{
  "dataset": {
    "identifier": 100638,
    "name": "FACEBOOK_115_17_set",
    "src_path": "/data/file/cubeManager/PROJECT001/77/txt20211029153356035520/FACEBOOK_115_17_set/",
    "label_path": "/data/file/cubeManager/PROJECT001/77/txt20211029153356035520/FACEBOOK_115_17_set/",
    "category": 2,
    "type": 0
  },
  "licenses": {
    "name": "Apache License 1.0",
    "url": "http://www.apache.org/licenses/LICENSE-1.0"
  },
  "info": [
    {
      "id": 110965,
      "filename": "FACEBOOK_115_17.txt",
      "title": "FACEBOOK_115_17",
      "mediatype": "SNS",
      "medianame": "페이스북",
      "category": "일상대화",
      "date": "2021-10-29",
      "size": 421,
      "annotations": {
        "subject": "건강",
        "speaker_type": "1:1",
        "size": 421,
        "word_size": 143,
        "text": "1 : 언니 저번에 수면내시경 했다며!?\n2 : 맞아\n2 : 수면 내시경 무서웠어 ㅜㅜ\n1 : 내가 아는 분은 자고 일어나니까 끝났다던데!?\n2 : 맞아\n2 : 나도 자고 일어나니까 끝나긴 했는데...\n1 : 키키 언니 그러면 대장내시경 했어?\n2 : 대장 말고 나는 위 키키\n1 : 키키 다행이다\n1 : 대장은 진짜 수치스럽다던데!?\n2 : 대장은 나이 먹어야 하는 거 아님?\n1 : 키키 아니야\n1 : 내 친구 했어,\n1 : 그리고 울었어,\n2 : 키키 왜... 왜... 대체 그걸 왜...\n1 : 걔는 내가 알기론 장이 안 좋아서 하라고 했던 거 같아!\n2 : 근데 하는 게 낫지 ㅜㅜ\n2 : 무섭잖아\n1 : 맞아 ㅜㅜ\n1 : 언니는 왜 했어?\n2 : 나는 위 위 아파서 했는데 괜찮아\n1 : 그렇구나\n1 : 저번부터 계속 위 아프다고 얘기하더니!\n2 : 맞아\n2 : 근데 이상 없대서 다행",
        "lines": [
          {
            "id": 1,
            "text": "1 : 언니 저번에 수면내시경 했다며!?",
            "norm_text": "언니 저번에 수면내시경 했다며!?",
            "speaker": {
              "id": "1번",
              "sex": "여성",
              "age": "20대"
            },
            "speechAct": "(지시) 질문하기",
            "morpheme": "언니/NNG+저번/NNG+에/JKB+수면/NNG+내시경/NNG+했/XSV+EP+다며/EC+!/SY"
          },
          {
            "id": 2,
            "text": "2 : 맞아",
            "norm_text": "맞아",
            "speaker": {
              "id": "2번",
              "sex": "여성",
              "age": "20대"
            },
            "speechAct": "(단언) 주장하기",
            "morpheme": "맞/VV+아/EC"
          },
          {
            "id": 3,
            "text": "2 : 수면 내시경 무서웠어 ㅜㅜ",
            "norm_text": "수면 내시경 무서웠어 ㅜㅜ",
            "speaker": {
              "id": "2번",
              "sex": "여성",
              "age": "20대"
            },
            "speechAct": "(단언) 주장하기",
            "morpheme": "수면/NNG+내시경/NNG+무서웠어/VA+EP+EF+ㅜㅜ/UNKNOWN"
          },
          {
            "id": 4,
            "text": "1 : 내가 아는 분은 자고 일어나니까 끝났다던데!?",
            "norm_text": "내가 아는 분은 자고 일어나니까 끝났다던데!?",
            "speaker": {
              "id": "1번",
              "sex": "여성",
              "age": "20대"
            },
            "speechAct": "(단언) 진술하기",
            "morpheme": "내/NP+가/JKS+아/VV+는/ETM+분/NNB+은/JX+자/VV+고/EC+일어나/VV+니까/EC+끝/NNG+났/VV+EP+다던데/EC+!/SY"
          },
          {
            "id": 5,
            "text": "2 : 맞아",
            "norm_text": "맞아",
            "speaker": {
              "id": "2번",
              "sex": "여성",
              "age": "20대"
            },
            "speechAct": "(단언) 주장하기",
            "morpheme": "맞/VV+아/EC"
          },
          {
            "id": 6,
            "text": "2 : 나도 자고 일어나니까 끝나긴 했는데...",
            "norm_text": "나도 자고 일어나니까 끝나긴 했는데...",
            "speaker": {
              "id": "2번",
              "sex": "여성",
              "age": "20대"
            },
            "speechAct": "(단언) 진술하기",
            "morpheme": "나/NP+도/JX+자/VV+고/EC+일어나/VV+니까/EC+끝나/VV+긴/ETN+JX+했/VX+EP+는데/EC+./SY+./SY"
          },
          {
            "id": 7,
            "text": "1 : 키키 언니 그러면 대장내시경 했어?",
            "norm_text": "키키 언니 그러면 대장내시경 했어?",
            "speaker": {
              "id": "1번",
              "sex": "여성",
              "age": "20대"
            },
            "speechAct": "(지시) 질문하기",
            "morpheme": "키/NNG+키/NNG+언니/NNG+그러/VV+면/EC+대장/NNG+내시경/NNG+했/XSV+EP+어/EF"
          },
          {
            "id": 8,
            "text": "2 : 대장 말고 나는 위 키키",
            "norm_text": "대장 말고 나는 위 키키",
            "speaker": {
              "id": "2번",
              "sex": "여성",
              "age": "20대"
            },
            "speechAct": "(단언) 진술하기",
            "morpheme": "대장/NNG+말/VV+고/EC+나/NP+는/JX+위키/NNP+키/NNG"
          },
          {
            "id": 9,
            "text": "1 : 키키 다행이다",
            "norm_text": "키키 다행이다",
            "speaker": {
              "id": "1번",
              "sex": "여성",
              "age": "20대"
            },
            "speechAct": "(단언) 주장하기",
            "morpheme": "키/NNG+키/NNG+다행/NNG+이/VCP+다/EC"
          },
          {
            "id": 10,
            "text": "1 : 대장은 진짜 수치스럽다던데!?",
            "norm_text": "대장은 진짜 수치스럽다던데!?",
            "speaker": {
              "id": "1번",
              "sex": "여성",
              "age": "20대"
            },
            "speechAct": "(지시) 질문하기",
            "morpheme": "대장/NNG+은/JX+진짜/MAG+수치/NNG+스럽/XSA+다던데/EC+!/SY"
          },
          {
            "id": 11,
            "text": "2 : 대장은 나이 먹어야 하는 거 아님?",
            "norm_text": "대장은 나이 먹어야 하는 거 아님?",
            "speaker": {
              "id": "2번",
              "sex": "여성",
              "age": "20대"
            },
            "speechAct": "(단언) 주장하기",
            "morpheme": "대장/NNG+은/JX+나이/NNG+먹/VV+어야/EC+하/VV+는/ETM+거/NNB+아님/VCN+ETN"
          },
          {
            "id": 12,
            "text": "1 : 키키 아니야",
            "norm_text": "키키 아니야",
            "speaker": {
              "id": "1번",
              "sex": "여성",
              "age": "20대"
            },
            "speechAct": "(단언) 주장하기",
            "morpheme": "키/NNG+키/XSV+ETN+아니/VCN+야/EC"
          },
          {
            "id": 13,
            "text": "1 : 내 친구 했어,",
            "norm_text": "내 친구 했어,",
            "speaker": {
              "id": "1번",
              "sex": "여성",
              "age": "20대"
            },
            "speechAct": "(단언) 주장하기",
            "morpheme": "내/NP+JKG+친구/NNG+했/XSV+EP+어/EF+,/SC"
          },
          {
            "id": 14,
            "text": "1 : 그리고 울었어,",
            "norm_text": "그리고 울었어,",
            "speaker": {
              "id": "1번",
              "sex": "여성",
              "age": "20대"
            },
            "speechAct": "(단언) 주장하기",
            "morpheme": "그리고/MAJ+울/VV+었/EP+어/EF+,/SC"
          },
          {
            "id": 15,
            "text": "2 : 키키 왜... 왜... 대체 그걸 왜...",
            "norm_text": "키키 왜... 왜... 대체 그걸 왜...",
            "speaker": {
              "id": "2번",
              "sex": "여성",
              "age": "20대"
            },
            "speechAct": "(지시) 질문하기",
            "morpheme": "키/NNG+키/XSV+ETN+왜/MAG+./SY+왜/MAG+./SY+대체/MAG+그걸/NP+JKO+왜/MAG+./SY"
          },
          {
            "id": 16,
            "text": "1 : 걔는 내가 알기론 장이 안 좋아서 하라고 했던 거 같아!",
            "norm_text": "걔는 내가 알기론 장이 안 좋아서 하라고 했던 거 같아!",
            "speaker": {
              "id": "1번",
              "sex": "여성",
              "age": "20대"
            },
            "speechAct": "(단언) 진술하기",
            "morpheme": "걔/NP+는/JX+내/NP+가/JKS+알기/NNG+론/XSN+장/NNG+이/JKS+안/MAG+좋/VA+아서/EC+하/VV+라고/EC+했/VX+EP+던/ETM+거/NNB+같/VA+아/EF"
          },
          {
            "id": 17,
            "text": "2 : 근데 하는 게 낫지 ㅜㅜ",
            "norm_text": "근데 하는 게 낫지 ㅜㅜ",
            "speaker": {
              "id": "2번",
              "sex": "여성",
              "age": "20대"
            },
            "speechAct": "(단언) 주장하기",
            "morpheme": "근데/MAJ+하/VV+는/ETM+게/NNB+JKS+낫/VA+지/EC+ㅜㅜ/UNKNOWN"
          },
          {
            "id": 18,
            "text": "2 : 무섭잖아",
            "norm_text": "무섭잖아",
            "speaker": {
              "id": "2번",
              "sex": "여성",
              "age": "20대"
            },
            "speechAct": "(단언) 주장하기",
            "morpheme": "무섭/VA+잖아/EC"
          },
          {
            "id": 19,
            "text": "1 : 맞아 ㅜㅜ",
            "norm_text": "맞아 ㅜㅜ",
            "speaker": {
              "id": "1번",
              "sex": "여성",
              "age": "20대"
            },
            "speechAct": "(단언) 주장하기",
            "morpheme": "맞아ㅜㅜ/UNKNOWN"
          },
          {
            "id": 20,
            "text": "1 : 언니는 왜 했어?",
            "norm_text": "언니는 왜 했어?",
            "speaker": {
              "id": "1번",
              "sex": "여성",
              "age": "20대"
            },
            "speechAct": "(지시) 질문하기",
            "morpheme": "언니/NNG+는/JX+왜/MAG+했/XSA+EP+어/EF"
          },
          {
            "id": 21,
            "text": "2 : 나는 위 위 아파서 했는데 괜찮아",
            "norm_text": "나는 위 위 아파서 했는데 괜찮아",
            "speaker": {
              "id": "2번",
              "sex": "여성",
              "age": "20대"
            },
            "speechAct": "(단언) 주장하기",
            "morpheme": "나/NP+는/JX+위위/NNG+아파서/VA+EC+했/VX+EP+는데/EC+괜찮/VA+아/EC"
          },
          {
            "id": 22,
            "text": "1 : 그렇구나",
            "norm_text": "그렇구나",
            "speaker": {
              "id": "1번",
              "sex": "여성",
              "age": "20대"
            },
            "speechAct": "(단언) 주장하기",
            "morpheme": "그렇/VA+구나/EC"
          },
          {
            "id": 23,
            "text": "1 : 저번부터 계속 위 아프다고 얘기하더니!",
            "norm_text": "저번부터 계속 위 아프다고 얘기하더니!",
            "speaker": {
              "id": "1번",
              "sex": "여성",
              "age": "20대"
            },
            "speechAct": "(단언) 주장하기",
            "morpheme": "저번/NNG+부터/JX+계속/MAG+위/NNG+아프/VA+다고/EC+얘기/NNG+하/XSV+더니/EC"
          },
          {
            "id": 24,
            "text": "2 : 맞아",
            "norm_text": "맞아",
            "speaker": {
              "id": "2번",
              "sex": "여성",
              "age": "20대"
            },
            "speechAct": "(단언) 주장하기",
            "morpheme": "맞/VV+아/EC"
          },
          {
            "id": 25,
            "text": "2 : 근데 이상 없대서 다행",
            "norm_text": "근데 이상 없대서 다행",
            "speaker": {
              "id": "2번",
              "sex": "여성",
              "age": "20대"
            },
            "speechAct": "(단언) 주장하기",
            "morpheme": "근데/MAJ+이상/NNG+없/VA+대서/EC+다행/NNG"
          }
        ]
      }
    }
  ]
}