{
  "dataset": {
    "identifier": 101720,
    "name": "FACEBOOK_116_18_set",
    "src_path": "/data/file/cubeManager/PROJECT001/77/txt20211029153356050159/FACEBOOK_116_18_set/",
    "label_path": "/data/file/cubeManager/PROJECT001/77/txt20211029153356050159/FACEBOOK_116_18_set/",
    "category": 2,
    "type": 0
  },
  "licenses": {
    "name": "Apache License 1.0",
    "url": "http://www.apache.org/licenses/LICENSE-1.0"
  },
  "info": [
    {
      "id": 110986,
      "filename": "FACEBOOK_116_18.txt",
      "title": "FACEBOOK_116_18",
      "mediatype": "SNS",
      "medianame": "카카오톡",
      "category": "일상대화",
      "date": "2021-10-29",
      "size": 458,
      "annotations": {
        "subject": "상거래 전반",
        "speaker_type": "1:1",
        "size": 458,
        "word_size": 159,
        "text": "1 : 이번에 쇼핑몰에서 진짜 대박인 상품 삼!\n2 : 어떤 건데?\n2 : 외투 종류로 샀어?\n1 : 아니\n1 : 옷 말고 먹을 거! 음하하하\n2 : 먹을 거?\n2 : 쇼핑몰에 먹을 거 팔아?\n1 : 아니\n1 : 쇼핑몰도 먹거리 쇼핑몰이 있잖아~\n2 : 나도 올리브영에서 가끔씩 먹을 거 사는데!\n1 : 키키 어 올영도 은근 먹을 거 많이 팔더라?\n2 : 맞아\n2 : 앱에서 세일하면 개꿀이지~\n1 : 키키 맞아\n1 : 거기 사과칩 있는데 그거 존맛!\n1 : 그거 2천 원인가?\n2 : 맞아 ㅠㅠ\n2 : 베이글칩도 진짜 맛있어\n1 : 아 소름 키키\n1 : 그거 진짜 존맛탱\n1 : 나 50% 세일 하는 날 사 먹음!\n2 : 아 다이어트 아이템인데 아닌 거 같아 키키\n1 : 키키 그게 다이어트 아이템이었어?\n1 : 처음 알았음!\n2 : 이거 칼로리가 엄청 낮던데?\n1 : 아 진짜?\n1 : 베이글칩?\n1 : 근데 베이컨칩 아니야?\n2 : 베이글칩 이번에 새로 나왔는데!",
        "lines": [
          {
            "id": 1,
            "text": "1 : 이번에 쇼핑몰에서 진짜 대박인 상품 삼!",
            "norm_text": "이번에 쇼핑몰에서 진짜 대박인 상품 삼!",
            "speaker": {
              "id": "1번",
              "sex": "여성",
              "age": "20대"
            },
            "speechAct": "(단언) 진술하기",
            "morpheme": "이번/NNG+에/JKB+쇼핑몰/NNG+에서/JKB+진짜/MAG+대박/NNG+인/VCP+ETM+상품/NNG+삼/NR"
          },
          {
            "id": 2,
            "text": "2 : 어떤 건데?",
            "norm_text": "어떤 건데?",
            "speaker": {
              "id": "2번",
              "sex": "여성",
              "age": "20대"
            },
            "speechAct": "(지시) 질문하기",
            "morpheme": "어떤/MM+건데/NNB+VCP+EF"
          },
          {
            "id": 3,
            "text": "2 : 외투 종류로 샀어?",
            "norm_text": "외투 종류로 샀어?",
            "speaker": {
              "id": "2번",
              "sex": "여성",
              "age": "20대"
            },
            "speechAct": "(지시) 질문하기",
            "morpheme": "외투/NNG+종류/NNG+로/JKB+샀/VV+EP+어/EF"
          },
          {
            "id": 4,
            "text": "1 : 아니",
            "norm_text": "아니",
            "speaker": {
              "id": "1번",
              "sex": "여성",
              "age": "20대"
            },
            "speechAct": "(단언) 주장하기",
            "morpheme": "아니/IC"
          },
          {
            "id": 5,
            "text": "1 : 옷 말고 먹을 거! 음하하하",
            "norm_text": "옷 말고 먹을 거! 음하하하",
            "speaker": {
              "id": "1번",
              "sex": "여성",
              "age": "20대"
            },
            "speechAct": "(단언) 주장하기",
            "morpheme": "옷/NNG+말/VV+고/EC+먹/VV+을/ETM+거/NNB+음/IC+하하하/MAG"
          },
          {
            "id": 6,
            "text": "2 : 먹을 거?",
            "norm_text": "먹을 거?",
            "speaker": {
              "id": "2번",
              "sex": "여성",
              "age": "20대"
            },
            "speechAct": "(지시) 질문하기",
            "morpheme": "먹/VV+을/ETM+거/NNB"
          },
          {
            "id": 7,
            "text": "2 : 쇼핑몰에 먹을 거 팔아?",
            "norm_text": "쇼핑몰에 먹을 거 팔아?",
            "speaker": {
              "id": "2번",
              "sex": "여성",
              "age": "20대"
            },
            "speechAct": "(지시) 질문하기",
            "morpheme": "쇼핑몰/NNG+에/JKB+먹/VV+을/ETM+거/NNB+팔/VV+아/EF"
          },
          {
            "id": 8,
            "text": "1 : 아니",
            "norm_text": "아니",
            "speaker": {
              "id": "1번",
              "sex": "여성",
              "age": "20대"
            },
            "speechAct": "(단언) 주장하기",
            "morpheme": "아니/IC"
          },
          {
            "id": 9,
            "text": "1 : 쇼핑몰도 먹거리 쇼핑몰이 있잖아~",
            "norm_text": "쇼핑몰도 먹거리 쇼핑몰이 있잖아~",
            "speaker": {
              "id": "1번",
              "sex": "여성",
              "age": "20대"
            },
            "speechAct": "(단언) 진술하기",
            "morpheme": "쇼핑몰/NNG+도/JX+먹거리/NNG+쇼핑몰/NNG+이/JKS+있/VV+잖아/EC+~/SY"
          },
          {
            "id": 10,
            "text": "2 : 나도 올리브영에서 가끔씩 먹을 거 사는데!",
            "norm_text": "나도 올리브영에서 가끔씩 먹을 거 사는데!",
            "speaker": {
              "id": "2번",
              "sex": "여성",
              "age": "20대"
            },
            "speechAct": "(단언) 주장하기",
            "morpheme": "나/NP+도/JX+올리브/NNG+영/NNG+에서/JKB+가끔/MAG+씩/XSN+먹/VV+을/ETM+거/NNB+사/VV+는데/EC"
          },
          {
            "id": 11,
            "text": "1 : 키키 어 올영도 은근 먹을 거 많이 팔더라?",
            "norm_text": "키키 어 올영도 은근 먹을 거 많이 팔더라?",
            "speaker": {
              "id": "1번",
              "sex": "여성",
              "age": "20대"
            },
            "speechAct": "(지시) 질문하기",
            "morpheme": "키/NNG+키/VV+어/EC+올/MM+영도/NNG+은근/NNG+먹/VV+을/ETM+거/NNB+많이/MAG+팔/VV+더라/EF"
          },
          {
            "id": 12,
            "text": "2 : 맞아",
            "norm_text": "맞아",
            "speaker": {
              "id": "2번",
              "sex": "여성",
              "age": "20대"
            },
            "speechAct": "(단언) 주장하기",
            "morpheme": "맞/VV+아/EC"
          },
          {
            "id": 13,
            "text": "2 : 앱에서 세일하면 개꿀이지~",
            "norm_text": "앱에서 세일하면 개꿀이지~",
            "speaker": {
              "id": "2번",
              "sex": "여성",
              "age": "20대"
            },
            "speechAct": "(단언) 주장하기",
            "morpheme": "앱/NNG+에서/JKB+세일/NNG+하/XSV+면/EC+개꿀/NNG+이/VCP+지/EC+~/SY"
          },
          {
            "id": 14,
            "text": "1 : 키키 맞아",
            "norm_text": "키키 맞아",
            "speaker": {
              "id": "1번",
              "sex": "여성",
              "age": "20대"
            },
            "speechAct": "(단언) 주장하기",
            "morpheme": "키/NNG+키/XSV+ETN+맞/VV+아/EC"
          },
          {
            "id": 15,
            "text": "1 : 거기 사과칩 있는데 그거 존맛!",
            "norm_text": "거기 사과칩 있는데 그거 존맛!",
            "speaker": {
              "id": "1번",
              "sex": "여성",
              "age": "20대"
            },
            "speechAct": "(단언) 주장하기",
            "morpheme": "거기/NP+사과/NNG+칩/NNG+있/VV+는데/EC+그거/NP+존/VA+ETM+맛/NNG"
          },
          {
            "id": 16,
            "text": "1 : 그거 2천 원인가?",
            "norm_text": "그거 2천 원인가?",
            "speaker": {
              "id": "1번",
              "sex": "여성",
              "age": "20대"
            },
            "speechAct": "(지시) 질문하기",
            "morpheme": "그거/NP+2/SN+천/NR+원/NNBC+인가/VCP+EF"
          },
          {
            "id": 17,
            "text": "2 : 맞아 ㅠㅠ",
            "norm_text": "맞아 ㅠㅠ",
            "speaker": {
              "id": "2번",
              "sex": "여성",
              "age": "20대"
            },
            "speechAct": "(단언) 주장하기",
            "morpheme": "맞아ㅠㅠ/UNKNOWN"
          },
          {
            "id": 18,
            "text": "2 : 베이글칩도 진짜 맛있어",
            "norm_text": "베이글칩도 진짜 맛있어",
            "speaker": {
              "id": "2번",
              "sex": "여성",
              "age": "20대"
            },
            "speechAct": "(단언) 주장하기",
            "morpheme": "베이글/NNP+칩/NNG+도/JX+진짜/MAG+맛있/VA+어/EC"
          },
          {
            "id": 19,
            "text": "1 : 아 소름 키키",
            "norm_text": "아 소름 키키",
            "speaker": {
              "id": "1번",
              "sex": "여성",
              "age": "20대"
            },
            "speechAct": "(단언) 주장하기",
            "morpheme": "아/IC+소름/NNG+키/NNG+키/XSV+ETN"
          },
          {
            "id": 20,
            "text": "1 : 그거 진짜 존맛탱",
            "norm_text": "그거 진짜 존맛탱",
            "speaker": {
              "id": "1번",
              "sex": "여성",
              "age": "20대"
            },
            "speechAct": "(단언) 주장하기",
            "morpheme": "그거/NP+진짜/MAG+존/NNP+맛/NNG+탱/NNG"
          },
          {
            "id": 21,
            "text": "1 : 나 50% 세일 하는 날 사 먹음!",
            "norm_text": "나 50% 세일 하는 날 사 먹음!",
            "speaker": {
              "id": "1번",
              "sex": "여성",
              "age": "20대"
            },
            "speechAct": "(단언) 주장하기",
            "morpheme": "나/NP+50/SN+%/SY+세일/NNG+하/XSV+는/ETM+날/NNG+사먹/VV+음/ETN"
          },
          {
            "id": 22,
            "text": "2 : 아 다이어트 아이템인데 아닌 거 같아 키키",
            "norm_text": "아 다이어트 아이템인데 아닌 거 같아 키키",
            "speaker": {
              "id": "2번",
              "sex": "여성",
              "age": "20대"
            },
            "speechAct": "(단언) 주장하기",
            "morpheme": "아/IC+다이어트/NNG+아이템/NNG+인데/VCP+EC+아닌/VCN+ETM+거/NNB+같/VA+아/EC+키/NNG+키/XSV+ETN"
          },
          {
            "id": 23,
            "text": "1 : 키키 그게 다이어트 아이템이었어?",
            "norm_text": "키키 그게 다이어트 아이템이었어?",
            "speaker": {
              "id": "1번",
              "sex": "여성",
              "age": "20대"
            },
            "speechAct": "(지시) 질문하기",
            "morpheme": "키/NNG+키/XSV+ETN+그게/NP+JKS+다이어트/NNG+아이템/NNG+이/VCP+었/EP+어/EF"
          },
          {
            "id": 24,
            "text": "1 : 처음 알았음!",
            "norm_text": "처음 알았음!",
            "speaker": {
              "id": "1번",
              "sex": "여성",
              "age": "20대"
            },
            "speechAct": "(단언) 주장하기",
            "morpheme": "처음/MAG+알/VV+았/EP+음/ETN"
          },
          {
            "id": 25,
            "text": "2 : 이거 칼로리가 엄청 낮던데?",
            "norm_text": "이거 칼로리가 엄청 낮던데?",
            "speaker": {
              "id": "2번",
              "sex": "여성",
              "age": "20대"
            },
            "speechAct": "(지시) 질문하기",
            "morpheme": "이거/NP+칼로리/NNG+가/JKS+엄청/MAG+낮/VA+던데/EF"
          },
          {
            "id": 26,
            "text": "1 : 아 진짜?",
            "norm_text": "아 진짜?",
            "speaker": {
              "id": "1번",
              "sex": "여성",
              "age": "20대"
            },
            "speechAct": "(지시) 질문하기",
            "morpheme": "아/IC+진짜/MAG"
          },
          {
            "id": 27,
            "text": "1 : 베이글칩?",
            "norm_text": "베이글칩?",
            "speaker": {
              "id": "1번",
              "sex": "여성",
              "age": "20대"
            },
            "speechAct": "(지시) 질문하기",
            "morpheme": "베이글/NNP+칩/NNG"
          },
          {
            "id": 28,
            "text": "1 : 근데 베이컨칩 아니야?",
            "norm_text": "근데 베이컨칩 아니야?",
            "speaker": {
              "id": "1번",
              "sex": "여성",
              "age": "20대"
            },
            "speechAct": "(지시) 질문하기",
            "morpheme": "근데/MAJ+베이컨/NNG+칩/NNG+아니/VCN+야/EF"
          },
          {
            "id": 29,
            "text": "2 : 베이글칩 이번에 새로 나왔는데!",
            "norm_text": "베이글칩 이번에 새로 나왔는데!",
            "speaker": {
              "id": "2번",
              "sex": "여성",
              "age": "20대"
            },
            "speechAct": "(단언) 진술하기",
            "morpheme": "베이글/NNP+칩/NNG+이번/NNG+에/JKB+새로/MAG+나왔/VV+EP+는데/EF"
          }
        ]
      }
    }
  ]
}