{
  "dataset": {
    "identifier": 117899,
    "name": "FACEBOOK_120_13_set",
    "src_path": "/data/file/cubeManager/PROJECT001/80/txt20211102113528094291/FACEBOOK_120_13_set/",
    "label_path": "/data/file/cubeManager/PROJECT001/80/txt20211102113528094291/FACEBOOK_120_13_set/",
    "category": 2,
    "type": 0
  },
  "licenses": {
    "name": "Apache License 1.0",
    "url": "http://www.apache.org/licenses/LICENSE-1.0"
  },
  "info": [
    {
      "id": 129896,
      "filename": "FACEBOOK_120_13.txt",
      "title": "FACEBOOK_120_13",
      "mediatype": "SNS",
      "medianame": "페이스북",
      "category": "일상대화",
      "date": "2021-11-02",
      "size": 450,
      "annotations": {
        "subject": "계절/날씨",
        "speaker_type": "1:1",
        "size": 450,
        "word_size": 166,
        "text": "1 : 나 이번에 목도리 장만한다!\n2 : 목도리?\n2 : 그럼 나는 장갑을 장만한다!\n1 : 키키 아 장갑도 필요한 거 같아!\n2 : 나 차에 열선 없어서 손이 시려 ㅠㅠ\n1 : 헐 ㅜㅜ 열선 무조건 넣어야 하는 옵션인데!\n2 : 차 살 때 핸들 열선 들어간 건 너무 비싸서 못 샀어 ㅠㅠ\n1 : 열선이랑 엉뜨 있는 옵션이 비싼 이유가 있어!\n2 : 근데 엉뜨는 절대 포기 못 하지 키키\n1 : 키키 당연하지\n1 : 아 그래서 엉뜨 기능은 있는 거야\n2 : 웅 그건 있는데 키키\n2 : 핸들에 없어\n1 : 흙흙흙 ㅜㅜ\n1 : 그거 손 엄청 시려 겨울에!\n2 : 맞아\n2 : 그래서 지금 날씨가 추워서 장갑 하나 해야 해 ㅠㅠ\n1 : 맞아 ㅜㅜ 맴찢이다\n1 : 진짜 보온 잘 되는 걸로 사!\n2 : 웅 손가락 다 뚫린 거 살게\n2 : 편한 걸로~\n1 : 키키 안 돼 ㅜㅜ\n1 : 손가락 다 뚫린 거라니 ㅜ\n2 : 그래도 좀 편하게 끼고 싶어 키키",
        "lines": [
          {
            "id": 1,
            "text": "1 : 나 이번에 목도리 장만한다!",
            "norm_text": "나 이번에 목도리 장만한다!",
            "speaker": {
              "id": "1번",
              "sex": "여성",
              "age": "20대"
            },
            "speechAct": "(언약) 약속하기(제3자와)/(개인적 수준)",
            "morpheme": "나/NP+이번/NNG+에/JKB+목도리/NNG+장만/NNG+한다/XSV+EF"
          },
          {
            "id": 2,
            "text": "2 : 목도리?",
            "norm_text": "목도리?",
            "speaker": {
              "id": "2번",
              "sex": "여성",
              "age": "20대"
            },
            "speechAct": "(단언) 주장하기",
            "morpheme": "목도리/NNG"
          },
          {
            "id": 3,
            "text": "2 : 그럼 나는 장갑을 장만한다!",
            "norm_text": "그럼 나는 장갑을 장만한다!",
            "speaker": {
              "id": "2번",
              "sex": "여성",
              "age": "20대"
            },
            "speechAct": "(언약) 약속하기(제3자와)/(개인적 수준)",
            "morpheme": "그럼/MAJ+나/NP+는/JX+장갑/NNG+을/JKO+장만/NNG+한다/XSV+EF"
          },
          {
            "id": 4,
            "text": "1 : 키키 아 장갑도 필요한 거 같아!",
            "norm_text": "키키 아 장갑도 필요한 거 같아!",
            "speaker": {
              "id": "1번",
              "sex": "여성",
              "age": "20대"
            },
            "speechAct": "(단언) 주장하기",
            "morpheme": "키/NNG+키/VV+아/EC+장갑/NNG+도/JX+필요/NNG+한/XSA+ETM+거/NNB+같/VA+아/EF"
          },
          {
            "id": 5,
            "text": "2 : 나 차에 열선 없어서 손이 시려 ㅠㅠ",
            "norm_text": "나 차에 열선 없어서 손이 시려 ㅠㅠ",
            "speaker": {
              "id": "2번",
              "sex": "여성",
              "age": "20대"
            },
            "speechAct": "(단언) 주장하기",
            "morpheme": "나/NP+차/NNG+에/JKB+열선/NNG+없/VA+어서/EC+손/NNG+이/JKS+시려/VA+EC+ㅠㅠ/UNKNOWN"
          },
          {
            "id": 6,
            "text": "1 : 헐 ㅜㅜ 열선 무조건 넣어야 하는 옵션인데!",
            "norm_text": "헐 ㅜㅜ 열선 무조건 넣어야 하는 옵션인데!",
            "speaker": {
              "id": "1번",
              "sex": "여성",
              "age": "20대"
            },
            "speechAct": "(단언) 주장하기",
            "morpheme": "헐/VV+JKO+ㅜㅜ/UNKNOWN+열선/NNG+무조건/MAG+넣/VV+어야/EC+하/VV+는/ETM+옵션/NNG+인데/VCP+EF"
          },
          {
            "id": 7,
            "text": "2 : 차 살 때 핸들 열선 들어간 건 너무 비싸서 못 샀어 ㅠㅠ",
            "norm_text": "차 살 때 핸들 열선 들어간 건 너무 비싸서 못 샀어 ㅠㅠ",
            "speaker": {
              "id": "2번",
              "sex": "여성",
              "age": "20대"
            },
            "speechAct": "(단언) 진술하기",
            "morpheme": "차/NNG+살/VV+ETM+때/NNG+핸들/NNG+열선/NNG+들어간/VV+ETM+건/NNB+JX+너무/MAG+비싸/VA+서/EC+못/MAG+샀/VV+EP+어/EF+ㅠㅠ/UNKNOWN"
          },
          {
            "id": 8,
            "text": "1 : 열선이랑 엉뜨 있는 옵션이 비싼 이유가 있어!",
            "norm_text": "열선이랑 엉뜨 있는 옵션이 비싼 이유가 있어!",
            "speaker": {
              "id": "1번",
              "sex": "여성",
              "age": "20대"
            },
            "speechAct": "(단언) 주장하기",
            "morpheme": "열선/NNG+이랑/JC+엉/IC+뜨/VV+있는/EC+옵션/NNG+이/JKS+비싼/VA+ETM+이유/NNG+가/JKS+있/VA+어/EF"
          },
          {
            "id": 9,
            "text": "2 : 근데 엉뜨는 절대 포기 못 하지 키키",
            "norm_text": "근데 엉뜨는 절대 포기 못 하지 키키",
            "speaker": {
              "id": "2번",
              "sex": "여성",
              "age": "20대"
            },
            "speechAct": "(단언) 주장하기",
            "morpheme": "근데/MAJ+엉/IC+뜨/VV+는/ETM+절대/NNG+포기/NNG+못/MAG+하/VV+지/EC+키/NNG+키/XSV+ETN"
          },
          {
            "id": 10,
            "text": "1 : 키키 당연하지",
            "norm_text": "키키 당연하지",
            "speaker": {
              "id": "1번",
              "sex": "여성",
              "age": "20대"
            },
            "speechAct": "(단언) 주장하기",
            "morpheme": "키/NNG+키/XSV+ETN+당연/XR+하/XSA+지/EC"
          },
          {
            "id": 11,
            "text": "1 : 아 그래서 엉뜨 기능은 있는 거야",
            "norm_text": "아 그래서 엉뜨 기능은 있는 거야",
            "speaker": {
              "id": "1번",
              "sex": "여성",
              "age": "20대"
            },
            "speechAct": "(단언) 주장하기",
            "morpheme": "아/IC+그래서/MAJ+엉/IC+뜨/VV+기/ETN+능/NNG+은/JX+있/VA+는/ETM+거/NNB+야/VCP+EF"
          },
          {
            "id": 12,
            "text": "2 : 웅 그건 있는데 키키",
            "norm_text": "웅 그건 있는데 키키",
            "speaker": {
              "id": "2번",
              "sex": "여성",
              "age": "20대"
            },
            "speechAct": "(단언) 진술하기",
            "morpheme": "웅/IC+그건/NP+JX+있/VA+는데/EC+키/NNG+키/XSV+ETN"
          },
          {
            "id": 13,
            "text": "2 : 핸들에 없어",
            "norm_text": "핸들에 없어",
            "speaker": {
              "id": "2번",
              "sex": "여성",
              "age": "20대"
            },
            "speechAct": "(단언) 진술하기",
            "morpheme": "핸들/NNG+에/JKB+없/VA+어/EC"
          },
          {
            "id": 14,
            "text": "1 : 흙흙흙 ㅜㅜ",
            "norm_text": "흙흙흙 ㅜㅜ",
            "speaker": {
              "id": "1번",
              "sex": "여성",
              "age": "20대"
            },
            "speechAct": "(표현) 부정감정 표현하기",
            "morpheme": "흙흙흙ㅜㅜ/UNKNOWN"
          },
          {
            "id": 15,
            "text": "1 : 그거 손 엄청 시려 겨울에!",
            "norm_text": "그거 손 엄청 시려 겨울에!",
            "speaker": {
              "id": "1번",
              "sex": "여성",
              "age": "20대"
            },
            "speechAct": "(단언) 주장하기",
            "morpheme": "그거/NP+손/JX+엄청/MAG+시려/VA+EC+겨울/NNG+에/JKB"
          },
          {
            "id": 16,
            "text": "2 : 맞아",
            "norm_text": "맞아",
            "speaker": {
              "id": "2번",
              "sex": "여성",
              "age": "20대"
            },
            "speechAct": "(단언) 주장하기",
            "morpheme": "맞/VV+아/EC"
          },
          {
            "id": 17,
            "text": "2 : 그래서 지금 날씨가 추워서 장갑 하나 해야 해 ㅠㅠ",
            "norm_text": "그래서 지금 날씨가 추워서 장갑 하나 해야 해 ㅠㅠ",
            "speaker": {
              "id": "2번",
              "sex": "여성",
              "age": "20대"
            },
            "speechAct": "(단언) 주장하기",
            "morpheme": "그래서/MAJ+지금/MAG+날씨/NNG+가/JKS+추워서/VA+EC+장갑/NNG+하나/NR+해야/VV+EC+해/VV+EC+ㅠㅠ/UNKNOWN"
          },
          {
            "id": 18,
            "text": "1 : 맞아 ㅜㅜ 맴찢이다",
            "norm_text": "맞아 ㅜㅜ 맴찢이다",
            "speaker": {
              "id": "1번",
              "sex": "여성",
              "age": "20대"
            },
            "speechAct": "(단언) 주장하기",
            "morpheme": "맞아ㅜㅜ맴찢이다/UNKNOWN"
          },
          {
            "id": 19,
            "text": "1 : 진짜 보온 잘 되는 걸로 사!",
            "norm_text": "진짜 보온 잘 되는 걸로 사!",
            "speaker": {
              "id": "1번",
              "sex": "여성",
              "age": "20대"
            },
            "speechAct": "(지시) 충고/제안하기",
            "morpheme": "진짜/MAG+보온/NNG+잘/MAG+되/VV+는/ETM+걸로/NNB+JKB+사/VV+EF"
          },
          {
            "id": 20,
            "text": "2 : 웅 손가락 다 뚫린 거 살게",
            "norm_text": "웅 손가락 다 뚫린 거 살게",
            "speaker": {
              "id": "2번",
              "sex": "여성",
              "age": "20대"
            },
            "speechAct": "(언약) 약속하기(제3자와)/(개인적 수준)",
            "morpheme": "웅/IC+손가락/NNG+다/MAG+뚫린/VV+ETM+거/NNB+살/VV+게/EC"
          },
          {
            "id": 21,
            "text": "2 : 편한 걸로~",
            "norm_text": "편한 걸로~",
            "speaker": {
              "id": "2번",
              "sex": "여성",
              "age": "20대"
            },
            "speechAct": "(단언) 주장하기",
            "morpheme": "편한/VA+ETM+걸로/NNB+JKB+~/SY"
          },
          {
            "id": 22,
            "text": "1 : 키키 안 돼 ㅜㅜ",
            "norm_text": "키키 안 돼 ㅜㅜ",
            "speaker": {
              "id": "1번",
              "sex": "여성",
              "age": "20대"
            },
            "speechAct": "(단언) 주장하기",
            "morpheme": "키키안돼ㅜㅜ/UNKNOWN"
          },
          {
            "id": 23,
            "text": "1 : 손가락 다 뚫린 거라니 ㅜ",
            "norm_text": "손가락 다 뚫린 거라니 ㅜ",
            "speaker": {
              "id": "1번",
              "sex": "여성",
              "age": "20대"
            },
            "speechAct": "(단언) 주장하기",
            "morpheme": "손가락/NNG+다/MAG+뚫린/VV+ETM+거/NNB+라니/VCP+EC+ㅜ/UNKNOWN"
          },
          {
            "id": 24,
            "text": "2 : 그래도 좀 편하게 끼고 싶어 키키",
            "norm_text": "그래도 좀 편하게 끼고 싶어 키키",
            "speaker": {
              "id": "2번",
              "sex": "여성",
              "age": "20대"
            },
            "speechAct": "(단언) 주장하기",
            "morpheme": "그래도/MAJ+좀/MAG+편하/VA+게/EC+끼/VV+고/EC+싶/VX+어/EC+키/NNG+키/XSV+ETN"
          }
        ]
      }
    }
  ]
}