{
  "dataset": {
    "identifier": 123637,
    "name": "FACEBOOK_123_14_set",
    "src_path": "/data/file/cubeManager/PROJECT001/84/txt20211105092819067034/FACEBOOK_123_14_set/",
    "label_path": "/data/file/cubeManager/PROJECT001/84/txt20211105092819067034/FACEBOOK_123_14_set/",
    "category": 2,
    "type": 0
  },
  "licenses": {
    "name": "Apache License 1.0",
    "url": "http://www.apache.org/licenses/LICENSE-1.0"
  },
  "info": [
    {
      "id": 138083,
      "filename": "FACEBOOK_123_14.txt",
      "title": "FACEBOOK_123_14",
      "mediatype": "SNS",
      "medianame": "페이스북",
      "category": "일상대화",
      "date": "2021-11-05",
      "size": 450,
      "annotations": {
        "subject": "사회이슈",
        "speaker_type": "1:1",
        "size": 450,
        "word_size": 147,
        "text": "1 : 동거녀 성관계 거절해서 1개월 된 아들 변기에 넣었대\n2 : 아 진짜 대박이다 미친 거 아니야?\n1 : 근데 더 소름 돋는 건 10대래 키키\n2 : 어떻게 변기에 넣어 와 ...심하다\n1 : 성관계 거부하면 흉기 들고 위협했대 ㅠㅠ\n2 : 10대라고 아휴 머리에 피도 안 마른 것들이\n1 : 19살이랑 14살이랑 동거 한다는데 미친 거 아닐까\n2 : 아 진짜 성관계 거부하면 그랬다고 ? 에휴...\n1 : 와 쟤는 처벌 좀 받아야 되겠는데\n2 : 아 진짜 어린것들이 더하네 요즘 키키\n2 : 세상 말세다\n1 : 짜증 나게 촉법 소년이라고 키키 집행유예 받았어\n2 : 진짜 처벌이 머야 그냥 들어가야지 ㅡㅡ\n1 : 피해자 어떻게 살아가냐 다음에 또 협박 하러 올 텐데\n2 : 진짜 저런 것들은 부모님이 알라나\n1 : 그러게 키키 와 진짜 너무 한다 ㅠ\n1 : 애도 낳고 저게 뭐냐\n2 : 아 부모님들도 저런 자식 키울라면 힘들것다",
        "lines": [
          {
            "id": 1,
            "text": "1 : 동거녀 성관계 거절해서 1개월 된 아들 변기에 넣었대",
            "norm_text": "동거녀 성관계 거절해서 1개월 된 아들 변기에 넣었대",
            "speaker": {
              "id": "1번",
              "sex": "여성",
              "age": "20대"
            },
            "speechAct": "(단언) 진술하기",
            "morpheme": "동거녀/NNG+성/XSN+관계/NNG+거절/NNG+해서/XSV+EC+1/SN+개월/NNBC+된/VV+ETM+아들/NNG+변기/NNG+에/JKB+넣/VV+었/EP+대/EC"
          },
          {
            "id": 2,
            "text": "2 : 아 진짜 대박이다 미친 거 아니야?",
            "norm_text": "아 진짜 대박이다 미친 거 아니야?",
            "speaker": {
              "id": "2번",
              "sex": "남성",
              "age": "20대"
            },
            "speechAct": "(지시) 질문하기",
            "morpheme": "아/IC+진짜/MAG+대박/NNG+이/JKS+다/MAG+미친/VV+ETM+거/NNB+아니/VCN+야/EF"
          },
          {
            "id": 3,
            "text": "1 : 근데 더 소름 돋는 건 10대래 키키",
            "norm_text": "근데 더 소름 돋는 건 10대래 키키",
            "speaker": {
              "id": "1번",
              "sex": "여성",
              "age": "20대"
            },
            "speechAct": "(단언) 진술하기",
            "morpheme": "근데/MAJ+더/MAG+소름/NNG+돋/VV+는/ETM+건/NNB+JX+10/SN+대래/NNG+키/NNG+키/XSV+ETN"
          },
          {
            "id": 4,
            "text": "2 : 어떻게 변기에 넣어 와 ...심하다",
            "norm_text": "어떻게 변기에 넣어 와 ...심하다",
            "speaker": {
              "id": "2번",
              "sex": "남성",
              "age": "20대"
            },
            "speechAct": "(단언) 주장하기",
            "morpheme": "어떻게/MAG+변기/NNG+에/JKB+넣/VV+어/EC+와/VX+EF+./SY+심하/VA+다/EC"
          },
          {
            "id": 5,
            "text": "1 : 성관계 거부하면 흉기 들고 위협했대 ㅠㅠ",
            "norm_text": "성관계 거부하면 흉기 들고 위협했대 ㅠㅠ",
            "speaker": {
              "id": "1번",
              "sex": "여성",
              "age": "20대"
            },
            "speechAct": "(단언) 진술하기",
            "morpheme": "성관계/NNG+거부/NNG+하/XSV+면/EC+흉기/NNG+들/VV+고/EC+위협/NNG+했/XSV+EP+대/EF+ㅠㅠ/UNKNOWN"
          },
          {
            "id": 6,
            "text": "2 : 10대라고 아휴 머리에 피도 안 마른 것들이",
            "norm_text": "10대라고 아휴 머리에 피도 안 마른 것들이",
            "speaker": {
              "id": "2번",
              "sex": "남성",
              "age": "20대"
            },
            "speechAct": "(단언) 주장하기",
            "morpheme": "10/SN+대/NNBC+라고/VCP+EC+아휴/IC+머리/NNG+에/JKB+피/NNG+도/JX+안/MAG+마른/VV+ETM+것/NNB+들/XSN+이/JKS"
          },
          {
            "id": 7,
            "text": "1 : 19살이랑 14살이랑 동거 한다는데 미친 거 아닐까",
            "norm_text": "19살이랑 14살이랑 동거 한다는데 미친 거 아닐까",
            "speaker": {
              "id": "1번",
              "sex": "여성",
              "age": "20대"
            },
            "speechAct": "(단언) 주장하기",
            "morpheme": "19/SN+살/NNBC+이랑/JC+14/SN+살/NNBC+이랑/JC+동거/NNG+한다는/XSV+ETM+데/NNB+미친/VV+ETM+거/NNB+아닐까/VCN+EC"
          },
          {
            "id": 8,
            "text": "2 : 아 진짜 성관계 거부하면 그랬다고 ? 에휴...",
            "norm_text": "아 진짜 성관계 거부하면 그랬다고 ? 에휴...",
            "speaker": {
              "id": "2번",
              "sex": "남성",
              "age": "20대"
            },
            "speechAct": "(지시) 질문하기",
            "morpheme": "아/IC+진짜/MAG+성관계/NNG+거부/NNG+하/XSV+면/EC+그랬/VV+EP+다고/EF+에휴/IC+./SY"
          },
          {
            "id": 9,
            "text": "1 : 와 쟤는 처벌 좀 받아야 되겠는데",
            "norm_text": "와 쟤는 처벌 좀 받아야 되겠는데",
            "speaker": {
              "id": "1번",
              "sex": "여성",
              "age": "20대"
            },
            "speechAct": "(단언) 주장하기",
            "morpheme": "와/IC+쟤/NP+는/JX+처벌/NNG+좀/MAG+받/VV+아야/EC+되/VV+겠/EP+는데/EC"
          },
          {
            "id": 10,
            "text": "2 : 아 진짜 어린것들이 더하네 요즘 키키",
            "norm_text": "아 진짜 어린것들이 더하네 요즘 키키",
            "speaker": {
              "id": "2번",
              "sex": "남성",
              "age": "20대"
            },
            "speechAct": "(단언) 주장하기",
            "morpheme": "아/IC+진짜/MAG+어린/VA+ETM+것/NNB+들/XSN+이/JKS+더/MAG+하/VV+네/EF+요즘/MAG+키/NNG+키/XSV+ETN"
          },
          {
            "id": 11,
            "text": "2 : 세상 말세다",
            "norm_text": "세상 말세다",
            "speaker": {
              "id": "2번",
              "sex": "남성",
              "age": "20대"
            },
            "speechAct": "(단언) 주장하기",
            "morpheme": "세상/NNG+말세/NNG+다/VCP+EC"
          },
          {
            "id": 12,
            "text": "1 : 짜증 나게 촉법 소년이라고 키키 집행유예 받았어",
            "norm_text": "짜증 나게 촉법 소년이라고 키키 집행유예 받았어",
            "speaker": {
              "id": "1번",
              "sex": "여성",
              "age": "20대"
            },
            "speechAct": "(단언) 진술하기",
            "morpheme": "짜증/NNG+나/VV+게/EC+촉법소년/NNG+이/VCP+라고/EC+키키/NNP+집행유예/NNP+받/VV+았/EP+어/EC"
          },
          {
            "id": 13,
            "text": "2 : 진짜 처벌이 머야 그냥 들어가야지 ㅡㅡ",
            "norm_text": "진짜 처벌이 머야 그냥 들어가야지 ㅡㅡ",
            "speaker": {
              "id": "2번",
              "sex": "남성",
              "age": "20대"
            },
            "speechAct": "(단언) 주장하기",
            "morpheme": "진짜/MAG+처벌/NNG+이/JKS+머/NP+야/JX+그냥/MAG+들어가/VV+야지/EF+ㅡㅡ/UNKNOWN"
          },
          {
            "id": 14,
            "text": "1 : 피해자 어떻게 살아가냐 다음에 또 협박 하러 올 텐데",
            "norm_text": "피해자 어떻게 살아가냐 다음에 또 협박 하러 올 텐데",
            "speaker": {
              "id": "1번",
              "sex": "여성",
              "age": "20대"
            },
            "speechAct": "(단언) 주장하기",
            "morpheme": "피해자/NNG+어떻게/MAG+살아가/VV+냐/EC+다음/NNG+에/JKB+또/MAG+협박/NNG+하/XSV+러/EC+올/VV+ETM+텐데/NNB+VCP+EC"
          },
          {
            "id": 15,
            "text": "2 : 진짜 저런 것들은 부모님이 알라나",
            "norm_text": "진짜 저런 것들은 부모님이 알라나",
            "speaker": {
              "id": "2번",
              "sex": "남성",
              "age": "20대"
            },
            "speechAct": "(지시) 질문하기",
            "morpheme": "진짜/MAG+저런/MM+것/NNB+들/XSN+은/JX+부모/NNG+님/XSN+이/JKS+알라나/NNP"
          },
          {
            "id": 16,
            "text": "1 : 그러게 키키 와 진짜 너무 한다 ㅠ",
            "norm_text": "그러게 키키 와 진짜 너무 한다 ㅠ",
            "speaker": {
              "id": "1번",
              "sex": "여성",
              "age": "20대"
            },
            "speechAct": "(단언) 주장하기",
            "morpheme": "그러/VV+게/EC+키/NNG+키/XSV+ETN+와/JKB+진짜/MAG+너무/MAG+한/XSA+ETM+다ㅠ/UNKNOWN"
          },
          {
            "id": 17,
            "text": "1 : 애도 낳고 저게 뭐냐",
            "norm_text": "애도 낳고 저게 뭐냐",
            "speaker": {
              "id": "1번",
              "sex": "여성",
              "age": "20대"
            },
            "speechAct": "(단언) 주장하기",
            "morpheme": "애/NNG+도/JX+낳/VV+고/EC+저게/NP+JKS+뭐/NP+냐/VCP+EC"
          },
          {
            "id": 18,
            "text": "2 : 아 부모님들도 저런 자식 키울라면 힘들것다",
            "norm_text": "아 부모님들도 저런 자식 키울라면 힘들것다",
            "speaker": {
              "id": "2번",
              "sex": "남성",
              "age": "20대"
            },
            "speechAct": "(단언) 주장하기",
            "morpheme": "아/IC+부모/NNG+님/XSN+들/XSN+도/JX+저런/MM+자식/NNG+키/XSV+ETN+울/VV+라면/EC+힘들/VA+것다/EC"
          }
        ]
      }
    }
  ]
}