{
  "dataset": {
    "identifier": 125281,
    "name": "FACEBOOK_124_17_set",
    "src_path": "/data/file/cubeManager/PROJECT001/84/txt20211105143621064086/FACEBOOK_124_17_set/",
    "label_path": "/data/file/cubeManager/PROJECT001/84/txt20211105143621064086/FACEBOOK_124_17_set/",
    "category": 2,
    "type": 0
  },
  "licenses": {
    "name": "Apache License 1.0",
    "url": "http://www.apache.org/licenses/LICENSE-1.0"
  },
  "info": [
    {
      "id": 140153,
      "filename": "FACEBOOK_124_17.txt",
      "title": "FACEBOOK_124_17",
      "mediatype": "SNS",
      "medianame": "페이스북",
      "category": "일상대화",
      "date": "2021-11-05",
      "size": 442,
      "annotations": {
        "subject": "건강",
        "speaker_type": "1:1",
        "size": 442,
        "word_size": 147,
        "text": "1 : 요즘 허리랑 목이랑 안 아픈 곳이 없어...\n2 : 아 진짜 왜 나도 그렇긴 해\n1 : 너무 컴퓨터 앞에 오래 앉아 있어서 그런가 ㅠㅠ\n2 : 나는 어깨가 아파 승모근이랑 키키 진짜 승모근이 딱딱해\n1 : 승모근 딱딱하면 좋은 거 아니야? 키키\n2 : 좀만 참아 그래도 좀 있음 일 끝나잖아\n1 : 그렇긴 한데 퇴근하고 집 가서 얼른 쉬고 싶다!\n2 : 승모근이 딱딱하면 안 좋지 ... 너무 뻐근해 ...\n1 : 그렇구나 아니면 그냥 주물럭 마사지 정도 해봐\n2 : 나는 집인데도 지금 일하고 있어...\n2 : 배고프다\n1 : 배고프면 얼른 챙겨 먹어 그래야 건강 안 잃지!\n2 : 주물럭 마사지 해줄 사람이 없어... 기계를 사야 하나\n1 : 아니 직접 해야지 혼자도 가능하다더라 키키\n2 : 진짜 밥 잘 안 먹어서 요새 손 떨려\n1 : 그래? 밥 얼른 챙겨 먹고 와\n2 : 잘 챙겨 먹어야 해 그니까 골고루",
        "lines": [
          {
            "id": 1,
            "text": "1 : 요즘 허리랑 목이랑 안 아픈 곳이 없어...",
            "norm_text": "요즘 허리랑 목이랑 안 아픈 곳이 없어...",
            "speaker": {
              "id": "1번",
              "sex": "여성",
              "age": "20대"
            },
            "speechAct": "(단언) 주장하기",
            "morpheme": "요즘/NNG+허리/NNG+랑/JKB+목/NNG+이랑/JC+안/MAG+아픈/VA+ETM+곳/NNG+이/JKS+없/VA+어/EF+./SY"
          },
          {
            "id": 2,
            "text": "2 : 아 진짜 왜 나도 그렇긴 해",
            "norm_text": "아 진짜 왜 나도 그렇긴 해",
            "speaker": {
              "id": "2번",
              "sex": "남성",
              "age": "20대"
            },
            "speechAct": "(단언) 주장하기",
            "morpheme": "아/IC+진짜/MAG+왜/MAG+나/NP+도/JX+그렇/VA+긴/ETN+JX+해/VX+EC"
          },
          {
            "id": 3,
            "text": "1 : 너무 컴퓨터 앞에 오래 앉아 있어서 그런가 ㅠㅠ",
            "norm_text": "너무 컴퓨터 앞에 오래 앉아 있어서 그런가 ㅠㅠ",
            "speaker": {
              "id": "1번",
              "sex": "여성",
              "age": "20대"
            },
            "speechAct": "(단언) 주장하기",
            "morpheme": "너무/MAG+컴퓨터/NNG+앞/NNG+에/JKB+오래/MAG+앉/VV+아/EC+있/VX+어서/EC+그런가/VA+EC+ㅠㅠ/UNKNOWN"
          },
          {
            "id": 4,
            "text": "2 : 나는 어깨가 아파 승모근이랑 키키 진짜 승모근이 딱딱해",
            "norm_text": "나는 어깨가 아파 승모근이랑 키키 진짜 승모근이 딱딱해",
            "speaker": {
              "id": "2번",
              "sex": "남성",
              "age": "20대"
            },
            "speechAct": "(단언) 주장하기",
            "morpheme": "나/NP+는/JX+어깨/NNG+가/JKS+아파/VA+EC+승모근/NNG+이랑/JKB+키/NNG+키/XSV+ETN+진짜/MAG+승모근/NNG+이/JKS+딱딱/XR+해/XSA+EC"
          },
          {
            "id": 5,
            "text": "1 : 승모근 딱딱하면 좋은 거 아니야? 키키",
            "norm_text": "승모근 딱딱하면 좋은 거 아니야? 키키",
            "speaker": {
              "id": "1번",
              "sex": "여성",
              "age": "20대"
            },
            "speechAct": "(지시) 질문하기",
            "morpheme": "승모근/NNG+딱딱/XR+하/XSA+면/EC+좋/VA+은/ETM+거/NNB+아니/VCN+야/EF+키/NNG+키/XSV+ETN"
          },
          {
            "id": 6,
            "text": "2 : 좀만 참아 그래도 좀 있음 일 끝나잖아",
            "norm_text": "좀만 참아 그래도 좀 있음 일 끝나잖아",
            "speaker": {
              "id": "2번",
              "sex": "남성",
              "age": "20대"
            },
            "speechAct": "(단언) 주장하기",
            "morpheme": "좀/MAG+만/JX+참아/MAG+그래도/VV+EC+좀/MAG+있/VV+음/ETN+일/NR+끝/NNG+나/NP+잖아/VCP+EC+VX+EC"
          },
          {
            "id": 7,
            "text": "1 : 그렇긴 한데 퇴근하고 집 가서 얼른 쉬고 싶다!",
            "norm_text": "그렇긴 한데 퇴근하고 집 가서 얼른 쉬고 싶다!",
            "speaker": {
              "id": "1번",
              "sex": "여성",
              "age": "20대"
            },
            "speechAct": "(단언) 주장하기",
            "morpheme": "그렇/VA+긴/ETN+JX+한데/VX+EC+퇴근/NNG+하/XSV+고/EC+집/NNG+가/VV+서/EC+얼른/MAG+쉬/VV+고/EC+싶/VX+다/EF"
          },
          {
            "id": 8,
            "text": "2 : 승모근이 딱딱하면 안 좋지 ... 너무 뻐근해 ...",
            "norm_text": "승모근이 딱딱하면 안 좋지 ... 너무 뻐근해 ...",
            "speaker": {
              "id": "2번",
              "sex": "남성",
              "age": "20대"
            },
            "speechAct": "(단언) 주장하기",
            "morpheme": "승모근/NNG+이/JKS+딱딱/XR+하/XSA+면/EC+안/MAG+좋/VA+지/EF+./SY+너무/MAG+뻐근/XR+해/XSA+EF+./SY"
          },
          {
            "id": 9,
            "text": "1 : 그렇구나 아니면 그냥 주물럭 마사지 정도 해봐",
            "norm_text": "그렇구나 아니면 그냥 주물럭 마사지 정도 해봐",
            "speaker": {
              "id": "1번",
              "sex": "여성",
              "age": "20대"
            },
            "speechAct": "(단언) 주장하기",
            "morpheme": "그렇/VA+구나/EF+아니/VCN+면/EC+그냥/MAG+주물럭/MAG+마사지/NNG+정도/NNG+해/XSV+EC+봐/VX+EC"
          },
          {
            "id": 10,
            "text": "2 : 나는 집인데도 지금 일하고 있어...",
            "norm_text": "나는 집인데도 지금 일하고 있어...",
            "speaker": {
              "id": "2번",
              "sex": "남성",
              "age": "20대"
            },
            "speechAct": "(단언) 주장하기",
            "morpheme": "나/NP+는/JX+집/NNG+인데/VCP+EC+도/JX+지금/MAG+일/NNG+하/XSV+고/EC+있/VX+어/EF+./SY"
          },
          {
            "id": 11,
            "text": "2 : 배고프다",
            "norm_text": "배고프다",
            "speaker": {
              "id": "2번",
              "sex": "남성",
              "age": "20대"
            },
            "speechAct": "(단언) 주장하기",
            "morpheme": "배고프/VA+다/EC"
          },
          {
            "id": 12,
            "text": "1 : 배고프면 얼른 챙겨 먹어 그래야 건강 안 잃지!",
            "norm_text": "배고프면 얼른 챙겨 먹어 그래야 건강 안 잃지!",
            "speaker": {
              "id": "1번",
              "sex": "여성",
              "age": "20대"
            },
            "speechAct": "(단언) 주장하기",
            "morpheme": "배고프/VA+면/EC+얼른/MAG+챙겨/VV+EC+먹/VV+어/EC+그래야/VV+EC+건강/NNG+안/MAG+잃/VV+지/EF"
          },
          {
            "id": 13,
            "text": "2 : 주물럭 마사지 해줄 사람이 없어... 기계를 사야 하나",
            "norm_text": "주물럭 마사지 해줄 사람이 없어... 기계를 사야 하나",
            "speaker": {
              "id": "2번",
              "sex": "남성",
              "age": "20대"
            },
            "speechAct": "(단언) 주장하기",
            "morpheme": "주물럭/MAG+마사지/NNG+해/XSV+EC+줄/VX+ETM+사람/NNG+이/JKS+없/VA+어/EF+./SY+기계/NNG+를/JKO+사/VV+야/EF+하나/NR"
          },
          {
            "id": 14,
            "text": "1 : 아니 직접 해야지 혼자도 가능하다더라 키키",
            "norm_text": "아니 직접 해야지 혼자도 가능하다더라 키키",
            "speaker": {
              "id": "1번",
              "sex": "여성",
              "age": "20대"
            },
            "speechAct": "(단언) 주장하기",
            "morpheme": "아니/IC+직접/MAG+해야지/VV+EC+혼자/NNG+도/JX+가능/NNG+하/XSV+다더라/EC+키/NNG+키/XSV+ETN"
          },
          {
            "id": 15,
            "text": "2 : 진짜 밥 잘 안 먹어서 요새 손 떨려",
            "norm_text": "진짜 밥 잘 안 먹어서 요새 손 떨려",
            "speaker": {
              "id": "2번",
              "sex": "남성",
              "age": "20대"
            },
            "speechAct": "(단언) 주장하기",
            "morpheme": "진짜/MAG+밥/NNG+잘/MAG+안/MAG+먹/VV+어서/EC+요새/NNG+손/NNG+떨려/VV+EC"
          },
          {
            "id": 16,
            "text": "1 : 그래? 밥 얼른 챙겨 먹고 와",
            "norm_text": "그래? 밥 얼른 챙겨 먹고 와",
            "speaker": {
              "id": "1번",
              "sex": "여성",
              "age": "20대"
            },
            "speechAct": "(단언) 주장하기",
            "morpheme": "그래/IC+밥/NNG+얼른/MAG+챙겨/VV+EC+먹/VV+고/EC+와/VV+EC"
          },
          {
            "id": 17,
            "text": "2 : 잘 챙겨 먹어야 해 그니까 골고루",
            "norm_text": "잘 챙겨 먹어야 해 그니까 골고루",
            "speaker": {
              "id": "2번",
              "sex": "남성",
              "age": "20대"
            },
            "speechAct": "(단언) 주장하기",
            "morpheme": "잘/MAG+챙겨/VV+EC+먹/VV+어야/EC+해/VX+EF+그니까/MAJ+골고루/MAG"
          }
        ]
      }
    }
  ]
}