{
  "dataset": {
    "identifier": 116600,
    "name": "FACEBOOK_118_16_set",
    "src_path": "/data/file/cubeManager/PROJECT001/80/txt20211102103331055994/FACEBOOK_118_16_set/",
    "label_path": "/data/file/cubeManager/PROJECT001/80/txt20211102103331055994/FACEBOOK_118_16_set/",
    "category": 2,
    "type": 0
  },
  "licenses": {
    "name": "Apache License 1.0",
    "url": "http://www.apache.org/licenses/LICENSE-1.0"
  },
  "info": [
    {
      "id": 129679,
      "filename": "FACEBOOK_118_16.txt",
      "title": "FACEBOOK_118_16",
      "mediatype": "SNS",
      "medianame": "페이스북",
      "category": "일상대화",
      "date": "2021-11-02",
      "size": 439,
      "annotations": {
        "subject": "미용",
        "speaker_type": "1:1",
        "size": 439,
        "word_size": 148,
        "text": "1 : 언니는 가방 사는 거 좋아해?\n2 : 응 항상 사고 싶어서 문제야 키키\n1 : 아 진짜? 어떤 가방 디자인을 좋아해?\n2 : 나는 좀 심플하게 생긴 거?\n1 : 나는 에코백 아니면 완전 작은 미니백 좋아해!\n2 : 요즘 미니백 많이 들고 다니네?\n1 : 맞아 나는 그 미니백 중에 진짜 작은 거!\n2 : 키키 헐 아니 얼마나 작은 거길래?\n1 : 나 핸드폰이랑 카드만 들어가면 되는 거!\n2 : 아아 그러면 불편하지 않아?\n1 : 어 나는 평상시에도 들고 다닐 게 없어서 괜찮아!\n2 : 키키 그래도 알게 모르게 짐이 생길 수 있잖아\n1 : 아 그렇긴 한데 그때는 뭐 쇼핑백 들고 다니지 뭐~\n1 : 언니는 심플한 거 어떤 거 호보백 같은 거?\n2 : 응 키키 맞아 그런 거 요즘 알아 보고 있어~\n1 : 호보백 보니까 진짜 귀엽고 어떤 스타일에도 잘 맞는 거 같아!\n2 : 응 인스타그램에 많이 올라오더라",
        "lines": [
          {
            "id": 1,
            "text": "1 : 언니는 가방 사는 거 좋아해?",
            "norm_text": "언니는 가방 사는 거 좋아해?",
            "speaker": {
              "id": "1번",
              "sex": "여성",
              "age": "20대"
            },
            "speechAct": "(지시) 질문하기",
            "morpheme": "언니/NNG+는/JX+가방/NNG+사/VV+는/ETM+거/NNB+좋/VA+아/EC+해/VX+EF"
          },
          {
            "id": 2,
            "text": "2 : 응 항상 사고 싶어서 문제야 키키",
            "norm_text": "응 항상 사고 싶어서 문제야 키키",
            "speaker": {
              "id": "2번",
              "sex": "여성",
              "age": "20대"
            },
            "speechAct": "(단언) 주장하기",
            "morpheme": "응/IC+항상/MAG+사/VV+고/EC+싶/VX+어서/EC+문제/NNG+야/VCP+EF+키/NNG+키/XSV+ETN"
          },
          {
            "id": 3,
            "text": "1 : 아 진짜? 어떤 가방 디자인을 좋아해?",
            "norm_text": "아 진짜? 어떤 가방 디자인을 좋아해?",
            "speaker": {
              "id": "1번",
              "sex": "여성",
              "age": "20대"
            },
            "speechAct": "(지시) 질문하기",
            "morpheme": "아/IC+진짜/MAG+어떤/MM+가방/NNG+디자인/NNG+을/JKO+좋아해/VV+EF"
          },
          {
            "id": 4,
            "text": "2 : 나는 좀 심플하게 생긴 거?",
            "norm_text": "나는 좀 심플하게 생긴 거?",
            "speaker": {
              "id": "2번",
              "sex": "여성",
              "age": "20대"
            },
            "speechAct": "(단언) 주장하기",
            "morpheme": "나/NP+는/JX+좀/MAG+심플/NNP+하/VV+게/EC+생긴/VV+ETM+거/NNB"
          },
          {
            "id": 5,
            "text": "1 : 나는 에코백 아니면 완전 작은 미니백 좋아해!",
            "norm_text": "나는 에코백 아니면 완전 작은 미니백 좋아해!",
            "speaker": {
              "id": "1번",
              "sex": "여성",
              "age": "20대"
            },
            "speechAct": "(단언) 주장하기",
            "morpheme": "나/NP+는/JX+에코/NNG+백/NR+아니/VCN+면/EC+완전/MAG+작/VA+은/ETM+미니/NNG+백/NR+좋/VA+아/EC+해/VX+EF"
          },
          {
            "id": 6,
            "text": "2 : 요즘 미니백 많이 들고 다니네?",
            "norm_text": "요즘 미니백 많이 들고 다니네?",
            "speaker": {
              "id": "2번",
              "sex": "여성",
              "age": "20대"
            },
            "speechAct": "(지시) 질문하기",
            "morpheme": "요즘/NNG+미니/NNG+백/NR+많이/MAG+들/VV+고/EC+다니/VV+네/EF"
          },
          {
            "id": 7,
            "text": "1 : 맞아 나는 그 미니백 중에 진짜 작은 거!",
            "norm_text": "맞아 나는 그 미니백 중에 진짜 작은 거!",
            "speaker": {
              "id": "1번",
              "sex": "여성",
              "age": "20대"
            },
            "speechAct": "(단언) 주장하기",
            "morpheme": "맞/VV+아/EC+나/NP+는/JX+그/MM+미니/NNG+백/NR+중/NNB+에/JKB+진짜/MAG+작/VA+은/ETM+거/NNB"
          },
          {
            "id": 8,
            "text": "2 : 키키 헐 아니 얼마나 작은 거길래?",
            "norm_text": "키키 헐 아니 얼마나 작은 거길래?",
            "speaker": {
              "id": "2번",
              "sex": "여성",
              "age": "20대"
            },
            "speechAct": "(지시) 질문하기",
            "morpheme": "키/NNG+키/NNG+헐/XSV+ETM+아니/IC+얼마나/MAG+작/VA+은/ETM+거/NNB+길래/VCP+EF"
          },
          {
            "id": 9,
            "text": "1 : 나 핸드폰이랑 카드만 들어가면 되는 거!",
            "norm_text": "나 핸드폰이랑 카드만 들어가면 되는 거!",
            "speaker": {
              "id": "1번",
              "sex": "여성",
              "age": "20대"
            },
            "speechAct": "(단언) 주장하기",
            "morpheme": "나/NP+핸드폰/NNG+이랑/JKB+카드/NNG+만/JX+들어가/VV+면/EC+되/VV+는/ETM+거/NNB"
          },
          {
            "id": 10,
            "text": "2 : 아아 그러면 불편하지 않아?",
            "norm_text": "아아 그러면 불편하지 않아?",
            "speaker": {
              "id": "2번",
              "sex": "여성",
              "age": "20대"
            },
            "speechAct": "(지시) 질문하기",
            "morpheme": "아아/IC+그러면/MAJ+불편/NNG+하/XSV+지/EC+않/VX+아/EF"
          },
          {
            "id": 11,
            "text": "1 : 어 나는 평상시에도 들고 다닐 게 없어서 괜찮아!",
            "norm_text": "어 나는 평상시에도 들고 다닐 게 없어서 괜찮아!",
            "speaker": {
              "id": "1번",
              "sex": "여성",
              "age": "20대"
            },
            "speechAct": "(단언) 주장하기",
            "morpheme": "어/IC+나/NP+는/JX+평상시/NNG+에/JKB+도/JX+들/VV+고/EC+다닐/VV+ETM+게/NNB+JKS+없/VA+어서/EC+괜찮/VA+아/EF"
          },
          {
            "id": 12,
            "text": "2 : 키키 그래도 알게 모르게 짐이 생길 수 있잖아",
            "norm_text": "키키 그래도 알게 모르게 짐이 생길 수 있잖아",
            "speaker": {
              "id": "2번",
              "sex": "여성",
              "age": "20대"
            },
            "speechAct": "(지시) 질문하기",
            "morpheme": "키/NNG+키/XSV+ETN+그래도/VV+EC+알/VV+게/EC+모르/VV+게/EC+짐/NNG+이/JKS+생길/VV+ETM+수/NNB+있/VV+잖아/EC"
          },
          {
            "id": 13,
            "text": "1 : 아 그렇긴 한데 그때는 뭐 쇼핑백 들고 다니지 뭐~",
            "norm_text": "아 그렇긴 한데 그때는 뭐 쇼핑백 들고 다니지 뭐~",
            "speaker": {
              "id": "1번",
              "sex": "여성",
              "age": "20대"
            },
            "speechAct": "(단언) 주장하기",
            "morpheme": "아/IC+그렇/VA+긴/ETN+JX+한데/VX+EC+그때/NNG+는/JX+뭐/IC+쇼핑백/NNG+들/VV+고/EC+다니/VV+지/EF+뭐/IC+~/SY"
          },
          {
            "id": 14,
            "text": "1 : 언니는 심플한 거 어떤 거 호보백 같은 거?",
            "norm_text": "언니는 심플한 거 어떤 거 호보백 같은 거?",
            "speaker": {
              "id": "1번",
              "sex": "여성",
              "age": "20대"
            },
            "speechAct": "(지시) 질문하기",
            "morpheme": "언니/NNG+는/JX+심플/NNP+한/XSA+ETM+거/NNB+어떤/MM+거/NNB+호보/NNG+백/NR+같/VA+은/ETM+거/NNB"
          },
          {
            "id": 15,
            "text": "2 : 응 키키 맞아 그런 거 요즘 알아 보고 있어~",
            "norm_text": "응 키키 맞아 그런 거 요즘 알아 보고 있어~",
            "speaker": {
              "id": "2번",
              "sex": "여성",
              "age": "20대"
            },
            "speechAct": "(단언) 주장하기",
            "morpheme": "응/IC+키/NNG+키/XSV+ETN+맞/VV+아/EC+그런/MM+거/NNB+요즘/MAG+알아보/VV+고/EC+있/VX+어/EC+~/SY"
          },
          {
            "id": 16,
            "text": "1 : 호보백 보니까 진짜 귀엽고 어떤 스타일에도 잘 맞는 거 같아!",
            "norm_text": "호보백 보니까 진짜 귀엽고 어떤 스타일에도 잘 맞는 거 같아!",
            "speaker": {
              "id": "1번",
              "sex": "여성",
              "age": "20대"
            },
            "speechAct": "(단언) 주장하기",
            "morpheme": "호보/NNG+백/NR+보/VV+니까/EC+진짜/MAG+귀엽/VA+고/EC+어떤/MM+스타일/NNG+에/JKB+도/JX+잘/MAG+맞/VV+는/ETM+거/NNB+같/VA+아/EF"
          },
          {
            "id": 17,
            "text": "2 : 응 인스타그램에 많이 올라오더라",
            "norm_text": "응 인스타그램에 많이 올라오더라",
            "speaker": {
              "id": "2번",
              "sex": "여성",
              "age": "20대"
            },
            "speechAct": "(단언) 진술하기",
            "morpheme": "응인/NNG+스타/NNG+그램/NNG+에/JKB+많이/MAG+올라오/VV+더라/EC"
          }
        ]
      }
    }
  ]
}