{
  "dataset": {
    "identifier": 114738,
    "name": "FACEBOOK_113_08_set",
    "src_path": "/data/file/cubeManager/PROJECT001/80/txt20211103154237041635/FACEBOOK_113_08_set/",
    "label_path": "/data/file/cubeManager/PROJECT001/80/txt20211103154237041635/FACEBOOK_113_08_set/",
    "category": 2,
    "type": 0
  },
  "licenses": {
    "name": "Apache License 1.0",
    "url": "http://www.apache.org/licenses/LICENSE-1.0"
  },
  "info": [
    {
      "id": 135363,
      "filename": "FACEBOOK_113_08.txt",
      "title": "FACEBOOK_113_08",
      "mediatype": "SNS",
      "medianame": "페이스북",
      "category": "일상대화",
      "date": "2021-11-03",
      "size": 500,
      "annotations": {
        "subject": "연애/결혼",
        "speaker_type": "1:1",
        "size": 500,
        "word_size": 169,
        "text": "1 : 언니 축의금은 얼마로 정해야 하는 게 맞는 걸까?\n2 : 난 친한 친구는 십 더 친하면 이십 삼십? 동료들은 오?\n1 : 별로 안 친한 친구한테 연락이 왔는데 가야하는 게 맞나~?\n2 : 그럼 오 내야지\n2 : 근데 그럼 가지마\n1 : 그런가,\n1 : 근데 진짜 올 거냐고 계속 물어봐,\n2 : 웅 왜가\n2 : 니 결혼식 올 것 같은 사람들만 너도 가\n1 : 키키 나는 진짜 결혼식 안 하면 비혼식이라도 할 거임!\n2 : 키키 나도 뿌린 축의금이 얼만데\n1 : 키키 맞아 나는 이제 뿌리기 시작했어,\n2 : 그거 잘 골라서 가 걔네 나중에 니 결혼식 안간다\n1 : 와 근데 안 오면 진짜 뭐라고 해야 하는 거 아니야!?\n2 : 그니까 너도 갈 필요없어\n1 : 키키 그러니까 그리고 요즘에 뷔페값도 엄청 비싸대,, 기본 5만 원이 이제 아니래,\n2 : 그래도 근데 코로나 때문에 인원 때문에 물어보는 거 아냐 그 친구?\n1 : 아 그런가?\n1 : 일단 간다고는 했는데\n1 : 그래! 가야지!\n2 : 그냥 일 생겨서 못간다해!",
        "lines": [
          {
            "id": 1,
            "text": "1 : 언니 축의금은 얼마로 정해야 하는 게 맞는 걸까?",
            "norm_text": "언니 축의금은 얼마로 정해야 하는 게 맞는 걸까?",
            "speaker": {
              "id": "1번",
              "sex": "여성",
              "age": "20대"
            },
            "speechAct": "(지시) 질문하기",
            "morpheme": "언니/NNG+축의금/NNG+은/JX+얼마/NNG+로/JKB+정해야/VV+EC+하/VV+는/ETM+게/NNB+JKS+맞/VV+는/ETM+걸까/NNB+VCP+EF"
          },
          {
            "id": 2,
            "text": "2 : 난 친한 친구는 십 더 친하면 이십 삼십? 동료들은 오?",
            "norm_text": "난 친한 친구는 십 더 친하면 이십 삼십? 동료들은 오?",
            "speaker": {
              "id": "2번",
              "sex": "여성",
              "age": "20대"
            },
            "speechAct": "(단언) 주장하기",
            "morpheme": "난/NP+JX+친한/VA+ETM+친구/NNG+는/JX+십/NR+더/MAG+친하/VA+면/EC+이/NR+십/NR+삼/NR+십/NR+동료/NNG+들/XSN+은/JX+오/VV+EF"
          },
          {
            "id": 3,
            "text": "1 : 별로 안 친한 친구한테 연락이 왔는데 가야하는 게 맞나~?",
            "norm_text": "별로 안 친한 친구한테 연락이 왔는데 가야하는 게 맞나~?",
            "speaker": {
              "id": "1번",
              "sex": "여성",
              "age": "20대"
            },
            "speechAct": "(지시) 질문하기",
            "morpheme": "별로/MAG+안/MAG+친한/VA+ETM+친구/NNG+한테/JKB+연락/NNG+이/JKS+왔/VV+EP+는데/EC+가/VX+야/EC+하/VV+는/ETM+게/NNB+JKS+맞/VV+나/EC+~/SY"
          },
          {
            "id": 4,
            "text": "2 : 그럼 오 내야지",
            "norm_text": "그럼 오 내야지",
            "speaker": {
              "id": "2번",
              "sex": "여성",
              "age": "20대"
            },
            "speechAct": "(단언) 주장하기",
            "morpheme": "그럼/MAJ+오내/NNG+야지/NNG"
          },
          {
            "id": 5,
            "text": "2 : 근데 그럼 가지마",
            "norm_text": "근데 그럼 가지마",
            "speaker": {
              "id": "2번",
              "sex": "여성",
              "age": "20대"
            },
            "speechAct": "(지시) 충고/제안하기",
            "morpheme": "근데/MAJ+그럼/MAJ+가지마/NNP"
          },
          {
            "id": 6,
            "text": "1 : 그런가,",
            "norm_text": "그런가,",
            "speaker": {
              "id": "1번",
              "sex": "여성",
              "age": "20대"
            },
            "speechAct": "(단언) 주장하기",
            "morpheme": "그런가/VA+EC+,/SC"
          },
          {
            "id": 7,
            "text": "1 : 근데 진짜 올 거냐고 계속 물어봐,",
            "norm_text": "근데 진짜 올 거냐고 계속 물어봐,",
            "speaker": {
              "id": "1번",
              "sex": "여성",
              "age": "20대"
            },
            "speechAct": "(단언) 진술하기",
            "morpheme": "근데/MAJ+진짜/MAG+올/VV+ETM+거/NNB+냐고/VCP+EC+계속/MAG+물/VV+어/EC+봐/VX+EF+,/SC"
          },
          {
            "id": 8,
            "text": "2 : 웅 왜가",
            "norm_text": "웅 왜가",
            "speaker": {
              "id": "2번",
              "sex": "여성",
              "age": "20대"
            },
            "speechAct": "(단언) 주장하기",
            "morpheme": "웅/IC+왜/MAG+가/VV+EC"
          },
          {
            "id": 9,
            "text": "2 : 니 결혼식 올 것 같은 사람들만 너도 가",
            "norm_text": "니 결혼식 올 것 같은 사람들만 너도 가",
            "speaker": {
              "id": "2번",
              "sex": "여성",
              "age": "20대"
            },
            "speechAct": "(지시) 충고/제안하기",
            "morpheme": "니/MM+결혼식/NNG+올/VV+ETM+것/NNB+같/VA+은/ETM+사람/NNG+들/XSN+만/JX+너/NP+도/JX+가/VV+EC"
          },
          {
            "id": 10,
            "text": "1 : 키키 나는 진짜 결혼식 안 하면 비혼식이라도 할 거임!",
            "norm_text": "키키 나는 진짜 결혼식 안 하면 비혼식이라도 할 거임!",
            "speaker": {
              "id": "1번",
              "sex": "여성",
              "age": "20대"
            },
            "speechAct": "(단언) 주장하기",
            "morpheme": "키/NNG+키나/XSA+ETN+JX+는/JX+진짜/MAG+결혼식/NNG+안/MAG+하/VV+면/EC+비/XPN+혼식/NNG+이/VCP+라도/EC+할/VX+ETM+거/NNB+임/VCP+ETN"
          },
          {
            "id": 11,
            "text": "2 : 키키 나도 뿌린 축의금이 얼만데",
            "norm_text": "키키 나도 뿌린 축의금이 얼만데",
            "speaker": {
              "id": "2번",
              "sex": "여성",
              "age": "20대"
            },
            "speechAct": "(단언) 주장하기",
            "morpheme": "키/NNG+키나/XSA+ETN+JX+도/JX+뿌린/VV+ETM+축의금/NNG+이/JKS+얼만데/NNG+VCP+EC"
          },
          {
            "id": 12,
            "text": "1 : 키키 맞아 나는 이제 뿌리기 시작했어,",
            "norm_text": "키키 맞아 나는 이제 뿌리기 시작했어,",
            "speaker": {
              "id": "1번",
              "sex": "여성",
              "age": "20대"
            },
            "speechAct": "(단언) 주장하기",
            "morpheme": "키/NNG+키/XSV+ETN+맞/VV+아/EC+나/NP+는/JX+이제/MAG+뿌리/VV+기/ETN+시작/NNG+했/XSV+EP+어/EF+,/SC"
          },
          {
            "id": 13,
            "text": "2 : 그거 잘 골라서 가 걔네 나중에 니 결혼식 안간다",
            "norm_text": "그거 잘 골라서 가 걔네 나중에 니 결혼식 안간다",
            "speaker": {
              "id": "2번",
              "sex": "여성",
              "age": "20대"
            },
            "speechAct": "(단언) 주장하기",
            "morpheme": "그거/NP+잘/MAG+골라서/VV+EC+가/JKS+걔/NP+네/XSN+나중/NNG+에/JKB+니/MM+결혼식/NNG+안/MAG+간다/VV+EC"
          },
          {
            "id": 14,
            "text": "1 : 와 근데 안 오면 진짜 뭐라고 해야 하는 거 아니야!?",
            "norm_text": "와 근데 안 오면 진짜 뭐라고 해야 하는 거 아니야!?",
            "speaker": {
              "id": "1번",
              "sex": "여성",
              "age": "20대"
            },
            "speechAct": "(지시) 질문하기",
            "morpheme": "와/IC+근데/MAJ+안/MAG+오/VV+면/EC+진짜/MAG+뭐/NP+라고/VCP+EC+해야/VV+EC+하/VV+는/ETM+거/NNB+아니/VCN+야/EC+!/SY"
          },
          {
            "id": 15,
            "text": "2 : 그니까 너도 갈 필요없어",
            "norm_text": "그니까 너도 갈 필요없어",
            "speaker": {
              "id": "2번",
              "sex": "여성",
              "age": "20대"
            },
            "speechAct": "(지시) 충고/제안하기",
            "morpheme": "그니까/MAJ+너/NP+도/JX+갈/VV+ETM+필요/NNG+없/VA+어/EC"
          },
          {
            "id": 16,
            "text": "1 : 키키 그러니까 그리고 요즘에 뷔페값도 엄청 비싸대,, 기본 5만 원이 이제 아니래,",
            "norm_text": "키키 그러니까 그리고 요즘에 뷔페값도 엄청 비싸대,, 기본 5만 원이 이제 아니래,",
            "speaker": {
              "id": "1번",
              "sex": "여성",
              "age": "20대"
            },
            "speechAct": "(단언) 진술하기",
            "morpheme": "키/NNG+키/XSV+ETN+그러니까/MAJ+그리고/MAJ+요즘/NNG+에/JKB+뷔페/NNG+값/NNG+도/JX+엄청/MAG+비싸/VA+대/EF+,/SC+,/SC+기본/NNG+5/SN+만/NR+원/NNBC+이/JKS+이제/MAG+아니/VCN+래/EF+,/SC"
          },
          {
            "id": 17,
            "text": "2 : 그래도 근데 코로나 때문에 인원 때문에 물어보는 거 아냐 그 친구?",
            "norm_text": "그래도 근데 코로나 때문에 인원 때문에 물어보는 거 아냐 그 친구?",
            "speaker": {
              "id": "2번",
              "sex": "여성",
              "age": "20대"
            },
            "speechAct": "(지시) 질문하기",
            "morpheme": "그래도/MAJ+근데/MAJ+코로나/NNG+때문/NNB+에/JKB+인원/NNG+때문/NNB+에/JKB+물/VV+어/EC+보/VX+는/ETM+거/NNB+아냐/VCN+EF+그/MM+친구/NNG"
          },
          {
            "id": 18,
            "text": "1 : 아 그런가?",
            "norm_text": "아 그런가?",
            "speaker": {
              "id": "1번",
              "sex": "여성",
              "age": "20대"
            },
            "speechAct": "(단언) 주장하기",
            "morpheme": "아/IC+그런가/VA+EF"
          },
          {
            "id": 19,
            "text": "1 : 일단 간다고는 했는데",
            "norm_text": "일단 간다고는 했는데",
            "speaker": {
              "id": "1번",
              "sex": "여성",
              "age": "20대"
            },
            "speechAct": "(단언) 진술하기",
            "morpheme": "일단/MAG+간다고/VV+EC+는/JX+했/VV+EP+는데/EC"
          },
          {
            "id": 20,
            "text": "1 : 그래! 가야지!",
            "norm_text": "그래! 가야지!",
            "speaker": {
              "id": "1번",
              "sex": "여성",
              "age": "20대"
            },
            "speechAct": "(단언) 주장하기",
            "morpheme": "그래/IC+가/VV+야지/EF"
          },
          {
            "id": 21,
            "text": "2 : 그냥 일 생겨서 못간다해!",
            "norm_text": "그냥 일 생겨서 못간다해!",
            "speaker": {
              "id": "2번",
              "sex": "여성",
              "age": "20대"
            },
            "speechAct": "(지시) 충고/제안하기",
            "morpheme": "그냥/MAG+일/NNG+생겨서/VV+EC+못/MAG+간다/VV+EC+해/VX+EF"
          }
        ]
      }
    }
  ]
}