{
  "dataset": {
    "identifier": 104381,
    "name": "FACEBOOK_106_18_set",
    "src_path": "/data/file/cubeManager/PROJECT001/77/txt20211028145511037645/FACEBOOK_106_18_set/",
    "label_path": "/data/file/cubeManager/PROJECT001/77/txt20211028145511037645/FACEBOOK_106_18_set/",
    "category": 2,
    "type": 0
  },
  "licenses": {
    "name": "Apache License 1.0",
    "url": "http://www.apache.org/licenses/LICENSE-1.0"
  },
  "info": [
    {
      "id": 100523,
      "filename": "FACEBOOK_106_18.txt",
      "title": "FACEBOOK_106_18",
      "mediatype": "SNS",
      "medianame": "페이스북",
      "category": "일상대화",
      "date": "2021-10-28",
      "size": 418,
      "annotations": {
        "subject": "상거래 전반",
        "speaker_type": "1:1",
        "size": 418,
        "word_size": 143,
        "text": "1 : 언니는 온라인에서 주로 뭐 사고 있어?\n2 : 나는 거의 쿠팡 많이 이용하지\n1 : 역시 요즘 젊은이들은 쿠팡을 많이 이용하구나!\n2 : 쿠팡 없음 못살아 하루 배송 키키\n1 : 언니도 다달이 회원비 내서 쓰고 있어?\n2 : 맞아\n2 : 이천 구백원?\n2 : 와우? 키키\n1 : 근데 쿠팡은 그렇게 싸게 해서 남는 게 있나?\n2 : 맞아\n2 : 의심 가기는 한데 편해\n1 : 맞아 키키\n1 : 일하는 분들한테는 죄송하지만 우리는 너무 편해 ㅜ\n2 : 키키 쿠팡맨 들 맬 고생하잖아 ㅜㅜ\n1 : 맞아 ㅜㅜ 언니 최근에는 쿠팡에서 뭐 샀어?\n2 : 나 오늘도 진봉이 사료가 도착했어\n1 : 키키 진봉이 사료 거기서 사는 게 싸?\n2 : 싼 건 아닌 거 같은데 똑같은데 하루배송이니까\n1 : 아 인정 키키\n1 : 항상 카드로 구매하고 있지!?\n2 : 맞아\n2 : 자동 결제지 편하잖아",
        "lines": [
          {
            "id": 1,
            "text": "1 : 언니는 온라인에서 주로 뭐 사고 있어?",
            "norm_text": "언니는 온라인에서 주로 뭐 사고 있어?",
            "speaker": {
              "id": "1번",
              "sex": "여성",
              "age": "20대"
            },
            "speechAct": "(지시) 질문하기",
            "morpheme": "언니/NNG+는/JX+온라인/NNG+에서/JKB+주로/MAG+뭐/IC+사/VV+고/EC+있/VX+어/EF"
          },
          {
            "id": 2,
            "text": "2 : 나는 거의 쿠팡 많이 이용하지",
            "norm_text": "나는 거의 쿠팡 많이 이용하지",
            "speaker": {
              "id": "2번",
              "sex": "여성",
              "age": "20대"
            },
            "speechAct": "(단언) 주장하기",
            "morpheme": "나/NP+는/JX+거의/MAG+쿠/MAG+팡/MAG+많이/MAG+이용/NNG+하/XSV+지/EC"
          },
          {
            "id": 3,
            "text": "1 : 역시 요즘 젊은이들은 쿠팡을 많이 이용하구나!",
            "norm_text": "역시 요즘 젊은이들은 쿠팡을 많이 이용하구나!",
            "speaker": {
              "id": "1번",
              "sex": "여성",
              "age": "20대"
            },
            "speechAct": "(단언) 진술하기",
            "morpheme": "역시/MAJ+요즘/MAG+젊은이/NNG+들/XSN+은/JX+쿠팡/NNP+을/JKO+많이/MAG+이용/NNG+하/XSA+구나/EF"
          },
          {
            "id": 4,
            "text": "2 : 쿠팡 없음 못살아 하루 배송 키키",
            "norm_text": "쿠팡 없음 못살아 하루 배송 키키",
            "speaker": {
              "id": "2번",
              "sex": "여성",
              "age": "20대"
            },
            "speechAct": "(단언) 주장하기",
            "morpheme": "쿠팡/NNP+없음/NNP+못/MAG+살/VV+아/EC+하루/NNG+배송/NNG+키/NNG+키/XSV+ETN"
          },
          {
            "id": 5,
            "text": "1 : 언니도 다달이 회원비 내서 쓰고 있어?",
            "norm_text": "언니도 다달이 회원비 내서 쓰고 있어?",
            "speaker": {
              "id": "1번",
              "sex": "여성",
              "age": "20대"
            },
            "speechAct": "(지시) 질문하기",
            "morpheme": "언니/NNG+도/JX+다달이/MAG+회원/NNG+비내/NNG+서/JKB+쓰/VV+고/EC+있/VX+어/EF"
          },
          {
            "id": 6,
            "text": "2 : 맞아",
            "norm_text": "맞아",
            "speaker": {
              "id": "2번",
              "sex": "여성",
              "age": "20대"
            },
            "speechAct": "(단언) 주장하기",
            "morpheme": "맞/VV+아/EC"
          },
          {
            "id": 7,
            "text": "2 : 이천 구백원?",
            "norm_text": "이천 구백원?",
            "speaker": {
              "id": "2번",
              "sex": "여성",
              "age": "20대"
            },
            "speechAct": "(지시) 질문하기",
            "morpheme": "이/NR+천/NR+구/NR+백/NR+원/NNBC"
          },
          {
            "id": 8,
            "text": "2 : 와우? 키키",
            "norm_text": "와우? 키키",
            "speaker": {
              "id": "2번",
              "sex": "여성",
              "age": "20대"
            },
            "speechAct": "(단언) 주장하기",
            "morpheme": "와우/IC+키/NNG+키/XSV+ETN"
          },
          {
            "id": 9,
            "text": "1 : 근데 쿠팡은 그렇게 싸게 해서 남는 게 있나?",
            "norm_text": "근데 쿠팡은 그렇게 싸게 해서 남는 게 있나?",
            "speaker": {
              "id": "1번",
              "sex": "여성",
              "age": "20대"
            },
            "speechAct": "(지시) 질문하기",
            "morpheme": "근데/MAJ+쿠팡/NNP+은/JX+그렇게/MAG+싸/VV+게/EC+해서/VV+EC+남/VV+는/ETM+게/NNB+JKS+있/VA+나/EF"
          },
          {
            "id": 10,
            "text": "2 : 맞아",
            "norm_text": "맞아",
            "speaker": {
              "id": "2번",
              "sex": "여성",
              "age": "20대"
            },
            "speechAct": "(단언) 주장하기",
            "morpheme": "맞/VV+아/EC"
          },
          {
            "id": 11,
            "text": "2 : 의심 가기는 한데 편해",
            "norm_text": "의심 가기는 한데 편해",
            "speaker": {
              "id": "2번",
              "sex": "여성",
              "age": "20대"
            },
            "speechAct": "(단언) 주장하기",
            "morpheme": "의심/NNG+가/VV+기/ETN+는/JX+한데/VX+EC+편해/VA+EC"
          },
          {
            "id": 12,
            "text": "1 : 맞아 키키",
            "norm_text": "맞아 키키",
            "speaker": {
              "id": "1번",
              "sex": "여성",
              "age": "20대"
            },
            "speechAct": "(단언) 주장하기",
            "morpheme": "맞/VV+아/EC+키/NNG+키/XSV+ETN"
          },
          {
            "id": 13,
            "text": "1 : 일하는 분들한테는 죄송하지만 우리는 너무 편해 ㅜ",
            "norm_text": "일하는 분들한테는 죄송하지만 우리는 너무 편해 ㅜ",
            "speaker": {
              "id": "1번",
              "sex": "여성",
              "age": "20대"
            },
            "speechAct": "(단언) 주장하기",
            "morpheme": "일/NNG+하/XSV+는/ETM+분/NNB+들/XSN+한테/JKB+는/JX+죄송/XR+하/XSA+지만/EC+우리/NP+는/JX+너무/MAG+편해/VA+EC+ㅜ/UNKNOWN"
          },
          {
            "id": 14,
            "text": "2 : 키키 쿠팡맨 들 맬 고생하잖아 ㅜㅜ",
            "norm_text": "키키 쿠팡맨 들 맬 고생하잖아 ㅜㅜ",
            "speaker": {
              "id": "2번",
              "sex": "여성",
              "age": "20대"
            },
            "speechAct": "(단언) 진술하기",
            "morpheme": "키키/NNP+쿠팡/NNP+맨/NNG+들/XSN+맬/VV+ETM+고생/NNG+하/XSV+잖아/EC+VX+EF+ㅜㅜ/UNKNOWN"
          },
          {
            "id": 15,
            "text": "1 : 맞아 ㅜㅜ 언니 최근에는 쿠팡에서 뭐 샀어?",
            "norm_text": "맞아 ㅜㅜ 언니 최근에는 쿠팡에서 뭐 샀어?",
            "speaker": {
              "id": "1번",
              "sex": "여성",
              "age": "20대"
            },
            "speechAct": "(지시) 질문하기",
            "morpheme": "맞/VV+아/EC+ㅜㅜ/UNKNOWN+언니/NNG+최근/NNG+에/JKB+는/JX+쿠팡/NNP+에서/JKB+뭐/IC+샀/VV+EP+어/EF"
          },
          {
            "id": 16,
            "text": "2 : 나 오늘도 진봉이 사료가 도착했어",
            "norm_text": "나 오늘도 진봉이 사료가 도착했어",
            "speaker": {
              "id": "2번",
              "sex": "여성",
              "age": "20대"
            },
            "speechAct": "(단언) 진술하기",
            "morpheme": "나/NP+오늘/NNG+도/JX+진봉/NNG+이/JKS+사료/NNG+가/JKS+도착/NNG+했/XSV+EP+어/EC"
          },
          {
            "id": 17,
            "text": "1 : 키키 진봉이 사료 거기서 사는 게 싸?",
            "norm_text": "키키 진봉이 사료 거기서 사는 게 싸?",
            "speaker": {
              "id": "1번",
              "sex": "여성",
              "age": "20대"
            },
            "speechAct": "(지시) 질문하기",
            "morpheme": "키/NNG+키/NNG+진봉/NNG+이/JKS+사료/NNG+거기/NP+서/JKB+사/VV+는/ETM+게/NNB+JKS+싸/VA+EF"
          },
          {
            "id": 18,
            "text": "2 : 싼 건 아닌 거 같은데 똑같은데 하루배송이니까",
            "norm_text": "싼 건 아닌 거 같은데 똑같은데 하루배송이니까",
            "speaker": {
              "id": "2번",
              "sex": "여성",
              "age": "20대"
            },
            "speechAct": "(단언) 진술하기",
            "morpheme": "싼/VA+ETM+건/NNB+JX+아닌/VCN+ETM+거/NNB+같/VA+은/ETM+데/NNB+똑같/VA+은데/EC+하루/NNG+배송/NNG+이/VCP+니까/EC"
          },
          {
            "id": 19,
            "text": "1 : 아 인정 키키",
            "norm_text": "아 인정 키키",
            "speaker": {
              "id": "1번",
              "sex": "여성",
              "age": "20대"
            },
            "speechAct": "(단언) 주장하기",
            "morpheme": "아/IC+인정/NNG+키/NNG+키/XSV+ETN"
          },
          {
            "id": 20,
            "text": "1 : 항상 카드로 구매하고 있지!?",
            "norm_text": "항상 카드로 구매하고 있지!?",
            "speaker": {
              "id": "1번",
              "sex": "여성",
              "age": "20대"
            },
            "speechAct": "(지시) 질문하기",
            "morpheme": "항상/MAG+카드/NNG+로/JKB+구매/NNG+하/XSV+고/EC+있/VX+지/EC+!/SY"
          },
          {
            "id": 21,
            "text": "2 : 맞아",
            "norm_text": "맞아",
            "speaker": {
              "id": "2번",
              "sex": "여성",
              "age": "20대"
            },
            "speechAct": "(단언) 주장하기",
            "morpheme": "맞/VV+아/EC"
          },
          {
            "id": 22,
            "text": "2 : 자동 결제지 편하잖아",
            "norm_text": "자동 결제지 편하잖아",
            "speaker": {
              "id": "2번",
              "sex": "여성",
              "age": "20대"
            },
            "speechAct": "(단언) 주장하기",
            "morpheme": "자동/NNG+결제/NNG+지편/NNG+하/XSV+잖아/EC"
          }
        ]
      }
    }
  ]
}