{
  "dataset": {
    "identifier": 104626,
    "name": "FACEBOOK_116_09_set",
    "src_path": "/data/file/cubeManager/PROJECT001/77/txt20211029153356043219/FACEBOOK_116_09_set/",
    "label_path": "/data/file/cubeManager/PROJECT001/77/txt20211029153356043219/FACEBOOK_116_09_set/",
    "category": 2,
    "type": 0
  },
  "licenses": {
    "name": "Apache License 1.0",
    "url": "http://www.apache.org/licenses/LICENSE-1.0"
  },
  "info": [
    {
      "id": 110977,
      "filename": "FACEBOOK_116_09.txt",
      "title": "FACEBOOK_116_09",
      "mediatype": "SNS",
      "medianame": "페이스북",
      "category": "일상대화",
      "date": "2021-10-29",
      "size": 385,
      "annotations": {
        "subject": "반려동물",
        "speaker_type": "1:1",
        "size": 385,
        "word_size": 133,
        "text": "1 : 우리집 냥냥이 아픈 거 얘기했나?\n2 : 응 저번에 얘기 해줬던 거 같아!\n1 : 근데 이게 평소에 먹던 약 때문에 그런 거래!\n2 : 약? 어떤 약을 먹였지?\n1 : 우리 오복이 구내염약 먹었었거든!\n2 : 아 고양이가 구내염도 생기는구나\n1 : 어 맞아 ㅜㅜ\n1 : 이 제대로 안 닦여줘서 ㅜㅜ\n2 : 이 좀 잘 닦여주지!\n1 : 흙흙 ㅜㅜ 그러면 우리 손이 다 아작이 나 ㅜㅜ 물어서\n2 : 키키 아 고양이가 양치질을 싫어하나 보네?\n1 : 어 그래서 치약만 대충 먹였더니 그게 생김 ㅜ\n2 : 그래서 동물 병원은 가봤어?\n1 : 어 가서 이것저것 언니가 다 사 왔더라 키키\n2 : 동물 병원이면 돈 좀 나왔겠다\n1 : 맞아\n1 : 기본 3만 원은 나오는 거 같아!\n2 : ㅠㅠ 동물 키워도 돈이 많이 드네",
        "lines": [
          {
            "id": 1,
            "text": "1 : 우리집 냥냥이 아픈 거 얘기했나?",
            "norm_text": "우리집 냥냥이 아픈 거 얘기했나?",
            "speaker": {
              "id": "1번",
              "sex": "여성",
              "age": "20대"
            },
            "speechAct": "(지시) 질문하기",
            "morpheme": "우리/NP+집/NNG+냥/NNBC+냥/NNBC+이/JKS+아픈/VA+ETM+거/NNB+얘기/NNG+했/XSV+EP+나/EF"
          },
          {
            "id": 2,
            "text": "2 : 응 저번에 얘기 해줬던 거 같아!",
            "norm_text": "응 저번에 얘기 해줬던 거 같아!",
            "speaker": {
              "id": "2번",
              "sex": "여성",
              "age": "20대"
            },
            "speechAct": "(단언) 주장하기",
            "morpheme": "응/IC+저번/NNG+에/JKB+얘기/NNG+해/XSV+EC+줬/VX+EP+던/ETM+거/NNB+같/VA+아/EF"
          },
          {
            "id": 3,
            "text": "1 : 근데 이게 평소에 먹던 약 때문에 그런 거래!",
            "norm_text": "근데 이게 평소에 먹던 약 때문에 그런 거래!",
            "speaker": {
              "id": "1번",
              "sex": "여성",
              "age": "20대"
            },
            "speechAct": "(단언) 진술하기",
            "morpheme": "근데/MAJ+이게/NP+JKS+평소/NNG+에/JKB+먹/VV+던/ETM+약/NNG+때문/NNB+에/JKB+그런/MM+거/NNB+래/VCP+EF"
          },
          {
            "id": 4,
            "text": "2 : 약? 어떤 약을 먹였지?",
            "norm_text": "약? 어떤 약을 먹였지?",
            "speaker": {
              "id": "2번",
              "sex": "여성",
              "age": "20대"
            },
            "speechAct": "(지시) 질문하기",
            "morpheme": "약/NNG+어떤/MM+약/NNG+을/JKO+먹였/VV+EP+지/EF"
          },
          {
            "id": 5,
            "text": "1 : 우리 오복이 구내염약 먹었었거든!",
            "norm_text": "우리 오복이 구내염약 먹었었거든!",
            "speaker": {
              "id": "1번",
              "sex": "여성",
              "age": "20대"
            },
            "speechAct": "(단언) 진술하기",
            "morpheme": "우리/NP+오복/NNG+이/VCP+구/EC+내/NP+JKG+염약/NNG+먹/VV+었었/EP+거든/EF"
          },
          {
            "id": 6,
            "text": "2 : 아 고양이가 구내염도 생기는구나",
            "norm_text": "아 고양이가 구내염도 생기는구나",
            "speaker": {
              "id": "2번",
              "sex": "여성",
              "age": "20대"
            },
            "speechAct": "(단언) 주장하기",
            "morpheme": "아/IC+고양이/NNG+가/JKS+구내염/NNG+도/JX+생기/VV+는구나/EC"
          },
          {
            "id": 7,
            "text": "1 : 어 맞아 ㅜㅜ",
            "norm_text": "어 맞아 ㅜㅜ",
            "speaker": {
              "id": "1번",
              "sex": "여성",
              "age": "20대"
            },
            "speechAct": "(단언) 주장하기",
            "morpheme": "어맞아ㅜㅜ/UNKNOWN"
          },
          {
            "id": 8,
            "text": "1 : 이 제대로 안 닦여줘서 ㅜㅜ",
            "norm_text": "이 제대로 안 닦여줘서 ㅜㅜ",
            "speaker": {
              "id": "1번",
              "sex": "여성",
              "age": "20대"
            },
            "speechAct": "(단언) 주장하기",
            "morpheme": "이/MM+제대로/MAG+안/MAG+닦여/VV+EC+줘서/VX+EC+ㅜㅜ/UNKNOWN"
          },
          {
            "id": 9,
            "text": "2 : 이 좀 잘 닦여주지!",
            "norm_text": "이 좀 잘 닦여주지!",
            "speaker": {
              "id": "2번",
              "sex": "여성",
              "age": "20대"
            },
            "speechAct": "(단언) 주장하기",
            "morpheme": "이/MM+좀/MAG+잘/MAG+닦여/VV+EC+주/VX+지/EF"
          },
          {
            "id": 10,
            "text": "1 : 흙흙 ㅜㅜ 그러면 우리 손이 다 아작이 나 ㅜㅜ 물어서",
            "norm_text": "흙흙 ㅜㅜ 그러면 우리 손이 다 아작이 나 ㅜㅜ 물어서",
            "speaker": {
              "id": "1번",
              "sex": "여성",
              "age": "20대"
            },
            "speechAct": "(단언) 주장하기",
            "morpheme": "흙/NNG+흙/NNG+ㅜㅜ/UNKNOWN+그러/VV+면/EC+우리/NP+손/NNG+이/JKS+다/MAG+아작/MAG+이나/JX+ㅜㅜ/UNKNOWN+물/VV+어서/EC"
          },
          {
            "id": 11,
            "text": "2 : 키키 아 고양이가 양치질을 싫어하나 보네?",
            "norm_text": "키키 아 고양이가 양치질을 싫어하나 보네?",
            "speaker": {
              "id": "2번",
              "sex": "여성",
              "age": "20대"
            },
            "speechAct": "(지시) 질문하기",
            "morpheme": "키/NNG+키/VV+아/EC+고양이/NNG+가/JKS+양치질/NNG+을/JKO+싫어하/VV+나/EC+보/VX+네/EF"
          },
          {
            "id": 12,
            "text": "1 : 어 그래서 치약만 대충 먹였더니 그게 생김 ㅜ",
            "norm_text": "어 그래서 치약만 대충 먹였더니 그게 생김 ㅜ",
            "speaker": {
              "id": "1번",
              "sex": "여성",
              "age": "20대"
            },
            "speechAct": "(단언) 주장하기",
            "morpheme": "어/IC+그래서/MAJ+치약/NNG+만/JX+대충/MAG+먹였/VV+EP+더니/EC+그게/NP+JKS+생김/VV+ETN+ㅜ/UNKNOWN"
          },
          {
            "id": 13,
            "text": "2 : 그래서 동물 병원은 가봤어?",
            "norm_text": "그래서 동물 병원은 가봤어?",
            "speaker": {
              "id": "2번",
              "sex": "여성",
              "age": "20대"
            },
            "speechAct": "(지시) 질문하기",
            "morpheme": "그래서/MAJ+동물/NNG+병원/NNG+은/JX+가/VV+EC+봤/VX+EP+어/EF"
          },
          {
            "id": 14,
            "text": "1 : 어 가서 이것저것 언니가 다 사 왔더라 키키",
            "norm_text": "어 가서 이것저것 언니가 다 사 왔더라 키키",
            "speaker": {
              "id": "1번",
              "sex": "여성",
              "age": "20대"
            },
            "speechAct": "(단언) 진술하기",
            "morpheme": "어/IC+가/VV+서/EC+이것저것/NNG+언니/NNG+가/JKS+다사/NNG+왔/VV+EP+더라/EF+키/NNG+키/XSV+ETN"
          },
          {
            "id": 15,
            "text": "2 : 동물 병원이면 돈 좀 나왔겠다",
            "norm_text": "동물 병원이면 돈 좀 나왔겠다",
            "speaker": {
              "id": "2번",
              "sex": "여성",
              "age": "20대"
            },
            "speechAct": "(단언) 주장하기",
            "morpheme": "동물/NNG+병원/NNG+이/VCP+면/EC+돈/NNG+좀/MAG+나왔/VV+EP+겠/EP+다/EC"
          },
          {
            "id": 16,
            "text": "1 : 맞아",
            "norm_text": "맞아",
            "speaker": {
              "id": "1번",
              "sex": "여성",
              "age": "20대"
            },
            "speechAct": "(단언) 주장하기",
            "morpheme": "맞/VV+아/EC"
          },
          {
            "id": 17,
            "text": "1 : 기본 3만 원은 나오는 거 같아!",
            "norm_text": "기본 3만 원은 나오는 거 같아!",
            "speaker": {
              "id": "1번",
              "sex": "여성",
              "age": "20대"
            },
            "speechAct": "(단언) 주장하기",
            "morpheme": "기본/NNG+3/SN+만/NR+원/NNBC+은/JX+나오/VV+는/ETM+거/NNB+같/VA+아/EF"
          },
          {
            "id": 18,
            "text": "2 : ㅠㅠ 동물 키워도 돈이 많이 드네",
            "norm_text": "ㅠㅠ 동물 키워도 돈이 많이 드네",
            "speaker": {
              "id": "2번",
              "sex": "여성",
              "age": "20대"
            },
            "speechAct": "(단언) 주장하기",
            "morpheme": "ㅠㅠ/UNKNOWN+동물/NNG+키워도/VV+EC+돈/NNG+이/JKS+많이/MAG+드/VV+네/EC"
          }
        ]
      }
    }
  ]
}