{
  "dataset": {
    "identifier": 116615,
    "name": "FACEBOOK_120_11_set",
    "src_path": "/data/file/cubeManager/PROJECT001/80/txt20211102113528092649/FACEBOOK_120_11_set/",
    "label_path": "/data/file/cubeManager/PROJECT001/80/txt20211102113528092649/FACEBOOK_120_11_set/",
    "category": 2,
    "type": 0
  },
  "licenses": {
    "name": "Apache License 1.0",
    "url": "http://www.apache.org/licenses/LICENSE-1.0"
  },
  "info": [
    {
      "id": 129894,
      "filename": "FACEBOOK_120_11.txt",
      "title": "FACEBOOK_120_11",
      "mediatype": "SNS",
      "medianame": "페이스북",
      "category": "일상대화",
      "date": "2021-11-02",
      "size": 389,
      "annotations": {
        "subject": "게임",
        "speaker_type": "1:1",
        "size": 389,
        "word_size": 145,
        "text": "1 : 나 오랜만에 섯다 한 판 했잖아~\n2 : 오 섯다~\n2 : 모바일로 즐긴 거야?\n1 : 어 오빠 섯다 어플 두 개나 깔려 있거든~\n2 : 한 핸드폰에 두 개를 깔 수가 있어?\n1 : 어 당연하지!\n1 : 다른 어플이니까!\n2 : 아아 같은 게 아니라\n2 : 다른 게임사구나?\n1 : 웅 맞아 키키\n1 : 근데 나 사고 침~\n2 : 설마 거기 있는 돈을 다 날림?\n1 : 웅 맞아~\n1 : 5천만 원 있는 거 다 날림~\n2 : 그거 모으는 데 얼마나 걸리는데?\n1 : 몰라\n1 : 한 방에 끝나던데?\n2 : 한 방에 오천만 원을 다 잃었다고?\n1 : 키키 웅 맞아,\n1 : 어쩔 수 없었어\n1 : 나는 칠땡이었는데!\n2 : 너 그 정도면 이제 섯다 건들지 마\n1 : 하, 섯다는 진짜로 해야 해!\n2 : 오 실전은 좀 잘하나 보넹~",
        "lines": [
          {
            "id": 1,
            "text": "1 : 나 오랜만에 섯다 한 판 했잖아~",
            "norm_text": "나 오랜만에 섯다 한 판 했잖아~",
            "speaker": {
              "id": "1번",
              "sex": "여성",
              "age": "20대"
            },
            "speechAct": "(단언) 진술하기",
            "morpheme": "나오/VV+랜/ETM+만/NNB+에/JKB+섯다/NNP+한판/NNG+했잖아/XSV+EP+EC+VX+EF+~/SY"
          },
          {
            "id": 2,
            "text": "2 : 오 섯다~",
            "norm_text": "오 섯다~",
            "speaker": {
              "id": "2번",
              "sex": "여성",
              "age": "20대"
            },
            "speechAct": "(단언) 주장하기",
            "morpheme": "오/IC+섯다/NNP+~/SY"
          },
          {
            "id": 3,
            "text": "2 : 모바일로 즐긴 거야?",
            "norm_text": "모바일로 즐긴 거야?",
            "speaker": {
              "id": "2번",
              "sex": "여성",
              "age": "20대"
            },
            "speechAct": "(지시) 질문하기",
            "morpheme": "모바일/NNP+로/JKB+즐긴/VV+ETM+거/NNB+야/VCP+EF"
          },
          {
            "id": 4,
            "text": "1 : 어 오빠 섯다 어플 두 개나 깔려 있거든~",
            "norm_text": "어 오빠 섯다 어플 두 개나 깔려 있거든~",
            "speaker": {
              "id": "1번",
              "sex": "여성",
              "age": "20대"
            },
            "speechAct": "(단언) 진술하기",
            "morpheme": "어오빠섯다어플두개나깔려있거든/UNKNOWN+~/SY"
          },
          {
            "id": 5,
            "text": "2 : 한 핸드폰에 두 개를 깔 수가 있어?",
            "norm_text": "한 핸드폰에 두 개를 깔 수가 있어?",
            "speaker": {
              "id": "2번",
              "sex": "여성",
              "age": "20대"
            },
            "speechAct": "(지시) 질문하기",
            "morpheme": "한/MM+핸드폰/NNG+에/JKB+두/MM+개/NNBC+를/JKO+깔/VV+ETM+수/NNB+가/JKS+있/VA+어/EF"
          },
          {
            "id": 6,
            "text": "1 : 어 당연하지!",
            "norm_text": "어 당연하지!",
            "speaker": {
              "id": "1번",
              "sex": "여성",
              "age": "20대"
            },
            "speechAct": "(단언) 주장하기",
            "morpheme": "어/IC+당연/XR+하/XSA+지/EF"
          },
          {
            "id": 7,
            "text": "1 : 다른 어플이니까!",
            "norm_text": "다른 어플이니까!",
            "speaker": {
              "id": "1번",
              "sex": "여성",
              "age": "20대"
            },
            "speechAct": "(단언) 진술하기",
            "morpheme": "다른/MM+어/IC+플/NNG+이/VCP+니까/EF"
          },
          {
            "id": 8,
            "text": "2 : 아아 같은 게 아니라",
            "norm_text": "아아 같은 게 아니라",
            "speaker": {
              "id": "2번",
              "sex": "여성",
              "age": "20대"
            },
            "speechAct": "(단언) 주장하기",
            "morpheme": "아아/IC+같/VA+은/ETM+게/NNB+JKC+아니/VCN+라/EC"
          },
          {
            "id": 9,
            "text": "2 : 다른 게임사구나?",
            "norm_text": "다른 게임사구나?",
            "speaker": {
              "id": "2번",
              "sex": "여성",
              "age": "20대"
            },
            "speechAct": "(지시) 질문하기",
            "morpheme": "다른/MM+게임/NNG+사/VV+구나/EF"
          },
          {
            "id": 10,
            "text": "1 : 웅 맞아 키키",
            "norm_text": "웅 맞아 키키",
            "speaker": {
              "id": "1번",
              "sex": "여성",
              "age": "20대"
            },
            "speechAct": "(단언) 주장하기",
            "morpheme": "웅/MAG+맞/VV+아/EC+키/NNG+키/XSV+ETN"
          },
          {
            "id": 11,
            "text": "1 : 근데 나 사고 침~",
            "norm_text": "근데 나 사고 침~",
            "speaker": {
              "id": "1번",
              "sex": "여성",
              "age": "20대"
            },
            "speechAct": "(단언) 주장하기",
            "morpheme": "근데/MAJ+나사/NNG+고침/NNG+~/SY"
          },
          {
            "id": 12,
            "text": "2 : 설마 거기 있는 돈을 다 날림?",
            "norm_text": "설마 거기 있는 돈을 다 날림?",
            "speaker": {
              "id": "2번",
              "sex": "여성",
              "age": "20대"
            },
            "speechAct": "(지시) 질문하기",
            "morpheme": "설마/MAG+거기/NP+있/VA+는/ETM+돈/NNG+을/JKO+다/MAG+날림/VV+ETN"
          },
          {
            "id": 13,
            "text": "1 : 웅 맞아~",
            "norm_text": "웅 맞아~",
            "speaker": {
              "id": "1번",
              "sex": "여성",
              "age": "20대"
            },
            "speechAct": "(단언) 주장하기",
            "morpheme": "웅/MAG+맞/VV+아/EC+~/SY"
          },
          {
            "id": 14,
            "text": "1 : 5천만 원 있는 거 다 날림~",
            "norm_text": "5천만 원 있는 거 다 날림~",
            "speaker": {
              "id": "1번",
              "sex": "여성",
              "age": "20대"
            },
            "speechAct": "(단언) 진술하기",
            "morpheme": "5/SN+천만/NR+원/NNBC+있/VV+는/ETM+거/NNB+다/MAG+날림/NNG+~/SY"
          },
          {
            "id": 15,
            "text": "2 : 그거 모으는 데 얼마나 걸리는데?",
            "norm_text": "그거 모으는 데 얼마나 걸리는데?",
            "speaker": {
              "id": "2번",
              "sex": "여성",
              "age": "20대"
            },
            "speechAct": "(지시) 질문하기",
            "morpheme": "그거/NP+모으/VV+는데/EC+얼마나/MAG+걸리/VV+는데/EC"
          },
          {
            "id": 16,
            "text": "1 : 몰라",
            "norm_text": "몰라",
            "speaker": {
              "id": "1번",
              "sex": "여성",
              "age": "20대"
            },
            "speechAct": "(단언) 주장하기",
            "morpheme": "몰라/VV+EC"
          },
          {
            "id": 17,
            "text": "1 : 한 방에 끝나던데?",
            "norm_text": "한 방에 끝나던데?",
            "speaker": {
              "id": "1번",
              "sex": "여성",
              "age": "20대"
            },
            "speechAct": "(단언) 주장하기",
            "morpheme": "한/MM+방/NNBC+에/JKB+끝나/VV+던데/EF"
          },
          {
            "id": 18,
            "text": "2 : 한 방에 오천만 원을 다 잃었다고?",
            "norm_text": "한 방에 오천만 원을 다 잃었다고?",
            "speaker": {
              "id": "2번",
              "sex": "여성",
              "age": "20대"
            },
            "speechAct": "(지시) 질문하기",
            "morpheme": "한/MM+방/NNBC+에/JKB+오/NR+천만/NR+원/NNBC+을/JKO+다/MAG+잃/VV+었/EP+다고/EF"
          },
          {
            "id": 19,
            "text": "1 : 키키 웅 맞아,",
            "norm_text": "키키 웅 맞아,",
            "speaker": {
              "id": "1번",
              "sex": "여성",
              "age": "20대"
            },
            "speechAct": "(단언) 주장하기",
            "morpheme": "키/NNG+키/XSV+ETN+웅/MAG+맞/VV+아/EC+,/SC"
          },
          {
            "id": 20,
            "text": "1 : 어쩔 수 없었어",
            "norm_text": "어쩔 수 없었어",
            "speaker": {
              "id": "1번",
              "sex": "여성",
              "age": "20대"
            },
            "speechAct": "(단언) 주장하기",
            "morpheme": "어쩔/VV+ETM+수/NNB+없/VA+었/EP+어/EC"
          },
          {
            "id": 21,
            "text": "1 : 나는 칠땡이었는데!",
            "norm_text": "나는 칠땡이었는데!",
            "speaker": {
              "id": "1번",
              "sex": "여성",
              "age": "20대"
            },
            "speechAct": "(단언) 진술하기",
            "morpheme": "나/NP+는/JX+칠/NR+땡/NNG+이/VCP+었/EP+는데/EF"
          },
          {
            "id": 22,
            "text": "2 : 너 그 정도면 이제 섯다 건들지 마",
            "norm_text": "너 그 정도면 이제 섯다 건들지 마",
            "speaker": {
              "id": "2번",
              "sex": "여성",
              "age": "20대"
            },
            "speechAct": "(지시) 충고/제안하기",
            "morpheme": "너/NP+그/MM+정도/NNG+면/VCP+EC+이제/MAG+섯다/NNP+건들/VV+지/EC+마/VX+EC"
          },
          {
            "id": 23,
            "text": "1 : 하, 섯다는 진짜로 해야 해!",
            "norm_text": "하, 섯다는 진짜로 해야 해!",
            "speaker": {
              "id": "1번",
              "sex": "여성",
              "age": "20대"
            },
            "speechAct": "(단언) 주장하기",
            "morpheme": "하/IC+,/SC+섯다/NNP+는/JX+진짜/NNG+로/JKB+해야/VV+EC+해/VX+EF"
          },
          {
            "id": 24,
            "text": "2 : 오 실전은 좀 잘하나 보넹~",
            "norm_text": "오 실전은 좀 잘하나 보넹~",
            "speaker": {
              "id": "2번",
              "sex": "여성",
              "age": "20대"
            },
            "speechAct": "(단언) 주장하기",
            "morpheme": "오/NR+실전/NNG+은/JX+좀/MAG+잘/MAG+하나/NR+보/NNBC+넹/NNP+~/SY"
          }
        ]
      }
    }
  ]
}