{
  "dataset": {
    "identifier": 98217,
    "name": "FACEBOOK_106_13_set",
    "src_path": "/data/file/cubeManager/PROJECT001/77/txt20211028145511034379/FACEBOOK_106_13_set/",
    "label_path": "/data/file/cubeManager/PROJECT001/77/txt20211028145511034379/FACEBOOK_106_13_set/",
    "category": 2,
    "type": 0
  },
  "licenses": {
    "name": "Apache License 1.0",
    "url": "http://www.apache.org/licenses/LICENSE-1.0"
  },
  "info": [
    {
      "id": 100518,
      "filename": "FACEBOOK_106_13.txt",
      "title": "FACEBOOK_106_13",
      "mediatype": "SNS",
      "medianame": "페이스북",
      "category": "일상대화",
      "date": "2021-10-28",
      "size": 418,
      "annotations": {
        "subject": "계절/날씨",
        "speaker_type": "1:1",
        "size": 418,
        "word_size": 151,
        "text": "1 : 저번 주에 비 왔던 날 기억나?\n2 : 웅 며칠 내내 왔잖아\n1 : 맞아, 나 퇴근 시간 때 비와서 비맞고 갔었어 집에,\n2 : 맞아\n2 : 나도 그거 싫어서 비상용 우산 있어\n1 : 키키 나는 비상 우산도 있는데 까먹고 회사에다 두고 온 거 있지!\n2 : 그걸 왜 까먹고 비를 맞아\n1 : 아니\n1 : 회사에서 나올 때는 안 오다가 지하철 타고 집 갈 때부터 오더라고!\n2 : 비 맞는 게 진짜 처량하지\n1 : 어 맞아 ㅜㅜ\n1 : 나 그래서 주말 동안 계속 이불 밖으로 안 나갔었어!\n2 : 왜 감기 걸렸어?\n2 : 비 맞아서?\n1 : 어 목이 좀 아프더라고 ㅜ\n2 : 비 맞고 추워 졌잖아\n1 : 맞아!\n1 :나 그래서 전기장판 틀고 땀 쭉 뺐어!\n2 : 전기장판이 최고야 요새는 진짜\n1 : 키키 맞아\n1 : 전기장판 없으면 나 못 살어~\n2 : 나도 못살아 겨울잠 자자",
        "lines": [
          {
            "id": 1,
            "text": "1 : 저번 주에 비 왔던 날 기억나?",
            "norm_text": "저번 주에 비 왔던 날 기억나?",
            "speaker": {
              "id": "1번",
              "sex": "여성",
              "age": "20대"
            },
            "speechAct": "(지시) 질문하기",
            "morpheme": "저번/NNG+주/NNG+에/JKB+비/VV+EC+왔/VX+EP+던/ETM+날/NNG+기억나/VV+EF"
          },
          {
            "id": 2,
            "text": "2 : 웅 며칠 내내 왔잖아",
            "norm_text": "웅 며칠 내내 왔잖아",
            "speaker": {
              "id": "2번",
              "sex": "여성",
              "age": "20대"
            },
            "speechAct": "(단언) 진술하기",
            "morpheme": "웅/IC+며칠/NNG+내내/MAG+왔/VV+EP+잖아/EC"
          },
          {
            "id": 3,
            "text": "1 : 맞아, 나 퇴근 시간 때 비와서 비맞고 갔었어 집에,",
            "norm_text": "맞아, 나 퇴근 시간 때 비와서 비맞고 갔었어 집에,",
            "speaker": {
              "id": "1번",
              "sex": "여성",
              "age": "20대"
            },
            "speechAct": "(단언) 진술하기",
            "morpheme": "맞/VV+아/EC+,/SC+나퇴근시간때비와서비맞고갔었어집에/UNKNOWN+,/SC"
          },
          {
            "id": 4,
            "text": "2 : 맞아",
            "norm_text": "맞아",
            "speaker": {
              "id": "2번",
              "sex": "여성",
              "age": "20대"
            },
            "speechAct": "턴토크 사인(관습적 반응)",
            "morpheme": "맞/VV+아/EC"
          },
          {
            "id": 5,
            "text": "2 : 나도 그거 싫어서 비상용 우산 있어",
            "norm_text": "나도 그거 싫어서 비상용 우산 있어",
            "speaker": {
              "id": "2번",
              "sex": "여성",
              "age": "20대"
            },
            "speechAct": "(단언) 진술하기",
            "morpheme": "나/NP+도/JX+그거/NP+싫/VA+어서/EC+비상/NNG+용/XSN+우산/NNG+있/VV+어/EC"
          },
          {
            "id": 6,
            "text": "1 : 키키 나는 비상 우산도 있는데 까먹고 회사에다 두고 온 거 있지!",
            "norm_text": "키키 나는 비상 우산도 있는데 까먹고 회사에다 두고 온 거 있지!",
            "speaker": {
              "id": "1번",
              "sex": "여성",
              "age": "20대"
            },
            "speechAct": "(단언) 진술하기",
            "morpheme": "키/NNG+키나/XSA+ETN+JX+는/JX+비상/NNG+우산/NNG+도/JX+있/VX+는/ETM+데/NNB+까먹/VV+고/EC+회사/NNG+에다/JKB+두/VV+고/EC+온/VX+ETM+거/NNB+있/VA+지/EF"
          },
          {
            "id": 7,
            "text": "2 : 그걸 왜 까먹고 비를 맞아",
            "norm_text": "그걸 왜 까먹고 비를 맞아",
            "speaker": {
              "id": "2번",
              "sex": "여성",
              "age": "20대"
            },
            "speechAct": "(지시) 질문하기",
            "morpheme": "그걸/NP+JKO+왜/MAG+까먹/VV+고/EC+비/NNG+를/JKO+맞/VV+아/EC"
          },
          {
            "id": 8,
            "text": "1 : 아니",
            "norm_text": "아니",
            "speaker": {
              "id": "1번",
              "sex": "여성",
              "age": "20대"
            },
            "speechAct": "턴토크 사인(관습적 반응)",
            "morpheme": "아니/IC"
          },
          {
            "id": 9,
            "text": "1 : 회사에서 나올 때는 안 오다가 지하철 타고 집 갈 때부터 오더라고!",
            "norm_text": "회사에서 나올 때는 안 오다가 지하철 타고 집 갈 때부터 오더라고!",
            "speaker": {
              "id": "1번",
              "sex": "여성",
              "age": "20대"
            },
            "speechAct": "(단언) 진술하기",
            "morpheme": "회사/NNG+에서/JKB+나올/VV+ETM+때/NNG+는/JX+안/MAG+오/VV+다가/EC+지하철/NNG+타/VV+고/EC+집/NNG+갈/VV+ETM+때/NNG+부터/JX+오/VV+더라고/EF"
          },
          {
            "id": 10,
            "text": "2 : 비 맞는 게 진짜 처량하지",
            "norm_text": "비 맞는 게 진짜 처량하지",
            "speaker": {
              "id": "2번",
              "sex": "여성",
              "age": "20대"
            },
            "speechAct": "(단언) 주장하기",
            "morpheme": "비/NNG+맞/VV+는/ETM+게/NNB+JKS+진짜/MAG+처량/XR+하/XSA+지/EC"
          },
          {
            "id": 11,
            "text": "1 : 어 맞아 ㅜㅜ",
            "norm_text": "어 맞아 ㅜㅜ",
            "speaker": {
              "id": "1번",
              "sex": "여성",
              "age": "20대"
            },
            "speechAct": "턴토크 사인(관습적 반응)",
            "morpheme": "어맞아ㅜㅜ/UNKNOWN"
          },
          {
            "id": 12,
            "text": "1 : 나 그래서 주말 동안 계속 이불 밖으로 안 나갔었어!",
            "norm_text": "나 그래서 주말 동안 계속 이불 밖으로 안 나갔었어!",
            "speaker": {
              "id": "1번",
              "sex": "여성",
              "age": "20대"
            },
            "speechAct": "(단언) 진술하기",
            "morpheme": "나/NP+그래서/MAJ+주말/NNG+동안/NNG+계속/NNG+이/JKS+불/XPN+밖/NNG+으로/JKB+안/MAG+나갔었/VV+EP+어/EF"
          },
          {
            "id": 13,
            "text": "2 : 왜 감기 걸렸어?",
            "norm_text": "왜 감기 걸렸어?",
            "speaker": {
              "id": "2번",
              "sex": "여성",
              "age": "20대"
            },
            "speechAct": "(지시) 질문하기",
            "morpheme": "왜/MAG+감기/NNG+걸렸/VV+EP+어/EF"
          },
          {
            "id": 14,
            "text": "2 : 비 맞아서?",
            "norm_text": "비 맞아서?",
            "speaker": {
              "id": "2번",
              "sex": "여성",
              "age": "20대"
            },
            "speechAct": "(지시) 질문하기",
            "morpheme": "비/NNG+맞/VV+아서/EC"
          },
          {
            "id": 15,
            "text": "1 : 어 목이 좀 아프더라고 ㅜ",
            "norm_text": "어 목이 좀 아프더라고 ㅜ",
            "speaker": {
              "id": "1번",
              "sex": "여성",
              "age": "20대"
            },
            "speechAct": "(단언) 진술하기",
            "morpheme": "어목/NNG+이/JKS+좀/MAG+아프/VA+더라고/EF+ㅜ/UNKNOWN"
          },
          {
            "id": 16,
            "text": "2 : 비 맞고 추워 졌잖아",
            "norm_text": "비 맞고 추워 졌잖아",
            "speaker": {
              "id": "2번",
              "sex": "여성",
              "age": "20대"
            },
            "speechAct": "(단언) 진술하기",
            "morpheme": "비/NNG+맞/VV+고/EC+추워졌/VA+EC+VX+EP+잖아/EC"
          },
          {
            "id": 17,
            "text": "1 : 맞아!",
            "norm_text": "맞아!",
            "speaker": {
              "id": "1번",
              "sex": "여성",
              "age": "20대"
            },
            "speechAct": "턴토크 사인(관습적 반응)",
            "morpheme": "맞/VV+아/EF"
          },
          {
            "id": 18,
            "text": "1 :나 그래서 전기장판 틀고 땀 쭉 뺐어!",
            "norm_text": "나 그래서 전기장판 틀고 땀 쭉 뺐어!",
            "speaker": {
              "id": "1번",
              "sex": "여성",
              "age": "20대"
            },
            "speechAct": "(단언) 진술하기",
            "morpheme": "나/NP+그래서/MAJ+전기장판/NNG+틀/VV+고/EC+땀/NNG+쭉/MAG+뺐/VV+EP+어/EF"
          },
          {
            "id": 19,
            "text": "2 : 전기장판이 최고야 요새는 진짜",
            "norm_text": "전기장판이 최고야 요새는 진짜",
            "speaker": {
              "id": "2번",
              "sex": "여성",
              "age": "20대"
            },
            "speechAct": "(단언) 주장하기",
            "morpheme": "전기장판/NNG+이/JKS+최고/NNG+야/VCP+EF+요새/MAG+는/JX+진짜/MAG"
          },
          {
            "id": 20,
            "text": "1 : 키키 맞아",
            "norm_text": "키키 맞아",
            "speaker": {
              "id": "1번",
              "sex": "여성",
              "age": "20대"
            },
            "speechAct": "턴토크 사인(관습적 반응)",
            "morpheme": "키/NNG+키/XSV+ETN+맞/VV+아/EC"
          },
          {
            "id": 21,
            "text": "1 : 전기장판 없으면 나 못 살어~",
            "norm_text": "전기장판 없으면 나 못 살어~",
            "speaker": {
              "id": "1번",
              "sex": "여성",
              "age": "20대"
            },
            "speechAct": "(단언) 진술하기",
            "morpheme": "전기장판/NNG+없/VA+으면/EC+나/NP+못/MAG+살/VV+어/EC+~/SY"
          },
          {
            "id": 22,
            "text": "2 : 나도 못살아 겨울잠 자자",
            "norm_text": "나도 못살아 겨울잠 자자",
            "speaker": {
              "id": "2번",
              "sex": "여성",
              "age": "20대"
            },
            "speechAct": "(지시) 충고/제안하기",
            "morpheme": "나/NP+도/JX+못/MAG+살/VV+아/EC+겨울잠/NNG+자자/NNG"
          }
        ]
      }
    }
  ]
}