{
  "dataset": {
    "identifier": 104668,
    "name": "FACEBOOK_103_02_set",
    "src_path": "/data/file/cubeManager/PROJECT001/77/txt20211028145510096819/FACEBOOK_103_02_set/",
    "label_path": "/data/file/cubeManager/PROJECT001/77/txt20211028145510096819/FACEBOOK_103_02_set/",
    "category": 2,
    "type": 0
  },
  "licenses": {
    "name": "Apache License 1.0",
    "url": "http://www.apache.org/licenses/LICENSE-1.0"
  },
  "info": [
    {
      "id": 100467,
      "filename": "FACEBOOK_103_02.txt",
      "title": "FACEBOOK_103_02",
      "mediatype": "SNS",
      "medianame": "페이스북",
      "category": "일상대화",
      "date": "2021-10-28",
      "size": 497,
      "annotations": {
        "subject": "주거와 생활",
        "speaker_type": "1:1",
        "size": 497,
        "word_size": 160,
        "text": "1 : 너가 사는 집이 주택이라고 했나?\n2 : 웅 맞아\n2 : 상가 주택이야\n1 : 상가주택?\n1 : 맞다 그랬다고 했지?\n1 : 이웃 주민이라고 할 수 있는 사람 있어?\n2 : 아니 이 건물에 우리만 살아\n1 : 키키 그렇구나 우리는 일반 주택이라 이웃 주민이랑 자주 놀아!\n2 : 부럽다 근데 주택 사니까 아파트는 못살겠어\n1 : 맞아 키키\n1 : 근데 나는 아파트에서 살아보고 싶긴 하더라!\n2 : 아파트에서 살면 층간 소음 때문에 힘들어\n1 : 아 맞아 ㅜㅜ\n1 : 층산 소음 때문에 이웃이랑 칼부림도 나잖아!\n2 : 그니까 우리 강아지가 짖기 시작하면서 주택으로 이사 왔어\n1 : 그렇구나 키키\n1 : 그러면 거기서 다른 곳으로 이사 갈 계획은 없는 거네?\n2 : 아직은 없는데 이사 가도 주택으로 가야 해\n1 : 그렇지 마당 딸린 집이면 애들 엄청 좋아하겠다!\n2 : 맞아\n2 : 그럴려면 도심에서 떨어진 곳으로 가야하거든\n1 : 그래도 프라이빗하고 좋지 않아?\n2 : 맞아\n2 : 그래서 나는 주택을 선호하는 편이야",
        "lines": [
          {
            "id": 1,
            "text": "1 : 너가 사는 집이 주택이라고 했나?",
            "norm_text": "너가 사는 집이 주택이라고 했나?",
            "speaker": {
              "id": "1번",
              "sex": "여성",
              "age": "20대"
            },
            "speechAct": "(지시) 질문하기",
            "morpheme": "너/NP+가/JKS+사/VV+는/ETM+집/NNG+이/JKS+주택/NNG+이/VCP+라고/EC+했/VX+EP+나/EF"
          },
          {
            "id": 2,
            "text": "2 : 웅 맞아",
            "norm_text": "웅 맞아",
            "speaker": {
              "id": "2번",
              "sex": "여성",
              "age": "20대"
            },
            "speechAct": "(단언) 주장하기",
            "morpheme": "웅/MAG+맞/VV+아/EC"
          },
          {
            "id": 3,
            "text": "2 : 상가 주택이야",
            "norm_text": "상가 주택이야",
            "speaker": {
              "id": "2번",
              "sex": "여성",
              "age": "20대"
            },
            "speechAct": "(단언) 주장하기",
            "morpheme": "상가/NNG+주택/NNG+이/VCP+야/EC"
          },
          {
            "id": 4,
            "text": "1 : 상가주택?",
            "norm_text": "상가주택?",
            "speaker": {
              "id": "1번",
              "sex": "여성",
              "age": "20대"
            },
            "speechAct": "(지시) 질문하기",
            "morpheme": "상가/NNG+주택/NNG"
          },
          {
            "id": 5,
            "text": "1 : 맞다 그랬다고 했지?",
            "norm_text": "맞다 그랬다고 했지?",
            "speaker": {
              "id": "1번",
              "sex": "여성",
              "age": "20대"
            },
            "speechAct": "(지시) 질문하기",
            "morpheme": "맞/VV+다/EC+그랬/VV+EP+다고/EC+했/VX+EP+지/EF"
          },
          {
            "id": 6,
            "text": "1 : 이웃 주민이라고 할 수 있는 사람 있어?",
            "norm_text": "이웃 주민이라고 할 수 있는 사람 있어?",
            "speaker": {
              "id": "1번",
              "sex": "여성",
              "age": "20대"
            },
            "speechAct": "(지시) 질문하기",
            "morpheme": "이웃/NNG+주민/NNG+이/VCP+라고/EC+할/VX+ETM+수/NNB+있/VV+는/ETM+사람/NNG+있/VA+어/EF"
          },
          {
            "id": 7,
            "text": "2 : 아니 이 건물에 우리만 살아",
            "norm_text": "아니 이 건물에 우리만 살아",
            "speaker": {
              "id": "2번",
              "sex": "여성",
              "age": "20대"
            },
            "speechAct": "(단언) 주장하기",
            "morpheme": "아니/IC+이/MM+건물/NNG+에/JKB+우리/NP+만/JX+살/VV+아/EC"
          },
          {
            "id": 8,
            "text": "1 : 키키 그렇구나 우리는 일반 주택이라 이웃 주민이랑 자주 놀아!",
            "norm_text": "키키 그렇구나 우리는 일반 주택이라 이웃 주민이랑 자주 놀아!",
            "speaker": {
              "id": "1번",
              "sex": "여성",
              "age": "20대"
            },
            "speechAct": "(단언) 주장하기",
            "morpheme": "키/NNG+키/XSV+ETN+그렇/VA+구나/EF+우리/NP+는/JX+일반/NNG+주택/NNG+이/VCP+라/EC+이웃/NNG+주민/NNG+이랑/JKB+자주/MAG+놀/VV+아/EF"
          },
          {
            "id": 9,
            "text": "2 : 부럽다 근데 주택 사니까 아파트는 못살겠어",
            "norm_text": "부럽다 근데 주택 사니까 아파트는 못살겠어",
            "speaker": {
              "id": "2번",
              "sex": "여성",
              "age": "20대"
            },
            "speechAct": "(단언) 주장하기",
            "morpheme": "부럽/VA+다/EF+근데/MAJ+주택/NNG+사/VV+니까/EC+아파트/NNG+는/JX+못/MAG+살/VV+겠/EP+어/EC"
          },
          {
            "id": 10,
            "text": "1 : 맞아 키키",
            "norm_text": "맞아 키키",
            "speaker": {
              "id": "1번",
              "sex": "여성",
              "age": "20대"
            },
            "speechAct": "(단언) 주장하기",
            "morpheme": "맞/VV+아/EC+키/NNG+키/XSV+ETN"
          },
          {
            "id": 11,
            "text": "1 : 근데 나는 아파트에서 살아보고 싶긴 하더라!",
            "norm_text": "근데 나는 아파트에서 살아보고 싶긴 하더라!",
            "speaker": {
              "id": "1번",
              "sex": "여성",
              "age": "20대"
            },
            "speechAct": "(단언) 주장하기",
            "morpheme": "근데/MAJ+나/NP+는/JX+아파트/NNG+에서/JKB+살/VV+아/EC+보/VX+고/EC+싶/VX+긴/ETN+JX+하/VX+더라/EF"
          },
          {
            "id": 12,
            "text": "2 : 아파트에서 살면 층간 소음 때문에 힘들어",
            "norm_text": "아파트에서 살면 층간 소음 때문에 힘들어",
            "speaker": {
              "id": "2번",
              "sex": "여성",
              "age": "20대"
            },
            "speechAct": "(단언) 주장하기",
            "morpheme": "아파트/NNG+에서/JKB+살/VV+면/EC+층간/NNG+소음/NNG+때문/NNB+에/JKB+힘들/VA+어/EC"
          },
          {
            "id": 13,
            "text": "1 : 아 맞아 ㅜㅜ",
            "norm_text": "아 맞아 ㅜㅜ",
            "speaker": {
              "id": "1번",
              "sex": "여성",
              "age": "20대"
            },
            "speechAct": "(단언) 주장하기",
            "morpheme": "아맞아ㅜㅜ/UNKNOWN"
          },
          {
            "id": 14,
            "text": "1 : 층산 소음 때문에 이웃이랑 칼부림도 나잖아!",
            "norm_text": "층산 소음 때문에 이웃이랑 칼부림도 나잖아!",
            "speaker": {
              "id": "1번",
              "sex": "여성",
              "age": "20대"
            },
            "speechAct": "(단언) 주장하기",
            "morpheme": "층/NNG+산/NNG+소음/NNG+때문/NNB+에/JKB+이웃/NNG+이랑/JKB+칼부림/NNG+도/JX+나/NP+잖아/VCP+EC+VX+EF"
          },
          {
            "id": 15,
            "text": "2 : 그니까 우리 강아지가 짖기 시작하면서 주택으로 이사 왔어",
            "norm_text": "그니까 우리 강아지가 짖기 시작하면서 주택으로 이사 왔어",
            "speaker": {
              "id": "2번",
              "sex": "여성",
              "age": "20대"
            },
            "speechAct": "(단언) 주장하기",
            "morpheme": "그니까/MAJ+우리/NP+강아지/NNG+가/JKS+짖/VV+기/ETN+시작/NNG+하/XSV+면서/EC+주택/NNG+으로/JKB+이사/NNG+왔/VV+EP+어/EC"
          },
          {
            "id": 16,
            "text": "1 : 그렇구나 키키",
            "norm_text": "그렇구나 키키",
            "speaker": {
              "id": "1번",
              "sex": "여성",
              "age": "20대"
            },
            "speechAct": "(단언) 주장하기",
            "morpheme": "그렇/VA+구나/EF+키/NNG+키/XSV+ETN"
          },
          {
            "id": 17,
            "text": "1 : 그러면 거기서 다른 곳으로 이사 갈 계획은 없는 거네?",
            "norm_text": "그러면 거기서 다른 곳으로 이사 갈 계획은 없는 거네?",
            "speaker": {
              "id": "1번",
              "sex": "여성",
              "age": "20대"
            },
            "speechAct": "(지시) 질문하기",
            "morpheme": "그러면/MAJ+거기/NP+서/JKB+다른/MM+곳/NNG+으로/JKB+이사/NNG+갈/VV+ETM+계획/NNG+은/JX+없/VA+는/ETM+거/NNB+네/VCP+EF"
          },
          {
            "id": 18,
            "text": "2 : 아직은 없는데 이사 가도 주택으로 가야 해",
            "norm_text": "아직은 없는데 이사 가도 주택으로 가야 해",
            "speaker": {
              "id": "2번",
              "sex": "여성",
              "age": "20대"
            },
            "speechAct": "(단언) 주장하기",
            "morpheme": "아직/MAG+은/JX+없/VA+는데/EC+이사/NNG+가/XSN+도/JX+주택/NNG+으로/JKB+가/VV+야/EC+해/VV+EC"
          },
          {
            "id": 19,
            "text": "1 : 그렇지 마당 딸린 집이면 애들 엄청 좋아하겠다!",
            "norm_text": "그렇지 마당 딸린 집이면 애들 엄청 좋아하겠다!",
            "speaker": {
              "id": "1번",
              "sex": "여성",
              "age": "20대"
            },
            "speechAct": "(단언) 주장하기",
            "morpheme": "그렇/VA+지/EC+마당/NNG+딸린/VV+ETM+집/NNG+이/VCP+면/EC+애/NNG+들/XSN+엄청/MAG+좋/VA+아/EC+하/VX+겠/EP+다/EF"
          },
          {
            "id": 20,
            "text": "2 : 맞아",
            "norm_text": "맞아",
            "speaker": {
              "id": "2번",
              "sex": "여성",
              "age": "20대"
            },
            "speechAct": "(단언) 주장하기",
            "morpheme": "맞/VV+아/EC"
          },
          {
            "id": 21,
            "text": "2 : 그럴려면 도심에서 떨어진 곳으로 가야하거든",
            "norm_text": "그럴려면 도심에서 떨어진 곳으로 가야하거든",
            "speaker": {
              "id": "2번",
              "sex": "여성",
              "age": "20대"
            },
            "speechAct": "(단언) 주장하기",
            "morpheme": "그럴려면/VA+EC+도심/NNG+에서/JKB+떨어진/VV+ETM+곳/NNG+으로/JKB+가/VV+야/EC+하/VV+거든/EC"
          },
          {
            "id": 22,
            "text": "1 : 그래도 프라이빗하고 좋지 않아?",
            "norm_text": "그래도 프라이빗하고 좋지 않아?",
            "speaker": {
              "id": "1번",
              "sex": "여성",
              "age": "20대"
            },
            "speechAct": "(지시) 질문하기",
            "morpheme": "그래도/MAJ+프라이빗/NNG+하/XSV+고/EC+좋/VA+지/EC+않/VX+아/EF"
          },
          {
            "id": 23,
            "text": "2 : 맞아",
            "norm_text": "맞아",
            "speaker": {
              "id": "2번",
              "sex": "여성",
              "age": "20대"
            },
            "speechAct": "(단언) 주장하기",
            "morpheme": "맞/VV+아/EC"
          },
          {
            "id": 24,
            "text": "2 : 그래서 나는 주택을 선호하는 편이야",
            "norm_text": "그래서 나는 주택을 선호하는 편이야",
            "speaker": {
              "id": "2번",
              "sex": "여성",
              "age": "20대"
            },
            "speechAct": "(단언) 주장하기",
            "morpheme": "그래서/MAJ+나/NP+는/JX+주택/NNG+을/JKO+선호/NNG+하/XSV+는/ETM+편/NNB+이/VCP+야/EC"
          }
        ]
      }
    }
  ]
}