{
  "dataset": {
    "identifier": 104472,
    "name": "FACEBOOK_116_01_set",
    "src_path": "/data/file/cubeManager/PROJECT001/77/txt202110291533560379107/FACEBOOK_116_01_set/",
    "label_path": "/data/file/cubeManager/PROJECT001/77/txt202110291533560379107/FACEBOOK_116_01_set/",
    "category": 2,
    "type": 0
  },
  "licenses": {
    "name": "Apache License 1.0",
    "url": "http://www.apache.org/licenses/LICENSE-1.0"
  },
  "info": [
    {
      "id": 110969,
      "filename": "FACEBOOK_116_01.txt",
      "title": "FACEBOOK_116_01",
      "mediatype": "SNS",
      "medianame": "페이스북",
      "category": "일상대화",
      "date": "2021-10-29",
      "size": 399,
      "annotations": {
        "subject": "식음료",
        "speaker_type": "1:1",
        "size": 399,
        "word_size": 138,
        "text": "1 : 아 오늘 점심은 뭘 먹을까?\n2 : 간단하게 쌀국수 시켜 먹는 거 어때\n1 : 쌀국수?\n1 : 일단 나 배달 시킬 거임!\n2 : 배달이면 다 시켜 먹을 수 있네!\n1 : 웅 맞아 키키\n1 : 근데 항상 새로운 거 시켜 먹으려고 노력함!\n2 : 음 오늘은 어떤 새로운 걸로?\n1 : 흠, 그래서 고민이야!\n1 : 일단 한식이 땡기거든! ?\n2 : 한식이면 김치찌개 시켜 먹는 거 어때\n1 : 흠, 김치찌개라\n1 : 저번에 삼겹 묵은지찜을 먹음!\n2 : 아니면 찜닭?\n2 : 그거 맛있지\n1 : 아 찜닭!\n1 : 닭도리탕만 먹었는데 그거 시켜볼까?\n2 : 응 키키 나 두찜 먹었는데 진짜 쩔어\n1 : 두찜에 반 마리도 파나?\n2 : 반마리는 간장이랑 고추장만 있지 않나?\n1 : 흙 ㅜㅜ 한 마리는 너무 많어 ㅜㅜ\n2 : 그럼 그냥 반마리만 시켜~",
        "lines": [
          {
            "id": 1,
            "text": "1 : 아 오늘 점심은 뭘 먹을까?",
            "norm_text": "아 오늘 점심은 뭘 먹을까?",
            "speaker": {
              "id": "1번",
              "sex": "여성",
              "age": "20대"
            },
            "speechAct": "(지시) 질문하기",
            "morpheme": "아/IC+오늘/MAG+점심/NNG+은/JX+뭘/NP+JKO+먹/VV+을까/EF"
          },
          {
            "id": 2,
            "text": "2 : 간단하게 쌀국수 시켜 먹는 거 어때",
            "norm_text": "간단하게 쌀국수 시켜 먹는 거 어때",
            "speaker": {
              "id": "2번",
              "sex": "여성",
              "age": "20대"
            },
            "speechAct": "(지시) 충고/제안하기",
            "morpheme": "간단/XR+하/XSA+게/EC+쌀국수/NNG+시켜/XSV+EC+먹/VV+는/ETM+거/NNB+어때/VA+EC"
          },
          {
            "id": 3,
            "text": "1 : 쌀국수?",
            "norm_text": "쌀국수?",
            "speaker": {
              "id": "1번",
              "sex": "여성",
              "age": "20대"
            },
            "speechAct": "(지시) 질문하기",
            "morpheme": "쌀국수/NNG"
          },
          {
            "id": 4,
            "text": "1 : 일단 나 배달 시킬 거임!",
            "norm_text": "일단 나 배달 시킬 거임!",
            "speaker": {
              "id": "1번",
              "sex": "여성",
              "age": "20대"
            },
            "speechAct": "(단언) 주장하기",
            "morpheme": "일단/MAG+나/NP+배달/NNG+시킬/XSV+ETM+거/NNB+임/VCP+ETN"
          },
          {
            "id": 5,
            "text": "2 : 배달이면 다 시켜 먹을 수 있네!",
            "norm_text": "배달이면 다 시켜 먹을 수 있네!",
            "speaker": {
              "id": "2번",
              "sex": "여성",
              "age": "20대"
            },
            "speechAct": "(단언) 진술하기",
            "morpheme": "배달/NNG+이/VCP+면/EC+다시/MAG+켜/VV+EC+먹/VV+을/ETM+수/NNB+있/VV+네/EF"
          },
          {
            "id": 6,
            "text": "1 : 웅 맞아 키키",
            "norm_text": "웅 맞아 키키",
            "speaker": {
              "id": "1번",
              "sex": "여성",
              "age": "20대"
            },
            "speechAct": "(단언) 주장하기",
            "morpheme": "웅/MAG+맞/VV+아/EC+키/NNG+키/XSV+ETN"
          },
          {
            "id": 7,
            "text": "1 : 근데 항상 새로운 거 시켜 먹으려고 노력함!",
            "norm_text": "근데 항상 새로운 거 시켜 먹으려고 노력함!",
            "speaker": {
              "id": "1번",
              "sex": "여성",
              "age": "20대"
            },
            "speechAct": "(단언) 주장하기",
            "morpheme": "근데/MAJ+항상/MAG+새로운/VA+ETM+거/NNB+시켜/VV+EC+먹/VV+으려고/EC+노력/NNG+함/XSV+ETN"
          },
          {
            "id": 8,
            "text": "2 : 음 오늘은 어떤 새로운 걸로?",
            "norm_text": "음 오늘은 어떤 새로운 걸로?",
            "speaker": {
              "id": "2번",
              "sex": "여성",
              "age": "20대"
            },
            "speechAct": "(지시) 질문하기",
            "morpheme": "음/IC+오늘/MAG+은/JX+어떤/MM+새로운/VA+ETM+걸로/NNB+JKB"
          },
          {
            "id": 9,
            "text": "1 : 흠, 그래서 고민이야!",
            "norm_text": "흠, 그래서 고민이야!",
            "speaker": {
              "id": "1번",
              "sex": "여성",
              "age": "20대"
            },
            "speechAct": "(단언) 주장하기",
            "morpheme": "흠/IC+,/SC+그래서/MAJ+고민/NNG+이/VCP+야/EF"
          },
          {
            "id": 10,
            "text": "1 : 일단 한식이 땡기거든! ?",
            "norm_text": "일단 한식이 땡기거든! ?",
            "speaker": {
              "id": "1번",
              "sex": "여성",
              "age": "20대"
            },
            "speechAct": "(단언) 주장하기",
            "morpheme": "일단/MAG+한식/NNG+이/JKS+땡기/VV+거든/EC+!/SY"
          },
          {
            "id": 11,
            "text": "2 : 한식이면 김치찌개 시켜 먹는 거 어때",
            "norm_text": "한식이면 김치찌개 시켜 먹는 거 어때",
            "speaker": {
              "id": "2번",
              "sex": "여성",
              "age": "20대"
            },
            "speechAct": "(지시) 충고/제안하기",
            "morpheme": "한식/NNG+이/VCP+면/EC+김치찌개/NNG+시켜/XSV+EC+먹/VV+는/ETM+거/NNB+어때/VA+EC"
          },
          {
            "id": 12,
            "text": "1 : 흠, 김치찌개라",
            "norm_text": "흠, 김치찌개라",
            "speaker": {
              "id": "1번",
              "sex": "여성",
              "age": "20대"
            },
            "speechAct": "(단언) 진술하기",
            "morpheme": "흠/IC+,/SC+김치찌개/NNG+라/VCP+EC"
          },
          {
            "id": 13,
            "text": "1 : 저번에 삼겹 묵은지찜을 먹음!",
            "norm_text": "저번에 삼겹 묵은지찜을 먹음!",
            "speaker": {
              "id": "1번",
              "sex": "여성",
              "age": "20대"
            },
            "speechAct": "(단언) 진술하기",
            "morpheme": "저번/NNG+에/JKB+삼/NR+겹/NNBC+묵/VV+은지/EC+찜/NNG+을/JKO+먹/VV+음/ETN"
          },
          {
            "id": 14,
            "text": "2 : 아니면 찜닭?",
            "norm_text": "아니면 찜닭?",
            "speaker": {
              "id": "2번",
              "sex": "여성",
              "age": "20대"
            },
            "speechAct": "(지시) 질문하기",
            "morpheme": "아니면/MAJ+찜/NNG+닭/NNG"
          },
          {
            "id": 15,
            "text": "2 : 그거 맛있지",
            "norm_text": "그거 맛있지",
            "speaker": {
              "id": "2번",
              "sex": "여성",
              "age": "20대"
            },
            "speechAct": "(단언) 주장하기",
            "morpheme": "그거/NP+맛있/VA+지/EC"
          },
          {
            "id": 16,
            "text": "1 : 아 찜닭!",
            "norm_text": "아 찜닭!",
            "speaker": {
              "id": "1번",
              "sex": "여성",
              "age": "20대"
            },
            "speechAct": "(단언) 진술하기",
            "morpheme": "아/IC+찜/NNG+닭/NNG"
          },
          {
            "id": 17,
            "text": "1 : 닭도리탕만 먹었는데 그거 시켜볼까?",
            "norm_text": "닭도리탕만 먹었는데 그거 시켜볼까?",
            "speaker": {
              "id": "1번",
              "sex": "여성",
              "age": "20대"
            },
            "speechAct": "(지시) 질문하기",
            "morpheme": "닭도리탕/NNG+만/JX+먹/VV+었/EP+는데/EC+그거/NP+시켜/VV+EC+볼까/VX+EF"
          },
          {
            "id": 18,
            "text": "2 : 응 키키 나 두찜 먹었는데 진짜 쩔어",
            "norm_text": "응 키키 나 두찜 먹었는데 진짜 쩔어",
            "speaker": {
              "id": "2번",
              "sex": "여성",
              "age": "20대"
            },
            "speechAct": "(단언) 주장하기",
            "morpheme": "응/IC+키/NNG+키나/XSA+ETN+JX+두/MM+찜/NNG+먹/VV+었/EP+는데/EC+진짜/MAG+쩔/VA+어/EC"
          },
          {
            "id": 19,
            "text": "1 : 두찜에 반 마리도 파나?",
            "norm_text": "두찜에 반 마리도 파나?",
            "speaker": {
              "id": "1번",
              "sex": "여성",
              "age": "20대"
            },
            "speechAct": "(지시) 질문하기",
            "morpheme": "두/MM+찜/NNG+에/JKB+반/NNG+마리/NNG+도/JX+파/VV+나/EF"
          },
          {
            "id": 20,
            "text": "2 : 반마리는 간장이랑 고추장만 있지 않나?",
            "norm_text": "반마리는 간장이랑 고추장만 있지 않나?",
            "speaker": {
              "id": "2번",
              "sex": "여성",
              "age": "20대"
            },
            "speechAct": "(지시) 질문하기",
            "morpheme": "반/NNG+마리/NNP+는/JX+간장/NNG+이랑/JKB+고추장/NNG+만/JX+있/VX+지/EC+않/VX+나/EF"
          },
          {
            "id": 21,
            "text": "1 : 흙 ㅜㅜ 한 마리는 너무 많어 ㅜㅜ",
            "norm_text": "흙 ㅜㅜ 한 마리는 너무 많어 ㅜㅜ",
            "speaker": {
              "id": "1번",
              "sex": "여성",
              "age": "20대"
            },
            "speechAct": "(단언) 주장하기",
            "morpheme": "흙/NNG+ㅜㅜ/UNKNOWN+한/MM+마리/NNBC+는/JX+너무/MAG+많/VA+어/EC+ㅜㅜ/UNKNOWN"
          },
          {
            "id": 22,
            "text": "2 : 그럼 그냥 반마리만 시켜~",
            "norm_text": "그럼 그냥 반마리만 시켜~",
            "speaker": {
              "id": "2번",
              "sex": "여성",
              "age": "20대"
            },
            "speechAct": "(지시) 충고/제안하기",
            "morpheme": "그럼/MAJ+그냥/MAG+반/NNG+마리/NNG+만/JX+시켜/VV+EC+~/SY"
          }
        ]
      }
    }
  ]
}