{
  "dataset": {
    "identifier": 119571,
    "name": "FACEBOOK_114_09_set",
    "src_path": "/data/file/cubeManager/PROJECT001/80/txt202111031510140876102/FACEBOOK_114_09_set/",
    "label_path": "/data/file/cubeManager/PROJECT001/80/txt202111031510140876102/FACEBOOK_114_09_set/",
    "category": 2,
    "type": 0
  },
  "licenses": {
    "name": "Apache License 1.0",
    "url": "http://www.apache.org/licenses/LICENSE-1.0"
  },
  "info": [
    {
      "id": 134412,
      "filename": "FACEBOOK_114_09.txt",
      "title": "FACEBOOK_114_09",
      "mediatype": "SNS",
      "medianame": "페이스북",
      "category": "일상대화",
      "date": "2021-11-03",
      "size": 446,
      "annotations": {
        "subject": "반려동물",
        "speaker_type": "1:1",
        "size": 446,
        "word_size": 148,
        "text": "1 : 언니는 햄스터 키워본 적 있어?\n2 : 엄청 어릴 때 키워본 거 같은데?\n1 : 그렇구나 햄스터 어디서 데리고 왔었어?\n2 : 그때 엄청 큰 마트에서 사온 거 같아\n1 : 아 키키 나도 어렸을 때 홈플 같은 큰 마트 있잖아 거기세 데리고 옴!\n2 : 그때는 진짜 뭐 모르고 그랬었네~\n1 : 키키 맞아 그때 햄스터 가격 기억나?\n2 : 아니 키키\n2 : 그 때 아무것도 기억 안 나는데 키키\n1 : 아 진짜?\n1 : 나는 기억도 나! 한 마리당 3천 원이었어!\n2 : 헐 진짜 저렴하게 판매했네??\n1 : 그니까 지금은 기본 만 원 이상은 하는 거 같던데?\n2 : 그렇게 돈 주고 사와서 잘 키웠으면 좋겠다~\n1 : 근데 우리는 1년 키우다가 애 갑자기 죽었어 ㅜ\n2 : 헐! 나도 스트레스 때문에 그런 거 같던데?\n1 : 맞아 갑자기 스트레스 받으면 그렇다고 하던데 이유를 모름!\n2 : 그래서 동물은 항상 조심스러워~",
        "lines": [
          {
            "id": 1,
            "text": "1 : 언니는 햄스터 키워본 적 있어?",
            "norm_text": "언니는 햄스터 키워본 적 있어?",
            "speaker": {
              "id": "1번",
              "sex": "여성",
              "age": "20대"
            },
            "speechAct": "(지시) 질문하기",
            "morpheme": "언니/NNG+는/JX+햄스터/NNG+키워본/VV+EC+VX+ETM+적/NNB+있/VA+어/EF"
          },
          {
            "id": 2,
            "text": "2 : 엄청 어릴 때 키워본 거 같은데?",
            "norm_text": "엄청 어릴 때 키워본 거 같은데?",
            "speaker": {
              "id": "2번",
              "sex": "여성",
              "age": "20대"
            },
            "speechAct": "(지시) 질문하기",
            "morpheme": "엄청/MAG+어릴/VA+ETM+때/NNG+키워본/VV+EC+VX+ETM+거/NNB+같/VA+은데/EF"
          },
          {
            "id": 3,
            "text": "1 : 그렇구나 햄스터 어디서 데리고 왔었어?",
            "norm_text": "그렇구나 햄스터 어디서 데리고 왔었어?",
            "speaker": {
              "id": "1번",
              "sex": "여성",
              "age": "20대"
            },
            "speechAct": "(지시) 질문하기",
            "morpheme": "그렇/VA+구나/EF+햄스터/NNG+어디/NP+서/JKB+데리/VV+고/EC+왔었/VX+EP+어/EF"
          },
          {
            "id": 4,
            "text": "2 : 그때 엄청 큰 마트에서 사온 거 같아",
            "norm_text": "그때 엄청 큰 마트에서 사온 거 같아",
            "speaker": {
              "id": "2번",
              "sex": "여성",
              "age": "20대"
            },
            "speechAct": "(단언) 진술하기",
            "morpheme": "그때/NNG+엄청/MAG+큰/VA+ETM+마트/NNG+에서/JKB+사/VV+EC+온/VX+ETM+거/NNB+같/VA+아/EC"
          },
          {
            "id": 5,
            "text": "1 : 아 키키 나도 어렸을 때 홈플 같은 큰 마트 있잖아 거기세 데리고 옴!",
            "norm_text": "아 키키 나도 어렸을 때 홈플 같은 큰 마트 있잖아 거기세 데리고 옴!",
            "speaker": {
              "id": "1번",
              "sex": "여성",
              "age": "20대"
            },
            "speechAct": "(단언) 진술하기",
            "morpheme": "아키/NNP+키나/NNG+도/JX+어렸/VA+EP+을/ETM+때/NNG+홈/NNG+플/NNG+같/VA+은/ETM+큰/VA+ETM+마트/NNG+있/VA+잖아/EF+거기/NP+세/VCP+EC+데리/VV+고/EC+옴/VX+ETN"
          },
          {
            "id": 6,
            "text": "2 : 그때는 진짜 뭐 모르고 그랬었네~",
            "norm_text": "그때는 진짜 뭐 모르고 그랬었네~",
            "speaker": {
              "id": "2번",
              "sex": "여성",
              "age": "20대"
            },
            "speechAct": "(단언) 주장하기",
            "morpheme": "그때/NNG+는/JX+진짜/MAG+뭐/IC+모르/VV+고/EC+그랬었/VV+EP+네/EF+~/SY"
          },
          {
            "id": 7,
            "text": "1 : 키키 맞아 그때 햄스터 가격 기억나?",
            "norm_text": "키키 맞아 그때 햄스터 가격 기억나?",
            "speaker": {
              "id": "1번",
              "sex": "여성",
              "age": "20대"
            },
            "speechAct": "(지시) 질문하기",
            "morpheme": "키/NNG+키/XSV+ETN+맞/VV+아/EC+그때/NNG+햄스터/NNG+가격/NNG+기억나/VV+EF"
          },
          {
            "id": 8,
            "text": "2 : 아니 키키",
            "norm_text": "아니 키키",
            "speaker": {
              "id": "2번",
              "sex": "여성",
              "age": "20대"
            },
            "speechAct": "(단언) 주장하기",
            "morpheme": "아니/IC+키/NNG+키/XSV+ETN"
          },
          {
            "id": 9,
            "text": "2 : 그 때 아무것도 기억 안 나는데 키키",
            "norm_text": "그 때 아무것도 기억 안 나는데 키키",
            "speaker": {
              "id": "2번",
              "sex": "여성",
              "age": "20대"
            },
            "speechAct": "(단언) 주장하기",
            "morpheme": "그때/NNG+아무것/NNG+도/JX+기억/NNG+안/MAG+나/VV+는데/EC+키/NNG+키/XSV+ETN"
          },
          {
            "id": 10,
            "text": "1 : 아 진짜?",
            "norm_text": "아 진짜?",
            "speaker": {
              "id": "1번",
              "sex": "여성",
              "age": "20대"
            },
            "speechAct": "(지시) 질문하기",
            "morpheme": "아/IC+진짜/MAG"
          },
          {
            "id": 11,
            "text": "1 : 나는 기억도 나! 한 마리당 3천 원이었어!",
            "norm_text": "나는 기억도 나! 한 마리당 3천 원이었어!",
            "speaker": {
              "id": "1번",
              "sex": "여성",
              "age": "20대"
            },
            "speechAct": "(단언) 진술하기",
            "morpheme": "나/NP+는/JX+기억/NNG+도/JX+나/NP+한/MM+마리/NNBC+당/XSN+3/SN+천/NR+원/NNBC+이/VCP+었/EP+어/EF"
          },
          {
            "id": 12,
            "text": "2 : 헐 진짜 저렴하게 판매했네??",
            "norm_text": "헐 진짜 저렴하게 판매했네??",
            "speaker": {
              "id": "2번",
              "sex": "여성",
              "age": "20대"
            },
            "speechAct": "(지시) 질문하기",
            "morpheme": "헐/IC+진짜/MAG+저렴/XR+하/XSA+게/EC+판매/NNG+했/XSV+EP+네/EF+?/SY"
          },
          {
            "id": 13,
            "text": "1 : 그니까 지금은 기본 만 원 이상은 하는 거 같던데?",
            "norm_text": "그니까 지금은 기본 만 원 이상은 하는 거 같던데?",
            "speaker": {
              "id": "1번",
              "sex": "여성",
              "age": "20대"
            },
            "speechAct": "(지시) 질문하기",
            "morpheme": "그니까/MAJ+지금/MAG+은/JX+기본/NNG+만/NR+원/NNBC+이상/NNG+은/JX+하/VV+는/ETM+거/NNB+같/VA+던데/EF"
          },
          {
            "id": 14,
            "text": "2 : 그렇게 돈 주고 사와서 잘 키웠으면 좋겠다~",
            "norm_text": "그렇게 돈 주고 사와서 잘 키웠으면 좋겠다~",
            "speaker": {
              "id": "2번",
              "sex": "여성",
              "age": "20대"
            },
            "speechAct": "(단언) 주장하기",
            "morpheme": "그렇게/MAG+돈/NNG+주/VV+고/EC+사/VV+EC+와서/VV+EC+잘/MAG+키웠/VV+EP+으면/EC+좋/VA+겠/EP+다/EC+~/SY"
          },
          {
            "id": 15,
            "text": "1 : 근데 우리는 1년 키우다가 애 갑자기 죽었어 ㅜ",
            "norm_text": "근데 우리는 1년 키우다가 애 갑자기 죽었어 ㅜ",
            "speaker": {
              "id": "1번",
              "sex": "여성",
              "age": "20대"
            },
            "speechAct": "(단언) 진술하기",
            "morpheme": "근데/MAJ+우리/NP+는/JX+1/SN+년키우다가애갑자기죽었어ㅜ/UNKNOWN"
          },
          {
            "id": 16,
            "text": "2 : 헐! 나도 스트레스 때문에 그런 거 같던데?",
            "norm_text": "헐! 나도 스트레스 때문에 그런 거 같던데?",
            "speaker": {
              "id": "2번",
              "sex": "여성",
              "age": "20대"
            },
            "speechAct": "(지시) 질문하기",
            "morpheme": "헐/IC+나/NP+도/JX+스트레스/NNG+때문/NNB+에/JKB+그런/MM+거/NNB+같/VA+던데/EF"
          },
          {
            "id": 17,
            "text": "1 : 맞아 갑자기 스트레스 받으면 그렇다고 하던데 이유를 모름!",
            "norm_text": "맞아 갑자기 스트레스 받으면 그렇다고 하던데 이유를 모름!",
            "speaker": {
              "id": "1번",
              "sex": "여성",
              "age": "20대"
            },
            "speechAct": "(단언) 주장하기",
            "morpheme": "맞아/IC+갑자기/MAG+스트레스/NNG+받/VV+으면/EC+그렇/VA+다고/EC+하/VV+던데/EC+이유/NNG+를/JKO+모름/VV+ETN"
          },
          {
            "id": 18,
            "text": "2 : 그래서 동물은 항상 조심스러워~",
            "norm_text": "그래서 동물은 항상 조심스러워~",
            "speaker": {
              "id": "2번",
              "sex": "여성",
              "age": "20대"
            },
            "speechAct": "(단언) 주장하기",
            "morpheme": "그래서/MAJ+동물/NNG+은/JX+항상/MAG+조심/NNG+스러워/XSA+EC+~/SY"
          }
        ]
      }
    }
  ]
}