{
  "dataset": {
    "identifier": 118358,
    "name": "FACEBOOK_111_06_set",
    "src_path": "/data/file/cubeManager/PROJECT001/80/txt20211102153319047813/FACEBOOK_111_06_set/",
    "label_path": "/data/file/cubeManager/PROJECT001/80/txt20211102153319047813/FACEBOOK_111_06_set/",
    "category": 2,
    "type": 0
  },
  "licenses": {
    "name": "Apache License 1.0",
    "url": "http://www.apache.org/licenses/LICENSE-1.0"
  },
  "info": [
    {
      "id": 130030,
      "filename": "FACEBOOK_111_06.txt",
      "title": "FACEBOOK_111_06",
      "mediatype": "SNS",
      "medianame": "페이스북",
      "category": "일상대화",
      "date": "2021-11-02",
      "size": 411,
      "annotations": {
        "subject": "교육",
        "speaker_type": "1:1",
        "size": 411,
        "word_size": 147,
        "text": "1 : 성인되서 학원 같은 곳 간 적 있어?\n2 : 나 토익 학원 다녀 봤어 키키\n1 : 아 역시 성인 되면 무조건 가야 하는 그 곳,\n2 : 응 진짜 언제든 적응이 안 돼 ㅠㅠ\n1 : 그거 처음에 시험 볼 때는 내 발 사이즈 점수라던데?\n2 : 키키 나 발 사이즈보다는 좀 잘 나온 거 같은데?\n1 : 오 진짜? 처음에 몇 점 나왔어?\n2 : 처음에 800점 정도 나온 거 같아 키키\n1 : 와 대박,\n1 : 중국어도 잘하고 영어도 잘하는 구나,?\n2 : 그냥 언어만 잘 하는 거 같아 키키\n1 : 키키 나는 근데 그거 한 번도 안 봤어~\n2 : 키키 토익 한 번 봐~\n1 : 나는 내 발 사이즈도 안 나올 거 같아~~\n2 : 키키 야 발사이즈는 그래도 나오겠지!\n1 : 키키  내 친구 공부하고 갔는데 260점 받았대!\n2 : 헐... 그거 심각한 거 같은데?",
        "lines": [
          {
            "id": 1,
            "text": "1 : 성인되서 학원 같은 곳 간 적 있어?",
            "norm_text": "성인되서 학원 같은 곳 간 적 있어?",
            "speaker": {
              "id": "1번",
              "sex": "여성",
              "age": "20대"
            },
            "speechAct": "(지시) 질문하기",
            "morpheme": "성인/NNG+되/XSV+서/EC+학원/NNG+같/VA+은/ETM+곳간/NNG+적/XSN+있/VA+어/EF"
          },
          {
            "id": 2,
            "text": "2 : 나 토익 학원 다녀 봤어 키키",
            "norm_text": "나 토익 학원 다녀 봤어 키키",
            "speaker": {
              "id": "2번",
              "sex": "여성",
              "age": "20대"
            },
            "speechAct": "(단언) 진술하기",
            "morpheme": "나/NP+토익/NNG+학원/NNG+다녀/VV+EC+봤/VX+EP+어/EC+키/NNG+키/XSV+ETN"
          },
          {
            "id": 3,
            "text": "1 : 아 역시 성인 되면 무조건 가야 하는 그 곳,",
            "norm_text": "아 역시 성인 되면 무조건 가야 하는 그 곳,",
            "speaker": {
              "id": "1번",
              "sex": "여성",
              "age": "20대"
            },
            "speechAct": "(단언) 주장하기",
            "morpheme": "아/IC+역시/MAJ+성인/NNG+되/XSV+면/EC+무조건/MAG+가/VV+야/EC+하/VV+는/ETM+그곳/NP+,/SC"
          },
          {
            "id": 4,
            "text": "2 : 응 진짜 언제든 적응이 안 돼 ㅠㅠ",
            "norm_text": "응 진짜 언제든 적응이 안 돼 ㅠㅠ",
            "speaker": {
              "id": "2번",
              "sex": "여성",
              "age": "20대"
            },
            "speechAct": "(단언) 주장하기",
            "morpheme": "응/IC+진짜/MAG+언제/NP+든/VCP+EC+적응/NNG+이/JKS+안/MAG+돼/VV+EF+ㅠㅠ/UNKNOWN"
          },
          {
            "id": 5,
            "text": "1 : 그거 처음에 시험 볼 때는 내 발 사이즈 점수라던데?",
            "norm_text": "그거 처음에 시험 볼 때는 내 발 사이즈 점수라던데?",
            "speaker": {
              "id": "1번",
              "sex": "여성",
              "age": "20대"
            },
            "speechAct": "(지시) 질문하기",
            "morpheme": "그거/NP+처음/NNG+에/JKB+시험/NNG+볼/VV+ETM+때/NNG+는/JX+내발/NNG+사이즈/NNG+점수/NNG+라던데/VCP+EF"
          },
          {
            "id": 6,
            "text": "2 : 키키 나 발 사이즈보다는 좀 잘 나온 거 같은데?",
            "norm_text": "키키 나 발 사이즈보다는 좀 잘 나온 거 같은데?",
            "speaker": {
              "id": "2번",
              "sex": "여성",
              "age": "20대"
            },
            "speechAct": "(지시) 질문하기",
            "morpheme": "키/NNG+키나/XSA+ETN+JX+발/NNG+사이즈/NNG+보다/JKB+는/JX+좀/MAG+잘/MAG+나온/VV+ETM+거/NNB+같/VA+은데/EF"
          },
          {
            "id": 7,
            "text": "1 : 오 진짜? 처음에 몇 점 나왔어?",
            "norm_text": "오 진짜? 처음에 몇 점 나왔어?",
            "speaker": {
              "id": "1번",
              "sex": "여성",
              "age": "20대"
            },
            "speechAct": "(지시) 질문하기",
            "morpheme": "오/IC+진짜/MAG+처음/NNG+에/JKB+몇/MM+점/NNBC+나왔/VV+EP+어/EF"
          },
          {
            "id": 8,
            "text": "2 : 처음에 800점 정도 나온 거 같아 키키",
            "norm_text": "처음에 800점 정도 나온 거 같아 키키",
            "speaker": {
              "id": "2번",
              "sex": "여성",
              "age": "20대"
            },
            "speechAct": "(단언) 진술하기",
            "morpheme": "처음/NNG+에/JKB+800/SN+점/NNBC+정도/NNG+나온/VV+ETM+거/NNB+같/VA+아/EC+키/NNG+키/XSV+ETN"
          },
          {
            "id": 9,
            "text": "1 : 와 대박,",
            "norm_text": "와 대박,",
            "speaker": {
              "id": "1번",
              "sex": "여성",
              "age": "20대"
            },
            "speechAct": "턴토크 사인(관습적 반응)",
            "morpheme": "와/IC+대박/NNG+,/SC"
          },
          {
            "id": 10,
            "text": "1 : 중국어도 잘하고 영어도 잘하는 구나,?",
            "norm_text": "중국어도 잘하고 영어도 잘하는 구나,?",
            "speaker": {
              "id": "1번",
              "sex": "여성",
              "age": "20대"
            },
            "speechAct": "(지시) 질문하기",
            "morpheme": "중국어/NNG+도/JX+잘/MAG+하/VV+고/EC+영어/NNG+도/JX+잘/MAG+하/VV+는구나/EF+,/SC"
          },
          {
            "id": 11,
            "text": "2 : 그냥 언어만 잘 하는 거 같아 키키",
            "norm_text": "그냥 언어만 잘 하는 거 같아 키키",
            "speaker": {
              "id": "2번",
              "sex": "여성",
              "age": "20대"
            },
            "speechAct": "(단언) 주장하기",
            "morpheme": "그냥/MAG+언어/NNG+만/JX+잘/MAG+하/VV+는/ETM+거/NNB+같/VA+아/EC+키/NNG+키/XSV+ETN"
          },
          {
            "id": 12,
            "text": "1 : 키키 나는 근데 그거 한 번도 안 봤어~",
            "norm_text": "키키 나는 근데 그거 한 번도 안 봤어~",
            "speaker": {
              "id": "1번",
              "sex": "여성",
              "age": "20대"
            },
            "speechAct": "(단언) 진술하기",
            "morpheme": "키/NNG+키나/XSA+ETN+JX+는/JX+근데/MAJ+그거/NP+한/MM+번/NNBC+도/JX+안/MAG+봤/VV+EP+어/EC+~/SY"
          },
          {
            "id": 13,
            "text": "2 : 키키 토익 한 번 봐~",
            "norm_text": "키키 토익 한 번 봐~",
            "speaker": {
              "id": "2번",
              "sex": "여성",
              "age": "20대"
            },
            "speechAct": "(지시) 충고/제안하기",
            "morpheme": "키키토익한번봐/UNKNOWN+~/SY"
          },
          {
            "id": 14,
            "text": "1 : 나는 내 발 사이즈도 안 나올 거 같아~~",
            "norm_text": "나는 내 발 사이즈도 안 나올 거 같아~~",
            "speaker": {
              "id": "1번",
              "sex": "여성",
              "age": "20대"
            },
            "speechAct": "(단언) 주장하기",
            "morpheme": "나/NP+는/JX+내발/NNG+사이즈/NNG+도/JX+안/MAG+나올/VV+ETM+거/NNB+같/VA+아/EC+~/SY+~/SY"
          },
          {
            "id": 15,
            "text": "2 : 키키 야 발사이즈는 그래도 나오겠지!",
            "norm_text": "키키 야 발사이즈는 그래도 나오겠지!",
            "speaker": {
              "id": "2번",
              "sex": "여성",
              "age": "20대"
            },
            "speechAct": "(단언) 주장하기",
            "morpheme": "키/NNG+키/NNG+야발/NNG+사이즈/NNG+는/JX+그래도/VV+EC+나오/VV+겠/EP+지/EF"
          },
          {
            "id": 16,
            "text": "1 : 키키  내 친구 공부하고 갔는데 260점 받았대!",
            "norm_text": "키키  내 친구 공부하고 갔는데 260점 받았대!",
            "speaker": {
              "id": "1번",
              "sex": "여성",
              "age": "20대"
            },
            "speechAct": "(단언) 진술하기",
            "morpheme": "키/NNG+키/XSV+ETN+내/NP+JKG+친구/NNG+공부/NNG+하/XSV+고/EC+갔/VV+EP+는데/EC+260/SN+점/NNBC+받/VV+았/EP+대/EF"
          },
          {
            "id": 17,
            "text": "2 : 헐... 그거 심각한 거 같은데?",
            "norm_text": "헐... 그거 심각한 거 같은데?",
            "speaker": {
              "id": "2번",
              "sex": "여성",
              "age": "20대"
            },
            "speechAct": "(지시) 질문하기",
            "morpheme": "헐/IC+./SY+그거/NP+심각/XR+한/XSA+ETM+거/NNB+같/VA+은데/EF"
          }
        ]
      }
    }
  ]
}