{
  "dataset": {
    "identifier": 118204,
    "name": "FACEBOOK_117_13_set",
    "src_path": "/data/file/cubeManager/PROJECT001/80/txt20211102103331038543/FACEBOOK_117_13_set/",
    "label_path": "/data/file/cubeManager/PROJECT001/80/txt20211102103331038543/FACEBOOK_117_13_set/",
    "category": 2,
    "type": 0
  },
  "licenses": {
    "name": "Apache License 1.0",
    "url": "http://www.apache.org/licenses/LICENSE-1.0"
  },
  "info": [
    {
      "id": 129656,
      "filename": "FACEBOOK_117_13.txt",
      "title": "FACEBOOK_117_13",
      "mediatype": "SNS",
      "medianame": "페이스북",
      "category": "일상대화",
      "date": "2021-11-02",
      "size": 408,
      "annotations": {
        "subject": "계절/날씨",
        "speaker_type": "1:1",
        "size": 408,
        "word_size": 139,
        "text": "1 : 내일은 다행히도 좀 따뜻하다네?\n2 : 내일 따뜻하대? 진짜? ㅜㅜ 제발\n1 : 어제 오늘은 햇빛이 없었잖아!\n1 : 그래서 추운 거래!\n2 : 낮에는 그래도 햇빛 있던데?\n1 : 아 진짜? 서울은 그냥 우중충 했었어!\n2 : 맞아 뉴스 보니까 오늘 서울 흐리댔어\n1 : 키키 근데 내일은 미세 먼지도 없고 해도 쨍쨍한다더라!\n2 : 근데 장갑 껴야 돼\n2 : 손 시러 ㅜㅜ 맞지\n1 : 아 맞아 ㅜㅜ 나 그래서 스마트 장갑 사려고!\n2 : 나도 핑크 벙어리 장갑 사줘\n1 : 키키 아앗 요즘에 벙어리 끼는 으른이 있나?\n2 : 왜 귀엽잖아\n2 : 사주면 끼지 키키\n1 : 그러면 거기다가 동물 모자까지 쓰면 딱이겠다!\n2 : 키키 그건 오바 아니에요?\n2 : 병 걸린 줄 알아\n1 : 키키 그 귀 움직이는 거 말이야~\n2 : 키키 아 진짜 싫어 그건 싫어",
        "lines": [
          {
            "id": 1,
            "text": "1 : 내일은 다행히도 좀 따뜻하다네?",
            "norm_text": "내일은 다행히도 좀 따뜻하다네?",
            "speaker": {
              "id": "1번",
              "sex": "여성",
              "age": "20대"
            },
            "speechAct": "(단언) 진술하기",
            "morpheme": "내일/NNG+은/JX+다행히/MAG+도/JX+좀/MAG+따뜻/XR+하/XSA+다네/EF"
          },
          {
            "id": 2,
            "text": "2 : 내일 따뜻하대? 진짜? ㅜㅜ 제발",
            "norm_text": "내일 따뜻하대? 진짜? ㅜㅜ 제발",
            "speaker": {
              "id": "2번",
              "sex": "여성",
              "age": "20대"
            },
            "speechAct": "(단언) 주장하기",
            "morpheme": "내일/MAG+따뜻/XR+하/XSA+대/EF+진짜/MAG+ㅜㅜ제발/UNKNOWN"
          },
          {
            "id": 3,
            "text": "1 : 어제 오늘은 햇빛이 없었잖아!",
            "norm_text": "어제 오늘은 햇빛이 없었잖아!",
            "speaker": {
              "id": "1번",
              "sex": "여성",
              "age": "20대"
            },
            "speechAct": "(단언) 진술하기",
            "morpheme": "어제/MAG+오늘/NNG+은/JX+햇빛/NNG+이/JKS+없/VA+었/EP+잖아/EF"
          },
          {
            "id": 4,
            "text": "1 : 그래서 추운 거래!",
            "norm_text": "그래서 추운 거래!",
            "speaker": {
              "id": "1번",
              "sex": "여성",
              "age": "20대"
            },
            "speechAct": "(단언) 주장하기",
            "morpheme": "그래서/MAJ+추운/VA+ETM+거/NNB+래/VCP+EF"
          },
          {
            "id": 5,
            "text": "2 : 낮에는 그래도 햇빛 있던데?",
            "norm_text": "낮에는 그래도 햇빛 있던데?",
            "speaker": {
              "id": "2번",
              "sex": "여성",
              "age": "20대"
            },
            "speechAct": "(단언) 진술하기",
            "morpheme": "낮/NNG+에/JKB+는/JX+그래도/MAJ+햇빛/NNG+있/VA+던데/EF"
          },
          {
            "id": 6,
            "text": "1 : 아 진짜? 서울은 그냥 우중충 했었어!",
            "norm_text": "아 진짜? 서울은 그냥 우중충 했었어!",
            "speaker": {
              "id": "1번",
              "sex": "여성",
              "age": "20대"
            },
            "speechAct": "(단언) 진술하기",
            "morpheme": "아/IC+진짜/MAG+서울/NNP+은/JX+그냥/MAG+우중충/XR+했었/XSA+EP+어/EF"
          },
          {
            "id": 7,
            "text": "2 : 맞아 뉴스 보니까 오늘 서울 흐리댔어",
            "norm_text": "맞아 뉴스 보니까 오늘 서울 흐리댔어",
            "speaker": {
              "id": "2번",
              "sex": "여성",
              "age": "20대"
            },
            "speechAct": "(단언) 진술하기",
            "morpheme": "맞/VV+아/EC+뉴스/NNG+보/VV+니까/EC+오늘/MAG+서울/NNP+흐리/VA+댔어/EC+VV+EP+EF"
          },
          {
            "id": 8,
            "text": "1 : 키키 근데 내일은 미세 먼지도 없고 해도 쨍쨍한다더라!",
            "norm_text": "키키 근데 내일은 미세 먼지도 없고 해도 쨍쨍한다더라!",
            "speaker": {
              "id": "1번",
              "sex": "여성",
              "age": "20대"
            },
            "speechAct": "(단언) 진술하기",
            "morpheme": "키/NNG+키/XSV+ETN+근데/MAJ+내일/NNG+은/JX+미세먼지/NNP+도/JX+없/VA+고/EC+해도/VV+EC+쨍쨍/MAG+한다더라/XSV+EF"
          },
          {
            "id": 9,
            "text": "2 : 근데 장갑 껴야 돼",
            "norm_text": "근데 장갑 껴야 돼",
            "speaker": {
              "id": "2번",
              "sex": "여성",
              "age": "20대"
            },
            "speechAct": "(단언) 주장하기",
            "morpheme": "근데/MAJ+장갑/NNG+껴야/VV+EC+돼/VV+EC"
          },
          {
            "id": 10,
            "text": "2 : 손 시러 ㅜㅜ 맞지",
            "norm_text": "손 시러 ㅜㅜ 맞지",
            "speaker": {
              "id": "2번",
              "sex": "여성",
              "age": "20대"
            },
            "speechAct": "(단언) 주장하기",
            "morpheme": "손시러ㅜㅜ맞지/UNKNOWN"
          },
          {
            "id": 11,
            "text": "1 : 아 맞아 ㅜㅜ 나 그래서 스마트 장갑 사려고!",
            "norm_text": "아 맞아 ㅜㅜ 나 그래서 스마트 장갑 사려고!",
            "speaker": {
              "id": "1번",
              "sex": "여성",
              "age": "20대"
            },
            "speechAct": "(단언) 주장하기",
            "morpheme": "아/IC+맞/VV+아/EC+ㅜㅜ/UNKNOWN+나/NP+그래서/MAJ+스마트/NNG+장갑/NNG+사/VV+려고/EF"
          },
          {
            "id": 12,
            "text": "2 : 나도 핑크 벙어리 장갑 사줘",
            "norm_text": "나도 핑크 벙어리 장갑 사줘",
            "speaker": {
              "id": "2번",
              "sex": "여성",
              "age": "20대"
            },
            "speechAct": "(지시) 명령/요구하기",
            "morpheme": "나/NP+도/JX+핑크/NNG+벙어리장갑/NNG+사/VV+줘/EC+VV+EC"
          },
          {
            "id": 13,
            "text": "1 : 키키 아앗 요즘에 벙어리 끼는 으른이 있나?",
            "norm_text": "키키 아앗 요즘에 벙어리 끼는 으른이 있나?",
            "speaker": {
              "id": "1번",
              "sex": "여성",
              "age": "20대"
            },
            "speechAct": "(단언) 주장하기",
            "morpheme": "키/NNG+키/XSV+ETN+아앗/IC+요즘/NNG+에/JKB+벙어리/NNG+끼/VV+는/ETM+으른/UNKNOWN+이/JKS+있/VA+나/EF"
          },
          {
            "id": 14,
            "text": "2 : 왜 귀엽잖아",
            "norm_text": "왜 귀엽잖아",
            "speaker": {
              "id": "2번",
              "sex": "여성",
              "age": "20대"
            },
            "speechAct": "(단언) 주장하기",
            "morpheme": "왜/MAG+귀엽/VA+잖아/EC"
          },
          {
            "id": 15,
            "text": "2 : 사주면 끼지 키키",
            "norm_text": "사주면 끼지 키키",
            "speaker": {
              "id": "2번",
              "sex": "여성",
              "age": "20대"
            },
            "speechAct": "(단언) 주장하기",
            "morpheme": "사주면끼지키키/UNKNOWN"
          },
          {
            "id": 16,
            "text": "1 : 그러면 거기다가 동물 모자까지 쓰면 딱이겠다!",
            "norm_text": "그러면 거기다가 동물 모자까지 쓰면 딱이겠다!",
            "speaker": {
              "id": "1번",
              "sex": "여성",
              "age": "20대"
            },
            "speechAct": "(단언) 주장하기",
            "morpheme": "그러면/MAJ+거기/NP+다가/JX+동물/NNG+모자/NNG+까지/JX+쓰/VV+면/EC+딱/MAG+이/VCP+겠/EP+다/EF"
          },
          {
            "id": 17,
            "text": "2 : 키키 그건 오바 아니에요?",
            "norm_text": "키키 그건 오바 아니에요?",
            "speaker": {
              "id": "2번",
              "sex": "여성",
              "age": "20대"
            },
            "speechAct": "(단언) 주장하기",
            "morpheme": "키/NNG+키/XSV+ETN+그건/NP+JX+오바/NNG+아니/VCN+에요/EF"
          },
          {
            "id": 18,
            "text": "2 : 병 걸린 줄 알아",
            "norm_text": "병 걸린 줄 알아",
            "speaker": {
              "id": "2번",
              "sex": "여성",
              "age": "20대"
            },
            "speechAct": "(단언) 주장하기",
            "morpheme": "병/NNG+걸린/VV+ETM+줄/NNB+알/VV+아/EC"
          },
          {
            "id": 19,
            "text": "1 : 키키 그 귀 움직이는 거 말이야~",
            "norm_text": "키키 그 귀 움직이는 거 말이야~",
            "speaker": {
              "id": "1번",
              "sex": "여성",
              "age": "20대"
            },
            "speechAct": "(단언) 주장하기",
            "morpheme": "키키그귀움직이는거말이야/UNKNOWN+~/SY"
          },
          {
            "id": 20,
            "text": "2 : 키키 아 진짜 싫어 그건 싫어",
            "norm_text": "키키 아 진짜 싫어 그건 싫어",
            "speaker": {
              "id": "2번",
              "sex": "여성",
              "age": "20대"
            },
            "speechAct": "(단언) 주장하기",
            "morpheme": "키/NNG+키/VV+아/EC+진짜/MAG+싫/VA+어/EC+그건/NP+JX+싫/VA+어/EC"
          }
        ]
      }
    }
  ]
}