{
  "dataset": {
    "identifier": 98734,
    "name": "FACEBOOK_108_12_set",
    "src_path": "/data/file/cubeManager/PROJECT001/77/txt20211029160805047053/FACEBOOK_108_12_set/",
    "label_path": "/data/file/cubeManager/PROJECT001/77/txt20211029160805047053/FACEBOOK_108_12_set/",
    "category": 2,
    "type": 0
  },
  "licenses": {
    "name": "Apache License 1.0",
    "url": "http://www.apache.org/licenses/LICENSE-1.0"
  },
  "info": [
    {
      "id": 111300,
      "filename": "FACEBOOK_108_12.txt",
      "title": "FACEBOOK_108_12",
      "mediatype": "SNS",
      "medianame": "페이스북",
      "category": "일상대화",
      "date": "2021-10-29",
      "size": 453,
      "annotations": {
        "subject": "여행",
        "speaker_type": "1:1",
        "size": 453,
        "word_size": 154,
        "text": "1 : 너는 호캉스 즐겨본 적 있어?\n2 : 어 딱히 호캉스라고 생각하고 간 적은 없는 거 같아!\n1 : 그러면 호텔숙박은 해본 적은 있고?\n2 : 응응 여행 갔을 때 이용해 봤어!\n1 : 그렇구나\n1 : 어디 지역 호텔 이용해 봤어?\n2 : 어 해외랑 인천에 파라다이스 호텔 해봤어!\n1 : 어 인천 그 호텔 되게 유명한 곳 아니야?\n2 : 어 맞아 거기 전시장도 있고 촬영도 많이 왔었어!\n1 : 거기 룸서비스는 이용해 봤어!?\n2 : 아니\n2 : 비싸서 생각도 안 했어 ㅠㅠ\n1 : 키키 호캉스는 그런 거 하는 거잖아!\n1 : 나 해보고 싶어!\n2 : 나도 제대로 해보고 싶어 ㅠㅠ\n2 : 나는 거기에 있는 수영장 갔었거든 !\n1 : 아 진짜?\n1 : 코로나 터지기 전에 간 거야?\n2 : 어어 맞아\n2 : 코로나 터지기 전에 가서 수영장에서 놀았었어!\n1 : 와 대박 어땠어?\n1 : 재미있었어?\n2 : 진짜 완전 좋더라 ㅠㅠ 찜질방도 있었어",
        "lines": [
          {
            "id": 1,
            "text": "1 : 너는 호캉스 즐겨본 적 있어?",
            "norm_text": "너는 호캉스 즐겨본 적 있어?",
            "speaker": {
              "id": "1번",
              "sex": "여성",
              "age": "20대"
            },
            "speechAct": "(지시) 질문하기",
            "morpheme": "너/NP+는/JX+호/NNG+캉/JKB+스/IC+즐겨/VV+EC+본/VX+ETM+적/NNB+있/VA+어/EF"
          },
          {
            "id": 2,
            "text": "2 : 어 딱히 호캉스라고 생각하고 간 적은 없는 거 같아!",
            "norm_text": "어 딱히 호캉스라고 생각하고 간 적은 없는 거 같아!",
            "speaker": {
              "id": "2번",
              "sex": "여성",
              "age": "20대"
            },
            "speechAct": "(단언) 진술하기",
            "morpheme": "어/IC+딱히/MAG+호/NNG+캉/JKB+스/VV+라고/EC+생각/NNG+하/XSV+고/EC+간적/NNG+은/JX+없/VA+는/ETM+거/NNB+같/VA+아/EF"
          },
          {
            "id": 3,
            "text": "1 : 그러면 호텔숙박은 해본 적은 있고?",
            "norm_text": "그러면 호텔숙박은 해본 적은 있고?",
            "speaker": {
              "id": "1번",
              "sex": "여성",
              "age": "20대"
            },
            "speechAct": "(지시) 질문하기",
            "morpheme": "그러면/MAJ+호텔/NNG+숙박/NNG+은/JX+해/VV+EC+본/VX+ETM+적/NNB+은/JX+있/VA+고/EC"
          },
          {
            "id": 4,
            "text": "2 : 응응 여행 갔을 때 이용해 봤어!",
            "norm_text": "응응 여행 갔을 때 이용해 봤어!",
            "speaker": {
              "id": "2번",
              "sex": "여성",
              "age": "20대"
            },
            "speechAct": "(단언) 진술하기",
            "morpheme": "응/IC+응/IC+여행/NNG+갔/VV+EP+을/ETM+때/NNG+이용/NNG+해/XSV+EC+봤/VX+EP+어/EF"
          },
          {
            "id": 5,
            "text": "1 : 그렇구나",
            "norm_text": "그렇구나",
            "speaker": {
              "id": "1번",
              "sex": "여성",
              "age": "20대"
            },
            "speechAct": "(단언) 주장하기",
            "morpheme": "그렇/VA+구나/EC"
          },
          {
            "id": 6,
            "text": "1 : 어디 지역 호텔 이용해 봤어?",
            "norm_text": "어디 지역 호텔 이용해 봤어?",
            "speaker": {
              "id": "1번",
              "sex": "여성",
              "age": "20대"
            },
            "speechAct": "(지시) 질문하기",
            "morpheme": "어디/NP+지역/NNG+호텔/NNG+이용/NNG+해/XSV+EC+봤/VX+EP+어/EF"
          },
          {
            "id": 7,
            "text": "2 : 어 해외랑 인천에 파라다이스 호텔 해봤어!",
            "norm_text": "어 해외랑 인천에 파라다이스 호텔 해봤어!",
            "speaker": {
              "id": "2번",
              "sex": "여성",
              "age": "20대"
            },
            "speechAct": "(단언) 진술하기",
            "morpheme": "어/IC+해외/NNG+랑/JC+인천/NNP+에/JKB+파라다이스/NNG+호텔/NNG+해/XSV+EC+봤/VX+EP+어/EF"
          },
          {
            "id": 8,
            "text": "1 : 어 인천 그 호텔 되게 유명한 곳 아니야?",
            "norm_text": "어 인천 그 호텔 되게 유명한 곳 아니야?",
            "speaker": {
              "id": "1번",
              "sex": "여성",
              "age": "20대"
            },
            "speechAct": "(지시) 질문하기",
            "morpheme": "어/IC+인천/NNP+그/MM+호텔/NNG+되게/MAG+유명/NNG+한/XSA+ETM+곳/NNB+아니/VCN+야/EF"
          },
          {
            "id": 9,
            "text": "2 : 어 맞아 거기 전시장도 있고 촬영도 많이 왔었어!",
            "norm_text": "어 맞아 거기 전시장도 있고 촬영도 많이 왔었어!",
            "speaker": {
              "id": "2번",
              "sex": "여성",
              "age": "20대"
            },
            "speechAct": "(단언) 진술하기",
            "morpheme": "어/IC+맞아/IC+거기/NP+전시장/NNG+도/JX+있/VA+고/EC+촬영/NNG+도/JX+많이/MAG+왔었/VV+EP+어/EF"
          },
          {
            "id": 10,
            "text": "1 : 거기 룸서비스는 이용해 봤어!?",
            "norm_text": "거기 룸서비스는 이용해 봤어!?",
            "speaker": {
              "id": "1번",
              "sex": "여성",
              "age": "20대"
            },
            "speechAct": "(지시) 질문하기",
            "morpheme": "거기/NP+룸서비스/NNG+는/JX+이용/NNG+해/XSV+EC+봤/VX+EP+어/EC+!/SY"
          },
          {
            "id": 11,
            "text": "2 : 아니",
            "norm_text": "아니",
            "speaker": {
              "id": "2번",
              "sex": "여성",
              "age": "20대"
            },
            "speechAct": "(단언) 주장하기",
            "morpheme": "아니/IC"
          },
          {
            "id": 12,
            "text": "2 : 비싸서 생각도 안 했어 ㅠㅠ",
            "norm_text": "비싸서 생각도 안 했어 ㅠㅠ",
            "speaker": {
              "id": "2번",
              "sex": "여성",
              "age": "20대"
            },
            "speechAct": "(단언) 주장하기",
            "morpheme": "비싸/VA+서/EC+생각/NNG+도/JX+안/MAG+했/VV+EP+어/EF+ㅠㅠ/UNKNOWN"
          },
          {
            "id": 13,
            "text": "1 : 키키 호캉스는 그런 거 하는 거잖아!",
            "norm_text": "키키 호캉스는 그런 거 하는 거잖아!",
            "speaker": {
              "id": "1번",
              "sex": "여성",
              "age": "20대"
            },
            "speechAct": "(단언) 주장하기",
            "morpheme": "키/NNG+키호/NNP+캉/JKB+스/VV+는/ETM+그런/MM+거/NNB+하/VV+는/ETM+거/NNB+잖아/VCP+EC+VX+EF"
          },
          {
            "id": 14,
            "text": "1 : 나 해보고 싶어!",
            "norm_text": "나 해보고 싶어!",
            "speaker": {
              "id": "1번",
              "sex": "여성",
              "age": "20대"
            },
            "speechAct": "(단언) 주장하기",
            "morpheme": "나/NP+해/VV+EC+보/VX+고/EC+싶/VX+어/EF"
          },
          {
            "id": 15,
            "text": "2 : 나도 제대로 해보고 싶어 ㅠㅠ",
            "norm_text": "나도 제대로 해보고 싶어 ㅠㅠ",
            "speaker": {
              "id": "2번",
              "sex": "여성",
              "age": "20대"
            },
            "speechAct": "(단언) 주장하기",
            "morpheme": "나/NP+도/JX+제대로/MAG+해/VV+EC+보/VX+고/EC+싶/VX+어/EC+ㅠㅠ/UNKNOWN"
          },
          {
            "id": 16,
            "text": "2 : 나는 거기에 있는 수영장 갔었거든 !",
            "norm_text": "나는 거기에 있는 수영장 갔었거든 !",
            "speaker": {
              "id": "2번",
              "sex": "여성",
              "age": "20대"
            },
            "speechAct": "(단언) 진술하기",
            "morpheme": "나/NP+는/JX+거기/NP+에/JKB+있/VV+는/ETM+수영장/NNG+갔었/VV+EP+거든/EF"
          },
          {
            "id": 17,
            "text": "1 : 아 진짜?",
            "norm_text": "아 진짜?",
            "speaker": {
              "id": "1번",
              "sex": "여성",
              "age": "20대"
            },
            "speechAct": "턴토크 사인(관습적 반응)",
            "morpheme": "아/IC+진짜/MAG"
          },
          {
            "id": 18,
            "text": "1 : 코로나 터지기 전에 간 거야?",
            "norm_text": "코로나 터지기 전에 간 거야?",
            "speaker": {
              "id": "1번",
              "sex": "여성",
              "age": "20대"
            },
            "speechAct": "(지시) 질문하기",
            "morpheme": "코로나/NNG+터지/VV+기/ETN+전/NNG+에/JKB+간/VV+ETM+거/NNB+야/VCP+EF"
          },
          {
            "id": 19,
            "text": "2 : 어어 맞아",
            "norm_text": "어어 맞아",
            "speaker": {
              "id": "2번",
              "sex": "여성",
              "age": "20대"
            },
            "speechAct": "(단언) 주장하기",
            "morpheme": "어/IC+어/IC+맞/VV+아/EC"
          },
          {
            "id": 20,
            "text": "2 : 코로나 터지기 전에 가서 수영장에서 놀았었어!",
            "norm_text": "코로나 터지기 전에 가서 수영장에서 놀았었어!",
            "speaker": {
              "id": "2번",
              "sex": "여성",
              "age": "20대"
            },
            "speechAct": "(단언) 진술하기",
            "morpheme": "코로나/NNG+터지/VV+기/ETN+전/NNG+에/JKB+가/VV+서/EC+수영장/NNG+에서/JKB+놀/VV+았었/EP+어/EF"
          },
          {
            "id": 21,
            "text": "1 : 와 대박 어땠어?",
            "norm_text": "와 대박 어땠어?",
            "speaker": {
              "id": "1번",
              "sex": "여성",
              "age": "20대"
            },
            "speechAct": "(지시) 질문하기",
            "morpheme": "와대/NNG+박/VV+어/EC+땠/VV+EP+어/EF"
          },
          {
            "id": 22,
            "text": "1 : 재미있었어?",
            "norm_text": "재미있었어?",
            "speaker": {
              "id": "1번",
              "sex": "여성",
              "age": "20대"
            },
            "speechAct": "(지시) 질문하기",
            "morpheme": "재미있/VA+었/EP+어/EF"
          },
          {
            "id": 23,
            "text": "2 : 진짜 완전 좋더라 ㅠㅠ 찜질방도 있었어",
            "norm_text": "진짜 완전 좋더라 ㅠㅠ 찜질방도 있었어",
            "speaker": {
              "id": "2번",
              "sex": "여성",
              "age": "20대"
            },
            "speechAct": "(단언) 진술하기",
            "morpheme": "진짜/MAG+완전/MAG+좋/VA+더라/EF+ㅠㅠ/UNKNOWN+찜질방/NNG+도/JX+있/VA+었/EP+어/EC"
          }
        ]
      }
    }
  ]
}