{
  "dataset": {
    "identifier": 97821,
    "name": "FACEBOOK_116_12_set",
    "src_path": "/data/file/cubeManager/PROJECT001/77/txt202110291533560454109/FACEBOOK_116_12_set/",
    "label_path": "/data/file/cubeManager/PROJECT001/77/txt202110291533560454109/FACEBOOK_116_12_set/",
    "category": 2,
    "type": 0
  },
  "licenses": {
    "name": "Apache License 1.0",
    "url": "http://www.apache.org/licenses/LICENSE-1.0"
  },
  "info": [
    {
      "id": 110980,
      "filename": "FACEBOOK_116_12.txt",
      "title": "FACEBOOK_116_12",
      "mediatype": "SNS",
      "medianame": "페이스북",
      "category": "일상대화",
      "date": "2021-10-29",
      "size": 426,
      "annotations": {
        "subject": "여행",
        "speaker_type": "1:1",
        "size": 426,
        "word_size": 140,
        "text": "1 : 겨울에는 어디로 놀러 가야 잘 놀러 갔다고 소문이 날까?\n2 : 겨울은 온천 여행 필수지!\n1 : 키키 오 온천이면 덕산으로 가야 하는 건가?\n2 : 덕산?\n2 : 그곳은 처음 들어본다\n1 : 덕산에 리조트 있거든!\n1 : 온천으로 유명한 곳!\n2 : 와, 다음에 거기로 놀러 가야겠네\n1 : 키키 어 여기 괜찮아\n1 : 언니는 어디로 갔어?\n2 : 코로나 터지기 전에는 일본!\n1 : 하, 맞아\n1 : 일본 온천 진짜 짱이지!\n2 : 아니면 대만으로 온천여행 갔지!\n1 : 와 언니 완전 브루주아구나?\n2 : 아니야 키키\n2 : 일본이나 대만은 저렴해!\n1 : 키키 그렇긴 한데 그래도 국내 여행보다는 비싸잖아!\n2 : 그건 맞아 ㅠㅠ\n2 : 이번엔 국내로 알아봐야겠다\n1 : 키키 어 여기 진짜 나쁘지 않아\n1 : 프라이빗한 공간도 있는 걸로 알고 있어!\n2 : 그럼 거기로 내가 알아볼게~",
        "lines": [
          {
            "id": 1,
            "text": "1 : 겨울에는 어디로 놀러 가야 잘 놀러 갔다고 소문이 날까?",
            "norm_text": "겨울에는 어디로 놀러 가야 잘 놀러 갔다고 소문이 날까?",
            "speaker": {
              "id": "1번",
              "sex": "여성",
              "age": "20대"
            },
            "speechAct": "(지시) 질문하기",
            "morpheme": "겨울/NNG+에/JKB+는/JX+어디/NP+로/JKB+놀/VV+러/EC+가/VX+야/EF+잘/MAG+놀러갔/VV+EP+다고/EC+소문/NNG+이/JKS+날까/VV+EF"
          },
          {
            "id": 2,
            "text": "2 : 겨울은 온천 여행 필수지!",
            "norm_text": "겨울은 온천 여행 필수지!",
            "speaker": {
              "id": "2번",
              "sex": "여성",
              "age": "20대"
            },
            "speechAct": "(단언) 주장하기",
            "morpheme": "겨울/NNG+은/JX+온천/NNG+여행/NNG+필수/NNG+지/VCP+EF"
          },
          {
            "id": 3,
            "text": "1 : 키키 오 온천이면 덕산으로 가야 하는 건가?",
            "norm_text": "키키 오 온천이면 덕산으로 가야 하는 건가?",
            "speaker": {
              "id": "1번",
              "sex": "여성",
              "age": "20대"
            },
            "speechAct": "(지시) 질문하기",
            "morpheme": "키/NNG+키/XSV+ETN+오/NR+온천/NNG+이/VCP+면/EC+덕산/NNP+으로/JKB+가/VV+야/EC+하/VV+는/ETM+건가/NNB+VCP+EF"
          },
          {
            "id": 4,
            "text": "2 : 덕산?",
            "norm_text": "덕산?",
            "speaker": {
              "id": "2번",
              "sex": "여성",
              "age": "20대"
            },
            "speechAct": "(지시) 질문하기",
            "morpheme": "덕산/NNP"
          },
          {
            "id": 5,
            "text": "2 : 그곳은 처음 들어본다",
            "norm_text": "그곳은 처음 들어본다",
            "speaker": {
              "id": "2번",
              "sex": "여성",
              "age": "20대"
            },
            "speechAct": "(단언) 진술하기",
            "morpheme": "그곳/NP+은/JX+처음/MAG+들/VV+어/EC+본다/VV+EC"
          },
          {
            "id": 6,
            "text": "1 : 덕산에 리조트 있거든!",
            "norm_text": "덕산에 리조트 있거든!",
            "speaker": {
              "id": "1번",
              "sex": "여성",
              "age": "20대"
            },
            "speechAct": "(단언) 진술하기",
            "morpheme": "덕산/NNP+에/JKB+리조트/NNG+있/VA+거든/EF"
          },
          {
            "id": 7,
            "text": "1 : 온천으로 유명한 곳!",
            "norm_text": "온천으로 유명한 곳!",
            "speaker": {
              "id": "1번",
              "sex": "여성",
              "age": "20대"
            },
            "speechAct": "(단언) 진술하기",
            "morpheme": "온천/NNG+으로/JKB+유명/NNG+한/XSA+ETM+곳/NNB"
          },
          {
            "id": 8,
            "text": "2 : 와, 다음에 거기로 놀러 가야겠네",
            "norm_text": "와, 다음에 거기로 놀러 가야겠네",
            "speaker": {
              "id": "2번",
              "sex": "여성",
              "age": "20대"
            },
            "speechAct": "(언약) 약속하기(제3자와)/(개인적 수준)",
            "morpheme": "와/IC+,/SC+다음/NNG+에/JKB+거기/NP+로/JKB+놀/VV+러/EC+가/VX+야/EC+VX+겠/EP+네/EF"
          },
          {
            "id": 9,
            "text": "1 : 키키 어 여기 괜찮아",
            "norm_text": "키키 어 여기 괜찮아",
            "speaker": {
              "id": "1번",
              "sex": "여성",
              "age": "20대"
            },
            "speechAct": "(단언) 주장하기",
            "morpheme": "키/NNG+키/VV+어/EC+여기/NP+괜찮/VA+아/EC"
          },
          {
            "id": 10,
            "text": "1 : 언니는 어디로 갔어?",
            "norm_text": "언니는 어디로 갔어?",
            "speaker": {
              "id": "1번",
              "sex": "여성",
              "age": "20대"
            },
            "speechAct": "(지시) 질문하기",
            "morpheme": "언니/NNG+는/JX+어디/NP+로/JKB+갔/VV+EP+어/EF"
          },
          {
            "id": 11,
            "text": "2 : 코로나 터지기 전에는 일본!",
            "norm_text": "코로나 터지기 전에는 일본!",
            "speaker": {
              "id": "2번",
              "sex": "여성",
              "age": "20대"
            },
            "speechAct": "(단언) 진술하기",
            "morpheme": "코로나/NNG+터지/VV+기/ETN+전/NNG+에/JKB+는/JX+일본/NNP"
          },
          {
            "id": 12,
            "text": "1 : 하, 맞아",
            "norm_text": "하, 맞아",
            "speaker": {
              "id": "1번",
              "sex": "여성",
              "age": "20대"
            },
            "speechAct": "턴토크 사인(관습적 반응)",
            "morpheme": "하/IC+,/SC+맞/VV+아/EC"
          },
          {
            "id": 13,
            "text": "1 : 일본 온천 진짜 짱이지!",
            "norm_text": "일본 온천 진짜 짱이지!",
            "speaker": {
              "id": "1번",
              "sex": "여성",
              "age": "20대"
            },
            "speechAct": "(단언) 주장하기",
            "morpheme": "일본/NNP+온천/NNG+진짜/MAG+짱/NNG+이/VCP+지/EF"
          },
          {
            "id": 14,
            "text": "2 : 아니면 대만으로 온천여행 갔지!",
            "norm_text": "아니면 대만으로 온천여행 갔지!",
            "speaker": {
              "id": "2번",
              "sex": "여성",
              "age": "20대"
            },
            "speechAct": "(단언) 진술하기",
            "morpheme": "아니면/MAJ+대만/NNP+으로/JKB+온천/NNG+여행/NNG+갔/VV+EP+지/EF"
          },
          {
            "id": 15,
            "text": "1 : 와 언니 완전 브루주아구나?",
            "norm_text": "와 언니 완전 브루주아구나?",
            "speaker": {
              "id": "1번",
              "sex": "여성",
              "age": "20대"
            },
            "speechAct": "(지시) 질문하기",
            "morpheme": "와/IC+언니/NNG+완전/NNG+브루/NNP+주아/NNG+구나/VCP+EF"
          },
          {
            "id": 16,
            "text": "2 : 아니야 키키",
            "norm_text": "아니야 키키",
            "speaker": {
              "id": "2번",
              "sex": "여성",
              "age": "20대"
            },
            "speechAct": "(단언) 주장하기",
            "morpheme": "아니야/IC+키/NNG+키/XSV+ETN"
          },
          {
            "id": 17,
            "text": "2 : 일본이나 대만은 저렴해!",
            "norm_text": "일본이나 대만은 저렴해!",
            "speaker": {
              "id": "2번",
              "sex": "여성",
              "age": "20대"
            },
            "speechAct": "(단언) 주장하기",
            "morpheme": "일본/NNP+이나/JC+대만/NNP+은/JX+저렴/XR+해/XSA+EF"
          },
          {
            "id": 18,
            "text": "1 : 키키 그렇긴 한데 그래도 국내 여행보다는 비싸잖아!",
            "norm_text": "키키 그렇긴 한데 그래도 국내 여행보다는 비싸잖아!",
            "speaker": {
              "id": "1번",
              "sex": "여성",
              "age": "20대"
            },
            "speechAct": "(단언) 주장하기",
            "morpheme": "키/NNG+키/XSV+ETN+그렇/VA+긴/ETN+JX+한데/VX+EC+그래도/VV+EC+국내/NNG+여행/NNG+보다/JKB+는/JX+비싸/VA+잖아/EF"
          },
          {
            "id": 19,
            "text": "2 : 그건 맞아 ㅠㅠ",
            "norm_text": "그건 맞아 ㅠㅠ",
            "speaker": {
              "id": "2번",
              "sex": "여성",
              "age": "20대"
            },
            "speechAct": "(단언) 주장하기",
            "morpheme": "그건맞아ㅠㅠ/UNKNOWN"
          },
          {
            "id": 20,
            "text": "2 : 이번엔 국내로 알아봐야겠다",
            "norm_text": "이번엔 국내로 알아봐야겠다",
            "speaker": {
              "id": "2번",
              "sex": "여성",
              "age": "20대"
            },
            "speechAct": "(언약) 약속하기(제3자와)/(개인적 수준)",
            "morpheme": "이번/NNG+엔/JKB+JX+국내/NNG+로/JKB+알/VV+아/EC+봐야/VX+EC+VV+겠/EP+다/EC"
          },
          {
            "id": 21,
            "text": "1 : 키키 어 여기 진짜 나쁘지 않아",
            "norm_text": "키키 어 여기 진짜 나쁘지 않아",
            "speaker": {
              "id": "1번",
              "sex": "여성",
              "age": "20대"
            },
            "speechAct": "(단언) 주장하기",
            "morpheme": "키/NNG+키/VV+어/EC+여기/NP+진짜/MAG+나쁘/VA+지/EC+않/VX+아/EC"
          },
          {
            "id": 22,
            "text": "1 : 프라이빗한 공간도 있는 걸로 알고 있어!",
            "norm_text": "프라이빗한 공간도 있는 걸로 알고 있어!",
            "speaker": {
              "id": "1번",
              "sex": "여성",
              "age": "20대"
            },
            "speechAct": "(단언) 진술하기",
            "morpheme": "프라이빗/NNG+한/XSA+ETM+공간/NNG+도/JX+있/VX+는/ETM+걸로/NNB+JKB+알/VV+고/EC+있/VX+어/EF"
          },
          {
            "id": 23,
            "text": "2 : 그럼 거기로 내가 알아볼게~",
            "norm_text": "그럼 거기로 내가 알아볼게~",
            "speaker": {
              "id": "2번",
              "sex": "여성",
              "age": "20대"
            },
            "speechAct": "(언약) 약속하기(제3자와)/(개인적 수준)",
            "morpheme": "그럼/MAJ+거기/NP+로/JKB+내/NP+가/JKS+알아볼/VV+ETM+게/NNB+JKS+~/SY"
          }
        ]
      }
    }
  ]
}