{
  "dataset": {
    "identifier": 117727,
    "name": "FACEBOOK_120_05_set",
    "src_path": "/data/file/cubeManager/PROJECT001/80/txt202111021135280877100/FACEBOOK_120_05_set/",
    "label_path": "/data/file/cubeManager/PROJECT001/80/txt202111021135280877100/FACEBOOK_120_05_set/",
    "category": 2,
    "type": 0
  },
  "licenses": {
    "name": "Apache License 1.0",
    "url": "http://www.apache.org/licenses/LICENSE-1.0"
  },
  "info": [
    {
      "id": 129888,
      "filename": "FACEBOOK_120_05.txt",
      "title": "FACEBOOK_120_05",
      "mediatype": "SNS",
      "medianame": "페이스북",
      "category": "일상대화",
      "date": "2021-11-02",
      "size": 475,
      "annotations": {
        "subject": "군대",
        "speaker_type": "1:1",
        "size": 475,
        "word_size": 164,
        "text": "1 : 언니는 훈련소 안에 들어가 본 적 있어?\n2 : 응 나는 훈련소 안에 꽤 들어갔어 키키\n1 : 아 진짜?\n1 : 어떻게 들어가\n1 : 언니 여자인데?\n2 : 나 전에 오빠 군대 갔을 때 가 봤고 친구 따라서 들어갔어 키키\n1 : 오 그럴 때 뭐 신청서 같은 거 작성 안 해?\n2 : 앞에서 어떻게 방문했는지 쓰는 거 있긴 하더라!\n1 : 그러면 명찰 같은 거 주고 들어가라고 하지 않아?\n2 : 웅 맞아\n2 : 신분증 주고 출입증 받아서 들어가야 해!\n1 : 키키 신기방기\n1 : 몇 시간 있다 나와야 해?\n2 : 그런 건 딱히 정해져 있는 거 같지 않아!\n1 : 그래서 들어가서 오빠 만났어?\n2 : 웅 오빠 얼굴도 보고 쇼핑도 하고~\n1 : 키키 쇼핑~?\n1 : 피엑스 오빠랑 같이 들어감?\n2 : 아니지\n2 : 쇼핑은 방해되니까 혼자 가야지!\n1 : 키키 오빠가 그때 상병이었어?\n1 : 병장이었어?\n2 : 아니\n2 : 훈련소 때는 훈련병이였을 거 같은데 키키\n2 : 기억이...",
        "lines": [
          {
            "id": 1,
            "text": "1 : 언니는 훈련소 안에 들어가 본 적 있어?",
            "norm_text": "언니는 훈련소 안에 들어가 본 적 있어?",
            "speaker": {
              "id": "1번",
              "sex": "여성",
              "age": "20대"
            },
            "speechAct": "(지시) 질문하기",
            "morpheme": "언니/NNG+는/JX+훈련소/NNG+안/NNG+에/JKB+들어가/VV+EC+본/VX+ETM+적/NNB+있/VA+어/EF"
          },
          {
            "id": 2,
            "text": "2 : 응 나는 훈련소 안에 꽤 들어갔어 키키",
            "norm_text": "응 나는 훈련소 안에 꽤 들어갔어 키키",
            "speaker": {
              "id": "2번",
              "sex": "여성",
              "age": "20대"
            },
            "speechAct": "(단언) 진술하기",
            "morpheme": "응/IC+나/NP+는/JX+훈련소/NNG+안/NNG+에/JKB+꽤/MAG+들어갔/VV+EP+어/EC+키/NNG+키/XSV+ETN"
          },
          {
            "id": 3,
            "text": "1 : 아 진짜?",
            "norm_text": "아 진짜?",
            "speaker": {
              "id": "1번",
              "sex": "여성",
              "age": "20대"
            },
            "speechAct": "턴토크 사인(관습적 반응)",
            "morpheme": "아/IC+진짜/MAG"
          },
          {
            "id": 4,
            "text": "1 : 어떻게 들어가",
            "norm_text": "어떻게 들어가",
            "speaker": {
              "id": "1번",
              "sex": "여성",
              "age": "20대"
            },
            "speechAct": "(지시) 질문하기",
            "morpheme": "어떻게/MAG+들어가/VV+EC"
          },
          {
            "id": 5,
            "text": "1 : 언니 여자인데?",
            "norm_text": "언니 여자인데?",
            "speaker": {
              "id": "1번",
              "sex": "여성",
              "age": "20대"
            },
            "speechAct": "(단언) 주장하기",
            "morpheme": "언니/NNG+여자/NNG+인데/VCP+EF"
          },
          {
            "id": 6,
            "text": "2 : 나 전에 오빠 군대 갔을 때 가 봤고 친구 따라서 들어갔어 키키",
            "norm_text": "나 전에 오빠 군대 갔을 때 가 봤고 친구 따라서 들어갔어 키키",
            "speaker": {
              "id": "2번",
              "sex": "여성",
              "age": "20대"
            },
            "speechAct": "(단언) 진술하기",
            "morpheme": "나전/NNG+에/JKB+오빠/NNG+군대/NNG+갔/VV+EP+을/ETM+때/NNG+가/JKS+봤/VV+EP+고/EC+친구/NNG+따라서/VV+EC+들어갔/VV+EP+어/EC+키/NNG+키/XSV+ETN"
          },
          {
            "id": 7,
            "text": "1 : 오 그럴 때 뭐 신청서 같은 거 작성 안 해?",
            "norm_text": "오 그럴 때 뭐 신청서 같은 거 작성 안 해?",
            "speaker": {
              "id": "1번",
              "sex": "여성",
              "age": "20대"
            },
            "speechAct": "(지시) 질문하기",
            "morpheme": "오/NR+그럴/VV+ETM+때/NNG+뭐/IC+신청서/NNG+같/VA+은/ETM+거/NNB+작성/NNG+안/MAG+해/VV+EF"
          },
          {
            "id": 8,
            "text": "2 : 앞에서 어떻게 방문했는지 쓰는 거 있긴 하더라!",
            "norm_text": "앞에서 어떻게 방문했는지 쓰는 거 있긴 하더라!",
            "speaker": {
              "id": "2번",
              "sex": "여성",
              "age": "20대"
            },
            "speechAct": "(단언) 진술하기",
            "morpheme": "앞/NNG+에서/JKB+어떻게/MAG+방문/NNG+했/XSV+EP+는지/EC+쓰/VV+는/ETM+거/NNB+있/VA+긴/ETN+JX+하/VX+더라/EF"
          },
          {
            "id": 9,
            "text": "1 : 그러면 명찰 같은 거 주고 들어가라고 하지 않아?",
            "norm_text": "그러면 명찰 같은 거 주고 들어가라고 하지 않아?",
            "speaker": {
              "id": "1번",
              "sex": "여성",
              "age": "20대"
            },
            "speechAct": "(지시) 질문하기",
            "morpheme": "그러면/MAJ+명찰/NNG+같/VA+은/ETM+거/NNB+주/VV+고/EC+들어가/VV+라고/EC+하/VV+지/EC+않/VX+아/EF"
          },
          {
            "id": 10,
            "text": "2 : 웅 맞아",
            "norm_text": "웅 맞아",
            "speaker": {
              "id": "2번",
              "sex": "여성",
              "age": "20대"
            },
            "speechAct": "(단언) 주장하기",
            "morpheme": "웅/MAG+맞/VV+아/EC"
          },
          {
            "id": 11,
            "text": "2 : 신분증 주고 출입증 받아서 들어가야 해!",
            "norm_text": "신분증 주고 출입증 받아서 들어가야 해!",
            "speaker": {
              "id": "2번",
              "sex": "여성",
              "age": "20대"
            },
            "speechAct": "(단언) 진술하기",
            "morpheme": "신분증/NNG+주/VV+고/EC+출입증/NNG+받/VV+아서/EC+들어가/VV+야/EC+해/VX+EF"
          },
          {
            "id": 12,
            "text": "1 : 키키 신기방기",
            "norm_text": "키키 신기방기",
            "speaker": {
              "id": "1번",
              "sex": "여성",
              "age": "20대"
            },
            "speechAct": "(단언) 주장하기",
            "morpheme": "키/NNG+키/NNG+신기/NNG+방기/NNG"
          },
          {
            "id": 13,
            "text": "1 : 몇 시간 있다 나와야 해?",
            "norm_text": "몇 시간 있다 나와야 해?",
            "speaker": {
              "id": "1번",
              "sex": "여성",
              "age": "20대"
            },
            "speechAct": "(지시) 질문하기",
            "morpheme": "몇/MM+시간/NNG+있/VV+다/EC+나와야/VV+EC+해/VX+EF"
          },
          {
            "id": 14,
            "text": "2 : 그런 건 딱히 정해져 있는 거 같지 않아!",
            "norm_text": "그런 건 딱히 정해져 있는 거 같지 않아!",
            "speaker": {
              "id": "2번",
              "sex": "여성",
              "age": "20대"
            },
            "speechAct": "(단언) 주장하기",
            "morpheme": "그런/MM+건/NNB+JX+딱히/MAG+정해져/VV+EC+VX+EC+있/VX+는/ETM+거/NNB+같/VA+지/EC+않/VX+아/EF"
          },
          {
            "id": 15,
            "text": "1 : 그래서 들어가서 오빠 만났어?",
            "norm_text": "그래서 들어가서 오빠 만났어?",
            "speaker": {
              "id": "1번",
              "sex": "여성",
              "age": "20대"
            },
            "speechAct": "(지시) 질문하기",
            "morpheme": "그래서/MAJ+들어가/VV+서/EC+오빠/NNG+만났/VV+EP+어/EF"
          },
          {
            "id": 16,
            "text": "2 : 웅 오빠 얼굴도 보고 쇼핑도 하고~",
            "norm_text": "웅 오빠 얼굴도 보고 쇼핑도 하고~",
            "speaker": {
              "id": "2번",
              "sex": "여성",
              "age": "20대"
            },
            "speechAct": "(단언) 진술하기",
            "morpheme": "웅/IC+오빠/NNG+얼굴/NNG+도/JX+보/VV+고/EC+쇼핑/NNG+도/JX+하/VV+고/EC+~/SY"
          },
          {
            "id": 17,
            "text": "1 : 키키 쇼핑~?",
            "norm_text": "키키 쇼핑~?",
            "speaker": {
              "id": "1번",
              "sex": "여성",
              "age": "20대"
            },
            "speechAct": "(단언) 주장하기",
            "morpheme": "키/NNG+키/NNG+쇼핑/NNG+~/SY"
          },
          {
            "id": 18,
            "text": "1 : 피엑스 오빠랑 같이 들어감?",
            "norm_text": "피엑스 오빠랑 같이 들어감?",
            "speaker": {
              "id": "1번",
              "sex": "여성",
              "age": "20대"
            },
            "speechAct": "(지시) 질문하기",
            "morpheme": "피엑스/NNG+오빠/NNG+랑/JKB+같이/MAG+들어감/VV+ETN"
          },
          {
            "id": 19,
            "text": "2 : 아니지",
            "norm_text": "아니지",
            "speaker": {
              "id": "2번",
              "sex": "여성",
              "age": "20대"
            },
            "speechAct": "(단언) 주장하기",
            "morpheme": "아니/VCN+지/EC"
          },
          {
            "id": 20,
            "text": "2 : 쇼핑은 방해되니까 혼자 가야지!",
            "norm_text": "쇼핑은 방해되니까 혼자 가야지!",
            "speaker": {
              "id": "2번",
              "sex": "여성",
              "age": "20대"
            },
            "speechAct": "(단언) 주장하기",
            "morpheme": "쇼핑/NNG+은/JX+방해/NNG+되/XSV+니까/EC+혼자/MAG+가/VV+야지/EF"
          },
          {
            "id": 21,
            "text": "1 : 키키 오빠가 그때 상병이었어?",
            "norm_text": "키키 오빠가 그때 상병이었어?",
            "speaker": {
              "id": "1번",
              "sex": "여성",
              "age": "20대"
            },
            "speechAct": "(지시) 질문하기",
            "morpheme": "키/NNG+키/NNG+오빠/NNG+가/JKS+그때/NNG+상병/NNG+이/VCP+었/EP+어/EF"
          },
          {
            "id": 22,
            "text": "1 : 병장이었어?",
            "norm_text": "병장이었어?",
            "speaker": {
              "id": "1번",
              "sex": "여성",
              "age": "20대"
            },
            "speechAct": "(지시) 질문하기",
            "morpheme": "병장/NNG+이/VCP+었/EP+어/EF"
          },
          {
            "id": 23,
            "text": "2 : 아니",
            "norm_text": "아니",
            "speaker": {
              "id": "2번",
              "sex": "여성",
              "age": "20대"
            },
            "speechAct": "(단언) 주장하기",
            "morpheme": "아니/IC"
          },
          {
            "id": 24,
            "text": "2 : 훈련소 때는 훈련병이였을 거 같은데 키키",
            "norm_text": "훈련소 때는 훈련병이였을 거 같은데 키키",
            "speaker": {
              "id": "2번",
              "sex": "여성",
              "age": "20대"
            },
            "speechAct": "(단언) 주장하기",
            "morpheme": "훈련소/NNG+때/NNG+는/JX+훈련병/NNG+이/VCP+였을/EP+ETM+거/NNB+같/VA+은데/EC+키/NNG+키/XSV+ETN"
          },
          {
            "id": 25,
            "text": "2 : 기억이...",
            "norm_text": "기억이...",
            "speaker": {
              "id": "2번",
              "sex": "여성",
              "age": "20대"
            },
            "speechAct": "(단언) 주장하기",
            "morpheme": "기억/NNG+이/JKS+./SY+./SY"
          }
        ]
      }
    }
  ]
}