{
  "dataset": {
    "identifier": 118455,
    "name": "FACEBOOK_118_04_set",
    "src_path": "/data/file/cubeManager/PROJECT001/80/txt20211102103331047039/FACEBOOK_118_04_set/",
    "label_path": "/data/file/cubeManager/PROJECT001/80/txt20211102103331047039/FACEBOOK_118_04_set/",
    "category": 2,
    "type": 0
  },
  "licenses": {
    "name": "Apache License 1.0",
    "url": "http://www.apache.org/licenses/LICENSE-1.0"
  },
  "info": [
    {
      "id": 129667,
      "filename": "FACEBOOK_118_04.txt",
      "title": "FACEBOOK_118_04",
      "mediatype": "SNS",
      "medianame": "페이스북",
      "category": "일상대화",
      "date": "2021-11-02",
      "size": 418,
      "annotations": {
        "subject": "회사/아르바이트",
        "speaker_type": "1:1",
        "size": 418,
        "word_size": 138,
        "text": "1 : 언니는 몇 시에 출근하고 있어?\n2 : 나 아침 8시까지 출근해야 해\n1 : 와오 ㅜㅜ 퇴근은 당연히 6시 정각이겠지?\n2 : 퇴근은 오후 5시에 하는데?\n1 : 아아 맞아 8시에 출근하니까 5시에 하는 게 맞아!\n2 : 아침에 힘들어도 빨리 마쳐서 좋아\n1 : 맞아 ㅜㅜ 그러면 아침 몇 시에 일어나?\n2 : 아침에 대략 새벽 6시에 일어나\n1 : 오우 ㅜㅜ 언니 아침에 머리 감는구나?\n2 : 아니 나 항상 전날 저녁에 감아 키키\n1 : 그러면 집에랑 회사랑 거리가 멀어서 일찍 일어나는 거야?\n2 : 지하철 타고 한 30분 정도?\n1 : 나도 그 정도 되는데 9시 출근해 가지고 나는 7시 40분에 일어나는데  키키\n2 : 헐 내가 좀 빨리 일어나나?\n1 : 그런 거 같은데!?\n1 : 아 나는 참고로 화장 안 해~\n2 : 아아 키키 나는 최근에 화장하고 있어서~",
        "lines": [
          {
            "id": 1,
            "text": "1 : 언니는 몇 시에 출근하고 있어?",
            "norm_text": "언니는 몇 시에 출근하고 있어?",
            "speaker": {
              "id": "1번",
              "sex": "여성",
              "age": "20대"
            },
            "speechAct": "(지시) 질문하기",
            "morpheme": "언니/NNG+는/JX+몇/MM+시/NNBC+에/JKB+출근/NNG+하/XSV+고/EC+있/VX+어/EF"
          },
          {
            "id": 2,
            "text": "2 : 나 아침 8시까지 출근해야 해",
            "norm_text": "나 아침 8시까지 출근해야 해",
            "speaker": {
              "id": "2번",
              "sex": "여성",
              "age": "20대"
            },
            "speechAct": "(단언) 진술하기",
            "morpheme": "나/NP+아침/NNG+8/SN+시/NNBC+까지/JX+출근/NNG+해야/XSV+EC+해/VV+EC"
          },
          {
            "id": 3,
            "text": "1 : 와오 ㅜㅜ 퇴근은 당연히 6시 정각이겠지?",
            "norm_text": "와오 ㅜㅜ 퇴근은 당연히 6시 정각이겠지?",
            "speaker": {
              "id": "1번",
              "sex": "여성",
              "age": "20대"
            },
            "speechAct": "(지시) 질문하기",
            "morpheme": "와오ㅜㅜ퇴근은당연히/UNKNOWN+6/SN+시/NNBC+정각/NNG+이/VCP+겠/EP+지/EF"
          },
          {
            "id": 4,
            "text": "2 : 퇴근은 오후 5시에 하는데?",
            "norm_text": "퇴근은 오후 5시에 하는데?",
            "speaker": {
              "id": "2번",
              "sex": "여성",
              "age": "20대"
            },
            "speechAct": "(단언) 진술하기",
            "morpheme": "퇴근/NNG+은/JX+오후/NNG+5/SN+시/NNBC+에/JKB+하/VV+는데/EC"
          },
          {
            "id": 5,
            "text": "1 : 아아 맞아 8시에 출근하니까 5시에 하는 게 맞아!",
            "norm_text": "아아 맞아 8시에 출근하니까 5시에 하는 게 맞아!",
            "speaker": {
              "id": "1번",
              "sex": "여성",
              "age": "20대"
            },
            "speechAct": "(단언) 주장하기",
            "morpheme": "아아/IC+맞/VV+아/EC+8/SN+시/NNBC+에/JKB+출근/NNG+하/XSV+니까/EC+5/SN+시/NNBC+에/JKB+하/VV+는/ETM+게/NNB+JKS+맞/VV+아/EF"
          },
          {
            "id": 6,
            "text": "2 : 아침에 힘들어도 빨리 마쳐서 좋아",
            "norm_text": "아침에 힘들어도 빨리 마쳐서 좋아",
            "speaker": {
              "id": "2번",
              "sex": "여성",
              "age": "20대"
            },
            "speechAct": "(단언) 주장하기",
            "morpheme": "아침/NNG+에/JKB+힘들/VA+어도/EC+빨리/MAG+마쳐서/VV+EC+좋/VA+아/EC"
          },
          {
            "id": 7,
            "text": "1 : 맞아 ㅜㅜ 그러면 아침 몇 시에 일어나?",
            "norm_text": "맞아 ㅜㅜ 그러면 아침 몇 시에 일어나?",
            "speaker": {
              "id": "1번",
              "sex": "여성",
              "age": "20대"
            },
            "speechAct": "(지시) 질문하기",
            "morpheme": "맞/VV+아/EC+ㅜㅜ/UNKNOWN+그러/VV+면/EC+아침/NNG+몇/MM+시/NNBC+에/JKB+일어나/VV+EF"
          },
          {
            "id": 8,
            "text": "2 : 아침에 대략 새벽 6시에 일어나",
            "norm_text": "아침에 대략 새벽 6시에 일어나",
            "speaker": {
              "id": "2번",
              "sex": "여성",
              "age": "20대"
            },
            "speechAct": "(단언) 진술하기",
            "morpheme": "아침/NNG+에/JKB+대략/MAG+새벽/NNG+6/SN+시/NNBC+에/JKB+일어나/VV+EC"
          },
          {
            "id": 9,
            "text": "1 : 오우 ㅜㅜ 언니 아침에 머리 감는구나?",
            "norm_text": "오우 ㅜㅜ 언니 아침에 머리 감는구나?",
            "speaker": {
              "id": "1번",
              "sex": "여성",
              "age": "20대"
            },
            "speechAct": "(지시) 질문하기",
            "morpheme": "오우/NNG+ㅜㅜ/UNKNOWN+언니/NNG+아침/NNG+에/JKB+머리/NNG+감/VV+는구나/EF"
          },
          {
            "id": 10,
            "text": "2 : 아니 나 항상 전날 저녁에 감아 키키",
            "norm_text": "아니 나 항상 전날 저녁에 감아 키키",
            "speaker": {
              "id": "2번",
              "sex": "여성",
              "age": "20대"
            },
            "speechAct": "(단언) 진술하기",
            "morpheme": "아니/IC+나/NP+항상/MAG+전날/NNG+저녁/NNG+에/JKB+감/VV+아/EC+키/NNG+키/XSV+ETN"
          },
          {
            "id": 11,
            "text": "1 : 그러면 집에랑 회사랑 거리가 멀어서 일찍 일어나는 거야?",
            "norm_text": "그러면 집에랑 회사랑 거리가 멀어서 일찍 일어나는 거야?",
            "speaker": {
              "id": "1번",
              "sex": "여성",
              "age": "20대"
            },
            "speechAct": "(지시) 질문하기",
            "morpheme": "그러면/MAJ+집/NNG+에/JKB+랑/JC+회사/NNG+랑/JKB+거리/NNG+가/JKS+멀/VA+어서/EC+일찍/MAG+일어나/VV+는/ETM+거/NNB+야/VCP+EF"
          },
          {
            "id": 12,
            "text": "2 : 지하철 타고 한 30분 정도?",
            "norm_text": "지하철 타고 한 30분 정도?",
            "speaker": {
              "id": "2번",
              "sex": "여성",
              "age": "20대"
            },
            "speechAct": "(지시) 질문하기",
            "morpheme": "지하철/NNG+타/VV+고/EC+한/VX+ETM+30/SN+분/NNBC+정도/NNG"
          },
          {
            "id": 13,
            "text": "1 : 나도 그 정도 되는데 9시 출근해 가지고 나는 7시 40분에 일어나는데  키키",
            "norm_text": "나도 그 정도 되는데 9시 출근해 가지고 나는 7시 40분에 일어나는데  키키",
            "speaker": {
              "id": "1번",
              "sex": "여성",
              "age": "20대"
            },
            "speechAct": "(단언) 진술하기",
            "morpheme": "나/NP+도/JX+그/MM+정도/NNG+되/XSV+는/ETM+데/NNB+9/SN+시/NNBC+출근/NNG+해/XSV+EC+가지/VX+고/EC+나/NP+는/JX+7/SN+시/NNBC+40/SN+분/NNBC+에/JKB+일어나/VV+는데/EC+키/NNG+키/XSV+ETN"
          },
          {
            "id": 14,
            "text": "2 : 헐 내가 좀 빨리 일어나나?",
            "norm_text": "헐 내가 좀 빨리 일어나나?",
            "speaker": {
              "id": "2번",
              "sex": "여성",
              "age": "20대"
            },
            "speechAct": "(지시) 질문하기",
            "morpheme": "헐/IC+내/NP+가/JKS+좀/MAG+빨리/MAG+일어나/VV+나/EF"
          },
          {
            "id": 15,
            "text": "1 : 그런 거 같은데!?",
            "norm_text": "그런 거 같은데!?",
            "speaker": {
              "id": "1번",
              "sex": "여성",
              "age": "20대"
            },
            "speechAct": "(지시) 질문하기",
            "morpheme": "그런/MM+거/NNB+같/VA+은데/EC+!/SY"
          },
          {
            "id": 16,
            "text": "1 : 아 나는 참고로 화장 안 해~",
            "norm_text": "아 나는 참고로 화장 안 해~",
            "speaker": {
              "id": "1번",
              "sex": "여성",
              "age": "20대"
            },
            "speechAct": "(단언) 진술하기",
            "morpheme": "아/IC+나/NP+는/JX+참고/NNG+로/JKB+화장/NNG+안/MAG+해/VV+EC+~/SY"
          },
          {
            "id": 17,
            "text": "2 : 아아 키키 나는 최근에 화장하고 있어서~",
            "norm_text": "아아 키키 나는 최근에 화장하고 있어서~",
            "speaker": {
              "id": "2번",
              "sex": "여성",
              "age": "20대"
            },
            "speechAct": "(단언) 진술하기",
            "morpheme": "아아/IC+키/NNG+키나/XSA+ETN+JX+는/JX+최근/NNG+에/JKB+화장/NNG+하/XSV+고/EC+있/VX+어서/EC+~/SY"
          }
        ]
      }
    }
  ]
}