{
  "dataset": {
    "identifier": 118316,
    "name": "FACEBOOK_117_16_set",
    "src_path": "/data/file/cubeManager/PROJECT001/80/txt20211102103331040915/FACEBOOK_117_16_set/",
    "label_path": "/data/file/cubeManager/PROJECT001/80/txt20211102103331040915/FACEBOOK_117_16_set/",
    "category": 2,
    "type": 0
  },
  "licenses": {
    "name": "Apache License 1.0",
    "url": "http://www.apache.org/licenses/LICENSE-1.0"
  },
  "info": [
    {
      "id": 129659,
      "filename": "FACEBOOK_117_16.txt",
      "title": "FACEBOOK_117_16",
      "mediatype": "SNS",
      "medianame": "페이스북",
      "category": "일상대화",
      "date": "2021-11-02",
      "size": 499,
      "annotations": {
        "subject": "미용",
        "speaker_type": "1:1",
        "size": 499,
        "word_size": 165,
        "text": "1 : 언니는 가방 매는 거 좋아해?\n2 : 가방은 있어야지\n2 : 근데 요새 다 비싸 ㅜㅜ\n1 : 맞아 ㅜㅜ 언니는 어떤 가방 브랜드 좋아해?\n2 : 나는 발렌시아가? 아님 샤넬 갖고 싶다...\n1 : 발렌시아가! 샤넬! 거기 몇백 하는 곳이잖아!\n2 : 맞아 샤넬은 가져볼 수 있으려나...\n1 : 키키 와 그러면 발렌시아가는 있는 거야?\n2 : 웅 이건 내 생일 선물로 나한테 줬어 키키\n1 : 와 대박! 그거 너무 좋은 생각이야!\n1 : 어떤 빽으로 샀어?\n2 : 나 그냥 저거 이름이 뭐더라\n2 : 근데 무난하게 일 년 넘게 잘 매는 중\n1 : 나는 완전 작은 미니백? 갖고 싶은데 어떤 브랜드가 좋을까?\n2 : 음 금액대에 따라 다르지?\n2 : 근데 미니백은 아까워\n1 : 근데 내가 루이비똥 그냥 봤는데 핸드폰 들어가는 크기도 100만 원이 넘더라!\n2 : 맞아 루이비통은 아까워\n2 : 돈이 있어야 사지...\n1 : ㅜㅜ 나는 40이 넘어서도 못 살 거 같아!\n2 : 키키 에이 사지\n2 : 결혼할 때 사 달라 하자",
        "lines": [
          {
            "id": 1,
            "text": "1 : 언니는 가방 매는 거 좋아해?",
            "norm_text": "언니는 가방 매는 거 좋아해?",
            "speaker": {
              "id": "1번",
              "sex": "여성",
              "age": "20대"
            },
            "speechAct": "(지시) 질문하기",
            "morpheme": "언니/NNG+는/JX+가방/NNG+매/VV+는/ETM+거/NNB+좋/VA+아/EC+해/VX+EF"
          },
          {
            "id": 2,
            "text": "2 : 가방은 있어야지",
            "norm_text": "가방은 있어야지",
            "speaker": {
              "id": "2번",
              "sex": "여성",
              "age": "20대"
            },
            "speechAct": "(단언) 주장하기",
            "morpheme": "가방/NNG+은/JX+있/VA+어야지/EC"
          },
          {
            "id": 3,
            "text": "2 : 근데 요새 다 비싸 ㅜㅜ",
            "norm_text": "근데 요새 다 비싸 ㅜㅜ",
            "speaker": {
              "id": "2번",
              "sex": "여성",
              "age": "20대"
            },
            "speechAct": "(단언) 주장하기",
            "morpheme": "근데/MAJ+요새/MAG+다/MAG+비싸/VA+EF+ㅜㅜ/UNKNOWN"
          },
          {
            "id": 4,
            "text": "1 : 맞아 ㅜㅜ 언니는 어떤 가방 브랜드 좋아해?",
            "norm_text": "맞아 ㅜㅜ 언니는 어떤 가방 브랜드 좋아해?",
            "speaker": {
              "id": "1번",
              "sex": "여성",
              "age": "20대"
            },
            "speechAct": "(지시) 질문하기",
            "morpheme": "맞/VV+아/EC+ㅜㅜ/UNKNOWN+언니/NNG+는/JX+어떤/MM+가방/NNG+브랜드/NNG+좋/VA+아/EC+해/VX+EF"
          },
          {
            "id": 5,
            "text": "2 : 나는 발렌시아가? 아님 샤넬 갖고 싶다...",
            "norm_text": "나는 발렌시아가? 아님 샤넬 갖고 싶다...",
            "speaker": {
              "id": "2번",
              "sex": "여성",
              "age": "20대"
            },
            "speechAct": "(단언) 주장하기",
            "morpheme": "나/NP+는/JX+발렌시아/NNP+가/JKS+아님/MAJ+샤넬/NNP+갖/VV+고/EC+싶/VX+다/EF+./SY"
          },
          {
            "id": 6,
            "text": "1 : 발렌시아가! 샤넬! 거기 몇백 하는 곳이잖아!",
            "norm_text": "발렌시아가! 샤넬! 거기 몇백 하는 곳이잖아!",
            "speaker": {
              "id": "1번",
              "sex": "여성",
              "age": "20대"
            },
            "speechAct": "(단언) 주장하기",
            "morpheme": "발렌시아/NNP+가/JKS+!/SY+샤넬/NNP+거기/NP+몇/MM+백/NR+하/VV+는/ETM+곳/NNG+이/VCP+잖아/EF"
          },
          {
            "id": 7,
            "text": "2 : 맞아 샤넬은 가져볼 수 있으려나...",
            "norm_text": "맞아 샤넬은 가져볼 수 있으려나...",
            "speaker": {
              "id": "2번",
              "sex": "여성",
              "age": "20대"
            },
            "speechAct": "(단언) 주장하기",
            "morpheme": "맞/VV+아/EC+샤넬/NNP+은/JX+가져볼/VV+EC+VX+ETM+수/NNB+있/VV+으려나/EF+./SY"
          },
          {
            "id": 8,
            "text": "1 : 키키 와 그러면 발렌시아가는 있는 거야?",
            "norm_text": "키키 와 그러면 발렌시아가는 있는 거야?",
            "speaker": {
              "id": "1번",
              "sex": "여성",
              "age": "20대"
            },
            "speechAct": "(지시) 질문하기",
            "morpheme": "키/NNG+키/XSV+ETN+와/JKB+그러/VV+면/EC+발렌시아가/NNP+는/JX+있/VX+는/ETM+거/NNB+야/VCP+EF"
          },
          {
            "id": 9,
            "text": "2 : 웅 이건 내 생일 선물로 나한테 줬어 키키",
            "norm_text": "웅 이건 내 생일 선물로 나한테 줬어 키키",
            "speaker": {
              "id": "2번",
              "sex": "여성",
              "age": "20대"
            },
            "speechAct": "(단언) 진술하기",
            "morpheme": "웅/IC+이건/NP+JX+내/NP+JKG+생일/NNG+선물/NNG+로/JKB+나/NP+한테/JKB+줬/VV+EP+어/EC+키/NNG+키/XSV+ETN"
          },
          {
            "id": 10,
            "text": "1 : 와 대박! 그거 너무 좋은 생각이야!",
            "norm_text": "와 대박! 그거 너무 좋은 생각이야!",
            "speaker": {
              "id": "1번",
              "sex": "여성",
              "age": "20대"
            },
            "speechAct": "(단언) 주장하기",
            "morpheme": "와/IC+대박/NNG+그거/NP+너무/MAG+좋/VA+은/ETM+생각/NNG+이/VCP+야/EF"
          },
          {
            "id": 11,
            "text": "1 : 어떤 빽으로 샀어?",
            "norm_text": "어떤 빽으로 샀어?",
            "speaker": {
              "id": "1번",
              "sex": "여성",
              "age": "20대"
            },
            "speechAct": "(지시) 질문하기",
            "morpheme": "어떤/MM+빽/NNG+으로/JKB+샀/VV+EP+어/EF"
          },
          {
            "id": 12,
            "text": "2 : 나 그냥 저거 이름이 뭐더라",
            "norm_text": "나 그냥 저거 이름이 뭐더라",
            "speaker": {
              "id": "2번",
              "sex": "여성",
              "age": "20대"
            },
            "speechAct": "(단언) 주장하기",
            "morpheme": "나/NP+그냥/MAG+저거/NP+이름/NNG+이/JKS+뭐/NP+더라/VCP+EC"
          },
          {
            "id": 13,
            "text": "2 : 근데 무난하게 일 년 넘게 잘 매는 중",
            "norm_text": "근데 무난하게 일 년 넘게 잘 매는 중",
            "speaker": {
              "id": "2번",
              "sex": "여성",
              "age": "20대"
            },
            "speechAct": "(단언) 진술하기",
            "morpheme": "근데/MAJ+무난/XR+하/XSA+게/EC+일/NR+년/NNBC+넘/VV+게/EC+잘/MAG+매/VV+는/ETM+중/NNB"
          },
          {
            "id": 14,
            "text": "1 : 나는 완전 작은 미니백? 갖고 싶은데 어떤 브랜드가 좋을까?",
            "norm_text": "나는 완전 작은 미니백? 갖고 싶은데 어떤 브랜드가 좋을까?",
            "speaker": {
              "id": "1번",
              "sex": "여성",
              "age": "20대"
            },
            "speechAct": "(지시) 질문하기",
            "morpheme": "나/NP+는/JX+완전/MAG+작/VA+은/ETM+미니/NNG+백/NR+갖/VV+고/EC+싶/VX+은데/EC+어떤/MM+브랜드/NNG+가/JKS+좋/VA+을까/EF"
          },
          {
            "id": 15,
            "text": "2 : 음 금액대에 따라 다르지?",
            "norm_text": "음 금액대에 따라 다르지?",
            "speaker": {
              "id": "2번",
              "sex": "여성",
              "age": "20대"
            },
            "speechAct": "(단언) 주장하기",
            "morpheme": "음/IC+금액/NNG+대/XSN+에/JKB+따라/VV+EC+다르/VA+지/EF"
          },
          {
            "id": 16,
            "text": "2 : 근데 미니백은 아까워",
            "norm_text": "근데 미니백은 아까워",
            "speaker": {
              "id": "2번",
              "sex": "여성",
              "age": "20대"
            },
            "speechAct": "(단언) 주장하기",
            "morpheme": "근데/MAJ+미니/NNG+백/NR+은/JX+아까워/VA+EC"
          },
          {
            "id": 17,
            "text": "1 : 근데 내가 루이비똥 그냥 봤는데 핸드폰 들어가는 크기도 100만 원이 넘더라!",
            "norm_text": "근데 내가 루이비똥 그냥 봤는데 핸드폰 들어가는 크기도 100만 원이 넘더라!",
            "speaker": {
              "id": "1번",
              "sex": "여성",
              "age": "20대"
            },
            "speechAct": "(단언) 진술하기",
            "morpheme": "근데/MAJ+내/NP+가/JKS+루이/NNP+비똥/NNP+그냥/MAG+봤/VV+EP+는데/EC+핸드폰/NNG+들어가/VV+는/ETM+크기/NNG+도/JX+100/SN+만/NR+원/NNBC+이/JKS+넘/VV+더라/EF"
          },
          {
            "id": 18,
            "text": "2 : 맞아 루이비통은 아까워",
            "norm_text": "맞아 루이비통은 아까워",
            "speaker": {
              "id": "2번",
              "sex": "여성",
              "age": "20대"
            },
            "speechAct": "(단언) 주장하기",
            "morpheme": "맞/VV+아/EC+루이비통/NNP+은/JX+아까워/VA+EC"
          },
          {
            "id": 19,
            "text": "2 : 돈이 있어야 사지...",
            "norm_text": "돈이 있어야 사지...",
            "speaker": {
              "id": "2번",
              "sex": "여성",
              "age": "20대"
            },
            "speechAct": "(단언) 주장하기",
            "morpheme": "돈/NNG+이/JKS+있/VV+어야/EC+사/VV+지/EF+./SY"
          },
          {
            "id": 20,
            "text": "1 : ㅜㅜ 나는 40이 넘어서도 못 살 거 같아!",
            "norm_text": "ㅜㅜ 나는 40이 넘어서도 못 살 거 같아!",
            "speaker": {
              "id": "1번",
              "sex": "여성",
              "age": "20대"
            },
            "speechAct": "(단언) 주장하기",
            "morpheme": "ㅜㅜ/UNKNOWN+나/NP+는/JX+40/SN+이/NR+넘/VV+어서/EC+도/JX+못/MAG+살/VV+ETM+거/NNB+같/VA+아/EF"
          },
          {
            "id": 21,
            "text": "2 : 키키 에이 사지",
            "norm_text": "키키 에이 사지",
            "speaker": {
              "id": "2번",
              "sex": "여성",
              "age": "20대"
            },
            "speechAct": "(단언) 주장하기",
            "morpheme": "키/NNG+키/NNG+에/JKB+이사지/NNP"
          },
          {
            "id": 22,
            "text": "2 : 결혼할 때 사 달라 하자",
            "norm_text": "결혼할 때 사 달라 하자",
            "speaker": {
              "id": "2번",
              "sex": "여성",
              "age": "20대"
            },
            "speechAct": "(단언) 주장하기",
            "morpheme": "결혼/NNG+할/XSV+ETM+때/NNG+사/VV+EC+달/VX+라/EC+하/VV+자/EC"
          }
        ]
      }
    }
  ]
}