{
  "dataset": {
    "identifier": 118127,
    "name": "FACEBOOK_120_08_set",
    "src_path": "/data/file/cubeManager/PROJECT001/80/txt20211102113528090258/FACEBOOK_120_08_set/",
    "label_path": "/data/file/cubeManager/PROJECT001/80/txt20211102113528090258/FACEBOOK_120_08_set/",
    "category": 2,
    "type": 0
  },
  "licenses": {
    "name": "Apache License 1.0",
    "url": "http://www.apache.org/licenses/LICENSE-1.0"
  },
  "info": [
    {
      "id": 129891,
      "filename": "FACEBOOK_120_08.txt",
      "title": "FACEBOOK_120_08",
      "mediatype": "SNS",
      "medianame": "페이스북",
      "category": "일상대화",
      "date": "2021-11-02",
      "size": 469,
      "annotations": {
        "subject": "연애/결혼",
        "speaker_type": "1:1",
        "size": 469,
        "word_size": 174,
        "text": "1 : 내 남친 지금 옆에서 입 벌리고 자는 중~\n2 : 오빠 소리 소문 없이 꿀 잠 자는 중?\n1 : 키키 웅 입 닫게 해 주고 싶은데 너무 단잠에 빠져 있어서 안 건드리는 중~\n2 : 아 그럼 너가 살포시 위에 입을 막아\n1 : 키키 내 남친 지금 빨개벗고 있는데 맨바닥에서 누워 있어 ㅜ\n2 : 헐 많이 피곤한 거 같은데?, 키키\n1 : 웅 ㅜㅜ 내 남친 빨리 따뜻한 곳에 묻어 줘야 해,\n2 : 이불은 아직 안 깔았어?\n1 : 어 나 아직  안 씻어서 안 깔았거든 키키\n2 : 아 혹시 둘이 딱 붙어 있을 사이즈인 거야?\n1 : 어 맞아 ㅜㅜ\n1 : 너무 슬퍼 우리 집 시궁창이야\n2 : 괜찮아\n2 : 곧 끝나니까 조금만 버티자 ㅠㅠ\n1 : 키키 어 맞아\n1 : 그래서 내가 옆에서 온기 나눠 주는 중\n2 : 그러니까\n2 : 얼른 선풍기 히터 하나 장만해\n1 : 키키 어떡해\n1 : 지금 내 남친 침 흘릴 거 같아,\n2 : 아 냄새 엄청 날 거 같은데...\n2 : 최악",
        "lines": [
          {
            "id": 1,
            "text": "1 : 내 남친 지금 옆에서 입 벌리고 자는 중~",
            "norm_text": "내 남친 지금 옆에서 입 벌리고 자는 중~",
            "speaker": {
              "id": "1번",
              "sex": "여성",
              "age": "20대"
            },
            "speechAct": "(단언) 진술하기",
            "morpheme": "내남친지금옆에서입벌리고자는중/UNKNOWN+~/SY"
          },
          {
            "id": 2,
            "text": "2 : 오빠 소리 소문 없이 꿀 잠 자는 중?",
            "norm_text": "오빠 소리 소문 없이 꿀 잠 자는 중?",
            "speaker": {
              "id": "2번",
              "sex": "여성",
              "age": "20대"
            },
            "speechAct": "(지시) 질문하기",
            "morpheme": "오빠/NNG+소리/NNG+소문/NNG+없이/MAG+꿀/NNG+잠자/VV+는/ETM+중/NNB"
          },
          {
            "id": 3,
            "text": "1 : 키키 웅 입 닫게 해 주고 싶은데 너무 단잠에 빠져 있어서 안 건드리는 중~",
            "norm_text": "키키 웅 입 닫게 해 주고 싶은데 너무 단잠에 빠져 있어서 안 건드리는 중~",
            "speaker": {
              "id": "1번",
              "sex": "여성",
              "age": "20대"
            },
            "speechAct": "(단언) 진술하기",
            "morpheme": "키/NNG+키/NNG+웅/NNG+입/NNG+닫/VV+게/EC+해/VV+EC+주/VX+고/EC+싶/VX+은데/EC+너무/MAG+단잠/NNG+에/JKB+빠져/VV+EC+있/VX+어서/EC+안/MAG+건드리/VV+는/ETM+중/NNB+~/SY"
          },
          {
            "id": 4,
            "text": "2 : 아 그럼 너가 살포시 위에 입을 막아",
            "norm_text": "아 그럼 너가 살포시 위에 입을 막아",
            "speaker": {
              "id": "2번",
              "sex": "여성",
              "age": "20대"
            },
            "speechAct": "(지시) 충고/제안하기",
            "morpheme": "아/IC+그럼/MAJ+너/NP+가/JKS+살포시/MAG+위/NNG+에/JKB+입/NNG+을/JKO+막/VV+아/EC"
          },
          {
            "id": 5,
            "text": "1 : 키키 내 남친 지금 빨개벗고 있는데 맨바닥에서 누워 있어 ㅜ",
            "norm_text": "키키 내 남친 지금 빨개벗고 있는데 맨바닥에서 누워 있어 ㅜ",
            "speaker": {
              "id": "1번",
              "sex": "여성",
              "age": "20대"
            },
            "speechAct": "(단언) 진술하기",
            "morpheme": "키/NNG+키/XSV+ETN+내/NP+JKG+남친/NNG+지금/MAG+빨개/VA+EC+벗/VV+고/EC+있/VX+는데/EC+맨바닥/NNG+에서/JKB+누워/VV+EC+있/VX+어/EC+ㅜ/UNKNOWN"
          },
          {
            "id": 6,
            "text": "2 : 헐 많이 피곤한 거 같은데?, 키키",
            "norm_text": "헐 많이 피곤한 거 같은데?, 키키",
            "speaker": {
              "id": "2번",
              "sex": "여성",
              "age": "20대"
            },
            "speechAct": "(단언) 주장하기",
            "morpheme": "헐/IC+많이/MAG+피곤/NNG+한/XSA+ETM+거/NNB+같/VA+은데/EC+?/SY+,/SC+키/NNG+키/XSV+ETN"
          },
          {
            "id": 7,
            "text": "1 : 웅 ㅜㅜ 내 남친 빨리 따뜻한 곳에 묻어 줘야 해,",
            "norm_text": "웅 ㅜㅜ 내 남친 빨리 따뜻한 곳에 묻어 줘야 해,",
            "speaker": {
              "id": "1번",
              "sex": "여성",
              "age": "20대"
            },
            "speechAct": "(단언) 주장하기",
            "morpheme": "웅ㅜㅜ내남친빨리따뜻한곳에묻어줘야해/UNKNOWN+,/SC"
          },
          {
            "id": 8,
            "text": "2 : 이불은 아직 안 깔았어?",
            "norm_text": "이불은 아직 안 깔았어?",
            "speaker": {
              "id": "2번",
              "sex": "여성",
              "age": "20대"
            },
            "speechAct": "(지시) 질문하기",
            "morpheme": "이불/NNG+은/JX+아직/MAG+안/MAG+깔/VV+았/EP+어/EF"
          },
          {
            "id": 9,
            "text": "1 : 어 나 아직  안 씻어서 안 깔았거든 키키",
            "norm_text": "어 나 아직  안 씻어서 안 깔았거든 키키",
            "speaker": {
              "id": "1번",
              "sex": "여성",
              "age": "20대"
            },
            "speechAct": "(단언) 진술하기",
            "morpheme": "어/IC+나/NP+아직/MAG+안/MAG+씻/VV+어서/EC+안/MAG+깔/VV+았/EP+거든/EF+키/NNG+키/XSV+ETN"
          },
          {
            "id": 10,
            "text": "2 : 아 혹시 둘이 딱 붙어 있을 사이즈인 거야?",
            "norm_text": "아 혹시 둘이 딱 붙어 있을 사이즈인 거야?",
            "speaker": {
              "id": "2번",
              "sex": "여성",
              "age": "20대"
            },
            "speechAct": "(지시) 질문하기",
            "morpheme": "아/IC+혹시/MAG+둘/NR+이/JKS+딱/MAG+붙/VV+어/EC+있/VX+을/ETM+사이즈/NNG+인/VCP+ETM+거/NNB+야/VCP+EF"
          },
          {
            "id": 11,
            "text": "1 : 어 맞아 ㅜㅜ",
            "norm_text": "어 맞아 ㅜㅜ",
            "speaker": {
              "id": "1번",
              "sex": "여성",
              "age": "20대"
            },
            "speechAct": "(단언) 주장하기",
            "morpheme": "어맞아ㅜㅜ/UNKNOWN"
          },
          {
            "id": 12,
            "text": "1 : 너무 슬퍼 우리 집 시궁창이야",
            "norm_text": "너무 슬퍼 우리 집 시궁창이야",
            "speaker": {
              "id": "1번",
              "sex": "여성",
              "age": "20대"
            },
            "speechAct": "(단언) 주장하기",
            "morpheme": "너무/MAG+슬퍼/VA+EC+우리/NP+집/NNG+시궁창/NNG+이/VCP+야/EC"
          },
          {
            "id": 13,
            "text": "2 : 괜찮아",
            "norm_text": "괜찮아",
            "speaker": {
              "id": "2번",
              "sex": "여성",
              "age": "20대"
            },
            "speechAct": "(단언) 주장하기",
            "morpheme": "괜찮/VA+아/EC"
          },
          {
            "id": 14,
            "text": "2 : 곧 끝나니까 조금만 버티자 ㅠㅠ",
            "norm_text": "곧 끝나니까 조금만 버티자 ㅠㅠ",
            "speaker": {
              "id": "2번",
              "sex": "여성",
              "age": "20대"
            },
            "speechAct": "(단언) 주장하기",
            "morpheme": "곧/MAG+끝나/VV+니까/EC+조금/MAG+만/JX+버티/VV+자/EC+ㅠㅠ/UNKNOWN"
          },
          {
            "id": 15,
            "text": "1 : 키키 어 맞아",
            "norm_text": "키키 어 맞아",
            "speaker": {
              "id": "1번",
              "sex": "여성",
              "age": "20대"
            },
            "speechAct": "(단언) 주장하기",
            "morpheme": "키/NNG+키/VV+어/EC+맞/VV+아/EC"
          },
          {
            "id": 16,
            "text": "1 : 그래서 내가 옆에서 온기 나눠 주는 중",
            "norm_text": "그래서 내가 옆에서 온기 나눠 주는 중",
            "speaker": {
              "id": "1번",
              "sex": "여성",
              "age": "20대"
            },
            "speechAct": "(단언) 진술하기",
            "morpheme": "그래서/MAJ+내/NP+가/JKS+옆/NNG+에서/JKB+온기/NNG+나눠/VV+EC+주/VX+는/ETM+중/NNB"
          },
          {
            "id": 17,
            "text": "2 : 그러니까",
            "norm_text": "그러니까",
            "speaker": {
              "id": "2번",
              "sex": "여성",
              "age": "20대"
            },
            "speechAct": "(단언) 주장하기",
            "morpheme": "그러니까/MAJ"
          },
          {
            "id": 18,
            "text": "2 : 얼른 선풍기 히터 하나 장만해",
            "norm_text": "얼른 선풍기 히터 하나 장만해",
            "speaker": {
              "id": "2번",
              "sex": "여성",
              "age": "20대"
            },
            "speechAct": "(지시) 충고/제안하기",
            "morpheme": "얼른/MAG+선풍기/NNG+히터/NNG+하나/NR+장/NNBC+만/JX+해/VV+EC"
          },
          {
            "id": 19,
            "text": "1 : 키키 어떡해",
            "norm_text": "키키 어떡해",
            "speaker": {
              "id": "1번",
              "sex": "여성",
              "age": "20대"
            },
            "speechAct": "(단언) 주장하기",
            "morpheme": "키/NNG+키/XSV+ETN+어떡/XR+해/XSA+EC"
          },
          {
            "id": 20,
            "text": "1 : 지금 내 남친 침 흘릴 거 같아,",
            "norm_text": "지금 내 남친 침 흘릴 거 같아,",
            "speaker": {
              "id": "1번",
              "sex": "여성",
              "age": "20대"
            },
            "speechAct": "(단언) 주장하기",
            "morpheme": "지금/MAG+내/NP+JKG+남친/NNG+침/NNG+흘릴/VV+ETM+거/NNB+같/VA+아/EC+,/SC"
          },
          {
            "id": 21,
            "text": "2 : 아 냄새 엄청 날 거 같은데...",
            "norm_text": "아 냄새 엄청 날 거 같은데...",
            "speaker": {
              "id": "2번",
              "sex": "여성",
              "age": "20대"
            },
            "speechAct": "(단언) 주장하기",
            "morpheme": "아/IC+냄새/MAG+엄청날/VV+ETM+거/NNB+같/VA+은데/EF+./SY"
          },
          {
            "id": 22,
            "text": "2 : 최악",
            "norm_text": "최악",
            "speaker": {
              "id": "2번",
              "sex": "여성",
              "age": "20대"
            },
            "speechAct": "(표현) 부정감정 표현하기",
            "morpheme": "최악/NNG"
          }
        ]
      }
    }
  ]
}