{
  "dataset": {
    "identifier": 117193,
    "name": "FACEBOOK_118_15_set",
    "src_path": "/data/file/cubeManager/PROJECT001/80/txt202111021033310552100/FACEBOOK_118_15_set/",
    "label_path": "/data/file/cubeManager/PROJECT001/80/txt202111021033310552100/FACEBOOK_118_15_set/",
    "category": 2,
    "type": 0
  },
  "licenses": {
    "name": "Apache License 1.0",
    "url": "http://www.apache.org/licenses/LICENSE-1.0"
  },
  "info": [
    {
      "id": 129678,
      "filename": "FACEBOOK_118_15.txt",
      "title": "FACEBOOK_118_15",
      "mediatype": "SNS",
      "medianame": "페이스북",
      "category": "일상대화",
      "date": "2021-11-02",
      "size": 546,
      "annotations": {
        "subject": "타 국가 이슈",
        "speaker_type": "1:1",
        "size": 546,
        "word_size": 176,
        "text": "1 : 이제 코끼리가 태어나면 상아 없이 태어난대!\n2 : 헐 왜? 코끼리는 다 상아 있는 거 아니야?\n1 : 맞아 근데 왜 상아 없이 태어나는 줄 알려줄까?\n2 : 왠지 이상한 이유 때문일 거 같아\n1 : 음 밀렵꾼이 상아를 많이 가져가잖아\n1 : 그래서 코끼리가 표적이 안 되려고 상아 없이 태어나는 진화를 했대!\n2 : 그런 거 좀 안 했으면 좋겠어 ㅠㅠ\n1 : 그러니까 이 상아도 코끼리한테 없어서는 안 될 부위인데!\n2 : 요즘 불법으로 채집하는 거 때문에 말이 많아\n1 : 맞아 하지만 말라는 것 좀 안 하면 안 되나?\n2 : 그걸로 돈 벌면 안 미안하나?\n1 : 그러니까 근데 이 사람들은 이것만 해 와서 그렇겠지?\n1 : 진짜 이 사람들은 총살해야 해!\n2 : 그런 부분에 있어서는 감정이 없는 거 같아\n1 : 맞아 당연한 건 줄 알아!\n1 : 그나저나 이 상아가 어떤 역할을 하는 줄 알아?\n2 : 코끼리한테 무슨 역할을 하는데?\n1 : 이제 코끼리가 껍질이나 단단한 걸 깔 때 쓰는 용도래!\n1 : 그러니까 코리끼한테 없어서 안 될 부위였던 거지!\n2 : 헐... 무조건적으로 필요한 부위이네",
        "lines": [
          {
            "id": 1,
            "text": "1 : 이제 코끼리가 태어나면 상아 없이 태어난대!",
            "norm_text": "이제 코끼리가 태어나면 상아 없이 태어난대!",
            "speaker": {
              "id": "1번",
              "sex": "여성",
              "age": "20대"
            },
            "speechAct": "(단언) 진술하기",
            "morpheme": "이제/MAG+코끼리/NNG+가/JKS+태어나/VV+면/EC+상아/NNG+없이/MAG+태/VV+어/EC+난대/VV+EF"
          },
          {
            "id": 2,
            "text": "2 : 헐 왜? 코끼리는 다 상아 있는 거 아니야?",
            "norm_text": "헐 왜? 코끼리는 다 상아 있는 거 아니야?",
            "speaker": {
              "id": "2번",
              "sex": "여성",
              "age": "20대"
            },
            "speechAct": "(지시) 질문하기",
            "morpheme": "헐/IC+왜/MAG+코끼리/NNG+는/JX+다/MAG+상아/NNG+있/VA+는/ETM+거/NNB+아니/VCN+야/EF"
          },
          {
            "id": 3,
            "text": "1 : 맞아 근데 왜 상아 없이 태어나는 줄 알려줄까?",
            "norm_text": "맞아 근데 왜 상아 없이 태어나는 줄 알려줄까?",
            "speaker": {
              "id": "1번",
              "sex": "여성",
              "age": "20대"
            },
            "speechAct": "(지시) 질문하기",
            "morpheme": "맞아/IC+근데/MAJ+왜/MAG+상아/NNG+없이/MAG+태어나/VV+는/ETM+줄/NNB+알려줄까/VV+EC+VX+EF"
          },
          {
            "id": 4,
            "text": "2 : 왠지 이상한 이유 때문일 거 같아",
            "norm_text": "왠지 이상한 이유 때문일 거 같아",
            "speaker": {
              "id": "2번",
              "sex": "여성",
              "age": "20대"
            },
            "speechAct": "(단언) 주장하기",
            "morpheme": "왠지/MAG+이상/NNG+한/XSA+ETM+이유/NNG+때문/NNB+일/VCP+ETM+거/NNB+같/VA+아/EC"
          },
          {
            "id": 5,
            "text": "1 : 음 밀렵꾼이 상아를 많이 가져가잖아",
            "norm_text": "음 밀렵꾼이 상아를 많이 가져가잖아",
            "speaker": {
              "id": "1번",
              "sex": "여성",
              "age": "20대"
            },
            "speechAct": "(단언) 진술하기",
            "morpheme": "음/IC+밀렵/NNG+꾼/XSN+이/JKS+상아/NNG+를/JKO+많이/MAG+가져가/VV+잖아/EC"
          },
          {
            "id": 6,
            "text": "1 : 그래서 코끼리가 표적이 안 되려고 상아 없이 태어나는 진화를 했대!",
            "norm_text": "그래서 코끼리가 표적이 안 되려고 상아 없이 태어나는 진화를 했대!",
            "speaker": {
              "id": "1번",
              "sex": "여성",
              "age": "20대"
            },
            "speechAct": "(단언) 진술하기",
            "morpheme": "그래서/MAJ+코끼리/NNG+가/JKS+표적/NNG+이/JKS+안/MAG+되/VV+려고/EC+상아/NNG+없이/MAG+태어나/VV+는/ETM+진화/NNG+를/JKO+했/VV+EP+대/EF"
          },
          {
            "id": 7,
            "text": "2 : 그런 거 좀 안 했으면 좋겠어 ㅠㅠ",
            "norm_text": "그런 거 좀 안 했으면 좋겠어 ㅠㅠ",
            "speaker": {
              "id": "2번",
              "sex": "여성",
              "age": "20대"
            },
            "speechAct": "(단언) 주장하기",
            "morpheme": "그런/MM+거/NNB+좀/MAG+안/MAG+했/VV+EP+으면/EC+좋/VA+겠/EP+어/EF+ㅠㅠ/UNKNOWN"
          },
          {
            "id": 8,
            "text": "1 : 그러니까 이 상아도 코끼리한테 없어서는 안 될 부위인데!",
            "norm_text": "그러니까 이 상아도 코끼리한테 없어서는 안 될 부위인데!",
            "speaker": {
              "id": "1번",
              "sex": "여성",
              "age": "20대"
            },
            "speechAct": "(단언) 진술하기",
            "morpheme": "그러니까/MAJ+이상아/NNP+도/JX+코끼리/NNG+한테/JKB+없/VA+어서/EC+는/JX+안/MAG+될/VV+ETM+부위/NNG+인데/VCP+EF"
          },
          {
            "id": 9,
            "text": "2 : 요즘 불법으로 채집하는 거 때문에 말이 많아",
            "norm_text": "요즘 불법으로 채집하는 거 때문에 말이 많아",
            "speaker": {
              "id": "2번",
              "sex": "여성",
              "age": "20대"
            },
            "speechAct": "(단언) 진술하기",
            "morpheme": "요즘/NNG+불법/NNG+으로/JKB+채집/NNG+하/XSV+는/ETM+거/NNB+때문/NNB+에/JKB+말/NNG+이/JKS+많/VA+아/EC"
          },
          {
            "id": 10,
            "text": "1 : 맞아 하지만 말라는 것 좀 안 하면 안 되나?",
            "norm_text": "맞아 하지만 말라는 것 좀 안 하면 안 되나?",
            "speaker": {
              "id": "1번",
              "sex": "여성",
              "age": "20대"
            },
            "speechAct": "(단언) 주장하기",
            "morpheme": "맞/VV+아/EC+하/VV+지만/EC+말/VX+라는/ETM+것/NNB+좀/MAG+안/MAG+하/VV+면/EC+안/MAG+되/VV+나/EF"
          },
          {
            "id": 11,
            "text": "2 : 그걸로 돈 벌면 안 미안하나?",
            "norm_text": "그걸로 돈 벌면 안 미안하나?",
            "speaker": {
              "id": "2번",
              "sex": "여성",
              "age": "20대"
            },
            "speechAct": "(단언) 주장하기",
            "morpheme": "그걸로/NP+JKB+돈/NNG+벌/VV+면/EC+안/MAG+미안/XR+하/XSA+나/EF"
          },
          {
            "id": 12,
            "text": "1 : 그러니까 근데 이 사람들은 이것만 해 와서 그렇겠지?",
            "norm_text": "그러니까 근데 이 사람들은 이것만 해 와서 그렇겠지?",
            "speaker": {
              "id": "1번",
              "sex": "여성",
              "age": "20대"
            },
            "speechAct": "(단언) 주장하기",
            "morpheme": "그러니까/MAJ+근데/MAJ+이/MM+사람/NNG+들/XSN+은/JX+이것/NP+만/JX+해/VV+EC+와서/VV+EC+그렇/VA+겠/EP+지/EF"
          },
          {
            "id": 13,
            "text": "1 : 진짜 이 사람들은 총살해야 해!",
            "norm_text": "진짜 이 사람들은 총살해야 해!",
            "speaker": {
              "id": "1번",
              "sex": "여성",
              "age": "20대"
            },
            "speechAct": "(단언) 주장하기",
            "morpheme": "진짜/MAG+이/MM+사람/NNG+들/XSN+은/JX+총살/NNG+해야/XSV+EC+해/VX+EF"
          },
          {
            "id": 14,
            "text": "2 : 그런 부분에 있어서는 감정이 없는 거 같아",
            "norm_text": "그런 부분에 있어서는 감정이 없는 거 같아",
            "speaker": {
              "id": "2번",
              "sex": "여성",
              "age": "20대"
            },
            "speechAct": "(단언) 주장하기",
            "morpheme": "그런/MM+부분/NNG+에/JKB+있/VV+어서/EC+는/JX+감정/NNG+이/JKS+없/VA+는/ETM+거/NNB+같/VA+아/EC"
          },
          {
            "id": 15,
            "text": "1 : 맞아 당연한 건 줄 알아!",
            "norm_text": "맞아 당연한 건 줄 알아!",
            "speaker": {
              "id": "1번",
              "sex": "여성",
              "age": "20대"
            },
            "speechAct": "(단언) 주장하기",
            "morpheme": "맞/VV+아/EC+당연/XR+한/XSA+ETM+건/NNB+VCP+ETM+줄/NNB+알/VV+아/EF"
          },
          {
            "id": 16,
            "text": "1 : 그나저나 이 상아가 어떤 역할을 하는 줄 알아?",
            "norm_text": "그나저나 이 상아가 어떤 역할을 하는 줄 알아?",
            "speaker": {
              "id": "1번",
              "sex": "여성",
              "age": "20대"
            },
            "speechAct": "(지시) 질문하기",
            "morpheme": "그나저나/MAG+이상아/NNP+가/JKS+어떤/MM+역할/NNG+을/JKO+하/VV+는/ETM+줄/NNB+알/VV+아/EF"
          },
          {
            "id": 17,
            "text": "2 : 코끼리한테 무슨 역할을 하는데?",
            "norm_text": "코끼리한테 무슨 역할을 하는데?",
            "speaker": {
              "id": "2번",
              "sex": "여성",
              "age": "20대"
            },
            "speechAct": "(지시) 질문하기",
            "morpheme": "코끼리/NNG+한테/JKB+무슨/MM+역할/NNG+을/JKO+하/VV+는데/EC"
          },
          {
            "id": 18,
            "text": "1 : 이제 코끼리가 껍질이나 단단한 걸 깔 때 쓰는 용도래!",
            "norm_text": "이제 코끼리가 껍질이나 단단한 걸 깔 때 쓰는 용도래!",
            "speaker": {
              "id": "1번",
              "sex": "여성",
              "age": "20대"
            },
            "speechAct": "(단언) 진술하기",
            "morpheme": "이제/MAG+코끼리/NNG+가/JKS+껍질/NNG+이나/JC+단단/XR+한/XSA+ETM+걸/NNB+JKO+깔/VV+ETM+때/NNG+쓰/VV+는/ETM+용도/NNG+래/VCP+EF"
          },
          {
            "id": 19,
            "text": "1 : 그러니까 코리끼한테 없어서 안 될 부위였던 거지!",
            "norm_text": "그러니까 코리끼한테 없어서 안 될 부위였던 거지!",
            "speaker": {
              "id": "1번",
              "sex": "여성",
              "age": "20대"
            },
            "speechAct": "(단언) 진술하기",
            "morpheme": "그러니까/MAJ+코리/NNP+끼/XSN+한테/JKB+없/VA+어서/EC+안/MAG+될/VV+ETM+부위/NNG+였/VCP+EP+던/ETM+거/NNB+지/VCP+EF"
          },
          {
            "id": 20,
            "text": "2 : 헐... 무조건적으로 필요한 부위이네",
            "norm_text": "헐... 무조건적으로 필요한 부위이네",
            "speaker": {
              "id": "2번",
              "sex": "여성",
              "age": "20대"
            },
            "speechAct": "(단언) 주장하기",
            "morpheme": "헐/IC+./SY+무조건/NNG+적/XSN+으로/JKB+필요/NNG+한/XSA+ETM+부위/NNG+이/VCP+네/EC"
          }
        ]
      }
    }
  ]
}