{
  "dataset": {
    "identifier": 118585,
    "name": "FACEBOOK_111_08_set",
    "src_path": "/data/file/cubeManager/PROJECT001/80/txt20211102153319049355/FACEBOOK_111_08_set/",
    "label_path": "/data/file/cubeManager/PROJECT001/80/txt20211102153319049355/FACEBOOK_111_08_set/",
    "category": 2,
    "type": 0
  },
  "licenses": {
    "name": "Apache License 1.0",
    "url": "http://www.apache.org/licenses/LICENSE-1.0"
  },
  "info": [
    {
      "id": 130032,
      "filename": "FACEBOOK_111_08.txt",
      "title": "FACEBOOK_111_08",
      "mediatype": "SNS",
      "medianame": "페이스북",
      "category": "일상대화",
      "date": "2021-11-02",
      "size": 408,
      "annotations": {
        "subject": "연애/결혼",
        "speaker_type": "1:1",
        "size": 408,
        "word_size": 136,
        "text": "1 : 언니 남소 받을 생각 없어~?\n2 : 헐~ 갑자기 왠 남소야?\n1 : 내가 그냥 건너 건너 아는 분이 계셔~\n2 : 오 얼굴은 잘 생긴 거야?\n1 : 어어,? 사진 보내 달라고 할까,?\n2 : 응 남소는 역시 사진이지 키키\n1 : 키키 그렇지?\n1 : 아니 언니 운동하고 있다길래~ 이 분도 지금 열심히 운동 중이거든~\n2 : 아~ 자기 관리하는 사람은 괜찮더라~\n1 : 어 맞아!\n1 : 키키 내가 알기론 나이도 28~29일 걸?\n2 : 나이 차이도 참 적당하네 키키\n1 : 키키 그러니까 이거는 운명이야~ 생각해 봐~\n2 : 이거는 운명인가?\n2 : 키키 역시 대단해~\n1 : 키키 내가 한 번 물어봐 줄까~?\n2 : 응~ 내 번호 줘도 괜찮아~\n1 : 오 좋지 좋지!\n1 : 근데 대신에 닭찌찌만 먹는대!\n2 : 으... 그건 좀 별로인 거 같아...",
        "lines": [
          {
            "id": 1,
            "text": "1 : 언니 남소 받을 생각 없어~?",
            "norm_text": "언니 남소 받을 생각 없어~?",
            "speaker": {
              "id": "1번",
              "sex": "여성",
              "age": "20대"
            },
            "speechAct": "(지시) 질문하기",
            "morpheme": "언니/NNG+남소/NNG+받/VV+을/ETM+생각/NNG+없/VA+어/EC+~/SY"
          },
          {
            "id": 2,
            "text": "2 : 헐~ 갑자기 왠 남소야?",
            "norm_text": "헐~ 갑자기 왠 남소야?",
            "speaker": {
              "id": "2번",
              "sex": "여성",
              "age": "20대"
            },
            "speechAct": "(지시) 질문하기",
            "morpheme": "헐/NNP+~/SY+갑자기/MAG+왠/MM+남소/NNG+야/VCP+EF"
          },
          {
            "id": 3,
            "text": "1 : 내가 그냥 건너 건너 아는 분이 계셔~",
            "norm_text": "내가 그냥 건너 건너 아는 분이 계셔~",
            "speaker": {
              "id": "1번",
              "sex": "여성",
              "age": "20대"
            },
            "speechAct": "(단언) 주장하기",
            "morpheme": "내/NP+가/JKS+그냥/MAG+건너/VV+EC+건너/VV+EC+아/VV+는/ETM+분/NNB+이/JKS+계셔/VV+EC+~/SY"
          },
          {
            "id": 4,
            "text": "2 : 오 얼굴은 잘 생긴 거야?",
            "norm_text": "오 얼굴은 잘 생긴 거야?",
            "speaker": {
              "id": "2번",
              "sex": "여성",
              "age": "20대"
            },
            "speechAct": "(지시) 질문하기",
            "morpheme": "오/NR+얼굴/NNG+은/JX+잘생긴/VA+ETM+거/NNB+야/VCP+EF"
          },
          {
            "id": 5,
            "text": "1 : 어어,? 사진 보내 달라고 할까,?",
            "norm_text": "어어,? 사진 보내 달라고 할까,?",
            "speaker": {
              "id": "1번",
              "sex": "여성",
              "age": "20대"
            },
            "speechAct": "(지시) 질문하기",
            "morpheme": "어/IC+어/IC+,/SC+?/SY+사진/NNG+보내/VV+EC+달/VX+라고/EC+할까/VV+EF+,/SC"
          },
          {
            "id": 6,
            "text": "2 : 응 남소는 역시 사진이지 키키",
            "norm_text": "응 남소는 역시 사진이지 키키",
            "speaker": {
              "id": "2번",
              "sex": "여성",
              "age": "20대"
            },
            "speechAct": "(단언) 주장하기",
            "morpheme": "응/IC+남소/NNG+는/JX+역시/MAJ+사진/NNG+이/VCP+지/EC+키/NNG+키/XSV+ETN"
          },
          {
            "id": 7,
            "text": "1 : 키키 그렇지?",
            "norm_text": "키키 그렇지?",
            "speaker": {
              "id": "1번",
              "sex": "여성",
              "age": "20대"
            },
            "speechAct": "(지시) 질문하기",
            "morpheme": "키/NNG+키/XSV+ETN+그렇/VA+지/EF"
          },
          {
            "id": 8,
            "text": "1 : 아니 언니 운동하고 있다길래~ 이 분도 지금 열심히 운동 중이거든~",
            "norm_text": "아니 언니 운동하고 있다길래~ 이 분도 지금 열심히 운동 중이거든~",
            "speaker": {
              "id": "1번",
              "sex": "여성",
              "age": "20대"
            },
            "speechAct": "(단언) 진술하기",
            "morpheme": "아니/IC+언니/NNG+운동/NNG+하/XSV+고/EC+있/VX+다길래/EC+~/SY+이분/NP+도/JX+지금/MAG+열심히/MAG+운동/NNG+중/NNB+이/VCP+거든/EF+~/SY"
          },
          {
            "id": 9,
            "text": "2 : 아~ 자기 관리하는 사람은 괜찮더라~",
            "norm_text": "아~ 자기 관리하는 사람은 괜찮더라~",
            "speaker": {
              "id": "2번",
              "sex": "여성",
              "age": "20대"
            },
            "speechAct": "(단언) 주장하기",
            "morpheme": "아/IC+~/SY+자기/NP+관리/NNG+하/XSV+는/ETM+사람/NNG+은/JX+괜찮/VA+더라/EC+~/SY"
          },
          {
            "id": 10,
            "text": "1 : 어 맞아!",
            "norm_text": "어 맞아!",
            "speaker": {
              "id": "1번",
              "sex": "여성",
              "age": "20대"
            },
            "speechAct": "(단언) 주장하기",
            "morpheme": "어/IC+맞/VV+아/EF"
          },
          {
            "id": 11,
            "text": "1 : 키키 내가 알기론 나이도 28~29일 걸?",
            "norm_text": "키키 내가 알기론 나이도 28~29일 걸?",
            "speaker": {
              "id": "1번",
              "sex": "여성",
              "age": "20대"
            },
            "speechAct": "(단언) 주장하기",
            "morpheme": "키/NNG+키/XSV+ETN+내/NP+가/JKS+알기/NNG+론/XSN+나이/NNG+도/JX+28/SN+~/SY+29/SN+일/NNBC+걸/VCP+EF"
          },
          {
            "id": 12,
            "text": "2 : 나이 차이도 참 적당하네 키키",
            "norm_text": "나이 차이도 참 적당하네 키키",
            "speaker": {
              "id": "2번",
              "sex": "여성",
              "age": "20대"
            },
            "speechAct": "(단언) 주장하기",
            "morpheme": "나이/NNG+차이/NNG+도/JX+참/MAG+적당/XR+하/XSA+네/EF+키/NNG+키/XSV+ETN"
          },
          {
            "id": 13,
            "text": "1 : 키키 그러니까 이거는 운명이야~ 생각해 봐~",
            "norm_text": "키키 그러니까 이거는 운명이야~ 생각해 봐~",
            "speaker": {
              "id": "1번",
              "sex": "여성",
              "age": "20대"
            },
            "speechAct": "(단언) 주장하기",
            "morpheme": "키/NNG+키/XSV+ETN+그러니까/MAJ+이거/NP+는/JX+운명/NNG+이/VCP+야/EC+~/SY+생각/NNG+해/XSV+EC+봐/VX+EC+~/SY"
          },
          {
            "id": 14,
            "text": "2 : 이거는 운명인가?",
            "norm_text": "이거는 운명인가?",
            "speaker": {
              "id": "2번",
              "sex": "여성",
              "age": "20대"
            },
            "speechAct": "(지시) 질문하기",
            "morpheme": "이거/NP+는/JX+운명/NNG+인가/VCP+EF"
          },
          {
            "id": 15,
            "text": "2 : 키키 역시 대단해~",
            "norm_text": "키키 역시 대단해~",
            "speaker": {
              "id": "2번",
              "sex": "여성",
              "age": "20대"
            },
            "speechAct": "(단언) 주장하기",
            "morpheme": "키/NNG+키/XSV+ETN+역시/MAJ+대단/XR+해/XSA+EC+~/SY"
          },
          {
            "id": 16,
            "text": "1 : 키키 내가 한 번 물어봐 줄까~?",
            "norm_text": "키키 내가 한 번 물어봐 줄까~?",
            "speaker": {
              "id": "1번",
              "sex": "여성",
              "age": "20대"
            },
            "speechAct": "(지시) 질문하기",
            "morpheme": "키/NNG+키/XSV+ETN+내/NP+가/JKS+한/MM+번/NNBC+물어봐/VV+EC+줄까/VX+EC+~/SY"
          },
          {
            "id": 17,
            "text": "2 : 응~ 내 번호 줘도 괜찮아~",
            "norm_text": "응~ 내 번호 줘도 괜찮아~",
            "speaker": {
              "id": "2번",
              "sex": "여성",
              "age": "20대"
            },
            "speechAct": "(단언) 주장하기",
            "morpheme": "응/IC+~/SY+내/NP+JKG+번호/NNG+줘도/VV+EC+괜찮/VA+아/EC+~/SY"
          },
          {
            "id": 18,
            "text": "1 : 오 좋지 좋지!",
            "norm_text": "오 좋지 좋지!",
            "speaker": {
              "id": "1번",
              "sex": "여성",
              "age": "20대"
            },
            "speechAct": "(단언) 주장하기",
            "morpheme": "오/NR+좋/VA+지/EC+좋/VA+지/EF"
          },
          {
            "id": 19,
            "text": "1 : 근데 대신에 닭찌찌만 먹는대!",
            "norm_text": "근데 대신에 닭찌찌만 먹는대!",
            "speaker": {
              "id": "1번",
              "sex": "여성",
              "age": "20대"
            },
            "speechAct": "(단언) 진술하기",
            "morpheme": "근데/MAJ+대신/NNG+에/JKB+닭/NNG+찌찌/NNG+만/JX+먹/VV+는대/EF"
          },
          {
            "id": 20,
            "text": "2 : 으... 그건 좀 별로인 거 같아...",
            "norm_text": "으... 그건 좀 별로인 거 같아...",
            "speaker": {
              "id": "2번",
              "sex": "여성",
              "age": "20대"
            },
            "speechAct": "(단언) 주장하기",
            "morpheme": "으/IC+./SY+그건/NP+JX+좀/MAG+별로/MAG+인/VCP+ETM+거/NNB+같/VA+아/EF+./SY"
          }
        ]
      }
    }
  ]
}