{
  "dataset": {
    "identifier": 101341,
    "name": "FACEBOOK_108_11_set",
    "src_path": "/data/file/cubeManager/PROJECT001/77/txt202110291608050462101/FACEBOOK_108_11_set/",
    "label_path": "/data/file/cubeManager/PROJECT001/77/txt202110291608050462101/FACEBOOK_108_11_set/",
    "category": 2,
    "type": 0
  },
  "licenses": {
    "name": "Apache License 1.0",
    "url": "http://www.apache.org/licenses/LICENSE-1.0"
  },
  "info": [
    {
      "id": 111299,
      "filename": "FACEBOOK_108_11.txt",
      "title": "FACEBOOK_108_11",
      "mediatype": "SNS",
      "medianame": "페이스북",
      "category": "일상대화",
      "date": "2021-10-29",
      "size": 477,
      "annotations": {
        "subject": "게임",
        "speaker_type": "1:1",
        "size": 477,
        "word_size": 161,
        "text": "1 : 너는 학생 때 애들이랑 어떤 게임 자주 했어?\n2 : 난 롤이랑 서든 많이 했어 하하\n1 : 대박 키키 그거는 보통 남자애들이 많이 하지 않아?\n2 : 어 맞아\n2 : 그래서 남자애들이 알려주고 그랬어!\n1 : 그렇구나 키키\n1 : 너 롤을 잘해 서든을 더 잘해?\n2 : 둘 다 못해서 우열을 못 가려...\n1 : 키키 너 롤 하면 보통 어떤 스킨 썼어?\n2 : 스킨은 그냥 안 썼어... 그 실력 그 실력이라...\n1 : 키키 너 그러면 브론즈까지는 올라갔었어?\n2 : 아니\n2 : 그냥 난 쓰레기야... 게임 쓰레기...\n1 : 키키 괜찮아 나도 애쉬만 쓸 줄 알았어,\n2 : 키키 맞아 난 미스포츈만 했어 ㅠㅠ\n1 : 키키 아 여자들 미스포츈 진짜 많이 썼지! 완전 섹쉬~\n2 : 맞어 키키\n2 : 그리고 다른 거에 비해 쉬운 편이야!\n1 : 맞아\n1 : 조작법이 되게 쉬워서 초급 쪽에서 많이 썼던 거 같아!\n2 : 어어 맞아!\n2 : 물론 나는 초급밖에 해본 적 없지만...",
        "lines": [
          {
            "id": 1,
            "text": "1 : 너는 학생 때 애들이랑 어떤 게임 자주 했어?",
            "norm_text": "너는 학생 때 애들이랑 어떤 게임 자주 했어?",
            "speaker": {
              "id": "1번",
              "sex": "여성",
              "age": "20대"
            },
            "speechAct": "(지시) 질문하기",
            "morpheme": "너/NP+는/JX+학생/NNG+때/NNG+애/NNG+들/XSN+이랑/JC+어떤/MM+게임/NNG+자주/MAG+했/VV+EP+어/EF"
          },
          {
            "id": 2,
            "text": "2 : 난 롤이랑 서든 많이 했어 하하",
            "norm_text": "난 롤이랑 서든 많이 했어 하하",
            "speaker": {
              "id": "2번",
              "sex": "여성",
              "age": "20대"
            },
            "speechAct": "(단언) 진술하기",
            "morpheme": "난/NP+JX+롤/NNG+이랑/JKB+서든/NNG+많이/MAG+했/VV+EP+어/EC+하하/MAG"
          },
          {
            "id": 3,
            "text": "1 : 대박 키키 그거는 보통 남자애들이 많이 하지 않아?",
            "norm_text": "대박 키키 그거는 보통 남자애들이 많이 하지 않아?",
            "speaker": {
              "id": "1번",
              "sex": "여성",
              "age": "20대"
            },
            "speechAct": "(지시) 질문하기",
            "morpheme": "대박/NNG+키/NNG+키/XSV+ETN+그거/NP+는/JX+보통/NNG+남자/NNG+애/NNG+들/XSN+이/JKS+많이/MAG+하/VV+지/EC+않/VX+아/EF"
          },
          {
            "id": 4,
            "text": "2 : 어 맞아",
            "norm_text": "어 맞아",
            "speaker": {
              "id": "2번",
              "sex": "여성",
              "age": "20대"
            },
            "speechAct": "(단언) 주장하기",
            "morpheme": "어/IC+맞/VV+아/EC"
          },
          {
            "id": 5,
            "text": "2 : 그래서 남자애들이 알려주고 그랬어!",
            "norm_text": "그래서 남자애들이 알려주고 그랬어!",
            "speaker": {
              "id": "2번",
              "sex": "여성",
              "age": "20대"
            },
            "speechAct": "(단언) 주장하기",
            "morpheme": "그래서/MAJ+남자/NNG+애/NNG+들/XSN+이/JKS+알려/VV+EC+주/VX+고/EC+그랬/VV+EP+어/EF"
          },
          {
            "id": 6,
            "text": "1 : 그렇구나 키키",
            "norm_text": "그렇구나 키키",
            "speaker": {
              "id": "1번",
              "sex": "여성",
              "age": "20대"
            },
            "speechAct": "(단언) 주장하기",
            "morpheme": "그렇/VA+구나/EF+키/NNG+키/XSV+ETN"
          },
          {
            "id": 7,
            "text": "1 : 너 롤을 잘해 서든을 더 잘해?",
            "norm_text": "너 롤을 잘해 서든을 더 잘해?",
            "speaker": {
              "id": "1번",
              "sex": "여성",
              "age": "20대"
            },
            "speechAct": "(지시) 질문하기",
            "morpheme": "너/NP+롤/JKB+을/JKO+잘/MAG+해/VV+EC+서든/NNG+을/JKO+더/MAG+잘/MAG+해/VV+EF"
          },
          {
            "id": 8,
            "text": "2 : 둘 다 못해서 우열을 못 가려...",
            "norm_text": "둘 다 못해서 우열을 못 가려...",
            "speaker": {
              "id": "2번",
              "sex": "여성",
              "age": "20대"
            },
            "speechAct": "(단언) 진술하기",
            "morpheme": "둘/NR+다/MAG+못/MAG+해서/VV+EC+우열/NNG+을/JKO+못/MAG+가려/VV+EF+./SY"
          },
          {
            "id": 9,
            "text": "1 : 키키 너 롤 하면 보통 어떤 스킨 썼어?",
            "norm_text": "키키 너 롤 하면 보통 어떤 스킨 썼어?",
            "speaker": {
              "id": "1번",
              "sex": "여성",
              "age": "20대"
            },
            "speechAct": "(지시) 질문하기",
            "morpheme": "키/NNG+키/XSV+ETN+너/NP+롤/JKB+하/VV+면/EC+보통/NNG+어떤/MM+스킨/NNG+썼/VV+EP+어/EF"
          },
          {
            "id": 10,
            "text": "2 : 스킨은 그냥 안 썼어... 그 실력 그 실력이라...",
            "norm_text": "스킨은 그냥 안 썼어... 그 실력 그 실력이라...",
            "speaker": {
              "id": "2번",
              "sex": "여성",
              "age": "20대"
            },
            "speechAct": "(단언) 주장하기",
            "morpheme": "스킨/NNG+은/JX+그냥/MAG+안/MAG+썼/VV+EP+어/EF+./SY+그/MM+실력/NNG+그/MM+실력/NNG+이/VCP+라/EF+./SY"
          },
          {
            "id": 11,
            "text": "1 : 키키 너 그러면 브론즈까지는 올라갔었어?",
            "norm_text": "키키 너 그러면 브론즈까지는 올라갔었어?",
            "speaker": {
              "id": "1번",
              "sex": "여성",
              "age": "20대"
            },
            "speechAct": "(지시) 질문하기",
            "morpheme": "키/NNG+키/XSV+ETN+너그러/VA+면/EC+브론즈/NNG+까지/JX+는/JX+올라갔었/VV+EP+어/EF"
          },
          {
            "id": 12,
            "text": "2 : 아니",
            "norm_text": "아니",
            "speaker": {
              "id": "2번",
              "sex": "여성",
              "age": "20대"
            },
            "speechAct": "(단언) 주장하기",
            "morpheme": "아니/IC"
          },
          {
            "id": 13,
            "text": "2 : 그냥 난 쓰레기야... 게임 쓰레기...",
            "norm_text": "그냥 난 쓰레기야... 게임 쓰레기...",
            "speaker": {
              "id": "2번",
              "sex": "여성",
              "age": "20대"
            },
            "speechAct": "(단언) 주장하기",
            "morpheme": "그냥/MAG+난/VV+ETM+쓰레기/NNG+야/VCP+EF+./SY+게임/NNG+쓰레기/NNG+./SY+./SY"
          },
          {
            "id": 14,
            "text": "1 : 키키 괜찮아 나도 애쉬만 쓸 줄 알았어,",
            "norm_text": "키키 괜찮아 나도 애쉬만 쓸 줄 알았어,",
            "speaker": {
              "id": "1번",
              "sex": "여성",
              "age": "20대"
            },
            "speechAct": "(단언) 주장하기",
            "morpheme": "키키괜찮아나도애쉬만쓸줄알았어/UNKNOWN+,/SC"
          },
          {
            "id": 15,
            "text": "2 : 키키 맞아 난 미스포츈만 했어 ㅠㅠ",
            "norm_text": "키키 맞아 난 미스포츈만 했어 ㅠㅠ",
            "speaker": {
              "id": "2번",
              "sex": "여성",
              "age": "20대"
            },
            "speechAct": "(단언) 주장하기",
            "morpheme": "키/NNG+키/XSV+ETN+맞/VV+아/EC+난/VX+ETM+미스/NNG+포츈/NNG+만/JX+했/VV+EP+어/EF+ㅠㅠ/UNKNOWN"
          },
          {
            "id": 16,
            "text": "1 : 키키 아 여자들 미스포츈 진짜 많이 썼지! 완전 섹쉬~",
            "norm_text": "키키 아 여자들 미스포츈 진짜 많이 썼지! 완전 섹쉬~",
            "speaker": {
              "id": "1번",
              "sex": "여성",
              "age": "20대"
            },
            "speechAct": "(단언) 주장하기",
            "morpheme": "키키아여자들미스포츈진짜많이썼지/UNKNOWN+완전/MAG+섹/NNG+쉬/NNG+~/SY"
          },
          {
            "id": 17,
            "text": "2 : 맞어 키키",
            "norm_text": "맞어 키키",
            "speaker": {
              "id": "2번",
              "sex": "여성",
              "age": "20대"
            },
            "speechAct": "(단언) 주장하기",
            "morpheme": "맞/VV+어/EC+키/NNG+키/XSV+ETN"
          },
          {
            "id": 18,
            "text": "2 : 그리고 다른 거에 비해 쉬운 편이야!",
            "norm_text": "그리고 다른 거에 비해 쉬운 편이야!",
            "speaker": {
              "id": "2번",
              "sex": "여성",
              "age": "20대"
            },
            "speechAct": "(단언) 주장하기",
            "morpheme": "그리고/MAJ+다른/MM+거/NNB+에/JKB+비해/VV+EC+쉬운/VA+ETM+편/NNB+이/VCP+야/EF"
          },
          {
            "id": 19,
            "text": "1 : 맞아",
            "norm_text": "맞아",
            "speaker": {
              "id": "1번",
              "sex": "여성",
              "age": "20대"
            },
            "speechAct": "(단언) 주장하기",
            "morpheme": "맞/VV+아/EC"
          },
          {
            "id": 20,
            "text": "1 : 조작법이 되게 쉬워서 초급 쪽에서 많이 썼던 거 같아!",
            "norm_text": "조작법이 되게 쉬워서 초급 쪽에서 많이 썼던 거 같아!",
            "speaker": {
              "id": "1번",
              "sex": "여성",
              "age": "20대"
            },
            "speechAct": "(단언) 주장하기",
            "morpheme": "조작법/NNG+이/JKS+되게/MAG+쉬워서/VA+EC+초급/NNG+쪽/NNB+에서/JKB+많이/MAG+썼/VV+EP+던/ETM+거/NNB+같/VA+아/EF"
          },
          {
            "id": 21,
            "text": "2 : 어어 맞아!",
            "norm_text": "어어 맞아!",
            "speaker": {
              "id": "2번",
              "sex": "여성",
              "age": "20대"
            },
            "speechAct": "(단언) 주장하기",
            "morpheme": "어/IC+어/IC+맞/VV+아/EF"
          },
          {
            "id": 22,
            "text": "2 : 물론 나는 초급밖에 해본 적 없지만...",
            "norm_text": "물론 나는 초급밖에 해본 적 없지만...",
            "speaker": {
              "id": "2번",
              "sex": "여성",
              "age": "20대"
            },
            "speechAct": "(단언) 주장하기",
            "morpheme": "물론/MAG+나/NP+는/JX+초급/NNG+밖에/JX+해/VV+EC+본/VX+ETM+적/NNB+없/VA+지만/EC+./SY+./SY"
          }
        ]
      }
    }
  ]
}