{
  "dataset": {
    "identifier": 104612,
    "name": "FACEBOOK_106_02_set",
    "src_path": "/data/file/cubeManager/PROJECT001/77/txt202110281455110271104/FACEBOOK_106_02_set/",
    "label_path": "/data/file/cubeManager/PROJECT001/77/txt202110281455110271104/FACEBOOK_106_02_set/",
    "category": 2,
    "type": 0
  },
  "licenses": {
    "name": "Apache License 1.0",
    "url": "http://www.apache.org/licenses/LICENSE-1.0"
  },
  "info": [
    {
      "id": 100507,
      "filename": "FACEBOOK_106_02.txt",
      "title": "FACEBOOK_106_02",
      "mediatype": "SNS",
      "medianame": "페이스북",
      "category": "일상대화",
      "date": "2021-10-28",
      "size": 425,
      "annotations": {
        "subject": "주거와 생활",
        "speaker_type": "1:1",
        "size": 425,
        "word_size": 142,
        "text": "1 : 언니는 지금 집에서 이사갈 생각 없어?\n2 : 나 이사 가고 싶은데 다 집값이 넘 비싸\n1 : 맞아 ㅜㅜ\n1 : 언니 거기 전세로 살고 있어?\n2 : 여기는 월세야 ㅠ 전세 없지 돈 키키\n1 : 헐 ㅜㅜ 거기는 보증금 얼마에 월세 얼마야?\n2 : 여긴 1500에 29야 근데도 구축\n1 : 헐 ㅜㅜ 1. 5룸에서 살고 있어?\n2 : 아니\n2 : 여긴 미니 투룸이야\n1 : 미니 투룸?\n1 : 처음 들어봐 그게 뭐야?\n2 : 방 두갠데 거실은 없어\n1 : 아 신기하다!\n1 : 그러면 들어오자마자 바로 방이 있는 거야?\n2 : 들어오자마자 부엌에 방 두개가 있지\n1 : 오 진짜 신기하다 하나는 잠자는 곳이고 하나는 옷방이겠네?\n2 : 하나는 옷방 하나는 침실 맞아 키키\n1 : 키키 나는 그냥 내 방 하나가 부엌이고 옷장이고 침실이지 음하하하\n2 : 난 강아지랑 같이 살아야되서 짜증나ㅠ",
        "lines": [
          {
            "id": 1,
            "text": "1 : 언니는 지금 집에서 이사갈 생각 없어?",
            "norm_text": "언니는 지금 집에서 이사갈 생각 없어?",
            "speaker": {
              "id": "1번",
              "sex": "여성",
              "age": "20대"
            },
            "speechAct": "(지시) 질문하기",
            "morpheme": "언니/NNG+는/JX+지금/MAG+집/NNG+에서/JKB+이/MM+사갈/NNG+생각/NNG+없/VA+어/EF"
          },
          {
            "id": 2,
            "text": "2 : 나 이사 가고 싶은데 다 집값이 넘 비싸",
            "norm_text": "나 이사 가고 싶은데 다 집값이 넘 비싸",
            "speaker": {
              "id": "2번",
              "sex": "여성",
              "age": "20대"
            },
            "speechAct": "(단언) 주장하기",
            "morpheme": "나/NP+이사/JX+가/VV+고/EC+싶/VX+은/ETM+데/NNB+다/JX+집값/NNG+이/JKS+넘/MAG+비싸/VA+EC"
          },
          {
            "id": 3,
            "text": "1 : 맞아 ㅜㅜ",
            "norm_text": "맞아 ㅜㅜ",
            "speaker": {
              "id": "1번",
              "sex": "여성",
              "age": "20대"
            },
            "speechAct": "(단언) 주장하기",
            "morpheme": "맞아ㅜㅜ/UNKNOWN"
          },
          {
            "id": 4,
            "text": "1 : 언니 거기 전세로 살고 있어?",
            "norm_text": "언니 거기 전세로 살고 있어?",
            "speaker": {
              "id": "1번",
              "sex": "여성",
              "age": "20대"
            },
            "speechAct": "(지시) 질문하기",
            "morpheme": "언니/NNG+거기/NP+전세/NNG+로/JKB+살/VV+고/EC+있/VX+어/EF"
          },
          {
            "id": 5,
            "text": "2 : 여기는 월세야 ㅠ 전세 없지 돈 키키",
            "norm_text": "여기는 월세야 ㅠ 전세 없지 돈 키키",
            "speaker": {
              "id": "2번",
              "sex": "여성",
              "age": "20대"
            },
            "speechAct": "(단언) 주장하기",
            "morpheme": "여기/NP+는/JX+월세/NNG+야/VCP+EF+ㅠ/UNKNOWN+전세/NNG+없/VA+지/EC+돈/NNG+키/NNG+키/XSV+ETN"
          },
          {
            "id": 6,
            "text": "1 : 헐 ㅜㅜ 거기는 보증금 얼마에 월세 얼마야?",
            "norm_text": "헐 ㅜㅜ 거기는 보증금 얼마에 월세 얼마야?",
            "speaker": {
              "id": "1번",
              "sex": "여성",
              "age": "20대"
            },
            "speechAct": "(지시) 질문하기",
            "morpheme": "헐/VV+JKO+ㅜㅜ/UNKNOWN+거기/NP+는/JX+보증금/NNG+얼마/NNG+에/JKB+월세/NNG+얼마/NNG+야/VCP+EF"
          },
          {
            "id": 7,
            "text": "2 : 여긴 1500에 29야 근데도 구축",
            "norm_text": "여긴 1500에 29야 근데도 구축",
            "speaker": {
              "id": "2번",
              "sex": "여성",
              "age": "20대"
            },
            "speechAct": "(단언) 진술하기",
            "morpheme": "여긴/NP+JX+1500/SN+에/JKB+29/SN+야/VCP+EF+근데도/MAJ+구축/NNG"
          },
          {
            "id": 8,
            "text": "1 : 헐 ㅜㅜ 1. 5룸에서 살고 있어?",
            "norm_text": "헐 ㅜㅜ 1. 5룸에서 살고 있어?",
            "speaker": {
              "id": "1번",
              "sex": "여성",
              "age": "20대"
            },
            "speechAct": "(지시) 질문하기",
            "morpheme": "헐ㅜㅜ/UNKNOWN+1/SN+./SY+5/SN+룸/NNG+에서/JKB+살/VV+고/EC+있/VX+어/EF"
          },
          {
            "id": 9,
            "text": "2 : 아니",
            "norm_text": "아니",
            "speaker": {
              "id": "2번",
              "sex": "여성",
              "age": "20대"
            },
            "speechAct": "(단언) 진술하기",
            "morpheme": "아니/IC"
          },
          {
            "id": 10,
            "text": "2 : 여긴 미니 투룸이야",
            "norm_text": "여긴 미니 투룸이야",
            "speaker": {
              "id": "2번",
              "sex": "여성",
              "age": "20대"
            },
            "speechAct": "(단언) 진술하기",
            "morpheme": "여긴/NP+JX+미니/NNG+투/NR+룸/NNG+이/VCP+야/EC"
          },
          {
            "id": 11,
            "text": "1 : 미니 투룸?",
            "norm_text": "미니 투룸?",
            "speaker": {
              "id": "1번",
              "sex": "여성",
              "age": "20대"
            },
            "speechAct": "(지시) 질문하기",
            "morpheme": "미니/NNG+투/NR+룸/NNG"
          },
          {
            "id": 12,
            "text": "1 : 처음 들어봐 그게 뭐야?",
            "norm_text": "처음 들어봐 그게 뭐야?",
            "speaker": {
              "id": "1번",
              "sex": "여성",
              "age": "20대"
            },
            "speechAct": "(지시) 질문하기",
            "morpheme": "처음/MAG+들/VV+어/EC+봐/VX+EF+그게/NP+JKS+뭐/NP+야/VCP+EF"
          },
          {
            "id": 13,
            "text": "2 : 방 두갠데 거실은 없어",
            "norm_text": "방 두갠데 거실은 없어",
            "speaker": {
              "id": "2번",
              "sex": "여성",
              "age": "20대"
            },
            "speechAct": "(단언) 진술하기",
            "morpheme": "방/NNG+두/MM+갠데/NNBC+VCP+EC+거실/NNG+은/JX+없/VA+어/EC"
          },
          {
            "id": 14,
            "text": "1 : 아 신기하다!",
            "norm_text": "아 신기하다!",
            "speaker": {
              "id": "1번",
              "sex": "여성",
              "age": "20대"
            },
            "speechAct": "(단언) 주장하기",
            "morpheme": "아/IC+신기/XR+하/XSA+다/EF"
          },
          {
            "id": 15,
            "text": "1 : 그러면 들어오자마자 바로 방이 있는 거야?",
            "norm_text": "그러면 들어오자마자 바로 방이 있는 거야?",
            "speaker": {
              "id": "1번",
              "sex": "여성",
              "age": "20대"
            },
            "speechAct": "(지시) 질문하기",
            "morpheme": "그러면/MAJ+들어오/VV+자마자/EC+바로/MAG+방/NNG+이/JKS+있/VA+는/ETM+거/NNB+야/VCP+EF"
          },
          {
            "id": 16,
            "text": "2 : 들어오자마자 부엌에 방 두개가 있지",
            "norm_text": "들어오자마자 부엌에 방 두개가 있지",
            "speaker": {
              "id": "2번",
              "sex": "여성",
              "age": "20대"
            },
            "speechAct": "(단언) 진술하기",
            "morpheme": "들어오/VV+자마자/EC+부엌/NNG+에/JKB+방/NNG+두/MM+개/NNBC+가/JKS+있/VA+지/EC"
          },
          {
            "id": 17,
            "text": "1 : 오 진짜 신기하다 하나는 잠자는 곳이고 하나는 옷방이겠네?",
            "norm_text": "오 진짜 신기하다 하나는 잠자는 곳이고 하나는 옷방이겠네?",
            "speaker": {
              "id": "1번",
              "sex": "여성",
              "age": "20대"
            },
            "speechAct": "(지시) 질문하기",
            "morpheme": "오/IC+진짜/MAG+신기/XR+하/XSA+다/EF+하나/NR+는/JX+잠자/VV+는/ETM+곳/NNG+이/VCP+고/EC+하나/NR+는/JX+옷/NNG+방/NNG+이/VCP+겠/EP+네/EF"
          },
          {
            "id": 18,
            "text": "2 : 하나는 옷방 하나는 침실 맞아 키키",
            "norm_text": "하나는 옷방 하나는 침실 맞아 키키",
            "speaker": {
              "id": "2번",
              "sex": "여성",
              "age": "20대"
            },
            "speechAct": "(단언) 주장하기",
            "morpheme": "하나/NR+는/JX+옷/NNG+방/NNG+하나/NR+는/JX+침실/NNG+맞/VV+아/EC+키/NNG+키/XSV+ETN"
          },
          {
            "id": 19,
            "text": "1 : 키키 나는 그냥 내 방 하나가 부엌이고 옷장이고 침실이지 음하하하",
            "norm_text": "키키 나는 그냥 내 방 하나가 부엌이고 옷장이고 침실이지 음하하하",
            "speaker": {
              "id": "1번",
              "sex": "여성",
              "age": "20대"
            },
            "speechAct": "(단언) 주장하기",
            "morpheme": "키/NNG+키나/XSA+ETN+JX+는/JX+그냥/MAG+내방/NNG+하나/NR+가/JKS+부엌/NNG+이/VCP+고/EC+옷장/NNG+이/VCP+고/EC+침실/NNG+이/VCP+지/EF+음/IC+하하하/MAG"
          },
          {
            "id": 20,
            "text": "2 : 난 강아지랑 같이 살아야되서 짜증나ㅠ",
            "norm_text": "난 강아지랑 같이 살아야되서 짜증나ㅠ",
            "speaker": {
              "id": "2번",
              "sex": "여성",
              "age": "20대"
            },
            "speechAct": "(단언) 주장하기",
            "morpheme": "난/NP+JX+강아지/NNG+랑/JKB+같이/MAG+살/VV+아야/EC+되/VV+서/EC+짜증/NNG+나ㅠ/UNKNOWN"
          }
        ]
      }
    }
  ]
}