{
  "dataset": {
    "identifier": 118319,
    "name": "FACEBOOK_111_11_set",
    "src_path": "/data/file/cubeManager/PROJECT001/80/txt20211102153319051695/FACEBOOK_111_11_set/",
    "label_path": "/data/file/cubeManager/PROJECT001/80/txt20211102153319051695/FACEBOOK_111_11_set/",
    "category": 2,
    "type": 0
  },
  "licenses": {
    "name": "Apache License 1.0",
    "url": "http://www.apache.org/licenses/LICENSE-1.0"
  },
  "info": [
    {
      "id": 130035,
      "filename": "FACEBOOK_111_11.txt",
      "title": "FACEBOOK_111_11",
      "mediatype": "SNS",
      "medianame": "페이스북",
      "category": "일상대화",
      "date": "2021-11-02",
      "size": 396,
      "annotations": {
        "subject": "게임",
        "speaker_type": "1:1",
        "size": 396,
        "word_size": 127,
        "text": "1 : 우리 이번에 명절 때 가족들끼리 모여서 게임 했다~\n2 : 무슨 게임을 다 같이해?\n1 : 우리 오랜만에 윳놀이판 사서 했어~\n2 : 헐~ 명절에는 다 윷놀이 하더라?\n1 : 키키 근데 맨날 우리는 화투만 치다가 진짜 오랜만에 이거 했어!\n2 : 우리 집은 이번에 화투쳤어 키키\n1 : 키키 그래서 그곳의 승자는 누구였어?\n2 : 승자는 항상 우리 아빠지~\n1 : 아 진짜? 서울의 짝귀가 거기 있었구먼~\n2 : 그렇다고 볼 수 있지~\n1 : 논산의 아귀는 우리 아빠인데 말이야~\n2 : 그럼 서울이랑 논산이랑 한 판 붙어야겠네~\n1 : 키키 오 좋지! 이긴 사람이 치킨 쏘기!\n2 : 치킨에 맥주 추가해서 한판 더!\n1 : 좋지 좋지\n1 : 우리는 그냥 떨어지는 콩고물 먹으면 돼~\n2 : 맞아, 우리는 그냥 치킨만 시키면 돼!",
        "lines": [
          {
            "id": 1,
            "text": "1 : 우리 이번에 명절 때 가족들끼리 모여서 게임 했다~",
            "norm_text": "우리 이번에 명절 때 가족들끼리 모여서 게임 했다~",
            "speaker": {
              "id": "1번",
              "sex": "여성",
              "age": "20대"
            },
            "speechAct": "(단언) 진술하기",
            "morpheme": "우리/NP+이번/NNG+에/JKB+명절/NNG+때/NNG+가족/NNG+들/XSN+끼리/XSN+모여서/VV+EC+게임/NNG+했/XSV+EP+다/EC+~/SY"
          },
          {
            "id": 2,
            "text": "2 : 무슨 게임을 다 같이해?",
            "norm_text": "무슨 게임을 다 같이해?",
            "speaker": {
              "id": "2번",
              "sex": "여성",
              "age": "20대"
            },
            "speechAct": "(지시) 질문하기",
            "morpheme": "무슨/MM+게임/NNG+을/JKO+다/MAG+같이/MAG+해/VV+EF"
          },
          {
            "id": 3,
            "text": "1 : 우리 오랜만에 윳놀이판 사서 했어~",
            "norm_text": "우리 오랜만에 윳놀이판 사서 했어~",
            "speaker": {
              "id": "1번",
              "sex": "여성",
              "age": "20대"
            },
            "speechAct": "(단언) 진술하기",
            "morpheme": "우리/NP+오랜만/NNG+에/JKB+윳/NNP+놀이판/NNG+사서/NNG+했/XSV+EP+어/EC+~/SY"
          },
          {
            "id": 4,
            "text": "2 : 헐~ 명절에는 다 윷놀이 하더라?",
            "norm_text": "헐~ 명절에는 다 윷놀이 하더라?",
            "speaker": {
              "id": "2번",
              "sex": "여성",
              "age": "20대"
            },
            "speechAct": "(단언) 주장하기",
            "morpheme": "헐/NNP+~/SY+명절/NNG+에/JKB+는/JX+다/MAG+윷놀이/NNG+하/XSA+더라/EF"
          },
          {
            "id": 5,
            "text": "1 : 키키 근데 맨날 우리는 화투만 치다가 진짜 오랜만에 이거 했어!",
            "norm_text": "키키 근데 맨날 우리는 화투만 치다가 진짜 오랜만에 이거 했어!",
            "speaker": {
              "id": "1번",
              "sex": "여성",
              "age": "20대"
            },
            "speechAct": "(단언) 진술하기",
            "morpheme": "키/NNG+키/XSV+ETN+근데/MAJ+맨날/MAG+우리/NP+는/JX+화투/NNG+만/JX+치/VV+다가/EC+진짜/MAG+오랜만/NNG+에/JKB+이거/NP+했/VV+EP+어/EF"
          },
          {
            "id": 6,
            "text": "2 : 우리 집은 이번에 화투쳤어 키키",
            "norm_text": "우리 집은 이번에 화투쳤어 키키",
            "speaker": {
              "id": "2번",
              "sex": "여성",
              "age": "20대"
            },
            "speechAct": "(단언) 진술하기",
            "morpheme": "우리/NP+집/NNG+은/JX+이번/NNG+에/JKB+화투/NNG+쳤/VV+EP+어/EC+키/NNG+키/XSV+ETN"
          },
          {
            "id": 7,
            "text": "1 : 키키 그래서 그곳의 승자는 누구였어?",
            "norm_text": "키키 그래서 그곳의 승자는 누구였어?",
            "speaker": {
              "id": "1번",
              "sex": "여성",
              "age": "20대"
            },
            "speechAct": "(지시) 질문하기",
            "morpheme": "키/NNG+키/XSV+ETN+그래서/MAJ+그곳/NP+의/JKG+승자/NNG+는/JX+누구/NP+였/VCP+EP+어/EF"
          },
          {
            "id": 8,
            "text": "2 : 승자는 항상 우리 아빠지~",
            "norm_text": "승자는 항상 우리 아빠지~",
            "speaker": {
              "id": "2번",
              "sex": "여성",
              "age": "20대"
            },
            "speechAct": "(단언) 진술하기",
            "morpheme": "승자/NNG+는/JX+항상/MAG+우리/NP+아빠/NNG+지/VCP+EC+~/SY"
          },
          {
            "id": 9,
            "text": "1 : 아 진짜? 서울의 짝귀가 거기 있었구먼~",
            "norm_text": "아 진짜? 서울의 짝귀가 거기 있었구먼~",
            "speaker": {
              "id": "1번",
              "sex": "여성",
              "age": "20대"
            },
            "speechAct": "(단언) 주장하기",
            "morpheme": "아/IC+진짜/MAG+서울/NNP+의/JKG+짝귀/NNG+가/JKS+거기/NP+있/VA+었/EP+구먼/EC+~/SY"
          },
          {
            "id": 10,
            "text": "2 : 그렇다고 볼 수 있지~",
            "norm_text": "그렇다고 볼 수 있지~",
            "speaker": {
              "id": "2번",
              "sex": "여성",
              "age": "20대"
            },
            "speechAct": "(단언) 주장하기",
            "morpheme": "그렇/VA+다고/EC+볼/VX+ETM+수/NNB+있/VV+지/EC+~/SY"
          },
          {
            "id": 11,
            "text": "1 : 논산의 아귀는 우리 아빠인데 말이야~",
            "norm_text": "논산의 아귀는 우리 아빠인데 말이야~",
            "speaker": {
              "id": "1번",
              "sex": "여성",
              "age": "20대"
            },
            "speechAct": "(단언) 주장하기",
            "morpheme": "논산/NNP+의/JKG+아귀/NNG+는/JX+우리/NP+아빠/NNG+인데/VCP+EC+말/NNG+이/VCP+야/EC+~/SY"
          },
          {
            "id": 12,
            "text": "2 : 그럼 서울이랑 논산이랑 한 판 붙어야겠네~",
            "norm_text": "그럼 서울이랑 논산이랑 한 판 붙어야겠네~",
            "speaker": {
              "id": "2번",
              "sex": "여성",
              "age": "20대"
            },
            "speechAct": "(단언) 주장하기",
            "morpheme": "그럼/MAJ+서울/NNP+이랑/JC+논산/NNP+이랑/JKB+한판/NNG+붙/VV+어야/EC+겠/EP+네/EF+~/SY"
          },
          {
            "id": 13,
            "text": "1 : 키키 오 좋지! 이긴 사람이 치킨 쏘기!",
            "norm_text": "키키 오 좋지! 이긴 사람이 치킨 쏘기!",
            "speaker": {
              "id": "1번",
              "sex": "여성",
              "age": "20대"
            },
            "speechAct": "(지시) 충고/제안하기",
            "morpheme": "키/NNG+키/VV+오/EC+좋/VA+지/EF+이긴/VV+ETM+사람/NNG+이/JKS+치킨/NNG+쏘/VV+기/ETN"
          },
          {
            "id": 14,
            "text": "2 : 치킨에 맥주 추가해서 한판 더!",
            "norm_text": "치킨에 맥주 추가해서 한판 더!",
            "speaker": {
              "id": "2번",
              "sex": "여성",
              "age": "20대"
            },
            "speechAct": "(단언) 주장하기",
            "morpheme": "치킨/NNG+에/JKB+맥주/NNG+추가/NNG+해서/XSV+EC+한판/NNG+더/MAG"
          },
          {
            "id": 15,
            "text": "1 : 좋지 좋지",
            "norm_text": "좋지 좋지",
            "speaker": {
              "id": "1번",
              "sex": "여성",
              "age": "20대"
            },
            "speechAct": "(단언) 주장하기",
            "morpheme": "좋/VA+지/EC+좋/VA+지/EC"
          },
          {
            "id": 16,
            "text": "1 : 우리는 그냥 떨어지는 콩고물 먹으면 돼~",
            "norm_text": "우리는 그냥 떨어지는 콩고물 먹으면 돼~",
            "speaker": {
              "id": "1번",
              "sex": "여성",
              "age": "20대"
            },
            "speechAct": "(단언) 주장하기",
            "morpheme": "우리/NP+는/JX+그냥/MAG+떨어지/VV+는/ETM+콩고물/NNG+먹/VV+으면/EC+돼/VV+EC+~/SY"
          },
          {
            "id": 17,
            "text": "2 : 맞아, 우리는 그냥 치킨만 시키면 돼!",
            "norm_text": "맞아, 우리는 그냥 치킨만 시키면 돼!",
            "speaker": {
              "id": "2번",
              "sex": "여성",
              "age": "20대"
            },
            "speechAct": "(단언) 주장하기",
            "morpheme": "맞/VV+아/EC+,/SC+우리/NP+는/JX+그냥/MAG+치킨/NNG+만/JX+시키/VV+면/EC+돼/VV+EF"
          }
        ]
      }
    }
  ]
}