{
  "dataset": {
    "identifier": 119578,
    "name": "FACEBOOK_114_18_set",
    "src_path": "/data/file/cubeManager/PROJECT001/80/txt20211103151014094914/FACEBOOK_114_18_set/",
    "label_path": "/data/file/cubeManager/PROJECT001/80/txt20211103151014094914/FACEBOOK_114_18_set/",
    "category": 2,
    "type": 0
  },
  "licenses": {
    "name": "Apache License 1.0",
    "url": "http://www.apache.org/licenses/LICENSE-1.0"
  },
  "info": [
    {
      "id": 134421,
      "filename": "FACEBOOK_114_18.txt",
      "title": "FACEBOOK_114_18",
      "mediatype": "SNS",
      "medianame": "페이스북",
      "category": "일상대화",
      "date": "2021-11-03",
      "size": 400,
      "annotations": {
        "subject": "상거래 전반",
        "speaker_type": "1:1",
        "size": 400,
        "word_size": 138,
        "text": "1 : 그러면 언니는 지금 주식 어떤 거 샀어?\n2 : 주식 여러 개로 많이 샀지\n1 : 그렇구나 내 남친도 지금 주린이야!\n2 : 키키 요즘은 다 주식으로 오더라~\n1 : 키키 맞아 근데 나는 그 차트를 아무리 봐도 모르겠어!\n2 : 주식으로 큰 돈 벌기 어렵지\n1 : 근데 요즘 세대들은 주식 필수래!\n2 : 맞아 키키 안 잃으면 잘 하는 거야\n1 : 키키 일단 내 남친 삼전에 투자했구요~\n2 : 헐 삼전 요즘 안 좋은데 ㅜㅜ\n1 : 그니까 키키 심지어 주가 오를 때 삼 키키\n2 : 키키 오르는 거 보고 그냥 샀구나!\n1 : 키키 몰라~ 그때 뭐에 혹했었나 봐!\n1 : 근데 다른 거는 상승세래!\n2 : 키키 으 열심히 물 타야겠구만~\n1 : 키키 맞아 10만 전자 가즈아~ 맨날 외침 키키\n2 : 키키 십만 전자 내년에는 볼 수 있겠지",
        "lines": [
          {
            "id": 1,
            "text": "1 : 그러면 언니는 지금 주식 어떤 거 샀어?",
            "norm_text": "그러면 언니는 지금 주식 어떤 거 샀어?",
            "speaker": {
              "id": "1번",
              "sex": "여성",
              "age": "20대"
            },
            "speechAct": "(지시) 질문하기",
            "morpheme": "그러면/MAJ+언니/NNG+는/JX+지금/MAG+주식/NNG+어떤/MM+거/NNB+샀/VV+EP+어/EF"
          },
          {
            "id": 2,
            "text": "2 : 주식 여러 개로 많이 샀지",
            "norm_text": "주식 여러 개로 많이 샀지",
            "speaker": {
              "id": "2번",
              "sex": "여성",
              "age": "20대"
            },
            "speechAct": "(단언) 진술하기",
            "morpheme": "주식/NNG+여러/MM+개/NNBC+로/JKB+많이/MAG+샀/VV+EP+지/EC"
          },
          {
            "id": 3,
            "text": "1 : 그렇구나 내 남친도 지금 주린이야!",
            "norm_text": "그렇구나 내 남친도 지금 주린이야!",
            "speaker": {
              "id": "1번",
              "sex": "여성",
              "age": "20대"
            },
            "speechAct": "(단언) 진술하기",
            "morpheme": "그렇/VA+구나/EF+내/NP+JKG+남친/NNG+도/JX+지금/MAG+주린/VV+ETM+이/NNB+야/VCP+EF"
          },
          {
            "id": 4,
            "text": "2 : 키키 요즘은 다 주식으로 오더라~",
            "norm_text": "키키 요즘은 다 주식으로 오더라~",
            "speaker": {
              "id": "2번",
              "sex": "여성",
              "age": "20대"
            },
            "speechAct": "(단언) 진술하기",
            "morpheme": "키/NNG+키/NNG+요즘/NNG+은/JX+다/MAG+주식/NNG+으로/JKB+오/VV+더라/EC+~/SY"
          },
          {
            "id": 5,
            "text": "1 : 키키 맞아 근데 나는 그 차트를 아무리 봐도 모르겠어!",
            "norm_text": "키키 맞아 근데 나는 그 차트를 아무리 봐도 모르겠어!",
            "speaker": {
              "id": "1번",
              "sex": "여성",
              "age": "20대"
            },
            "speechAct": "(단언) 주장하기",
            "morpheme": "키/NNG+키/XSV+ETN+맞/VV+아/EC+근데/MAJ+나/NP+는/JX+그/MM+차트/NNG+를/JKO+아무리/MAG+봐도/VV+EC+모르/VV+겠/EP+어/EF"
          },
          {
            "id": 6,
            "text": "2 : 주식으로 큰 돈 벌기 어렵지",
            "norm_text": "주식으로 큰 돈 벌기 어렵지",
            "speaker": {
              "id": "2번",
              "sex": "여성",
              "age": "20대"
            },
            "speechAct": "(단언) 주장하기",
            "morpheme": "주식/NNG+으로/JKB+큰/VA+ETM+돈/NNG+벌/VV+기/ETN+어렵/VA+지/EC"
          },
          {
            "id": 7,
            "text": "1 : 근데 요즘 세대들은 주식 필수래!",
            "norm_text": "근데 요즘 세대들은 주식 필수래!",
            "speaker": {
              "id": "1번",
              "sex": "여성",
              "age": "20대"
            },
            "speechAct": "(단언) 주장하기",
            "morpheme": "근데/MAJ+요즘/MAG+세대/NNG+들/XSN+은/JX+주식/NNG+필수/NNG+래/VCP+EF"
          },
          {
            "id": 8,
            "text": "2 : 맞아 키키 안 잃으면 잘 하는 거야",
            "norm_text": "맞아 키키 안 잃으면 잘 하는 거야",
            "speaker": {
              "id": "2번",
              "sex": "여성",
              "age": "20대"
            },
            "speechAct": "(단언) 주장하기",
            "morpheme": "맞/VV+아/EC+키/NNG+키/NNG+안/MAG+잃/VV+으면/EC+잘/MAG+하/VV+는/ETM+거/NNB+야/VCP+EF"
          },
          {
            "id": 9,
            "text": "1 : 키키 일단 내 남친 삼전에 투자했구요~",
            "norm_text": "키키 일단 내 남친 삼전에 투자했구요~",
            "speaker": {
              "id": "1번",
              "sex": "여성",
              "age": "20대"
            },
            "speechAct": "(단언) 진술하기",
            "morpheme": "키키일단내남친삼전에투자했구요/UNKNOWN+~/SY"
          },
          {
            "id": 10,
            "text": "2 : 헐 삼전 요즘 안 좋은데 ㅜㅜ",
            "norm_text": "헐 삼전 요즘 안 좋은데 ㅜㅜ",
            "speaker": {
              "id": "2번",
              "sex": "여성",
              "age": "20대"
            },
            "speechAct": "(단언) 주장하기",
            "morpheme": "헐/IC+삼전/NNP+요즘/MAG+안/MAG+좋/VA+은데/EC+ㅜㅜ/UNKNOWN"
          },
          {
            "id": 11,
            "text": "1 : 그니까 키키 심지어 주가 오를 때 삼 키키",
            "norm_text": "그니까 키키 심지어 주가 오를 때 삼 키키",
            "speaker": {
              "id": "1번",
              "sex": "여성",
              "age": "20대"
            },
            "speechAct": "(단언) 진술하기",
            "morpheme": "그니까/MAJ+키/NNG+키/NNG+심지어/MAG+주가/NNG+오/NR+를/JKO+때/NNG+삼/NR+키/NNG+키/XSV+ETN"
          },
          {
            "id": 12,
            "text": "2 : 키키 오르는 거 보고 그냥 샀구나!",
            "norm_text": "키키 오르는 거 보고 그냥 샀구나!",
            "speaker": {
              "id": "2번",
              "sex": "여성",
              "age": "20대"
            },
            "speechAct": "(단언) 주장하기",
            "morpheme": "키/NNG+키/XSV+ETN+오르/VV+는/ETM+거/NNB+보고/JKB+그냥/MAG+샀/VV+EP+구나/EF"
          },
          {
            "id": 13,
            "text": "1 : 키키 몰라~ 그때 뭐에 혹했었나 봐!",
            "norm_text": "키키 몰라~ 그때 뭐에 혹했었나 봐!",
            "speaker": {
              "id": "1번",
              "sex": "여성",
              "age": "20대"
            },
            "speechAct": "(단언) 주장하기",
            "morpheme": "키/NNG+키/XSV+ETN+몰라/VV+EC+~/SY+그때/NNG+뭐/NP+에/JKB+혹했/VV+EP+었/EP+나/EC+봐/VX+EF"
          },
          {
            "id": 14,
            "text": "1 : 근데 다른 거는 상승세래!",
            "norm_text": "근데 다른 거는 상승세래!",
            "speaker": {
              "id": "1번",
              "sex": "여성",
              "age": "20대"
            },
            "speechAct": "(단언) 진술하기",
            "morpheme": "근데/MAJ+다른/MM+거/NNB+는/JX+상승세/NNG+래/VCP+EF"
          },
          {
            "id": 15,
            "text": "2 : 키키 으 열심히 물 타야겠구만~",
            "norm_text": "키키 으 열심히 물 타야겠구만~",
            "speaker": {
              "id": "2번",
              "sex": "여성",
              "age": "20대"
            },
            "speechAct": "(단언) 주장하기",
            "morpheme": "키키으열심히물타야겠구만/UNKNOWN+~/SY"
          },
          {
            "id": 16,
            "text": "1 : 키키 맞아 10만 전자 가즈아~ 맨날 외침 키키",
            "norm_text": "키키 맞아 10만 전자 가즈아~ 맨날 외침 키키",
            "speaker": {
              "id": "1번",
              "sex": "여성",
              "age": "20대"
            },
            "speechAct": "(단언) 진술하기",
            "morpheme": "키/NNG+키/XSV+ETN+맞/VV+아/EC+10/SN+만전자가즈아/UNKNOWN+~/SY+맨날/MAG+외침/NNG+키/NNG+키/XSV+ETN"
          },
          {
            "id": 17,
            "text": "2 : 키키 십만 전자 내년에는 볼 수 있겠지",
            "norm_text": "키키 십만 전자 내년에는 볼 수 있겠지",
            "speaker": {
              "id": "2번",
              "sex": "여성",
              "age": "20대"
            },
            "speechAct": "(단언) 주장하기",
            "morpheme": "키/NNG+키/XSV+ETN+십/NR+만/NR+전자/NNG+내년/NNG+에/JKB+는/JX+볼/VV+ETM+수/NNB+있/VV+겠/EP+지/EC"
          }
        ]
      }
    }
  ]
}