{
  "dataset": {
    "identifier": 126943,
    "name": "FACEBOOK_122_09_set",
    "src_path": "/data/file/cubeManager/PROJECT001/84/txt20211104181832005699/FACEBOOK_122_09_set/",
    "label_path": "/data/file/cubeManager/PROJECT001/84/txt20211104181832005699/FACEBOOK_122_09_set/",
    "category": 2,
    "type": 0
  },
  "licenses": {
    "name": "Apache License 1.0",
    "url": "http://www.apache.org/licenses/LICENSE-1.0"
  },
  "info": [
    {
      "id": 137577,
      "filename": "FACEBOOK_122_09.txt",
      "title": "FACEBOOK_122_09",
      "mediatype": "SNS",
      "medianame": "페이스북",
      "category": "일상대화",
      "date": "2021-11-04",
      "size": 418,
      "annotations": {
        "subject": "반려동물",
        "speaker_type": "1:1",
        "size": 418,
        "word_size": 150,
        "text": "1 : 우리집 고양이 엄청 이쁘다 하하\n2 : 아 진짜 한번 보여줘 봐\n1 : 코숏인데 길에서 냥줍 했어\n2 : 어디 이쁜지 무슨 종이야?\n2 : 아 키키 궁금\n1 : 코숏 키키 삼색이야 키키\n1 : 완전 호랑이 같이 생겼어\n2 : 나도 고양이 한번 키워보고 싶다 키키\n1 : 털이 엄청 빠지고 개복치 같아\n2 : 아 호랑이 같이 생긴 고양이? 한번 보고 싶네\n1 : 내 피드 한번 보고와 키키 고양이 사진으로 도배 해 놈\n2 : 털 엄청 빠지지\n2 : 나는 비염 있어서 못 키울 듯\n1 : 아 정말? 그러면 키우기 힘들지 ㅠㅠ\n1 : 알레르기 아닐까\n2 : 아 진짜 만성 비염이라 동물 키우긴 힘들 듯\n1 : 그러면 동물 키우기 힘들 것 같네 ㅠㅠ\n2 : 웅 그래서 그냥 보류 중 키키\n1 : 그냥 보기만 해도 이쁘지 않아?\n2 : 웅 보기만 해도 이쁘지\n2 : 친구들도 많이 키워",
        "lines": [
          {
            "id": 1,
            "text": "1 : 우리집 고양이 엄청 이쁘다 하하",
            "norm_text": "우리집 고양이 엄청 이쁘다 하하",
            "speaker": {
              "id": "1번",
              "sex": "여성",
              "age": "20대"
            },
            "speechAct": "(단언) 주장하기",
            "morpheme": "우리/NP+집고양이/NNG+엄청/MAG+이쁘/VA+다/EC+하하/MAG"
          },
          {
            "id": 2,
            "text": "2 : 아 진짜 한번 보여줘 봐",
            "norm_text": "아 진짜 한번 보여줘 봐",
            "speaker": {
              "id": "2번",
              "sex": "남성",
              "age": "20대"
            },
            "speechAct": "(지시) 충고/제안하기",
            "morpheme": "아/IC+진짜/MAG+한/MM+번/NNBC+보여/VV+EC+줘/VX+EC+봐/VX+EC"
          },
          {
            "id": 3,
            "text": "1 : 코숏인데 길에서 냥줍 했어",
            "norm_text": "코숏인데 길에서 냥줍 했어",
            "speaker": {
              "id": "1번",
              "sex": "여성",
              "age": "20대"
            },
            "speechAct": "(단언) 주장하기",
            "morpheme": "코/NNG+숏/NNG+인데/VCP+EC+길/NNG+에서/JKB+냥줍/UNKNOWN+했/VV+EP+어/EC"
          },
          {
            "id": 4,
            "text": "2 : 어디 이쁜지 무슨 종이야?",
            "norm_text": "어디 이쁜지 무슨 종이야?",
            "speaker": {
              "id": "2번",
              "sex": "남성",
              "age": "20대"
            },
            "speechAct": "(지시) 질문하기",
            "morpheme": "어디/NP+이쁜지/VA+EC+무슨/MM+종이/NNG+야/VCP+EF"
          },
          {
            "id": 5,
            "text": "2 : 아 키키 궁금",
            "norm_text": "아 키키 궁금",
            "speaker": {
              "id": "2번",
              "sex": "남성",
              "age": "20대"
            },
            "speechAct": "(단언) 주장하기",
            "morpheme": "아키/NNP+키/NNG+궁금/NNG"
          },
          {
            "id": 6,
            "text": "1 : 코숏 키키 삼색이야 키키",
            "norm_text": "코숏 키키 삼색이야 키키",
            "speaker": {
              "id": "1번",
              "sex": "여성",
              "age": "20대"
            },
            "speechAct": "(단언) 주장하기",
            "morpheme": "코/NNG+숏/NNG+키/NNG+키/NNG+삼색/NNG+이/VCP+야/EC+키/NNG+키/XSV+ETN"
          },
          {
            "id": 7,
            "text": "1 : 완전 호랑이 같이 생겼어",
            "norm_text": "완전 호랑이 같이 생겼어",
            "speaker": {
              "id": "1번",
              "sex": "여성",
              "age": "20대"
            },
            "speechAct": "(단언) 주장하기",
            "morpheme": "완전/NNG+호랑이/NNG+같이/JKB+생겼/VV+EP+어/EC"
          },
          {
            "id": 8,
            "text": "2 : 나도 고양이 한번 키워보고 싶다 키키",
            "norm_text": "나도 고양이 한번 키워보고 싶다 키키",
            "speaker": {
              "id": "2번",
              "sex": "남성",
              "age": "20대"
            },
            "speechAct": "(단언) 주장하기",
            "morpheme": "나/NP+도/JX+고양이/NNG+한/MM+번/NNBC+키워/VV+EC+보/VX+고/EC+싶/VX+다키키/NNP"
          },
          {
            "id": 9,
            "text": "1 : 털이 엄청 빠지고 개복치 같아",
            "norm_text": "털이 엄청 빠지고 개복치 같아",
            "speaker": {
              "id": "1번",
              "sex": "여성",
              "age": "20대"
            },
            "speechAct": "(단언) 주장하기",
            "morpheme": "털/NNG+이/JKS+엄청/MAG+빠지/VV+고/EC+개복치/NNG+같/VA+아/EC"
          },
          {
            "id": 10,
            "text": "2 : 아 호랑이 같이 생긴 고양이? 한번 보고 싶네",
            "norm_text": "아 호랑이 같이 생긴 고양이? 한번 보고 싶네",
            "speaker": {
              "id": "2번",
              "sex": "남성",
              "age": "20대"
            },
            "speechAct": "(지시) 질문하기",
            "morpheme": "아/IC+호랑이/NNG+같이/JKB+생긴/VV+ETM+고양이/NNG+한번/MAG+보/VV+고/EC+싶/VX+네/EC"
          },
          {
            "id": 11,
            "text": "1 : 내 피드 한번 보고와 키키 고양이 사진으로 도배 해 놈",
            "norm_text": "내 피드 한번 보고와 키키 고양이 사진으로 도배 해 놈",
            "speaker": {
              "id": "1번",
              "sex": "여성",
              "age": "20대"
            },
            "speechAct": "(단언) 주장하기",
            "morpheme": "내/MM+피드/NNP+한/MM+번/NNBC+보고/NNG+와/JC+키키/NNP+고양이/NNG+사진/NNG+으로/JKB+도/JX+배해/NNG+놈/NNB"
          },
          {
            "id": 12,
            "text": "2 : 털 엄청 빠지지",
            "norm_text": "털 엄청 빠지지",
            "speaker": {
              "id": "2번",
              "sex": "남성",
              "age": "20대"
            },
            "speechAct": "(단언) 주장하기",
            "morpheme": "털/NNG+엄청/MAG+빠지/VV+지/EC"
          },
          {
            "id": 13,
            "text": "2 : 나는 비염 있어서 못 키울 듯",
            "norm_text": "나는 비염 있어서 못 키울 듯",
            "speaker": {
              "id": "2번",
              "sex": "남성",
              "age": "20대"
            },
            "speechAct": "(단언) 주장하기",
            "morpheme": "나/NP+는/JX+비염/NNG+있/VV+어서/EC+못/MAG+키울/VV+ETM+듯/NNB"
          },
          {
            "id": 14,
            "text": "1 : 아 정말? 그러면 키우기 힘들지 ㅠㅠ",
            "norm_text": "아 정말? 그러면 키우기 힘들지 ㅠㅠ",
            "speaker": {
              "id": "1번",
              "sex": "여성",
              "age": "20대"
            },
            "speechAct": "(지시) 질문하기",
            "morpheme": "아/IC+정말/MAG+그러면키우기힘들지ㅠㅠ/UNKNOWN"
          },
          {
            "id": 15,
            "text": "1 : 알레르기 아닐까",
            "norm_text": "알레르기 아닐까",
            "speaker": {
              "id": "1번",
              "sex": "여성",
              "age": "20대"
            },
            "speechAct": "(단언) 주장하기",
            "morpheme": "알레르기/NNG+아닐까/VCN+EC"
          },
          {
            "id": 16,
            "text": "2 : 아 진짜 만성 비염이라 동물 키우긴 힘들 듯",
            "norm_text": "아 진짜 만성 비염이라 동물 키우긴 힘들 듯",
            "speaker": {
              "id": "2번",
              "sex": "남성",
              "age": "20대"
            },
            "speechAct": "(단언) 주장하기",
            "morpheme": "아/IC+진짜/MAG+만성/NNG+비염/NNG+이/VCP+라/EC+동물/NNG+키우/VV+긴/ETN+JX+힘들/VA+듯/EC"
          },
          {
            "id": 17,
            "text": "1 : 그러면 동물 키우기 힘들 것 같네 ㅠㅠ",
            "norm_text": "그러면 동물 키우기 힘들 것 같네 ㅠㅠ",
            "speaker": {
              "id": "1번",
              "sex": "여성",
              "age": "20대"
            },
            "speechAct": "(단언) 주장하기",
            "morpheme": "그러면/MAJ+동물/NNG+키우/VV+기/ETN+힘들/VA+ETM+것/NNB+같/VA+네/EF+ㅠㅠ/UNKNOWN"
          },
          {
            "id": 18,
            "text": "2 : 웅 그래서 그냥 보류 중 키키",
            "norm_text": "웅 그래서 그냥 보류 중 키키",
            "speaker": {
              "id": "2번",
              "sex": "남성",
              "age": "20대"
            },
            "speechAct": "(단언) 주장하기",
            "morpheme": "웅/IC+그래서/MAJ+그냥/MAG+보류/NNG+중키/NNG+키/XSV+ETN"
          },
          {
            "id": 19,
            "text": "1 : 그냥 보기만 해도 이쁘지 않아?",
            "norm_text": "그냥 보기만 해도 이쁘지 않아?",
            "speaker": {
              "id": "1번",
              "sex": "여성",
              "age": "20대"
            },
            "speechAct": "(지시) 질문하기",
            "morpheme": "그냥/MAG+보/VV+기/ETN+만/JX+해도/VV+EC+이쁘/VA+지/EC+않/VX+아/EF"
          },
          {
            "id": 20,
            "text": "2 : 웅 보기만 해도 이쁘지",
            "norm_text": "웅 보기만 해도 이쁘지",
            "speaker": {
              "id": "2번",
              "sex": "남성",
              "age": "20대"
            },
            "speechAct": "(단언) 주장하기",
            "morpheme": "웅/MAG+보/VV+기/ETN+만/JX+해도/VV+EC+이쁘/VA+지/EC"
          },
          {
            "id": 21,
            "text": "2 : 친구들도 많이 키워",
            "norm_text": "친구들도 많이 키워",
            "speaker": {
              "id": "2번",
              "sex": "남성",
              "age": "20대"
            },
            "speechAct": "(단언) 주장하기",
            "morpheme": "친구/NNG+들/XSN+도/JX+많이/MAG+키워/VV+EC"
          }
        ]
      }
    }
  ]
}