{
  "dataset": {
    "identifier": 118463,
    "name": "FACEBOOK_111_14_set",
    "src_path": "/data/file/cubeManager/PROJECT001/80/txt20211102153319054147/FACEBOOK_111_14_set/",
    "label_path": "/data/file/cubeManager/PROJECT001/80/txt20211102153319054147/FACEBOOK_111_14_set/",
    "category": 2,
    "type": 0
  },
  "licenses": {
    "name": "Apache License 1.0",
    "url": "http://www.apache.org/licenses/LICENSE-1.0"
  },
  "info": [
    {
      "id": 130038,
      "filename": "FACEBOOK_111_14.txt",
      "title": "FACEBOOK_111_14",
      "mediatype": "SNS",
      "medianame": "페이스북",
      "category": "일상대화",
      "date": "2021-11-02",
      "size": 421,
      "annotations": {
        "subject": "사회이슈",
        "speaker_type": "1:1",
        "size": 421,
        "word_size": 135,
        "text": "1 : 이번에 비도 많이 오고 춥기도 했잖아!\n2 : 맞아 춥기는 엄청 추웠어 ㅠㅠ\n1 : 그래서 이번에 농작물들이 다 얼었대 ㅜ\n2 : 아~ 그래서 채소값이 폭등했나?\n1 : 맞아 가을은 추수의 계절인데 가을이 사라졌으니!\n2 : 맞아 가을 없이 바로 겨울이더라 ㅠㅠ\n1 : 맞아 ㅜㅜ\n1 : 이번에 비도 많이 와서 농작물들이 다 물러서 버렸대!\n2 : 헐... 나 채소 많이 먹는데 ㅠㅠ\n1 : 나도 샤브샤브 완전 사랑하는데!\n2 : 이제 채소도 마음껏 못 먹겠다 ㅠ\n1 : 하, 맞아,\n1 : 우리 집도 이번에 농작물 피해 엄청 봤어!\n2 : 헐! 집에서 농작물 재배 하는구나!\n1 : 우리 작은 밭 있거든! 엄마가 무도 일찍 뽑았대!\n2 : 헐... 그거 참 안타까운 소식이다\n1 : 그러니까  ㅜㅜ\n1 : 이번에 김장해야 하는데, 어쩌려냐,\n2 : 김장도 앞으로 큰 일이겠다!",
        "lines": [
          {
            "id": 1,
            "text": "1 : 이번에 비도 많이 오고 춥기도 했잖아!",
            "norm_text": "이번에 비도 많이 오고 춥기도 했잖아!",
            "speaker": {
              "id": "1번",
              "sex": "여성",
              "age": "20대"
            },
            "speechAct": "(단언) 주장하기",
            "morpheme": "이번/NNG+에/JKB+비/NNG+도/JX+많이/MAG+오/VV+고/EC+춥/VA+기/ETN+도/JX+했잖아/VX+EP+EC+VX+EF"
          },
          {
            "id": 2,
            "text": "2 : 맞아 춥기는 엄청 추웠어 ㅠㅠ",
            "norm_text": "맞아 춥기는 엄청 추웠어 ㅠㅠ",
            "speaker": {
              "id": "2번",
              "sex": "여성",
              "age": "20대"
            },
            "speechAct": "(단언) 주장하기",
            "morpheme": "맞/VV+아/EC+춥/VA+기/ETN+는/JX+엄청/MAG+추웠/VA+EP+어/EF+ㅠㅠ/UNKNOWN"
          },
          {
            "id": 3,
            "text": "1 : 그래서 이번에 농작물들이 다 얼었대 ㅜ",
            "norm_text": "그래서 이번에 농작물들이 다 얼었대 ㅜ",
            "speaker": {
              "id": "1번",
              "sex": "여성",
              "age": "20대"
            },
            "speechAct": "(단언) 진술하기",
            "morpheme": "그래서/MAJ+이번/NNG+에/JKB+농작물/NNG+들/XSN+이/JKS+다/MAG+얼/VV+었/EP+대ㅜ/UNKNOWN"
          },
          {
            "id": 4,
            "text": "2 : 아~ 그래서 채소값이 폭등했나?",
            "norm_text": "아~ 그래서 채소값이 폭등했나?",
            "speaker": {
              "id": "2번",
              "sex": "여성",
              "age": "20대"
            },
            "speechAct": "(지시) 질문하기",
            "morpheme": "아/IC+~/SY+그래서/MAJ+채소/NNG+값/NNG+이/JKS+폭등/NNG+했/XSV+EP+나/EF"
          },
          {
            "id": 5,
            "text": "1 : 맞아 가을은 추수의 계절인데 가을이 사라졌으니!",
            "norm_text": "맞아 가을은 추수의 계절인데 가을이 사라졌으니!",
            "speaker": {
              "id": "1번",
              "sex": "여성",
              "age": "20대"
            },
            "speechAct": "(단언) 주장하기",
            "morpheme": "맞/VV+아/EC+가을/NNG+은/JX+추수/NNG+의/JKG+계절/NNG+인데/VCP+EC+가을/NNG+이/JKS+사라졌/VV+EP+으니/EF"
          },
          {
            "id": 6,
            "text": "2 : 맞아 가을 없이 바로 겨울이더라 ㅠㅠ",
            "norm_text": "맞아 가을 없이 바로 겨울이더라 ㅠㅠ",
            "speaker": {
              "id": "2번",
              "sex": "여성",
              "age": "20대"
            },
            "speechAct": "(단언) 주장하기",
            "morpheme": "맞/VV+아/EC+가을/NNG+없이/MAG+바로/MAG+겨울/NNG+이/VCP+더라/EF+ㅠㅠ/UNKNOWN"
          },
          {
            "id": 7,
            "text": "1 : 맞아 ㅜㅜ",
            "norm_text": "맞아 ㅜㅜ",
            "speaker": {
              "id": "1번",
              "sex": "여성",
              "age": "20대"
            },
            "speechAct": "(단언) 주장하기",
            "morpheme": "맞아ㅜㅜ/UNKNOWN"
          },
          {
            "id": 8,
            "text": "1 : 이번에 비도 많이 와서 농작물들이 다 물러서 버렸대!",
            "norm_text": "이번에 비도 많이 와서 농작물들이 다 물러서 버렸대!",
            "speaker": {
              "id": "1번",
              "sex": "여성",
              "age": "20대"
            },
            "speechAct": "(단언) 진술하기",
            "morpheme": "이번/NNG+에/JKB+비/NNG+도/JX+많이/MAG+와서/VV+EC+농작물/NNG+들/XSN+이/JKS+다물/VV+러서/EC+버렸/VX+EP+대/EF"
          },
          {
            "id": 9,
            "text": "2 : 헐... 나 채소 많이 먹는데 ㅠㅠ",
            "norm_text": "헐... 나 채소 많이 먹는데 ㅠㅠ",
            "speaker": {
              "id": "2번",
              "sex": "여성",
              "age": "20대"
            },
            "speechAct": "(단언) 주장하기",
            "morpheme": "헐/IC+./SY+나채소많이먹는데ㅠㅠ/UNKNOWN"
          },
          {
            "id": 10,
            "text": "1 : 나도 샤브샤브 완전 사랑하는데!",
            "norm_text": "나도 샤브샤브 완전 사랑하는데!",
            "speaker": {
              "id": "1번",
              "sex": "여성",
              "age": "20대"
            },
            "speechAct": "(단언) 주장하기",
            "morpheme": "나/NP+도/JX+샤브샤브/NNP+완전/NNG+사랑/NNG+하/XSV+는데/EC"
          },
          {
            "id": 11,
            "text": "2 : 이제 채소도 마음껏 못 먹겠다 ㅠ",
            "norm_text": "이제 채소도 마음껏 못 먹겠다 ㅠ",
            "speaker": {
              "id": "2번",
              "sex": "여성",
              "age": "20대"
            },
            "speechAct": "(단언) 주장하기",
            "morpheme": "이제/MAG+채소/NNG+도/JX+마음껏/MAG+못/MAG+먹/VV+겠/EP+다ㅠ/UNKNOWN"
          },
          {
            "id": 12,
            "text": "1 : 하, 맞아,",
            "norm_text": "하, 맞아,",
            "speaker": {
              "id": "1번",
              "sex": "여성",
              "age": "20대"
            },
            "speechAct": "(단언) 주장하기",
            "morpheme": "하/IC+,/SC+맞/VV+아/EC+,/SC"
          },
          {
            "id": 13,
            "text": "1 : 우리 집도 이번에 농작물 피해 엄청 봤어!",
            "norm_text": "우리 집도 이번에 농작물 피해 엄청 봤어!",
            "speaker": {
              "id": "1번",
              "sex": "여성",
              "age": "20대"
            },
            "speechAct": "(단언) 진술하기",
            "morpheme": "우리/NP+집/NNG+도/JX+이번/NNG+에/JKB+농작물/NNG+피해/NNG+엄청/MAG+봤/VV+EP+어/EF"
          },
          {
            "id": 14,
            "text": "2 : 헐! 집에서 농작물 재배 하는구나!",
            "norm_text": "헐! 집에서 농작물 재배 하는구나!",
            "speaker": {
              "id": "2번",
              "sex": "여성",
              "age": "20대"
            },
            "speechAct": "(단언) 주장하기",
            "morpheme": "헐/IC+집/NNG+에서/JKB+농작물/NNG+재배/NNG+하/XSA+는구나/EF"
          },
          {
            "id": 15,
            "text": "1 : 우리 작은 밭 있거든! 엄마가 무도 일찍 뽑았대!",
            "norm_text": "우리 작은 밭 있거든! 엄마가 무도 일찍 뽑았대!",
            "speaker": {
              "id": "1번",
              "sex": "여성",
              "age": "20대"
            },
            "speechAct": "(단언) 진술하기",
            "morpheme": "우리/NP+작/VA+은/ETM+밭/NNG+있/VA+거든/EF+엄마/NNG+가/JKS+무도/NNG+일찍/MAG+뽑/VV+았/EP+대/EF"
          },
          {
            "id": 16,
            "text": "2 : 헐... 그거 참 안타까운 소식이다",
            "norm_text": "헐... 그거 참 안타까운 소식이다",
            "speaker": {
              "id": "2번",
              "sex": "여성",
              "age": "20대"
            },
            "speechAct": "(단언) 주장하기",
            "morpheme": "헐/IC+./SY+그거/NP+참/MAG+안타까운/VA+ETM+소식/NNG+이/VCP+다/EC"
          },
          {
            "id": 17,
            "text": "1 : 그러니까  ㅜㅜ",
            "norm_text": "그러니까  ㅜㅜ",
            "speaker": {
              "id": "1번",
              "sex": "여성",
              "age": "20대"
            },
            "speechAct": "(단언) 주장하기",
            "morpheme": "그러니까/MAJ+ㅜㅜ/UNKNOWN"
          },
          {
            "id": 18,
            "text": "1 : 이번에 김장해야 하는데, 어쩌려냐,",
            "norm_text": "이번에 김장해야 하는데, 어쩌려냐,",
            "speaker": {
              "id": "1번",
              "sex": "여성",
              "age": "20대"
            },
            "speechAct": "(단언) 주장하기",
            "morpheme": "이번/NNG+에/JKB+김장/NNG+해야/XSV+EC+하/VV+는데/EC+,/SC+어쩌/MAG+려/NNG+냐/VCP+EF+,/SC"
          },
          {
            "id": 19,
            "text": "2 : 김장도 앞으로 큰 일이겠다!",
            "norm_text": "김장도 앞으로 큰 일이겠다!",
            "speaker": {
              "id": "2번",
              "sex": "여성",
              "age": "20대"
            },
            "speechAct": "(단언) 주장하기",
            "morpheme": "김장/NNG+도/JX+앞/NNG+으로/JKB+큰일/NNG+이/VCP+겠/EP+다/EF"
          }
        ]
      }
    }
  ]
}