{
  "dataset": {
    "identifier": 118450,
    "name": "FACEBOOK_117_06_set",
    "src_path": "/data/file/cubeManager/PROJECT001/80/txt20211102103331034033/FACEBOOK_117_06_set/",
    "label_path": "/data/file/cubeManager/PROJECT001/80/txt20211102103331034033/FACEBOOK_117_06_set/",
    "category": 2,
    "type": 0
  },
  "licenses": {
    "name": "Apache License 1.0",
    "url": "http://www.apache.org/licenses/LICENSE-1.0"
  },
  "info": [
    {
      "id": 129649,
      "filename": "FACEBOOK_117_06.txt",
      "title": "FACEBOOK_117_06",
      "mediatype": "SNS",
      "medianame": "페이스북",
      "category": "일상대화",
      "date": "2021-11-02",
      "size": 507,
      "annotations": {
        "subject": "교육",
        "speaker_type": "1:1",
        "size": 507,
        "word_size": 176,
        "text": "1 : 언니는 시험 볼 때 어떤 과목 점수가 제일 잘 나왔어?\n2 : 나는 음 국어? 수학? 그때 그때 달랐어\n1 : 나는 무조건 수학이 제일 잘 나왔었지!\n2 : 난 영어 최악 키키 진짜 못해\n1 : 키키 언니 영어 과외 받았다고 하지 않았어?\n2 : 그니까 근데 못해\n2 : 지금도 학원 다니고 싶다\n1 :  언니 그때 과외비 얼마였는지 기억 나?\n2 : 비쌌어\n2 : 일 대 이 과외라 사십 넘었던 듯 키키\n1 : 맞아 그때는 과외비 기본 40부터 했었던 거 같아!\n2 : 지금은 싼가?\n2 : 더 올랐나?\n1 : 키키 지금은 더 올랐지 않을까?\n1 : 근데 지금 코시국이라 과외 쌤도 사라졌을 듯!\n2 : 와 근데 지금 생각하면 돈 아깝다...\n1 : 키키 맞아, 나도 그때는 수학 점수가 제일 잘 나왔었는데 지금은 아무 소용 없어\n2 : 아빠 돈이지만 아까워...\n2 : 다시 다니면 열심히 다닐 수 있을 듯 키키\n1 : 키키 나도!\n1 : 근데 나는 그 돈 가지고 놀 거임 효년 키키\n2 : 키키 우린 그 돈 버리고 논 거지 뭐...",
        "lines": [
          {
            "id": 1,
            "text": "1 : 언니는 시험 볼 때 어떤 과목 점수가 제일 잘 나왔어?",
            "norm_text": "언니는 시험 볼 때 어떤 과목 점수가 제일 잘 나왔어?",
            "speaker": {
              "id": "1번",
              "sex": "여성",
              "age": "20대"
            },
            "speechAct": "(지시) 질문하기",
            "morpheme": "언니/NNG+는/JX+시험/NNG+볼/VV+ETM+때/NNG+어떤/MM+과목/NNG+점수/NNG+가/JKS+제일/MAG+잘/MAG+나왔/VV+EP+어/EF"
          },
          {
            "id": 2,
            "text": "2 : 나는 음 국어? 수학? 그때 그때 달랐어",
            "norm_text": "나는 음 국어? 수학? 그때 그때 달랐어",
            "speaker": {
              "id": "2번",
              "sex": "여성",
              "age": "20대"
            },
            "speechAct": "(단언) 주장하기",
            "morpheme": "나/NP+는/JX+음국/NNG+어/IC+수학/NNG+?/SY+그때/NNG+그때/NNG+달랐/VA+EP+어/EC"
          },
          {
            "id": 3,
            "text": "1 : 나는 무조건 수학이 제일 잘 나왔었지!",
            "norm_text": "나는 무조건 수학이 제일 잘 나왔었지!",
            "speaker": {
              "id": "1번",
              "sex": "여성",
              "age": "20대"
            },
            "speechAct": "(단언) 진술하기",
            "morpheme": "나/NP+는/JX+무조건/MAG+수학/NNG+이/JKS+제일/MAG+잘/MAG+나왔었/VV+EP+지/EF"
          },
          {
            "id": 4,
            "text": "2 : 난 영어 최악 키키 진짜 못해",
            "norm_text": "난 영어 최악 키키 진짜 못해",
            "speaker": {
              "id": "2번",
              "sex": "여성",
              "age": "20대"
            },
            "speechAct": "(단언) 주장하기",
            "morpheme": "난/NP+JX+영어/NNG+최악/NNG+키/NNG+키/XSV+ETN+진짜/MAG+못/MAG+해/VV+EC"
          },
          {
            "id": 5,
            "text": "1 : 키키 언니 영어 과외 받았다고 하지 않았어?",
            "norm_text": "키키 언니 영어 과외 받았다고 하지 않았어?",
            "speaker": {
              "id": "1번",
              "sex": "여성",
              "age": "20대"
            },
            "speechAct": "(지시) 질문하기",
            "morpheme": "키/NNG+키/NNG+언니/NNG+영어/NNG+과외/NNG+받/VV+았/EP+다고/EC+하/VV+지/EC+않/VX+았/EP+어/EF"
          },
          {
            "id": 6,
            "text": "2 : 그니까 근데 못해",
            "norm_text": "그니까 근데 못해",
            "speaker": {
              "id": "2번",
              "sex": "여성",
              "age": "20대"
            },
            "speechAct": "(단언) 주장하기",
            "morpheme": "그니까/MAJ+근데/MAJ+못/MAG+해/VV+EC"
          },
          {
            "id": 7,
            "text": "2 : 지금도 학원 다니고 싶다",
            "norm_text": "지금도 학원 다니고 싶다",
            "speaker": {
              "id": "2번",
              "sex": "여성",
              "age": "20대"
            },
            "speechAct": "(단언) 주장하기",
            "morpheme": "지금/NNG+도/JX+학원/NNG+다니/VV+고/EC+싶/VX+다/EC"
          },
          {
            "id": 8,
            "text": "1 :  언니 그때 과외비 얼마였는지 기억 나?",
            "norm_text": "언니 그때 과외비 얼마였는지 기억 나?",
            "speaker": {
              "id": "1번",
              "sex": "여성",
              "age": "20대"
            },
            "speechAct": "(지시) 질문하기",
            "morpheme": "언니/NNG+그때/NNG+과외/NNG+비/XPN+얼마/NNG+였/VCP+EP+는지/EC+기억나/VV+EF"
          },
          {
            "id": 9,
            "text": "2 : 비쌌어",
            "norm_text": "비쌌어",
            "speaker": {
              "id": "2번",
              "sex": "여성",
              "age": "20대"
            },
            "speechAct": "(단언) 주장하기",
            "morpheme": "비쌌/VA+EP+어/EC"
          },
          {
            "id": 10,
            "text": "2 : 일 대 이 과외라 사십 넘었던 듯 키키",
            "norm_text": "일 대 이 과외라 사십 넘었던 듯 키키",
            "speaker": {
              "id": "2번",
              "sex": "여성",
              "age": "20대"
            },
            "speechAct": "(단언) 주장하기",
            "morpheme": "일/NR+대/NNBC+이/NR+과외/NNG+라사/NNG+십/NR+넘/VV+었/EP+던/ETM+듯/NNB+키/NNG+키/XSV+ETN"
          },
          {
            "id": 11,
            "text": "1 : 맞아 그때는 과외비 기본 40부터 했었던 거 같아!",
            "norm_text": "맞아 그때는 과외비 기본 40부터 했었던 거 같아!",
            "speaker": {
              "id": "1번",
              "sex": "여성",
              "age": "20대"
            },
            "speechAct": "(단언) 주장하기",
            "morpheme": "맞/VV+아/EC+그때/NNG+는/JX+과외/NNG+비/XPN+기본/NNG+40/SN+부터/JX+했었/VV+EP+던/ETM+거/NNB+같/VA+아/EF"
          },
          {
            "id": 12,
            "text": "2 : 지금은 싼가?",
            "norm_text": "지금은 싼가?",
            "speaker": {
              "id": "2번",
              "sex": "여성",
              "age": "20대"
            },
            "speechAct": "(지시) 질문하기",
            "morpheme": "지금/MAG+은/JX+싼가/VA+EF"
          },
          {
            "id": 13,
            "text": "2 : 더 올랐나?",
            "norm_text": "더 올랐나?",
            "speaker": {
              "id": "2번",
              "sex": "여성",
              "age": "20대"
            },
            "speechAct": "(지시) 질문하기",
            "morpheme": "더/MAG+올랐/VV+EP+나/EF"
          },
          {
            "id": 14,
            "text": "1 : 키키 지금은 더 올랐지 않을까?",
            "norm_text": "키키 지금은 더 올랐지 않을까?",
            "speaker": {
              "id": "1번",
              "sex": "여성",
              "age": "20대"
            },
            "speechAct": "(지시) 질문하기",
            "morpheme": "키/NNG+키/NNG+지금/MAG+은/JX+더/MAG+올랐/VV+EP+지/EC+않/VX+을까/EF"
          },
          {
            "id": 15,
            "text": "1 : 근데 지금 코시국이라 과외 쌤도 사라졌을 듯!",
            "norm_text": "근데 지금 코시국이라 과외 쌤도 사라졌을 듯!",
            "speaker": {
              "id": "1번",
              "sex": "여성",
              "age": "20대"
            },
            "speechAct": "(단언) 주장하기",
            "morpheme": "근데/MAJ+지금/MAG+코/NNG+시국/NNG+이/VCP+라/EC+과외/NNG+쌤/NNG+도/JX+사라졌/VV+EP+을/ETM+듯/NNB"
          },
          {
            "id": 16,
            "text": "2 : 와 근데 지금 생각하면 돈 아깝다...",
            "norm_text": "와 근데 지금 생각하면 돈 아깝다...",
            "speaker": {
              "id": "2번",
              "sex": "여성",
              "age": "20대"
            },
            "speechAct": "(단언) 주장하기",
            "morpheme": "와/IC+근데/MAJ+지금/MAG+생각/NNG+하/XSV+면/EC+돈/NNG+아깝/VA+다/EF+./SY"
          },
          {
            "id": 17,
            "text": "1 : 키키 맞아, 나도 그때는 수학 점수가 제일 잘 나왔었는데 지금은 아무 소용 없어",
            "norm_text": "키키 맞아, 나도 그때는 수학 점수가 제일 잘 나왔었는데 지금은 아무 소용 없어",
            "speaker": {
              "id": "1번",
              "sex": "여성",
              "age": "20대"
            },
            "speechAct": "(단언) 주장하기",
            "morpheme": "키/NNG+키/XSV+ETN+맞/VV+아/EC+,/SC+나/NP+도/JX+그때/NNG+는/JX+수학/NNG+점수/NNG+가/JKS+제일/MAG+잘/MAG+나왔었/VV+EP+는데/EC+지금/MAG+은/JX+아무/MM+소용/NNG+없/VA+어/EC"
          },
          {
            "id": 18,
            "text": "2 : 아빠 돈이지만 아까워...",
            "norm_text": "아빠 돈이지만 아까워...",
            "speaker": {
              "id": "2번",
              "sex": "여성",
              "age": "20대"
            },
            "speechAct": "(단언) 주장하기",
            "morpheme": "아빠/NNG+돈/NNG+이/VCP+지만/EC+아까워/VV+EF+./SY"
          },
          {
            "id": 19,
            "text": "2 : 다시 다니면 열심히 다닐 수 있을 듯 키키",
            "norm_text": "다시 다니면 열심히 다닐 수 있을 듯 키키",
            "speaker": {
              "id": "2번",
              "sex": "여성",
              "age": "20대"
            },
            "speechAct": "(단언) 주장하기",
            "morpheme": "다시/MAG+다니/VV+면/EC+열심히/MAG+다닐/VV+ETM+수/NNB+있/VV+을/ETM+듯/NNB+키/NNG+키/XSV+ETN"
          },
          {
            "id": 20,
            "text": "1 : 키키 나도!",
            "norm_text": "키키 나도!",
            "speaker": {
              "id": "1번",
              "sex": "여성",
              "age": "20대"
            },
            "speechAct": "(단언) 주장하기",
            "morpheme": "키/NNG+키나/XSA+ETN+JX+도/JX"
          },
          {
            "id": 21,
            "text": "1 : 근데 나는 그 돈 가지고 놀 거임 효년 키키",
            "norm_text": "근데 나는 그 돈 가지고 놀 거임 효년 키키",
            "speaker": {
              "id": "1번",
              "sex": "여성",
              "age": "20대"
            },
            "speechAct": "(단언) 주장하기",
            "morpheme": "근데/MAJ+나/NP+는/JX+그/MM+돈/NNG+가지/VV+고/EC+놀/VX+ETM+거/NNB+임/VCP+ETN+효년/UNKNOWN+키/NNG+키/XSV+ETN"
          },
          {
            "id": 22,
            "text": "2 : 키키 우린 그 돈 버리고 논 거지 뭐...",
            "norm_text": "키키 우린 그 돈 버리고 논 거지 뭐...",
            "speaker": {
              "id": "2번",
              "sex": "여성",
              "age": "20대"
            },
            "speechAct": "(단언) 주장하기",
            "morpheme": "키/NNG+키/XSV+ETN+우린/NP+JX+그/MM+돈/NNG+버리/VV+고/EC+논/VX+ETM+거/NNB+지/VCP+EF+뭐/IC+./SY"
          }
        ]
      }
    }
  ]
}