{
  "dataset": {
    "identifier": 104063,
    "name": "FACEBOOK_107_06_set",
    "src_path": "/data/file/cubeManager/PROJECT001/77/txt20211029160805026053/FACEBOOK_107_06_set/",
    "label_path": "/data/file/cubeManager/PROJECT001/77/txt20211029160805026053/FACEBOOK_107_06_set/",
    "category": 2,
    "type": 0
  },
  "licenses": {
    "name": "Apache License 1.0",
    "url": "http://www.apache.org/licenses/LICENSE-1.0"
  },
  "info": [
    {
      "id": 111274,
      "filename": "FACEBOOK_107_06.txt",
      "title": "FACEBOOK_107_06",
      "mediatype": "SNS",
      "medianame": "페이스북",
      "category": "일상대화",
      "date": "2021-10-29",
      "size": 506,
      "annotations": {
        "subject": "교육",
        "speaker_type": "1:1",
        "size": 506,
        "word_size": 174,
        "text": "1 : 언니 어렸을 때 바이올린이나 피아노 같은 악기 배웠어?\n2 : 아니\n2 : 나는 피아노 배웠어\n1 : 근데 어렸을 때는 왜 엄마들이 피아노 가르치게 할까?\n2 : 피아노에 대한 로망인가?\n2 : 크니까 피아노 배우고 싶지 않아?\n1 : 키키 나는 어렸을 때부터 플롯 같은 거 배우고 싶었는데!\n2 : 난 발레 같은 거 근데 피아노만 다녔어 키키\n1 : 키키 오 근데 논산에는 발레학원이 없었잖아!\n2 : 맞아\n2 :  그땐 없었던 거 같아\n1 : 키키 맞아\n1 : 난 그래서 이가 없으면 잇몸으로 떼우라는 말이 있잖아\n1 : 대신에 단소 배웠어! 키키\n2 : 키키 그건 또 뭐야 키키 단소?\n2 : 어디서?\n1 : 언니 단소 몰라?\n1 : 초딩 때 전통 악기 안 배웠어?\n2 : 아는데 단소 학원이 있다고? 대박 키키\n1 : 아니 아니\n1 : 학원 말고 그냥 학교에 선생님이 오셔서 가르쳐 주셨어!\n2 : 아아 특기 적성?\n2 : 난 서예 배웠다\n1 : 와 대박 키키 언니 지금 명필이겠네?\n2 : 아니\n2 : 똥필이지 키키\n2 : 너무 졸리다",
        "lines": [
          {
            "id": 1,
            "text": "1 : 언니 어렸을 때 바이올린이나 피아노 같은 악기 배웠어?",
            "norm_text": "언니 어렸을 때 바이올린이나 피아노 같은 악기 배웠어?",
            "speaker": {
              "id": "1번",
              "sex": "여성",
              "age": "20대"
            },
            "speechAct": "(지시) 질문하기",
            "morpheme": "언니/NNG+어렸/VA+EP+을/ETM+때/NNG+바이올린/NNG+이나/JC+피아노/NNG+같/VA+은/ETM+악기/NNG+배웠/VV+EP+어/EF"
          },
          {
            "id": 2,
            "text": "2 : 아니",
            "norm_text": "아니",
            "speaker": {
              "id": "2번",
              "sex": "여성",
              "age": "20대"
            },
            "speechAct": "(단언) 주장하기",
            "morpheme": "아니/IC"
          },
          {
            "id": 3,
            "text": "2 : 나는 피아노 배웠어",
            "norm_text": "나는 피아노 배웠어",
            "speaker": {
              "id": "2번",
              "sex": "여성",
              "age": "20대"
            },
            "speechAct": "(단언) 진술하기",
            "morpheme": "나/NP+는/JX+피아노/NNG+배웠/VV+EP+어/EC"
          },
          {
            "id": 4,
            "text": "1 : 근데 어렸을 때는 왜 엄마들이 피아노 가르치게 할까?",
            "norm_text": "근데 어렸을 때는 왜 엄마들이 피아노 가르치게 할까?",
            "speaker": {
              "id": "1번",
              "sex": "여성",
              "age": "20대"
            },
            "speechAct": "(지시) 질문하기",
            "morpheme": "근데/MAJ+어렸/VA+EP+을/ETM+때/NNG+는/JX+왜/MAG+엄마/NNG+들/XSN+이/JKS+피아노/NNG+가르치/VV+게/EC+할까/VV+EF"
          },
          {
            "id": 5,
            "text": "2 : 피아노에 대한 로망인가?",
            "norm_text": "피아노에 대한 로망인가?",
            "speaker": {
              "id": "2번",
              "sex": "여성",
              "age": "20대"
            },
            "speechAct": "(지시) 질문하기",
            "morpheme": "피아노/NNG+에/JKB+대한/VV+ETM+로망/NNG+인가/VCP+EF"
          },
          {
            "id": 6,
            "text": "2 : 크니까 피아노 배우고 싶지 않아?",
            "norm_text": "크니까 피아노 배우고 싶지 않아?",
            "speaker": {
              "id": "2번",
              "sex": "여성",
              "age": "20대"
            },
            "speechAct": "(지시) 질문하기",
            "morpheme": "크/VA+니까/EC+피아노/NNG+배우/VV+고/EC+싶/VX+지/EC+않/VX+아/EF"
          },
          {
            "id": 7,
            "text": "1 : 키키 나는 어렸을 때부터 플롯 같은 거 배우고 싶었는데!",
            "norm_text": "키키 나는 어렸을 때부터 플롯 같은 거 배우고 싶었는데!",
            "speaker": {
              "id": "1번",
              "sex": "여성",
              "age": "20대"
            },
            "speechAct": "(단언) 주장하기",
            "morpheme": "키/NNG+키나/XSA+ETN+JX+는/JX+어렸/VA+EP+을/ETM+때/NNG+부터/JX+플롯/NNG+같/VA+은/ETM+거/NNB+배우/VV+고/EC+싶/VX+었/EP+는데/EF"
          },
          {
            "id": 8,
            "text": "2 : 난 발레 같은 거 근데 피아노만 다녔어 키키",
            "norm_text": "난 발레 같은 거 근데 피아노만 다녔어 키키",
            "speaker": {
              "id": "2번",
              "sex": "여성",
              "age": "20대"
            },
            "speechAct": "(단언) 주장하기",
            "morpheme": "난/NP+JX+발레/NNG+같/VA+은/ETM+거/NNB+근데/MAJ+피아노/NNG+만/JX+다녔/VV+EP+어/EC+키/NNG+키/XSV+ETN"
          },
          {
            "id": 9,
            "text": "1 : 키키 오 근데 논산에는 발레학원이 없었잖아!",
            "norm_text": "키키 오 근데 논산에는 발레학원이 없었잖아!",
            "speaker": {
              "id": "1번",
              "sex": "여성",
              "age": "20대"
            },
            "speechAct": "(단언) 진술하기",
            "morpheme": "키/NNG+키/XSV+ETN+오/NR+근데/MAJ+논산/NNP+에/JKB+는/JX+발레/NNG+학원/NNG+이/JKS+없/VA+었/EP+잖아/EF"
          },
          {
            "id": 10,
            "text": "2 : 맞아",
            "norm_text": "맞아",
            "speaker": {
              "id": "2번",
              "sex": "여성",
              "age": "20대"
            },
            "speechAct": "(단언) 주장하기",
            "morpheme": "맞/VV+아/EC"
          },
          {
            "id": 11,
            "text": "2 :  그땐 없었던 거 같아",
            "norm_text": "그땐 없었던 거 같아",
            "speaker": {
              "id": "2번",
              "sex": "여성",
              "age": "20대"
            },
            "speechAct": "(단언) 주장하기",
            "morpheme": "그/MM+땐/NNG+JX+없/VA+었/EP+던/ETM+거/NNB+같/VA+아/EC"
          },
          {
            "id": 12,
            "text": "1 : 키키 맞아",
            "norm_text": "키키 맞아",
            "speaker": {
              "id": "1번",
              "sex": "여성",
              "age": "20대"
            },
            "speechAct": "(단언) 주장하기",
            "morpheme": "키/NNG+키/XSV+ETN+맞/VV+아/EC"
          },
          {
            "id": 13,
            "text": "1 : 난 그래서 이가 없으면 잇몸으로 떼우라는 말이 있잖아",
            "norm_text": "난 그래서 이가 없으면 잇몸으로 떼우라는 말이 있잖아",
            "speaker": {
              "id": "1번",
              "sex": "여성",
              "age": "20대"
            },
            "speechAct": "(단언) 진술하기",
            "morpheme": "난/NP+JX+그래서/MAJ+이/NP+가/JKS+없/VA+으면/EC+잇몸/NNG+으로/JKB+떼우/VV+라는/ETM+말/NNG+이/JKS+있/VV+잖아/EC"
          },
          {
            "id": 14,
            "text": "1 : 대신에 단소 배웠어! 키키",
            "norm_text": "대신에 단소 배웠어! 키키",
            "speaker": {
              "id": "1번",
              "sex": "여성",
              "age": "20대"
            },
            "speechAct": "(단언) 진술하기",
            "morpheme": "대신/NNG+에/JKB+단소/NNG+배웠/VV+EP+어/EF+키/NNG+키/XSV+ETN"
          },
          {
            "id": 15,
            "text": "2 : 키키 그건 또 뭐야 키키 단소?",
            "norm_text": "키키 그건 또 뭐야 키키 단소?",
            "speaker": {
              "id": "2번",
              "sex": "여성",
              "age": "20대"
            },
            "speechAct": "(지시) 질문하기",
            "morpheme": "키/NNG+키/XSV+ETN+그건/NP+JX+또/MAG+뭐/IC+야키/NNP+키/NNG+단소/NNG"
          },
          {
            "id": 16,
            "text": "2 : 어디서?",
            "norm_text": "어디서?",
            "speaker": {
              "id": "2번",
              "sex": "여성",
              "age": "20대"
            },
            "speechAct": "(지시) 질문하기",
            "morpheme": "어디/NP+서/JKB"
          },
          {
            "id": 17,
            "text": "1 : 언니 단소 몰라?",
            "norm_text": "언니 단소 몰라?",
            "speaker": {
              "id": "1번",
              "sex": "여성",
              "age": "20대"
            },
            "speechAct": "(지시) 질문하기",
            "morpheme": "언니/NNG+단소/NNG+몰라/VV+EF"
          },
          {
            "id": 18,
            "text": "1 : 초딩 때 전통 악기 안 배웠어?",
            "norm_text": "초딩 때 전통 악기 안 배웠어?",
            "speaker": {
              "id": "1번",
              "sex": "여성",
              "age": "20대"
            },
            "speechAct": "(지시) 질문하기",
            "morpheme": "초딩/NNG+때/NNG+전통/NNG+악기/NNG+안/MAG+배웠/VV+EP+어/EF"
          },
          {
            "id": 19,
            "text": "2 : 아는데 단소 학원이 있다고? 대박 키키",
            "norm_text": "아는데 단소 학원이 있다고? 대박 키키",
            "speaker": {
              "id": "2번",
              "sex": "여성",
              "age": "20대"
            },
            "speechAct": "(지시) 질문하기",
            "morpheme": "아/VV+는데/EC+단소/NNG+학원/NNG+이/JKS+있/VV+다고/EC+?/SY+대박/NNG+키/NNG+키/XSV+ETN"
          },
          {
            "id": 20,
            "text": "1 : 아니 아니",
            "norm_text": "아니 아니",
            "speaker": {
              "id": "1번",
              "sex": "여성",
              "age": "20대"
            },
            "speechAct": "(단언) 주장하기",
            "morpheme": "아니/IC+아니/IC"
          },
          {
            "id": 21,
            "text": "1 : 학원 말고 그냥 학교에 선생님이 오셔서 가르쳐 주셨어!",
            "norm_text": "학원 말고 그냥 학교에 선생님이 오셔서 가르쳐 주셨어!",
            "speaker": {
              "id": "1번",
              "sex": "여성",
              "age": "20대"
            },
            "speechAct": "(단언) 진술하기",
            "morpheme": "학원/NNG+말/VV+고/EC+그냥/MAG+학교/NNG+에/JKB+선생/NNG+님/XSN+이/JKS+오/VV+셔서/EP+EC+가르쳐/VV+EC+주/VX+셨/EP+EP+어/EF"
          },
          {
            "id": 22,
            "text": "2 : 아아 특기 적성?",
            "norm_text": "아아 특기 적성?",
            "speaker": {
              "id": "2번",
              "sex": "여성",
              "age": "20대"
            },
            "speechAct": "(지시) 질문하기",
            "morpheme": "아아/IC+특기/NNG+적성/NNG"
          },
          {
            "id": 23,
            "text": "2 : 난 서예 배웠다",
            "norm_text": "난 서예 배웠다",
            "speaker": {
              "id": "2번",
              "sex": "여성",
              "age": "20대"
            },
            "speechAct": "(단언) 진술하기",
            "morpheme": "난/NP+JX+서예/NNG+배웠/VV+EP+다/EC"
          },
          {
            "id": 24,
            "text": "1 : 와 대박 키키 언니 지금 명필이겠네?",
            "norm_text": "와 대박 키키 언니 지금 명필이겠네?",
            "speaker": {
              "id": "1번",
              "sex": "여성",
              "age": "20대"
            },
            "speechAct": "(지시) 질문하기",
            "morpheme": "와대/NNG+박/NNP+키키/NNP+언니/NNG+지금/MAG+명필/NNG+이/VCP+겠/EP+네/EF"
          },
          {
            "id": 25,
            "text": "2 : 아니",
            "norm_text": "아니",
            "speaker": {
              "id": "2번",
              "sex": "여성",
              "age": "20대"
            },
            "speechAct": "(단언) 주장하기",
            "morpheme": "아니/IC"
          },
          {
            "id": 26,
            "text": "2 : 똥필이지 키키",
            "norm_text": "똥필이지 키키",
            "speaker": {
              "id": "2번",
              "sex": "여성",
              "age": "20대"
            },
            "speechAct": "(단언) 주장하기",
            "morpheme": "똥필이지키키/UNKNOWN"
          },
          {
            "id": 27,
            "text": "2 : 너무 졸리다",
            "norm_text": "너무 졸리다",
            "speaker": {
              "id": "2번",
              "sex": "여성",
              "age": "20대"
            },
            "speechAct": "(단언) 주장하기",
            "morpheme": "너무/MAG+졸리/VV+다/EC"
          }
        ]
      }
    }
  ]
}