{
  "dataset": {
    "identifier": 124828,
    "name": "FACEBOOK_123_12_set",
    "src_path": "/data/file/cubeManager/PROJECT001/84/txt20211105092819065786/FACEBOOK_123_12_set/",
    "label_path": "/data/file/cubeManager/PROJECT001/84/txt20211105092819065786/FACEBOOK_123_12_set/",
    "category": 2,
    "type": 0
  },
  "licenses": {
    "name": "Apache License 1.0",
    "url": "http://www.apache.org/licenses/LICENSE-1.0"
  },
  "info": [
    {
      "id": 138081,
      "filename": "FACEBOOK_123_12.txt",
      "title": "FACEBOOK_123_12",
      "mediatype": "SNS",
      "medianame": "페이스북",
      "category": "일상대화",
      "date": "2021-11-05",
      "size": 389,
      "annotations": {
        "subject": "여행",
        "speaker_type": "1:1",
        "size": 389,
        "word_size": 138,
        "text": "1 : 아 라멘 먹으러 일본 가고 싶다\n2 : 아 나도 라멘이랑 초밥\n1 : 이치란 라멘 먹어 봤어?\n1 : 존맛탱 ㅠㅠ\n2 : 진짜 초밥 너무 먹고 싶다 일본 가서 키키\n1 : 그리고 후쿠오카 온천도 가고 싶어 ㅠㅠ\n2 : 나 진짜 라멘 먹고 그 담날 또 라멘 먹고 키키\n1 : 나도 키키 후쿠오카만 5번 넘게 갔어\n2 : 카레 먹고 온천 가고 기억난다 키키\n1 : 여름에도 가고 겨울에도 가고 키키\n1 : 너무 좋아\n2 : 아 진짜 많이 갔네 부럽다 ㅠㅠ\n1 : 다음엔 벚꽃 보러 가보고 싶어\n2 : 진짜 나는 겨울에 가서 너무 추웠어 키키\n1 : 헐 맞아 ㅋㅋ 은근 일본도 춥더라고\n2 : 아 진짜 벚꽃 보러 가면 좋겠다 ㅠㅠ\n1 : 당연하지 일본 하면 사쿠라니깐 하하\n2 : 아 나도 언능 여자친구랑 벚꽃 구경하고 싶다",
        "lines": [
          {
            "id": 1,
            "text": "1 : 아 라멘 먹으러 일본 가고 싶다",
            "norm_text": "아 라멘 먹으러 일본 가고 싶다",
            "speaker": {
              "id": "1번",
              "sex": "여성",
              "age": "20대"
            },
            "speechAct": "(단언) 주장하기",
            "morpheme": "아/IC+라멘/NNG+먹/VV+으러/EC+일본/NNP+가/VV+고/EC+싶/VX+다/EC"
          },
          {
            "id": 2,
            "text": "2 : 아 나도 라멘이랑 초밥",
            "norm_text": "아 나도 라멘이랑 초밥",
            "speaker": {
              "id": "2번",
              "sex": "남성",
              "age": "20대"
            },
            "speechAct": "(단언) 주장하기",
            "morpheme": "아/IC+나/NP+도/JX+라멘/NNG+이랑/JKB+초밥/NNG"
          },
          {
            "id": 3,
            "text": "1 : 이치란 라멘 먹어 봤어?",
            "norm_text": "이치란 라멘 먹어 봤어?",
            "speaker": {
              "id": "1번",
              "sex": "여성",
              "age": "20대"
            },
            "speechAct": "(지시) 질문하기",
            "morpheme": "이치란/NNP+라멘/NNG+먹/VV+어/EC+봤/VX+EP+어/EF"
          },
          {
            "id": 4,
            "text": "1 : 존맛탱 ㅠㅠ",
            "norm_text": "존맛탱 ㅠㅠ",
            "speaker": {
              "id": "1번",
              "sex": "여성",
              "age": "20대"
            },
            "speechAct": "(단언) 주장하기",
            "morpheme": "존맛탱ㅠㅠ/UNKNOWN"
          },
          {
            "id": 5,
            "text": "2 : 진짜 초밥 너무 먹고 싶다 일본 가서 키키",
            "norm_text": "진짜 초밥 너무 먹고 싶다 일본 가서 키키",
            "speaker": {
              "id": "2번",
              "sex": "남성",
              "age": "20대"
            },
            "speechAct": "(단언) 주장하기",
            "morpheme": "진짜/MAG+초밥/NNG+너무/MAG+먹/VV+고/EC+싶/VX+다/EC+일본/NNP+가/VV+서/EC+키/NNG+키/XSV+ETN"
          },
          {
            "id": 6,
            "text": "1 : 그리고 후쿠오카 온천도 가고 싶어 ㅠㅠ",
            "norm_text": "그리고 후쿠오카 온천도 가고 싶어 ㅠㅠ",
            "speaker": {
              "id": "1번",
              "sex": "여성",
              "age": "20대"
            },
            "speechAct": "(단언) 주장하기",
            "morpheme": "그리고/MAJ+후쿠오카/NNP+온천/NNG+도/JX+가/VV+고/EC+싶/VX+어/EC+ㅠㅠ/UNKNOWN"
          },
          {
            "id": 7,
            "text": "2 : 나 진짜 라멘 먹고 그 담날 또 라멘 먹고 키키",
            "norm_text": "나 진짜 라멘 먹고 그 담날 또 라멘 먹고 키키",
            "speaker": {
              "id": "2번",
              "sex": "남성",
              "age": "20대"
            },
            "speechAct": "(단언) 주장하기",
            "morpheme": "나/NP+진짜/MAG+라멘/NNG+먹/VV+고/EC+그/MM+담날/NNG+또/MAG+라멘/NNG+먹/VV+고/EC+키/NNG+키/XSV+ETN"
          },
          {
            "id": 8,
            "text": "1 : 나도 키키 후쿠오카만 5번 넘게 갔어",
            "norm_text": "나도 키키 후쿠오카만 5번 넘게 갔어",
            "speaker": {
              "id": "1번",
              "sex": "여성",
              "age": "20대"
            },
            "speechAct": "(단언) 진술하기",
            "morpheme": "나/NP+도/JX+키키/NNP+후쿠오카/NNP+만/JX+5/SN+번/NNBC+넘/VV+게/EC+갔/VV+EP+어/EC"
          },
          {
            "id": 9,
            "text": "2 : 카레 먹고 온천 가고 기억난다 키키",
            "norm_text": "카레 먹고 온천 가고 기억난다 키키",
            "speaker": {
              "id": "2번",
              "sex": "남성",
              "age": "20대"
            },
            "speechAct": "(단언) 주장하기",
            "morpheme": "카레/NNG+먹/VV+고/EC+온천/NNG+가/VV+고/EC+기억/NNG+난/NP+JX+다키키/NNP"
          },
          {
            "id": 10,
            "text": "1 : 여름에도 가고 겨울에도 가고 키키",
            "norm_text": "여름에도 가고 겨울에도 가고 키키",
            "speaker": {
              "id": "1번",
              "sex": "여성",
              "age": "20대"
            },
            "speechAct": "(단언) 진술하기",
            "morpheme": "여름/NNG+에/JKB+도/JX+가/VV+고/EC+겨울/NNG+에/JKB+도/JX+가/VV+고/EC+키/NNG+키/XSV+ETN"
          },
          {
            "id": 11,
            "text": "1 : 너무 좋아",
            "norm_text": "너무 좋아",
            "speaker": {
              "id": "1번",
              "sex": "여성",
              "age": "20대"
            },
            "speechAct": "(단언) 주장하기",
            "morpheme": "너무/MAG+좋/VA+아/EC"
          },
          {
            "id": 12,
            "text": "2 : 아 진짜 많이 갔네 부럽다 ㅠㅠ",
            "norm_text": "아 진짜 많이 갔네 부럽다 ㅠㅠ",
            "speaker": {
              "id": "2번",
              "sex": "남성",
              "age": "20대"
            },
            "speechAct": "(단언) 주장하기",
            "morpheme": "아/IC+진짜/MAG+많이/MAG+갔/VV+EP+네/EF+부럽/VA+다/EF+ㅠㅠ/UNKNOWN"
          },
          {
            "id": 13,
            "text": "1 : 다음엔 벚꽃 보러 가보고 싶어",
            "norm_text": "다음엔 벚꽃 보러 가보고 싶어",
            "speaker": {
              "id": "1번",
              "sex": "여성",
              "age": "20대"
            },
            "speechAct": "(단언) 주장하기",
            "morpheme": "다음/NNG+엔/JKB+JX+벚꽃/NNG+보/VV+러/EC+가/JKS+보/VV+고/EC+싶/VX+어/EC"
          },
          {
            "id": 14,
            "text": "2 : 진짜 나는 겨울에 가서 너무 추웠어 키키",
            "norm_text": "진짜 나는 겨울에 가서 너무 추웠어 키키",
            "speaker": {
              "id": "2번",
              "sex": "남성",
              "age": "20대"
            },
            "speechAct": "(단언) 진술하기",
            "morpheme": "진짜/MAG+나/NP+는/JX+겨울/NNG+에/JKB+가/VV+서/EC+너무/MAG+추웠/VA+EP+어/EC+키/NNG+키/XSV+ETN"
          },
          {
            "id": 15,
            "text": "1 : 헐 맞아 ㅋㅋ 은근 일본도 춥더라고",
            "norm_text": "헐 맞아 ㅋㅋ 은근 일본도 춥더라고",
            "speaker": {
              "id": "1번",
              "sex": "여성",
              "age": "20대"
            },
            "speechAct": "(단언) 주장하기",
            "morpheme": "헐/VV+JKO+맞/VV+아/EC+ㅋㅋ/UNKNOWN+은근/NNG+일본/NNP+도/JX+춥/VA+더라고/EC"
          },
          {
            "id": 16,
            "text": "2 : 아 진짜 벚꽃 보러 가면 좋겠다 ㅠㅠ",
            "norm_text": "아 진짜 벚꽃 보러 가면 좋겠다 ㅠㅠ",
            "speaker": {
              "id": "2번",
              "sex": "남성",
              "age": "20대"
            },
            "speechAct": "(단언) 주장하기",
            "morpheme": "아/IC+진짜/MAG+벚꽃/NNG+보/VV+러/EC+가/VX+면/EC+좋/VA+겠/EP+다/EF+ㅠㅠ/UNKNOWN"
          },
          {
            "id": 17,
            "text": "1 : 당연하지 일본 하면 사쿠라니깐 하하",
            "norm_text": "당연하지 일본 하면 사쿠라니깐 하하",
            "speaker": {
              "id": "1번",
              "sex": "여성",
              "age": "20대"
            },
            "speechAct": "(단언) 주장하기",
            "morpheme": "당연/XR+하/XSA+지/EC+일본/NNP+하/VV+면/EC+사쿠라/NNG+니깐/VCP+EC+하하/MAG"
          },
          {
            "id": 18,
            "text": "2 : 아 나도 언능 여자친구랑 벚꽃 구경하고 싶다",
            "norm_text": "아 나도 언능 여자친구랑 벚꽃 구경하고 싶다",
            "speaker": {
              "id": "2번",
              "sex": "남성",
              "age": "20대"
            },
            "speechAct": "(단언) 주장하기",
            "morpheme": "아/IC+나/NP+도/JX+언능/MAG+여자/NNG+친구/NNG+랑/JKB+벚꽃/NNG+구경/NNG+하/XSV+고/EC+싶/VX+다/EC"
          }
        ]
      }
    }
  ]
}