{
  "dataset": {
    "identifier": 112625,
    "name": "FACEBOOK_112_09_set",
    "src_path": "/data/file/cubeManager/PROJECT001/80/txt202111031542370296104/FACEBOOK_112_09_set/",
    "label_path": "/data/file/cubeManager/PROJECT001/80/txt202111031542370296104/FACEBOOK_112_09_set/",
    "category": 2,
    "type": 0
  },
  "licenses": {
    "name": "Apache License 1.0",
    "url": "http://www.apache.org/licenses/LICENSE-1.0"
  },
  "info": [
    {
      "id": 135344,
      "filename": "FACEBOOK_112_09.txt",
      "title": "FACEBOOK_112_09",
      "mediatype": "SNS",
      "medianame": "페이스북",
      "category": "일상대화",
      "date": "2021-11-03",
      "size": 428,
      "annotations": {
        "subject": "반려동물",
        "speaker_type": "1:1",
        "size": 428,
        "word_size": 141,
        "text": "1 : 아까부터 삑삑대든 소리는 혹시 진이 소리?\n2 : 삑삑?\n2 : 그건 모르겠는데 지금 소리나?\n1 : 아니 지금은 안 나 진이 놀고 있는 거 아니야?\n2 : 키키 맞아 지금 진이 인형이랑 놀고있어\n1 : 키키 언니도 진이 노즈워크 해줬었어?\n2 : 해줬었는데 별 효과가 없어서 버림\n1 : 아 진짜?\n1 : 내 친구네 강아지는 그거 때문에 미쳐 키키\n2 : 키키 거기에 간식 꽂아주는 거 말하는 거지?\n1 : 맞아!\n1 : 내 친구는 다이소 행주로 만들어 줬어!\n2 : 난 어렸을 때 해줬었는데 지금은 없어\n1 : 진이 간식을 별로 안 좋아하나?\n2 : 진이 눈물이 자국이 심했어서 잘 안주지\n1 : 그렇구나 그러면 그냥 개껌만 주겠다 ㅜ\n2 : 맞아 개껌만 주려고 하고있어 ㅜㅜ\n1 : ㅜㅜ 맴찢 내 남친네 강아지도 눈물자국 심해서 껌만 줘 ㅜ\n2 : 맞아 눈물 자국 심하면 스트레스 받아",
        "lines": [
          {
            "id": 1,
            "text": "1 : 아까부터 삑삑대든 소리는 혹시 진이 소리?",
            "norm_text": "아까부터 삑삑대든 소리는 혹시 진이 소리?",
            "speaker": {
              "id": "1번",
              "sex": "여성",
              "age": "20대"
            },
            "speechAct": "(지시) 질문하기",
            "morpheme": "아까/NNG+부터/JX+삑삑/MAG+대든/VV+ETM+소리/NNG+는/JX+혹시/MAG+진이/XSV+EC+JX+JKS+소리/NNG"
          },
          {
            "id": 2,
            "text": "2 : 삑삑?",
            "norm_text": "삑삑?",
            "speaker": {
              "id": "2번",
              "sex": "여성",
              "age": "20대"
            },
            "speechAct": "(지시) 질문하기",
            "morpheme": "삑삑/MAG"
          },
          {
            "id": 3,
            "text": "2 : 그건 모르겠는데 지금 소리나?",
            "norm_text": "그건 모르겠는데 지금 소리나?",
            "speaker": {
              "id": "2번",
              "sex": "여성",
              "age": "20대"
            },
            "speechAct": "(지시) 질문하기",
            "morpheme": "그건/NP+JX+모르/VV+겠/EP+는데/EC+지금/MAG+소리/NNG+나/JC"
          },
          {
            "id": 4,
            "text": "1 : 아니 지금은 안 나 진이 놀고 있는 거 아니야?",
            "norm_text": "아니 지금은 안 나 진이 놀고 있는 거 아니야?",
            "speaker": {
              "id": "1번",
              "sex": "여성",
              "age": "20대"
            },
            "speechAct": "(지시) 질문하기",
            "morpheme": "아니/IC+지금/MAG+은/JX+안/MAG+나진/NNG+이/JKS+놀/VV+고/EC+있/VX+는/ETM+거/NNB+아니/VCN+야/EF"
          },
          {
            "id": 5,
            "text": "2 : 키키 맞아 지금 진이 인형이랑 놀고있어",
            "norm_text": "키키 맞아 지금 진이 인형이랑 놀고있어",
            "speaker": {
              "id": "2번",
              "sex": "여성",
              "age": "20대"
            },
            "speechAct": "(단언) 주장하기",
            "morpheme": "키/NNG+키/XSV+ETN+맞/VV+아/EC+지금/NNG+진이/XSV+EC+JX+JKS+인형/NNG+이랑/JKB+놀/VV+고/EC+있/VX+어/EC"
          },
          {
            "id": 6,
            "text": "1 : 키키 언니도 진이 노즈워크 해줬었어?",
            "norm_text": "키키 언니도 진이 노즈워크 해줬었어?",
            "speaker": {
              "id": "1번",
              "sex": "여성",
              "age": "20대"
            },
            "speechAct": "(지시) 질문하기",
            "morpheme": "키/NNG+키/NNG+언니/NNG+도진/NNG+이/JKS+노즈/NNP+워크/NNG+해/XSV+EC+줬었/VX+EP+어/EF"
          },
          {
            "id": 7,
            "text": "2 : 해줬었는데 별 효과가 없어서 버림",
            "norm_text": "해줬었는데 별 효과가 없어서 버림",
            "speaker": {
              "id": "2번",
              "sex": "여성",
              "age": "20대"
            },
            "speechAct": "(단언) 주장하기",
            "morpheme": "해/VV+EC+줬었/VX+EP+는데/EC+별/MM+효과/NNG+가/JKS+없/VA+어서/EC+버림/VX+ETN"
          },
          {
            "id": 8,
            "text": "1 : 아 진짜?",
            "norm_text": "아 진짜?",
            "speaker": {
              "id": "1번",
              "sex": "여성",
              "age": "20대"
            },
            "speechAct": "(지시) 질문하기",
            "morpheme": "아/IC+진짜/MAG"
          },
          {
            "id": 9,
            "text": "1 : 내 친구네 강아지는 그거 때문에 미쳐 키키",
            "norm_text": "내 친구네 강아지는 그거 때문에 미쳐 키키",
            "speaker": {
              "id": "1번",
              "sex": "여성",
              "age": "20대"
            },
            "speechAct": "(단언) 주장하기",
            "morpheme": "내/NP+JKG+친구/NNG+네/XSN+강아지/NNG+는/JX+그거/NP+때문/NNB+에/JKB+미쳐/VV+EC+키/NNG+키/XSV+ETN"
          },
          {
            "id": 10,
            "text": "2 : 키키 거기에 간식 꽂아주는 거 말하는 거지?",
            "norm_text": "키키 거기에 간식 꽂아주는 거 말하는 거지?",
            "speaker": {
              "id": "2번",
              "sex": "여성",
              "age": "20대"
            },
            "speechAct": "(지시) 질문하기",
            "morpheme": "키/NNG+키/XSV+ETN+거기/NP+에/JKB+간식/NNG+꽂/VV+아/EC+주/VX+는/ETM+거/NNB+말/NNG+하/XSV+는/ETM+거/NNB+지/VCP+EF"
          },
          {
            "id": 11,
            "text": "1 : 맞아!",
            "norm_text": "맞아!",
            "speaker": {
              "id": "1번",
              "sex": "여성",
              "age": "20대"
            },
            "speechAct": "(단언) 주장하기",
            "morpheme": "맞/VV+아/EF"
          },
          {
            "id": 12,
            "text": "1 : 내 친구는 다이소 행주로 만들어 줬어!",
            "norm_text": "내 친구는 다이소 행주로 만들어 줬어!",
            "speaker": {
              "id": "1번",
              "sex": "여성",
              "age": "20대"
            },
            "speechAct": "(단언) 주장하기",
            "morpheme": "내/NP+JKG+친구/NNG+는/JX+다이소/NNP+행주/NNG+로/JKB+만들/VV+어/EC+줬/VX+EP+어/EF"
          },
          {
            "id": 13,
            "text": "2 : 난 어렸을 때 해줬었는데 지금은 없어",
            "norm_text": "난 어렸을 때 해줬었는데 지금은 없어",
            "speaker": {
              "id": "2번",
              "sex": "여성",
              "age": "20대"
            },
            "speechAct": "(단언) 주장하기",
            "morpheme": "난/NP+JX+어렸/VA+EP+을/ETM+때/NNG+해/XSV+EC+줬었/VX+EP+는데/EC+지금/MAG+은/JX+없/VA+어/EC"
          },
          {
            "id": 14,
            "text": "1 : 진이 간식을 별로 안 좋아하나?",
            "norm_text": "진이 간식을 별로 안 좋아하나?",
            "speaker": {
              "id": "1번",
              "sex": "여성",
              "age": "20대"
            },
            "speechAct": "(지시) 질문하기",
            "morpheme": "진이/NNG+간식/NNG+을/JKO+별로/MAG+안/MAG+좋/VA+아/EC+하나/NR"
          },
          {
            "id": 15,
            "text": "2 : 진이 눈물이 자국이 심했어서 잘 안주지",
            "norm_text": "진이 눈물이 자국이 심했어서 잘 안주지",
            "speaker": {
              "id": "2번",
              "sex": "여성",
              "age": "20대"
            },
            "speechAct": "(단언) 주장하기",
            "morpheme": "진이/NNG+눈물/NNG+이/JKS+자국/NNG+이/JKS+심했/VA+EP+어서/EC+잘/MAG+안/MAG+주/VV+지/EC"
          },
          {
            "id": 16,
            "text": "1 : 그렇구나 그러면 그냥 개껌만 주겠다 ㅜ",
            "norm_text": "그렇구나 그러면 그냥 개껌만 주겠다 ㅜ",
            "speaker": {
              "id": "1번",
              "sex": "여성",
              "age": "20대"
            },
            "speechAct": "(단언) 주장하기",
            "morpheme": "그렇/VA+구나/EF+그러면/MAJ+그냥/MAG+개/NNG+껌/NNG+만/JX+주/VX+겠/EP+다ㅜ/UNKNOWN"
          },
          {
            "id": 17,
            "text": "2 : 맞아 개껌만 주려고 하고있어 ㅜㅜ",
            "norm_text": "맞아 개껌만 주려고 하고있어 ㅜㅜ",
            "speaker": {
              "id": "2번",
              "sex": "여성",
              "age": "20대"
            },
            "speechAct": "(단언) 주장하기",
            "morpheme": "맞/VV+아/EC+개/NNG+껌/NNG+만/JX+주/VX+려고/EC+하/VV+고/EC+있/VX+어/EC+ㅜㅜ/UNKNOWN"
          },
          {
            "id": 18,
            "text": "1 : ㅜㅜ 맴찢 내 남친네 강아지도 눈물자국 심해서 껌만 줘 ㅜ",
            "norm_text": "ㅜㅜ 맴찢 내 남친네 강아지도 눈물자국 심해서 껌만 줘 ㅜ",
            "speaker": {
              "id": "1번",
              "sex": "여성",
              "age": "20대"
            },
            "speechAct": "(단언) 주장하기",
            "morpheme": "ㅜㅜ/UNKNOWN+맴/MAG+찢/MAG+내/NP+JKG+남친/NNG+네/XSN+강아지/NNG+도/JX+눈물/NNG+자국/NNG+심해서/VA+EC+껌/NNG+만/JX+줘ㅜ/UNKNOWN"
          },
          {
            "id": 19,
            "text": "2 : 맞아 눈물 자국 심하면 스트레스 받아",
            "norm_text": "맞아 눈물 자국 심하면 스트레스 받아",
            "speaker": {
              "id": "2번",
              "sex": "여성",
              "age": "20대"
            },
            "speechAct": "(단언) 주장하기",
            "morpheme": "맞/VV+아/EC+눈물/NNG+자국/NNG+심하/VA+면/EC+스트레스/NNG+받/VV+아/EC"
          }
        ]
      }
    }
  ]
}