{
  "dataset": {
    "identifier": 118164,
    "name": "FACEBOOK_110_04_set",
    "src_path": "/data/file/cubeManager/PROJECT001/80/txt20211102153319029967/FACEBOOK_110_04_set/",
    "label_path": "/data/file/cubeManager/PROJECT001/80/txt20211102153319029967/FACEBOOK_110_04_set/",
    "category": 2,
    "type": 0
  },
  "licenses": {
    "name": "Apache License 1.0",
    "url": "http://www.apache.org/licenses/LICENSE-1.0"
  },
  "info": [
    {
      "id": 130008,
      "filename": "FACEBOOK_110_04.txt",
      "title": "FACEBOOK_110_04",
      "mediatype": "SNS",
      "medianame": "페이스북",
      "category": "일상대화",
      "date": "2021-11-02",
      "size": 390,
      "annotations": {
        "subject": "회사/아르바이트",
        "speaker_type": "1:1",
        "size": 390,
        "word_size": 132,
        "text": "1 : 언니 알바 제일 오래했던 곳이 어디야?\n2 : 나는 알바 음 예전 고깃집?\n1 : 고기집!? 거기 손님은 많았어?\n2 : 웅 엄청 많았어 진짜 바빳어ㅡㅡ\n1 : 키키 와 거기는 사장님은 웃고 알바생은 울고 ㅜㅜ\n2 : 맞아 지금 때 돈 벌고 있을 거야\n1 : 아 진짜? 고기 팔아서 건물 올리셨대!?\n2 : 키키 글쎄 물어보고 싶은데 안 간지 꽤 됐다\n1 : 키키 그렇구나\n1 : 나는 호프집 거의 3년 알바 했었어!\n2 : 헐 호프집? 언제 어디서?\n1 : 나 21살 때부터 24살까지!\n2 : 그럼 밤 낮 바뀌지 않나?\n1 : 음,  늦게 집에 가도 2시라서 그렇게 바뀌지는 않았어!\n2 : 키키 어디서 했어\n2 : 재밌었어?\n1 : 나는 연무대 꼬치집에서 했었어!\n2 : 키키 알바 할 때가 좋지 그치?\n2 : 그립다",
        "lines": [
          {
            "id": 1,
            "text": "1 : 언니 알바 제일 오래했던 곳이 어디야?",
            "norm_text": "언니 알바 제일 오래했던 곳이 어디야?",
            "speaker": {
              "id": "1번",
              "sex": "여성",
              "age": "20대"
            },
            "speechAct": "(지시) 질문하기",
            "morpheme": "언니/NNG+알/VV+ETM+바/NNB+제일/MAG+오래/MAG+했/VV+EP+던/ETM+곳/NNG+이/JKS+어디/NP+야/VCP+EF"
          },
          {
            "id": 2,
            "text": "2 : 나는 알바 음 예전 고깃집?",
            "norm_text": "나는 알바 음 예전 고깃집?",
            "speaker": {
              "id": "2번",
              "sex": "여성",
              "age": "20대"
            },
            "speechAct": "(단언) 진술하기",
            "morpheme": "나/NP+는/JX+알/VV+ETM+바/NNB+음/IC+예전/NNG+고깃집/NNG"
          },
          {
            "id": 3,
            "text": "1 : 고기집!? 거기 손님은 많았어?",
            "norm_text": "고기집!? 거기 손님은 많았어?",
            "speaker": {
              "id": "1번",
              "sex": "여성",
              "age": "20대"
            },
            "speechAct": "(지시) 질문하기",
            "morpheme": "고기/NNG+집/NNG+!/SY+거기/NP+손/NNG+님/XSN+은/JX+많/VA+았/EP+어/EF"
          },
          {
            "id": 4,
            "text": "2 : 웅 엄청 많았어 진짜 바빳어ㅡㅡ",
            "norm_text": "웅 엄청 많았어 진짜 바빳어ㅡㅡ",
            "speaker": {
              "id": "2번",
              "sex": "여성",
              "age": "20대"
            },
            "speechAct": "(단언) 진술하기",
            "morpheme": "웅/IC+엄청/MAG+많/VA+았/EP+어/EF+진짜/MAG+바빳/UNKNOWN+어/EC+ㅡㅡ/UNKNOWN"
          },
          {
            "id": 5,
            "text": "1 : 키키 와 거기는 사장님은 웃고 알바생은 울고 ㅜㅜ",
            "norm_text": "키키 와 거기는 사장님은 웃고 알바생은 울고 ㅜㅜ",
            "speaker": {
              "id": "1번",
              "sex": "여성",
              "age": "20대"
            },
            "speechAct": "(단언) 주장하기",
            "morpheme": "키/NNG+키/XSV+ETN+와/JC+거기/NP+는/JX+사장/NNG+님/XSN+은/JX+웃/VV+고/EC+알/VV+ETM+바/NNB+생/XSN+은/JX+울/VV+고/EC+ㅜㅜ/UNKNOWN"
          },
          {
            "id": 6,
            "text": "2 : 맞아 지금 때 돈 벌고 있을 거야",
            "norm_text": "맞아 지금 때 돈 벌고 있을 거야",
            "speaker": {
              "id": "2번",
              "sex": "여성",
              "age": "20대"
            },
            "speechAct": "(단언) 주장하기",
            "morpheme": "맞아/IC+지금/MAG+때/NNG+돈/NNG+벌/VV+고/EC+있/VX+을/ETM+거/NNB+야/VCP+EF"
          },
          {
            "id": 7,
            "text": "1 : 아 진짜? 고기 팔아서 건물 올리셨대!?",
            "norm_text": "아 진짜? 고기 팔아서 건물 올리셨대!?",
            "speaker": {
              "id": "1번",
              "sex": "여성",
              "age": "20대"
            },
            "speechAct": "(지시) 질문하기",
            "morpheme": "아/IC+진짜/MAG+고기/NNG+팔/VV+아서/EC+건물/NNG+올리/VV+셨/EP+EP+대/EF+!/SY"
          },
          {
            "id": 8,
            "text": "2 : 키키 글쎄 물어보고 싶은데 안 간지 꽤 됐다",
            "norm_text": "키키 글쎄 물어보고 싶은데 안 간지 꽤 됐다",
            "speaker": {
              "id": "2번",
              "sex": "여성",
              "age": "20대"
            },
            "speechAct": "(단언) 진술하기",
            "morpheme": "키/NNG+키/XSV+ETN+글쎄/IC+물/VV+어/EC+보/VX+고/EC+싶/VX+은데/EC+안/MAG+간지/VV+EC+꽤/MAG+됐/VV+EP+다/EC"
          },
          {
            "id": 9,
            "text": "1 : 키키 그렇구나",
            "norm_text": "키키 그렇구나",
            "speaker": {
              "id": "1번",
              "sex": "여성",
              "age": "20대"
            },
            "speechAct": "(단언) 주장하기",
            "morpheme": "키/NNG+키/XSV+ETN+그렇/VA+구나/EC"
          },
          {
            "id": 10,
            "text": "1 : 나는 호프집 거의 3년 알바 했었어!",
            "norm_text": "나는 호프집 거의 3년 알바 했었어!",
            "speaker": {
              "id": "1번",
              "sex": "여성",
              "age": "20대"
            },
            "speechAct": "(단언) 진술하기",
            "morpheme": "나/NP+는/JX+호프집/NNG+거의/MAG+3/SN+년/NNBC+알/VV+ETM+바/NNB+했었/VV+EP+어/EF"
          },
          {
            "id": 11,
            "text": "2 : 헐 호프집? 언제 어디서?",
            "norm_text": "헐 호프집? 언제 어디서?",
            "speaker": {
              "id": "2번",
              "sex": "여성",
              "age": "20대"
            },
            "speechAct": "(지시) 질문하기",
            "morpheme": "헐/IC+호프집/NNG+언제/MAG+어디/NP+서/JKB"
          },
          {
            "id": 12,
            "text": "1 : 나 21살 때부터 24살까지!",
            "norm_text": "나 21살 때부터 24살까지!",
            "speaker": {
              "id": "1번",
              "sex": "여성",
              "age": "20대"
            },
            "speechAct": "(단언) 진술하기",
            "morpheme": "나/NP+21/SN+살/NNBC+때/NNG+부터/JX+24/SN+살/NNBC+까지/JX"
          },
          {
            "id": 13,
            "text": "2 : 그럼 밤 낮 바뀌지 않나?",
            "norm_text": "그럼 밤 낮 바뀌지 않나?",
            "speaker": {
              "id": "2번",
              "sex": "여성",
              "age": "20대"
            },
            "speechAct": "(지시) 질문하기",
            "morpheme": "그럼/MAJ+밤낮/MAG+바뀌/VV+지/EC+않/VX+나/EF"
          },
          {
            "id": 14,
            "text": "1 : 음,  늦게 집에 가도 2시라서 그렇게 바뀌지는 않았어!",
            "norm_text": "음,  늦게 집에 가도 2시라서 그렇게 바뀌지는 않았어!",
            "speaker": {
              "id": "1번",
              "sex": "여성",
              "age": "20대"
            },
            "speechAct": "(단언) 진술하기",
            "morpheme": "음/IC+,/SC+늦/VA+게/EC+집/NNG+에/JKB+가/VV+도/EC+2/SN+시/NNBC+라서/VCP+EC+그렇게/MAG+바뀌/VV+지/EC+는/JX+않/VX+았/EP+어/EF"
          },
          {
            "id": 15,
            "text": "2 : 키키 어디서 했어",
            "norm_text": "키키 어디서 했어",
            "speaker": {
              "id": "2번",
              "sex": "여성",
              "age": "20대"
            },
            "speechAct": "(지시) 질문하기",
            "morpheme": "키/NNG+키/XSV+ETN+어디/NP+서/JKB+했/VV+EP+어/EC"
          },
          {
            "id": 16,
            "text": "2 : 재밌었어?",
            "norm_text": "재밌었어?",
            "speaker": {
              "id": "2번",
              "sex": "여성",
              "age": "20대"
            },
            "speechAct": "(지시) 질문하기",
            "morpheme": "재밌/VA+었/EP+어/EF"
          },
          {
            "id": 17,
            "text": "1 : 나는 연무대 꼬치집에서 했었어!",
            "norm_text": "나는 연무대 꼬치집에서 했었어!",
            "speaker": {
              "id": "1번",
              "sex": "여성",
              "age": "20대"
            },
            "speechAct": "(단언) 진술하기",
            "morpheme": "나/NP+는/JX+연무대/NNG+꼬치/NNG+집/NNG+에서/JKB+했었/VV+EP+어/EF"
          },
          {
            "id": 18,
            "text": "2 : 키키 알바 할 때가 좋지 그치?",
            "norm_text": "키키 알바 할 때가 좋지 그치?",
            "speaker": {
              "id": "2번",
              "sex": "여성",
              "age": "20대"
            },
            "speechAct": "(단언) 주장하기",
            "morpheme": "키/NNG+키/XSV+ETN+알/VV+ETM+바/NNB+할/VV+ETM+때/NNG+가/JKS+좋/VA+지/EF+그치/IC"
          },
          {
            "id": 19,
            "text": "2 : 그립다",
            "norm_text": "그립다",
            "speaker": {
              "id": "2번",
              "sex": "여성",
              "age": "20대"
            },
            "speechAct": "(단언) 주장하기",
            "morpheme": "그립/VA+다/EC"
          }
        ]
      }
    }
  ]
}