{
  "dataset": {
    "identifier": 118198,
    "name": "FACEBOOK_117_08_set",
    "src_path": "/data/file/cubeManager/PROJECT001/80/txt20211102103331035226/FACEBOOK_117_08_set/",
    "label_path": "/data/file/cubeManager/PROJECT001/80/txt20211102103331035226/FACEBOOK_117_08_set/",
    "category": 2,
    "type": 0
  },
  "licenses": {
    "name": "Apache License 1.0",
    "url": "http://www.apache.org/licenses/LICENSE-1.0"
  },
  "info": [
    {
      "id": 129651,
      "filename": "FACEBOOK_117_08.txt",
      "title": "FACEBOOK_117_08",
      "mediatype": "SNS",
      "medianame": "페이스북",
      "category": "일상대화",
      "date": "2021-11-02",
      "size": 413,
      "annotations": {
        "subject": "연애/결혼",
        "speaker_type": "1:1",
        "size": 413,
        "word_size": 145,
        "text": "1 : 근데 결혼은 어떻게 하는 걸까?\n1 : 왜 하는 걸까?\n2 : 맞아 나도 궁금해\n2 : 근데 결혼할 수 있을까?\n1 : 음, 우리는 결혼식 못하면 비혼식이라도 하자!\n2 : 난 결혼식 하고 싶다고ㅜㅜ 정말\n1 : 키키 할 수 있어~\n1 : 걱정하지 마~\n2 : 내 짝은 어딨을까 너 언제 하게\n1 : 키키 나는 일단 할 수 있으면 최대한 빨리 하고 싶긴 하지~\n2 : 이러다 너 내년에 청첩장 오는 거 아님?\n1 : 노누노우~ 둘이 가진 게 너무 없어~\n2 : 그러다 다른 사람이랑 할 수도\n1 : 키키 오 다른 사람들도 항상 그 얘기해 키키\n2 : 키키 맞아 짝은 어딨는지 몰라 ~\n1 : 키키 언니 짝은 알고 보면 외국인일 수도 있어!\n2 : 외국인 만나 보고 싶긴 해 궁금\n1 : 키키 어느 나라 외국인 만나 보고 싶어?\n2 : 나는 흑인만 빼고 키키 무서워",
        "lines": [
          {
            "id": 1,
            "text": "1 : 근데 결혼은 어떻게 하는 걸까?",
            "norm_text": "근데 결혼은 어떻게 하는 걸까?",
            "speaker": {
              "id": "1번",
              "sex": "여성",
              "age": "20대"
            },
            "speechAct": "(지시) 질문하기",
            "morpheme": "근데/MAJ+결혼/NNG+은/JX+어떻게/MAG+하/VV+는/ETM+걸까/NNB+VCP+EF"
          },
          {
            "id": 2,
            "text": "1 : 왜 하는 걸까?",
            "norm_text": "왜 하는 걸까?",
            "speaker": {
              "id": "1번",
              "sex": "여성",
              "age": "20대"
            },
            "speechAct": "(지시) 질문하기",
            "morpheme": "왜/MAG+하/VV+는/ETM+걸까/NNB+VCP+EF"
          },
          {
            "id": 3,
            "text": "2 : 맞아 나도 궁금해",
            "norm_text": "맞아 나도 궁금해",
            "speaker": {
              "id": "2번",
              "sex": "여성",
              "age": "20대"
            },
            "speechAct": "(단언) 주장하기",
            "morpheme": "맞/VV+아/EC+나/NP+도/JX+궁금/XR+해/XSA+EC"
          },
          {
            "id": 4,
            "text": "2 : 근데 결혼할 수 있을까?",
            "norm_text": "근데 결혼할 수 있을까?",
            "speaker": {
              "id": "2번",
              "sex": "여성",
              "age": "20대"
            },
            "speechAct": "(단언) 주장하기",
            "morpheme": "근데/MAJ+결혼/NNG+할/XSV+ETM+수/NNB+있/VV+을까/EF"
          },
          {
            "id": 5,
            "text": "1 : 음, 우리는 결혼식 못하면 비혼식이라도 하자!",
            "norm_text": "음, 우리는 결혼식 못하면 비혼식이라도 하자!",
            "speaker": {
              "id": "1번",
              "sex": "여성",
              "age": "20대"
            },
            "speechAct": "(지시) 충고/제안하기",
            "morpheme": "음/IC+,/SC+우리/NP+는/JX+결혼식/NNG+못/MAG+하/VV+면/EC+비/XPN+혼식/NNG+이/VCP+라도/EC+하/VX+자/EF"
          },
          {
            "id": 6,
            "text": "2 : 난 결혼식 하고 싶다고ㅜㅜ 정말",
            "norm_text": "난 결혼식 하고 싶다고ㅜㅜ 정말",
            "speaker": {
              "id": "2번",
              "sex": "여성",
              "age": "20대"
            },
            "speechAct": "(단언) 주장하기",
            "morpheme": "난/NP+JX+결혼식/NNG+하/XSV+고/EC+싶/VX+다고/EC+ㅜㅜ/UNKNOWN+정말/MAG"
          },
          {
            "id": 7,
            "text": "1 : 키키 할 수 있어~",
            "norm_text": "키키 할 수 있어~",
            "speaker": {
              "id": "1번",
              "sex": "여성",
              "age": "20대"
            },
            "speechAct": "(단언) 주장하기",
            "morpheme": "키/NNG+키/NNG+할/XSV+ETM+수/NNB+있/VV+어/EC+~/SY"
          },
          {
            "id": 8,
            "text": "1 : 걱정하지 마~",
            "norm_text": "걱정하지 마~",
            "speaker": {
              "id": "1번",
              "sex": "여성",
              "age": "20대"
            },
            "speechAct": "(지시) 충고/제안하기",
            "morpheme": "걱정하지마/NNP+~/SY"
          },
          {
            "id": 9,
            "text": "2 : 내 짝은 어딨을까 너 언제 하게",
            "norm_text": "내 짝은 어딨을까 너 언제 하게",
            "speaker": {
              "id": "2번",
              "sex": "여성",
              "age": "20대"
            },
            "speechAct": "(지시) 질문하기",
            "morpheme": "내/NP+JKG+짝/NNG+은/JX+어딨/VA+을까/EF+너/NP+언제/MAG+하/VV+게/EC"
          },
          {
            "id": 10,
            "text": "1 : 키키 나는 일단 할 수 있으면 최대한 빨리 하고 싶긴 하지~",
            "norm_text": "키키 나는 일단 할 수 있으면 최대한 빨리 하고 싶긴 하지~",
            "speaker": {
              "id": "1번",
              "sex": "여성",
              "age": "20대"
            },
            "speechAct": "(단언) 주장하기",
            "morpheme": "키/NNG+키나/XSA+ETN+JX+는/JX+일단/MAG+할/VV+ETM+수/NNB+있/VV+으면/EC+최대한/MAG+빨리/MAG+하/VV+고/EC+싶/VX+긴/ETN+JX+하/VX+지/EC+~/SY"
          },
          {
            "id": 11,
            "text": "2 : 이러다 너 내년에 청첩장 오는 거 아님?",
            "norm_text": "이러다 너 내년에 청첩장 오는 거 아님?",
            "speaker": {
              "id": "2번",
              "sex": "여성",
              "age": "20대"
            },
            "speechAct": "(단언) 주장하기",
            "morpheme": "이러다/MAJ+너/NP+내년/NNG+에/JKB+청첩장/NNG+오/VV+는/ETM+거/NNB+아님/VCN+ETN"
          },
          {
            "id": 12,
            "text": "1 : 노누노우~ 둘이 가진 게 너무 없어~",
            "norm_text": "노누노우~ 둘이 가진 게 너무 없어~",
            "speaker": {
              "id": "1번",
              "sex": "여성",
              "age": "20대"
            },
            "speechAct": "(단언) 주장하기",
            "morpheme": "노/VV+누/EC+노우/NNG+~/SY+둘/NR+이/NR+가진/NNBC+VCP+ETM+게/NNB+JKS+너무/MAG+없/VA+어/EC+~/SY"
          },
          {
            "id": 13,
            "text": "2 : 그러다 다른 사람이랑 할 수도",
            "norm_text": "그러다 다른 사람이랑 할 수도",
            "speaker": {
              "id": "2번",
              "sex": "여성",
              "age": "20대"
            },
            "speechAct": "(단언) 주장하기",
            "morpheme": "그러다/MAJ+다른/MM+사람/NNG+이랑/JKB+할/VV+ETM+수/NNB+도/JX"
          },
          {
            "id": 14,
            "text": "1 : 키키 오 다른 사람들도 항상 그 얘기해 키키",
            "norm_text": "키키 오 다른 사람들도 항상 그 얘기해 키키",
            "speaker": {
              "id": "1번",
              "sex": "여성",
              "age": "20대"
            },
            "speechAct": "(단언) 주장하기",
            "morpheme": "키/NNG+키/VV+오/EC+다른/MM+사람/NNG+들/XSN+도/JX+항상/MAG+그/MM+얘기/NNG+해/XSV+EC+키/NNG+키/XSV+ETN"
          },
          {
            "id": 15,
            "text": "2 : 키키 맞아 짝은 어딨는지 몰라 ~",
            "norm_text": "키키 맞아 짝은 어딨는지 몰라 ~",
            "speaker": {
              "id": "2번",
              "sex": "여성",
              "age": "20대"
            },
            "speechAct": "(단언) 주장하기",
            "morpheme": "키/NNG+키/XSV+ETN+맞/VV+아/EC+짝/NNG+은/JX+어딨/VA+는지/EC+몰라/VV+EC+~/SY"
          },
          {
            "id": 16,
            "text": "1 : 키키 언니 짝은 알고 보면 외국인일 수도 있어!",
            "norm_text": "키키 언니 짝은 알고 보면 외국인일 수도 있어!",
            "speaker": {
              "id": "1번",
              "sex": "여성",
              "age": "20대"
            },
            "speechAct": "(단언) 주장하기",
            "morpheme": "키/NNG+키/NNG+언니/NNG+짝/NNG+은/JX+알/VV+고/EC+보/VX+면/EC+외국인/NNG+일/VCP+ETM+수/NNB+도/JX+있/VA+어/EF"
          },
          {
            "id": 17,
            "text": "2 : 외국인 만나 보고 싶긴 해 궁금",
            "norm_text": "외국인 만나 보고 싶긴 해 궁금",
            "speaker": {
              "id": "2번",
              "sex": "여성",
              "age": "20대"
            },
            "speechAct": "(단언) 주장하기",
            "morpheme": "외국인/NNG+만나/VV+EC+보/VX+고/EC+싶/VX+긴/ETN+JX+해/VX+EC+궁금/XR"
          },
          {
            "id": 18,
            "text": "1 : 키키 어느 나라 외국인 만나 보고 싶어?",
            "norm_text": "키키 어느 나라 외국인 만나 보고 싶어?",
            "speaker": {
              "id": "1번",
              "sex": "여성",
              "age": "20대"
            },
            "speechAct": "(지시) 질문하기",
            "morpheme": "키키/NNP+어느/MM+나라/NNG+외국인/NNG+만나/VV+EC+보/VX+고/EC+싶/VX+어/EF"
          },
          {
            "id": 19,
            "text": "2 : 나는 흑인만 빼고 키키 무서워",
            "norm_text": "나는 흑인만 빼고 키키 무서워",
            "speaker": {
              "id": "2번",
              "sex": "여성",
              "age": "20대"
            },
            "speechAct": "(단언) 주장하기",
            "morpheme": "나/NP+는/JX+흑인/NNG+만/JX+빼/VV+고/EC+키/NNG+키/XSV+ETN+무서워/VA+EC"
          }
        ]
      }
    }
  ]
}