{
  "dataset": {
    "identifier": 102142,
    "name": "FACEBOOK_115_10_set",
    "src_path": "/data/file/cubeManager/PROJECT001/77/txt20211029153356031354/FACEBOOK_115_10_set/",
    "label_path": "/data/file/cubeManager/PROJECT001/77/txt20211029153356031354/FACEBOOK_115_10_set/",
    "category": 2,
    "type": 0
  },
  "licenses": {
    "name": "Apache License 1.0",
    "url": "http://www.apache.org/licenses/LICENSE-1.0"
  },
  "info": [
    {
      "id": 110958,
      "filename": "FACEBOOK_115_10.txt",
      "title": "FACEBOOK_115_10",
      "mediatype": "SNS",
      "medianame": "페이스북",
      "category": "일상대화",
      "date": "2021-10-29",
      "size": 433,
      "annotations": {
        "subject": "스포츠/레저",
        "speaker_type": "1:1",
        "size": 433,
        "word_size": 157,
        "text": "1 : 언니는 경기 직접 관람하는 거 좋아해?\n2 : 맞아\n2 : 나 좋아해 야구\n1 : 아 진짜?\n1 : 언니 누구 팬이야?\n2 : 나는 대전은 한화 아닌가?\n1 : 키키 맞아\n1 : 나도 한화 팬이야!\n2 : 재밌었는데 코로나 때문에 안 간 지 꽤 됐어\n1 : 맞아 ㅜㅜ\n1 : 거기 가서 치맥 한 잔 해줘야 하는데!\n2 : 맞아\n2 : 거기서 응원하면 진짜 재밌어\n1 : ㅜㅜ 맞아\n1 : 내 친구는 유니폼도 리폼해서 입더라!\n2 : 맞아\n2 : 사람들 막 그 응원 구호도 알더라 키키\n1 : 맞아 키키\n1 : 그리고 그 응원봉 있잖아\n1 : 그거 너무 좋은 거 같아!\n2 : 키키 맞아\n2 : 응원봉 나중에 사야지\n1 : 키키 언니는 야구 선수 누구 좋아해?\n2 : 나는 근데 누가 누군지 모르겠어\n1 : 나도 나는 축구를 관람하는 편인데 나는 손흥민 선수 짱 좋아해!\n2 : 맞아\n2 : 나도 걔밖에 잘 모르겠어",
        "lines": [
          {
            "id": 1,
            "text": "1 : 언니는 경기 직접 관람하는 거 좋아해?",
            "norm_text": "언니는 경기 직접 관람하는 거 좋아해?",
            "speaker": {
              "id": "1번",
              "sex": "여성",
              "age": "20대"
            },
            "speechAct": "(지시) 질문하기",
            "morpheme": "언니/NNG+는/JX+경기/NNG+직접/MAG+관람/NNG+하/XSV+는/ETM+거/NNB+좋/VA+아/EC+해/VX+EF"
          },
          {
            "id": 2,
            "text": "2 : 맞아",
            "norm_text": "맞아",
            "speaker": {
              "id": "2번",
              "sex": "여성",
              "age": "20대"
            },
            "speechAct": "(단언) 주장하기",
            "morpheme": "맞/VV+아/EC"
          },
          {
            "id": 3,
            "text": "2 : 나 좋아해 야구",
            "norm_text": "나 좋아해 야구",
            "speaker": {
              "id": "2번",
              "sex": "여성",
              "age": "20대"
            },
            "speechAct": "(단언) 주장하기",
            "morpheme": "나/NP+좋/VA+아/EC+해야/VX+EC+VX+구/EC"
          },
          {
            "id": 4,
            "text": "1 : 아 진짜?",
            "norm_text": "아 진짜?",
            "speaker": {
              "id": "1번",
              "sex": "여성",
              "age": "20대"
            },
            "speechAct": "턴토크 사인(관습적 반응)",
            "morpheme": "아/IC+진짜/MAG"
          },
          {
            "id": 5,
            "text": "1 : 언니 누구 팬이야?",
            "norm_text": "언니 누구 팬이야?",
            "speaker": {
              "id": "1번",
              "sex": "여성",
              "age": "20대"
            },
            "speechAct": "(지시) 질문하기",
            "morpheme": "언니/NNG+누구/NP+팬/NNG+이/VCP+야/EF"
          },
          {
            "id": 6,
            "text": "2 : 나는 대전은 한화 아닌가?",
            "norm_text": "나는 대전은 한화 아닌가?",
            "speaker": {
              "id": "2번",
              "sex": "여성",
              "age": "20대"
            },
            "speechAct": "(지시) 질문하기",
            "morpheme": "나/NP+는/JX+대전/NNP+은/JX+한화/NNG+아닌가/VCN+EF"
          },
          {
            "id": 7,
            "text": "1 : 키키 맞아",
            "norm_text": "키키 맞아",
            "speaker": {
              "id": "1번",
              "sex": "여성",
              "age": "20대"
            },
            "speechAct": "(단언) 주장하기",
            "morpheme": "키/NNG+키/XSV+ETN+맞/VV+아/EC"
          },
          {
            "id": 8,
            "text": "1 : 나도 한화 팬이야!",
            "norm_text": "나도 한화 팬이야!",
            "speaker": {
              "id": "1번",
              "sex": "여성",
              "age": "20대"
            },
            "speechAct": "(단언) 주장하기",
            "morpheme": "나/NP+도/JX+한화/NNG+팬/NNG+이/VCP+야/EF"
          },
          {
            "id": 9,
            "text": "2 : 재밌었는데 코로나 때문에 안 간 지 꽤 됐어",
            "norm_text": "재밌었는데 코로나 때문에 안 간 지 꽤 됐어",
            "speaker": {
              "id": "2번",
              "sex": "여성",
              "age": "20대"
            },
            "speechAct": "(단언) 주장하기",
            "morpheme": "재밌/VA+었/EP+는데/EC+코로나/NNG+때문/NNB+에/JKB+안/MAG+간지/VV+EC+꽤/MAG+됐/VV+EP+어/EC"
          },
          {
            "id": 10,
            "text": "1 : 맞아 ㅜㅜ",
            "norm_text": "맞아 ㅜㅜ",
            "speaker": {
              "id": "1번",
              "sex": "여성",
              "age": "20대"
            },
            "speechAct": "(단언) 주장하기",
            "morpheme": "맞아ㅜㅜ/UNKNOWN"
          },
          {
            "id": 11,
            "text": "1 : 거기 가서 치맥 한 잔 해줘야 하는데!",
            "norm_text": "거기 가서 치맥 한 잔 해줘야 하는데!",
            "speaker": {
              "id": "1번",
              "sex": "여성",
              "age": "20대"
            },
            "speechAct": "(단언) 주장하기",
            "morpheme": "거기/NP+가/JKS+서치/NNG+맥/NNG+한잔/NNG+해/XSV+EC+줘야/VX+EC+하/VV+는데/EC"
          },
          {
            "id": 12,
            "text": "2 : 맞아",
            "norm_text": "맞아",
            "speaker": {
              "id": "2번",
              "sex": "여성",
              "age": "20대"
            },
            "speechAct": "(단언) 주장하기",
            "morpheme": "맞/VV+아/EC"
          },
          {
            "id": 13,
            "text": "2 : 거기서 응원하면 진짜 재밌어",
            "norm_text": "거기서 응원하면 진짜 재밌어",
            "speaker": {
              "id": "2번",
              "sex": "여성",
              "age": "20대"
            },
            "speechAct": "(단언) 주장하기",
            "morpheme": "거기/NP+서/JKB+응원/NNG+하/XSV+면/EC+진짜/MAG+재밌/VA+어/EC"
          },
          {
            "id": 14,
            "text": "1 : ㅜㅜ 맞아",
            "norm_text": "ㅜㅜ 맞아",
            "speaker": {
              "id": "1번",
              "sex": "여성",
              "age": "20대"
            },
            "speechAct": "N/A",
            "morpheme": "ㅜㅜ맞아/UNKNOWN"
          },
          {
            "id": 15,
            "text": "1 : 내 친구는 유니폼도 리폼해서 입더라!",
            "norm_text": "내 친구는 유니폼도 리폼해서 입더라!",
            "speaker": {
              "id": "1번",
              "sex": "여성",
              "age": "20대"
            },
            "speechAct": "(단언) 진술하기",
            "morpheme": "내/NP+JKG+친구/NNG+는/JX+유니폼/NNG+도리/NNG+폼/NNG+해서/XSV+EC+입/VV+더라/EF"
          },
          {
            "id": 16,
            "text": "2 : 맞아",
            "norm_text": "맞아",
            "speaker": {
              "id": "2번",
              "sex": "여성",
              "age": "20대"
            },
            "speechAct": "(단언) 주장하기",
            "morpheme": "맞/VV+아/EC"
          },
          {
            "id": 17,
            "text": "2 : 사람들 막 그 응원 구호도 알더라 키키",
            "norm_text": "사람들 막 그 응원 구호도 알더라 키키",
            "speaker": {
              "id": "2번",
              "sex": "여성",
              "age": "20대"
            },
            "speechAct": "(단언) 진술하기",
            "morpheme": "사람/NNG+들/XSN+막/MAJ+그/MM+응원/NNG+구호/NNG+도/JX+알/VV+더라/EC+키/NNG+키/XSV+ETN"
          },
          {
            "id": 18,
            "text": "1 : 맞아 키키",
            "norm_text": "맞아 키키",
            "speaker": {
              "id": "1번",
              "sex": "여성",
              "age": "20대"
            },
            "speechAct": "(단언) 주장하기",
            "morpheme": "맞/VV+아/EC+키/NNG+키/XSV+ETN"
          },
          {
            "id": 19,
            "text": "1 : 그리고 그 응원봉 있잖아",
            "norm_text": "그리고 그 응원봉 있잖아",
            "speaker": {
              "id": "1번",
              "sex": "여성",
              "age": "20대"
            },
            "speechAct": "(단언) 진술하기",
            "morpheme": "그리고/MAJ+그/IC+응/IC+원봉/NNG+있/VV+잖아/EC"
          },
          {
            "id": 20,
            "text": "1 : 그거 너무 좋은 거 같아!",
            "norm_text": "그거 너무 좋은 거 같아!",
            "speaker": {
              "id": "1번",
              "sex": "여성",
              "age": "20대"
            },
            "speechAct": "(단언) 주장하기",
            "morpheme": "그거/NP+너무/MAG+좋/VA+은/ETM+거/NNB+같/VA+아/EF"
          },
          {
            "id": 21,
            "text": "2 : 키키 맞아",
            "norm_text": "키키 맞아",
            "speaker": {
              "id": "2번",
              "sex": "여성",
              "age": "20대"
            },
            "speechAct": "(단언) 주장하기",
            "morpheme": "키/NNG+키/XSV+ETN+맞/VV+아/EC"
          },
          {
            "id": 22,
            "text": "2 : 응원봉 나중에 사야지",
            "norm_text": "응원봉 나중에 사야지",
            "speaker": {
              "id": "2번",
              "sex": "여성",
              "age": "20대"
            },
            "speechAct": "(단언) 주장하기",
            "morpheme": "응/IC+원봉/NNG+나중/NNG+에/JKB+사/VV+야지/EC"
          },
          {
            "id": 23,
            "text": "1 : 키키 언니는 야구 선수 누구 좋아해?",
            "norm_text": "키키 언니는 야구 선수 누구 좋아해?",
            "speaker": {
              "id": "1번",
              "sex": "여성",
              "age": "20대"
            },
            "speechAct": "(지시) 질문하기",
            "morpheme": "키/NNG+키/NNG+언니/NNG+는/JX+야구/NNG+선수/NNG+누구/NP+좋/VA+아/EC+해/VX+EF"
          },
          {
            "id": 24,
            "text": "2 : 나는 근데 누가 누군지 모르겠어",
            "norm_text": "나는 근데 누가 누군지 모르겠어",
            "speaker": {
              "id": "2번",
              "sex": "여성",
              "age": "20대"
            },
            "speechAct": "(단언) 주장하기",
            "morpheme": "나/NP+는/JX+근데/MAJ+누가/NP+JKS+누군지/NP+VCP+EC+모르/VV+겠/EP+어/EC"
          },
          {
            "id": 25,
            "text": "1 : 나도 나는 축구를 관람하는 편인데 나는 손흥민 선수 짱 좋아해!",
            "norm_text": "나도 나는 축구를 관람하는 편인데 나는 손흥민 선수 짱 좋아해!",
            "speaker": {
              "id": "1번",
              "sex": "여성",
              "age": "20대"
            },
            "speechAct": "(단언) 주장하기",
            "morpheme": "나/NP+도/JX+나/NP+는/JX+축구/NNG+를/JKO+관람/NNG+하/XSV+는/ETM+편/NNB+인데/VCP+EC+나/NP+는/JX+손흥민/NNP+선수/NNG+짱/NNG+좋/VA+아/EC+해/VX+EF"
          },
          {
            "id": 26,
            "text": "2 : 맞아",
            "norm_text": "맞아",
            "speaker": {
              "id": "2번",
              "sex": "여성",
              "age": "20대"
            },
            "speechAct": "(단언) 주장하기",
            "morpheme": "맞/VV+아/EC"
          },
          {
            "id": 27,
            "text": "2 : 나도 걔밖에 잘 모르겠어",
            "norm_text": "나도 걔밖에 잘 모르겠어",
            "speaker": {
              "id": "2번",
              "sex": "여성",
              "age": "20대"
            },
            "speechAct": "(단언) 주장하기",
            "morpheme": "나/NP+도/JX+걔/NP+밖에/JX+잘/MAG+모르/VV+겠/EP+어/EC"
          }
        ]
      }
    }
  ]
}