{
  "dataset": {
    "identifier": 118394,
    "name": "FACEBOOK_110_02_set",
    "src_path": "/data/file/cubeManager/PROJECT001/80/txt20211102153319028237/FACEBOOK_110_02_set/",
    "label_path": "/data/file/cubeManager/PROJECT001/80/txt20211102153319028237/FACEBOOK_110_02_set/",
    "category": 2,
    "type": 0
  },
  "licenses": {
    "name": "Apache License 1.0",
    "url": "http://www.apache.org/licenses/LICENSE-1.0"
  },
  "info": [
    {
      "id": 130006,
      "filename": "FACEBOOK_110_02.txt",
      "title": "FACEBOOK_110_02",
      "mediatype": "SNS",
      "medianame": "카카오톡",
      "category": "일상대화",
      "date": "2021-11-02",
      "size": 384,
      "annotations": {
        "subject": "주거와 생활",
        "speaker_type": "1:1",
        "size": 384,
        "word_size": 136,
        "text": "1 : 언니 나 어제 빨래했거든?\n2 : 웅 빨래 왜? 뭔일\n1 : 빨래는 왜 해도 해도 끝이 없는 걸까!?\n2 : 맞아 나도 일주일에 빨래 세 번은 하는 듯\n1 : 아 진짜? 나는 일주일에 한 번밖에 안 하는데!\n2 : 아 그래? 나는 나눠서 해서 근가\n1 : 키키 아 진짜?\n1 : 나는 건조기 돌려야 해서 한꺼번에 돌려!\n2 : 와 건조기도 있어? 좋다\n1 : 우리 집에는 없고 집 근처에 있음!\n2 : 아 빨래방 가서 해? 왜?\n1 : 어 빨래는 집에서 하고 건조기는 거기 가서 돌려!\n2 : 키키 그냥 집에다 널면 되잖아\n1 : 키키 아니,\n1 : 우리 집 환풍이 잘 안 돼서 하면 꿉꿉해져 ㅜ\n2 : 와 왔다 갔다 하기 귀찮겠다\n1 : 아니야 바로 앞에 있어서 괜찮아!\n2 : 옷 따뜻하게 입고 나가라 추웡",
        "lines": [
          {
            "id": 1,
            "text": "1 : 언니 나 어제 빨래했거든?",
            "norm_text": "언니 나 어제 빨래했거든?",
            "speaker": {
              "id": "1번",
              "sex": "여성",
              "age": "20대"
            },
            "speechAct": "(지시) 질문하기",
            "morpheme": "언니/NNG+나/JC+어제/NNG+빨래/NNG+했/XSV+EP+거든/EF"
          },
          {
            "id": 2,
            "text": "2 : 웅 빨래 왜? 뭔일",
            "norm_text": "웅 빨래 왜? 뭔일",
            "speaker": {
              "id": "2번",
              "sex": "여성",
              "age": "20대"
            },
            "speechAct": "N/A",
            "morpheme": "웅/IC+빨래/NNG+왜/MAG+뭔/MM+일/NNG"
          },
          {
            "id": 3,
            "text": "1 : 빨래는 왜 해도 해도 끝이 없는 걸까!?",
            "norm_text": "빨래는 왜 해도 해도 끝이 없는 걸까!?",
            "speaker": {
              "id": "1번",
              "sex": "여성",
              "age": "20대"
            },
            "speechAct": "(지시) 질문하기",
            "morpheme": "빨래/NNG+는/JX+왜/MAG+해도/VV+EC+해도/VV+EC+끝/NNG+이/JKS+없/VA+는/ETM+걸까/NNB+VCP+EC+!/SY"
          },
          {
            "id": 4,
            "text": "2 : 맞아 나도 일주일에 빨래 세 번은 하는 듯",
            "norm_text": "맞아 나도 일주일에 빨래 세 번은 하는 듯",
            "speaker": {
              "id": "2번",
              "sex": "여성",
              "age": "20대"
            },
            "speechAct": "(단언) 진술하기",
            "morpheme": "맞/VV+아/EC+나/NP+도/JX+일/NR+주일/NNBC+에/JKB+빨래/NNG+세/MM+번/NNBC+은/JX+하/VV+는/ETM+듯/NNB"
          },
          {
            "id": 5,
            "text": "1 : 아 진짜? 나는 일주일에 한 번밖에 안 하는데!",
            "norm_text": "아 진짜? 나는 일주일에 한 번밖에 안 하는데!",
            "speaker": {
              "id": "1번",
              "sex": "여성",
              "age": "20대"
            },
            "speechAct": "(단언) 진술하기",
            "morpheme": "아/IC+진짜/MAG+나/NP+는/JX+일/NR+주일/NNBC+에/JKB+한/MM+번/NNBC+밖에/JX+안/MAG+하/VV+는데/EC"
          },
          {
            "id": 6,
            "text": "2 : 아 그래? 나는 나눠서 해서 근가",
            "norm_text": "아 그래? 나는 나눠서 해서 근가",
            "speaker": {
              "id": "2번",
              "sex": "여성",
              "age": "20대"
            },
            "speechAct": "(지시) 질문하기",
            "morpheme": "아/IC+그래/IC+나/NP+는/JX+나눠서/VV+EC+해서/VV+EC+근가/NNG"
          },
          {
            "id": 7,
            "text": "1 : 키키 아 진짜?",
            "norm_text": "키키 아 진짜?",
            "speaker": {
              "id": "1번",
              "sex": "여성",
              "age": "20대"
            },
            "speechAct": "(지시) 질문하기",
            "morpheme": "키/NNG+키/VV+아/EC+진짜/MAG"
          },
          {
            "id": 8,
            "text": "1 : 나는 건조기 돌려야 해서 한꺼번에 돌려!",
            "norm_text": "나는 건조기 돌려야 해서 한꺼번에 돌려!",
            "speaker": {
              "id": "1번",
              "sex": "여성",
              "age": "20대"
            },
            "speechAct": "(단언) 진술하기",
            "morpheme": "나/NP+는/JX+건조기/NNG+돌려야/VV+EC+해서/VV+EC+한꺼번에/MAG+돌려/VV+EF"
          },
          {
            "id": 9,
            "text": "2 : 와 건조기도 있어? 좋다",
            "norm_text": "와 건조기도 있어? 좋다",
            "speaker": {
              "id": "2번",
              "sex": "여성",
              "age": "20대"
            },
            "speechAct": "(지시) 질문하기",
            "morpheme": "와/IC+건조기/NNG+도/JX+있/VA+어/EF+좋/VA+다/EC"
          },
          {
            "id": 10,
            "text": "1 : 우리 집에는 없고 집 근처에 있음!",
            "norm_text": "우리 집에는 없고 집 근처에 있음!",
            "speaker": {
              "id": "1번",
              "sex": "여성",
              "age": "20대"
            },
            "speechAct": "(단언) 진술하기",
            "morpheme": "우리/NP+집/NNG+에/JKB+는/JX+없/VA+고/EC+집/NNG+근처/NNG+에/JKB+있/VV+음/ETN"
          },
          {
            "id": 11,
            "text": "2 : 아 빨래방 가서 해? 왜?",
            "norm_text": "아 빨래방 가서 해? 왜?",
            "speaker": {
              "id": "2번",
              "sex": "여성",
              "age": "20대"
            },
            "speechAct": "(지시) 질문하기",
            "morpheme": "아/IC+빨래방/NNG+가/VV+서/EC+해/VX+EF+왜/MAG"
          },
          {
            "id": 12,
            "text": "1 : 어 빨래는 집에서 하고 건조기는 거기 가서 돌려!",
            "norm_text": "어 빨래는 집에서 하고 건조기는 거기 가서 돌려!",
            "speaker": {
              "id": "1번",
              "sex": "여성",
              "age": "20대"
            },
            "speechAct": "(단언) 진술하기",
            "morpheme": "어/IC+빨래/NNG+는/JX+집/NNG+에서/JKB+하/VV+고/EC+건조기/NNG+는/JX+거기/NP+가/JKS+서/VV+EC+돌려/VV+EF"
          },
          {
            "id": 13,
            "text": "2 : 키키 그냥 집에다 널면 되잖아",
            "norm_text": "키키 그냥 집에다 널면 되잖아",
            "speaker": {
              "id": "2번",
              "sex": "여성",
              "age": "20대"
            },
            "speechAct": "(단언) 주장하기",
            "morpheme": "키/NNG+키/NNG+그냥/MAG+집/NNG+에다/JKB+널/VV+면/EC+되/VV+잖아/EC"
          },
          {
            "id": 14,
            "text": "1 : 키키 아니,",
            "norm_text": "키키 아니,",
            "speaker": {
              "id": "1번",
              "sex": "여성",
              "age": "20대"
            },
            "speechAct": "(단언) 반박하기",
            "morpheme": "키/NNG+키/XSV+ETN+아니/VCN+,/SC"
          },
          {
            "id": 15,
            "text": "1 : 우리 집 환풍이 잘 안 돼서 하면 꿉꿉해져 ㅜ",
            "norm_text": "우리 집 환풍이 잘 안 돼서 하면 꿉꿉해져 ㅜ",
            "speaker": {
              "id": "1번",
              "sex": "여성",
              "age": "20대"
            },
            "speechAct": "(단언) 진술하기",
            "morpheme": "우리/NP+집/NNG+환/NNG+풍/XSN+이/JKS+잘/MAG+안/MAG+돼서/VV+EC+하/VV+면/EC+꿉꿉/XR+해져/XSA+EC+VX+EC+ㅜ/UNKNOWN"
          },
          {
            "id": 16,
            "text": "2 : 와 왔다 갔다 하기 귀찮겠다",
            "norm_text": "와 왔다 갔다 하기 귀찮겠다",
            "speaker": {
              "id": "2번",
              "sex": "여성",
              "age": "20대"
            },
            "speechAct": "(단언) 주장하기",
            "morpheme": "와/IC+왔다갔다/MAG+하/VV+기/ETN+귀찮/VA+겠/EP+다/EC"
          },
          {
            "id": 17,
            "text": "1 : 아니야 바로 앞에 있어서 괜찮아!",
            "norm_text": "아니야 바로 앞에 있어서 괜찮아!",
            "speaker": {
              "id": "1번",
              "sex": "여성",
              "age": "20대"
            },
            "speechAct": "(단언) 주장하기",
            "morpheme": "아니야/IC+바로/MAG+앞/NNG+에/JKB+있/VV+어서/EC+괜찮/VA+아/EF"
          },
          {
            "id": 18,
            "text": "2 : 옷 따뜻하게 입고 나가라 추웡",
            "norm_text": "옷 따뜻하게 입고 나가라 추웡",
            "speaker": {
              "id": "2번",
              "sex": "여성",
              "age": "20대"
            },
            "speechAct": "(단언) 주장하기",
            "morpheme": "옷/NNG+따뜻/XR+하/XSA+게/EC+입/VV+고/EC+나가/VX+라/EC+추웡/UNKNOWN"
          }
        ]
      }
    }
  ]
}