{
  "dataset": {
    "identifier": 119498,
    "name": "FACEBOOK_114_16_set",
    "src_path": "/data/file/cubeManager/PROJECT001/80/txt202111031510140931108/FACEBOOK_114_16_set/",
    "label_path": "/data/file/cubeManager/PROJECT001/80/txt202111031510140931108/FACEBOOK_114_16_set/",
    "category": 2,
    "type": 0
  },
  "licenses": {
    "name": "Apache License 1.0",
    "url": "http://www.apache.org/licenses/LICENSE-1.0"
  },
  "info": [
    {
      "id": 134419,
      "filename": "FACEBOOK_114_16.txt",
      "title": "FACEBOOK_114_16",
      "mediatype": "SNS",
      "medianame": "페이스북",
      "category": "일상대화",
      "date": "2021-11-03",
      "size": 425,
      "annotations": {
        "subject": "미용",
        "speaker_type": "1:1",
        "size": 425,
        "word_size": 149,
        "text": "1 : 혹시 주변에 입술 문신한 사람 있어?\n2 : 입술 문신?\n2 : 아니 없는데 키키\n1 : 내 친구 이번에 했는데 완전 신세계!\n2 : 으 그래도 진짜 아플 거 같아\n1 : 어 맞아 얘 눈물을 또르륵 흘리면서 시술 받았대!\n2 : 키키 나는 눈썹 문신도 아프던데\n1 : 맞아 키키 나 눈썹 문신 3번이나 했어!\n2 : 헐 키키 3번 다 아팠지?\n1 : 음, 그 찍는 법이랑 긁는 법이 있잖아!\n2 : 긁는 거만 해봤는데 진짜 최악이야\n1 : 맞아 키키 긁는 게 훨씬 자연스럽긴 한데 진짜 칼로 긁는 거잖아!\n2 : 나는 그래서 속눈썹 펌만 해!\n1 : 키키 아 진짜?\n1 : 나도 이제 속눈썹 펌 하려고 하는데 확실히 사람이 달라 보여?\n2 : 응 키키 눈이 좀 커지는 거 같아\n1 : 오 대박 키키\n1 : 나의 꼬막눈 이제 빛을 보는 건가!?\n2 : 키키 아마 그럴 수도 있지 않을까?",
        "lines": [
          {
            "id": 1,
            "text": "1 : 혹시 주변에 입술 문신한 사람 있어?",
            "norm_text": "혹시 주변에 입술 문신한 사람 있어?",
            "speaker": {
              "id": "1번",
              "sex": "여성",
              "age": "20대"
            },
            "speechAct": "(지시) 질문하기",
            "morpheme": "혹시/MAG+주변/NNG+에/JKB+입술/NNG+문신/NNG+한/XSA+ETM+사람/NNG+있/VA+어/EF"
          },
          {
            "id": 2,
            "text": "2 : 입술 문신?",
            "norm_text": "입술 문신?",
            "speaker": {
              "id": "2번",
              "sex": "여성",
              "age": "20대"
            },
            "speechAct": "(지시) 질문하기",
            "morpheme": "입술/NNG+문신/NNG"
          },
          {
            "id": 3,
            "text": "2 : 아니 없는데 키키",
            "norm_text": "아니 없는데 키키",
            "speaker": {
              "id": "2번",
              "sex": "여성",
              "age": "20대"
            },
            "speechAct": "(단언) 진술하기",
            "morpheme": "아니/IC+없/VA+는데/EC+키/NNG+키/XSV+ETN"
          },
          {
            "id": 4,
            "text": "1 : 내 친구 이번에 했는데 완전 신세계!",
            "norm_text": "내 친구 이번에 했는데 완전 신세계!",
            "speaker": {
              "id": "1번",
              "sex": "여성",
              "age": "20대"
            },
            "speechAct": "(단언) 주장하기",
            "morpheme": "내/NP+JKG+친구/NNG+이번/NNG+에/JKB+했/VV+EP+는데/EC+완전/NNG+신세계/NNG"
          },
          {
            "id": 5,
            "text": "2 : 으 그래도 진짜 아플 거 같아",
            "norm_text": "으 그래도 진짜 아플 거 같아",
            "speaker": {
              "id": "2번",
              "sex": "여성",
              "age": "20대"
            },
            "speechAct": "(단언) 주장하기",
            "morpheme": "으/IC+그래도/MAJ+진짜/MAG+아플/VA+ETM+거/NNB+같/VA+아/EC"
          },
          {
            "id": 6,
            "text": "1 : 어 맞아 얘 눈물을 또르륵 흘리면서 시술 받았대!",
            "norm_text": "어 맞아 얘 눈물을 또르륵 흘리면서 시술 받았대!",
            "speaker": {
              "id": "1번",
              "sex": "여성",
              "age": "20대"
            },
            "speechAct": "(단언) 진술하기",
            "morpheme": "어/IC+맞아/IC+얘/IC+눈물/NNG+을/JKO+또르륵/MAG+흘리/VV+면서/EC+시술/NNG+받/VV+았/EP+대/EF"
          },
          {
            "id": 7,
            "text": "2 : 키키 나는 눈썹 문신도 아프던데",
            "norm_text": "키키 나는 눈썹 문신도 아프던데",
            "speaker": {
              "id": "2번",
              "sex": "여성",
              "age": "20대"
            },
            "speechAct": "(단언) 주장하기",
            "morpheme": "키/NNG+키나/XSA+ETN+JX+는/JX+눈썹/NNG+문신/NNG+도/JX+아프/VA+던데/EC"
          },
          {
            "id": 8,
            "text": "1 : 맞아 키키 나 눈썹 문신 3번이나 했어!",
            "norm_text": "맞아 키키 나 눈썹 문신 3번이나 했어!",
            "speaker": {
              "id": "1번",
              "sex": "여성",
              "age": "20대"
            },
            "speechAct": "(단언) 진술하기",
            "morpheme": "맞아키키나눈썹문신/UNKNOWN+3/SN+번/NNBC+이나/JX+했/VV+EP+어/EF"
          },
          {
            "id": 9,
            "text": "2 : 헐 키키 3번 다 아팠지?",
            "norm_text": "헐 키키 3번 다 아팠지?",
            "speaker": {
              "id": "2번",
              "sex": "여성",
              "age": "20대"
            },
            "speechAct": "(지시) 질문하기",
            "morpheme": "헐/IC+키/NNG+키/XSV+ETN+3/SN+번/NNBC+다/MAG+아팠/VA+EP+지/EF"
          },
          {
            "id": 10,
            "text": "1 : 음, 그 찍는 법이랑 긁는 법이 있잖아!",
            "norm_text": "음, 그 찍는 법이랑 긁는 법이 있잖아!",
            "speaker": {
              "id": "1번",
              "sex": "여성",
              "age": "20대"
            },
            "speechAct": "(단언) 주장하기",
            "morpheme": "음/IC+,/SC+그/IC+찍/VV+는/ETM+법/NNB+이랑/JKB+긁/VV+는/ETM+법/NNB+이/JKS+있/VA+잖아/EF"
          },
          {
            "id": 11,
            "text": "2 : 긁는 거만 해봤는데 진짜 최악이야",
            "norm_text": "긁는 거만 해봤는데 진짜 최악이야",
            "speaker": {
              "id": "2번",
              "sex": "여성",
              "age": "20대"
            },
            "speechAct": "(단언) 주장하기",
            "morpheme": "긁/VV+는/ETM+거/NNB+만/JX+해/VV+EC+봤/VX+EP+는데/EC+진짜/MAG+최악/NNG+이/VCP+야/EC"
          },
          {
            "id": 12,
            "text": "1 : 맞아 키키 긁는 게 훨씬 자연스럽긴 한데 진짜 칼로 긁는 거잖아!",
            "norm_text": "맞아 키키 긁는 게 훨씬 자연스럽긴 한데 진짜 칼로 긁는 거잖아!",
            "speaker": {
              "id": "1번",
              "sex": "여성",
              "age": "20대"
            },
            "speechAct": "(단언) 주장하기",
            "morpheme": "맞/VV+아/EC+키/NNG+키/XSV+ETN+긁/VV+는/ETM+게/NNB+JKS+훨씬/MAG+자연/NNG+스럽/XSA+긴/ETN+JX+한데/VX+EC+진짜/MAG+칼/NNG+로/JKB+긁/VV+는/ETM+거/NNB+잖아/VCP+EC+VX+EF"
          },
          {
            "id": 13,
            "text": "2 : 나는 그래서 속눈썹 펌만 해!",
            "norm_text": "나는 그래서 속눈썹 펌만 해!",
            "speaker": {
              "id": "2번",
              "sex": "여성",
              "age": "20대"
            },
            "speechAct": "(단언) 주장하기",
            "morpheme": "나/NP+는/JX+그래서/MAJ+속눈썹/NNG+펌/NNG+만/JX+해/VV+EF"
          },
          {
            "id": 14,
            "text": "1 : 키키 아 진짜?",
            "norm_text": "키키 아 진짜?",
            "speaker": {
              "id": "1번",
              "sex": "여성",
              "age": "20대"
            },
            "speechAct": "(지시) 질문하기",
            "morpheme": "키/NNG+키/VV+아/EC+진짜/MAG"
          },
          {
            "id": 15,
            "text": "1 : 나도 이제 속눈썹 펌 하려고 하는데 확실히 사람이 달라 보여?",
            "norm_text": "나도 이제 속눈썹 펌 하려고 하는데 확실히 사람이 달라 보여?",
            "speaker": {
              "id": "1번",
              "sex": "여성",
              "age": "20대"
            },
            "speechAct": "(지시) 질문하기",
            "morpheme": "나/NP+도/JX+이제/MAG+속눈썹/NNG+펌/NNG+하/XSV+려고/EC+하/VV+는데/EC+확실히/MAG+사람/NNG+이/JKS+달라/VA+EC+보여/VV+EF"
          },
          {
            "id": 16,
            "text": "2 : 응 키키 눈이 좀 커지는 거 같아",
            "norm_text": "응 키키 눈이 좀 커지는 거 같아",
            "speaker": {
              "id": "2번",
              "sex": "여성",
              "age": "20대"
            },
            "speechAct": "(단언) 주장하기",
            "morpheme": "응/IC+키/NNG+키/NNG+눈/NNG+이/JKS+좀/MAG+커지/VV+는/ETM+거/NNB+같/VA+아/EC"
          },
          {
            "id": 17,
            "text": "1 : 오 대박 키키",
            "norm_text": "오 대박 키키",
            "speaker": {
              "id": "1번",
              "sex": "여성",
              "age": "20대"
            },
            "speechAct": "(단언) 주장하기",
            "morpheme": "오/NR+대/NNBC+박/NNP+키키/NNP"
          },
          {
            "id": 18,
            "text": "1 : 나의 꼬막눈 이제 빛을 보는 건가!?",
            "norm_text": "나의 꼬막눈 이제 빛을 보는 건가!?",
            "speaker": {
              "id": "1번",
              "sex": "여성",
              "age": "20대"
            },
            "speechAct": "(지시) 질문하기",
            "morpheme": "나/NP+의/JKG+꼬막/NNG+눈/NNG+이/JKS+제빛/NNG+을/JKO+보/VV+는/ETM+건가/NNB+VCP+EC+!/SY"
          },
          {
            "id": 19,
            "text": "2 : 키키 아마 그럴 수도 있지 않을까?",
            "norm_text": "키키 아마 그럴 수도 있지 않을까?",
            "speaker": {
              "id": "2번",
              "sex": "여성",
              "age": "20대"
            },
            "speechAct": "(지시) 질문하기",
            "morpheme": "키/NNG+키/XSV+ETN+아마/MAG+그럴/VA+ETM+수/NNB+도/JX+있/VA+지/EC+않/VX+을까/EF"
          }
        ]
      }
    }
  ]
}