{
  "dataset": {
    "identifier": 99917,
    "name": "FACEBOOK_103_06_set",
    "src_path": "/data/file/cubeManager/PROJECT001/77/txt20211028145510099847/FACEBOOK_103_06_set/",
    "label_path": "/data/file/cubeManager/PROJECT001/77/txt20211028145510099847/FACEBOOK_103_06_set/",
    "category": 2,
    "type": 0
  },
  "licenses": {
    "name": "Apache License 1.0",
    "url": "http://www.apache.org/licenses/LICENSE-1.0"
  },
  "info": [
    {
      "id": 100471,
      "filename": "FACEBOOK_103_06.txt",
      "title": "FACEBOOK_103_06",
      "mediatype": "SNS",
      "medianame": "페이스북",
      "category": "일상대화",
      "date": "2021-10-28",
      "size": 513,
      "annotations": {
        "subject": "교육",
        "speaker_type": "1:1",
        "size": 513,
        "word_size": 168,
        "text": "1 : 너는 어렸을 때 어떤 과목을 제일 좋아했어?\n2 : 나는 수학을 제일 좋아했어\n1 : 수학?\n1 : 고등학생 때도 수학이 제일 좋았어?\n2 : 고 1까지만 공부해서 그때까지는 좋아했어\n1 : 키키 맞아\n1 : 고삼 되면 수학이 극혐이 된다던데?\n2 : 다행이다\n2 : 그때까지 안 해서 그래서 그런지 수학이 싫진 않아\n1 : 키키 그렇구나\n1 : 나는 사칙연산에서 멈춤 키키\n2 : 지금 수학 다시 보면 엄청 어렵더라고\n1 : 맞아\n1 : 피타고라스는 나중에 만나면 죽빵 한 대 날릴 거임!\n2 : 나도 같이 한대 때려도 될까?\n1 : 당연하지 키키\n1 : 그리고 생각나는 수학 공식이 인수분해였나?\n2 : 어렸을 때 인수분해 이런 거 좋아했는데\n1 : 키키 맞아\n1 : 그리고 대학 가서 또 수학 공부하는 친구가 있거든?\n1 : 웃긴 거 알려줄까?\n2 : 아 정말?\n2 : 뭔데?\n2 : 수학 공부하면 많이 힘들겠다\n1 : 맞아\n1 : 교수님이 말씀하시길 에이는 비래 그래서 고로 에이는 에프래 뭔소리냐 키키\n2 : 이렇게 들어도 뭔 소린지 나도 모르겠다",
        "lines": [
          {
            "id": 1,
            "text": "1 : 너는 어렸을 때 어떤 과목을 제일 좋아했어?",
            "norm_text": "너는 어렸을 때 어떤 과목을 제일 좋아했어?",
            "speaker": {
              "id": "1번",
              "sex": "여성",
              "age": "20대"
            },
            "speechAct": "(지시) 질문하기",
            "morpheme": "너/NP+는/JX+어렸/VA+EP+을/ETM+때/NNG+어떤/MM+과목/NNG+을/JKO+제일/MAG+좋/VA+아/EC+했/VX+EP+어/EF"
          },
          {
            "id": 2,
            "text": "2 : 나는 수학을 제일 좋아했어",
            "norm_text": "나는 수학을 제일 좋아했어",
            "speaker": {
              "id": "2번",
              "sex": "여성",
              "age": "20대"
            },
            "speechAct": "(단언) 주장하기",
            "morpheme": "나/NP+는/JX+수학/NNG+을/JKO+제일/MAG+좋/VA+아/EC+했/VX+EP+어/EC"
          },
          {
            "id": 3,
            "text": "1 : 수학?",
            "norm_text": "수학?",
            "speaker": {
              "id": "1번",
              "sex": "여성",
              "age": "20대"
            },
            "speechAct": "(지시) 질문하기",
            "morpheme": "수학/NNG"
          },
          {
            "id": 4,
            "text": "1 : 고등학생 때도 수학이 제일 좋았어?",
            "norm_text": "고등학생 때도 수학이 제일 좋았어?",
            "speaker": {
              "id": "1번",
              "sex": "여성",
              "age": "20대"
            },
            "speechAct": "(지시) 질문하기",
            "morpheme": "고등/NNG+학생/NNG+때/NNG+도/JX+수학/NNG+이/JKS+제일/MAG+좋/VA+았/EP+어/EF"
          },
          {
            "id": 5,
            "text": "2 : 고 1까지만 공부해서 그때까지는 좋아했어",
            "norm_text": "고 1까지만 공부해서 그때까지는 좋아했어",
            "speaker": {
              "id": "2번",
              "sex": "여성",
              "age": "20대"
            },
            "speechAct": "(단언) 주장하기",
            "morpheme": "고/MM+1/SN+까지/JX+만/JX+공부/NNG+해서/XSV+EC+그때/NNG+까지/JX+는/JX+좋/VA+아/EC+했/VX+EP+어/EC"
          },
          {
            "id": 6,
            "text": "1 : 키키 맞아",
            "norm_text": "키키 맞아",
            "speaker": {
              "id": "1번",
              "sex": "여성",
              "age": "20대"
            },
            "speechAct": "(단언) 주장하기",
            "morpheme": "키/NNG+키/XSV+ETN+맞/VV+아/EC"
          },
          {
            "id": 7,
            "text": "1 : 고삼 되면 수학이 극혐이 된다던데?",
            "norm_text": "고삼 되면 수학이 극혐이 된다던데?",
            "speaker": {
              "id": "1번",
              "sex": "여성",
              "age": "20대"
            },
            "speechAct": "(지시) 질문하기",
            "morpheme": "고삼/NNG+되/XSV+면/EC+수학/NNG+이/JKS+극혐/UNKNOWN+이/JKS+된다던데/VV+EF"
          },
          {
            "id": 8,
            "text": "2 : 다행이다",
            "norm_text": "다행이다",
            "speaker": {
              "id": "2번",
              "sex": "여성",
              "age": "20대"
            },
            "speechAct": "(단언) 주장하기",
            "morpheme": "다행/NNG+이/VCP+다/EC"
          },
          {
            "id": 9,
            "text": "2 : 그때까지 안 해서 그래서 그런지 수학이 싫진 않아",
            "norm_text": "그때까지 안 해서 그래서 그런지 수학이 싫진 않아",
            "speaker": {
              "id": "2번",
              "sex": "여성",
              "age": "20대"
            },
            "speechAct": "(단언) 주장하기",
            "morpheme": "그때/NNG+까지/JX+안/MAG+해서/VV+EC+그래서/MAJ+그런지/VA+EC+수학/NNG+이/JKS+싫/VA+진/EC+JX+않/VX+아/EC"
          },
          {
            "id": 10,
            "text": "1 : 키키 그렇구나",
            "norm_text": "키키 그렇구나",
            "speaker": {
              "id": "1번",
              "sex": "여성",
              "age": "20대"
            },
            "speechAct": "(단언) 주장하기",
            "morpheme": "키/NNG+키/XSV+ETN+그렇/VA+구나/EC"
          },
          {
            "id": 11,
            "text": "1 : 나는 사칙연산에서 멈춤 키키",
            "norm_text": "나는 사칙연산에서 멈춤 키키",
            "speaker": {
              "id": "1번",
              "sex": "여성",
              "age": "20대"
            },
            "speechAct": "(단언) 주장하기",
            "morpheme": "나/NP+는/JX+사칙/NNG+연산/NNG+에서/JKB+멈춤/VV+ETN+키/NNG+키/XSV+ETN"
          },
          {
            "id": 12,
            "text": "2 : 지금 수학 다시 보면 엄청 어렵더라고",
            "norm_text": "지금 수학 다시 보면 엄청 어렵더라고",
            "speaker": {
              "id": "2번",
              "sex": "여성",
              "age": "20대"
            },
            "speechAct": "(단언) 주장하기",
            "morpheme": "지금/MAG+수학/NNG+다시/MAG+보/VV+면/EC+엄청/MAG+어렵/VA+더라고/EC"
          },
          {
            "id": 13,
            "text": "1 : 맞아",
            "norm_text": "맞아",
            "speaker": {
              "id": "1번",
              "sex": "여성",
              "age": "20대"
            },
            "speechAct": "(단언) 주장하기",
            "morpheme": "맞/VV+아/EC"
          },
          {
            "id": 14,
            "text": "1 : 피타고라스는 나중에 만나면 죽빵 한 대 날릴 거임!",
            "norm_text": "피타고라스는 나중에 만나면 죽빵 한 대 날릴 거임!",
            "speaker": {
              "id": "1번",
              "sex": "여성",
              "age": "20대"
            },
            "speechAct": "(단언) 주장하기",
            "morpheme": "피타고라스/NNP+는/JX+나중/NNG+에/JKB+만나/VV+면/EC+죽/MAG+빵/NNG+한/MM+대/NNBC+날릴/VV+ETM+거/NNB+임/VCP+ETN"
          },
          {
            "id": 15,
            "text": "2 : 나도 같이 한대 때려도 될까?",
            "norm_text": "나도 같이 한대 때려도 될까?",
            "speaker": {
              "id": "2번",
              "sex": "여성",
              "age": "20대"
            },
            "speechAct": "(지시) 질문하기",
            "morpheme": "나/NP+도/JX+같이/MAG+한대/VV+EC+때려도/VV+EC+될까/VV+EF"
          },
          {
            "id": 16,
            "text": "1 : 당연하지 키키",
            "norm_text": "당연하지 키키",
            "speaker": {
              "id": "1번",
              "sex": "여성",
              "age": "20대"
            },
            "speechAct": "(단언) 주장하기",
            "morpheme": "당연/XR+하/XSA+지/EC+키/NNG+키/XSV+ETN"
          },
          {
            "id": 17,
            "text": "1 : 그리고 생각나는 수학 공식이 인수분해였나?",
            "norm_text": "그리고 생각나는 수학 공식이 인수분해였나?",
            "speaker": {
              "id": "1번",
              "sex": "여성",
              "age": "20대"
            },
            "speechAct": "(지시) 질문하기",
            "morpheme": "그리고/MAJ+생각/NNG+나/NP+는/JX+수학/NNG+공식/NNG+이/JKS+인수/NNG+분해/NNG+였/VCP+EP+나/EF"
          },
          {
            "id": 18,
            "text": "2 : 어렸을 때 인수분해 이런 거 좋아했는데",
            "norm_text": "어렸을 때 인수분해 이런 거 좋아했는데",
            "speaker": {
              "id": "2번",
              "sex": "여성",
              "age": "20대"
            },
            "speechAct": "(단언) 주장하기",
            "morpheme": "어렸/VA+EP+을/ETM+때/NNG+인/VCP+ETM+수분/NNG+해/XSV+EC+이런/MM+거/NNB+좋/VA+아/EC+했/VX+EP+는데/EC"
          },
          {
            "id": 19,
            "text": "1 : 키키 맞아",
            "norm_text": "키키 맞아",
            "speaker": {
              "id": "1번",
              "sex": "여성",
              "age": "20대"
            },
            "speechAct": "(단언) 주장하기",
            "morpheme": "키/NNG+키/XSV+ETN+맞/VV+아/EC"
          },
          {
            "id": 20,
            "text": "1 : 그리고 대학 가서 또 수학 공부하는 친구가 있거든?",
            "norm_text": "그리고 대학 가서 또 수학 공부하는 친구가 있거든?",
            "speaker": {
              "id": "1번",
              "sex": "여성",
              "age": "20대"
            },
            "speechAct": "(지시) 질문하기",
            "morpheme": "그리고/MAJ+대학가/NNG+서/JKB+또/MAG+수학/NNG+공부/NNG+하/XSV+는/ETM+친구/NNG+가/JKS+있/VA+거든/EF"
          },
          {
            "id": 21,
            "text": "1 : 웃긴 거 알려줄까?",
            "norm_text": "웃긴 거 알려줄까?",
            "speaker": {
              "id": "1번",
              "sex": "여성",
              "age": "20대"
            },
            "speechAct": "(지시) 질문하기",
            "morpheme": "웃긴/VV+ETM+거/NNB+알려줄까/VV+EC+VX+EF"
          },
          {
            "id": 22,
            "text": "2 : 아 정말?",
            "norm_text": "아 정말?",
            "speaker": {
              "id": "2번",
              "sex": "여성",
              "age": "20대"
            },
            "speechAct": "(지시) 질문하기",
            "morpheme": "아/IC+정말/MAG"
          },
          {
            "id": 23,
            "text": "2 : 뭔데?",
            "norm_text": "뭔데?",
            "speaker": {
              "id": "2번",
              "sex": "여성",
              "age": "20대"
            },
            "speechAct": "(지시) 질문하기",
            "morpheme": "뭔데/NP+VCP+EF"
          },
          {
            "id": 24,
            "text": "2 : 수학 공부하면 많이 힘들겠다",
            "norm_text": "수학 공부하면 많이 힘들겠다",
            "speaker": {
              "id": "2번",
              "sex": "여성",
              "age": "20대"
            },
            "speechAct": "(단언) 주장하기",
            "morpheme": "수학/NNG+공부/NNG+하/XSV+면/EC+많이/MAG+힘들/VA+겠/EP+다/EC"
          },
          {
            "id": 25,
            "text": "1 : 맞아",
            "norm_text": "맞아",
            "speaker": {
              "id": "1번",
              "sex": "여성",
              "age": "20대"
            },
            "speechAct": "(단언) 주장하기",
            "morpheme": "맞/VV+아/EC"
          },
          {
            "id": 26,
            "text": "1 : 교수님이 말씀하시길 에이는 비래 그래서 고로 에이는 에프래 뭔소리냐 키키",
            "norm_text": "교수님이 말씀하시길 에이는 비래 그래서 고로 에이는 에프래 뭔소리냐 키키",
            "speaker": {
              "id": "1번",
              "sex": "여성",
              "age": "20대"
            },
            "speechAct": "(단언) 진술하기",
            "morpheme": "교수/NNG+님/XSN+이/JKS+말씀/NNG+하/XSV+시/EP+길/ETN+JKO+에이/VV+는/ETM+비래/NNG+그래서/MAJ+고로/NNG+에/JKB+이/NP+는/JX+에/IC+프래/NNP+뭔/MM+소리/NNG+냐/VCP+EC+키/NNG+키/XSV+ETN"
          },
          {
            "id": 27,
            "text": "2 : 이렇게 들어도 뭔 소린지 나도 모르겠다",
            "norm_text": "이렇게 들어도 뭔 소린지 나도 모르겠다",
            "speaker": {
              "id": "2번",
              "sex": "여성",
              "age": "20대"
            },
            "speechAct": "(단언) 주장하기",
            "morpheme": "이렇게/MAG+들어도/VV+EC+뭔/MM+소린지/NNG+VCP+EC+나/NP+도/JX+모르/VV+겠/EP+다/EC"
          }
        ]
      }
    }
  ]
}