{
  "dataset": {
    "identifier": 112755,
    "name": "FACEBOOK_112_17_set",
    "src_path": "/data/file/cubeManager/PROJECT001/80/txt20211103154237034578/FACEBOOK_112_17_set/",
    "label_path": "/data/file/cubeManager/PROJECT001/80/txt20211103154237034578/FACEBOOK_112_17_set/",
    "category": 2,
    "type": 0
  },
  "licenses": {
    "name": "Apache License 1.0",
    "url": "http://www.apache.org/licenses/LICENSE-1.0"
  },
  "info": [
    {
      "id": 135352,
      "filename": "FACEBOOK_112_17.txt",
      "title": "FACEBOOK_112_17",
      "mediatype": "SNS",
      "medianame": "페이스북",
      "category": "일상대화",
      "date": "2021-11-03",
      "size": 397,
      "annotations": {
        "subject": "건강",
        "speaker_type": "1:1",
        "size": 397,
        "word_size": 137,
        "text": "1 : 언니는 충치가 많이 생기는 편이야?\n2 : 나 이번에 충치 진짜 많아서 다 치료함\n1 : 아 진짜?\n1 : 몇 개 나왔어?\n2 : 나 여덟개 키키 미쳤지 진짜\n1 : 와 대박 그거 가격 장난 아니겠다!\n2 : 근데 병원 연결된데라 진짜 원가로 다해줌 키키\n1 : 오오 키키 어떤 식으로 소개 받고 갔어!?\n2 : 우리 병원 태국 실장이 거기 실장이야\n1 : 태국 실장?\n1 : 태국에서 오신 분이야?\n2 : 웅 태국 인들 연결해주는 실장 있어\n1 : 헐 대박 키키 근데 충치 하나에 10만 원은 잡아야 하잖아!\n2 : 아냐 나는 오만원도 안나왔어\n1 : 헐 대박 거의 원가에 한 거 아니야!?\n2 : 진짜 싸게 잘해줬지 이득\n1 : 아 진짜 부럽다 ㅜㅜ\n1 : 나는 작년에 100만 원 나왔어!\n2 : 와 충치로?\n2 ; 고생했겠네 진짜",
        "lines": [
          {
            "id": 1,
            "text": "1 : 언니는 충치가 많이 생기는 편이야?",
            "norm_text": "언니는 충치가 많이 생기는 편이야?",
            "speaker": {
              "id": "1번",
              "sex": "여성",
              "age": "20대"
            },
            "speechAct": "(지시) 질문하기",
            "morpheme": "언니/NNG+는/JX+충치/NNG+가/JKS+많이/MAG+생기/VV+는/ETM+편/NNB+이/VCP+야/EF"
          },
          {
            "id": 2,
            "text": "2 : 나 이번에 충치 진짜 많아서 다 치료함",
            "norm_text": "나 이번에 충치 진짜 많아서 다 치료함",
            "speaker": {
              "id": "2번",
              "sex": "여성",
              "age": "20대"
            },
            "speechAct": "(단언) 진술하기",
            "morpheme": "나/NP+이번/NNG+에/JKB+충치/NNG+진짜/MAG+많/VA+아서/EC+다/MAG+치료/NNG+함/XSV+ETN"
          },
          {
            "id": 3,
            "text": "1 : 아 진짜?",
            "norm_text": "아 진짜?",
            "speaker": {
              "id": "1번",
              "sex": "여성",
              "age": "20대"
            },
            "speechAct": "(지시) 질문하기",
            "morpheme": "아/IC+진짜/MAG"
          },
          {
            "id": 4,
            "text": "1 : 몇 개 나왔어?",
            "norm_text": "몇 개 나왔어?",
            "speaker": {
              "id": "1번",
              "sex": "여성",
              "age": "20대"
            },
            "speechAct": "(지시) 질문하기",
            "morpheme": "몇/MM+개/NNBC+나왔/VV+EP+어/EF"
          },
          {
            "id": 5,
            "text": "2 : 나 여덟개 키키 미쳤지 진짜",
            "norm_text": "나 여덟개 키키 미쳤지 진짜",
            "speaker": {
              "id": "2번",
              "sex": "여성",
              "age": "20대"
            },
            "speechAct": "(단언) 진술하기",
            "morpheme": "나/NP+여덟/NR+개/NNBC+키/NNG+키/XSV+ETN+미쳤/VV+EP+지/EF+진짜/MAG"
          },
          {
            "id": 6,
            "text": "1 : 와 대박 그거 가격 장난 아니겠다!",
            "norm_text": "와 대박 그거 가격 장난 아니겠다!",
            "speaker": {
              "id": "1번",
              "sex": "여성",
              "age": "20대"
            },
            "speechAct": "(단언) 주장하기",
            "morpheme": "와/IC+대박/NNG+그거/NP+가/JKS+격장/NNG+난/NP+JX+아니/VCN+겠/EP+다/EF"
          },
          {
            "id": 7,
            "text": "2 : 근데 병원 연결된데라 진짜 원가로 다해줌 키키",
            "norm_text": "근데 병원 연결된데라 진짜 원가로 다해줌 키키",
            "speaker": {
              "id": "2번",
              "sex": "여성",
              "age": "20대"
            },
            "speechAct": "(단언) 진술하기",
            "morpheme": "근데/MAJ+병원/NNG+연결/NNG+된/XSV+ETM+데/NNB+라/VCP+EC+진짜/MAG+원가/NNG+로/JKB+다/MAG+해줌/VV+EC+VX+ETN+키/NNG+키/XSV+ETN"
          },
          {
            "id": 8,
            "text": "1 : 오오 키키 어떤 식으로 소개 받고 갔어!?",
            "norm_text": "오오 키키 어떤 식으로 소개 받고 갔어!?",
            "speaker": {
              "id": "1번",
              "sex": "여성",
              "age": "20대"
            },
            "speechAct": "(지시) 질문하기",
            "morpheme": "오/NR+오/NR+키/NNG+키/XSV+ETN+어떤/MM+식/NNB+으로/JKB+소개/NNG+받/VV+고/EC+갔/VV+EP+어/EC+!/SY"
          },
          {
            "id": 9,
            "text": "2 : 우리 병원 태국 실장이 거기 실장이야",
            "norm_text": "우리 병원 태국 실장이 거기 실장이야",
            "speaker": {
              "id": "2번",
              "sex": "여성",
              "age": "20대"
            },
            "speechAct": "(단언) 진술하기",
            "morpheme": "우리/NP+병원/NNG+태국/NNP+실장/NNG+이/JKS+거기/NP+실장/NNG+이/VCP+야/EC"
          },
          {
            "id": 10,
            "text": "1 : 태국 실장?",
            "norm_text": "태국 실장?",
            "speaker": {
              "id": "1번",
              "sex": "여성",
              "age": "20대"
            },
            "speechAct": "(지시) 질문하기",
            "morpheme": "태국/NNP+실장/NNG"
          },
          {
            "id": 11,
            "text": "1 : 태국에서 오신 분이야?",
            "norm_text": "태국에서 오신 분이야?",
            "speaker": {
              "id": "1번",
              "sex": "여성",
              "age": "20대"
            },
            "speechAct": "(지시) 질문하기",
            "morpheme": "태국/NNP+에서/JKB+오/VV+신/EP+ETM+분/NNB+이/VCP+야/EF"
          },
          {
            "id": 12,
            "text": "2 : 웅 태국 인들 연결해주는 실장 있어",
            "norm_text": "웅 태국 인들 연결해주는 실장 있어",
            "speaker": {
              "id": "2번",
              "sex": "여성",
              "age": "20대"
            },
            "speechAct": "(단언) 진술하기",
            "morpheme": "웅/IC+태국/NNP+인/XSN+들/XSN+연결/NNG+해/XSV+EC+주/VX+는/ETM+실장/NNG+있/VV+어/EC"
          },
          {
            "id": 13,
            "text": "1 : 헐 대박 키키 근데 충치 하나에 10만 원은 잡아야 하잖아!",
            "norm_text": "헐 대박 키키 근데 충치 하나에 10만 원은 잡아야 하잖아!",
            "speaker": {
              "id": "1번",
              "sex": "여성",
              "age": "20대"
            },
            "speechAct": "(단언) 주장하기",
            "morpheme": "헐대박키키근데충치하나에/UNKNOWN+10/SN+만/NR+원/NNBC+은/JX+잡/VV+아야/EC+하/VX+잖아/EF"
          },
          {
            "id": 14,
            "text": "2 : 아냐 나는 오만원도 안나왔어",
            "norm_text": "아냐 나는 오만원도 안나왔어",
            "speaker": {
              "id": "2번",
              "sex": "여성",
              "age": "20대"
            },
            "speechAct": "(단언) 진술하기",
            "morpheme": "아냐/IC+나/NP+는/JX+오만/NR+원/NNBC+도/JX+안/MAG+나왔/VV+EP+어/EC"
          },
          {
            "id": 15,
            "text": "1 : 헐 대박 거의 원가에 한 거 아니야!?",
            "norm_text": "헐 대박 거의 원가에 한 거 아니야!?",
            "speaker": {
              "id": "1번",
              "sex": "여성",
              "age": "20대"
            },
            "speechAct": "(지시) 질문하기",
            "morpheme": "헐/IC+대박/NNG+거의/MAG+원가/NNG+에/JKB+한/VV+ETM+거/NNB+아니/VCN+야/EC+!/SY"
          },
          {
            "id": 16,
            "text": "2 : 진짜 싸게 잘해줬지 이득",
            "norm_text": "진짜 싸게 잘해줬지 이득",
            "speaker": {
              "id": "2번",
              "sex": "여성",
              "age": "20대"
            },
            "speechAct": "(단언) 주장하기",
            "morpheme": "진짜/MAG+싸/VA+게/EC+잘/MAG+해/VV+EC+줬/VX+EP+지/EC+이득/NNG"
          },
          {
            "id": 17,
            "text": "1 : 아 진짜 부럽다 ㅜㅜ",
            "norm_text": "아 진짜 부럽다 ㅜㅜ",
            "speaker": {
              "id": "1번",
              "sex": "여성",
              "age": "20대"
            },
            "speechAct": "(단언) 주장하기",
            "morpheme": "아진짜부럽다ㅜㅜ/UNKNOWN"
          },
          {
            "id": 18,
            "text": "1 : 나는 작년에 100만 원 나왔어!",
            "norm_text": "나는 작년에 100만 원 나왔어!",
            "speaker": {
              "id": "1번",
              "sex": "여성",
              "age": "20대"
            },
            "speechAct": "(단언) 진술하기",
            "morpheme": "나/NP+는/JX+작년/NNG+에/JKB+100/SN+만/NR+원/NNBC+나왔/VV+EP+어/EF"
          },
          {
            "id": 19,
            "text": "2 : 와 충치로?",
            "norm_text": "와 충치로?",
            "speaker": {
              "id": "2번",
              "sex": "여성",
              "age": "20대"
            },
            "speechAct": "(지시) 질문하기",
            "morpheme": "와/IC+충치/NNG+로/JKB"
          },
          {
            "id": 20,
            "text": "2 ; 고생했겠네 진짜",
            "norm_text": "고생했겠네 진짜",
            "speaker": {
              "id": "2번",
              "sex": "여성",
              "age": "20대"
            },
            "speechAct": "(단언) 주장하기",
            "morpheme": "고생/NNG+했/XSV+EP+겠/EP+네/EF+진짜/MAG"
          }
        ]
      }
    }
  ]
}