{
  "dataset": {
    "identifier": 117664,
    "name": "FACEBOOK_102_13_set",
    "src_path": "/data/file/cubeManager/PROJECT001/77/txt20211028144832013956/FACEBOOK_102_13_set/",
    "label_path": "/data/file/cubeManager/PROJECT001/77/txt20211028144832013956/FACEBOOK_102_13_set/",
    "category": 2,
    "type": 0
  },
  "licenses": {
    "name": "Apache License 1.0",
    "url": "http://www.apache.org/licenses/LICENSE-1.0"
  },
  "info": [
    {
      "id": 100318,
      "filename": "FACEBOOK_102_13.txt",
      "title": "FACEBOOK_102_13",
      "mediatype": "SNS",
      "medianame": "페이스북",
      "category": "일상대화",
      "date": "2021-10-28",
      "size": 417,
      "annotations": {
        "subject": "계절/날씨",
        "speaker_type": "1:1",
        "size": 417,
        "word_size": 144,
        "text": "1 : 작은엄마는 천둥 치는 거 안 무서워?\n2 : 그럼~\n2 : 세월 지나니 아무것도 아니여\n1 : 키키 나는 별로 안 무서워 했는데 최근에 엄청 크게 치고 나서 무서워졌어 ㅜ\n2 : 최근에 언제 천둥이 쳤는데?\n1 : 키키 그 있잖아 추석 지나고 나서인가?\n2 : 아 추석 때도 비 많이 오던데\n1 : 키키 맞아\n1 : 이번에 비 많이 와서 우리 농산물 망함!\n2 : 이번에 무슨 농사 지었는데?\n1 : 우리 매년 하던 거\n1 : 무랑 배추!\n2 : 무랑 배추 다 물러 터졌겠어\n1 : 엄마한테 뽑았는지 물어봐야겠다!\n2 : 그러게~\n2 : 감 농사는 잘된 것 같던데\n1 : 키키 맞아\n1 : 작년까지는 병들어서 안 됐고 이번에는 달더라!\n2 : 오 다음에 가면 곶감 하나 깍아 봐~\n1 : 키키 당연하지\n1 : 나 이번에 내려가면 깎아야 해,\n2 : 많이 해서 건조기 말려 놔~",
        "lines": [
          {
            "id": 1,
            "text": "1 : 작은엄마는 천둥 치는 거 안 무서워?",
            "norm_text": "작은엄마는 천둥 치는 거 안 무서워?",
            "speaker": {
              "id": "1번",
              "sex": "여성",
              "age": "20대"
            },
            "speechAct": "(지시) 질문하기",
            "morpheme": "작/VA+은/ETM+엄마/NNG+는/JX+천둥/NNG+치/VV+는/ETM+거/NNB+안/MAG+무서워/VA+EF"
          },
          {
            "id": 2,
            "text": "2 : 그럼~",
            "norm_text": "그럼~",
            "speaker": {
              "id": "2번",
              "sex": "여성",
              "age": "40대"
            },
            "speechAct": "(단언) 주장하기",
            "morpheme": "그럼/MAJ+~/SY"
          },
          {
            "id": 3,
            "text": "2 : 세월 지나니 아무것도 아니여",
            "norm_text": "세월 지나니 아무것도 아니여",
            "speaker": {
              "id": "2번",
              "sex": "여성",
              "age": "40대"
            },
            "speechAct": "(단언) 주장하기",
            "morpheme": "세월/NNG+지나/VV+니/EC+아무것/NP+도/JX+아니/VCN+여/EC"
          },
          {
            "id": 4,
            "text": "1 : 키키 나는 별로 안 무서워 했는데 최근에 엄청 크게 치고 나서 무서워졌어 ㅜ",
            "norm_text": "키키 나는 별로 안 무서워 했는데 최근에 엄청 크게 치고 나서 무서워졌어 ㅜ",
            "speaker": {
              "id": "1번",
              "sex": "여성",
              "age": "20대"
            },
            "speechAct": "(단언) 진술하기",
            "morpheme": "키/NNG+키나/XSA+ETN+JX+는/JX+별로/MAG+안/MAG+무서워했/VV+EP+는데/EC+최근/NNG+에/JKB+엄청/MAG+크/VA+게/EC+치/VV+고/EC+나/VX+서/EC+무서워졌/VA+EC+VX+EP+어ㅜ/UNKNOWN"
          },
          {
            "id": 5,
            "text": "2 : 최근에 언제 천둥이 쳤는데?",
            "norm_text": "최근에 언제 천둥이 쳤는데?",
            "speaker": {
              "id": "2번",
              "sex": "여성",
              "age": "40대"
            },
            "speechAct": "(지시) 질문하기",
            "morpheme": "최근/NNG+에/JKB+언제/MAG+천둥/NNG+이/JKS+쳤/VV+EP+는데/EF"
          },
          {
            "id": 6,
            "text": "1 : 키키 그 있잖아 추석 지나고 나서인가?",
            "norm_text": "키키 그 있잖아 추석 지나고 나서인가?",
            "speaker": {
              "id": "1번",
              "sex": "여성",
              "age": "20대"
            },
            "speechAct": "(단언) 주장하기",
            "morpheme": "키키/NNP+그/MM+있/VA+잖아/EC+추석/NNG+지나/VV+고/EC+나/NP+서/JKB+인가/VCP+EF"
          },
          {
            "id": 7,
            "text": "2 : 아 추석 때도 비 많이 오던데",
            "norm_text": "아 추석 때도 비 많이 오던데",
            "speaker": {
              "id": "2번",
              "sex": "여성",
              "age": "40대"
            },
            "speechAct": "(단언) 진술하기",
            "morpheme": "아/IC+추석/NNG+때/NNG+도/JX+비/NNG+많이/MAG+오/VV+던데/EC"
          },
          {
            "id": 8,
            "text": "1 : 키키 맞아",
            "norm_text": "키키 맞아",
            "speaker": {
              "id": "1번",
              "sex": "여성",
              "age": "20대"
            },
            "speechAct": "(단언) 주장하기",
            "morpheme": "키/NNG+키/XSV+ETN+맞/VV+아/EC"
          },
          {
            "id": 9,
            "text": "1 : 이번에 비 많이 와서 우리 농산물 망함!",
            "norm_text": "이번에 비 많이 와서 우리 농산물 망함!",
            "speaker": {
              "id": "1번",
              "sex": "여성",
              "age": "20대"
            },
            "speechAct": "(단언) 진술하기",
            "morpheme": "이번/NNG+에/JKB+비/NNG+많이/MAG+와서/VV+EC+우리/NP+농산물/NNG+망함/VV+ETN"
          },
          {
            "id": 10,
            "text": "2 : 이번에 무슨 농사 지었는데?",
            "norm_text": "이번에 무슨 농사 지었는데?",
            "speaker": {
              "id": "2번",
              "sex": "여성",
              "age": "40대"
            },
            "speechAct": "(지시) 질문하기",
            "morpheme": "이번/NNG+에/JKB+무슨/MM+농사지/VV+었/EP+는데/EF"
          },
          {
            "id": 11,
            "text": "1 : 우리 매년 하던 거",
            "norm_text": "우리 매년 하던 거",
            "speaker": {
              "id": "1번",
              "sex": "여성",
              "age": "20대"
            },
            "speechAct": "(단언) 진술하기",
            "morpheme": "우리/NP+매년/MAG+하/VV+던/ETM+거/NNB"
          },
          {
            "id": 12,
            "text": "1 : 무랑 배추!",
            "norm_text": "무랑 배추!",
            "speaker": {
              "id": "1번",
              "sex": "여성",
              "age": "20대"
            },
            "speechAct": "(단언) 진술하기",
            "morpheme": "무랑/NNG+배추/NNG"
          },
          {
            "id": 13,
            "text": "2 : 무랑 배추 다 물러 터졌겠어",
            "norm_text": "무랑 배추 다 물러 터졌겠어",
            "speaker": {
              "id": "2번",
              "sex": "여성",
              "age": "40대"
            },
            "speechAct": "(단언) 주장하기",
            "morpheme": "무랑/NNG+배추/NNG+다물/VV+러/EC+터졌/VX+EP+겠/EP+어/EC"
          },
          {
            "id": 14,
            "text": "1 : 엄마한테 뽑았는지 물어봐야겠다!",
            "norm_text": "엄마한테 뽑았는지 물어봐야겠다!",
            "speaker": {
              "id": "1번",
              "sex": "여성",
              "age": "20대"
            },
            "speechAct": "(언약) 약속하기(제3자와)/(개인적 수준)",
            "morpheme": "엄마/NNG+한테/JKB+뽑/VV+았/EP+는지/EC+물어봐야/VV+EC+VX+겠/EP+다/EF"
          },
          {
            "id": 15,
            "text": "2 : 그러게~",
            "norm_text": "그러게~",
            "speaker": {
              "id": "2번",
              "sex": "여성",
              "age": "40대"
            },
            "speechAct": "(단언) 주장하기",
            "morpheme": "그러/VV+게/EC+~/SY"
          },
          {
            "id": 16,
            "text": "2 : 감 농사는 잘된 것 같던데",
            "norm_text": "감 농사는 잘된 것 같던데",
            "speaker": {
              "id": "2번",
              "sex": "여성",
              "age": "40대"
            },
            "speechAct": "(단언) 주장하기",
            "morpheme": "감/NNG+농사/NNG+는/JX+잘/MAG+된/VV+ETM+것/NNB+같/VA+던데/EC"
          },
          {
            "id": 17,
            "text": "1 : 키키 맞아",
            "norm_text": "키키 맞아",
            "speaker": {
              "id": "1번",
              "sex": "여성",
              "age": "20대"
            },
            "speechAct": "(단언) 주장하기",
            "morpheme": "키/NNG+키/XSV+ETN+맞/VV+아/EC"
          },
          {
            "id": 18,
            "text": "1 : 작년까지는 병들어서 안 됐고 이번에는 달더라!",
            "norm_text": "작년까지는 병들어서 안 됐고 이번에는 달더라!",
            "speaker": {
              "id": "1번",
              "sex": "여성",
              "age": "20대"
            },
            "speechAct": "(단언) 진술하기",
            "morpheme": "작년/NNG+까지/JX+는/JX+병들/VV+어서/EC+안/MAG+됐/VV+EP+고/EC+이번/NNG+에/JKB+는/JX+달/VX+더라/EF"
          },
          {
            "id": 19,
            "text": "2 : 오 다음에 가면 곶감 하나 깍아 봐~",
            "norm_text": "오 다음에 가면 곶감 하나 깍아 봐~",
            "speaker": {
              "id": "2번",
              "sex": "여성",
              "age": "40대"
            },
            "speechAct": "(지시) 명령/요구하기",
            "morpheme": "오/NR+다음/NNG+에/JKB+가/VV+면/EC+곶감/NNG+하나/NR+깍/VV+아/EC+봐/VX+EC+~/SY"
          },
          {
            "id": 20,
            "text": "1 : 키키 당연하지",
            "norm_text": "키키 당연하지",
            "speaker": {
              "id": "1번",
              "sex": "여성",
              "age": "20대"
            },
            "speechAct": "(단언) 주장하기",
            "morpheme": "키/NNG+키/XSV+ETN+당연/XR+하/XSA+지/EC"
          },
          {
            "id": 21,
            "text": "1 : 나 이번에 내려가면 깎아야 해,",
            "norm_text": "나 이번에 내려가면 깎아야 해,",
            "speaker": {
              "id": "1번",
              "sex": "여성",
              "age": "20대"
            },
            "speechAct": "(지시) 명령/요구하기",
            "morpheme": "나/NP+이번/NNG+에/JKB+내려가/VV+면/EC+깎/VV+아야/EC+해/VX+EF+,/SC"
          },
          {
            "id": 22,
            "text": "2 : 많이 해서 건조기 말려 놔~",
            "norm_text": "많이 해서 건조기 말려 놔~",
            "speaker": {
              "id": "2번",
              "sex": "여성",
              "age": "40대"
            },
            "speechAct": "(지시) 명령/요구하기",
            "morpheme": "많이/MAG+해서/VV+EC+건조기/NNG+말려/VV+EC+놔/VX+EC+~/SY"
          }
        ]
      }
    }
  ]
}