{
  "dataset": {
    "identifier": 117627,
    "name": "FACEBOOK_119_12_set",
    "src_path": "/data/file/cubeManager/PROJECT001/80/txt20211102103850078823/FACEBOOK_119_12_set/",
    "label_path": "/data/file/cubeManager/PROJECT001/80/txt20211102103850078823/FACEBOOK_119_12_set/",
    "category": 2,
    "type": 0
  },
  "licenses": {
    "name": "Apache License 1.0",
    "url": "http://www.apache.org/licenses/LICENSE-1.0"
  },
  "info": [
    {
      "id": 129775,
      "filename": "FACEBOOK_119_12.txt",
      "title": "FACEBOOK_119_12",
      "mediatype": "SNS",
      "medianame": "페이스북",
      "category": "일상대화",
      "date": "2021-11-02",
      "size": 441,
      "annotations": {
        "subject": "여행",
        "speaker_type": "1:1",
        "size": 441,
        "word_size": 155,
        "text": "1 : 나 11월 말까지 프로젝트 있어서 12월에 놀러 가기로 했어 ㅜ\n2 : 헐 남자친구랑 놀러 간다고 했던 거기?\n1 : 웅 맞아 남친도 연차 10개 있고 나도 월차 5개나 있는데  ㅜ\n2 : 아냐 연말에 가고 좋지 않아?\n1 : 근데 월차 5개 월금월금월 이렇게 쓰면 욕 박히겠지?\n2 : 아니지 그냥 한번에 다 이어서 써\n1 : 아 그럴까?  좋은 생각인데?\n2 : 월 화 수 목 금 토 일 일주일을 쉬는 거지 키키  개 이득!\n1 : 그 정도면 해외 쌉가능인데 시국이 시국인지라 ㅜ\n2 : 아냐 동남아 풀렸다고 하잖아 키키\n2 : 오빠랑 가~\n1 : 근데 지금 거기 확진자 몇 천 명씩 나온대!\n2 : 너 아직 백신 안 맞았어?\n1 : 어 나 아직 애기야, 신생아 헤헤\n2 : 헐 대박 얼릉 맞고 여행 다녀 와 키키\n1 : 키키 아마 백신은 내년 초에 맞을 거 같아!\n2 : 그럼 국내 일주일 놀러 갔다 와~",
        "lines": [
          {
            "id": 1,
            "text": "1 : 나 11월 말까지 프로젝트 있어서 12월에 놀러 가기로 했어 ㅜ",
            "norm_text": "나 11월 말까지 프로젝트 있어서 12월에 놀러 가기로 했어 ㅜ",
            "speaker": {
              "id": "1번",
              "sex": "여성",
              "age": "20대"
            },
            "speechAct": "(단언) 진술하기",
            "morpheme": "나/NP+11/SN+월/NNBC+말/NNB+까지/JX+프로젝트/NNG+있/VV+어서/EC+12/SN+월/NNBC+에/JKB+놀/VV+러/EC+가/VX+기/ETN+로/JKB+했/VV+EP+어ㅜ/UNKNOWN"
          },
          {
            "id": 2,
            "text": "2 : 헐 남자친구랑 놀러 간다고 했던 거기?",
            "norm_text": "헐 남자친구랑 놀러 간다고 했던 거기?",
            "speaker": {
              "id": "2번",
              "sex": "여성",
              "age": "20대"
            },
            "speechAct": "(단언) 주장하기",
            "morpheme": "헐/IC+남자/NNG+친구/NNG+랑/JKB+놀/VV+러/EC+간다고/VX+EC+했/VX+EP+던/ETM+거기/NP"
          },
          {
            "id": 3,
            "text": "1 : 웅 맞아 남친도 연차 10개 있고 나도 월차 5개나 있는데  ㅜ",
            "norm_text": "웅 맞아 남친도 연차 10개 있고 나도 월차 5개나 있는데  ㅜ",
            "speaker": {
              "id": "1번",
              "sex": "여성",
              "age": "20대"
            },
            "speechAct": "(단언) 진술하기",
            "morpheme": "웅맞아남친도연차/UNKNOWN+10/SN+개/NNBC+있/VA+고/EC+나/NP+도/JX+월차/NNG+5/SN+개/NNBC+나/JX+있/VV+는/ETM+데ㅜ/UNKNOWN"
          },
          {
            "id": 4,
            "text": "2 : 아냐 연말에 가고 좋지 않아?",
            "norm_text": "아냐 연말에 가고 좋지 않아?",
            "speaker": {
              "id": "2번",
              "sex": "여성",
              "age": "20대"
            },
            "speechAct": "(단언) 주장하기",
            "morpheme": "아냐/IC+연말/NNG+에/JKB+가/VV+고/EC+좋/VA+지/EC+않/VX+아/EF"
          },
          {
            "id": 5,
            "text": "1 : 근데 월차 5개 월금월금월 이렇게 쓰면 욕 박히겠지?",
            "norm_text": "근데 월차 5개 월금월금월 이렇게 쓰면 욕 박히겠지?",
            "speaker": {
              "id": "1번",
              "sex": "여성",
              "age": "20대"
            },
            "speechAct": "(단언) 주장하기",
            "morpheme": "근데/MAJ+월차/NNG+5/SN+개월/NNBC+금월/NNG+금월/NNG+이렇게/MAG+쓰/VV+면/EC+욕/NNG+박히/VV+겠/EP+지/EF"
          },
          {
            "id": 6,
            "text": "2 : 아니지 그냥 한번에 다 이어서 써",
            "norm_text": "아니지 그냥 한번에 다 이어서 써",
            "speaker": {
              "id": "2번",
              "sex": "여성",
              "age": "20대"
            },
            "speechAct": "(지시) 충고/제안하기",
            "morpheme": "아니/VCN+지/EC+그냥/MAG+한번/NNG+에다/JKB+이어서/VV+EC+써/VV+EC"
          },
          {
            "id": 7,
            "text": "1 : 아 그럴까?  좋은 생각인데?",
            "norm_text": "아 그럴까?  좋은 생각인데?",
            "speaker": {
              "id": "1번",
              "sex": "여성",
              "age": "20대"
            },
            "speechAct": "(단언) 주장하기",
            "morpheme": "아/IC+그럴까/VV+EF+좋/VA+은/ETM+생각/NNG+인데/VCP+EF"
          },
          {
            "id": 8,
            "text": "2 : 월 화 수 목 금 토 일 일주일을 쉬는 거지 키키  개 이득!",
            "norm_text": "월 화 수 목 금 토 일 일주일을 쉬는 거지 키키  개 이득!",
            "speaker": {
              "id": "2번",
              "sex": "여성",
              "age": "20대"
            },
            "speechAct": "(단언) 주장하기",
            "morpheme": "월화수/NNP+목금/NNG+토/XSV+EC+일/NR+일/NR+주일/NNBC+을/JKO+쉬/VV+는/ETM+거/NNB+지/VCP+EC+키/NNG+키/XSV+ETN+개/NNBC+이득/NNG"
          },
          {
            "id": 9,
            "text": "1 : 그 정도면 해외 쌉가능인데 시국이 시국인지라 ㅜ",
            "norm_text": "그 정도면 해외 쌉가능인데 시국이 시국인지라 ㅜ",
            "speaker": {
              "id": "1번",
              "sex": "여성",
              "age": "20대"
            },
            "speechAct": "(단언) 주장하기",
            "morpheme": "그/MM+정도/NNG+면해/VV+EC+외쌉/UNKNOWN+가능/NNG+인데/VCP+EC+시국/NNG+이/JKS+시국/NNG+인지/VCP+EC+라ㅜ/UNKNOWN"
          },
          {
            "id": 10,
            "text": "2 : 아냐 동남아 풀렸다고 하잖아 키키",
            "norm_text": "아냐 동남아 풀렸다고 하잖아 키키",
            "speaker": {
              "id": "2번",
              "sex": "여성",
              "age": "20대"
            },
            "speechAct": "(단언) 주장하기",
            "morpheme": "아냐/IC+동남아/NNP+풀렸/VV+EP+다고/EC+하/VV+잖아/EC+키/NNG+키/XSV+ETN"
          },
          {
            "id": 11,
            "text": "2 : 오빠랑 가~",
            "norm_text": "오빠랑 가~",
            "speaker": {
              "id": "2번",
              "sex": "여성",
              "age": "20대"
            },
            "speechAct": "(지시) 충고/제안하기",
            "morpheme": "오빠/NNG+랑/JC+가/JKS+~/SY"
          },
          {
            "id": 12,
            "text": "1 : 근데 지금 거기 확진자 몇 천 명씩 나온대!",
            "norm_text": "근데 지금 거기 확진자 몇 천 명씩 나온대!",
            "speaker": {
              "id": "1번",
              "sex": "여성",
              "age": "20대"
            },
            "speechAct": "(단언) 진술하기",
            "morpheme": "근데/MAJ+지금/MAG+거기/NP+확진/NNG+자/XSN+몇/MM+천/NR+명/NNBC+씩/XSN+나온대/VV+EF"
          },
          {
            "id": 13,
            "text": "2 : 너 아직 백신 안 맞았어?",
            "norm_text": "너 아직 백신 안 맞았어?",
            "speaker": {
              "id": "2번",
              "sex": "여성",
              "age": "20대"
            },
            "speechAct": "(지시) 질문하기",
            "morpheme": "너/NP+아직/MAG+백신/NNG+안/MAG+맞/VV+았/EP+어/EF"
          },
          {
            "id": 14,
            "text": "1 : 어 나 아직 애기야, 신생아 헤헤",
            "norm_text": "어 나 아직 애기야, 신생아 헤헤",
            "speaker": {
              "id": "1번",
              "sex": "여성",
              "age": "20대"
            },
            "speechAct": "(단언) 진술하기",
            "morpheme": "어/IC+나/NP+아직/MAG+애기/NNG+야/VCP+EF+,/SC+신생아/NNG+헤/XSV+EC+헤/VX+EC"
          },
          {
            "id": 15,
            "text": "2 : 헐 대박 얼릉 맞고 여행 다녀 와 키키",
            "norm_text": "헐 대박 얼릉 맞고 여행 다녀 와 키키",
            "speaker": {
              "id": "2번",
              "sex": "여성",
              "age": "20대"
            },
            "speechAct": "(지시) 충고/제안하기",
            "morpheme": "헐/IC+대박/NNG+얼릉/MAG+맞/VV+고/EC+여행/NNG+다녀와/VV+EC+키/NNG+키/XSV+ETN"
          },
          {
            "id": 16,
            "text": "1 : 키키 아마 백신은 내년 초에 맞을 거 같아!",
            "norm_text": "키키 아마 백신은 내년 초에 맞을 거 같아!",
            "speaker": {
              "id": "1번",
              "sex": "여성",
              "age": "20대"
            },
            "speechAct": "(단언) 주장하기",
            "morpheme": "키/NNG+키/XSV+ETN+아마/MAG+백신/NNG+은/JX+내년/NNG+초/NNB+에/JKB+맞/VV+을/ETM+거/NNB+같/VA+아/EF"
          },
          {
            "id": 17,
            "text": "2 : 그럼 국내 일주일 놀러 갔다 와~",
            "norm_text": "그럼 국내 일주일 놀러 갔다 와~",
            "speaker": {
              "id": "2번",
              "sex": "여성",
              "age": "20대"
            },
            "speechAct": "(지시) 충고/제안하기",
            "morpheme": "그럼/MAJ+국내/NNG+일/NR+주일/NNBC+놀/VV+러/EC+갔다와/VV+EC+~/SY"
          }
        ]
      }
    }
  ]
}