{
  "dataset": {
    "identifier": 125284,
    "name": "FACEBOOK_125_01_set",
    "src_path": "/data/file/cubeManager/PROJECT001/84/txt20211105160906095580/FACEBOOK_125_01_set/",
    "label_path": "/data/file/cubeManager/PROJECT001/84/txt20211105160906095580/FACEBOOK_125_01_set/",
    "category": 2,
    "type": 0
  },
  "licenses": {
    "name": "Apache License 1.0",
    "url": "http://www.apache.org/licenses/LICENSE-1.0"
  },
  "info": [
    {
      "id": 140158,
      "filename": "FACEBOOK_125_01.txt",
      "title": "FACEBOOK_125_01",
      "mediatype": "SNS",
      "medianame": "페이스북",
      "category": "일상대화",
      "date": "2021-11-05",
      "size": 382,
      "annotations": {
        "subject": "식음료",
        "speaker_type": "1:1",
        "size": 382,
        "word_size": 134,
        "text": "1 : 야식 먹으려는데 뭐 먹을까?\n2 : 지코바 시켜 먹어 언능 진짜 맛있어\n1 : 지코바? 치킨 브랜드 이름 아니야? 키키\n2 : 지코바 치킨 ! 맞아 진짜 맛있어 언능 시켜\n1 : 좋아 그럼 오늘 야식 그냥 치킨 픽!\n2 : 진짜 교촌도 맛있지만 지코바가 짱인 듯\n1 : 아 난 교촌파인데 이렇게 지코바를?~ 하하\n2 : 아 나는 뭐 시켜 먹지 움 행복한 고민\n1 : 당연히 치킨이지!\n1 : 같이 치킨이나 뜯자\n2 : 진짜 우리 오늘은 같이 지코바 하자\n1 : 콜 서로 시킨 거 인증하기 어때?\n2 : 맛보고 후기 알려줘 !! 알겠지 키키\n1 : 알았어\n1 : 근데 난 교촌이 더 나을 거 같은데 흠\n2 : 아 진짜 그럼 교촌하자\n1 : 고마워 키키\n1 : 같이 교촌이나 먹자\n2 : 그래 교촌이나 먹자 같이",
        "lines": [
          {
            "id": 1,
            "text": "1 : 야식 먹으려는데 뭐 먹을까?",
            "norm_text": "야식 먹으려는데 뭐 먹을까?",
            "speaker": {
              "id": "1번",
              "sex": "여성",
              "age": "20대"
            },
            "speechAct": "(지시) 질문하기",
            "morpheme": "야식/NNG+먹/VV+으려는데/EC+뭐/IC+먹/VV+을까/EF"
          },
          {
            "id": 2,
            "text": "2 : 지코바 시켜 먹어 언능 진짜 맛있어",
            "norm_text": "지코바 시켜 먹어 언능 진짜 맛있어",
            "speaker": {
              "id": "2번",
              "sex": "남성",
              "age": "20대"
            },
            "speechAct": "(단언) 주장하기",
            "morpheme": "지코/NNP+바/NNB+시켜/VV+EC+먹/VV+어/EC+언능/MAG+진짜/MAG+맛있/VA+어/EC"
          },
          {
            "id": 3,
            "text": "1 : 지코바? 치킨 브랜드 이름 아니야? 키키",
            "norm_text": "지코바? 치킨 브랜드 이름 아니야? 키키",
            "speaker": {
              "id": "1번",
              "sex": "여성",
              "age": "20대"
            },
            "speechAct": "(지시) 질문하기",
            "morpheme": "지코/NNP+바/NNB+치킨/VV+ETM+브랜드/NNG+이름/NNG+아니/VCN+야/EF+키/NNG+키/XSV+ETN"
          },
          {
            "id": 4,
            "text": "2 : 지코바 치킨 ! 맞아 진짜 맛있어 언능 시켜",
            "norm_text": "지코바 치킨 ! 맞아 진짜 맛있어 언능 시켜",
            "speaker": {
              "id": "2번",
              "sex": "남성",
              "age": "20대"
            },
            "speechAct": "(단언) 주장하기",
            "morpheme": "지코/NNP+바/NNB+치킨/VV+ETM+맞/VV+아/EC+진짜/MAG+맛있/VA+어/EC+언능/MAG+시켜/VV+EC"
          },
          {
            "id": 5,
            "text": "1 : 좋아 그럼 오늘 야식 그냥 치킨 픽!",
            "norm_text": "좋아 그럼 오늘 야식 그냥 치킨 픽!",
            "speaker": {
              "id": "1번",
              "sex": "여성",
              "age": "20대"
            },
            "speechAct": "(단언) 주장하기",
            "morpheme": "좋/VA+아/EC+그럼/MAJ+오늘/MAG+야식/NNG+그냥/MAG+치킨/VV+ETM+픽/IC"
          },
          {
            "id": 6,
            "text": "2 : 진짜 교촌도 맛있지만 지코바가 짱인 듯",
            "norm_text": "진짜 교촌도 맛있지만 지코바가 짱인 듯",
            "speaker": {
              "id": "2번",
              "sex": "남성",
              "age": "20대"
            },
            "speechAct": "(단언) 주장하기",
            "morpheme": "진짜/MAG+교촌/NNG+도/JX+맛있/VA+지만/EC+지코/NNP+바/NNB+가/JKS+짱/NNG+인/VCP+ETM+듯/NNB"
          },
          {
            "id": 7,
            "text": "1 : 아 난 교촌파인데 이렇게 지코바를?~ 하하",
            "norm_text": "아 난 교촌파인데 이렇게 지코바를?~ 하하",
            "speaker": {
              "id": "1번",
              "sex": "여성",
              "age": "20대"
            },
            "speechAct": "(지시) 질문하기",
            "morpheme": "아난교촌파인데이렇게지코바를/UNKNOWN+~/SY+하하/NNP"
          },
          {
            "id": 8,
            "text": "2 : 아 나는 뭐 시켜 먹지 움 행복한 고민",
            "norm_text": "아 나는 뭐 시켜 먹지 움 행복한 고민",
            "speaker": {
              "id": "2번",
              "sex": "남성",
              "age": "20대"
            },
            "speechAct": "(단언) 주장하기",
            "morpheme": "아/IC+나/NP+는/JX+뭐/IC+시켜/VV+EC+먹/VV+지/EF+움/IC+행복/NNG+한/XSA+ETM+고민/NNG"
          },
          {
            "id": 9,
            "text": "1 : 당연히 치킨이지!",
            "norm_text": "당연히 치킨이지!",
            "speaker": {
              "id": "1번",
              "sex": "여성",
              "age": "20대"
            },
            "speechAct": "(단언) 주장하기",
            "morpheme": "당연히/MAG+치킨/NNG+이/VCP+지/EF"
          },
          {
            "id": 10,
            "text": "1 : 같이 치킨이나 뜯자",
            "norm_text": "같이 치킨이나 뜯자",
            "speaker": {
              "id": "1번",
              "sex": "여성",
              "age": "20대"
            },
            "speechAct": "(단언) 주장하기",
            "morpheme": "같이/MAG+치킨/NNG+이나/JX+뜯/VV+자/EC"
          },
          {
            "id": 11,
            "text": "2 : 진짜 우리 오늘은 같이 지코바 하자",
            "norm_text": "진짜 우리 오늘은 같이 지코바 하자",
            "speaker": {
              "id": "2번",
              "sex": "남성",
              "age": "20대"
            },
            "speechAct": "(단언) 주장하기",
            "morpheme": "진짜/MAG+우리/NP+오늘/MAG+은/JX+같이/MAG+지코/NNP+바/NNB+하/VV+자/EC"
          },
          {
            "id": 12,
            "text": "1 : 콜 서로 시킨 거 인증하기 어때?",
            "norm_text": "콜 서로 시킨 거 인증하기 어때?",
            "speaker": {
              "id": "1번",
              "sex": "여성",
              "age": "20대"
            },
            "speechAct": "(지시) 충고/제안하기",
            "morpheme": "콜/NNG+서로/MAG+시킨/VV+ETM+거/NNB+인증/NNG+하/XSV+기/ETN+어때/VA+EF"
          },
          {
            "id": 13,
            "text": "2 : 맛보고 후기 알려줘 !! 알겠지 키키",
            "norm_text": "맛보고 후기 알려줘 !! 알겠지 키키",
            "speaker": {
              "id": "2번",
              "sex": "남성",
              "age": "20대"
            },
            "speechAct": "(단언) 주장하기",
            "morpheme": "맛보/VV+고/EC+후기/NNG+알려/VV+EC+줘/VX+EF+!/SY+알/VV+겠/EP+지/EC+키/NNG+키/XSV+ETN"
          },
          {
            "id": 14,
            "text": "1 : 알았어",
            "norm_text": "알았어",
            "speaker": {
              "id": "1번",
              "sex": "여성",
              "age": "20대"
            },
            "speechAct": "(단언) 주장하기",
            "morpheme": "알/VV+았/EP+어/EC"
          },
          {
            "id": 15,
            "text": "1 : 근데 난 교촌이 더 나을 거 같은데 흠",
            "norm_text": "근데 난 교촌이 더 나을 거 같은데 흠",
            "speaker": {
              "id": "1번",
              "sex": "여성",
              "age": "20대"
            },
            "speechAct": "(단언) 주장하기",
            "morpheme": "근데/MAJ+난/NP+JX+교촌/NNG+이/JKS+더나/VV+을/ETM+거/NNB+같/VA+은데/EC+흠/NNG"
          },
          {
            "id": 16,
            "text": "2 : 아 진짜 그럼 교촌하자",
            "norm_text": "아 진짜 그럼 교촌하자",
            "speaker": {
              "id": "2번",
              "sex": "남성",
              "age": "20대"
            },
            "speechAct": "(단언) 주장하기",
            "morpheme": "아/IC+진짜/MAG+그럼/MAJ+교촌/NNG+하/XSV+자/EC"
          },
          {
            "id": 17,
            "text": "1 : 고마워 키키",
            "norm_text": "고마워 키키",
            "speaker": {
              "id": "1번",
              "sex": "여성",
              "age": "20대"
            },
            "speechAct": "(단언) 주장하기",
            "morpheme": "고마워/VA+EC+키/NNG+키/XSV+ETN"
          },
          {
            "id": 18,
            "text": "1 : 같이 교촌이나 먹자",
            "norm_text": "같이 교촌이나 먹자",
            "speaker": {
              "id": "1번",
              "sex": "여성",
              "age": "20대"
            },
            "speechAct": "(지시) 충고/제안하기",
            "morpheme": "같이/MAG+교촌/NNG+이나/JX+먹/VV+자/EC"
          },
          {
            "id": 19,
            "text": "2 : 그래 교촌이나 먹자 같이",
            "norm_text": "그래 교촌이나 먹자 같이",
            "speaker": {
              "id": "2번",
              "sex": "남성",
              "age": "20대"
            },
            "speechAct": "(단언) 주장하기",
            "morpheme": "그래/IC+교촌/NNG+이나/JC+먹자/NNG+같이/JKB"
          }
        ]
      }
    }
  ]
}