{
  "dataset": {
    "identifier": 98159,
    "name": "FACEBOOK_104_20_set",
    "src_path": "/data/file/cubeManager/PROJECT001/77/txt20211028145511025523/FACEBOOK_104_20_set/",
    "label_path": "/data/file/cubeManager/PROJECT001/77/txt20211028145511025523/FACEBOOK_104_20_set/",
    "category": 2,
    "type": 0
  },
  "licenses": {
    "name": "Apache License 1.0",
    "url": "http://www.apache.org/licenses/LICENSE-1.0"
  },
  "info": [
    {
      "id": 100505,
      "filename": "FACEBOOK_104_20.txt",
      "title": "FACEBOOK_104_20",
      "mediatype": "SNS",
      "medianame": "페이스북",
      "category": "일상대화",
      "date": "2021-10-28",
      "size": 491,
      "annotations": {
        "subject": "영화/만화",
        "speaker_type": "1:1",
        "size": 491,
        "word_size": 166,
        "text": "1 : 너는 어렸을 때 달빛천사라는 애니 봤어?\n2 : 어 나 그거 완전 좋아해\n1 : 라떼는 말이지 노래방 가면 달빛천사 메들리 부르는 게 국룰이었어!\n2 : 와 진짜 인정 나도 노래방 가면 달빛천사 노래 부르고 그랬어 키키\n1 : 키키 근데 2018년도에 달빛천사 콘서트 했던 거 알아?\n2 : 어 기사로 봤었어 ㅠㅠ 가고싶더라 ㅠㅠ\n1 : 하 나도 가고 싶었는데 일 때문에  못 갔어\n2 : 나는 너무 나중에 봤었어 기사를 ㅠㅠ\n1 : 키키 나는 갈 수 있었는데!\n1 : 나 대신에 아는 언니가 갔는데 눈물 흘렸대 ㅜ\n2 : 와 그 정도야? ㅠㅠ\n2 : 진짜 다시 했으면 좋겠다 ㅠ\n1 : 맞아 ㅜㅜ\n1 : 근데 그게 마지막일 거 같아!\n2 : 그렇긴 하다 박수 칠 때 떠나라는 말이 있잖아 ㅠㅠ\n1 : 거기 갔던 사람들 씨디 구매해서 가지고 있대!\n2 : 와 CD 진짜 갖고 싶다 지금은 안파나?\n1 : 키키 맞아 ㅜㅜ\n1 : 그거 당근 마켓에 올라왔으면 좋겠다!\n2 : 나 오늘 부터 당근마켓 계속 본다",
        "lines": [
          {
            "id": 1,
            "text": "1 : 너는 어렸을 때 달빛천사라는 애니 봤어?",
            "norm_text": "너는 어렸을 때 달빛천사라는 애니 봤어?",
            "speaker": {
              "id": "1번",
              "sex": "여성",
              "age": "20대"
            },
            "speechAct": "(지시) 질문하기",
            "morpheme": "너/NP+는/JX+어렸/VA+EP+을/ETM+때/NNG+달빛천사/NNP+라는/VCP+ETM+애/NNG+니/VCP+EC+봤/VX+EP+어/EF"
          },
          {
            "id": 2,
            "text": "2 : 어 나 그거 완전 좋아해",
            "norm_text": "어 나 그거 완전 좋아해",
            "speaker": {
              "id": "2번",
              "sex": "여성",
              "age": "20대"
            },
            "speechAct": "(단언) 주장하기",
            "morpheme": "어/IC+나/NP+그거/NP+완전/MAG+좋아해/VV+EC"
          },
          {
            "id": 3,
            "text": "1 : 라떼는 말이지 노래방 가면 달빛천사 메들리 부르는 게 국룰이었어!",
            "norm_text": "라떼는 말이지 노래방 가면 달빛천사 메들리 부르는 게 국룰이었어!",
            "speaker": {
              "id": "1번",
              "sex": "여성",
              "age": "20대"
            },
            "speechAct": "(단언) 주장하기",
            "morpheme": "라떼/NNG+는/JX+말/NNG+이/VCP+지/EC+노래방/NNG+가/VV+면/EC+달빛천사/NNP+메들리/NNG+부르/VV+는/ETM+게/NNB+JKS+국/NNG+룰/NNG+이/VCP+었/EP+어/EF"
          },
          {
            "id": 4,
            "text": "2 : 와 진짜 인정 나도 노래방 가면 달빛천사 노래 부르고 그랬어 키키",
            "norm_text": "와 진짜 인정 나도 노래방 가면 달빛천사 노래 부르고 그랬어 키키",
            "speaker": {
              "id": "2번",
              "sex": "여성",
              "age": "20대"
            },
            "speechAct": "(단언) 진술하기",
            "morpheme": "와/IC+진짜/MAG+인정/NNG+나/NP+도/JX+노래방/NNG+가/VV+면/EC+달빛천사/NNP+노래/NNG+부르/VV+고/EC+그랬/VV+EP+어/EC+키/NNG+키/XSV+ETN"
          },
          {
            "id": 5,
            "text": "1 : 키키 근데 2018년도에 달빛천사 콘서트 했던 거 알아?",
            "norm_text": "키키 근데 2018년도에 달빛천사 콘서트 했던 거 알아?",
            "speaker": {
              "id": "1번",
              "sex": "여성",
              "age": "20대"
            },
            "speechAct": "(지시) 질문하기",
            "morpheme": "키/NNG+키/XSV+ETN+근데/MAJ+2018/SN+년/NNBC+도/NNG+에/JKB+달빛천사/NNP+콘서트/NNG+했/XSV+EP+던/ETM+거/NNB+알/VV+아/EF"
          },
          {
            "id": 6,
            "text": "2 : 어 기사로 봤었어 ㅠㅠ 가고싶더라 ㅠㅠ",
            "norm_text": "어 기사로 봤었어 ㅠㅠ 가고싶더라 ㅠㅠ",
            "speaker": {
              "id": "2번",
              "sex": "여성",
              "age": "20대"
            },
            "speechAct": "(단언) 주장하기",
            "morpheme": "어/IC+기사/NNG+로/JKB+봤었/VV+EP+어/EF+ㅠㅠ/UNKNOWN+가/VV+고/EC+싶/VX+더라/EF+ㅠㅠ/UNKNOWN"
          },
          {
            "id": 7,
            "text": "1 : 하 나도 가고 싶었는데 일 때문에  못 갔어",
            "norm_text": "하 나도 가고 싶었는데 일 때문에  못 갔어",
            "speaker": {
              "id": "1번",
              "sex": "여성",
              "age": "20대"
            },
            "speechAct": "(단언) 진술하기",
            "morpheme": "하나/NR+도/JX+가/VV+고/EC+싶/VX+었/EP+는데/EC+일/NNG+때문/NNB+에/JKB+못/MAG+갔/VV+EP+어/EC"
          },
          {
            "id": 8,
            "text": "2 : 나는 너무 나중에 봤었어 기사를 ㅠㅠ",
            "norm_text": "나는 너무 나중에 봤었어 기사를 ㅠㅠ",
            "speaker": {
              "id": "2번",
              "sex": "여성",
              "age": "20대"
            },
            "speechAct": "(단언) 진술하기",
            "morpheme": "나/NP+는/JX+너무/MAG+나중/NNG+에/JKB+봤었/VV+EP+어/EC+기사/NNG+를/JKO+ㅠㅠ/UNKNOWN"
          },
          {
            "id": 9,
            "text": "1 : 키키 나는 갈 수 있었는데!",
            "norm_text": "키키 나는 갈 수 있었는데!",
            "speaker": {
              "id": "1번",
              "sex": "여성",
              "age": "20대"
            },
            "speechAct": "(단언) 진술하기",
            "morpheme": "키/NNG+키나/XSA+ETN+JX+는/JX+갈/VV+ETM+수/NNB+있/VV+었/EP+는데/EF"
          },
          {
            "id": 10,
            "text": "1 : 나 대신에 아는 언니가 갔는데 눈물 흘렸대 ㅜ",
            "norm_text": "나 대신에 아는 언니가 갔는데 눈물 흘렸대 ㅜ",
            "speaker": {
              "id": "1번",
              "sex": "여성",
              "age": "20대"
            },
            "speechAct": "(단언) 진술하기",
            "morpheme": "나/NP+대신/NNG+에/JKB+아/VV+는/ETM+언니/NNG+가/JKS+갔/VV+EP+는데/EC+눈물/NNG+흘렸/VV+EP+대ㅜ/UNKNOWN"
          },
          {
            "id": 11,
            "text": "2 : 와 그 정도야? ㅠㅠ",
            "norm_text": "와 그 정도야? ㅠㅠ",
            "speaker": {
              "id": "2번",
              "sex": "여성",
              "age": "20대"
            },
            "speechAct": "(지시) 질문하기",
            "morpheme": "와/IC+그/MM+정도/NNG+야/VCP+EF+ㅠㅠ/UNKNOWN"
          },
          {
            "id": 12,
            "text": "2 : 진짜 다시 했으면 좋겠다 ㅠ",
            "norm_text": "진짜 다시 했으면 좋겠다 ㅠ",
            "speaker": {
              "id": "2번",
              "sex": "여성",
              "age": "20대"
            },
            "speechAct": "(단언) 주장하기",
            "morpheme": "진짜/MAG+다시/MAG+했/VV+EP+으면/EC+좋/VA+겠/EP+다ㅠ/UNKNOWN"
          },
          {
            "id": 13,
            "text": "1 : 맞아 ㅜㅜ",
            "norm_text": "맞아 ㅜㅜ",
            "speaker": {
              "id": "1번",
              "sex": "여성",
              "age": "20대"
            },
            "speechAct": "(단언) 주장하기",
            "morpheme": "맞아ㅜㅜ/UNKNOWN"
          },
          {
            "id": 14,
            "text": "1 : 근데 그게 마지막일 거 같아!",
            "norm_text": "근데 그게 마지막일 거 같아!",
            "speaker": {
              "id": "1번",
              "sex": "여성",
              "age": "20대"
            },
            "speechAct": "(단언) 주장하기",
            "morpheme": "근데/MAJ+그게/NP+JKS+마지막/NNG+일/VCP+ETM+거/NNB+같/VA+아/EF"
          },
          {
            "id": 15,
            "text": "2 : 그렇긴 하다 박수 칠 때 떠나라는 말이 있잖아 ㅠㅠ",
            "norm_text": "그렇긴 하다 박수 칠 때 떠나라는 말이 있잖아 ㅠㅠ",
            "speaker": {
              "id": "2번",
              "sex": "여성",
              "age": "20대"
            },
            "speechAct": "(단언) 주장하기",
            "morpheme": "그렇/VA+긴/ETN+JX+하/VX+다/EC+박수/NNG+칠/NR+때/NNG+떠나/VV+라는/ETM+말/NNG+이/JKS+있/VA+잖아/EF+ㅠㅠ/UNKNOWN"
          },
          {
            "id": 16,
            "text": "1 : 거기 갔던 사람들 씨디 구매해서 가지고 있대!",
            "norm_text": "거기 갔던 사람들 씨디 구매해서 가지고 있대!",
            "speaker": {
              "id": "1번",
              "sex": "여성",
              "age": "20대"
            },
            "speechAct": "(단언) 진술하기",
            "morpheme": "거기/NP+갔/VV+EP+던/ETM+사람/NNG+들/XSN+씨/VA+디/EC+구매/NNG+해서/XSV+EC+가지/VX+고/EC+있/VX+대/EF"
          },
          {
            "id": 17,
            "text": "2 : 와 CD 진짜 갖고 싶다 지금은 안파나?",
            "norm_text": "와 CD 진짜 갖고 싶다 지금은 안파나?",
            "speaker": {
              "id": "2번",
              "sex": "여성",
              "age": "20대"
            },
            "speechAct": "(지시) 질문하기",
            "morpheme": "와/VV+EC+CD/SL+진짜/MAG+갖/VV+고/EC+싶/VX+다/EF+지금/MAG+은/JX+안/MAG+파/VV+나/EF"
          },
          {
            "id": 18,
            "text": "1 : 키키 맞아 ㅜㅜ",
            "norm_text": "키키 맞아 ㅜㅜ",
            "speaker": {
              "id": "1번",
              "sex": "여성",
              "age": "20대"
            },
            "speechAct": "(단언) 주장하기",
            "morpheme": "키키맞아ㅜㅜ/UNKNOWN"
          },
          {
            "id": 19,
            "text": "1 : 그거 당근 마켓에 올라왔으면 좋겠다!",
            "norm_text": "그거 당근 마켓에 올라왔으면 좋겠다!",
            "speaker": {
              "id": "1번",
              "sex": "여성",
              "age": "20대"
            },
            "speechAct": "(단언) 주장하기",
            "morpheme": "그거/NP+당근/MAG+마켓/NNP+에/JKB+올라왔/VV+EP+으면/EC+좋/VA+겠/EP+다/EF"
          },
          {
            "id": 20,
            "text": "2 : 나 오늘 부터 당근마켓 계속 본다",
            "norm_text": "나 오늘 부터 당근마켓 계속 본다",
            "speaker": {
              "id": "2번",
              "sex": "여성",
              "age": "20대"
            },
            "speechAct": "(단언) 주장하기",
            "morpheme": "나/NP+오늘/NNG+부터/JX+당근/MAG+마켓/NNP+계속/MAG+본다/VV+EC"
          }
        ]
      }
    }
  ]
}