{
  "dataset": {
    "identifier": 124821,
    "name": "FACEBOOK_123_02_set",
    "src_path": "/data/file/cubeManager/PROJECT001/84/txt20211105092819059293/FACEBOOK_123_02_set/",
    "label_path": "/data/file/cubeManager/PROJECT001/84/txt20211105092819059293/FACEBOOK_123_02_set/",
    "category": 2,
    "type": 0
  },
  "licenses": {
    "name": "Apache License 1.0",
    "url": "http://www.apache.org/licenses/LICENSE-1.0"
  },
  "info": [
    {
      "id": 138071,
      "filename": "FACEBOOK_123_02.txt",
      "title": "FACEBOOK_123_02",
      "mediatype": "SNS",
      "medianame": "페이스북",
      "category": "일상대화",
      "date": "2021-11-05",
      "size": 369,
      "annotations": {
        "subject": "주거와 생활",
        "speaker_type": "1:1",
        "size": 369,
        "word_size": 129,
        "text": "1 : 내 자취방 너무 비싸\n2 : 아 얼마 정도 하는데?\n1 : 4평에 월에 40 주고 있어 키키\n2 : 아 진짜 왜케 비싼 곳 잡았어\n1 : 서울이라 그래 키키\n1 : 직장이 강남이야\n2 : 진짜 너무 비싼 거 아니야?\n2 : 서울이라 그런가?\n1 : 그래서 신림 살고 있어 키키 출퇴근\n2 : 진짜 강남이라 비싼가 보다\n1 : 강남은 아예 엄두도 안 나고 외곽으로 빠짐\n2 : 아 진짜 나는 서울 살 엄두도 안 냄\n1 : 그래도 올해까지 계약이라 참 다행이야\n2 : 진짜 나 서울 가면 손가락만 빨고 살 듯\n1 : 둘이 누우면 그게 끝이거든 키키\n2 : 다행이네 좀 저렴하고 좋은 곳으로 가\n1 : 이제 고향으로 다시 내려 갈려고 키키\n2 : 진짜 둘이 누우면 움직이지도 못하것다 키키",
        "lines": [
          {
            "id": 1,
            "text": "1 : 내 자취방 너무 비싸",
            "norm_text": "내 자취방 너무 비싸",
            "speaker": {
              "id": "1번",
              "sex": "여성",
              "age": "20대"
            },
            "speechAct": "(단언) 주장하기",
            "morpheme": "내/NP+JKG+자취방/NNG+너무/MAG+비싸/VA+EC"
          },
          {
            "id": 2,
            "text": "2 : 아 얼마 정도 하는데?",
            "norm_text": "아 얼마 정도 하는데?",
            "speaker": {
              "id": "2번",
              "sex": "남성",
              "age": "20대"
            },
            "speechAct": "(지시) 질문하기",
            "morpheme": "아/IC+얼마/NNG+정도/NNG+하/XSV+는데/EC"
          },
          {
            "id": 3,
            "text": "1 : 4평에 월에 40 주고 있어 키키",
            "norm_text": "4평에 월에 40 주고 있어 키키",
            "speaker": {
              "id": "1번",
              "sex": "여성",
              "age": "20대"
            },
            "speechAct": "(단언) 진술하기",
            "morpheme": "4/SN+평/NNBC+에/JKB+월/NNG+에/JKB+40/SN+주/VX+고/EC+있/VX+어/EC+키/NNG+키/XSV+ETN"
          },
          {
            "id": 4,
            "text": "2 : 아 진짜 왜케 비싼 곳 잡았어",
            "norm_text": "아 진짜 왜케 비싼 곳 잡았어",
            "speaker": {
              "id": "2번",
              "sex": "남성",
              "age": "20대"
            },
            "speechAct": "(단언) 주장하기",
            "morpheme": "아/IC+진짜/MAG+왜/MAG+케/XSA+EC+비싼/VA+ETM+곳/NNB+잡/VV+았/EP+어/EC"
          },
          {
            "id": 5,
            "text": "1 : 서울이라 그래 키키",
            "norm_text": "서울이라 그래 키키",
            "speaker": {
              "id": "1번",
              "sex": "여성",
              "age": "20대"
            },
            "speechAct": "(단언) 주장하기",
            "morpheme": "서울/NNP+이/VCP+라/EC+그래/VV+EC+키/NNG+키/XSV+ETN"
          },
          {
            "id": 6,
            "text": "1 : 직장이 강남이야",
            "norm_text": "직장이 강남이야",
            "speaker": {
              "id": "1번",
              "sex": "여성",
              "age": "20대"
            },
            "speechAct": "(단언) 진술하기",
            "morpheme": "직장/NNG+이강남/NNP+이/VCP+야/EC"
          },
          {
            "id": 7,
            "text": "2 : 진짜 너무 비싼 거 아니야?",
            "norm_text": "진짜 너무 비싼 거 아니야?",
            "speaker": {
              "id": "2번",
              "sex": "남성",
              "age": "20대"
            },
            "speechAct": "(지시) 질문하기",
            "morpheme": "진짜/MAG+너무/MAG+비싼/VA+ETM+거/NNB+아니/VCN+야/EF"
          },
          {
            "id": 8,
            "text": "2 : 서울이라 그런가?",
            "norm_text": "서울이라 그런가?",
            "speaker": {
              "id": "2번",
              "sex": "남성",
              "age": "20대"
            },
            "speechAct": "(지시) 질문하기",
            "morpheme": "서울/NNP+이/VCP+라/EC+그런가/VA+EF"
          },
          {
            "id": 9,
            "text": "1 : 그래서 신림 살고 있어 키키 출퇴근",
            "norm_text": "그래서 신림 살고 있어 키키 출퇴근",
            "speaker": {
              "id": "1번",
              "sex": "여성",
              "age": "20대"
            },
            "speechAct": "(단언) 진술하기",
            "morpheme": "그래서/MAJ+신림/NNG+살/VV+고/EC+있/VX+어/EC+키/NNG+키/NNG+출퇴근/NNG"
          },
          {
            "id": 10,
            "text": "2 : 진짜 강남이라 비싼가 보다",
            "norm_text": "진짜 강남이라 비싼가 보다",
            "speaker": {
              "id": "2번",
              "sex": "남성",
              "age": "20대"
            },
            "speechAct": "(단언) 주장하기",
            "morpheme": "진짜/MAG+강남/NNP+이/VCP+라/EC+비싼가/VA+EC+보/VX+다/EC"
          },
          {
            "id": 11,
            "text": "1 : 강남은 아예 엄두도 안 나고 외곽으로 빠짐",
            "norm_text": "강남은 아예 엄두도 안 나고 외곽으로 빠짐",
            "speaker": {
              "id": "1번",
              "sex": "여성",
              "age": "20대"
            },
            "speechAct": "(단언) 주장하기",
            "morpheme": "강남/NNP+은/JX+아예/MAG+엄두/NNG+도/JX+안/MAG+나/VV+고/EC+외곽/NNG+으로/JKB+빠짐/VV+ETN"
          },
          {
            "id": 12,
            "text": "2 : 아 진짜 나는 서울 살 엄두도 안 냄",
            "norm_text": "아 진짜 나는 서울 살 엄두도 안 냄",
            "speaker": {
              "id": "2번",
              "sex": "남성",
              "age": "20대"
            },
            "speechAct": "(단언) 주장하기",
            "morpheme": "아/IC+진짜/MAG+나/NP+는/JX+서울/NNP+살/NNG+엄두/NNG+도/JX+안/MAG+냄/VV+ETN"
          },
          {
            "id": 13,
            "text": "1 : 그래도 올해까지 계약이라 참 다행이야",
            "norm_text": "그래도 올해까지 계약이라 참 다행이야",
            "speaker": {
              "id": "1번",
              "sex": "여성",
              "age": "20대"
            },
            "speechAct": "(단언) 주장하기",
            "morpheme": "그래도/MAJ+올해/NNG+까지/JX+계약/NNG+이/VCP+라/EC+참/MAG+다행/NNG+이/VCP+야/EC"
          },
          {
            "id": 14,
            "text": "2 : 진짜 나 서울 가면 손가락만 빨고 살 듯",
            "norm_text": "진짜 나 서울 가면 손가락만 빨고 살 듯",
            "speaker": {
              "id": "2번",
              "sex": "남성",
              "age": "20대"
            },
            "speechAct": "(단언) 주장하기",
            "morpheme": "진짜/MAG+나서/VV+울/EC+가/VX+면/EC+손가락/NNG+만/JX+빨/VV+고/EC+살/VV+듯/EC"
          },
          {
            "id": 15,
            "text": "1 : 둘이 누우면 그게 끝이거든 키키",
            "norm_text": "둘이 누우면 그게 끝이거든 키키",
            "speaker": {
              "id": "1번",
              "sex": "여성",
              "age": "20대"
            },
            "speechAct": "(단언) 주장하기",
            "morpheme": "둘/NR+이/JKS+누우/VV+면/EC+그게/NP+JKS+끝/NNG+이/JKS+거든/VV+ETM+키/NNG+키/XSV+ETN"
          },
          {
            "id": 16,
            "text": "2 : 다행이네 좀 저렴하고 좋은 곳으로 가",
            "norm_text": "다행이네 좀 저렴하고 좋은 곳으로 가",
            "speaker": {
              "id": "2번",
              "sex": "남성",
              "age": "20대"
            },
            "speechAct": "(단언) 주장하기",
            "morpheme": "다행/NNG+이/JKS+네/IC+좀/MAG+저렴/XR+하/XSA+고/EC+좋/VA+은/ETM+곳/NNG+으로/JKB+가/VV+EC"
          },
          {
            "id": 17,
            "text": "1 : 이제 고향으로 다시 내려 갈려고 키키",
            "norm_text": "이제 고향으로 다시 내려 갈려고 키키",
            "speaker": {
              "id": "1번",
              "sex": "여성",
              "age": "20대"
            },
            "speechAct": "(단언) 주장하기",
            "morpheme": "이제/MAG+고향/NNG+으로/JKB+다시/MAG+내려/VV+EC+갈려고/VX+EC+키/NNG+키/XSV+ETN"
          },
          {
            "id": 18,
            "text": "2 : 진짜 둘이 누우면 움직이지도 못하것다 키키",
            "norm_text": "진짜 둘이 누우면 움직이지도 못하것다 키키",
            "speaker": {
              "id": "2번",
              "sex": "남성",
              "age": "20대"
            },
            "speechAct": "(단언) 주장하기",
            "morpheme": "진짜/MAG+둘/NR+이/JKS+누우/VV+면/EC+움직이/VV+지/EC+도/JX+못하/VX+것/EP+다키키/NNP"
          }
        ]
      }
    }
  ]
}