{
  "dataset": {
    "identifier": 100622,
    "name": "FACEBOOK_107_08_set",
    "src_path": "/data/file/cubeManager/PROJECT001/77/txt20211029160805027611/FACEBOOK_107_08_set/",
    "label_path": "/data/file/cubeManager/PROJECT001/77/txt20211029160805027611/FACEBOOK_107_08_set/",
    "category": 2,
    "type": 0
  },
  "licenses": {
    "name": "Apache License 1.0",
    "url": "http://www.apache.org/licenses/LICENSE-1.0"
  },
  "info": [
    {
      "id": 111276,
      "filename": "FACEBOOK_107_08.txt",
      "title": "FACEBOOK_107_08",
      "mediatype": "SNS",
      "medianame": "페이스북",
      "category": "일상대화",
      "date": "2021-10-29",
      "size": 460,
      "annotations": {
        "subject": "연애/결혼",
        "speaker_type": "1:1",
        "size": 460,
        "word_size": 149,
        "text": "1 : 언니는 이상형이 어떻게 돼?\n2 : 나는 소지섭 키 크고 묵직한 사람\n1 : 언니 무쌍 남자를 좋아하는 구나?\n2 : 키키 맞아\n2 : 멋있고 시크하잖아 아냐?\n1 : 맞아 키키\n1 : 나는 송중기 너무 좋아해 귀여워!\n2 : 키키 맞아 나 김선호도 좋았는데...\n1 : 아앗, 이제는 불러선 안 될 그 이름,\n2 : 와 그 정도라고?\n2 : 진짜 한순간에 갔네...\n1 : 아니\n1 : 사람들이 관상은 과학이다라고 했는데 김선호는 과학을 빗겨나감,\n2 : 다행히 마지막회 끝나고 터뜨렸네\n1 : 그러게, 소속사랑 합의하고 그런 건가?\n1 : 타이밍이,\n2 : 그럴 수도 있겠다\n2 : 남자친구 잘생겼어?\n1 : 내 남자친구?\n1 : 내 남친 잘생겼냐고 그러는 거야?\n2 : 아니야?\n2 : 그래도 콩깍지 낄 땐 잘생겼지\n1 : 맞아 키키\n1 : 근데 나는 진짜 내 남친 잘생겼다고 생각하는데 친구들이 닥치래 키키\n2 : 키키 그런 게 사랑이다 나중에 보여줘",
        "lines": [
          {
            "id": 1,
            "text": "1 : 언니는 이상형이 어떻게 돼?",
            "norm_text": "언니는 이상형이 어떻게 돼?",
            "speaker": {
              "id": "1번",
              "sex": "여성",
              "age": "20대"
            },
            "speechAct": "(지시) 질문하기",
            "morpheme": "언니/NNG+는/JX+이상형/NNP+이/JKS+어떻게/MAG+돼/VV+EF"
          },
          {
            "id": 2,
            "text": "2 : 나는 소지섭 키 크고 묵직한 사람",
            "norm_text": "나는 소지섭 키 크고 묵직한 사람",
            "speaker": {
              "id": "2번",
              "sex": "여성",
              "age": "20대"
            },
            "speechAct": "(단언) 주장하기",
            "morpheme": "나/NP+는/JX+소지섭/NNP+키/NNG+크/VA+고/EC+묵직/XR+한/XSA+ETM+사람/NNG"
          },
          {
            "id": 3,
            "text": "1 : 언니 무쌍 남자를 좋아하는 구나?",
            "norm_text": "언니 무쌍 남자를 좋아하는 구나?",
            "speaker": {
              "id": "1번",
              "sex": "여성",
              "age": "20대"
            },
            "speechAct": "(지시) 질문하기",
            "morpheme": "언니/NNG+무/XPN+쌍/NNG+남자/NNG+를/JKO+좋아하/VV+는구나/EF"
          },
          {
            "id": 4,
            "text": "2 : 키키 맞아",
            "norm_text": "키키 맞아",
            "speaker": {
              "id": "2번",
              "sex": "여성",
              "age": "20대"
            },
            "speechAct": "(단언) 주장하기",
            "morpheme": "키/NNG+키/XSV+ETN+맞/VV+아/EC"
          },
          {
            "id": 5,
            "text": "2 : 멋있고 시크하잖아 아냐?",
            "norm_text": "멋있고 시크하잖아 아냐?",
            "speaker": {
              "id": "2번",
              "sex": "여성",
              "age": "20대"
            },
            "speechAct": "(지시) 질문하기",
            "morpheme": "멋있/VA+고/EC+시크/NNG+하/XSV+잖아/EC+아냐/VCN+EF"
          },
          {
            "id": 6,
            "text": "1 : 맞아 키키",
            "norm_text": "맞아 키키",
            "speaker": {
              "id": "1번",
              "sex": "여성",
              "age": "20대"
            },
            "speechAct": "(단언) 주장하기",
            "morpheme": "맞/VV+아/EC+키/NNG+키/XSV+ETN"
          },
          {
            "id": 7,
            "text": "1 : 나는 송중기 너무 좋아해 귀여워!",
            "norm_text": "나는 송중기 너무 좋아해 귀여워!",
            "speaker": {
              "id": "1번",
              "sex": "여성",
              "age": "20대"
            },
            "speechAct": "(단언) 주장하기",
            "morpheme": "나/NP+는/JX+송중기/NNP+너무/MAG+좋/VA+아/EC+해/VV+EC+귀여워/VA+EF"
          },
          {
            "id": 8,
            "text": "2 : 키키 맞아 나 김선호도 좋았는데...",
            "norm_text": "키키 맞아 나 김선호도 좋았는데...",
            "speaker": {
              "id": "2번",
              "sex": "여성",
              "age": "20대"
            },
            "speechAct": "(단언) 주장하기",
            "morpheme": "키/NNG+키/XSV+ETN+맞/VV+아나/EC+김선호/NNP+도/JX+좋/VA+았/EP+는데/EC+./SY+./SY"
          },
          {
            "id": 9,
            "text": "1 : 아앗, 이제는 불러선 안 될 그 이름,",
            "norm_text": "아앗, 이제는 불러선 안 될 그 이름,",
            "speaker": {
              "id": "1번",
              "sex": "여성",
              "age": "20대"
            },
            "speechAct": "(단언) 주장하기",
            "morpheme": "아앗/IC+,/SC+이제/MAG+는/JX+불/VV+러선/EC+JX+안/MAG+될/VV+ETM+그/MM+이름/NNG+,/SC"
          },
          {
            "id": 10,
            "text": "2 : 와 그 정도라고?",
            "norm_text": "와 그 정도라고?",
            "speaker": {
              "id": "2번",
              "sex": "여성",
              "age": "20대"
            },
            "speechAct": "(단언) 주장하기",
            "morpheme": "와/IC+그/MM+정도/NNG+라고/VCP+EF"
          },
          {
            "id": 11,
            "text": "2 : 진짜 한순간에 갔네...",
            "norm_text": "진짜 한순간에 갔네...",
            "speaker": {
              "id": "2번",
              "sex": "여성",
              "age": "20대"
            },
            "speechAct": "(단언) 주장하기",
            "morpheme": "진짜/MAG+한/MM+순간/NNG+에/JKB+갔/VV+EP+네/EF+./SY"
          },
          {
            "id": 12,
            "text": "1 : 아니",
            "norm_text": "아니",
            "speaker": {
              "id": "1번",
              "sex": "여성",
              "age": "20대"
            },
            "speechAct": "(단언) 주장하기",
            "morpheme": "아니/IC"
          },
          {
            "id": 13,
            "text": "1 : 사람들이 관상은 과학이다라고 했는데 김선호는 과학을 빗겨나감,",
            "norm_text": "사람들이 관상은 과학이다라고 했는데 김선호는 과학을 빗겨나감,",
            "speaker": {
              "id": "1번",
              "sex": "여성",
              "age": "20대"
            },
            "speechAct": "(단언) 주장하기",
            "morpheme": "사람/NNG+들/XSN+이/JKS+관상/NNG+은/JX+과학/NNG+이/VCP+다/EF+라고/JKQ+했/VV+EP+는데/EC+김선호/NNP+는/JX+과학/NNG+을/JKO+빗겨/VV+EC+나감/VX+ETN+,/SC"
          },
          {
            "id": 14,
            "text": "2 : 다행히 마지막회 끝나고 터뜨렸네",
            "norm_text": "다행히 마지막회 끝나고 터뜨렸네",
            "speaker": {
              "id": "2번",
              "sex": "여성",
              "age": "20대"
            },
            "speechAct": "(단언) 주장하기",
            "morpheme": "다행히/MAG+마지막/NNG+회/XSN+끝/NNG+나/VV+고/EC+터뜨렸/VV+EP+네/EF"
          },
          {
            "id": 15,
            "text": "1 : 그러게, 소속사랑 합의하고 그런 건가?",
            "norm_text": "그러게, 소속사랑 합의하고 그런 건가?",
            "speaker": {
              "id": "1번",
              "sex": "여성",
              "age": "20대"
            },
            "speechAct": "(지시) 질문하기",
            "morpheme": "그러게/IC+,/SC+소속/NNG+사랑/NNG+합의/NNG+하/XSV+고/EC+그런/MM+건가/NNB+VCP+EF"
          },
          {
            "id": 16,
            "text": "1 : 타이밍이,",
            "norm_text": "타이밍이,",
            "speaker": {
              "id": "1번",
              "sex": "여성",
              "age": "20대"
            },
            "speechAct": "(지시) 질문하기",
            "morpheme": "타이밍/NNG+이/JKS+,/SC"
          },
          {
            "id": 17,
            "text": "2 : 그럴 수도 있겠다",
            "norm_text": "그럴 수도 있겠다",
            "speaker": {
              "id": "2번",
              "sex": "여성",
              "age": "20대"
            },
            "speechAct": "(단언) 주장하기",
            "morpheme": "그럴/VA+ETM+수/NNB+도/JX+있/VA+겠/EP+다/EC"
          },
          {
            "id": 18,
            "text": "2 : 남자친구 잘생겼어?",
            "norm_text": "남자친구 잘생겼어?",
            "speaker": {
              "id": "2번",
              "sex": "여성",
              "age": "20대"
            },
            "speechAct": "(지시) 질문하기",
            "morpheme": "남자/NNG+친구/NNG+잘/MAG+생겼/VV+EP+어/EF"
          },
          {
            "id": 19,
            "text": "1 : 내 남자친구?",
            "norm_text": "내 남자친구?",
            "speaker": {
              "id": "1번",
              "sex": "여성",
              "age": "20대"
            },
            "speechAct": "(지시) 질문하기",
            "morpheme": "내/NP+JKG+남자/NNG+친구/NNG"
          },
          {
            "id": 20,
            "text": "1 : 내 남친 잘생겼냐고 그러는 거야?",
            "norm_text": "내 남친 잘생겼냐고 그러는 거야?",
            "speaker": {
              "id": "1번",
              "sex": "여성",
              "age": "20대"
            },
            "speechAct": "(지시) 질문하기",
            "morpheme": "내/NP+JKG+남친/NNG+잘/MAG+생겼/VV+EP+냐고/EC+그러/VV+는/ETM+거/NNB+야/VCP+EF"
          },
          {
            "id": 21,
            "text": "2 : 아니야?",
            "norm_text": "아니야?",
            "speaker": {
              "id": "2번",
              "sex": "여성",
              "age": "20대"
            },
            "speechAct": "(지시) 질문하기",
            "morpheme": "아니야/IC"
          },
          {
            "id": 22,
            "text": "2 : 그래도 콩깍지 낄 땐 잘생겼지",
            "norm_text": "그래도 콩깍지 낄 땐 잘생겼지",
            "speaker": {
              "id": "2번",
              "sex": "여성",
              "age": "20대"
            },
            "speechAct": "(단언) 주장하기",
            "morpheme": "그래도/MAJ+콩깍지/NNG+낄/VV+ETM+땐/NNG+JX+잘/MAG+생겼/VV+EP+지/EC"
          },
          {
            "id": 23,
            "text": "1 : 맞아 키키",
            "norm_text": "맞아 키키",
            "speaker": {
              "id": "1번",
              "sex": "여성",
              "age": "20대"
            },
            "speechAct": "(단언) 주장하기",
            "morpheme": "맞/VV+아/EC+키/NNG+키/XSV+ETN"
          },
          {
            "id": 24,
            "text": "1 : 근데 나는 진짜 내 남친 잘생겼다고 생각하는데 친구들이 닥치래 키키",
            "norm_text": "근데 나는 진짜 내 남친 잘생겼다고 생각하는데 친구들이 닥치래 키키",
            "speaker": {
              "id": "1번",
              "sex": "여성",
              "age": "20대"
            },
            "speechAct": "(단언) 진술하기",
            "morpheme": "근데/MAJ+나/NP+는/JX+진짜/MAG+내/NP+JKG+남친/NNG+잘/MAG+생겼/VV+EP+다고/EC+생각/NNG+하/XSV+는/ETM+데/NNB+친구/NNG+들/XSN+이/JKS+닥치/VV+래/EC+키/NNG+키/XSV+ETN"
          },
          {
            "id": 25,
            "text": "2 : 키키 그런 게 사랑이다 나중에 보여줘",
            "norm_text": "키키 그런 게 사랑이다 나중에 보여줘",
            "speaker": {
              "id": "2번",
              "sex": "여성",
              "age": "20대"
            },
            "speechAct": "(단언) 주장하기",
            "morpheme": "키키/NNP+그런/MM+게/NNB+JKS+사랑/NNG+이/JKS+다/MAG+나중/NNG+에/JKB+보여/VV+EC+줘/VX+EC"
          }
        ]
      }
    }
  ]
}