{
  "dataset": {
    "identifier": 117650,
    "name": "FACEBOOK_102_05_set",
    "src_path": "/data/file/cubeManager/PROJECT001/77/txt202110281448320077105/FACEBOOK_102_05_set/",
    "label_path": "/data/file/cubeManager/PROJECT001/77/txt202110281448320077105/FACEBOOK_102_05_set/",
    "category": 2,
    "type": 0
  },
  "licenses": {
    "name": "Apache License 1.0",
    "url": "http://www.apache.org/licenses/LICENSE-1.0"
  },
  "info": [
    {
      "id": 100310,
      "filename": "FACEBOOK_102_05.txt",
      "title": "FACEBOOK_102_05",
      "mediatype": "SNS",
      "medianame": "페이스북",
      "category": "일상대화",
      "date": "2021-10-28",
      "size": 458,
      "annotations": {
        "subject": "군대",
        "speaker_type": "1:1",
        "size": 458,
        "word_size": 159,
        "text": "1 : 작은엄마는 둘째 아들램 면회 간 적 있어?\n2 : 아니 없어\n2 : 코로나 때문에 막혔지 뭐야\n1 : 그렇구나 키키\n1 : 면회 가는 재미도 있는데!\n2 : 너는 면회 가본 적 있어?\n1 : 키키 어 나는 내가 아는 동생 면회 가봤어!\n2 : 이야~ 부대도 가보고 출세했네\n1 : 키키  맞아\n1 : 신기하긴 하더라\n1 : 거기 들어가는데 그 표도 가지고 가야 해!\n2 : 아 그래?\n2 : 무슨 표가 있어야 해\n1 : 그 명찰인가 그게 꼭 있어야 해!\n1 : 그거 찍고 들어갈 수 있어!\n2 : 아하 그러면 간부를 만난 거 아니야?\n1 : 아니 아니\n1 : 그냥 거기에 그거 관리해주는 애가 줘!\n2 : 들어간 본 적이 없어서 모른다 작은엄마는 ㅠㅜ\n1 : 그렇구나 키키\n1 : 근데 나도 처음 가봐서 알게 됐어\n2 : 그렇구나~\n2 : 전역날에는 한번 가볼려고 키키\n1 : 키키 둘째 아들램 전역이 언제인데?\n2 : 12월 초에 전역이라 데리러 가야지",
        "lines": [
          {
            "id": 1,
            "text": "1 : 작은엄마는 둘째 아들램 면회 간 적 있어?",
            "norm_text": "작은엄마는 둘째 아들램 면회 간 적 있어?",
            "speaker": {
              "id": "1번",
              "sex": "여성",
              "age": "20대"
            },
            "speechAct": "(지시) 질문하기",
            "morpheme": "작/VA+은/ETM+엄마/NNG+는/JX+둘째/NR+아들/NNG+램/NNG+면/NNG+회간/NNG+적/XSN+있/VA+어/EF"
          },
          {
            "id": 2,
            "text": "2 : 아니 없어",
            "norm_text": "아니 없어",
            "speaker": {
              "id": "2번",
              "sex": "여성",
              "age": "40대"
            },
            "speechAct": "(단언) 진술하기",
            "morpheme": "아니/IC+없/VA+어/EC"
          },
          {
            "id": 3,
            "text": "2 : 코로나 때문에 막혔지 뭐야",
            "norm_text": "코로나 때문에 막혔지 뭐야",
            "speaker": {
              "id": "2번",
              "sex": "여성",
              "age": "40대"
            },
            "speechAct": "(단언) 진술하기",
            "morpheme": "코로나/NNG+때문/NNB+에/JKB+막혔/VV+EP+지/EF+뭐/NP+야/VCP+EF"
          },
          {
            "id": 4,
            "text": "1 : 그렇구나 키키",
            "norm_text": "그렇구나 키키",
            "speaker": {
              "id": "1번",
              "sex": "여성",
              "age": "20대"
            },
            "speechAct": "턴토크 사인(관습적 반응)",
            "morpheme": "그렇/VA+구나/EF+키/NNG+키/XSV+ETN"
          },
          {
            "id": 5,
            "text": "1 : 면회 가는 재미도 있는데!",
            "norm_text": "면회 가는 재미도 있는데!",
            "speaker": {
              "id": "1번",
              "sex": "여성",
              "age": "20대"
            },
            "speechAct": "(단언) 주장하기",
            "morpheme": "면회/NNG+가/VV+는/ETM+재미/NNG+도/JX+있/VA+는데/EC"
          },
          {
            "id": 6,
            "text": "2 : 너는 면회 가본 적 있어?",
            "norm_text": "너는 면회 가본 적 있어?",
            "speaker": {
              "id": "2번",
              "sex": "여성",
              "age": "40대"
            },
            "speechAct": "(지시) 질문하기",
            "morpheme": "너/NP+는/JX+면회/NNG+가/JKS+본/VV+ETM+적/NNB+있/VA+어/EF"
          },
          {
            "id": 7,
            "text": "1 : 키키 어 나는 내가 아는 동생 면회 가봤어!",
            "norm_text": "키키 어 나는 내가 아는 동생 면회 가봤어!",
            "speaker": {
              "id": "1번",
              "sex": "여성",
              "age": "20대"
            },
            "speechAct": "(단언) 진술하기",
            "morpheme": "키/NNG+키/VV+어/EC+나/NP+는/JX+내/NP+가/JKS+아/VV+는/ETM+동생/NNG+면회/NNG+가/JKS+봤/VV+EP+어/EF"
          },
          {
            "id": 8,
            "text": "2 : 이야~ 부대도 가보고 출세했네",
            "norm_text": "이야~ 부대도 가보고 출세했네",
            "speaker": {
              "id": "2번",
              "sex": "여성",
              "age": "40대"
            },
            "speechAct": "(단언) 주장하기",
            "morpheme": "이야/NNP+~/SY+부대/NNG+도/JX+가/VV+EC+보/VX+고/EC+출세/NNG+했/XSV+EP+네/EF"
          },
          {
            "id": 9,
            "text": "1 : 키키  맞아",
            "norm_text": "키키  맞아",
            "speaker": {
              "id": "1번",
              "sex": "여성",
              "age": "20대"
            },
            "speechAct": "(단언) 주장하기",
            "morpheme": "키/NNG+키/XSV+ETN+맞/VV+아/EC"
          },
          {
            "id": 10,
            "text": "1 : 신기하긴 하더라",
            "norm_text": "신기하긴 하더라",
            "speaker": {
              "id": "1번",
              "sex": "여성",
              "age": "20대"
            },
            "speechAct": "(단언) 진술하기",
            "morpheme": "신기/NNG+하/XSV+긴/ETN+JX+하/VX+더라/EC"
          },
          {
            "id": 11,
            "text": "1 : 거기 들어가는데 그 표도 가지고 가야 해!",
            "norm_text": "거기 들어가는데 그 표도 가지고 가야 해!",
            "speaker": {
              "id": "1번",
              "sex": "여성",
              "age": "20대"
            },
            "speechAct": "(단언) 진술하기",
            "morpheme": "거기/NP+들어가/VV+는데/EC+그/MM+표/NNG+도/JX+가지/VX+고/EC+가/VX+야/EC+해/VX+EF"
          },
          {
            "id": 12,
            "text": "2 : 아 그래?",
            "norm_text": "아 그래?",
            "speaker": {
              "id": "2번",
              "sex": "여성",
              "age": "40대"
            },
            "speechAct": "(지시) 질문하기",
            "morpheme": "아/IC+그래/IC"
          },
          {
            "id": 13,
            "text": "2 : 무슨 표가 있어야 해",
            "norm_text": "무슨 표가 있어야 해",
            "speaker": {
              "id": "2번",
              "sex": "여성",
              "age": "40대"
            },
            "speechAct": "(지시) 질문하기",
            "morpheme": "무슨/MM+표/NNG+가/JKS+있/VA+어야/EC+해/VV+EC"
          },
          {
            "id": 14,
            "text": "1 : 그 명찰인가 그게 꼭 있어야 해!",
            "norm_text": "그 명찰인가 그게 꼭 있어야 해!",
            "speaker": {
              "id": "1번",
              "sex": "여성",
              "age": "20대"
            },
            "speechAct": "(단언) 진술하기",
            "morpheme": "그/MM+명찰/NNG+인가/VCP+EC+그게/NP+JKS+꼭/MAG+있/VV+어야/EC+해/VX+EF"
          },
          {
            "id": 15,
            "text": "1 : 그거 찍고 들어갈 수 있어!",
            "norm_text": "그거 찍고 들어갈 수 있어!",
            "speaker": {
              "id": "1번",
              "sex": "여성",
              "age": "20대"
            },
            "speechAct": "(단언) 진술하기",
            "morpheme": "그거/NP+찍/VV+고/EC+들어갈/VV+ETM+수/NNB+있/VV+어/EF"
          },
          {
            "id": 16,
            "text": "2 : 아하 그러면 간부를 만난 거 아니야?",
            "norm_text": "아하 그러면 간부를 만난 거 아니야?",
            "speaker": {
              "id": "2번",
              "sex": "여성",
              "age": "40대"
            },
            "speechAct": "(지시) 질문하기",
            "morpheme": "아하/IC+그러면/MAJ+간부/NNG+를/JKO+만난/VV+ETM+거/NNB+아니/VCN+야/EF"
          },
          {
            "id": 17,
            "text": "1 : 아니 아니",
            "norm_text": "아니 아니",
            "speaker": {
              "id": "1번",
              "sex": "여성",
              "age": "20대"
            },
            "speechAct": "(단언) 주장하기",
            "morpheme": "아니/IC+아니/IC"
          },
          {
            "id": 18,
            "text": "1 : 그냥 거기에 그거 관리해주는 애가 줘!",
            "norm_text": "그냥 거기에 그거 관리해주는 애가 줘!",
            "speaker": {
              "id": "1번",
              "sex": "여성",
              "age": "20대"
            },
            "speechAct": "(단언) 진술하기",
            "morpheme": "그냥/MAG+거기/NP+에/JKB+그거/NP+관리/NNG+해/XSV+EC+주/VX+는/ETM+애/NNG+가/JKS+줘/VV+EF"
          },
          {
            "id": 19,
            "text": "2 : 들어간 본 적이 없어서 모른다 작은엄마는 ㅠㅜ",
            "norm_text": "들어간 본 적이 없어서 모른다 작은엄마는 ㅠㅜ",
            "speaker": {
              "id": "2번",
              "sex": "여성",
              "age": "40대"
            },
            "speechAct": "(단언) 진술하기",
            "morpheme": "들어간/VV+ETM+본적/NNG+이/JKS+없/VA+어서/EC+모른다/VV+EC+작/VA+은/ETM+엄마/NNG+는/JX+ㅠㅜ/UNKNOWN"
          },
          {
            "id": 20,
            "text": "1 : 그렇구나 키키",
            "norm_text": "그렇구나 키키",
            "speaker": {
              "id": "1번",
              "sex": "여성",
              "age": "20대"
            },
            "speechAct": "턴토크 사인(관습적 반응)",
            "morpheme": "그렇/VA+구나/EF+키/NNG+키/XSV+ETN"
          },
          {
            "id": 21,
            "text": "1 : 근데 나도 처음 가봐서 알게 됐어",
            "norm_text": "근데 나도 처음 가봐서 알게 됐어",
            "speaker": {
              "id": "1번",
              "sex": "여성",
              "age": "20대"
            },
            "speechAct": "(단언) 진술하기",
            "morpheme": "근데/MAJ+나/NP+도/JX+처음/NNG+가/JKC+봐서/VV+EC+알/VV+게/EC+됐/VV+EP+어/EC"
          },
          {
            "id": 22,
            "text": "2 : 그렇구나~",
            "norm_text": "그렇구나~",
            "speaker": {
              "id": "2번",
              "sex": "여성",
              "age": "40대"
            },
            "speechAct": "턴토크 사인(관습적 반응)",
            "morpheme": "그렇/VA+구나/EF+~/SY"
          },
          {
            "id": 23,
            "text": "2 : 전역날에는 한번 가볼려고 키키",
            "norm_text": "전역날에는 한번 가볼려고 키키",
            "speaker": {
              "id": "2번",
              "sex": "여성",
              "age": "40대"
            },
            "speechAct": "(단언) 진술하기",
            "morpheme": "전역/NNG+날/NNG+에/JKB+는/JX+한/MM+번/NNBC+가/JKS+볼려고/VV+EC+키/NNG+키/XSV+ETN"
          },
          {
            "id": 24,
            "text": "1 : 키키 둘째 아들램 전역이 언제인데?",
            "norm_text": "키키 둘째 아들램 전역이 언제인데?",
            "speaker": {
              "id": "1번",
              "sex": "여성",
              "age": "20대"
            },
            "speechAct": "(지시) 질문하기",
            "morpheme": "키/NNG+키/XSV+ETN+둘째/NR+아들/NNG+램/NNG+전역/NNG+이/JKS+언제/NP+인데/VCP+EF"
          },
          {
            "id": 25,
            "text": "2 : 12월 초에 전역이라 데리러 가야지",
            "norm_text": "12월 초에 전역이라 데리러 가야지",
            "speaker": {
              "id": "2번",
              "sex": "여성",
              "age": "40대"
            },
            "speechAct": "(언약) 약속하기(제3자와)/(개인적 수준)",
            "morpheme": "12/SN+월/NNBC+초/NNB+에/JKB+전역/NNG+이/VCP+라/EC+데리/VV+러/EC+가/VX+야지/EC"
          }
        ]
      }
    }
  ]
}