{
  "dataset": {
    "identifier": 99601,
    "name": "FACEBOOK_106_16_set",
    "src_path": "/data/file/cubeManager/PROJECT001/77/txt20211028145511036338/FACEBOOK_106_16_set/",
    "label_path": "/data/file/cubeManager/PROJECT001/77/txt20211028145511036338/FACEBOOK_106_16_set/",
    "category": 2,
    "type": 0
  },
  "licenses": {
    "name": "Apache License 1.0",
    "url": "http://www.apache.org/licenses/LICENSE-1.0"
  },
  "info": [
    {
      "id": 100521,
      "filename": "FACEBOOK_106_16.txt",
      "title": "FACEBOOK_106_16",
      "mediatype": "SNS",
      "medianame": "페이스북",
      "category": "일상대화",
      "date": "2021-10-28",
      "size": 423,
      "annotations": {
        "subject": "미용",
        "speaker_type": "1:1",
        "size": 423,
        "word_size": 156,
        "text": "1 : 언니는 악세사리 착용하는 거 좋아해?\n2 : 나는 악세사리 별 관심 없어\n1 : 진짜?\n1 : 반지도 안 껴?\n2 : 아니 반지랑 다 있긴 한데 막 사진 않아\n1 : 그렇구나\n1 : 나는 못 껴, 특히 목걸이,\n2 : 왜?\n2 : 알러지 있어?\n2 : 왜 그래?\n1 : 아니\n1 : 나는 목에 뭐가 닿는 게 소름이 돋아 ㅜ\n2 : 에?\n2 : 그런 게 좀 잘 느껴지나 보다\n1 : 어 이게 전생에 목 잘려 죽은 사람이 이런대 키키\n2 : 대박 무서워 무슨 죄를 진거야 키키\n1 : 그니까!\n1 : 나 진짜 죽을 죄를 지었나 벼 ㅜㅜ\n2 : 키키 그럼 다른 악세사리는?\n2 : 해?\n1 : 음, 에어팟,? 도 악세사리라고 쳐줄래,?\n2 : 키키 에어팟은 괜찮니?\n2 : 안 소름 돋아?\n1 : 키키 어 에어팟은 진짜 혁명인 거 같아!\n1 : 너무 좋아!\n2 : 맞아\n2 : 나도 에어팟이랑 함께 해",
        "lines": [
          {
            "id": 1,
            "text": "1 : 언니는 악세사리 착용하는 거 좋아해?",
            "norm_text": "언니는 악세사리 착용하는 거 좋아해?",
            "speaker": {
              "id": "1번",
              "sex": "여성",
              "age": "20대"
            },
            "speechAct": "(지시) 질문하기",
            "morpheme": "언니/NNG+는/JX+악세사리/NNG+착용/NNG+하/XSV+는/ETM+거/NNB+좋/VA+아/EC+해/VX+EF"
          },
          {
            "id": 2,
            "text": "2 : 나는 악세사리 별 관심 없어",
            "norm_text": "나는 악세사리 별 관심 없어",
            "speaker": {
              "id": "2번",
              "sex": "여성",
              "age": "20대"
            },
            "speechAct": "(단언) 주장하기",
            "morpheme": "나/NP+는/JX+악세사리/NNG+별/XSN+관심/NNG+없/VA+어/EC"
          },
          {
            "id": 3,
            "text": "1 : 진짜?",
            "norm_text": "진짜?",
            "speaker": {
              "id": "1번",
              "sex": "여성",
              "age": "20대"
            },
            "speechAct": "(지시) 질문하기",
            "morpheme": "진짜/MAG"
          },
          {
            "id": 4,
            "text": "1 : 반지도 안 껴?",
            "norm_text": "반지도 안 껴?",
            "speaker": {
              "id": "1번",
              "sex": "여성",
              "age": "20대"
            },
            "speechAct": "(지시) 질문하기",
            "morpheme": "반지/NNG+도/JX+안/MAG+껴/VV+EF"
          },
          {
            "id": 5,
            "text": "2 : 아니 반지랑 다 있긴 한데 막 사진 않아",
            "norm_text": "아니 반지랑 다 있긴 한데 막 사진 않아",
            "speaker": {
              "id": "2번",
              "sex": "여성",
              "age": "20대"
            },
            "speechAct": "(단언) 주장하기",
            "morpheme": "아니/IC+반지/NNG+랑/JKB+다/MAG+있/VV+긴/ETN+JX+한데/VX+EC+막사/NNG+진/XSV+EC+JX+않/VX+아/EC"
          },
          {
            "id": 6,
            "text": "1 : 그렇구나",
            "norm_text": "그렇구나",
            "speaker": {
              "id": "1번",
              "sex": "여성",
              "age": "20대"
            },
            "speechAct": "(단언) 주장하기",
            "morpheme": "그렇/VA+구나/EC"
          },
          {
            "id": 7,
            "text": "1 : 나는 못 껴, 특히 목걸이,",
            "norm_text": "나는 못 껴, 특히 목걸이,",
            "speaker": {
              "id": "1번",
              "sex": "여성",
              "age": "20대"
            },
            "speechAct": "(단언) 주장하기",
            "morpheme": "나/NP+는/JX+못/MAG+껴/VV+EF+,/SC+특히/MAG+목걸이/NNG+,/SC"
          },
          {
            "id": 8,
            "text": "2 : 왜?",
            "norm_text": "왜?",
            "speaker": {
              "id": "2번",
              "sex": "여성",
              "age": "20대"
            },
            "speechAct": "(지시) 질문하기",
            "morpheme": "왜/MAG"
          },
          {
            "id": 9,
            "text": "2 : 알러지 있어?",
            "norm_text": "알러지 있어?",
            "speaker": {
              "id": "2번",
              "sex": "여성",
              "age": "20대"
            },
            "speechAct": "(지시) 질문하기",
            "morpheme": "알러/NNP+지/VCP+EC+있/VX+어/EF"
          },
          {
            "id": 10,
            "text": "2 : 왜 그래?",
            "norm_text": "왜 그래?",
            "speaker": {
              "id": "2번",
              "sex": "여성",
              "age": "20대"
            },
            "speechAct": "(지시) 질문하기",
            "morpheme": "왜/MAG+그래/VA+EF"
          },
          {
            "id": 11,
            "text": "1 : 아니",
            "norm_text": "아니",
            "speaker": {
              "id": "1번",
              "sex": "여성",
              "age": "20대"
            },
            "speechAct": "(단언) 주장하기",
            "morpheme": "아니/IC"
          },
          {
            "id": 12,
            "text": "1 : 나는 목에 뭐가 닿는 게 소름이 돋아 ㅜ",
            "norm_text": "나는 목에 뭐가 닿는 게 소름이 돋아 ㅜ",
            "speaker": {
              "id": "1번",
              "sex": "여성",
              "age": "20대"
            },
            "speechAct": "(단언) 주장하기",
            "morpheme": "나/NP+는/JX+목/NNG+에/JKB+뭐/NP+가/JKS+닿/VV+는/ETM+게/NNB+JKS+소름/NNG+이/JKS+돋/VV+EP+아ㅜ/UNKNOWN"
          },
          {
            "id": 13,
            "text": "2 : 에?",
            "norm_text": "에?",
            "speaker": {
              "id": "2번",
              "sex": "여성",
              "age": "20대"
            },
            "speechAct": "(지시) 질문하기",
            "morpheme": "에/IC"
          },
          {
            "id": 14,
            "text": "2 : 그런 게 좀 잘 느껴지나 보다",
            "norm_text": "그런 게 좀 잘 느껴지나 보다",
            "speaker": {
              "id": "2번",
              "sex": "여성",
              "age": "20대"
            },
            "speechAct": "(단언) 주장하기",
            "morpheme": "그런/MM+게/NNB+JKS+좀/MAG+잘/MAG+느껴/VV+지/EC+나/NP+보다/JKB"
          },
          {
            "id": 15,
            "text": "1 : 어 이게 전생에 목 잘려 죽은 사람이 이런대 키키",
            "norm_text": "어 이게 전생에 목 잘려 죽은 사람이 이런대 키키",
            "speaker": {
              "id": "1번",
              "sex": "여성",
              "age": "20대"
            },
            "speechAct": "(단언) 주장하기",
            "morpheme": "어/IC+이게/NP+JKS+전생/NNG+에/JKB+목/NNG+잘려/VV+EC+죽/VV+은/ETM+사람/NNG+이/JKS+이런/MM+대/XPN+키/NNG+키/XSV+ETN"
          },
          {
            "id": 16,
            "text": "2 : 대박 무서워 무슨 죄를 진거야 키키",
            "norm_text": "대박 무서워 무슨 죄를 진거야 키키",
            "speaker": {
              "id": "2번",
              "sex": "여성",
              "age": "20대"
            },
            "speechAct": "(단언) 주장하기",
            "morpheme": "대박/NNG+무서워/VA+EC+무슨/MM+죄/NNG+를/JKO+진/VV+ETM+거/NNB+야/VCP+EF+키/NNG+키/XSV+ETN"
          },
          {
            "id": 17,
            "text": "1 : 그니까!",
            "norm_text": "그니까!",
            "speaker": {
              "id": "1번",
              "sex": "여성",
              "age": "20대"
            },
            "speechAct": "(단언) 주장하기",
            "morpheme": "그니까/MAJ"
          },
          {
            "id": 18,
            "text": "1 : 나 진짜 죽을 죄를 지었나 벼 ㅜㅜ",
            "norm_text": "나 진짜 죽을 죄를 지었나 벼 ㅜㅜ",
            "speaker": {
              "id": "1번",
              "sex": "여성",
              "age": "20대"
            },
            "speechAct": "(단언) 주장하기",
            "morpheme": "나/NP+진짜/MAG+죽을죄/NNG+를/JKO+지/VV+었/EP+나/EC+벼/VX+EF+ㅜㅜ/UNKNOWN"
          },
          {
            "id": 19,
            "text": "2 : 키키 그럼 다른 악세사리는?",
            "norm_text": "키키 그럼 다른 악세사리는?",
            "speaker": {
              "id": "2번",
              "sex": "여성",
              "age": "20대"
            },
            "speechAct": "(지시) 질문하기",
            "morpheme": "키/NNG+키/XSV+ETN+그럼/MAJ+다른/MM+악세사리/NNG+는/JX"
          },
          {
            "id": 20,
            "text": "2 : 해?",
            "norm_text": "해?",
            "speaker": {
              "id": "2번",
              "sex": "여성",
              "age": "20대"
            },
            "speechAct": "(지시) 질문하기",
            "morpheme": "해/VV+EF"
          },
          {
            "id": 21,
            "text": "1 : 음, 에어팟,? 도 악세사리라고 쳐줄래,?",
            "norm_text": "음, 에어팟,? 도 악세사리라고 쳐줄래,?",
            "speaker": {
              "id": "1번",
              "sex": "여성",
              "age": "20대"
            },
            "speechAct": "(단언) 주장하기",
            "morpheme": "음/IC+,/SC+에/IC+어/IC+팟/NNG+,/SC+?/SY+도/JX+악세사리/NNG+라고/VCP+EC+쳐/VV+EC+줄래/VX+EC+,/SY"
          },
          {
            "id": 22,
            "text": "2 : 키키 에어팟은 괜찮니?",
            "norm_text": "키키 에어팟은 괜찮니?",
            "speaker": {
              "id": "2번",
              "sex": "여성",
              "age": "20대"
            },
            "speechAct": "(지시) 질문하기",
            "morpheme": "키/NNG+키/NNG+에/JKB+어/IC+팟/NNG+은/JX+괜찮/VA+니/EF"
          },
          {
            "id": 23,
            "text": "2 : 안 소름 돋아?",
            "norm_text": "안 소름 돋아?",
            "speaker": {
              "id": "2번",
              "sex": "여성",
              "age": "20대"
            },
            "speechAct": "(지시) 질문하기",
            "morpheme": "안/MAG+소름/NNG+돋/VV+EP+아/EF"
          },
          {
            "id": 24,
            "text": "1 : 키키 어 에어팟은 진짜 혁명인 거 같아!",
            "norm_text": "키키 어 에어팟은 진짜 혁명인 거 같아!",
            "speaker": {
              "id": "1번",
              "sex": "여성",
              "age": "20대"
            },
            "speechAct": "(단언) 주장하기",
            "morpheme": "키/NNG+키어/NNG+에/JKB+어/IC+팟/NNG+은/JX+진짜/MAG+혁명/NNG+인/VCP+ETM+거/NNB+같/VA+아/EF"
          },
          {
            "id": 25,
            "text": "1 : 너무 좋아!",
            "norm_text": "너무 좋아!",
            "speaker": {
              "id": "1번",
              "sex": "여성",
              "age": "20대"
            },
            "speechAct": "(단언) 주장하기",
            "morpheme": "너무/MAG+좋/VA+아/EF"
          },
          {
            "id": 26,
            "text": "2 : 맞아",
            "norm_text": "맞아",
            "speaker": {
              "id": "2번",
              "sex": "여성",
              "age": "20대"
            },
            "speechAct": "(단언) 주장하기",
            "morpheme": "맞/VV+아/EC"
          },
          {
            "id": 27,
            "text": "2 : 나도 에어팟이랑 함께 해",
            "norm_text": "나도 에어팟이랑 함께 해",
            "speaker": {
              "id": "2번",
              "sex": "여성",
              "age": "20대"
            },
            "speechAct": "(단언) 주장하기",
            "morpheme": "나/NP+도/JX+에어/NNG+팟/NNG+이랑/JKB+함께/MAG+해/VV+EC"
          }
        ]
      }
    }
  ]
}