{
  "dataset": {
    "identifier": 126950,
    "name": "FACEBOOK_122_16_set",
    "src_path": "/data/file/cubeManager/PROJECT001/84/txt20211104181832011051/FACEBOOK_122_16_set/",
    "label_path": "/data/file/cubeManager/PROJECT001/84/txt20211104181832011051/FACEBOOK_122_16_set/",
    "category": 2,
    "type": 0
  },
  "licenses": {
    "name": "Apache License 1.0",
    "url": "http://www.apache.org/licenses/LICENSE-1.0"
  },
  "info": [
    {
      "id": 137584,
      "filename": "FACEBOOK_122_16.txt",
      "title": "FACEBOOK_122_16",
      "mediatype": "SNS",
      "medianame": "페이스북",
      "category": "일상대화",
      "date": "2021-11-04",
      "size": 363,
      "annotations": {
        "subject": "미용",
        "speaker_type": "1:1",
        "size": 363,
        "word_size": 127,
        "text": "1 : 아 여름에 너무 탄 것 같아\n2 : 아 진짜 나도 물놀이 너무 가서 다 탔어\n1 : 썬크림 바르고 다녔는데도 엄청 탔어\n2 : 진짜 물놀이 또 가고 싶다\n1 : 남자는 타면 이쁘잖아 키키 일부러 태닝도 하고\n2 : 물놀이 가서 삼겹살 구워 먹고 놀고 싶다\n1 : 나는 타니깐 완전 시골 같아 ㅠ\n2 : 아니야 나도 진짜 이상해 필리핀 사람 같아\n1 : 아 이거 복구 어떻게 해야 하지\n2 : 아 겨울 오면 알아서 복귀 될 거야\n1 : 화이트 태닝하러 가볼까?\n2 : 좀만 기다려봐 눈 오면 돌아와\n1 : 현아랑 아이유도 화이트 태닝했다던데\n2 : 태닝 뭐 하러 돈 들여 가면서 해\n1 : 그래도 하얘지면 좋잖아 ㅠㅠ 검은 거 보단\n2 : 난 여자들이 하얘지는 게 좋더라",
        "lines": [
          {
            "id": 1,
            "text": "1 : 아 여름에 너무 탄 것 같아",
            "norm_text": "아 여름에 너무 탄 것 같아",
            "speaker": {
              "id": "1번",
              "sex": "여성",
              "age": "20대"
            },
            "speechAct": "(단언) 주장하기",
            "morpheme": "아/IC+여름/NNG+에/JKB+너무/MAG+탄/VV+ETM+것/NNB+같/VA+아/EC"
          },
          {
            "id": 2,
            "text": "2 : 아 진짜 나도 물놀이 너무 가서 다 탔어",
            "norm_text": "아 진짜 나도 물놀이 너무 가서 다 탔어",
            "speaker": {
              "id": "2번",
              "sex": "남성",
              "age": "20대"
            },
            "speechAct": "(단언) 주장하기",
            "morpheme": "아/IC+진짜/MAG+나/NP+도/JX+물놀/NNG+이/JKS+너무/MAG+가/VV+서/EC+다/MAG+탔/VV+EP+어/EC"
          },
          {
            "id": 3,
            "text": "1 : 썬크림 바르고 다녔는데도 엄청 탔어",
            "norm_text": "썬크림 바르고 다녔는데도 엄청 탔어",
            "speaker": {
              "id": "1번",
              "sex": "여성",
              "age": "20대"
            },
            "speechAct": "(단언) 주장하기",
            "morpheme": "썬/VV+ETM+크림/NNG+바르/VV+고/EC+다녔/VV+EP+는데/EC+도/JX+엄청/MAG+탔/VV+EP+어/EC"
          },
          {
            "id": 4,
            "text": "2 : 진짜 물놀이 또 가고 싶다",
            "norm_text": "진짜 물놀이 또 가고 싶다",
            "speaker": {
              "id": "2번",
              "sex": "남성",
              "age": "20대"
            },
            "speechAct": "(단언) 주장하기",
            "morpheme": "진짜/MAG+물놀/NNG+이/JKS+또/MAG+가/VV+고/EC+싶/VX+다/EC"
          },
          {
            "id": 5,
            "text": "1 : 남자는 타면 이쁘잖아 키키 일부러 태닝도 하고",
            "norm_text": "남자는 타면 이쁘잖아 키키 일부러 태닝도 하고",
            "speaker": {
              "id": "1번",
              "sex": "여성",
              "age": "20대"
            },
            "speechAct": "(단언) 주장하기",
            "morpheme": "남자/NNG+는/JX+타/VV+면/EC+이쁘/VA+잖아/EC+키/NNG+키/NNG+일부러/MAG+태/NNP+닝/NNP+도/JX+하/VV+고/EC"
          },
          {
            "id": 6,
            "text": "2 : 물놀이 가서 삼겹살 구워 먹고 놀고 싶다",
            "norm_text": "물놀이 가서 삼겹살 구워 먹고 놀고 싶다",
            "speaker": {
              "id": "2번",
              "sex": "남성",
              "age": "20대"
            },
            "speechAct": "(단언) 주장하기",
            "morpheme": "물놀/NNG+이/JKS+가/VV+서/EC+삼겹살/NNG+구워/VV+EC+먹/VV+고/EC+놀/VV+고/EC+싶/VX+다/EC"
          },
          {
            "id": 7,
            "text": "1 : 나는 타니깐 완전 시골 같아 ㅠ",
            "norm_text": "나는 타니깐 완전 시골 같아 ㅠ",
            "speaker": {
              "id": "1번",
              "sex": "여성",
              "age": "20대"
            },
            "speechAct": "(단언) 주장하기",
            "morpheme": "나/NP+는/JX+타/VV+니깐/EC+완전/NNG+시골/NNG+같/VA+아/EC+ㅠ/UNKNOWN"
          },
          {
            "id": 8,
            "text": "2 : 아니야 나도 진짜 이상해 필리핀 사람 같아",
            "norm_text": "아니야 나도 진짜 이상해 필리핀 사람 같아",
            "speaker": {
              "id": "2번",
              "sex": "남성",
              "age": "20대"
            },
            "speechAct": "(단언) 주장하기",
            "morpheme": "아니야/IC+나/NP+도/JX+진짜/MAG+이상해/NNP+필리핀/NNP+사람/NNG+같/VA+아/EC"
          },
          {
            "id": 9,
            "text": "1 : 아 이거 복구 어떻게 해야 하지",
            "norm_text": "아 이거 복구 어떻게 해야 하지",
            "speaker": {
              "id": "1번",
              "sex": "여성",
              "age": "20대"
            },
            "speechAct": "(단언) 주장하기",
            "morpheme": "아/IC+이거/NP+복구/NNG+어떻게/MAG+해야/VV+EC+하/VV+지/EC"
          },
          {
            "id": 10,
            "text": "2 : 아 겨울 오면 알아서 복귀 될 거야",
            "norm_text": "아 겨울 오면 알아서 복귀 될 거야",
            "speaker": {
              "id": "2번",
              "sex": "남성",
              "age": "20대"
            },
            "speechAct": "(단언) 주장하기",
            "morpheme": "아/IC+겨울/NNG+오/VV+면/EC+알/VV+아서/EC+복귀/NNG+될/XSV+ETM+거/NNB+야/VCP+EF"
          },
          {
            "id": 11,
            "text": "1 : 화이트 태닝하러 가볼까?",
            "norm_text": "화이트 태닝하러 가볼까?",
            "speaker": {
              "id": "1번",
              "sex": "여성",
              "age": "20대"
            },
            "speechAct": "(지시) 질문하기",
            "morpheme": "화이트/NNP+태/NNP+닝/NNP+하러/NNP+가/JKS+볼까/VV+EF"
          },
          {
            "id": 12,
            "text": "2 : 좀만 기다려봐 눈 오면 돌아와",
            "norm_text": "좀만 기다려봐 눈 오면 돌아와",
            "speaker": {
              "id": "2번",
              "sex": "남성",
              "age": "20대"
            },
            "speechAct": "(단언) 주장하기",
            "morpheme": "좀/MAG+만/JX+기다려/VV+EC+봐/VX+EF+눈/NNG+오/VV+면/EC+돌아와/VV+EC"
          },
          {
            "id": 13,
            "text": "1 : 현아랑 아이유도 화이트 태닝했다던데",
            "norm_text": "현아랑 아이유도 화이트 태닝했다던데",
            "speaker": {
              "id": "1번",
              "sex": "여성",
              "age": "20대"
            },
            "speechAct": "(단언) 주장하기",
            "morpheme": "현아랑/NNP+아이유/NNP+도/JX+화이트/NNP+태닝/UNKNOWN+했/VV+EP+다던데/EC"
          },
          {
            "id": 14,
            "text": "2 : 태닝 뭐 하러 돈 들여 가면서 해",
            "norm_text": "태닝 뭐 하러 돈 들여 가면서 해",
            "speaker": {
              "id": "2번",
              "sex": "남성",
              "age": "20대"
            },
            "speechAct": "(단언) 주장하기",
            "morpheme": "태/NNP+닝/NNP+뭐/IC+하/VV+러/EC+돈/NNG+들여가/VV+면서/EC+해/VV+EC"
          },
          {
            "id": 15,
            "text": "1 : 그래도 하얘지면 좋잖아 ㅠㅠ 검은 거 보단",
            "norm_text": "그래도 하얘지면 좋잖아 ㅠㅠ 검은 거 보단",
            "speaker": {
              "id": "1번",
              "sex": "여성",
              "age": "20대"
            },
            "speechAct": "(단언) 주장하기",
            "morpheme": "그래도/MAJ+하얘지/VV+면/EC+좋/VA+잖아/EF+ㅠㅠ/UNKNOWN+검/VA+은/ETM+거/NNB+보단/JKB+JX"
          },
          {
            "id": 16,
            "text": "2 : 난 여자들이 하얘지는 게 좋더라",
            "norm_text": "난 여자들이 하얘지는 게 좋더라",
            "speaker": {
              "id": "2번",
              "sex": "남성",
              "age": "20대"
            },
            "speechAct": "(단언) 주장하기",
            "morpheme": "난/NP+JX+여자/NNG+들/XSN+이/JKS+하얘지/VV+는/ETM+게/NNB+JKS+좋/VA+더라/EC"
          }
        ]
      }
    }
  ]
}