{
  "dataset": {
    "identifier": 116863,
    "name": "FACEBOOK_118_12_set",
    "src_path": "/data/file/cubeManager/PROJECT001/80/txt20211102103331053058/FACEBOOK_118_12_set/",
    "label_path": "/data/file/cubeManager/PROJECT001/80/txt20211102103331053058/FACEBOOK_118_12_set/",
    "category": 2,
    "type": 0
  },
  "licenses": {
    "name": "Apache License 1.0",
    "url": "http://www.apache.org/licenses/LICENSE-1.0"
  },
  "info": [
    {
      "id": 129675,
      "filename": "FACEBOOK_118_12.txt",
      "title": "FACEBOOK_118_12",
      "mediatype": "SNS",
      "medianame": "페이스북",
      "category": "일상대화",
      "date": "2021-11-02",
      "size": 419,
      "annotations": {
        "subject": "여행",
        "speaker_type": "1:1",
        "size": 419,
        "word_size": 141,
        "text": "1 : 언니 명절 때 풀빌라 빌려서 놀러 갔다 했잖아!\n2 : 응 키키 부산 근처로 놀러 갔었지~\n1 : 아 부산이었어!?\n1 : 역시 부산은 바닷가 쪽이라 그런 게 잘 갖춰져 있지?\n2 : 맞아 하하 근데 비 오면 풍경이 별로야\n1 : 아 명절 때 비 왔었잖아\n1 : 부산도 왔었어?\n2 : 응 키키 그래서 안에서만 놀았지\n1 : 아이고 ㅜㅜ 아쉽다\n1 : 그런 곳에서 사진도 막 찍어야 하는데!\n2 : 이번 설에는 비 안 오겠지?\n1 : 에이 눈이 오면 눈이 오지 비는 안 올걸?\n2 : 오히려 눈 오면 좋겠다 키키\n1 : 키키 이번에도 풀빌라 빌려서 가는 거야?\n2 : 응 하하 아마 그럴 거 같아 키키\n1 : 이번에도 부산에 있는 곳으로 잡는 거야?\n2 : 이번에는 외가쪽으로 갈 생각이야\n1 : 어 그러면 한옥집으로 구하겠다 이번에는!\n2 : 응 그런 풍경으로 구해봐야지~",
        "lines": [
          {
            "id": 1,
            "text": "1 : 언니 명절 때 풀빌라 빌려서 놀러 갔다 했잖아!",
            "norm_text": "언니 명절 때 풀빌라 빌려서 놀러 갔다 했잖아!",
            "speaker": {
              "id": "1번",
              "sex": "여성",
              "age": "20대"
            },
            "speechAct": "(지시) 질문하기",
            "morpheme": "언니/NNG+명절/NNG+때/NNG+풀/NNG+빌라/NNG+빌려서/VV+EC+놀러갔/VV+EP+다/EC+했잖아/VX+EP+EC+VX+EF"
          },
          {
            "id": 2,
            "text": "2 : 응 키키 부산 근처로 놀러 갔었지~",
            "norm_text": "응 키키 부산 근처로 놀러 갔었지~",
            "speaker": {
              "id": "2번",
              "sex": "여성",
              "age": "20대"
            },
            "speechAct": "(단언) 진술하기",
            "morpheme": "응키키부산근처로놀러갔었지/UNKNOWN+~/SY"
          },
          {
            "id": 3,
            "text": "1 : 아 부산이었어!?",
            "norm_text": "아 부산이었어!?",
            "speaker": {
              "id": "1번",
              "sex": "여성",
              "age": "20대"
            },
            "speechAct": "(지시) 질문하기",
            "morpheme": "아/IC+부산/NNP+이/VCP+었/EP+어/EC+!/SY"
          },
          {
            "id": 4,
            "text": "1 : 역시 부산은 바닷가 쪽이라 그런 게 잘 갖춰져 있지?",
            "norm_text": "역시 부산은 바닷가 쪽이라 그런 게 잘 갖춰져 있지?",
            "speaker": {
              "id": "1번",
              "sex": "여성",
              "age": "20대"
            },
            "speechAct": "(지시) 질문하기",
            "morpheme": "역시/MAJ+부산/NNP+은/JX+바닷가/NNG+쪽/NNB+이/VCP+라/EC+그런/MM+게/NNB+JKS+잘/MAG+갖춰져/VV+EC+VX+EC+있/VX+지/EF"
          },
          {
            "id": 5,
            "text": "2 : 맞아 하하 근데 비 오면 풍경이 별로야",
            "norm_text": "맞아 하하 근데 비 오면 풍경이 별로야",
            "speaker": {
              "id": "2번",
              "sex": "여성",
              "age": "20대"
            },
            "speechAct": "(단언) 주장하기",
            "morpheme": "맞/VV+아/EC+하하/MAG+근데/MAJ+비오/VV+면/EC+풍경/NNG+이/JKS+별로/MAG+야/IC"
          },
          {
            "id": 6,
            "text": "1 : 아 명절 때 비 왔었잖아",
            "norm_text": "아 명절 때 비 왔었잖아",
            "speaker": {
              "id": "1번",
              "sex": "여성",
              "age": "20대"
            },
            "speechAct": "(단언) 진술하기",
            "morpheme": "아/IC+명절/NNG+때/NNG+비/NNG+왔/VV+EP+었잖/EC+VX+아/EC"
          },
          {
            "id": 7,
            "text": "1 : 부산도 왔었어?",
            "norm_text": "부산도 왔었어?",
            "speaker": {
              "id": "1번",
              "sex": "여성",
              "age": "20대"
            },
            "speechAct": "(지시) 질문하기",
            "morpheme": "부산/NNP+도/JX+왔었/VV+EP+어/EF"
          },
          {
            "id": 8,
            "text": "2 : 응 키키 그래서 안에서만 놀았지",
            "norm_text": "응 키키 그래서 안에서만 놀았지",
            "speaker": {
              "id": "2번",
              "sex": "여성",
              "age": "20대"
            },
            "speechAct": "(단언) 진술하기",
            "morpheme": "응/IC+키/NNG+키/XSV+ETN+그래서/MAJ+안/NNG+에서/JKB+만/JX+놀/VV+았/EP+지/EC"
          },
          {
            "id": 9,
            "text": "1 : 아이고 ㅜㅜ 아쉽다",
            "norm_text": "아이고 ㅜㅜ 아쉽다",
            "speaker": {
              "id": "1번",
              "sex": "여성",
              "age": "20대"
            },
            "speechAct": "(단언) 주장하기",
            "morpheme": "아이고ㅜㅜ아쉽다/UNKNOWN"
          },
          {
            "id": 10,
            "text": "1 : 그런 곳에서 사진도 막 찍어야 하는데!",
            "norm_text": "그런 곳에서 사진도 막 찍어야 하는데!",
            "speaker": {
              "id": "1번",
              "sex": "여성",
              "age": "20대"
            },
            "speechAct": "(단언) 주장하기",
            "morpheme": "그런/MM+곳/NNG+에서/JKB+사진/NNG+도막/NNG+찍/VV+어야/EC+하/VV+는데/EC"
          },
          {
            "id": 11,
            "text": "2 : 이번 설에는 비 안 오겠지?",
            "norm_text": "이번 설에는 비 안 오겠지?",
            "speaker": {
              "id": "2번",
              "sex": "여성",
              "age": "20대"
            },
            "speechAct": "(지시) 질문하기",
            "morpheme": "이/MM+번설/NNG+에/JKB+는/JX+비/NNG+안/MAG+오/VV+겠/EP+지/EF"
          },
          {
            "id": 12,
            "text": "1 : 에이 눈이 오면 눈이 오지 비는 안 올걸?",
            "norm_text": "에이 눈이 오면 눈이 오지 비는 안 올걸?",
            "speaker": {
              "id": "1번",
              "sex": "여성",
              "age": "20대"
            },
            "speechAct": "(단언) 주장하기",
            "morpheme": "에이/NNG+눈/NNG+이/JKS+오/VV+면/EC+눈/NNG+이/JKS+오/VV+지비/EC+는/JX+안/MAG+올걸/VV+EF"
          },
          {
            "id": 13,
            "text": "2 : 오히려 눈 오면 좋겠다 키키",
            "norm_text": "오히려 눈 오면 좋겠다 키키",
            "speaker": {
              "id": "2번",
              "sex": "여성",
              "age": "20대"
            },
            "speechAct": "(단언) 주장하기",
            "morpheme": "오히려/MAJ+눈/NNG+오/VV+면/EC+좋/VA+겠/EP+다키키/NNP"
          },
          {
            "id": 14,
            "text": "1 : 키키 이번에도 풀빌라 빌려서 가는 거야?",
            "norm_text": "키키 이번에도 풀빌라 빌려서 가는 거야?",
            "speaker": {
              "id": "1번",
              "sex": "여성",
              "age": "20대"
            },
            "speechAct": "(지시) 질문하기",
            "morpheme": "키/NNG+키/NNG+이번/NNG+에/JKB+도/JX+풀/NNG+빌라/NNG+빌려서/VV+EC+가/VX+는/ETM+거/NNB+야/VCP+EF"
          },
          {
            "id": 15,
            "text": "2 : 응 하하 아마 그럴 거 같아 키키",
            "norm_text": "응 하하 아마 그럴 거 같아 키키",
            "speaker": {
              "id": "2번",
              "sex": "여성",
              "age": "20대"
            },
            "speechAct": "(단언) 주장하기",
            "morpheme": "응/IC+하하/MAG+아마/MAG+그럴/VA+ETM+거/NNB+같/VA+아/EC+키/NNG+키/XSV+ETN"
          },
          {
            "id": 16,
            "text": "1 : 이번에도 부산에 있는 곳으로 잡는 거야?",
            "norm_text": "이번에도 부산에 있는 곳으로 잡는 거야?",
            "speaker": {
              "id": "1번",
              "sex": "여성",
              "age": "20대"
            },
            "speechAct": "(지시) 질문하기",
            "morpheme": "이번/NNG+에/JKB+도/JX+부산/NNP+에/JKB+있/VV+는/ETM+곳/NNG+으로/JKB+잡/VV+는/ETM+거/NNB+야/VCP+EF"
          },
          {
            "id": 17,
            "text": "2 : 이번에는 외가쪽으로 갈 생각이야",
            "norm_text": "이번에는 외가쪽으로 갈 생각이야",
            "speaker": {
              "id": "2번",
              "sex": "여성",
              "age": "20대"
            },
            "speechAct": "(단언) 주장하기",
            "morpheme": "이번/NNG+에/JKB+는/JX+외가/NNG+쪽/NNB+으로/JKB+갈/VV+ETM+생각/NNG+이/VCP+야/EC"
          },
          {
            "id": 18,
            "text": "1 : 어 그러면 한옥집으로 구하겠다 이번에는!",
            "norm_text": "어 그러면 한옥집으로 구하겠다 이번에는!",
            "speaker": {
              "id": "1번",
              "sex": "여성",
              "age": "20대"
            },
            "speechAct": "(단언) 주장하기",
            "morpheme": "어/IC+그러면/MAJ+한/MM+옥집/NNG+으로/JKB+구하/VV+겠/EP+다/EC+이번/NNG+에/JKB+는/JX"
          },
          {
            "id": 19,
            "text": "2 : 응 그런 풍경으로 구해봐야지~",
            "norm_text": "응 그런 풍경으로 구해봐야지~",
            "speaker": {
              "id": "2번",
              "sex": "여성",
              "age": "20대"
            },
            "speechAct": "(단언) 주장하기",
            "morpheme": "응/IC+그런/MM+풍경/NNG+으로/JKB+구해/VV+EC+봐야/VX+EC+VV+지/EC+~/SY"
          }
        ]
      }
    }
  ]
}