{
  "dataset": {
    "identifier": 99681,
    "name": "FACEBOOK_103_13_set",
    "src_path": "/data/file/cubeManager/PROJECT001/77/txt20211028145511005257/FACEBOOK_103_13_set/",
    "label_path": "/data/file/cubeManager/PROJECT001/77/txt20211028145511005257/FACEBOOK_103_13_set/",
    "category": 2,
    "type": 0
  },
  "licenses": {
    "name": "Apache License 1.0",
    "url": "http://www.apache.org/licenses/LICENSE-1.0"
  },
  "info": [
    {
      "id": 100478,
      "filename": "FACEBOOK_103_13.txt",
      "title": "FACEBOOK_103_13",
      "mediatype": "SNS",
      "medianame": "페이스북",
      "category": "일상대화",
      "date": "2021-10-28",
      "size": 507,
      "annotations": {
        "subject": "계절/날씨",
        "speaker_type": "1:1",
        "size": 507,
        "word_size": 173,
        "text": "1 : 너는 추운 게 좋아 더운 게 좋아?\n2 : 나는 추위를 많이 타서 더운게 나아\n1 : 그렇구나\n1 : 나는 더위를 많이 타서 추운 게 더 좋은 거 같은데 왜 오늘은 이렇게 추운 거지,?\n2 : 한파 주위보라고 하잖아 너무 추워졌어\n1 : 후, 우리나라 날씨가 이상해진 거 같아, 평일에는 더웠는데!\n2 : 맞아\n2 : 날씨가 너무 오락가락해\n1 : 맞아 ㅜㅜ\n1 : 이래놓고 또 더워지는 건 아니겠지?\n2 : 그니까 추워서 두꺼운 옷 샀는데 또 더워지면 옷 없어...\n1 : 나 코트 샀는데 이거 지금 못 입을 거 같아,\n2 : 날씨가 너무 극단적이야 오늘은 너무 추워\n1 : 맞아 키키\n1 : 나 이거 지금 옷걸이에 걸고 입을 날 날만 기다리고 있었는데!\n2 : 조금만 덜 추워도 입을 수 있을 텐데\n1 : 맞아\n1 : 나 주말에 이거 입고 데이트 하려고 했는데 패딩 입어야 할 거 같아!\n2 : 이번 주말은 제일 추운 거 같아\n1 : 키키 맞아\n1 : 그래서 오늘은 밖에 안 나가려고!\n2 : 역시 추울 땐 집에서 이불 덮고 있어야지",
        "lines": [
          {
            "id": 1,
            "text": "1 : 너는 추운 게 좋아 더운 게 좋아?",
            "norm_text": "너는 추운 게 좋아 더운 게 좋아?",
            "speaker": {
              "id": "1번",
              "sex": "여성",
              "age": "20대"
            },
            "speechAct": "(지시) 질문하기",
            "morpheme": "너/NP+는/JX+추운/VA+ETM+게/NNB+JKS+좋/VA+아/EC+더운/VA+ETM+게/NNB+JKS+좋/VA+아/EF"
          },
          {
            "id": 2,
            "text": "2 : 나는 추위를 많이 타서 더운게 나아",
            "norm_text": "나는 추위를 많이 타서 더운게 나아",
            "speaker": {
              "id": "2번",
              "sex": "여성",
              "age": "20대"
            },
            "speechAct": "(단언) 주장하기",
            "morpheme": "나/NP+는/JX+추위/NNG+를/JKO+많이/MAG+타/VV+서/EC+더운/VA+ETM+게/NNB+JKS+나/VA+아/EC"
          },
          {
            "id": 3,
            "text": "1 : 그렇구나",
            "norm_text": "그렇구나",
            "speaker": {
              "id": "1번",
              "sex": "여성",
              "age": "20대"
            },
            "speechAct": "(단언) 주장하기",
            "morpheme": "그렇/VA+구나/EC"
          },
          {
            "id": 4,
            "text": "1 : 나는 더위를 많이 타서 추운 게 더 좋은 거 같은데 왜 오늘은 이렇게 추운 거지,?",
            "norm_text": "나는 더위를 많이 타서 추운 게 더 좋은 거 같은데 왜 오늘은 이렇게 추운 거지,?",
            "speaker": {
              "id": "1번",
              "sex": "여성",
              "age": "20대"
            },
            "speechAct": "(단언) 주장하기",
            "morpheme": "나/NP+는/JX+더위/NNG+를/JKO+많이/MAG+타/VV+서/EC+추운/VA+ETM+게/NNB+JKS+더/MAG+좋/VA+은/ETM+거/NNB+같/VA+은데/EC+왜/MAG+오늘/NNG+은/JX+이렇게/MAG+추운/VA+ETM+거/NNB+지/VCP+EF+,/SC"
          },
          {
            "id": 5,
            "text": "2 : 한파 주위보라고 하잖아 너무 추워졌어",
            "norm_text": "한파 주위보라고 하잖아 너무 추워졌어",
            "speaker": {
              "id": "2번",
              "sex": "여성",
              "age": "20대"
            },
            "speechAct": "(단언) 주장하기",
            "morpheme": "한파/NNG+주위/NNG+보/VV+라고/EC+하/VV+잖아/EC+너무/MAG+추워졌/VA+EC+VX+EP+어/EC"
          },
          {
            "id": 6,
            "text": "1 : 후, 우리나라 날씨가 이상해진 거 같아, 평일에는 더웠는데!",
            "norm_text": "후, 우리나라 날씨가 이상해진 거 같아, 평일에는 더웠는데!",
            "speaker": {
              "id": "1번",
              "sex": "여성",
              "age": "20대"
            },
            "speechAct": "(단언) 주장하기",
            "morpheme": "후/NNG+,/SC+우리/NP+나라/NNG+날씨/NNG+가/JKS+이상/NNG+해진/XSA+EC+VX+ETM+거/NNB+같/VA+아/EC+,/SC+평일/NNG+에/JKB+는/JX+더웠/VA+EP+는데/EF"
          },
          {
            "id": 7,
            "text": "2 : 맞아",
            "norm_text": "맞아",
            "speaker": {
              "id": "2번",
              "sex": "여성",
              "age": "20대"
            },
            "speechAct": "(단언) 주장하기",
            "morpheme": "맞/VV+아/EC"
          },
          {
            "id": 8,
            "text": "2 : 날씨가 너무 오락가락해",
            "norm_text": "날씨가 너무 오락가락해",
            "speaker": {
              "id": "2번",
              "sex": "여성",
              "age": "20대"
            },
            "speechAct": "(단언) 주장하기",
            "morpheme": "날씨/NNG+가/JKS+너무/MAG+오락가락/MAG+해/VV+EC"
          },
          {
            "id": 9,
            "text": "1 : 맞아 ㅜㅜ",
            "norm_text": "맞아 ㅜㅜ",
            "speaker": {
              "id": "1번",
              "sex": "여성",
              "age": "20대"
            },
            "speechAct": "(단언) 주장하기",
            "morpheme": "맞아ㅜㅜ/UNKNOWN"
          },
          {
            "id": 10,
            "text": "1 : 이래놓고 또 더워지는 건 아니겠지?",
            "norm_text": "이래놓고 또 더워지는 건 아니겠지?",
            "speaker": {
              "id": "1번",
              "sex": "여성",
              "age": "20대"
            },
            "speechAct": "(지시) 질문하기",
            "morpheme": "이래/VA+EC+놓/VX+고/EC+또/MAG+더워/VA+EC+지/VX+는/ETM+건/NNB+JX+아니/VCN+겠/EP+지/EF"
          },
          {
            "id": 11,
            "text": "2 : 그니까 추워서 두꺼운 옷 샀는데 또 더워지면 옷 없어...",
            "norm_text": "그니까 추워서 두꺼운 옷 샀는데 또 더워지면 옷 없어...",
            "speaker": {
              "id": "2번",
              "sex": "여성",
              "age": "20대"
            },
            "speechAct": "(단언) 주장하기",
            "morpheme": "그니까추워서두꺼운옷샀는데또더워지면옷없어/UNKNOWN+./SY"
          },
          {
            "id": 12,
            "text": "1 : 나 코트 샀는데 이거 지금 못 입을 거 같아,",
            "norm_text": "나 코트 샀는데 이거 지금 못 입을 거 같아,",
            "speaker": {
              "id": "1번",
              "sex": "여성",
              "age": "20대"
            },
            "speechAct": "(단언) 주장하기",
            "morpheme": "나/NP+코트/NNG+샀/VV+EP+는데/EC+이거/NP+지금/MAG+못/MAG+입/VV+을/ETM+거/NNB+같/VA+아/EC+,/SC"
          },
          {
            "id": 13,
            "text": "2 : 날씨가 너무 극단적이야 오늘은 너무 추워",
            "norm_text": "날씨가 너무 극단적이야 오늘은 너무 추워",
            "speaker": {
              "id": "2번",
              "sex": "여성",
              "age": "20대"
            },
            "speechAct": "(단언) 주장하기",
            "morpheme": "날씨/NNG+가/JKS+너무/MAG+극단/NNG+적/XSN+이/VCP+야/EF+오늘/MAG+은/JX+너무/MAG+추워/VA+EC"
          },
          {
            "id": 14,
            "text": "1 : 맞아 키키",
            "norm_text": "맞아 키키",
            "speaker": {
              "id": "1번",
              "sex": "여성",
              "age": "20대"
            },
            "speechAct": "(단언) 주장하기",
            "morpheme": "맞/VV+아/EC+키/NNG+키/XSV+ETN"
          },
          {
            "id": 15,
            "text": "1 : 나 이거 지금 옷걸이에 걸고 입을 날 날만 기다리고 있었는데!",
            "norm_text": "나 이거 지금 옷걸이에 걸고 입을 날 날만 기다리고 있었는데!",
            "speaker": {
              "id": "1번",
              "sex": "여성",
              "age": "20대"
            },
            "speechAct": "(단언) 주장하기",
            "morpheme": "나/NP+이거/NP+지금/MAG+옷걸이/NNG+에/JKB+걸/VV+고/EC+입/NNG+을/JKO+날/VV+ETM+날/NNG+만/JX+기다리/VV+고/EC+있/VX+었/EP+는데/EF"
          },
          {
            "id": 16,
            "text": "2 : 조금만 덜 추워도 입을 수 있을 텐데",
            "norm_text": "조금만 덜 추워도 입을 수 있을 텐데",
            "speaker": {
              "id": "2번",
              "sex": "여성",
              "age": "20대"
            },
            "speechAct": "(단언) 주장하기",
            "morpheme": "조금/MAG+만/JX+덜/MAG+추워도/VA+EC+입/VV+을/ETM+수/NNB+있/VV+을/ETM+텐데/NNB+VCP+EC"
          },
          {
            "id": 17,
            "text": "1 : 맞아",
            "norm_text": "맞아",
            "speaker": {
              "id": "1번",
              "sex": "여성",
              "age": "20대"
            },
            "speechAct": "(단언) 주장하기",
            "morpheme": "맞/VV+아/EC"
          },
          {
            "id": 18,
            "text": "1 : 나 주말에 이거 입고 데이트 하려고 했는데 패딩 입어야 할 거 같아!",
            "norm_text": "나 주말에 이거 입고 데이트 하려고 했는데 패딩 입어야 할 거 같아!",
            "speaker": {
              "id": "1번",
              "sex": "여성",
              "age": "20대"
            },
            "speechAct": "(단언) 주장하기",
            "morpheme": "나/NP+주말/NNG+에/JKB+이거/NP+입/VV+고/EC+데이트/NNG+하/XSV+려고/EC+했/VX+EP+는데/EC+패딩/NNG+입/VV+어야/EC+할/VX+ETM+거/NNB+같/VA+아/EF"
          },
          {
            "id": 19,
            "text": "2 : 이번 주말은 제일 추운 거 같아",
            "norm_text": "이번 주말은 제일 추운 거 같아",
            "speaker": {
              "id": "2번",
              "sex": "여성",
              "age": "20대"
            },
            "speechAct": "(단언) 주장하기",
            "morpheme": "이번/NNG+주말/NNG+은/JX+제일/MAG+추운/VA+ETM+거/NNB+같/VA+아/EC"
          },
          {
            "id": 20,
            "text": "1 : 키키 맞아",
            "norm_text": "키키 맞아",
            "speaker": {
              "id": "1번",
              "sex": "여성",
              "age": "20대"
            },
            "speechAct": "(단언) 주장하기",
            "morpheme": "키/NNG+키/XSV+ETN+맞/VV+아/EC"
          },
          {
            "id": 21,
            "text": "1 : 그래서 오늘은 밖에 안 나가려고!",
            "norm_text": "그래서 오늘은 밖에 안 나가려고!",
            "speaker": {
              "id": "1번",
              "sex": "여성",
              "age": "20대"
            },
            "speechAct": "(단언) 주장하기",
            "morpheme": "그래서/MAJ+오늘/NNG+은/JX+밖에/JX+안/MAG+나가/VV+려고/EF"
          },
          {
            "id": 22,
            "text": "2 : 역시 추울 땐 집에서 이불 덮고 있어야지",
            "norm_text": "역시 추울 땐 집에서 이불 덮고 있어야지",
            "speaker": {
              "id": "2번",
              "sex": "여성",
              "age": "20대"
            },
            "speechAct": "(단언) 주장하기",
            "morpheme": "역시/MAJ+추울/VA+ETM+땐/NNG+JX+집/NNG+에서/JKB+이불/NNG+덮/VV+고/EC+있/VX+어야지/EC"
          }
        ]
      }
    }
  ]
}