{
  "dataset": {
    "identifier": 98138,
    "name": "FACEBOOK_101_18_set",
    "src_path": "/data/file/cubeManager/PROJECT001/77/txt20211027152210051575/FACEBOOK_101_18_set/",
    "label_path": "/data/file/cubeManager/PROJECT001/77/txt20211027152210051575/FACEBOOK_101_18_set/",
    "category": 2,
    "type": 0
  },
  "licenses": {
    "name": "Apache License 1.0",
    "url": "http://www.apache.org/licenses/LICENSE-1.0"
  },
  "info": [
    {
      "id": 99359,
      "filename": "FACEBOOK_101_18.txt",
      "title": "FACEBOOK_101_18",
      "mediatype": "SNS",
      "medianame": "페이스북",
      "category": "일상대화",
      "date": "2021-10-27",
      "size": 484,
      "annotations": {
        "subject": "상거래 전반",
        "speaker_type": "1:1",
        "size": 484,
        "word_size": 168,
        "text": "1 : 언니는 중고거래 하다가 사기 당한 적 있어?\n2 : 아니\n2 : 난 귀찮아서 그런 거 잘 안 해\n1 : 진짜,?\n1 : 나는 작년에 당해봤어,\n2 : 에? 무슨 사기?\n2 : 뭐 샀어\n1 : 아니\n1 : 나 화장품을 사려고 했는데, 계좌이체를 하라는 거야,\n2 : 그래서 다른 사람한테 이체한 거지?\n1 : 아니,\n1 : 나는 직거래를 하고 싶은데 자기가 일 때문에 택배로 보내준다는 거야,\n2 : 아 그랬더니 택배도 안 왔어?\n1 : 어 나한테 송장번호까지 알려줘서 나는 믿고 있었는데!\n2 : 멍청이네\n2 : 그래서 그런 거 하면 안돼\n1 : 키키 맞아,\n1 : 3만 원이나 날려 먹었어!\n1 : 신고도 할 수 없고 말이야!\n2 : 삼만원도 아까워\n2 : 그걸로 치킨이나 먹지\n1 : 키키 맞아\n1 : 치킨도 두 마리나 먹을 수 있다구!\n2 : 키키 하지마 그런 거 이제\n2 : 그냥 새 거 사자\n1 : 키키 맞아\n1 : 그렇게 당하고 나도 이제 교훈을 얻었지!\n2 : 당근은 그래도 한번은 해보고 싶다",
        "lines": [
          {
            "id": 1,
            "text": "1 : 언니는 중고거래 하다가 사기 당한 적 있어?",
            "norm_text": "언니는 중고거래 하다가 사기 당한 적 있어?",
            "speaker": {
              "id": "1번",
              "sex": "여성",
              "age": "20대"
            },
            "speechAct": "(지시) 질문하기",
            "morpheme": "언니/NNG+는/JX+중고/NNG+거래/NNG+하/XSV+다가/EC+사기/NNG+당한/XSV+ETM+적/NNB+있/VA+어/EF"
          },
          {
            "id": 2,
            "text": "2 : 아니",
            "norm_text": "아니",
            "speaker": {
              "id": "2번",
              "sex": "여성",
              "age": "20대"
            },
            "speechAct": "(단언) 주장하기",
            "morpheme": "아니/IC"
          },
          {
            "id": 3,
            "text": "2 : 난 귀찮아서 그런 거 잘 안 해",
            "norm_text": "난 귀찮아서 그런 거 잘 안 해",
            "speaker": {
              "id": "2번",
              "sex": "여성",
              "age": "20대"
            },
            "speechAct": "(단언) 주장하기",
            "morpheme": "난/NP+JX+귀찮/VA+아서/EC+그런/MM+거/NNB+잘/MAG+안/MAG+해/VV+EC"
          },
          {
            "id": 4,
            "text": "1 : 진짜,?",
            "norm_text": "진짜,?",
            "speaker": {
              "id": "1번",
              "sex": "여성",
              "age": "20대"
            },
            "speechAct": "(지시) 질문하기",
            "morpheme": "진짜/MAG+,/SY"
          },
          {
            "id": 5,
            "text": "1 : 나는 작년에 당해봤어,",
            "norm_text": "나는 작년에 당해봤어,",
            "speaker": {
              "id": "1번",
              "sex": "여성",
              "age": "20대"
            },
            "speechAct": "(단언) 진술하기",
            "morpheme": "나/NP+는/JX+작년/NNG+에/JKB+당해/VV+EC+봤/VX+EP+어/EF+,/SC"
          },
          {
            "id": 6,
            "text": "2 : 에? 무슨 사기?",
            "norm_text": "에? 무슨 사기?",
            "speaker": {
              "id": "2번",
              "sex": "여성",
              "age": "20대"
            },
            "speechAct": "(지시) 질문하기",
            "morpheme": "에/IC+무슨/MM+사기/NNG"
          },
          {
            "id": 7,
            "text": "2 : 뭐 샀어",
            "norm_text": "뭐 샀어",
            "speaker": {
              "id": "2번",
              "sex": "여성",
              "age": "20대"
            },
            "speechAct": "(지시) 질문하기",
            "morpheme": "뭐/IC+샀/VV+EP+어/EC"
          },
          {
            "id": 8,
            "text": "1 : 아니",
            "norm_text": "아니",
            "speaker": {
              "id": "1번",
              "sex": "여성",
              "age": "20대"
            },
            "speechAct": "(단언) 진술하기",
            "morpheme": "아니/IC"
          },
          {
            "id": 9,
            "text": "1 : 나 화장품을 사려고 했는데, 계좌이체를 하라는 거야,",
            "norm_text": "나 화장품을 사려고 했는데, 계좌이체를 하라는 거야,",
            "speaker": {
              "id": "1번",
              "sex": "여성",
              "age": "20대"
            },
            "speechAct": "(단언) 진술하기",
            "morpheme": "나/NP+화장품/NNG+을/JKO+사/VV+려고/EC+했/VX+EP+는데/EC+,/SC+계좌/NNG+이체/NNG+를/JKO+하/VV+라는/ETM+거/NNB+야/VCP+EF+,/SC"
          },
          {
            "id": 10,
            "text": "2 : 그래서 다른 사람한테 이체한 거지?",
            "norm_text": "그래서 다른 사람한테 이체한 거지?",
            "speaker": {
              "id": "2번",
              "sex": "여성",
              "age": "20대"
            },
            "speechAct": "(지시) 질문하기",
            "morpheme": "그래서/MAJ+다른/MM+사람/NNG+한테/JKB+이체/NNG+한/XSA+ETM+거/NNB+지/VCP+EF"
          },
          {
            "id": 11,
            "text": "1 : 아니,",
            "norm_text": "아니,",
            "speaker": {
              "id": "1번",
              "sex": "여성",
              "age": "20대"
            },
            "speechAct": "(단언) 진술하기",
            "morpheme": "아니/IC+,/SC"
          },
          {
            "id": 12,
            "text": "1 : 나는 직거래를 하고 싶은데 자기가 일 때문에 택배로 보내준다는 거야,",
            "norm_text": "나는 직거래를 하고 싶은데 자기가 일 때문에 택배로 보내준다는 거야,",
            "speaker": {
              "id": "1번",
              "sex": "여성",
              "age": "20대"
            },
            "speechAct": "(단언) 진술하기",
            "morpheme": "나/NP+는/JX+직거래/NNG+를/JKO+하/VV+고/EC+싶/VX+은데/EC+자기/NP+가/JKS+일/NNG+때문/NNB+에/JKB+택배/NNG+로/JKB+보내/VV+EC+준다는/VX+ETM+거/NNB+야/VCP+EF+,/SC"
          },
          {
            "id": 13,
            "text": "2 : 아 그랬더니 택배도 안 왔어?",
            "norm_text": "아 그랬더니 택배도 안 왔어?",
            "speaker": {
              "id": "2번",
              "sex": "여성",
              "age": "20대"
            },
            "speechAct": "(지시) 질문하기",
            "morpheme": "아/IC+그랬/VV+EP+더니/EC+택배/NNG+도/JX+안/MAG+왔/VV+EP+어/EF"
          },
          {
            "id": 14,
            "text": "1 : 어 나한테 송장번호까지 알려줘서 나는 믿고 있었는데!",
            "norm_text": "어 나한테 송장번호까지 알려줘서 나는 믿고 있었는데!",
            "speaker": {
              "id": "1번",
              "sex": "여성",
              "age": "20대"
            },
            "speechAct": "(단언) 주장하기",
            "morpheme": "어/IC+나/NP+한테/JKB+송장/NNG+번호/NNG+까지/JX+알려/VV+EC+줘서/VX+EC+나/NP+는/JX+믿/VV+고/EC+있/VX+었/EP+는데/EF"
          },
          {
            "id": 15,
            "text": "2 : 멍청이네",
            "norm_text": "멍청이네",
            "speaker": {
              "id": "2번",
              "sex": "여성",
              "age": "20대"
            },
            "speechAct": "(단언) 주장하기",
            "morpheme": "멍청이/NNG+네/XSN"
          },
          {
            "id": 16,
            "text": "2 : 그래서 그런 거 하면 안돼",
            "norm_text": "그래서 그런 거 하면 안돼",
            "speaker": {
              "id": "2번",
              "sex": "여성",
              "age": "20대"
            },
            "speechAct": "(단언) 주장하기",
            "morpheme": "그래서/MAJ+그런/MM+거/NNB+하/VV+면/EC+안/MAG+돼/VV+EC"
          },
          {
            "id": 17,
            "text": "1 : 키키 맞아,",
            "norm_text": "키키 맞아,",
            "speaker": {
              "id": "1번",
              "sex": "여성",
              "age": "20대"
            },
            "speechAct": "(단언) 주장하기",
            "morpheme": "키/NNG+키/XSV+ETN+맞/VV+아/EC+,/SC"
          },
          {
            "id": 18,
            "text": "1 : 3만 원이나 날려 먹었어!",
            "norm_text": "3만 원이나 날려 먹었어!",
            "speaker": {
              "id": "1번",
              "sex": "여성",
              "age": "20대"
            },
            "speechAct": "(단언) 진술하기",
            "morpheme": "3/SN+만/NR+원/NNBC+이나/JX+날려/VV+EC+먹/VV+었/EP+어/EF"
          },
          {
            "id": 19,
            "text": "1 : 신고도 할 수 없고 말이야!",
            "norm_text": "신고도 할 수 없고 말이야!",
            "speaker": {
              "id": "1번",
              "sex": "여성",
              "age": "20대"
            },
            "speechAct": "(단언) 진술하기",
            "morpheme": "신고/NNG+도/JX+할/VV+ETM+수/NNB+없/VA+고/EC+말/NNG+이/VCP+야/EF"
          },
          {
            "id": 20,
            "text": "2 : 삼만원도 아까워",
            "norm_text": "삼만원도 아까워",
            "speaker": {
              "id": "2번",
              "sex": "여성",
              "age": "20대"
            },
            "speechAct": "(단언) 주장하기",
            "morpheme": "삼/NR+만/NR+원/NNBC+도/JX+아까워/VA+EC"
          },
          {
            "id": 21,
            "text": "2 : 그걸로 치킨이나 먹지",
            "norm_text": "그걸로 치킨이나 먹지",
            "speaker": {
              "id": "2번",
              "sex": "여성",
              "age": "20대"
            },
            "speechAct": "(단언) 진술하기",
            "morpheme": "그걸로/NP+JKB+치킨/NNG+이나/JX+먹/VV+지/EC"
          },
          {
            "id": 22,
            "text": "1 : 키키 맞아",
            "norm_text": "키키 맞아",
            "speaker": {
              "id": "1번",
              "sex": "여성",
              "age": "20대"
            },
            "speechAct": "(단언) 주장하기",
            "morpheme": "키/NNG+키/XSV+ETN+맞/VV+아/EC"
          },
          {
            "id": 23,
            "text": "1 : 치킨도 두 마리나 먹을 수 있다구!",
            "norm_text": "치킨도 두 마리나 먹을 수 있다구!",
            "speaker": {
              "id": "1번",
              "sex": "여성",
              "age": "20대"
            },
            "speechAct": "(단언) 진술하기",
            "morpheme": "치킨/NNG+도/JX+두/MM+마리/NNBC+나/JX+먹/VV+을/ETM+수/NNB+있/VV+다구/EF"
          },
          {
            "id": 24,
            "text": "2 : 키키 하지마 그런 거 이제",
            "norm_text": "키키 하지마 그런 거 이제",
            "speaker": {
              "id": "2번",
              "sex": "여성",
              "age": "20대"
            },
            "speechAct": "(단언) 주장하기",
            "morpheme": "키/NNG+키/NNG+하/XSV+지/EC+마/VX+EF+그런/MM+거/NNB+이제/MAG"
          },
          {
            "id": 25,
            "text": "2 : 그냥 새 거 사자",
            "norm_text": "그냥 새 거 사자",
            "speaker": {
              "id": "2번",
              "sex": "여성",
              "age": "20대"
            },
            "speechAct": "(단언) 주장하기",
            "morpheme": "그냥/MAG+새/VV+거/EC+사자/NNG"
          },
          {
            "id": 26,
            "text": "1 : 키키 맞아",
            "norm_text": "키키 맞아",
            "speaker": {
              "id": "1번",
              "sex": "여성",
              "age": "20대"
            },
            "speechAct": "(단언) 주장하기",
            "morpheme": "키/NNG+키/XSV+ETN+맞/VV+아/EC"
          },
          {
            "id": 27,
            "text": "1 : 그렇게 당하고 나도 이제 교훈을 얻었지!",
            "norm_text": "그렇게 당하고 나도 이제 교훈을 얻었지!",
            "speaker": {
              "id": "1번",
              "sex": "여성",
              "age": "20대"
            },
            "speechAct": "(단언) 진술하기",
            "morpheme": "그렇게/MAG+당하/VV+고/EC+나/NP+도/JX+이제/MAG+교훈/NNG+을/JKO+얻/VV+었/EP+지/EF"
          },
          {
            "id": 28,
            "text": "2 : 당근은 그래도 한번은 해보고 싶다",
            "norm_text": "당근은 그래도 한번은 해보고 싶다",
            "speaker": {
              "id": "2번",
              "sex": "여성",
              "age": "20대"
            },
            "speechAct": "(단언) 주장하기",
            "morpheme": "당근/NNG+은/JX+그래도/MAJ+한/MM+번/NNBC+은/JX+해/VV+EC+보/VX+고/EC+싶/VX+다/EC"
          }
        ]
      }
    }
  ]
}