{
  "dataset": {
    "identifier": 99806,
    "name": "FACEBOOK_107_11_set",
    "src_path": "/data/file/cubeManager/PROJECT001/77/txt202110291608050302108/FACEBOOK_107_11_set/",
    "label_path": "/data/file/cubeManager/PROJECT001/77/txt202110291608050302108/FACEBOOK_107_11_set/",
    "category": 2,
    "type": 0
  },
  "licenses": {
    "name": "Apache License 1.0",
    "url": "http://www.apache.org/licenses/LICENSE-1.0"
  },
  "info": [
    {
      "id": 111279,
      "filename": "FACEBOOK_107_11.txt",
      "title": "FACEBOOK_107_11",
      "mediatype": "SNS",
      "medianame": "페이스북",
      "category": "일상대화",
      "date": "2021-10-29",
      "size": 467,
      "annotations": {
        "subject": "게임",
        "speaker_type": "1:1",
        "size": 467,
        "word_size": 161,
        "text": "1 : 언니는 학교 다녔을 때 친구들이랑 게임 잘 했어?\n2 : 무슨 게임 피씨방?\n2 : 뭐?\n1 : 음 그냥 놀이도 있고 오락실도 있고!\n2 : 우린 거의 피씨방 아님 오락실\n1 : 오락실은 역시 오거리에 있는 그 오락실이었겠지!\n2 : 맞아\n2 : 오거리 거기 오래하더라 지금도 해\n1 : 아 진짜?\n1 : 거기 아직도 있어?\n1 : 맨날 애들이랑 거기 펀치하러 많이 갔었는데!\n2 : 어 맞아\n2 : 아직도 젊은 애들 많데\n1 : 키키 헐 대박 키키 내 친구 여자인데 펀치 신기록 세움!\n2 : 나는 펀치 이런 거 못해 와 신기록?\n1 : 키키 대박이지\n1 : 우리도 잘 못 치는데 그거에 미쳐서 엄청 치러 다녔었어!\n2 : 키키 그거 잘치는 애들은 잘 치더라\n1 : 키키 맞아\n1 : 항상 친구들 중에서 내가 꼴찌였지!\n2 : 나도 나 손목 부러질까 봐 무서워\n1 : 키키 오 맞아 나중에는 그 옆에 있는 싸커킥 했어!\n2 : 키키 나도 나도 그랬던 거 같아 재밌지",
        "lines": [
          {
            "id": 1,
            "text": "1 : 언니는 학교 다녔을 때 친구들이랑 게임 잘 했어?",
            "norm_text": "언니는 학교 다녔을 때 친구들이랑 게임 잘 했어?",
            "speaker": {
              "id": "1번",
              "sex": "여성",
              "age": "20대"
            },
            "speechAct": "(지시) 질문하기",
            "morpheme": "언니/NNG+는/JX+학교/NNG+다녔/VV+EP+을/ETM+때/NNG+친구/NNG+들/XSN+이랑/JKB+게임/NNG+잘/MAG+했/VV+EP+어/EF"
          },
          {
            "id": 2,
            "text": "2 : 무슨 게임 피씨방?",
            "norm_text": "무슨 게임 피씨방?",
            "speaker": {
              "id": "2번",
              "sex": "여성",
              "age": "20대"
            },
            "speechAct": "(지시) 질문하기",
            "morpheme": "무슨/MM+게임/NNG+피/NNG+씨방/NNG"
          },
          {
            "id": 3,
            "text": "2 : 뭐?",
            "norm_text": "뭐?",
            "speaker": {
              "id": "2번",
              "sex": "여성",
              "age": "20대"
            },
            "speechAct": "(지시) 질문하기",
            "morpheme": "뭐/IC"
          },
          {
            "id": 4,
            "text": "1 : 음 그냥 놀이도 있고 오락실도 있고!",
            "norm_text": "음 그냥 놀이도 있고 오락실도 있고!",
            "speaker": {
              "id": "1번",
              "sex": "여성",
              "age": "20대"
            },
            "speechAct": "(단언) 주장하기",
            "morpheme": "음/IC+그냥/MAG+놀이/NNG+도/JX+있/VA+고/EC+오락실/NNG+도/JX+있/VA+고/EC"
          },
          {
            "id": 5,
            "text": "2 : 우린 거의 피씨방 아님 오락실",
            "norm_text": "우린 거의 피씨방 아님 오락실",
            "speaker": {
              "id": "2번",
              "sex": "여성",
              "age": "20대"
            },
            "speechAct": "(단언) 진술하기",
            "morpheme": "우린/NP+JX+거의/MAG+피/XPN+씨방/NNG+아님/VCN+ETN+오락실/NNG"
          },
          {
            "id": 6,
            "text": "1 : 오락실은 역시 오거리에 있는 그 오락실이었겠지!",
            "norm_text": "오락실은 역시 오거리에 있는 그 오락실이었겠지!",
            "speaker": {
              "id": "1번",
              "sex": "여성",
              "age": "20대"
            },
            "speechAct": "(지시) 질문하기",
            "morpheme": "오락실/NNG+은/JX+역시/MAJ+오거리/NNG+에/JKB+있/VV+는/ETM+그/MM+오락실/NNG+이/VCP+었/EP+겠/EP+지/EF"
          },
          {
            "id": 7,
            "text": "2 : 맞아",
            "norm_text": "맞아",
            "speaker": {
              "id": "2번",
              "sex": "여성",
              "age": "20대"
            },
            "speechAct": "(단언) 주장하기",
            "morpheme": "맞/VV+아/EC"
          },
          {
            "id": 8,
            "text": "2 : 오거리 거기 오래하더라 지금도 해",
            "norm_text": "오거리 거기 오래하더라 지금도 해",
            "speaker": {
              "id": "2번",
              "sex": "여성",
              "age": "20대"
            },
            "speechAct": "(단언) 주장하기",
            "morpheme": "오거리/NNG+거기/NP+오래/MAG+하/VV+더라/EF+지금/MAG+도/JX+해/VV+EC"
          },
          {
            "id": 9,
            "text": "1 : 아 진짜?",
            "norm_text": "아 진짜?",
            "speaker": {
              "id": "1번",
              "sex": "여성",
              "age": "20대"
            },
            "speechAct": "(지시) 질문하기",
            "morpheme": "아/IC+진짜/MAG"
          },
          {
            "id": 10,
            "text": "1 : 거기 아직도 있어?",
            "norm_text": "거기 아직도 있어?",
            "speaker": {
              "id": "1번",
              "sex": "여성",
              "age": "20대"
            },
            "speechAct": "(지시) 질문하기",
            "morpheme": "거기/NP+아직/MAG+도/JX+있/VA+어/EF"
          },
          {
            "id": 11,
            "text": "1 : 맨날 애들이랑 거기 펀치하러 많이 갔었는데!",
            "norm_text": "맨날 애들이랑 거기 펀치하러 많이 갔었는데!",
            "speaker": {
              "id": "1번",
              "sex": "여성",
              "age": "20대"
            },
            "speechAct": "(단언) 진술하기",
            "morpheme": "맨날/MAG+애/NNG+들/XSN+이랑/JC+거기/NP+펀치/NNG+하/XSV+러/EC+많이/MAG+갔었/VV+EP+는데/EF"
          },
          {
            "id": 12,
            "text": "2 : 어 맞아",
            "norm_text": "어 맞아",
            "speaker": {
              "id": "2번",
              "sex": "여성",
              "age": "20대"
            },
            "speechAct": "(단언) 주장하기",
            "morpheme": "어/IC+맞/VV+아/EC"
          },
          {
            "id": 13,
            "text": "2 : 아직도 젊은 애들 많데",
            "norm_text": "아직도 젊은 애들 많데",
            "speaker": {
              "id": "2번",
              "sex": "여성",
              "age": "20대"
            },
            "speechAct": "(단언) 진술하기",
            "morpheme": "아직/MAG+도/JX+젊/VA+은/ETM+애/NNG+들/XSN+많/VA+데/EC"
          },
          {
            "id": 14,
            "text": "1 : 키키 헐 대박 키키 내 친구 여자인데 펀치 신기록 세움!",
            "norm_text": "키키 헐 대박 키키 내 친구 여자인데 펀치 신기록 세움!",
            "speaker": {
              "id": "1번",
              "sex": "여성",
              "age": "20대"
            },
            "speechAct": "(단언) 진술하기",
            "morpheme": "키/NNG+키/NNG+헐/XSV+ETM+대박/NNG+키/NNG+키/XSV+ETN+내/NP+JKG+친구/NNG+여자/NNG+인데/VCP+EC+펀치/NNG+신기록/NNG+세움/VV+ETN"
          },
          {
            "id": 15,
            "text": "2 : 나는 펀치 이런 거 못해 와 신기록?",
            "norm_text": "나는 펀치 이런 거 못해 와 신기록?",
            "speaker": {
              "id": "2번",
              "sex": "여성",
              "age": "20대"
            },
            "speechAct": "(지시) 질문하기",
            "morpheme": "나/NP+는/JX+펀치/NNG+이런/MM+거/NNB+못/MAG+해와/VV+EC+VX+EC+신/XPN+기록/NNG"
          },
          {
            "id": 16,
            "text": "1 : 키키 대박이지",
            "norm_text": "키키 대박이지",
            "speaker": {
              "id": "1번",
              "sex": "여성",
              "age": "20대"
            },
            "speechAct": "(단언) 주장하기",
            "morpheme": "키/NNG+키/NNG+대박/NNG+이/VCP+지/EC"
          },
          {
            "id": 17,
            "text": "1 : 우리도 잘 못 치는데 그거에 미쳐서 엄청 치러 다녔었어!",
            "norm_text": "우리도 잘 못 치는데 그거에 미쳐서 엄청 치러 다녔었어!",
            "speaker": {
              "id": "1번",
              "sex": "여성",
              "age": "20대"
            },
            "speechAct": "(단언) 진술하기",
            "morpheme": "우리/NP+도/JX+잘못/MAG+치/VV+는데/EC+그거/NP+에/JKB+미쳐서/VV+EC+엄청/MAG+치러/VV+EC+다녔었/VV+EP+어/EF"
          },
          {
            "id": 18,
            "text": "2 : 키키 그거 잘치는 애들은 잘 치더라",
            "norm_text": "키키 그거 잘치는 애들은 잘 치더라",
            "speaker": {
              "id": "2번",
              "sex": "여성",
              "age": "20대"
            },
            "speechAct": "(단언) 주장하기",
            "morpheme": "키/NNG+키/XSV+ETN+그거/NP+잘/MAG+치/VV+는/ETM+애/NNG+들/XSN+은/JX+잘/MAG+치/VV+더라/EC"
          },
          {
            "id": 19,
            "text": "1 : 키키 맞아",
            "norm_text": "키키 맞아",
            "speaker": {
              "id": "1번",
              "sex": "여성",
              "age": "20대"
            },
            "speechAct": "(단언) 주장하기",
            "morpheme": "키/NNG+키/XSV+ETN+맞/VV+아/EC"
          },
          {
            "id": 20,
            "text": "1 : 항상 친구들 중에서 내가 꼴찌였지!",
            "norm_text": "항상 친구들 중에서 내가 꼴찌였지!",
            "speaker": {
              "id": "1번",
              "sex": "여성",
              "age": "20대"
            },
            "speechAct": "(단언) 진술하기",
            "morpheme": "항상/MAG+친구/NNG+들/XSN+중/NNB+에서/JKB+내/NP+가/JKS+꼴찌/NNG+였/VCP+EP+지/EF"
          },
          {
            "id": 21,
            "text": "2 : 나도 나 손목 부러질까 봐 무서워",
            "norm_text": "나도 나 손목 부러질까 봐 무서워",
            "speaker": {
              "id": "2번",
              "sex": "여성",
              "age": "20대"
            },
            "speechAct": "(단언) 주장하기",
            "morpheme": "나/NP+도/JX+나/NP+손목/NNG+부러/MAG+질까봐/VV+EC+VX+EC+무서워/VA+EC"
          },
          {
            "id": 22,
            "text": "1 : 키키 오 맞아 나중에는 그 옆에 있는 싸커킥 했어!",
            "norm_text": "키키 오 맞아 나중에는 그 옆에 있는 싸커킥 했어!",
            "speaker": {
              "id": "1번",
              "sex": "여성",
              "age": "20대"
            },
            "speechAct": "(단언) 진술하기",
            "morpheme": "키/NNG+키/VV+오/EC+맞/VV+아/EC+나중/NNG+에/JKB+는/JX+그/MM+옆/NNG+에/JKB+있/VV+는/ETM+싸/VA+EF+커/IC+킥/NNG+했/XSV+EP+어/EF"
          },
          {
            "id": 23,
            "text": "2 : 키키 나도 나도 그랬던 거 같아 재밌지",
            "norm_text": "키키 나도 나도 그랬던 거 같아 재밌지",
            "speaker": {
              "id": "2번",
              "sex": "여성",
              "age": "20대"
            },
            "speechAct": "(단언) 진술하기",
            "morpheme": "키/NNG+키나/XSA+ETN+JX+도/JX+나/NP+도/JX+그랬던/VA+EP+ETM+거/NNB+같/VA+아/EC+재밌/VA+지/EC"
          }
        ]
      }
    }
  ]
}