{
  "dataset": {
    "identifier": 125296,
    "name": "FACEBOOK_125_15_set",
    "src_path": "/data/file/cubeManager/PROJECT001/84/txt20211105160907008568/FACEBOOK_125_15_set/",
    "label_path": "/data/file/cubeManager/PROJECT001/84/txt20211105160907008568/FACEBOOK_125_15_set/",
    "category": 2,
    "type": 0
  },
  "licenses": {
    "name": "Apache License 1.0",
    "url": "http://www.apache.org/licenses/LICENSE-1.0"
  },
  "info": [
    {
      "id": 140172,
      "filename": "FACEBOOK_125_15.txt",
      "title": "FACEBOOK_125_15",
      "mediatype": "SNS",
      "medianame": "페이스북",
      "category": "일상대화",
      "date": "2021-11-05",
      "size": 445,
      "annotations": {
        "subject": "타 국가 이슈",
        "speaker_type": "1:1",
        "size": 445,
        "word_size": 148,
        "text": "1 : 이번 달부터 태국 무격리 여행 가능이래!\n2 : 아 진짜 그건 뭐야 새롭다\n1 : 나 태국 가고 싶었는데 완전 나이스~\n2 : 여행 자유롭게 가도 되는 거야 이제?\n1 : 그런 거 같아 키키 백신 2차까지 다 맞은 사람만\n2 : 나 진짜 태국 너무 가보고 싶었는데 ㅠㅠ\n1 : 근데 난 좀 지켜보다가 가려고!\n2 : 아 진짜 당장 여자친구한테 가자고 해야겠다 키키\n1 : 좋지~ 오늘 7천 명 정도 외국인들 입국 했다더라!\n2 : 근데 사람들 다 그 생각일 거 같은데 내가 먼저 가따 올게 키키\n1 : 그래~ 근데 37.3도 넘으면 못 들어가니 해열제 먹고 가 키키\n2 : 아 내가 먼저 다녀와서 후기 알려줄게 키키\n1 : 태국은 관광으로 먹고 살아서 언젠가 할 거 같았어~\n2 : 나 열이 없는 남자야 왜 이래 키키\n1 : 그러면 얼른 예약해서 다녀와 후기 알려 주고 하하\n2 : 관광지 진짜 태국이 좋긴 하다던데",
        "lines": [
          {
            "id": 1,
            "text": "1 : 이번 달부터 태국 무격리 여행 가능이래!",
            "norm_text": "이번 달부터 태국 무격리 여행 가능이래!",
            "speaker": {
              "id": "1번",
              "sex": "여성",
              "age": "20대"
            },
            "speechAct": "(단언) 주장하기",
            "morpheme": "이번/NNG+달/NNG+부터/JX+태국/NNP+무/XPN+격리/NNG+여행/NNG+가능/NNG+이/VCP+래/EF"
          },
          {
            "id": 2,
            "text": "2 : 아 진짜 그건 뭐야 새롭다",
            "norm_text": "아 진짜 그건 뭐야 새롭다",
            "speaker": {
              "id": "2번",
              "sex": "남성",
              "age": "20대"
            },
            "speechAct": "(단언) 주장하기",
            "morpheme": "아/IC+진짜/MAG+그건/NP+JX+뭐/NP+야/JX+새롭/VA+다/EC"
          },
          {
            "id": 3,
            "text": "1 : 나 태국 가고 싶었는데 완전 나이스~",
            "norm_text": "나 태국 가고 싶었는데 완전 나이스~",
            "speaker": {
              "id": "1번",
              "sex": "여성",
              "age": "20대"
            },
            "speechAct": "(단언) 주장하기",
            "morpheme": "나태/NNG+국가/NNG+고/VCP+EC+싶/VX+었/EP+는데/EC+완전/NNG+나이스/NNG+~/SY"
          },
          {
            "id": 4,
            "text": "2 : 여행 자유롭게 가도 되는 거야 이제?",
            "norm_text": "여행 자유롭게 가도 되는 거야 이제?",
            "speaker": {
              "id": "2번",
              "sex": "남성",
              "age": "20대"
            },
            "speechAct": "(지시) 질문하기",
            "morpheme": "여행/NNG+자유/NNG+롭/XSA+게/EC+가도/NNG+되/XSV+는/ETM+거/NNB+야/VCP+EF+이제/IC"
          },
          {
            "id": 5,
            "text": "1 : 그런 거 같아 키키 백신 2차까지 다 맞은 사람만",
            "norm_text": "그런 거 같아 키키 백신 2차까지 다 맞은 사람만",
            "speaker": {
              "id": "1번",
              "sex": "여성",
              "age": "20대"
            },
            "speechAct": "(단언) 주장하기",
            "morpheme": "그런/MM+거/NNB+같/VA+아/EC+키/NNG+키/NNG+백신/NNG+2/SN+차/NNBC+까지/JX+다/MAG+맞/VV+은/ETM+사람/NNG+만/JX"
          },
          {
            "id": 6,
            "text": "2 : 나 진짜 태국 너무 가보고 싶었는데 ㅠㅠ",
            "norm_text": "나 진짜 태국 너무 가보고 싶었는데 ㅠㅠ",
            "speaker": {
              "id": "2번",
              "sex": "남성",
              "age": "20대"
            },
            "speechAct": "(단언) 주장하기",
            "morpheme": "나/NP+진짜/MAG+태국/NNP+너무/NNG+가/JKS+보/VV+고/EC+싶/VX+었/EP+는데/EC+ㅠㅠ/UNKNOWN"
          },
          {
            "id": 7,
            "text": "1 : 근데 난 좀 지켜보다가 가려고!",
            "norm_text": "근데 난 좀 지켜보다가 가려고!",
            "speaker": {
              "id": "1번",
              "sex": "여성",
              "age": "20대"
            },
            "speechAct": "(단언) 주장하기",
            "morpheme": "근데/MAJ+난/NP+JX+좀/MAG+지켜보/VV+다가/EC+가/VX+려고/EF"
          },
          {
            "id": 8,
            "text": "2 : 아 진짜 당장 여자친구한테 가자고 해야겠다 키키",
            "norm_text": "아 진짜 당장 여자친구한테 가자고 해야겠다 키키",
            "speaker": {
              "id": "2번",
              "sex": "남성",
              "age": "20대"
            },
            "speechAct": "(단언) 주장하기",
            "morpheme": "아/IC+진짜/MAG+당장/NNG+여자/NNG+친구/NNG+한테/JKB+가/VV+자고/EC+해야/VX+EC+VX+겠/EP+다키키/NNP"
          },
          {
            "id": 9,
            "text": "1 : 좋지~ 오늘 7천 명 정도 외국인들 입국 했다더라!",
            "norm_text": "좋지~ 오늘 7천 명 정도 외국인들 입국 했다더라!",
            "speaker": {
              "id": "1번",
              "sex": "여성",
              "age": "20대"
            },
            "speechAct": "(단언) 주장하기",
            "morpheme": "좋/VA+지/EC+~/SY+오늘/MAG+7/SN+천/NR+명/NNBC+정도/NNG+외국인/NNG+들/XSN+입국/NNG+했/XSV+EP+다더라/EF"
          },
          {
            "id": 10,
            "text": "2 : 근데 사람들 다 그 생각일 거 같은데 내가 먼저 가따 올게 키키",
            "norm_text": "근데 사람들 다 그 생각일 거 같은데 내가 먼저 가따 올게 키키",
            "speaker": {
              "id": "2번",
              "sex": "남성",
              "age": "20대"
            },
            "speechAct": "(단언) 주장하기",
            "morpheme": "근데/MAJ+사람/NNG+들/XSN+다/MAG+그/MM+생각/NNG+일/VCP+ETM+거/NNB+같/VA+은데/EC+내/NP+가/JKS+먼저/NNG+가/JKS+따올/VV+ETM+게/NNB+JKS+키/NNG+키/XSV+ETN"
          },
          {
            "id": 11,
            "text": "1 : 그래~ 근데 37.3도 넘으면 못 들어가니 해열제 먹고 가 키키",
            "norm_text": "그래~ 근데 37.3도 넘으면 못 들어가니 해열제 먹고 가 키키",
            "speaker": {
              "id": "1번",
              "sex": "여성",
              "age": "20대"
            },
            "speechAct": "(단언) 주장하기",
            "morpheme": "그래/VA+EC+~/SY+근데/MAJ+37/SN+./SY+3/SN+도넘으면못들어가니해열제먹고가키키/UNKNOWN"
          },
          {
            "id": 12,
            "text": "2 : 아 내가 먼저 다녀와서 후기 알려줄게 키키",
            "norm_text": "아 내가 먼저 다녀와서 후기 알려줄게 키키",
            "speaker": {
              "id": "2번",
              "sex": "남성",
              "age": "20대"
            },
            "speechAct": "(단언) 주장하기",
            "morpheme": "아내/NNG+가/JKS+먼저/MAG+다녀와서/VV+EC+후기/NNG+알려/VV+EC+줄/VX+ETM+게/NNB+JKS+키/NNG+키/XSV+ETN"
          },
          {
            "id": 13,
            "text": "1 : 태국은 관광으로 먹고 살아서 언젠가 할 거 같았어~",
            "norm_text": "태국은 관광으로 먹고 살아서 언젠가 할 거 같았어~",
            "speaker": {
              "id": "1번",
              "sex": "여성",
              "age": "20대"
            },
            "speechAct": "(단언) 주장하기",
            "morpheme": "태국/NNP+은/JX+관광/NNG+으로/JKB+먹/VV+고/EC+살/VV+아서/EC+언젠가/MAG+할/VV+ETM+거/NNB+같/VA+았/EP+어/EC+~/SY"
          },
          {
            "id": 14,
            "text": "2 : 나 열이 없는 남자야 왜 이래 키키",
            "norm_text": "나 열이 없는 남자야 왜 이래 키키",
            "speaker": {
              "id": "2번",
              "sex": "남성",
              "age": "20대"
            },
            "speechAct": "(단언) 주장하기",
            "morpheme": "나열/NNG+이/JKS+없/VA+는/ETM+남자/NNG+야/VCP+EF+왜/MAG+이래/MAG+키/NNG+키/XSV+ETN"
          },
          {
            "id": 15,
            "text": "1 : 그러면 얼른 예약해서 다녀와 후기 알려 주고 하하",
            "norm_text": "그러면 얼른 예약해서 다녀와 후기 알려 주고 하하",
            "speaker": {
              "id": "1번",
              "sex": "여성",
              "age": "20대"
            },
            "speechAct": "(단언) 주장하기",
            "morpheme": "그러면/MAJ+얼른/MAG+예약/NNG+해서/XSV+EC+다녀와/VV+EC+후기/NNG+알려/VV+EC+주/VX+고/EC+하하/MAG"
          },
          {
            "id": 16,
            "text": "2 : 관광지 진짜 태국이 좋긴 하다던데",
            "norm_text": "관광지 진짜 태국이 좋긴 하다던데",
            "speaker": {
              "id": "2번",
              "sex": "남성",
              "age": "20대"
            },
            "speechAct": "(단언) 주장하기",
            "morpheme": "관광지/NNG+진짜/MAG+태국/NNP+이/JKS+좋/VA+긴/ETN+JX+하/VX+다던데/EC"
          }
        ]
      }
    }
  ]
}