{
  "dataset": {
    "identifier": 117410,
    "name": "FACEBOOK_110_17_set",
    "src_path": "/data/file/cubeManager/PROJECT001/80/txt20211102153319040590/FACEBOOK_110_17_set/",
    "label_path": "/data/file/cubeManager/PROJECT001/80/txt20211102153319040590/FACEBOOK_110_17_set/",
    "category": 2,
    "type": 0
  },
  "licenses": {
    "name": "Apache License 1.0",
    "url": "http://www.apache.org/licenses/LICENSE-1.0"
  },
  "info": [
    {
      "id": 130021,
      "filename": "FACEBOOK_110_17.txt",
      "title": "FACEBOOK_110_17",
      "mediatype": "SNS",
      "medianame": "카카오톡",
      "category": "일상대화",
      "date": "2021-11-02",
      "size": 406,
      "annotations": {
        "subject": "건강",
        "speaker_type": "1:1",
        "size": 406,
        "word_size": 147,
        "text": "1 : 언니는 렌즈 자주 끼는 편이야?\n2 : 아니 나 진짜 안 껴 키키\n1 : 나는 끼고 싶은데 렌즈만 끼면 눈이 아픔 ㅜ\n2 : 왜 렌즈 몇 개 다 껴봤어?\n1 : 어 나 진짜 다양하게 꼈는데 다 눈에 뭐가 걸린 느낌이야!\n2 : 그럼 눈에 안 맞는 건가?\n2 : 끼지마\n1 : 근데 안경 맞춰주시는 분이 나는 내 눈은 렌즈에 안 맞는다 그랬어 ㅜ\n2 : 그럼 안 끼는 게 좋지 안 끼겠네?\n1 : 근데 또 렌즈 끼면 이쁘잖아!\n2 : 맞아 렌즈 끼면 초롱초롱 하지 눈이\n1 : 맞아 키키\n1 : 나 그래서 인공 눈물 가지고 다녀!\n2 : 뭐야 그럼 렌즈 껴?\n1 : 어 끼고 아플 때 마다 눈물 넣어주고 있으~\n2 : 키키 자주 끼지마 그래도 상처나 ㅜㅜ\n1 : 오 ㅜㅜ 그래서 웬만하면 잘 안 끼려고 하긴 해!\n2 : 그래 끼지 말자, 아껴야지 눈도",
        "lines": [
          {
            "id": 1,
            "text": "1 : 언니는 렌즈 자주 끼는 편이야?",
            "norm_text": "언니는 렌즈 자주 끼는 편이야?",
            "speaker": {
              "id": "1번",
              "sex": "여성",
              "age": "20대"
            },
            "speechAct": "(지시) 질문하기",
            "morpheme": "언니/NNG+는/JX+렌즈/NNG+자주/MAG+끼/VV+는/ETM+편/NNB+이/VCP+야/EF"
          },
          {
            "id": 2,
            "text": "2 : 아니 나 진짜 안 껴 키키",
            "norm_text": "아니 나 진짜 안 껴 키키",
            "speaker": {
              "id": "2번",
              "sex": "여성",
              "age": "20대"
            },
            "speechAct": "(단언) 진술하기",
            "morpheme": "아니/IC+나/NP+진짜/MAG+안/MAG+껴/VV+EC+키/NNG+키/XSV+ETN"
          },
          {
            "id": 3,
            "text": "1 : 나는 끼고 싶은데 렌즈만 끼면 눈이 아픔 ㅜ",
            "norm_text": "나는 끼고 싶은데 렌즈만 끼면 눈이 아픔 ㅜ",
            "speaker": {
              "id": "1번",
              "sex": "여성",
              "age": "20대"
            },
            "speechAct": "(단언) 주장하기",
            "morpheme": "나/NP+는/JX+끼/VV+고/EC+싶/VX+은데/EC+렌즈/NNG+만/JX+끼/VV+면/EC+눈/NNG+이/VCP+아/EC+픔ㅜ/UNKNOWN"
          },
          {
            "id": 4,
            "text": "2 : 왜 렌즈 몇 개 다 껴봤어?",
            "norm_text": "왜 렌즈 몇 개 다 껴봤어?",
            "speaker": {
              "id": "2번",
              "sex": "여성",
              "age": "20대"
            },
            "speechAct": "(지시) 질문하기",
            "morpheme": "왜/MAG+렌즈/NNG+몇/MM+개/NNBC+다/MAG+껴/VV+EC+봤/VX+EP+어/EF"
          },
          {
            "id": 5,
            "text": "1 : 어 나 진짜 다양하게 꼈는데 다 눈에 뭐가 걸린 느낌이야!",
            "norm_text": "어 나 진짜 다양하게 꼈는데 다 눈에 뭐가 걸린 느낌이야!",
            "speaker": {
              "id": "1번",
              "sex": "여성",
              "age": "20대"
            },
            "speechAct": "(단언) 진술하기",
            "morpheme": "어/IC+나/NP+진짜/MAG+다양/NNG+하/XSV+게/EC+꼈/VV+EP+는데/EC+다/MAG+눈/NNG+에/JKB+뭐/NP+가/JKS+걸린/VV+ETM+느낌/NNG+이/VCP+야/EF"
          },
          {
            "id": 6,
            "text": "2 : 그럼 눈에 안 맞는 건가?",
            "norm_text": "그럼 눈에 안 맞는 건가?",
            "speaker": {
              "id": "2번",
              "sex": "여성",
              "age": "20대"
            },
            "speechAct": "(단언) 주장하기",
            "morpheme": "그럼/MAJ+눈/NNG+에/JKB+안/MAG+맞/VV+는/ETM+건가/NNB+VCP+EF"
          },
          {
            "id": 7,
            "text": "2 : 끼지마",
            "norm_text": "끼지마",
            "speaker": {
              "id": "2번",
              "sex": "여성",
              "age": "20대"
            },
            "speechAct": "(지시) 충고/제안하기",
            "morpheme": "끼/VV+지/EC+마/VX+EC"
          },
          {
            "id": 8,
            "text": "1 : 근데 안경 맞춰주시는 분이 나는 내 눈은 렌즈에 안 맞는다 그랬어 ㅜ",
            "norm_text": "근데 안경 맞춰주시는 분이 나는 내 눈은 렌즈에 안 맞는다 그랬어 ㅜ",
            "speaker": {
              "id": "1번",
              "sex": "여성",
              "age": "20대"
            },
            "speechAct": "(단언) 진술하기",
            "morpheme": "근데/MAJ+안경/NNG+맞춰/VV+EC+주/VX+시/EP+는/ETM+분/NNB+이/JKS+나/NP+는/JX+내/NP+JKG+눈/NNG+은/JX+렌즈/NNG+에/JKB+안/MAG+맞/VV+는다/EC+그랬/VV+EP+어ㅜ/UNKNOWN"
          },
          {
            "id": 9,
            "text": "2 : 그럼 안 끼는 게 좋지 안 끼겠네?",
            "norm_text": "그럼 안 끼는 게 좋지 안 끼겠네?",
            "speaker": {
              "id": "2번",
              "sex": "여성",
              "age": "20대"
            },
            "speechAct": "(단언) 주장하기",
            "morpheme": "그럼/MAJ+안/MAG+끼/VV+는/ETM+게/NNB+JKS+좋/VA+지/EC+안/MAG+끼/VV+겠/EP+네/EF"
          },
          {
            "id": 10,
            "text": "1 : 근데 또 렌즈 끼면 이쁘잖아!",
            "norm_text": "근데 또 렌즈 끼면 이쁘잖아!",
            "speaker": {
              "id": "1번",
              "sex": "여성",
              "age": "20대"
            },
            "speechAct": "(단언) 주장하기",
            "morpheme": "근데/MAJ+또/MAG+렌즈/NNG+끼/VV+면/EC+이쁘/VA+잖아/EF"
          },
          {
            "id": 11,
            "text": "2 : 맞아 렌즈 끼면 초롱초롱 하지 눈이",
            "norm_text": "맞아 렌즈 끼면 초롱초롱 하지 눈이",
            "speaker": {
              "id": "2번",
              "sex": "여성",
              "age": "20대"
            },
            "speechAct": "(단언) 주장하기",
            "morpheme": "맞/VV+아/EC+렌즈/NNG+끼/VV+면/EC+초롱초롱/MAG+하/VV+지/EC+눈/NNG+이/JKS"
          },
          {
            "id": 12,
            "text": "1 : 맞아 키키",
            "norm_text": "맞아 키키",
            "speaker": {
              "id": "1번",
              "sex": "여성",
              "age": "20대"
            },
            "speechAct": "(단언) 주장하기",
            "morpheme": "맞/VV+아/EC+키/NNG+키/XSV+ETN"
          },
          {
            "id": 13,
            "text": "1 : 나 그래서 인공 눈물 가지고 다녀!",
            "norm_text": "나 그래서 인공 눈물 가지고 다녀!",
            "speaker": {
              "id": "1번",
              "sex": "여성",
              "age": "20대"
            },
            "speechAct": "(단언) 진술하기",
            "morpheme": "나/NP+그래서/MAJ+인공/NNG+눈물/NNG+가지/VV+고/EC+다녀/VV+EF"
          },
          {
            "id": 14,
            "text": "2 : 뭐야 그럼 렌즈 껴?",
            "norm_text": "뭐야 그럼 렌즈 껴?",
            "speaker": {
              "id": "2번",
              "sex": "여성",
              "age": "20대"
            },
            "speechAct": "(지시) 질문하기",
            "morpheme": "뭐/NP+야/VCP+EF+그럼/MAJ+렌즈/NNG+껴/VV+EF"
          },
          {
            "id": 15,
            "text": "1 : 어 끼고 아플 때 마다 눈물 넣어주고 있으~",
            "norm_text": "어 끼고 아플 때 마다 눈물 넣어주고 있으~",
            "speaker": {
              "id": "1번",
              "sex": "여성",
              "age": "20대"
            },
            "speechAct": "(단언) 진술하기",
            "morpheme": "어/IC+끼/VV+고/EC+아플/VA+ETM+때/NNG+마다/JX+눈물/NNG+넣/VV+어/EC+주/VX+고/EC+있/VX+으/EC+~/SY"
          },
          {
            "id": 16,
            "text": "2 : 키키 자주 끼지마 그래도 상처나 ㅜㅜ",
            "norm_text": "키키 자주 끼지마 그래도 상처나 ㅜㅜ",
            "speaker": {
              "id": "2번",
              "sex": "여성",
              "age": "20대"
            },
            "speechAct": "(지시) 충고/제안하기",
            "morpheme": "키/NNG+키/NNG+자주/MAG+끼/VV+지/EC+마/VX+EF+그래도/MAJ+상처/NNG+나/JC+ㅜㅜ/UNKNOWN"
          },
          {
            "id": 17,
            "text": "1 : 오 ㅜㅜ 그래서 웬만하면 잘 안 끼려고 하긴 해!",
            "norm_text": "오 ㅜㅜ 그래서 웬만하면 잘 안 끼려고 하긴 해!",
            "speaker": {
              "id": "1번",
              "sex": "여성",
              "age": "20대"
            },
            "speechAct": "(단언) 주장하기",
            "morpheme": "오/NR+ㅜㅜ/UNKNOWN+그래서/MAJ+웬만/XR+하/XSA+면/EC+잘/MAG+안/MAG+끼/VV+려고/EC+하/VV+긴/ETN+JX+해/VX+EF"
          },
          {
            "id": 18,
            "text": "2 : 그래 끼지 말자, 아껴야지 눈도",
            "norm_text": "그래 끼지 말자, 아껴야지 눈도",
            "speaker": {
              "id": "2번",
              "sex": "여성",
              "age": "20대"
            },
            "speechAct": "(단언) 주장하기",
            "morpheme": "그래/VA+EC+끼/VV+지/EC+말/VX+자/EF+,/SC+아껴/VV+EC+야지/NNG+눈/NNG+도/JX"
          }
        ]
      }
    }
  ]
}