{
  "dataset": {
    "identifier": 125297,
    "name": "FACEBOOK_125_16_set",
    "src_path": "/data/file/cubeManager/PROJECT001/84/txt202111051609070093107/FACEBOOK_125_16_set/",
    "label_path": "/data/file/cubeManager/PROJECT001/84/txt202111051609070093107/FACEBOOK_125_16_set/",
    "category": 2,
    "type": 0
  },
  "licenses": {
    "name": "Apache License 1.0",
    "url": "http://www.apache.org/licenses/LICENSE-1.0"
  },
  "info": [
    {
      "id": 140173,
      "filename": "FACEBOOK_125_16.txt",
      "title": "FACEBOOK_125_16",
      "mediatype": "SNS",
      "medianame": "페이스북",
      "category": "일상대화",
      "date": "2021-11-05",
      "size": 414,
      "annotations": {
        "subject": "미용",
        "speaker_type": "1:1",
        "size": 414,
        "word_size": 142,
        "text": "1 : 이제 나 다이어트 시작 해야 하나...?\n2 : 웅 좀 해라 너는 키키\n1 : 왜 그래 나 그래도 아직 봐 줄만 하거든\n2 : 진짜 살 좀 빼 왜 그래 관리 안하고 !\n1 : 근데 살짝 치마랑 바지가 안 맞긴 해...\n2 : 아니야 너 좀 해야 해 하고 와 알겠지\n1 : 너무 그러지마 ㅠㅠ 이제 시작 할 거라고!\n2 : 살짝이 아니야 찢어져 지금 상태 보면 !\n1 : 오늘부터 헬스장이랑 러닝 갈 거거든~\n2 : 나도 닭가슴살이랑 고구마 시켰어 헬창할라고\n1 : 어우 헬창은 싫어\n1 : 난 40키로 대로 다시 들어갈 거다! 하하\n2 : 너는 필라테스 이런 거 해봐 !\n1 : 필라테스? 나 유연성이 없어서 되려나 모르겠네\n2 : 아니야 너 지금 몇 키로야 키는\n1 : 둘 다 비밀이지 다이어트 하고 알려줄게! 키키\n2 : 아 이런 식으로 쏙 빠져나가기 좋구만",
        "lines": [
          {
            "id": 1,
            "text": "1 : 이제 나 다이어트 시작 해야 하나...?",
            "norm_text": "이제 나 다이어트 시작 해야 하나...?",
            "speaker": {
              "id": "1번",
              "sex": "여성",
              "age": "20대"
            },
            "speechAct": "(지시) 질문하기",
            "morpheme": "이제/MAG+나/NP+다이어트/NNG+시작/NNG+해야/XSV+EC+하나/NR+./SY+./SY"
          },
          {
            "id": 2,
            "text": "2 : 웅 좀 해라 너는 키키",
            "norm_text": "웅 좀 해라 너는 키키",
            "speaker": {
              "id": "2번",
              "sex": "남성",
              "age": "20대"
            },
            "speechAct": "(단언) 주장하기",
            "morpheme": "웅/IC+좀/MAG+해라/VV+EF+너/NP+는/JX+키/NNG+키/XSV+ETN"
          },
          {
            "id": 3,
            "text": "1 : 왜 그래 나 그래도 아직 봐 줄만 하거든",
            "norm_text": "왜 그래 나 그래도 아직 봐 줄만 하거든",
            "speaker": {
              "id": "1번",
              "sex": "여성",
              "age": "20대"
            },
            "speechAct": "(단언) 주장하기",
            "morpheme": "왜/MAG+그래/IC+나/NP+그래도/VV+EC+아직/MAG+봐줄/VV+EC+VX+ETM+만/NNB+하/XSA+거든/EC"
          },
          {
            "id": 4,
            "text": "2 : 진짜 살 좀 빼 왜 그래 관리 안하고 !",
            "norm_text": "진짜 살 좀 빼 왜 그래 관리 안하고 !",
            "speaker": {
              "id": "2번",
              "sex": "남성",
              "age": "20대"
            },
            "speechAct": "(단언) 주장하기",
            "morpheme": "진짜/MAG+살/NNG+좀/MAG+빼/VV+EF+왜/MAG+그래/IC+관리/NNG+안/MAG+하/VV+고/EC"
          },
          {
            "id": 5,
            "text": "1 : 근데 살짝 치마랑 바지가 안 맞긴 해...",
            "norm_text": "근데 살짝 치마랑 바지가 안 맞긴 해...",
            "speaker": {
              "id": "1번",
              "sex": "여성",
              "age": "20대"
            },
            "speechAct": "(단언) 주장하기",
            "morpheme": "근데/MAJ+살짝/MAG+치마/NNG+랑/JKB+바지/NNG+가/JKS+안/MAG+맞/VV+긴/ETN+JX+해/VX+EF+./SY"
          },
          {
            "id": 6,
            "text": "2 : 아니야 너 좀 해야 해 하고 와 알겠지",
            "norm_text": "아니야 너 좀 해야 해 하고 와 알겠지",
            "speaker": {
              "id": "2번",
              "sex": "남성",
              "age": "20대"
            },
            "speechAct": "(지시) 명령/요구하기",
            "morpheme": "아니야/IC+너/NP+좀/MAG+해야/VV+EC+해/NNG+하/XSV+고/EC+와/VV+EC+알/VV+겠/EP+지/EC"
          },
          {
            "id": 7,
            "text": "1 : 너무 그러지마 ㅠㅠ 이제 시작 할 거라고!",
            "norm_text": "너무 그러지마 ㅠㅠ 이제 시작 할 거라고!",
            "speaker": {
              "id": "1번",
              "sex": "여성",
              "age": "20대"
            },
            "speechAct": "(단언) 주장하기",
            "morpheme": "너무/MAG+그러/VV+지/EC+마/VX+EF+ㅠㅠ/UNKNOWN+이제/MAG+시작/NNG+할/XSV+ETM+거/NNB+라고/VCP+EF"
          },
          {
            "id": 8,
            "text": "2 : 살짝이 아니야 찢어져 지금 상태 보면 !",
            "norm_text": "살짝이 아니야 찢어져 지금 상태 보면 !",
            "speaker": {
              "id": "2번",
              "sex": "남성",
              "age": "20대"
            },
            "speechAct": "(단언) 주장하기",
            "morpheme": "살짝/NNG+이/JKC+아니/VCN+야/EC+찢어져/VV+EC+지금/MAG+상태/NNG+보/VV+면/EC"
          },
          {
            "id": 9,
            "text": "1 : 오늘부터 헬스장이랑 러닝 갈 거거든~",
            "norm_text": "오늘부터 헬스장이랑 러닝 갈 거거든~",
            "speaker": {
              "id": "1번",
              "sex": "여성",
              "age": "20대"
            },
            "speechAct": "(단언) 주장하기",
            "morpheme": "오늘부터헬스장이랑러닝갈거거든/UNKNOWN+~/SY"
          },
          {
            "id": 10,
            "text": "2 : 나도 닭가슴살이랑 고구마 시켰어 헬창할라고",
            "norm_text": "나도 닭가슴살이랑 고구마 시켰어 헬창할라고",
            "speaker": {
              "id": "2번",
              "sex": "남성",
              "age": "20대"
            },
            "speechAct": "(단언) 주장하기",
            "morpheme": "나/NP+도/JX+닭/NNG+가슴살/NNG+이랑/JKB+고구마/NNG+시켰/XSV+EP+어/EC+헬/NNP+창/NNG+할라고/XSV+EC"
          },
          {
            "id": 11,
            "text": "1 : 어우 헬창은 싫어",
            "norm_text": "어우 헬창은 싫어",
            "speaker": {
              "id": "1번",
              "sex": "여성",
              "age": "20대"
            },
            "speechAct": "(단언) 주장하기",
            "morpheme": "어우/IC+헬/NNP+창/NNG+은/JX+싫/VA+어/EC"
          },
          {
            "id": 12,
            "text": "1 : 난 40키로 대로 다시 들어갈 거다! 하하",
            "norm_text": "난 40키로 대로 다시 들어갈 거다! 하하",
            "speaker": {
              "id": "1번",
              "sex": "여성",
              "age": "20대"
            },
            "speechAct": "(단언) 주장하기",
            "morpheme": "난/NP+JX+40/SN+키로/XSV+ETN+JKB+대로/JX+다시/MAG+들어갈/VV+ETM+거/NNB+다/VCP+EF+하하/MAG"
          },
          {
            "id": 13,
            "text": "2 : 너는 필라테스 이런 거 해봐 !",
            "norm_text": "너는 필라테스 이런 거 해봐 !",
            "speaker": {
              "id": "2번",
              "sex": "남성",
              "age": "20대"
            },
            "speechAct": "(지시) 충고/제안하기",
            "morpheme": "너/NP+는/JX+필라테스/NNP+이런/MM+거/NNB+해/VV+EC+봐/VX+EF"
          },
          {
            "id": 14,
            "text": "1 : 필라테스? 나 유연성이 없어서 되려나 모르겠네",
            "norm_text": "필라테스? 나 유연성이 없어서 되려나 모르겠네",
            "speaker": {
              "id": "1번",
              "sex": "여성",
              "age": "20대"
            },
            "speechAct": "(단언) 주장하기",
            "morpheme": "필라테스/NNP+나/NP+유연/XR+성/XSN+이/JKS+없/VA+어서/EC+되/VV+려나/EC+모르/VV+겠/EP+네/EF"
          },
          {
            "id": 15,
            "text": "2 : 아니야 너 지금 몇 키로야 키는",
            "norm_text": "아니야 너 지금 몇 키로야 키는",
            "speaker": {
              "id": "2번",
              "sex": "남성",
              "age": "20대"
            },
            "speechAct": "(지시) 질문하기",
            "morpheme": "아니야/IC+너/NP+지금/MAG+몇/MM+키/NNG+로/JKB+야/JX+키/VV+는/ETM"
          },
          {
            "id": 16,
            "text": "1 : 둘 다 비밀이지 다이어트 하고 알려줄게! 키키",
            "norm_text": "둘 다 비밀이지 다이어트 하고 알려줄게! 키키",
            "speaker": {
              "id": "1번",
              "sex": "여성",
              "age": "20대"
            },
            "speechAct": "(단언) 주장하기",
            "morpheme": "둘/NR+다/MAG+비밀/NNG+이/VCP+지/EC+다이어트/NNG+하/XSV+고/EC+알려/VV+EC+줄게/VX+EF+키/NNG+키/XSV+ETN"
          },
          {
            "id": 17,
            "text": "2 : 아 이런 식으로 쏙 빠져나가기 좋구만",
            "norm_text": "아 이런 식으로 쏙 빠져나가기 좋구만",
            "speaker": {
              "id": "2번",
              "sex": "남성",
              "age": "20대"
            },
            "speechAct": "(단언) 주장하기",
            "morpheme": "아/IC+이런/MM+식/NNB+으로/JKB+쏙/MAG+빠져나가/VV+기/ETN+좋/VA+구만/EC"
          }
        ]
      }
    }
  ]
}