{
  "dataset": {
    "identifier": 113286,
    "name": "FACEBOOK_112_16_set",
    "src_path": "/data/file/cubeManager/PROJECT001/80/txt202111031542370339107/FACEBOOK_112_16_set/",
    "label_path": "/data/file/cubeManager/PROJECT001/80/txt202111031542370339107/FACEBOOK_112_16_set/",
    "category": 2,
    "type": 0
  },
  "licenses": {
    "name": "Apache License 1.0",
    "url": "http://www.apache.org/licenses/LICENSE-1.0"
  },
  "info": [
    {
      "id": 135351,
      "filename": "FACEBOOK_112_16.txt",
      "title": "FACEBOOK_112_16",
      "mediatype": "SNS",
      "medianame": "페이스북",
      "category": "일상대화",
      "date": "2021-11-03",
      "size": 425,
      "annotations": {
        "subject": "미용",
        "speaker_type": "1:1",
        "size": 425,
        "word_size": 149,
        "text": "1 : 언니는 어떤 파마 해봤어?\n2 : 나는 셋팅? 열펌이라 하나 뭐였지\n1 : 언니는 언니가 파마 잘 어울린다고 생각해?\n2 : 나는 친구가 미용해 가지고 알아서 해줘\n1 : 아 진짜? 키키\n1 : 부럽다!\n1 : 나는 지금 안 한지 5년이 넘었어!\n2 : 너 머리 지금 뭐야?\n1 : 나 지금 그냥 기르고 있어,\n2 : 키키 나도 많이 길렀다가 이번에 많이 자름\n1 : 키키 아 진짜?\n1 : 나는 옛날 사람들이 왜 머리 상투를 틀었는지 알겠더라\n2 : 왜 키키\n2 : 귀찮아? 뭐 하기?\n1 : 아니 머리가 너무 무거워 이게 중력의 법칙인가?\n2 : 키키 숯 좀 쳐야 되는 거 아냐?\n1 : 키키 맞아 쳐야 해 지금 미용실 안 간지 6개월 됐어!\n2 : 키키 머리 기르면 근데 갈 일이 없지\n1 : 맞아 키키\n1 : 근데 12월에 가긴 가야 해!\n2 : 기분 전환엔 머리 바꾸는 게 최고야",
        "lines": [
          {
            "id": 1,
            "text": "1 : 언니는 어떤 파마 해봤어?",
            "norm_text": "언니는 어떤 파마 해봤어?",
            "speaker": {
              "id": "1번",
              "sex": "여성",
              "age": "20대"
            },
            "speechAct": "(지시) 질문하기",
            "morpheme": "언니/NNG+는/JX+어떤/MM+파마/NNG+해/XSV+EC+봤/VX+EP+어/EF"
          },
          {
            "id": 2,
            "text": "2 : 나는 셋팅? 열펌이라 하나 뭐였지",
            "norm_text": "나는 셋팅? 열펌이라 하나 뭐였지",
            "speaker": {
              "id": "2번",
              "sex": "여성",
              "age": "20대"
            },
            "speechAct": "(단언) 주장하기",
            "morpheme": "나/NP+는/JX+셋/NR+팅/IC+열/NR+펌/NNG+이/VCP+라/EC+하나/NR+뭐/NP+였/VCP+EP+지/EC"
          },
          {
            "id": 3,
            "text": "1 : 언니는 언니가 파마 잘 어울린다고 생각해?",
            "norm_text": "언니는 언니가 파마 잘 어울린다고 생각해?",
            "speaker": {
              "id": "1번",
              "sex": "여성",
              "age": "20대"
            },
            "speechAct": "(지시) 질문하기",
            "morpheme": "언니/NNG+는/JX+언니/NNG+가/JKS+파마/NNG+잘/MAG+어울린다고/VV+EC+생각/NNG+해/XSV+EF"
          },
          {
            "id": 4,
            "text": "2 : 나는 친구가 미용해 가지고 알아서 해줘",
            "norm_text": "나는 친구가 미용해 가지고 알아서 해줘",
            "speaker": {
              "id": "2번",
              "sex": "여성",
              "age": "20대"
            },
            "speechAct": "(단언) 진술하기",
            "morpheme": "나/NP+는/JX+친구/NNG+가/JKS+미용/NNG+해/XSV+EC+가지/VX+고/EC+알/VV+아서/EC+해줘/VX+EC+VX+EC"
          },
          {
            "id": 5,
            "text": "1 : 아 진짜? 키키",
            "norm_text": "아 진짜? 키키",
            "speaker": {
              "id": "1번",
              "sex": "여성",
              "age": "20대"
            },
            "speechAct": "(지시) 질문하기",
            "morpheme": "아/IC+진짜/MAG+키/NNG+키/XSV+ETN"
          },
          {
            "id": 6,
            "text": "1 : 부럽다!",
            "norm_text": "부럽다!",
            "speaker": {
              "id": "1번",
              "sex": "여성",
              "age": "20대"
            },
            "speechAct": "(단언) 주장하기",
            "morpheme": "부럽/VA+다/EF"
          },
          {
            "id": 7,
            "text": "1 : 나는 지금 안 한지 5년이 넘었어!",
            "norm_text": "나는 지금 안 한지 5년이 넘었어!",
            "speaker": {
              "id": "1번",
              "sex": "여성",
              "age": "20대"
            },
            "speechAct": "(단언) 진술하기",
            "morpheme": "나/NP+는/JX+지금/MAG+안/MAG+한지/VV+EC+5/SN+년/NNBC+이/JKS+넘/VV+었/EP+어/EF"
          },
          {
            "id": 8,
            "text": "2 : 너 머리 지금 뭐야?",
            "norm_text": "너 머리 지금 뭐야?",
            "speaker": {
              "id": "2번",
              "sex": "여성",
              "age": "20대"
            },
            "speechAct": "(지시) 질문하기",
            "morpheme": "너/NP+머리/NNG+지금/MAG+뭐/NP+야/VCP+EF"
          },
          {
            "id": 9,
            "text": "1 : 나 지금 그냥 기르고 있어,",
            "norm_text": "나 지금 그냥 기르고 있어,",
            "speaker": {
              "id": "1번",
              "sex": "여성",
              "age": "20대"
            },
            "speechAct": "(단언) 진술하기",
            "morpheme": "나/NP+지금/MAG+그냥/MAG+기르/VV+고/EC+있/VX+어/EF+,/SC"
          },
          {
            "id": 10,
            "text": "2 : 키키 나도 많이 길렀다가 이번에 많이 자름",
            "norm_text": "키키 나도 많이 길렀다가 이번에 많이 자름",
            "speaker": {
              "id": "2번",
              "sex": "여성",
              "age": "20대"
            },
            "speechAct": "(단언) 진술하기",
            "morpheme": "키/NNG+키나/XSA+ETN+JX+도/JX+많이/MAG+길렀/VV+EP+다가/EC+이번/NNG+에/JKB+많이/MAG+자름/NNG"
          },
          {
            "id": 11,
            "text": "1 : 키키 아 진짜?",
            "norm_text": "키키 아 진짜?",
            "speaker": {
              "id": "1번",
              "sex": "여성",
              "age": "20대"
            },
            "speechAct": "(지시) 질문하기",
            "morpheme": "키/NNG+키/VV+아/EC+진짜/MAG"
          },
          {
            "id": 12,
            "text": "1 : 나는 옛날 사람들이 왜 머리 상투를 틀었는지 알겠더라",
            "norm_text": "나는 옛날 사람들이 왜 머리 상투를 틀었는지 알겠더라",
            "speaker": {
              "id": "1번",
              "sex": "여성",
              "age": "20대"
            },
            "speechAct": "(단언) 진술하기",
            "morpheme": "나/NP+는/JX+옛날/NNG+사람/NNG+들/XSN+이/JKS+왜/MAG+머리/NNG+상투/NNG+를/JKO+틀/VV+었/EP+는지/EC+알/VV+겠/EP+더라/EC"
          },
          {
            "id": 13,
            "text": "2 : 왜 키키",
            "norm_text": "왜 키키",
            "speaker": {
              "id": "2번",
              "sex": "여성",
              "age": "20대"
            },
            "speechAct": "(지시) 질문하기",
            "morpheme": "왜/MAG+키/NNG+키/XSV+ETN"
          },
          {
            "id": 14,
            "text": "2 : 귀찮아? 뭐 하기?",
            "norm_text": "귀찮아? 뭐 하기?",
            "speaker": {
              "id": "2번",
              "sex": "여성",
              "age": "20대"
            },
            "speechAct": "(지시) 질문하기",
            "morpheme": "귀찮/VA+아/EF+뭐/IC+하/VV+기/ETN"
          },
          {
            "id": 15,
            "text": "1 : 아니 머리가 너무 무거워 이게 중력의 법칙인가?",
            "norm_text": "아니 머리가 너무 무거워 이게 중력의 법칙인가?",
            "speaker": {
              "id": "1번",
              "sex": "여성",
              "age": "20대"
            },
            "speechAct": "(지시) 질문하기",
            "morpheme": "아니/IC+머리/NNG+가/JKS+너무/MAG+무거워/VA+EC+이게/NP+JKS+중력/NNG+의/JKG+법칙/NNG+인가/VCP+EF"
          },
          {
            "id": 16,
            "text": "2 : 키키 숯 좀 쳐야 되는 거 아냐?",
            "norm_text": "키키 숯 좀 쳐야 되는 거 아냐?",
            "speaker": {
              "id": "2번",
              "sex": "여성",
              "age": "20대"
            },
            "speechAct": "(지시) 질문하기",
            "morpheme": "키/NNG+키/NNG+숯/NNG+좀/MAG+쳐야/VV+EC+되/VV+는/ETM+거/NNB+아냐/VCN+EF"
          },
          {
            "id": 17,
            "text": "1 : 키키 맞아 쳐야 해 지금 미용실 안 간지 6개월 됐어!",
            "norm_text": "키키 맞아 쳐야 해 지금 미용실 안 간지 6개월 됐어!",
            "speaker": {
              "id": "1번",
              "sex": "여성",
              "age": "20대"
            },
            "speechAct": "(단언) 진술하기",
            "morpheme": "키키맞아쳐야해지금미용실안간지/UNKNOWN+6/SN+개월/NNBC+됐/VV+EP+어/EF"
          },
          {
            "id": 18,
            "text": "2 : 키키 머리 기르면 근데 갈 일이 없지",
            "norm_text": "키키 머리 기르면 근데 갈 일이 없지",
            "speaker": {
              "id": "2번",
              "sex": "여성",
              "age": "20대"
            },
            "speechAct": "(단언) 주장하기",
            "morpheme": "키/NNG+키/NNG+머리/NNG+기르/VV+면/EC+근데/MAJ+갈일/NNG+이/JKS+없/VA+지/EC"
          },
          {
            "id": 19,
            "text": "1 : 맞아 키키",
            "norm_text": "맞아 키키",
            "speaker": {
              "id": "1번",
              "sex": "여성",
              "age": "20대"
            },
            "speechAct": "턴토크 사인(관습적 반응)",
            "morpheme": "맞/VV+아/EC+키/NNG+키/XSV+ETN"
          },
          {
            "id": 20,
            "text": "1 : 근데 12월에 가긴 가야 해!",
            "norm_text": "근데 12월에 가긴 가야 해!",
            "speaker": {
              "id": "1번",
              "sex": "여성",
              "age": "20대"
            },
            "speechAct": "(단언) 진술하기",
            "morpheme": "근데/MAJ+12/SN+월/NNBC+에/JKB+가/VV+긴/ETN+JX+가/VX+야/EC+해/VX+EF"
          },
          {
            "id": 21,
            "text": "2 : 기분 전환엔 머리 바꾸는 게 최고야",
            "norm_text": "기분 전환엔 머리 바꾸는 게 최고야",
            "speaker": {
              "id": "2번",
              "sex": "여성",
              "age": "20대"
            },
            "speechAct": "(단언) 주장하기",
            "morpheme": "기분/NNG+전환/NNG+엔/JKB+JX+머리/NNG+바꾸/VV+는/ETM+게/NNB+JKS+최고/NNG+야/VCP+EF"
          }
        ]
      }
    }
  ]
}