{
  "dataset": {
    "identifier": 126939,
    "name": "FACEBOOK_122_05_set",
    "src_path": "/data/file/cubeManager/PROJECT001/84/txt20211104181832002243/FACEBOOK_122_05_set/",
    "label_path": "/data/file/cubeManager/PROJECT001/84/txt20211104181832002243/FACEBOOK_122_05_set/",
    "category": 2,
    "type": 0
  },
  "licenses": {
    "name": "Apache License 1.0",
    "url": "http://www.apache.org/licenses/LICENSE-1.0"
  },
  "info": [
    {
      "id": 137573,
      "filename": "FACEBOOK_122_05.txt",
      "title": "FACEBOOK_122_05",
      "mediatype": "SNS",
      "medianame": "페이스북",
      "category": "일상대화",
      "date": "2021-11-04",
      "size": 410,
      "annotations": {
        "subject": "군대",
        "speaker_type": "1:1",
        "size": 410,
        "word_size": 145,
        "text": "1 : 오빠 군대 썰 풀어줘\n2 : 나 군대 가서 엄청 맞고 울고 키키\n1 : 아 진짜?\n1 : 그때 당시 구타가 많았지?\n2 : 진짜 군대 너무 힘들어 ...\n2 : 여자친구 땜에  많이 힘이 됐지\n1 : 오빠 선임 되었을 때 애들 안 갈궜지?\n2 : 진짜 구타가 뭐야 괴롭힘 엄청 심했어 ㅡㅡ\n1 : 헐 키키 그거 마음의 편지로 신고 못해?\n2 : 나도 근데 똑같이 그렇게 했다 키키\n1 : 헐 키키 너무해 오빠가 부조리를 끈어줘야지\n2 : 아 진짜 생각만 해도 너무 힘들었어 키키\n1 : 그래도 지금 그러면 난리나 군대에서 키키\n2 : 너도 군대 한번 다녀와\n1 : 아니야 키키\n1 : 나는 디피 보고 충격 먹었어\n2 : 진짜 내 마음이 어떤지 느껴봐야 해 키키\n1 : 그렇긴 하지만 ㅠㅠ 군대는 너무 힘든 걸\n2 : 진짜 디피 근데 그건 너무 심한 거야 키키",
        "lines": [
          {
            "id": 1,
            "text": "1 : 오빠 군대 썰 풀어줘",
            "norm_text": "오빠 군대 썰 풀어줘",
            "speaker": {
              "id": "1번",
              "sex": "여성",
              "age": "20대"
            },
            "speechAct": "(지시) 충고/제안하기",
            "morpheme": "오빠군대썰풀어줘/UNKNOWN"
          },
          {
            "id": 2,
            "text": "2 : 나 군대 가서 엄청 맞고 울고 키키",
            "norm_text": "나 군대 가서 엄청 맞고 울고 키키",
            "speaker": {
              "id": "2번",
              "sex": "남성",
              "age": "20대"
            },
            "speechAct": "(단언) 주장하기",
            "morpheme": "나군/NNG+대가/VV+서/EC+엄청/MAG+맞/VV+고/EC+울/VV+고/EC+키/NNG+키/XSV+ETN"
          },
          {
            "id": 3,
            "text": "1 : 아 진짜?",
            "norm_text": "아 진짜?",
            "speaker": {
              "id": "1번",
              "sex": "여성",
              "age": "20대"
            },
            "speechAct": "(지시) 질문하기",
            "morpheme": "아/IC+진짜/MAG"
          },
          {
            "id": 4,
            "text": "1 : 그때 당시 구타가 많았지?",
            "norm_text": "그때 당시 구타가 많았지?",
            "speaker": {
              "id": "1번",
              "sex": "여성",
              "age": "20대"
            },
            "speechAct": "(지시) 질문하기",
            "morpheme": "그때/NNG+당시/NNG+구타/NNG+가/JKS+많/VA+았/EP+지/EF"
          },
          {
            "id": 5,
            "text": "2 : 진짜 군대 너무 힘들어 ...",
            "norm_text": "진짜 군대 너무 힘들어 ...",
            "speaker": {
              "id": "2번",
              "sex": "남성",
              "age": "20대"
            },
            "speechAct": "(단언) 진술하기",
            "morpheme": "진짜/MAG+군대/NNG+너무/MAG+힘들/VA+어/EF+./SY"
          },
          {
            "id": 6,
            "text": "2 : 여자친구 땜에  많이 힘이 됐지",
            "norm_text": "여자친구 땜에  많이 힘이 됐지",
            "speaker": {
              "id": "2번",
              "sex": "남성",
              "age": "20대"
            },
            "speechAct": "(단언) 진술하기",
            "morpheme": "여자/NNG+친구/NNG+땜/NNB+에/JKB+많이/MAG+힘/NNG+이/JKS+됐/VV+EP+지/EC"
          },
          {
            "id": 7,
            "text": "1 : 오빠 선임 되었을 때 애들 안 갈궜지?",
            "norm_text": "오빠 선임 되었을 때 애들 안 갈궜지?",
            "speaker": {
              "id": "1번",
              "sex": "여성",
              "age": "20대"
            },
            "speechAct": "(지시) 질문하기",
            "morpheme": "오빠/NNG+선임/NNG+되/XSV+었/EP+을/ETM+때/NNG+애/NNG+들/XSN+안/MAG+갈궜/VV+EP+지/EF"
          },
          {
            "id": 8,
            "text": "2 : 진짜 구타가 뭐야 괴롭힘 엄청 심했어 ㅡㅡ",
            "norm_text": "진짜 구타가 뭐야 괴롭힘 엄청 심했어 ㅡㅡ",
            "speaker": {
              "id": "2번",
              "sex": "남성",
              "age": "20대"
            },
            "speechAct": "(단언) 진술하기",
            "morpheme": "진짜/MAG+구타/NNG+가/JKS+뭐/NP+야/VCP+EF+괴롭힘/VV+ETN+엄청/MAG+심했/VA+EP+어/EF+ㅡㅡ/UNKNOWN"
          },
          {
            "id": 9,
            "text": "1 : 헐 키키 그거 마음의 편지로 신고 못해?",
            "norm_text": "헐 키키 그거 마음의 편지로 신고 못해?",
            "speaker": {
              "id": "1번",
              "sex": "여성",
              "age": "20대"
            },
            "speechAct": "(지시) 질문하기",
            "morpheme": "헐/IC+키/NNG+키/XSV+ETN+그거/NP+마음/NNG+의/JKG+편지/NNG+로/JKB+신/VV+고/EC+못해/VX+EF"
          },
          {
            "id": 10,
            "text": "2 : 나도 근데 똑같이 그렇게 했다 키키",
            "norm_text": "나도 근데 똑같이 그렇게 했다 키키",
            "speaker": {
              "id": "2번",
              "sex": "남성",
              "age": "20대"
            },
            "speechAct": "(단언) 진술하기",
            "morpheme": "나/NP+도/JX+근데/MAJ+똑같이/MAG+그렇/VA+게/EC+했/VX+EP+다키키/NNP"
          },
          {
            "id": 11,
            "text": "1 : 헐 키키 너무해 오빠가 부조리를 끈어줘야지",
            "norm_text": "헐 키키 너무해 오빠가 부조리를 끈어줘야지",
            "speaker": {
              "id": "1번",
              "sex": "여성",
              "age": "20대"
            },
            "speechAct": "(단언) 주장하기",
            "morpheme": "헐/IC+키/NNG+키/NNG+너무/MAG+해/VV+EC+오빠/NNG+가/JKS+부조리/NNG+를/JKO+끈/VV+ETM+어/IC+줘야지/VV+EC"
          },
          {
            "id": 12,
            "text": "2 : 아 진짜 생각만 해도 너무 힘들었어 키키",
            "norm_text": "아 진짜 생각만 해도 너무 힘들었어 키키",
            "speaker": {
              "id": "2번",
              "sex": "남성",
              "age": "20대"
            },
            "speechAct": "(단언) 주장하기",
            "morpheme": "아/IC+진짜/MAG+생각/NNG+만/JX+해도/VV+EC+너무/MAG+힘들/VA+었/EP+어/EC+키/NNG+키/XSV+ETN"
          },
          {
            "id": 13,
            "text": "1 : 그래도 지금 그러면 난리나 군대에서 키키",
            "norm_text": "그래도 지금 그러면 난리나 군대에서 키키",
            "speaker": {
              "id": "1번",
              "sex": "여성",
              "age": "20대"
            },
            "speechAct": "(단언) 주장하기",
            "morpheme": "그래도/MAJ+지금/MAG+그러/VV+면/EC+난리/NNG+나/JC+군대/NNG+에서/JKB+키/NNG+키/XSV+ETN"
          },
          {
            "id": 14,
            "text": "2 : 너도 군대 한번 다녀와",
            "norm_text": "너도 군대 한번 다녀와",
            "speaker": {
              "id": "2번",
              "sex": "남성",
              "age": "20대"
            },
            "speechAct": "(지시) 충고/제안하기",
            "morpheme": "너/NP+도/JX+군대/NNG+한/MM+번/NNBC+다녀와/VV+EC"
          },
          {
            "id": 15,
            "text": "1 : 아니야 키키",
            "norm_text": "아니야 키키",
            "speaker": {
              "id": "1번",
              "sex": "여성",
              "age": "20대"
            },
            "speechAct": "(단언) 반박하기",
            "morpheme": "아니야/IC+키/NNG+키/XSV+ETN"
          },
          {
            "id": 16,
            "text": "1 : 나는 디피 보고 충격 먹었어",
            "norm_text": "나는 디피 보고 충격 먹었어",
            "speaker": {
              "id": "1번",
              "sex": "여성",
              "age": "20대"
            },
            "speechAct": "(단언) 주장하기",
            "morpheme": "나/NP+는/JX+디피/NNG+보고/JKB+충격/NNG+먹/VV+었/EP+어/EC"
          },
          {
            "id": 17,
            "text": "2 : 진짜 내 마음이 어떤지 느껴봐야 해 키키",
            "norm_text": "진짜 내 마음이 어떤지 느껴봐야 해 키키",
            "speaker": {
              "id": "2번",
              "sex": "남성",
              "age": "20대"
            },
            "speechAct": "(단언) 주장하기",
            "morpheme": "진짜/MAG+내/NP+JKG+마음/NNG+이/JKS+어떤지/VA+EC+느껴/VV+EC+봐야/VX+EC+해/VV+EC+키/NNG+키/XSV+ETN"
          },
          {
            "id": 18,
            "text": "1 : 그렇긴 하지만 ㅠㅠ 군대는 너무 힘든 걸",
            "norm_text": "그렇긴 하지만 ㅠㅠ 군대는 너무 힘든 걸",
            "speaker": {
              "id": "1번",
              "sex": "여성",
              "age": "20대"
            },
            "speechAct": "(단언) 주장하기",
            "morpheme": "그렇/VA+긴/ETN+JX+하/VX+지만/EC+ㅠㅠ/UNKNOWN+군대/NNG+는/JX+너무/MAG+힘든/VA+ETM+걸/NNB+JKO"
          },
          {
            "id": 19,
            "text": "2 : 진짜 디피 근데 그건 너무 심한 거야 키키",
            "norm_text": "진짜 디피 근데 그건 너무 심한 거야 키키",
            "speaker": {
              "id": "2번",
              "sex": "남성",
              "age": "20대"
            },
            "speechAct": "(단언) 주장하기",
            "morpheme": "진짜/MAG+디피/NNG+근데/MAJ+그건/NP+JX+너무/MAG+심한/VA+ETM+거/NNB+야/VCP+EF+키/NNG+키/XSV+ETN"
          }
        ]
      }
    }
  ]
}