{
  "dataset": {
    "identifier": 98822,
    "name": "FACEBOOK_104_08_set",
    "src_path": "/data/file/cubeManager/PROJECT001/77/txt20211028145511016641/FACEBOOK_104_08_set/",
    "label_path": "/data/file/cubeManager/PROJECT001/77/txt20211028145511016641/FACEBOOK_104_08_set/",
    "category": 2,
    "type": 0
  },
  "licenses": {
    "name": "Apache License 1.0",
    "url": "http://www.apache.org/licenses/LICENSE-1.0"
  },
  "info": [
    {
      "id": 100493,
      "filename": "FACEBOOK_104_08.txt",
      "title": "FACEBOOK_104_08",
      "mediatype": "SNS",
      "medianame": "페이스북",
      "category": "일상대화",
      "date": "2021-10-28",
      "size": 430,
      "annotations": {
        "subject": "연애/결혼",
        "speaker_type": "1:1",
        "size": 430,
        "word_size": 142,
        "text": "1 : 나 남친이랑 이번에 싸움!\n2 : 뭐야\n2 : 왜 그래\n2 : 왜 싸웠어?\n1 : 너는 기념일이면 보통 뭐할 거 같아?\n2 : 특별한 곳이나 먹으러 가지 않을까?\n1 : 맞아, 근데 뭐 먹자고 했는 줄 알아,,?\n2 : 남자 친구가 뭐 먹자고 하는데?\n1 : 순대전골 먹고 싶다고 전골 먹으러 가재!\n2 : 순대전골?\n2 : 맛있긴 한데... 좀 기념일에 그렇다...\n1 : 그니까 그거는 아무 때나 먹을 수 있잖아,\n2 : 그러니까\n2 : 기념일인데 신경 좀 써주지 ㅠㅠ\n1 : 맞아,\n1 : 그래서 내가 얘 옷 사주려다가 입 싹 닫음\n2 : 키키 잘했어 이래서 행동을 잘 해야 된다니까...\n1 : 키키 문자로 미안하다고 지금 왔어 키키\n2 : 아 뭘 잘못한 지는 알겠데?\n1 : 내가 말했지!\n1 : 기념일인데 순대를 먹자고?\n1 : 이러면서 끊었거든!\n2 : 키키 그래도 사과를 해서 다행이다!",
        "lines": [
          {
            "id": 1,
            "text": "1 : 나 남친이랑 이번에 싸움!",
            "norm_text": "나 남친이랑 이번에 싸움!",
            "speaker": {
              "id": "1번",
              "sex": "여성",
              "age": "20대"
            },
            "speechAct": "(단언) 진술하기",
            "morpheme": "나/NP+남친/NNG+이랑/JKB+이번/NNG+에/JKB+싸움/NNG"
          },
          {
            "id": 2,
            "text": "2 : 뭐야",
            "norm_text": "뭐야",
            "speaker": {
              "id": "2번",
              "sex": "여성",
              "age": "20대"
            },
            "speechAct": "(단언) 주장하기",
            "morpheme": "뭐/NP+야/VCP+EF"
          },
          {
            "id": 3,
            "text": "2 : 왜 그래",
            "norm_text": "왜 그래",
            "speaker": {
              "id": "2번",
              "sex": "여성",
              "age": "20대"
            },
            "speechAct": "(지시) 질문하기",
            "morpheme": "왜/MAG+그래/VA+EC"
          },
          {
            "id": 4,
            "text": "2 : 왜 싸웠어?",
            "norm_text": "왜 싸웠어?",
            "speaker": {
              "id": "2번",
              "sex": "여성",
              "age": "20대"
            },
            "speechAct": "(지시) 질문하기",
            "morpheme": "왜/MAG+싸웠/VV+EP+어/EF"
          },
          {
            "id": 5,
            "text": "1 : 너는 기념일이면 보통 뭐할 거 같아?",
            "norm_text": "너는 기념일이면 보통 뭐할 거 같아?",
            "speaker": {
              "id": "1번",
              "sex": "여성",
              "age": "20대"
            },
            "speechAct": "(지시) 질문하기",
            "morpheme": "너/NP+는/JX+기념일/NNG+이/VCP+면/EC+보통/NNG+뭐/IC+할/VV+ETM+거/NNB+같/VA+아/EF"
          },
          {
            "id": 6,
            "text": "2 : 특별한 곳이나 먹으러 가지 않을까?",
            "norm_text": "특별한 곳이나 먹으러 가지 않을까?",
            "speaker": {
              "id": "2번",
              "sex": "여성",
              "age": "20대"
            },
            "speechAct": "(지시) 질문하기",
            "morpheme": "특별/NNG+한/XSA+ETM+곳/NNG+이나/JX+먹/VV+으러/EC+가/VX+지/EC+않/VX+을까/EF"
          },
          {
            "id": 7,
            "text": "1 : 맞아, 근데 뭐 먹자고 했는 줄 알아,,?",
            "norm_text": "맞아, 근데 뭐 먹자고 했는 줄 알아,,?",
            "speaker": {
              "id": "1번",
              "sex": "여성",
              "age": "20대"
            },
            "speechAct": "(지시) 질문하기",
            "morpheme": "맞/VV+아/EC+,/SC+근데/MAJ+뭐/IC+먹/VV+자고/EC+했/VX+EP+는/ETM+줄/NNB+알/VV+아/EC+,/SC+,/SY"
          },
          {
            "id": 8,
            "text": "2 : 남자 친구가 뭐 먹자고 하는데?",
            "norm_text": "남자 친구가 뭐 먹자고 하는데?",
            "speaker": {
              "id": "2번",
              "sex": "여성",
              "age": "20대"
            },
            "speechAct": "(지시) 질문하기",
            "morpheme": "남자/NNG+친구/NNG+가/JKS+뭐/IC+먹/VV+자고/EC+하/VV+는데/EC"
          },
          {
            "id": 9,
            "text": "1 : 순대전골 먹고 싶다고 전골 먹으러 가재!",
            "norm_text": "순대전골 먹고 싶다고 전골 먹으러 가재!",
            "speaker": {
              "id": "1번",
              "sex": "여성",
              "age": "20대"
            },
            "speechAct": "(단언) 진술하기",
            "morpheme": "순대/NNG+전골/NNG+먹/VV+고/EC+싶/VX+다고/EC+전골/NNG+먹/VV+으러/EC+가/VX+재/EF"
          },
          {
            "id": 10,
            "text": "2 : 순대전골?",
            "norm_text": "순대전골?",
            "speaker": {
              "id": "2번",
              "sex": "여성",
              "age": "20대"
            },
            "speechAct": "(지시) 질문하기",
            "morpheme": "순대/NNG+전골/NNG"
          },
          {
            "id": 11,
            "text": "2 : 맛있긴 한데... 좀 기념일에 그렇다...",
            "norm_text": "맛있긴 한데... 좀 기념일에 그렇다...",
            "speaker": {
              "id": "2번",
              "sex": "여성",
              "age": "20대"
            },
            "speechAct": "(단언) 주장하기",
            "morpheme": "맛있/VA+긴/ETN+JX+한데/VX+EC+./SY+./SY+좀/MAG+기념일/NNG+에/JKB+그렇/VA+다/EF+./SY"
          },
          {
            "id": 12,
            "text": "1 : 그니까 그거는 아무 때나 먹을 수 있잖아,",
            "norm_text": "그니까 그거는 아무 때나 먹을 수 있잖아,",
            "speaker": {
              "id": "1번",
              "sex": "여성",
              "age": "20대"
            },
            "speechAct": "(단언) 주장하기",
            "morpheme": "그니까/MAJ+그거/NP+는/JX+아무/MM+때/NNG+나/JX+먹/VV+을/ETM+수/NNB+있/VV+잖아/EF+,/SC"
          },
          {
            "id": 13,
            "text": "2 : 그러니까",
            "norm_text": "그러니까",
            "speaker": {
              "id": "2번",
              "sex": "여성",
              "age": "20대"
            },
            "speechAct": "(단언) 주장하기",
            "morpheme": "그러니까/MAJ"
          },
          {
            "id": 14,
            "text": "2 : 기념일인데 신경 좀 써주지 ㅠㅠ",
            "norm_text": "기념일인데 신경 좀 써주지 ㅠㅠ",
            "speaker": {
              "id": "2번",
              "sex": "여성",
              "age": "20대"
            },
            "speechAct": "(단언) 주장하기",
            "morpheme": "기념일/NNG+인데/VCP+EC+신경/NNG+좀/MAG+써/VV+EC+주/VX+지/EF+ㅠㅠ/UNKNOWN"
          },
          {
            "id": 15,
            "text": "1 : 맞아,",
            "norm_text": "맞아,",
            "speaker": {
              "id": "1번",
              "sex": "여성",
              "age": "20대"
            },
            "speechAct": "(단언) 주장하기",
            "morpheme": "맞/VV+아/EC+,/SC"
          },
          {
            "id": 16,
            "text": "1 : 그래서 내가 얘 옷 사주려다가 입 싹 닫음",
            "norm_text": "그래서 내가 얘 옷 사주려다가 입 싹 닫음",
            "speaker": {
              "id": "1번",
              "sex": "여성",
              "age": "20대"
            },
            "speechAct": "(단언) 주장하기",
            "morpheme": "그래서/MAJ+내/NP+가/JKS+얘/IC+옷/NNG+사/VV+EC+주/VX+려다/EC+가입/NNG+싹/MAG+닫/VV+음/ETN"
          },
          {
            "id": 17,
            "text": "2 : 키키 잘했어 이래서 행동을 잘 해야 된다니까...",
            "norm_text": "키키 잘했어 이래서 행동을 잘 해야 된다니까...",
            "speaker": {
              "id": "2번",
              "sex": "여성",
              "age": "20대"
            },
            "speechAct": "(단언) 주장하기",
            "morpheme": "키/NNG+키/XSV+ETN+잘/MAG+했/VV+EP+어/EC+이래서/VV+EC+행동/NNG+을/JKO+잘/MAG+해야/VV+EC+된다니까/VV+EF+./SY"
          },
          {
            "id": 18,
            "text": "1 : 키키 문자로 미안하다고 지금 왔어 키키",
            "norm_text": "키키 문자로 미안하다고 지금 왔어 키키",
            "speaker": {
              "id": "1번",
              "sex": "여성",
              "age": "20대"
            },
            "speechAct": "(단언) 진술하기",
            "morpheme": "키/NNG+키/NNG+문자/NNG+로/JKB+미안/NNG+하/XSV+다고/EC+지금/MAG+왔/VV+EP+어/EC+키/NNG+키/XSV+ETN"
          },
          {
            "id": 19,
            "text": "2 : 아 뭘 잘못한 지는 알겠데?",
            "norm_text": "아 뭘 잘못한 지는 알겠데?",
            "speaker": {
              "id": "2번",
              "sex": "여성",
              "age": "20대"
            },
            "speechAct": "(지시) 질문하기",
            "morpheme": "아/IC+뭘/NP+JKO+잘못/MAG+한지/XSA+EC+는/JX+알/VV+겠/EP+데/EF"
          },
          {
            "id": 20,
            "text": "1 : 내가 말했지!",
            "norm_text": "내가 말했지!",
            "speaker": {
              "id": "1번",
              "sex": "여성",
              "age": "20대"
            },
            "speechAct": "(단언) 진술하기",
            "morpheme": "내/NP+가/JKS+말/NNG+했/XSV+EP+지/EF"
          },
          {
            "id": 21,
            "text": "1 : 기념일인데 순대를 먹자고?",
            "norm_text": "기념일인데 순대를 먹자고?",
            "speaker": {
              "id": "1번",
              "sex": "여성",
              "age": "20대"
            },
            "speechAct": "(단언) 진술하기",
            "morpheme": "기념일/NNG+인데/VCP+EC+순대/NNG+를/JKO+먹/VV+자고/EF"
          },
          {
            "id": 22,
            "text": "1 : 이러면서 끊었거든!",
            "norm_text": "이러면서 끊었거든!",
            "speaker": {
              "id": "1번",
              "sex": "여성",
              "age": "20대"
            },
            "speechAct": "(단언) 진술하기",
            "morpheme": "이러/VV+면서/EC+끊/VV+었/EP+거든/EF"
          },
          {
            "id": 23,
            "text": "2 : 키키 그래도 사과를 해서 다행이다!",
            "norm_text": "키키 그래도 사과를 해서 다행이다!",
            "speaker": {
              "id": "2번",
              "sex": "여성",
              "age": "20대"
            },
            "speechAct": "(단언) 주장하기",
            "morpheme": "키/NNG+키/XSV+ETN+그래도/MAJ+사과/NNG+를/JKO+해서/VV+EC+다행/NNG+이/VCP+다/EF"
          }
        ]
      }
    }
  ]
}