{
  "dataset": {
    "identifier": 124225,
    "name": "FACEBOOK_124_04_set",
    "src_path": "/data/file/cubeManager/PROJECT001/84/txt20211105143620039351/FACEBOOK_124_04_set/",
    "label_path": "/data/file/cubeManager/PROJECT001/84/txt20211105143620039351/FACEBOOK_124_04_set/",
    "category": 2,
    "type": 0
  },
  "licenses": {
    "name": "Apache License 1.0",
    "url": "http://www.apache.org/licenses/LICENSE-1.0"
  },
  "info": [
    {
      "id": 140140,
      "filename": "FACEBOOK_124_04.txt",
      "title": "FACEBOOK_124_04",
      "mediatype": "SNS",
      "medianame": "페이스북",
      "category": "일상대화",
      "date": "2021-11-05",
      "size": 423,
      "annotations": {
        "subject": "회사/아르바이트",
        "speaker_type": "1:1",
        "size": 423,
        "word_size": 145,
        "text": "1 : 올해 말에 계약 기간 끝나 휴\n2 : 아 진짜 계약 기간 끝나가?\n1 : 다시 고향으로 내려가야지 ㅠㅠ\n1 : 또 백수다\n2 : 아 나는 언제쯤 백수 해볼까\n1 : 백수 안 좋아 미래가 어둡잖아 키키\n2 : 나도 백수 하고 싶다 부럽다...\n1 : 아니야 ㅠ 다시 취준 준비하려고 키키\n2 : 아니야 그래도 일 좀 쉬엄쉬엄 하고 싶어 나는\n1 : 지금 다니는 회사는 6개월 단위로 계약해서 싫어\n2 : 나는 여태까지 한번도 쉰 적이 없어\n2 : 군대 전역하고 계속 일했어\n1 : 아 정말? 그거 쉽지 않은데 ㅠㅠ\n2 : 아 진짜 나는 한 달 일하고 한 달 쉬고 이러고 싶다 키키\n1 : 나도 키키 프랑스는 여름 방학 있다더라\n2 : 돈만 벌었는데 돈이 다 어디 갔는지 모르겠다 ㅠㅠ\n1 : 그러게 키키 이제 모아야지 ㅠㅠ 나이도 있으니깐\n2 : 프랑스 좋네 거길로 가야 하나 키키",
        "lines": [
          {
            "id": 1,
            "text": "1 : 올해 말에 계약 기간 끝나 휴",
            "norm_text": "올해 말에 계약 기간 끝나 휴",
            "speaker": {
              "id": "1번",
              "sex": "여성",
              "age": "20대"
            },
            "speechAct": "(단언) 진술하기",
            "morpheme": "올해/NNG+말/NNG+에/JKB+계약/NNG+기간/NNG+끝/NNG+나/JC+휴/NNP"
          },
          {
            "id": 2,
            "text": "2 : 아 진짜 계약 기간 끝나가?",
            "norm_text": "아 진짜 계약 기간 끝나가?",
            "speaker": {
              "id": "2번",
              "sex": "남성",
              "age": "20대"
            },
            "speechAct": "(지시) 질문하기",
            "morpheme": "아/IC+진짜/MAG+계약/NNG+기간/NNG+끝/NNG+나가/VV+EF"
          },
          {
            "id": 3,
            "text": "1 : 다시 고향으로 내려가야지 ㅠㅠ",
            "norm_text": "다시 고향으로 내려가야지 ㅠㅠ",
            "speaker": {
              "id": "1번",
              "sex": "여성",
              "age": "20대"
            },
            "speechAct": "(언약) 약속하기(제3자와)/(개인적 수준)",
            "morpheme": "다시/MAG+고향/NNG+으로/JKB+내려가/VV+야지/EF+ㅠㅠ/UNKNOWN"
          },
          {
            "id": 4,
            "text": "1 : 또 백수다",
            "norm_text": "또 백수다",
            "speaker": {
              "id": "1번",
              "sex": "여성",
              "age": "20대"
            },
            "speechAct": "(단언) 주장하기",
            "morpheme": "또/MAG+백/NR+수다/NNG"
          },
          {
            "id": 5,
            "text": "2 : 아 나는 언제쯤 백수 해볼까",
            "norm_text": "아 나는 언제쯤 백수 해볼까",
            "speaker": {
              "id": "2번",
              "sex": "남성",
              "age": "20대"
            },
            "speechAct": "(지시) 질문하기",
            "morpheme": "아/IC+나/NP+는/JX+언제/NP+쯤/XSN+백수/NNG+해/XSV+EC+볼까/VX+EC"
          },
          {
            "id": 6,
            "text": "1 : 백수 안 좋아 미래가 어둡잖아 키키",
            "norm_text": "백수 안 좋아 미래가 어둡잖아 키키",
            "speaker": {
              "id": "1번",
              "sex": "여성",
              "age": "20대"
            },
            "speechAct": "(단언) 주장하기",
            "morpheme": "백수/NNG+안/MAG+좋/VA+아/EC+미래/NNG+가/JKS+어둡/VA+잖아/EC+키/NNG+키/XSV+ETN"
          },
          {
            "id": 7,
            "text": "2 : 나도 백수 하고 싶다 부럽다...",
            "norm_text": "나도 백수 하고 싶다 부럽다...",
            "speaker": {
              "id": "2번",
              "sex": "남성",
              "age": "20대"
            },
            "speechAct": "N/A",
            "morpheme": "나/NP+도/JX+백수/NNG+하/XSV+고/EC+싶/VX+다/EC+부럽/VA+다/EF+./SY"
          },
          {
            "id": 8,
            "text": "1 : 아니야 ㅠ 다시 취준 준비하려고 키키",
            "norm_text": "아니야 ㅠ 다시 취준 준비하려고 키키",
            "speaker": {
              "id": "1번",
              "sex": "여성",
              "age": "20대"
            },
            "speechAct": "(단언) 진술하기",
            "morpheme": "아니야/IC+ㅠ다/UNKNOWN+시취/NNG+준/XPN+준비/NNG+하/XSV+려고/EC+키/NNG+키/XSV+ETN"
          },
          {
            "id": 9,
            "text": "2 : 아니야 그래도 일 좀 쉬엄쉬엄 하고 싶어 나는",
            "norm_text": "아니야 그래도 일 좀 쉬엄쉬엄 하고 싶어 나는",
            "speaker": {
              "id": "2번",
              "sex": "남성",
              "age": "20대"
            },
            "speechAct": "(단언) 주장하기",
            "morpheme": "아니야/IC+그래도/MAJ+일/NNG+좀/MAG+쉬엄쉬엄/MAG+하/VV+고/EC+싶/VX+어/EC+나/VX+는/ETM"
          },
          {
            "id": 10,
            "text": "1 : 지금 다니는 회사는 6개월 단위로 계약해서 싫어",
            "norm_text": "지금 다니는 회사는 6개월 단위로 계약해서 싫어",
            "speaker": {
              "id": "1번",
              "sex": "여성",
              "age": "20대"
            },
            "speechAct": "(표현) 부정감정 표현하기",
            "morpheme": "지금/MAG+다니/VV+는/ETM+회사/NNG+는/JX+6/SN+개월/NNBC+단위/NNG+로/JKB+계약/NNG+해서/XSV+EC+싫/VA+어/EC"
          },
          {
            "id": 11,
            "text": "2 : 나는 여태까지 한번도 쉰 적이 없어",
            "norm_text": "나는 여태까지 한번도 쉰 적이 없어",
            "speaker": {
              "id": "2번",
              "sex": "남성",
              "age": "20대"
            },
            "speechAct": "(단언) 진술하기",
            "morpheme": "나/NP+는/JX+여태/MAG+까지/JX+한/MM+번/NNBC+도/JX+쉰/VV+ETM+적/NNB+이/JKS+없/VA+어/EC"
          },
          {
            "id": 12,
            "text": "2 : 군대 전역하고 계속 일했어",
            "norm_text": "군대 전역하고 계속 일했어",
            "speaker": {
              "id": "2번",
              "sex": "남성",
              "age": "20대"
            },
            "speechAct": "(단언) 진술하기",
            "morpheme": "군대/NNG+전역/NNG+하/XSV+고/EC+계속/MAG+일/NNG+했/XSV+EP+어/EC"
          },
          {
            "id": 13,
            "text": "1 : 아 정말? 그거 쉽지 않은데 ㅠㅠ",
            "norm_text": "아 정말? 그거 쉽지 않은데 ㅠㅠ",
            "speaker": {
              "id": "1번",
              "sex": "여성",
              "age": "20대"
            },
            "speechAct": "(단언) 주장하기",
            "morpheme": "아/IC+정말/MAG+그거/NP+쉽/VA+지/EC+않/VX+은데/EC+ㅠㅠ/UNKNOWN"
          },
          {
            "id": 14,
            "text": "2 : 아 진짜 나는 한 달 일하고 한 달 쉬고 이러고 싶다 키키",
            "norm_text": "아 진짜 나는 한 달 일하고 한 달 쉬고 이러고 싶다 키키",
            "speaker": {
              "id": "2번",
              "sex": "남성",
              "age": "20대"
            },
            "speechAct": "(단언) 주장하기",
            "morpheme": "아/IC+진짜/MAG+나/NP+는/JX+한/MM+달/NNBC+일/NNG+하/XSV+고/EC+한/MM+달/NNBC+쉬/VV+고/EC+이러/VV+고/EC+싶/VX+다키키/NNP"
          },
          {
            "id": 15,
            "text": "1 : 나도 키키 프랑스는 여름 방학 있다더라",
            "norm_text": "나도 키키 프랑스는 여름 방학 있다더라",
            "speaker": {
              "id": "1번",
              "sex": "여성",
              "age": "20대"
            },
            "speechAct": "(단언) 진술하기",
            "morpheme": "나/NP+도/JX+키키/NNP+프랑스/NNP+는/JX+여름/NNG+방학/NNG+있/VV+다더라/EC"
          },
          {
            "id": 16,
            "text": "2 : 돈만 벌었는데 돈이 다 어디 갔는지 모르겠다 ㅠㅠ",
            "norm_text": "돈만 벌었는데 돈이 다 어디 갔는지 모르겠다 ㅠㅠ",
            "speaker": {
              "id": "2번",
              "sex": "남성",
              "age": "20대"
            },
            "speechAct": "(단언) 주장하기",
            "morpheme": "돈/NNG+만/JX+벌/VV+었/EP+는데/EC+돈/NNG+이/VCP+다/EF+어디/NP+갔/VV+EP+는지/EC+모르/VV+겠/EP+다/EF+ㅠㅠ/UNKNOWN"
          },
          {
            "id": 17,
            "text": "1 : 그러게 키키 이제 모아야지 ㅠㅠ 나이도 있으니깐",
            "norm_text": "그러게 키키 이제 모아야지 ㅠㅠ 나이도 있으니깐",
            "speaker": {
              "id": "1번",
              "sex": "여성",
              "age": "20대"
            },
            "speechAct": "(언약) 약속하기(제3자와)/(개인적 수준)",
            "morpheme": "그러/VV+게/EC+키/NNG+키/NNG+이제/MAG+모아야지/VV+EC+ㅠㅠ/UNKNOWN+나이/NNG+도/JX+있/VA+으니깐/EC"
          },
          {
            "id": 18,
            "text": "2 : 프랑스 좋네 거길로 가야 하나 키키",
            "norm_text": "프랑스 좋네 거길로 가야 하나 키키",
            "speaker": {
              "id": "2번",
              "sex": "남성",
              "age": "20대"
            },
            "speechAct": "(단언) 주장하기",
            "morpheme": "프랑스/NNP+좋/VA+네/EF+거길/NP+JKO+로/JKB+가/VV+야/EF+하나/NR+키/NNG+키/XSV+ETN"
          }
        ]
      }
    }
  ]
}