{
  "dataset": {
    "identifier": 117454,
    "name": "FACEBOOK_105_04_set",
    "src_path": "/data/file/cubeManager/PROJECT001/77/txt202110281448320230102/FACEBOOK_105_04_set/",
    "label_path": "/data/file/cubeManager/PROJECT001/77/txt202110281448320230102/FACEBOOK_105_04_set/",
    "category": 2,
    "type": 0
  },
  "licenses": {
    "name": "Apache License 1.0",
    "url": "http://www.apache.org/licenses/LICENSE-1.0"
  },
  "info": [
    {
      "id": 100329,
      "filename": "FACEBOOK_105_04.txt",
      "title": "FACEBOOK_105_04",
      "mediatype": "SNS",
      "medianame": "페이스북",
      "category": "일상대화",
      "date": "2021-10-28",
      "size": 469,
      "annotations": {
        "subject": "회사/아르바이트",
        "speaker_type": "1:1",
        "size": 469,
        "word_size": 160,
        "text": "1 : 오빠는 회사 직원들이랑 사이는 좋아?\n2 : 응 나는 잘 지내고 있는 편이야 키키\n1 : 거기는 남초 회사지?\n1 : 남자밖에 없는 회사?\n2 : 응 맞아\n2 : 다들 남자 어르신들 뿐이지 키키\n1 : 키키 그러면 진짜 편하긴 하겠다!\n2 : 근데 또 꼰대 같은 분들도 가끔 계셔 키키\n1 : 아앗 키키 꼰대라니,\n1 : 꼰대는 좀 힘들지,\n2 : 응 근데 아버지뻘이니까 그냥 저냥 넘어가는 거지 ㅠㅠ\n1 : 키키 그렇지\n1 : 밥은 다 같이 먹어?\n2 : 거기 현장에 같이 간 사람들이랑은 같이 먹지 키키\n1 : 그렇구나\n1 : 오빠 퇴근 시간은 안 정해졌다고 그랬지?\n2 : 응 일이 끝나면 그때 퇴근하는 거야 키키\n1 : 진짜 오빠는 노후 생활 편하게 살겠다\n1 : 지금 열심히 사니까~!\n2 : 그대신 젊을 때 나의 시간이 없는 게 좀 아쉬워 키키\n1 : 뭐든 하나를 얻으면 하나를 잃는 거 같어,\n2 : 그래서 만약 이직 하게 되면 좀 몇 달은 쉬어보려고 키키",
        "lines": [
          {
            "id": 1,
            "text": "1 : 오빠는 회사 직원들이랑 사이는 좋아?",
            "norm_text": "오빠는 회사 직원들이랑 사이는 좋아?",
            "speaker": {
              "id": "1번",
              "sex": "여성",
              "age": "20대"
            },
            "speechAct": "(지시) 질문하기",
            "morpheme": "오빠/NNG+는/JX+회사/NNG+직원/NNG+들/XSN+이랑/JKB+사이/NNG+는/JX+좋/VA+아/EF"
          },
          {
            "id": 2,
            "text": "2 : 응 나는 잘 지내고 있는 편이야 키키",
            "norm_text": "응 나는 잘 지내고 있는 편이야 키키",
            "speaker": {
              "id": "2번",
              "sex": "남성",
              "age": "20대"
            },
            "speechAct": "(단언) 주장하기",
            "morpheme": "응/IC+나/NP+는/JX+잘/MAG+지내/VV+고/EC+있/VX+는/ETM+편/NNB+이/VCP+야/EC+키/NNG+키/XSV+ETN"
          },
          {
            "id": 3,
            "text": "1 : 거기는 남초 회사지?",
            "norm_text": "거기는 남초 회사지?",
            "speaker": {
              "id": "1번",
              "sex": "여성",
              "age": "20대"
            },
            "speechAct": "(지시) 질문하기",
            "morpheme": "거기/NP+는/JX+남초/NNG+회사/NNG+지/VCP+EF"
          },
          {
            "id": 4,
            "text": "1 : 남자밖에 없는 회사?",
            "norm_text": "남자밖에 없는 회사?",
            "speaker": {
              "id": "1번",
              "sex": "여성",
              "age": "20대"
            },
            "speechAct": "(지시) 질문하기",
            "morpheme": "남자/NNG+밖에/JX+없/VA+는/ETM+회사/NNG"
          },
          {
            "id": 5,
            "text": "2 : 응 맞아",
            "norm_text": "응 맞아",
            "speaker": {
              "id": "2번",
              "sex": "남성",
              "age": "20대"
            },
            "speechAct": "(단언) 주장하기",
            "morpheme": "응/IC+맞/VV+아/EC"
          },
          {
            "id": 6,
            "text": "2 : 다들 남자 어르신들 뿐이지 키키",
            "norm_text": "다들 남자 어르신들 뿐이지 키키",
            "speaker": {
              "id": "2번",
              "sex": "남성",
              "age": "20대"
            },
            "speechAct": "(단언) 주장하기",
            "morpheme": "다/MAG+들/XSN+남자/NNG+어르신/NNG+들/XSN+뿐/JX+이/VCP+지/EC+키/NNG+키/XSV+ETN"
          },
          {
            "id": 7,
            "text": "1 : 키키 그러면 진짜 편하긴 하겠다!",
            "norm_text": "키키 그러면 진짜 편하긴 하겠다!",
            "speaker": {
              "id": "1번",
              "sex": "여성",
              "age": "20대"
            },
            "speechAct": "(단언) 주장하기",
            "morpheme": "키/NNG+키/XSV+ETN+그러면/MAJ+진짜/MAG+편하/VA+긴/ETN+JX+하/VX+겠/EP+다/EF"
          },
          {
            "id": 8,
            "text": "2 : 근데 또 꼰대 같은 분들도 가끔 계셔 키키",
            "norm_text": "근데 또 꼰대 같은 분들도 가끔 계셔 키키",
            "speaker": {
              "id": "2번",
              "sex": "남성",
              "age": "20대"
            },
            "speechAct": "(단언) 주장하기",
            "morpheme": "근데/MAJ+또/MAG+꼰대/NNG+같/VA+은/ETM+분/NNB+들/XSN+도/JX+가끔/MAG+계셔/VV+EC+키/NNG+키/XSV+ETN"
          },
          {
            "id": 9,
            "text": "1 : 아앗 키키 꼰대라니,",
            "norm_text": "아앗 키키 꼰대라니,",
            "speaker": {
              "id": "1번",
              "sex": "여성",
              "age": "20대"
            },
            "speechAct": "(단언) 주장하기",
            "morpheme": "아앗/IC+키/NNG+키/NNG+꼰대/NNG+라니/VCP+EC+,/SC"
          },
          {
            "id": 10,
            "text": "1 : 꼰대는 좀 힘들지,",
            "norm_text": "꼰대는 좀 힘들지,",
            "speaker": {
              "id": "1번",
              "sex": "여성",
              "age": "20대"
            },
            "speechAct": "(단언) 주장하기",
            "morpheme": "꼰대/NNG+는/JX+좀/MAG+힘들/VA+지/EF+,/SC"
          },
          {
            "id": 11,
            "text": "2 : 응 근데 아버지뻘이니까 그냥 저냥 넘어가는 거지 ㅠㅠ",
            "norm_text": "응 근데 아버지뻘이니까 그냥 저냥 넘어가는 거지 ㅠㅠ",
            "speaker": {
              "id": "2번",
              "sex": "남성",
              "age": "20대"
            },
            "speechAct": "(단언) 주장하기",
            "morpheme": "응/IC+근데/MAJ+아버지/NNG+뻘/XSN+이/VCP+니까/EC+그냥저냥/MAG+넘어가/VV+는/ETM+거/NNB+지/VCP+EF+ㅠㅠ/UNKNOWN"
          },
          {
            "id": 12,
            "text": "1 : 키키 그렇지",
            "norm_text": "키키 그렇지",
            "speaker": {
              "id": "1번",
              "sex": "여성",
              "age": "20대"
            },
            "speechAct": "(단언) 주장하기",
            "morpheme": "키/NNG+키/XSV+ETN+그렇/VA+지/EC"
          },
          {
            "id": 13,
            "text": "1 : 밥은 다 같이 먹어?",
            "norm_text": "밥은 다 같이 먹어?",
            "speaker": {
              "id": "1번",
              "sex": "여성",
              "age": "20대"
            },
            "speechAct": "(지시) 질문하기",
            "morpheme": "밥/NNG+은/JX+다/MAG+같이/MAG+먹/VV+어/EF"
          },
          {
            "id": 14,
            "text": "2 : 거기 현장에 같이 간 사람들이랑은 같이 먹지 키키",
            "norm_text": "거기 현장에 같이 간 사람들이랑은 같이 먹지 키키",
            "speaker": {
              "id": "2번",
              "sex": "남성",
              "age": "20대"
            },
            "speechAct": "(단언) 진술하기",
            "morpheme": "거기/NP+현장/NNG+에/JKB+같이/MAG+간/VV+ETM+사람/NNG+들/XSN+이랑/JKB+은/JX+같이/MAG+먹/VV+지/EC+키/NNG+키/XSV+ETN"
          },
          {
            "id": 15,
            "text": "1 : 그렇구나",
            "norm_text": "그렇구나",
            "speaker": {
              "id": "1번",
              "sex": "여성",
              "age": "20대"
            },
            "speechAct": "턴토크 사인(관습적 반응)",
            "morpheme": "그렇/VA+구나/EC"
          },
          {
            "id": 16,
            "text": "1 : 오빠 퇴근 시간은 안 정해졌다고 그랬지?",
            "norm_text": "오빠 퇴근 시간은 안 정해졌다고 그랬지?",
            "speaker": {
              "id": "1번",
              "sex": "여성",
              "age": "20대"
            },
            "speechAct": "(지시) 질문하기",
            "morpheme": "오빠/NNG+퇴근/NNG+시간/NNG+은/JX+안/MAG+정해졌/VV+EC+VX+EP+다고/EC+그랬/VV+EP+지/EF"
          },
          {
            "id": 17,
            "text": "2 : 응 일이 끝나면 그때 퇴근하는 거야 키키",
            "norm_text": "응 일이 끝나면 그때 퇴근하는 거야 키키",
            "speaker": {
              "id": "2번",
              "sex": "남성",
              "age": "20대"
            },
            "speechAct": "(단언) 진술하기",
            "morpheme": "응/IC+일/NNG+이/JKS+끝나/VV+면/EC+그때/NNG+퇴근/NNG+하/XSV+는/ETM+거/NNB+야/VCP+EF+키/NNG+키/XSV+ETN"
          },
          {
            "id": 18,
            "text": "1 : 진짜 오빠는 노후 생활 편하게 살겠다",
            "norm_text": "진짜 오빠는 노후 생활 편하게 살겠다",
            "speaker": {
              "id": "1번",
              "sex": "여성",
              "age": "20대"
            },
            "speechAct": "(단언) 주장하기",
            "morpheme": "진짜/MAG+오빠/NNG+는/JX+노후/NNG+생활/NNG+편하/VA+게/EC+살/VV+겠/EP+다/EC"
          },
          {
            "id": 19,
            "text": "1 : 지금 열심히 사니까~!",
            "norm_text": "지금 열심히 사니까~!",
            "speaker": {
              "id": "1번",
              "sex": "여성",
              "age": "20대"
            },
            "speechAct": "(단언) 주장하기",
            "morpheme": "지금/MAG+열심히/MAG+사/VV+니까/EC+~/SY"
          },
          {
            "id": 20,
            "text": "2 : 그대신 젊을 때 나의 시간이 없는 게 좀 아쉬워 키키",
            "norm_text": "그대신 젊을 때 나의 시간이 없는 게 좀 아쉬워 키키",
            "speaker": {
              "id": "2번",
              "sex": "남성",
              "age": "20대"
            },
            "speechAct": "(단언) 주장하기",
            "morpheme": "그/MM+대신/NNG+젊/VA+을/ETM+때/NNG+나/NP+의/JKG+시간/NNG+이/JKS+없/VA+는/ETM+게/NNB+JKS+좀/MAG+아쉬워/VA+EC+키/NNG+키/XSV+ETN"
          },
          {
            "id": 21,
            "text": "1 : 뭐든 하나를 얻으면 하나를 잃는 거 같어,",
            "norm_text": "뭐든 하나를 얻으면 하나를 잃는 거 같어,",
            "speaker": {
              "id": "1번",
              "sex": "여성",
              "age": "20대"
            },
            "speechAct": "(단언) 주장하기",
            "morpheme": "뭐/NP+든/VCP+EC+하나/NR+를/JKO+얻/VV+으면/EC+하나/NR+를/JKO+잃/VV+는/ETM+거/NNB+같/VA+어/EF+,/SC"
          },
          {
            "id": 22,
            "text": "2 : 그래서 만약 이직 하게 되면 좀 몇 달은 쉬어보려고 키키",
            "norm_text": "그래서 만약 이직 하게 되면 좀 몇 달은 쉬어보려고 키키",
            "speaker": {
              "id": "2번",
              "sex": "남성",
              "age": "20대"
            },
            "speechAct": "(언약) 약속하기(제3자와)/(개인적 수준)",
            "morpheme": "그래서/MAJ+만약/NNG+이/JKS+직하/VV+게/EC+되/VV+면/EC+좀/MAG+몇/MM+달/NNG+은/JX+쉬/VV+어/EC+보/VX+려고/EC+키/NNG+키/XSV+ETN"
          }
        ]
      }
    }
  ]
}