{
  "dataset": {
    "identifier": 117052,
    "name": "FACEBOOK_105_02_set",
    "src_path": "/data/file/cubeManager/PROJECT001/77/txt20211028144832021096/FACEBOOK_105_02_set/",
    "label_path": "/data/file/cubeManager/PROJECT001/77/txt20211028144832021096/FACEBOOK_105_02_set/",
    "category": 2,
    "type": 0
  },
  "licenses": {
    "name": "Apache License 1.0",
    "url": "http://www.apache.org/licenses/LICENSE-1.0"
  },
  "info": [
    {
      "id": 100327,
      "filename": "FACEBOOK_105_02.txt",
      "title": "FACEBOOK_105_02",
      "mediatype": "SNS",
      "medianame": "페이스북",
      "category": "일상대화",
      "date": "2021-10-28",
      "size": 450,
      "annotations": {
        "subject": "주거와 생활",
        "speaker_type": "1:1",
        "size": 450,
        "word_size": 154,
        "text": "1 : 오빠는 거기서 이사 갈 생각 없어?\n2 : 응 아직은 회사랑 멀지가 않아서 여기가 좋아\n1 : 그렇구나\n1 : 거기 전세라고 했나?\n2 : 응 맞아\n2 : 나는 전세 키키\n2 : 그래서 걍 살라고\n1 : 전세 지금 얼마에 들어가 있는데?\n2 : 나는 지금 여기 8000이야 키키\n1 : 오빠 중소기업 대출 받아서 들어간 거야?\n2 : 아니\n2 : 나는 내 돈이랑 부모님 돈 해서 들어갔어 키키\n1 : 차라리 중소기업 대출 받아서 들어가는 게 낫지 않아?\n2 : 그럼 이자 나가잖아\n2 : 그냥 방 뺄 때 부모님 드리면 되지\n1 : 근데 그 돈으로 투자하거나 이자 뿔리지 않음?\n2 : 그 돈으로 어디다가 투자해서 불리는데?\n1 : 주쉭 주쉭~\n1 : 오빠 주쉭 해야쥐~\n2 : 그러다가 날리면 집안 망가지는 거여 키키\n1 : 키키 오키\n1 : 거기 전세 재계약은 할 때 되지 않았어?\n2 : 응 계속 재계약 하면서 늘리고 사는 거지 키키",
        "lines": [
          {
            "id": 1,
            "text": "1 : 오빠는 거기서 이사 갈 생각 없어?",
            "norm_text": "오빠는 거기서 이사 갈 생각 없어?",
            "speaker": {
              "id": "1번",
              "sex": "여성",
              "age": "20대"
            },
            "speechAct": "(지시) 질문하기",
            "morpheme": "오빠/NNG+는/JX+거기/NP+서/JKB+이/MM+사갈/NNG+생각/NNG+없/VA+어/EF"
          },
          {
            "id": 2,
            "text": "2 : 응 아직은 회사랑 멀지가 않아서 여기가 좋아",
            "norm_text": "응 아직은 회사랑 멀지가 않아서 여기가 좋아",
            "speaker": {
              "id": "2번",
              "sex": "남성",
              "age": "20대"
            },
            "speechAct": "(단언) 진술하기",
            "morpheme": "응/IC+아직/MAG+은/JX+회사/NNG+랑/JKB+멀/VA+지/EC+가/JX+않/VX+아서/EC+여기/NP+가/JKS+좋/VA+아/EC"
          },
          {
            "id": 3,
            "text": "1 : 그렇구나",
            "norm_text": "그렇구나",
            "speaker": {
              "id": "1번",
              "sex": "여성",
              "age": "20대"
            },
            "speechAct": "턴토크 사인(관습적 반응)",
            "morpheme": "그렇/VA+구나/EC"
          },
          {
            "id": 4,
            "text": "1 : 거기 전세라고 했나?",
            "norm_text": "거기 전세라고 했나?",
            "speaker": {
              "id": "1번",
              "sex": "여성",
              "age": "20대"
            },
            "speechAct": "(지시) 질문하기",
            "morpheme": "거기/NP+전세/NNG+라고/VCP+EC+했/VX+EP+나/EF"
          },
          {
            "id": 5,
            "text": "2 : 응 맞아",
            "norm_text": "응 맞아",
            "speaker": {
              "id": "2번",
              "sex": "남성",
              "age": "20대"
            },
            "speechAct": "턴토크 사인(관습적 반응)",
            "morpheme": "응/IC+맞/VV+아/EC"
          },
          {
            "id": 6,
            "text": "2 : 나는 전세 키키",
            "norm_text": "나는 전세 키키",
            "speaker": {
              "id": "2번",
              "sex": "남성",
              "age": "20대"
            },
            "speechAct": "(단언) 진술하기",
            "morpheme": "나/NP+는/JX+전세/NNG+키/NNG+키/XSV+ETN"
          },
          {
            "id": 7,
            "text": "2 : 그래서 걍 살라고",
            "norm_text": "그래서 걍 살라고",
            "speaker": {
              "id": "2번",
              "sex": "남성",
              "age": "20대"
            },
            "speechAct": "(단언) 진술하기",
            "morpheme": "그래서/MAJ+걍/UNKNOWN+살/VV+라고/EC"
          },
          {
            "id": 8,
            "text": "1 : 전세 지금 얼마에 들어가 있는데?",
            "norm_text": "전세 지금 얼마에 들어가 있는데?",
            "speaker": {
              "id": "1번",
              "sex": "여성",
              "age": "20대"
            },
            "speechAct": "(지시) 질문하기",
            "morpheme": "전세/NNG+지금/MAG+얼마/NNG+에/JKB+들어가/VV+EC+있/VX+는데/EC"
          },
          {
            "id": 9,
            "text": "2 : 나는 지금 여기 8000이야 키키",
            "norm_text": "나는 지금 여기 8000이야 키키",
            "speaker": {
              "id": "2번",
              "sex": "남성",
              "age": "20대"
            },
            "speechAct": "(단언) 진술하기",
            "morpheme": "나/NP+는/JX+지금/MAG+여기/NP+8000/SN+이/VCP+야/EC+키/NNG+키/XSV+ETN"
          },
          {
            "id": 10,
            "text": "1 : 오빠 중소기업 대출 받아서 들어간 거야?",
            "norm_text": "오빠 중소기업 대출 받아서 들어간 거야?",
            "speaker": {
              "id": "1번",
              "sex": "여성",
              "age": "20대"
            },
            "speechAct": "(지시) 질문하기",
            "morpheme": "오빠/NNG+중소기업/NNG+대출/NNG+받/VV+아서/EC+들어간/VV+ETM+거/NNB+야/VCP+EF"
          },
          {
            "id": 11,
            "text": "2 : 아니",
            "norm_text": "아니",
            "speaker": {
              "id": "2번",
              "sex": "남성",
              "age": "20대"
            },
            "speechAct": "턴토크 사인(관습적 반응)",
            "morpheme": "아니/IC"
          },
          {
            "id": 12,
            "text": "2 : 나는 내 돈이랑 부모님 돈 해서 들어갔어 키키",
            "norm_text": "나는 내 돈이랑 부모님 돈 해서 들어갔어 키키",
            "speaker": {
              "id": "2번",
              "sex": "남성",
              "age": "20대"
            },
            "speechAct": "(단언) 진술하기",
            "morpheme": "나/NP+는/JX+내/NP+JKG+돈/NNG+이랑/JKB+부모/NNG+님/XSN+돈/NNG+해서/XSV+EC+들어갔/VV+EP+어/EC+키/NNG+키/XSV+ETN"
          },
          {
            "id": 13,
            "text": "1 : 차라리 중소기업 대출 받아서 들어가는 게 낫지 않아?",
            "norm_text": "차라리 중소기업 대출 받아서 들어가는 게 낫지 않아?",
            "speaker": {
              "id": "1번",
              "sex": "여성",
              "age": "20대"
            },
            "speechAct": "(지시) 질문하기",
            "morpheme": "차라리/MAG+중소기업/NNG+대출/NNG+받/VV+아서/EC+들어가/VV+는/ETM+게/NNB+JKS+낫/VA+지/EC+않/VX+아/EF"
          },
          {
            "id": 14,
            "text": "2 : 그럼 이자 나가잖아",
            "norm_text": "그럼 이자 나가잖아",
            "speaker": {
              "id": "2번",
              "sex": "남성",
              "age": "20대"
            },
            "speechAct": "(단언) 주장하기",
            "morpheme": "그럼/MAJ+이자/NNG+나가/VV+잖아/EC"
          },
          {
            "id": 15,
            "text": "2 : 그냥 방 뺄 때 부모님 드리면 되지",
            "norm_text": "그냥 방 뺄 때 부모님 드리면 되지",
            "speaker": {
              "id": "2번",
              "sex": "남성",
              "age": "20대"
            },
            "speechAct": "(단언) 주장하기",
            "morpheme": "그냥/MAG+방/NNG+뺄/VV+ETM+때/NNG+부모/NNG+님/XSN+드리/VV+면/EC+되/VV+지/EC"
          },
          {
            "id": 16,
            "text": "1 : 근데 그 돈으로 투자하거나 이자 뿔리지 않음?",
            "norm_text": "근데 그 돈으로 투자하거나 이자 뿔리지 않음?",
            "speaker": {
              "id": "1번",
              "sex": "여성",
              "age": "20대"
            },
            "speechAct": "(지시) 질문하기",
            "morpheme": "근데/MAJ+그/MM+돈/NNG+으로/JKB+투자/NNG+하/XSV+거나/EC+이자/NNG+뿔리/NNG+지/VCP+EC+않/VX+음/ETN"
          },
          {
            "id": 17,
            "text": "2 : 그 돈으로 어디다가 투자해서 불리는데?",
            "norm_text": "그 돈으로 어디다가 투자해서 불리는데?",
            "speaker": {
              "id": "2번",
              "sex": "남성",
              "age": "20대"
            },
            "speechAct": "(지시) 질문하기",
            "morpheme": "그/MM+돈/NNG+으로/JKB+어디/NP+다가/JX+투자/NNG+해서/XSV+EC+불리/VV+는데/EC"
          },
          {
            "id": 18,
            "text": "1 : 주쉭 주쉭~",
            "norm_text": "주쉭 주쉭~",
            "speaker": {
              "id": "1번",
              "sex": "여성",
              "age": "20대"
            },
            "speechAct": "(단언) 주장하기",
            "morpheme": "주쉭주쉭/UNKNOWN+~/SY"
          },
          {
            "id": 19,
            "text": "1 : 오빠 주쉭 해야쥐~",
            "norm_text": "오빠 주쉭 해야쥐~",
            "speaker": {
              "id": "1번",
              "sex": "여성",
              "age": "20대"
            },
            "speechAct": "(단언) 주장하기",
            "morpheme": "오빠주쉭해야쥐/UNKNOWN+~/SY"
          },
          {
            "id": 20,
            "text": "2 : 그러다가 날리면 집안 망가지는 거여 키키",
            "norm_text": "그러다가 날리면 집안 망가지는 거여 키키",
            "speaker": {
              "id": "2번",
              "sex": "남성",
              "age": "20대"
            },
            "speechAct": "(단언) 주장하기",
            "morpheme": "그러/VV+다가/EC+날리/VV+면/EC+집/NNG+안/MAG+망가지/VV+는/ETM+거/NNB+여/VCP+EC+키/NNG+키/XSV+ETN"
          },
          {
            "id": 21,
            "text": "1 : 키키 오키",
            "norm_text": "키키 오키",
            "speaker": {
              "id": "1번",
              "sex": "여성",
              "age": "20대"
            },
            "speechAct": "턴토크 사인(관습적 반응)",
            "morpheme": "키키/NNP+오키/NNP"
          },
          {
            "id": 22,
            "text": "1 : 거기 전세 재계약은 할 때 되지 않았어?",
            "norm_text": "거기 전세 재계약은 할 때 되지 않았어?",
            "speaker": {
              "id": "1번",
              "sex": "여성",
              "age": "20대"
            },
            "speechAct": "(지시) 질문하기",
            "morpheme": "거기/NP+전세/NNG+재계약/NNG+은/JX+할/VV+ETM+때/NNG+되/XSV+지/EC+않/VX+았/EP+어/EF"
          },
          {
            "id": 23,
            "text": "2 : 응 계속 재계약 하면서 늘리고 사는 거지 키키",
            "norm_text": "응 계속 재계약 하면서 늘리고 사는 거지 키키",
            "speaker": {
              "id": "2번",
              "sex": "남성",
              "age": "20대"
            },
            "speechAct": "(단언) 주장하기",
            "morpheme": "응/IC+계속/MAG+재계약/NNG+하/XSV+면서/EC+늘리/VV+고/EC+사/VV+는/ETM+거/NNB+지/VCP+EC+키/NNG+키/XSV+ETN"
          }
        ]
      }
    }
  ]
}