{
  "dataset": {
    "identifier": 125291,
    "name": "FACEBOOK_125_09_set",
    "src_path": "/data/file/cubeManager/PROJECT001/84/txt20211105160907003693/FACEBOOK_125_09_set/",
    "label_path": "/data/file/cubeManager/PROJECT001/84/txt20211105160907003693/FACEBOOK_125_09_set/",
    "category": 2,
    "type": 0
  },
  "licenses": {
    "name": "Apache License 1.0",
    "url": "http://www.apache.org/licenses/LICENSE-1.0"
  },
  "info": [
    {
      "id": 140166,
      "filename": "FACEBOOK_125_09.txt",
      "title": "FACEBOOK_125_09",
      "mediatype": "SNS",
      "medianame": "페이스북",
      "category": "일상대화",
      "date": "2021-11-05",
      "size": 458,
      "annotations": {
        "subject": "반려동물",
        "speaker_type": "1:1",
        "size": 458,
        "word_size": 147,
        "text": "1 : 요즘 sns에 고양이 보이는데 너무 귀여워\n2 : 아 진짜 고양이 키우고 있지 않아? 키키\n1 : 맞아 우리 집 고양이 너무 개냥이야...\n2 : 고양이 나도 키우고 싶은데... 털 많이 빠진다고 하더라\n1 : 지금 청소기 돌렸는데 털이 한 뭉탱이는 빠지더라\n2 : 개냥이 귀엽겠다 진짜 하루만 나한테 줘봐\n1 : 에이 개냥이 감당 못 할 텐데?!\n2 : 내가 돌봐줄게 냥이 하하 귀엽게 사랑스럽게\n1 : 밥 잘 주고 똥 치워주는 게 얼마나 어려운데 키키\n2 : 진짜 고양이 키워볼까 진지하게 고민 중\n1 : 고양이 입양 하려고 생각 중이야?\n2 : 고양이 똥 치우는 게 힘든 일이야?\n2 : 그게 왜 힘들어!\n1 : 냄새가 완전 지독해서 기절할 거 같거든 하하\n2 : 입양할라고 진짜 진지하게 생각하고 있어\n2 : 어때 반대해? 찬성해\n1 : 나는 찬성! 왜냐면 난 이미 키우고 있잖아\n2 : 근데 내가 일이 바쁘니까 ㅠㅠ 애기 외로울까 봐",
        "lines": [
          {
            "id": 1,
            "text": "1 : 요즘 sns에 고양이 보이는데 너무 귀여워",
            "norm_text": "요즘 sns에 고양이 보이는데 너무 귀여워",
            "speaker": {
              "id": "1번",
              "sex": "여성",
              "age": "20대"
            },
            "speechAct": "(단언) 주장하기",
            "morpheme": "요즘/NNG+sns/SL+에/JKB+고양이/NNG+보이/VV+는데/EC+너무/MAG+귀여워/VA+EC"
          },
          {
            "id": 2,
            "text": "2 : 아 진짜 고양이 키우고 있지 않아? 키키",
            "norm_text": "아 진짜 고양이 키우고 있지 않아? 키키",
            "speaker": {
              "id": "2번",
              "sex": "남성",
              "age": "20대"
            },
            "speechAct": "(지시) 질문하기",
            "morpheme": "아/IC+진짜/MAG+고양이/NNG+키우/VV+고/EC+있/VX+지/EC+않/VX+아/EF+키/NNG+키/XSV+ETN"
          },
          {
            "id": 3,
            "text": "1 : 맞아 우리 집 고양이 너무 개냥이야...",
            "norm_text": "맞아 우리 집 고양이 너무 개냥이야...",
            "speaker": {
              "id": "1번",
              "sex": "여성",
              "age": "20대"
            },
            "speechAct": "(단언) 주장하기",
            "morpheme": "맞아우리집고양이너무개냥이야/UNKNOWN+./SY"
          },
          {
            "id": 4,
            "text": "2 : 고양이 나도 키우고 싶은데... 털 많이 빠진다고 하더라",
            "norm_text": "고양이 나도 키우고 싶은데... 털 많이 빠진다고 하더라",
            "speaker": {
              "id": "2번",
              "sex": "남성",
              "age": "20대"
            },
            "speechAct": "(단언) 주장하기",
            "morpheme": "고양이/NNG+나/NP+도/JX+키우/VV+고/EC+싶/VX+은데/EF+./SY+털/NNG+많이/MAG+빠진다고/VV+EC+하/VV+더라/EC"
          },
          {
            "id": 5,
            "text": "1 : 지금 청소기 돌렸는데 털이 한 뭉탱이는 빠지더라",
            "norm_text": "지금 청소기 돌렸는데 털이 한 뭉탱이는 빠지더라",
            "speaker": {
              "id": "1번",
              "sex": "여성",
              "age": "20대"
            },
            "speechAct": "(단언) 주장하기",
            "morpheme": "지금/MAG+청소기/NNG+돌렸/VV+EP+는데/EC+털/NNG+이/JKS+한뭉/UNKNOWN+탱이/NNG+는/JX+빠지/VV+더라/EC"
          },
          {
            "id": 6,
            "text": "2 : 개냥이 귀엽겠다 진짜 하루만 나한테 줘봐",
            "norm_text": "개냥이 귀엽겠다 진짜 하루만 나한테 줘봐",
            "speaker": {
              "id": "2번",
              "sex": "남성",
              "age": "20대"
            },
            "speechAct": "(단언) 주장하기",
            "morpheme": "개/NNG+냥/NNBC+이/JKS+귀엽/VA+겠/EP+다/EF+진짜/MAG+하루/NNG+만/JX+나/NP+한테/JKB+줘/VV+EC+봐/VX+EC"
          },
          {
            "id": 7,
            "text": "1 : 에이 개냥이 감당 못 할 텐데?!",
            "norm_text": "에이 개냥이 감당 못 할 텐데?!",
            "speaker": {
              "id": "1번",
              "sex": "여성",
              "age": "20대"
            },
            "speechAct": "(단언) 주장하기",
            "morpheme": "에/IC+이/NR+개/NNBC+냥/NNBC+이/JKS+감당/NNG+못/MAG+할/VV+ETM+텐데/NNB+VCP+EC+?/SY"
          },
          {
            "id": 8,
            "text": "2 : 내가 돌봐줄게 냥이 하하 귀엽게 사랑스럽게",
            "norm_text": "내가 돌봐줄게 냥이 하하 귀엽게 사랑스럽게",
            "speaker": {
              "id": "2번",
              "sex": "남성",
              "age": "20대"
            },
            "speechAct": "(단언) 주장하기",
            "morpheme": "내/NP+가/JKS+돌봐/VV+EC+줄/VX+ETM+게냥/NNG+이/JKS+하하/MAG+귀엽/VA+게/EC+사랑/NNG+스럽/XSA+게/EC"
          },
          {
            "id": 9,
            "text": "1 : 밥 잘 주고 똥 치워주는 게 얼마나 어려운데 키키",
            "norm_text": "밥 잘 주고 똥 치워주는 게 얼마나 어려운데 키키",
            "speaker": {
              "id": "1번",
              "sex": "여성",
              "age": "20대"
            },
            "speechAct": "(단언) 주장하기",
            "morpheme": "밥/NNG+잘/MAG+주/VV+고/EC+똥/NNG+치워/VV+EC+주/VX+는/ETM+게/NNB+JKS+얼마나/MAG+어려운데/VA+EC+키/NNG+키/XSV+ETN"
          },
          {
            "id": 10,
            "text": "2 : 진짜 고양이 키워볼까 진지하게 고민 중",
            "norm_text": "진짜 고양이 키워볼까 진지하게 고민 중",
            "speaker": {
              "id": "2번",
              "sex": "남성",
              "age": "20대"
            },
            "speechAct": "(단언) 주장하기",
            "morpheme": "진짜/MAG+고양이/NNG+키워/VV+EC+볼까/VX+EC+진지/XR+하/XSA+게/EC+고민/NNG+중/NNB"
          },
          {
            "id": 11,
            "text": "1 : 고양이 입양 하려고 생각 중이야?",
            "norm_text": "고양이 입양 하려고 생각 중이야?",
            "speaker": {
              "id": "1번",
              "sex": "여성",
              "age": "20대"
            },
            "speechAct": "(지시) 질문하기",
            "morpheme": "고양이/NNG+입양/NNG+하/XSV+려고/EC+생각/NNG+중/NNB+이/VCP+야/EF"
          },
          {
            "id": 12,
            "text": "2 : 고양이 똥 치우는 게 힘든 일이야?",
            "norm_text": "고양이 똥 치우는 게 힘든 일이야?",
            "speaker": {
              "id": "2번",
              "sex": "남성",
              "age": "20대"
            },
            "speechAct": "(지시) 질문하기",
            "morpheme": "고양이/NNG+똥/NNG+치우/VV+는/ETM+게/NNB+JKS+힘든/VA+ETM+일/NNG+이/VCP+야/EF"
          },
          {
            "id": 13,
            "text": "2 : 그게 왜 힘들어!",
            "norm_text": "그게 왜 힘들어!",
            "speaker": {
              "id": "2번",
              "sex": "남성",
              "age": "20대"
            },
            "speechAct": "(단언) 주장하기",
            "morpheme": "그게/NP+JKS+왜/MAG+힘들/VA+어/EF"
          },
          {
            "id": 14,
            "text": "1 : 냄새가 완전 지독해서 기절할 거 같거든 하하",
            "norm_text": "냄새가 완전 지독해서 기절할 거 같거든 하하",
            "speaker": {
              "id": "1번",
              "sex": "여성",
              "age": "20대"
            },
            "speechAct": "(단언) 주장하기",
            "morpheme": "냄새/NNG+가/JKS+완전/MAG+지독/NNG+해서/XSV+EC+기절/NNG+할/XSV+ETM+거/NNB+같/VA+거든/EF+하하/MAG"
          },
          {
            "id": 15,
            "text": "2 : 입양할라고 진짜 진지하게 생각하고 있어",
            "norm_text": "입양할라고 진짜 진지하게 생각하고 있어",
            "speaker": {
              "id": "2번",
              "sex": "남성",
              "age": "20대"
            },
            "speechAct": "(단언) 주장하기",
            "morpheme": "입양/NNG+할라고/XSV+EC+진짜/MAG+진지/XR+하/XSA+게/EC+생각/NNG+하/XSV+고/EC+있/VX+어/EC"
          },
          {
            "id": 16,
            "text": "2 : 어때 반대해? 찬성해",
            "norm_text": "어때 반대해? 찬성해",
            "speaker": {
              "id": "2번",
              "sex": "남성",
              "age": "20대"
            },
            "speechAct": "(지시) 질문하기",
            "morpheme": "어때/VA+EC+반대/NNG+해/XSV+EF+찬성/NNG+해/XSV+EC"
          },
          {
            "id": 17,
            "text": "1 : 나는 찬성! 왜냐면 난 이미 키우고 있잖아",
            "norm_text": "나는 찬성! 왜냐면 난 이미 키우고 있잖아",
            "speaker": {
              "id": "1번",
              "sex": "여성",
              "age": "20대"
            },
            "speechAct": "(단언) 주장하기",
            "morpheme": "나/NP+는/JX+찬성/NNG+왜냐면/MAJ+난/NP+JX+이미/MAG+키우/VV+고/EC+있/VX+잖아/EC"
          },
          {
            "id": 18,
            "text": "2 : 근데 내가 일이 바쁘니까 ㅠㅠ 애기 외로울까 봐",
            "norm_text": "근데 내가 일이 바쁘니까 ㅠㅠ 애기 외로울까 봐",
            "speaker": {
              "id": "2번",
              "sex": "남성",
              "age": "20대"
            },
            "speechAct": "(단언) 주장하기",
            "morpheme": "근데/MAJ+내/NP+가/JKS+일/NNG+이/JKS+바쁘/VA+니까/EC+ㅠㅠ/UNKNOWN+애기/NNG+외로울까/VA+EC+봐/VX+EC"
          }
        ]
      }
    }
  ]
}