{
  "dataset": {
    "identifier": 102357,
    "name": "FACEBOOK_106_01_set",
    "src_path": "/data/file/cubeManager/PROJECT001/77/txt20211028145511026371/FACEBOOK_106_01_set/",
    "label_path": "/data/file/cubeManager/PROJECT001/77/txt20211028145511026371/FACEBOOK_106_01_set/",
    "category": 2,
    "type": 0
  },
  "licenses": {
    "name": "Apache License 1.0",
    "url": "http://www.apache.org/licenses/LICENSE-1.0"
  },
  "info": [
    {
      "id": 100506,
      "filename": "FACEBOOK_106_01.txt",
      "title": "FACEBOOK_106_01",
      "mediatype": "SNS",
      "medianame": "페이스북",
      "category": "일상대화",
      "date": "2021-10-28",
      "size": 380,
      "annotations": {
        "subject": "식음료",
        "speaker_type": "1:1",
        "size": 380,
        "word_size": 130,
        "text": "1 : 언니는 배달 음식 좋아해?\n1 : 뭐 좋아해?\n2 : 나 배달 음식 좋아하지 피자 먹고 싶다\n1 : 아, 언니는 피자 브랜드 어디 좋아해?\n2 : 난 싸구려 피자도 좋아\n1 : 싸구려라면 피자스쿨?\n1 :거기 까르보 피자 먹어봤어?\n2 : 피자스쿨 대박이지 나 그거 먹고 싶었는데\n1 : 키키 와 진짜 그거 존맛탱!\n2 : 와 진짜?\n2 : 먹고 싶다 나 다이어트 중이잔하\n1 : 탄수화물과 탄수화물의 조화가 장난이 아니야!\n2 : 와 진짜 스트레스 받는 날 먹을 거야\n1 : 키키 진짜 그런 날 꼭 먹어야 해!\n2 : 넌 뭐 시켜 먹어?\n1 : 나는 그거랑 이제 매운 핫치킨 피자 같이 먹어!\n2 : 와 진짜 맛있겠다 배고파\n1 : 헐 ㅜㅜ 언니 오늘 저녁 안 먹었어?\n2 : 저녁 먹으려다가 그냥 포기",
        "lines": [
          {
            "id": 1,
            "text": "1 : 언니는 배달 음식 좋아해?",
            "norm_text": "언니는 배달 음식 좋아해?",
            "speaker": {
              "id": "1번",
              "sex": "여성",
              "age": "20대"
            },
            "speechAct": "(지시) 질문하기",
            "morpheme": "언니/NNG+는/JX+배달/NNG+음식/NNG+좋/VA+아/EC+해/VX+EF"
          },
          {
            "id": 2,
            "text": "1 : 뭐 좋아해?",
            "norm_text": "뭐 좋아해?",
            "speaker": {
              "id": "1번",
              "sex": "여성",
              "age": "20대"
            },
            "speechAct": "(지시) 질문하기",
            "morpheme": "뭐/IC+좋/VA+아/EC+해/VX+EF"
          },
          {
            "id": 3,
            "text": "2 : 나 배달 음식 좋아하지 피자 먹고 싶다",
            "norm_text": "나 배달 음식 좋아하지 피자 먹고 싶다",
            "speaker": {
              "id": "2번",
              "sex": "여성",
              "age": "20대"
            },
            "speechAct": "(단언) 주장하기",
            "morpheme": "나/NP+배달/NNG+음식/NNG+좋/VA+아하/EC+지피/VV+자/EC+먹/VV+고/EC+싶/VX+다/EC"
          },
          {
            "id": 4,
            "text": "1 : 아, 언니는 피자 브랜드 어디 좋아해?",
            "norm_text": "아, 언니는 피자 브랜드 어디 좋아해?",
            "speaker": {
              "id": "1번",
              "sex": "여성",
              "age": "20대"
            },
            "speechAct": "(지시) 질문하기",
            "morpheme": "아/IC+,/SC+언니/NNG+는/JX+피자/NNG+브랜드/NNG+어디/NP+좋/VA+아/EC+해/VX+EF"
          },
          {
            "id": 5,
            "text": "2 : 난 싸구려 피자도 좋아",
            "norm_text": "난 싸구려 피자도 좋아",
            "speaker": {
              "id": "2번",
              "sex": "여성",
              "age": "20대"
            },
            "speechAct": "(단언) 주장하기",
            "morpheme": "난/NP+JX+싸구려/NNG+피자/NNG+도/JX+좋/VA+아/EC"
          },
          {
            "id": 6,
            "text": "1 : 싸구려라면 피자스쿨?",
            "norm_text": "싸구려라면 피자스쿨?",
            "speaker": {
              "id": "1번",
              "sex": "여성",
              "age": "20대"
            },
            "speechAct": "(지시) 질문하기",
            "morpheme": "싸구려/NNG+라면/VCP+EC+피자스쿨/NNP"
          },
          {
            "id": 7,
            "text": "1 :거기 까르보 피자 먹어봤어?",
            "norm_text": "거기 까르보 피자 먹어봤어?",
            "speaker": {
              "id": "1번",
              "sex": "여성",
              "age": "20대"
            },
            "speechAct": "(지시) 질문하기",
            "morpheme": "거기/NP+까르보/NNP+피자/NNG+먹/VV+어/EC+봤/VX+EP+어/EF"
          },
          {
            "id": 8,
            "text": "2 : 피자스쿨 대박이지 나 그거 먹고 싶었는데",
            "norm_text": "피자스쿨 대박이지 나 그거 먹고 싶었는데",
            "speaker": {
              "id": "2번",
              "sex": "여성",
              "age": "20대"
            },
            "speechAct": "(단언) 주장하기",
            "morpheme": "피자스쿨/NNP+대박/NNG+이/JKS+지나/VV+EC+그거/NP+먹/VV+고/EC+싶/VX+었/EP+는데/EC"
          },
          {
            "id": 9,
            "text": "1 : 키키 와 진짜 그거 존맛탱!",
            "norm_text": "키키 와 진짜 그거 존맛탱!",
            "speaker": {
              "id": "1번",
              "sex": "여성",
              "age": "20대"
            },
            "speechAct": "(단언) 주장하기",
            "morpheme": "키/NNG+키/XSV+ETN+와/JKB+진짜/MAG+그거/NP+존/VA+ETM+맛/NNG+탱/NNG"
          },
          {
            "id": 10,
            "text": "2 : 와 진짜?",
            "norm_text": "와 진짜?",
            "speaker": {
              "id": "2번",
              "sex": "여성",
              "age": "20대"
            },
            "speechAct": "(지시) 질문하기",
            "morpheme": "와/IC+진짜/MAG"
          },
          {
            "id": 11,
            "text": "2 : 먹고 싶다 나 다이어트 중이잔하",
            "norm_text": "먹고 싶다 나 다이어트 중이잔하",
            "speaker": {
              "id": "2번",
              "sex": "여성",
              "age": "20대"
            },
            "speechAct": "(단언) 주장하기",
            "morpheme": "먹/VV+고/EC+싶/VX+다나/EC+다이어트/NNG+중/NNB+이/JKS+잔하/NNG"
          },
          {
            "id": 12,
            "text": "1 : 탄수화물과 탄수화물의 조화가 장난이 아니야!",
            "norm_text": "탄수화물과 탄수화물의 조화가 장난이 아니야!",
            "speaker": {
              "id": "1번",
              "sex": "여성",
              "age": "20대"
            },
            "speechAct": "(단언) 주장하기",
            "morpheme": "탄수화물/NNG+과/JC+탄수화물/NNG+의/JKG+조화/NNG+가/JKS+장난/NNG+이/JKC+아니/VCN+야/EF"
          },
          {
            "id": 13,
            "text": "2 : 와 진짜 스트레스 받는 날 먹을 거야",
            "norm_text": "와 진짜 스트레스 받는 날 먹을 거야",
            "speaker": {
              "id": "2번",
              "sex": "여성",
              "age": "20대"
            },
            "speechAct": "(단언) 주장하기",
            "morpheme": "와/IC+진짜/MAG+스트레스/NNG+받/VV+는/ETM+날/NNG+먹/VV+을/ETM+거/NNB+야/VCP+EF"
          },
          {
            "id": 14,
            "text": "1 : 키키 진짜 그런 날 꼭 먹어야 해!",
            "norm_text": "키키 진짜 그런 날 꼭 먹어야 해!",
            "speaker": {
              "id": "1번",
              "sex": "여성",
              "age": "20대"
            },
            "speechAct": "(단언) 주장하기",
            "morpheme": "키/NNG+키/XSV+ETN+진짜/MAG+그런/MM+날/NNG+꼭/MAG+먹/VV+어야/EC+해/VX+EF"
          },
          {
            "id": 15,
            "text": "2 : 넌 뭐 시켜 먹어?",
            "norm_text": "넌 뭐 시켜 먹어?",
            "speaker": {
              "id": "2번",
              "sex": "여성",
              "age": "20대"
            },
            "speechAct": "(지시) 질문하기",
            "morpheme": "넌/NP+JX+뭐/NP+시켜/VV+EC+먹/VV+어/EF"
          },
          {
            "id": 16,
            "text": "1 : 나는 그거랑 이제 매운 핫치킨 피자 같이 먹어!",
            "norm_text": "나는 그거랑 이제 매운 핫치킨 피자 같이 먹어!",
            "speaker": {
              "id": "1번",
              "sex": "여성",
              "age": "20대"
            },
            "speechAct": "(단언) 진술하기",
            "morpheme": "나/NP+는/JX+그거/NP+랑/JKB+이제/MAG+매운/VA+ETM+핫/NNG+치킨/NNG+피자/NNG+같이/JKB+먹/VV+어/EF"
          },
          {
            "id": 17,
            "text": "2 : 와 진짜 맛있겠다 배고파",
            "norm_text": "와 진짜 맛있겠다 배고파",
            "speaker": {
              "id": "2번",
              "sex": "여성",
              "age": "20대"
            },
            "speechAct": "(단언) 주장하기",
            "morpheme": "와/IC+진짜/MAG+맛있/VA+겠/EP+다/EF+배고파/VA+EC"
          },
          {
            "id": 18,
            "text": "1 : 헐 ㅜㅜ 언니 오늘 저녁 안 먹었어?",
            "norm_text": "헐 ㅜㅜ 언니 오늘 저녁 안 먹었어?",
            "speaker": {
              "id": "1번",
              "sex": "여성",
              "age": "20대"
            },
            "speechAct": "(지시) 질문하기",
            "morpheme": "헐/VV+JKO+ㅜㅜ/UNKNOWN+언니/NNG+오늘/NNG+저녁/NNG+안/MAG+먹/VV+었/EP+어/EF"
          },
          {
            "id": 19,
            "text": "2 : 저녁 먹으려다가 그냥 포기",
            "norm_text": "저녁 먹으려다가 그냥 포기",
            "speaker": {
              "id": "2번",
              "sex": "여성",
              "age": "20대"
            },
            "speechAct": "(단언) 진술하기",
            "morpheme": "저녁/NNG+먹/VV+으려다가/EC+그냥/MAG+포기/NNG"
          }
        ]
      }
    }
  ]
}