{
  "dataset": {
    "identifier": 98329,
    "name": "FACEBOOK_108_14_set",
    "src_path": "/data/file/cubeManager/PROJECT001/77/txt20211029160805048694/FACEBOOK_108_14_set/",
    "label_path": "/data/file/cubeManager/PROJECT001/77/txt20211029160805048694/FACEBOOK_108_14_set/",
    "category": 2,
    "type": 0
  },
  "licenses": {
    "name": "Apache License 1.0",
    "url": "http://www.apache.org/licenses/LICENSE-1.0"
  },
  "info": [
    {
      "id": 111302,
      "filename": "FACEBOOK_108_14.txt",
      "title": "FACEBOOK_108_14",
      "mediatype": "SNS",
      "medianame": "페이스북",
      "category": "일상대화",
      "date": "2021-10-29",
      "size": 542,
      "annotations": {
        "subject": "사회이슈",
        "speaker_type": "1:1",
        "size": 542,
        "word_size": 164,
        "text": "1 : 이번에 어떤 병원에서 60대 환자가 죽었대!\n2 : 헐 어쩌다가 그렇게 된 거야?\n1 : 완전 허무하게 돌아가셨어, 어떻게 돌아가셨는지 알려줄까?\n2 : 어어 나 너무 궁금해 어떻게 된 거야?\n1 : 엠알아이 촬영하는데 갑자기 산소통이 이 환자한테 돌진했대!\n2 : 헐 그게 뭐야?\n2 :  산소통은 왜 돌진했대?\n1 : 엠알아이가 자석 성질이 있는데 이 산소통이 어쩌다가 엠알아이실에 들어가게 됐나 봐\n1 : 그래서 엠알아이 돌리자마자 산소통이 엠알아이 쪽으로 돌진했대!\n2 : 아 그래서 촬영중이던 아주머니가 맞은거구나 ㅠㅠ\n1 : 맞아 ㅜㅜ\n1 : 김해에 있는 병원이래 ㅜ\n2 : 진짜 잘 확인해야겠다 ㅠ\n2 : 산소통은 누가 왜 가져다 놓은거람...\n1 : 그걸 아직도 잘 모르겠대\n1 : 이 산소통이 금속 산소통이었대!\n2 : 하필 금속이라니...ㅠㅠ 진짜 너무 허망하다...\n1 : 그러니까 ㅜㅜ 가슴에 팍 부딪쳤대!\n2 : 이건 정말 조사 제대로 해야 될 거 같아 ㅠ\n1 : 이 병원 내가 봤을 때 어디 병원인지 신상 금방 나오겠다!\n2 : 와 그거 인정!\n2 : 사람들 다 찾아내잖아!",
        "lines": [
          {
            "id": 1,
            "text": "1 : 이번에 어떤 병원에서 60대 환자가 죽었대!",
            "norm_text": "이번에 어떤 병원에서 60대 환자가 죽었대!",
            "speaker": {
              "id": "1번",
              "sex": "여성",
              "age": "20대"
            },
            "speechAct": "(단언) 진술하기",
            "morpheme": "이번/NNG+에/JKB+어떤/MM+병원/NNG+에서/JKB+60/SN+대/NNBC+환자/NNG+가/JKS+죽/VV+었/EP+대/EF"
          },
          {
            "id": 2,
            "text": "2 : 헐 어쩌다가 그렇게 된 거야?",
            "norm_text": "헐 어쩌다가 그렇게 된 거야?",
            "speaker": {
              "id": "2번",
              "sex": "여성",
              "age": "20대"
            },
            "speechAct": "(지시) 질문하기",
            "morpheme": "헐/IC+어쩌다가/MAG+그렇게/MAG+된/VV+ETM+거/NNB+야/VCP+EF"
          },
          {
            "id": 3,
            "text": "1 : 완전 허무하게 돌아가셨어, 어떻게 돌아가셨는지 알려줄까?",
            "norm_text": "완전 허무하게 돌아가셨어, 어떻게 돌아가셨는지 알려줄까?",
            "speaker": {
              "id": "1번",
              "sex": "여성",
              "age": "20대"
            },
            "speechAct": "(지시) 질문하기",
            "morpheme": "완전/NNG+허무/NNG+하/XSV+게/EC+돌아가/VV+셨/EP+EP+어/EF+,/SC+어떻게/MAG+돌아가/VV+셨/EP+EP+는지/EC+알려줄까/VV+EC+VX+EF"
          },
          {
            "id": 4,
            "text": "2 : 어어 나 너무 궁금해 어떻게 된 거야?",
            "norm_text": "어어 나 너무 궁금해 어떻게 된 거야?",
            "speaker": {
              "id": "2번",
              "sex": "여성",
              "age": "20대"
            },
            "speechAct": "(지시) 질문하기",
            "morpheme": "어/IC+어/IC+나/NP+너무/MAG+궁금/XR+해/XSA+EC+어떻게/MAG+된/VV+ETM+거/NNB+야/VCP+EF"
          },
          {
            "id": 5,
            "text": "1 : 엠알아이 촬영하는데 갑자기 산소통이 이 환자한테 돌진했대!",
            "norm_text": "엠알아이 촬영하는데 갑자기 산소통이 이 환자한테 돌진했대!",
            "speaker": {
              "id": "1번",
              "sex": "여성",
              "age": "20대"
            },
            "speechAct": "(단언) 진술하기",
            "morpheme": "엠알/NNP+아이/NNG+촬영/NNG+하/XSV+는데/EC+갑자기/MAG+산소통/NNG+이/JKS+이/MM+환자/NNG+한테/JKB+돌진/NNG+했/XSV+EP+대/EF"
          },
          {
            "id": 6,
            "text": "2 : 헐 그게 뭐야?",
            "norm_text": "헐 그게 뭐야?",
            "speaker": {
              "id": "2번",
              "sex": "여성",
              "age": "20대"
            },
            "speechAct": "(지시) 질문하기",
            "morpheme": "헐/IC+그게/NP+JKS+뭐/NP+야/VCP+EF"
          },
          {
            "id": 7,
            "text": "2 :  산소통은 왜 돌진했대?",
            "norm_text": "산소통은 왜 돌진했대?",
            "speaker": {
              "id": "2번",
              "sex": "여성",
              "age": "20대"
            },
            "speechAct": "(지시) 질문하기",
            "morpheme": "산소통/NNG+은/JX+왜/MAG+돌진/NNG+했/XSV+EP+대/EF"
          },
          {
            "id": 8,
            "text": "1 : 엠알아이가 자석 성질이 있는데 이 산소통이 어쩌다가 엠알아이실에 들어가게 됐나 봐",
            "norm_text": "엠알아이가 자석 성질이 있는데 이 산소통이 어쩌다가 엠알아이실에 들어가게 됐나 봐",
            "speaker": {
              "id": "1번",
              "sex": "여성",
              "age": "20대"
            },
            "speechAct": "(단언) 주장하기",
            "morpheme": "엠알/NNP+아이/NNG+가/JKS+자석/NNG+성질/NNG+이/JKS+있/VV+는데/EC+이/MM+산소통/NNG+이/JKS+어쩌다가/MAG+엠알/NNP+아이/NNG+실/NNG+에/JKB+들어가/VV+게/EC+됐/VV+EP+나/EC+봐/VX+EC"
          },
          {
            "id": 9,
            "text": "1 : 그래서 엠알아이 돌리자마자 산소통이 엠알아이 쪽으로 돌진했대!",
            "norm_text": "그래서 엠알아이 돌리자마자 산소통이 엠알아이 쪽으로 돌진했대!",
            "speaker": {
              "id": "1번",
              "sex": "여성",
              "age": "20대"
            },
            "speechAct": "(단언) 진술하기",
            "morpheme": "그래서/MAJ+엠알/NNP+아이/NNG+돌리/VV+자마자/EC+산소통/NNG+이/JKS+엠알/NNP+아/JKV+이쪽/NP+으로/JKB+돌진/NNG+했/XSV+EP+대/EF"
          },
          {
            "id": 10,
            "text": "2 : 아 그래서 촬영중이던 아주머니가 맞은거구나 ㅠㅠ",
            "norm_text": "아 그래서 촬영중이던 아주머니가 맞은거구나 ㅠㅠ",
            "speaker": {
              "id": "2번",
              "sex": "여성",
              "age": "20대"
            },
            "speechAct": "(단언) 주장하기",
            "morpheme": "아/IC+그래서/MAJ+촬영/NNG+중/NNB+이/VCP+던/ETM+아주머니/NNG+가/JKS+맞/VV+은/ETM+거/NNB+구나/VCP+EF+ㅠㅠ/UNKNOWN"
          },
          {
            "id": 11,
            "text": "1 : 맞아 ㅜㅜ",
            "norm_text": "맞아 ㅜㅜ",
            "speaker": {
              "id": "1번",
              "sex": "여성",
              "age": "20대"
            },
            "speechAct": "(단언) 주장하기",
            "morpheme": "맞아ㅜㅜ/UNKNOWN"
          },
          {
            "id": 12,
            "text": "1 : 김해에 있는 병원이래 ㅜ",
            "norm_text": "김해에 있는 병원이래 ㅜ",
            "speaker": {
              "id": "1번",
              "sex": "여성",
              "age": "20대"
            },
            "speechAct": "(단언) 진술하기",
            "morpheme": "김해/NNP+에/JKB+있/VV+는/ETM+병원/NNG+이/JKS+래ㅜ/UNKNOWN"
          },
          {
            "id": 13,
            "text": "2 : 진짜 잘 확인해야겠다 ㅠ",
            "norm_text": "진짜 잘 확인해야겠다 ㅠ",
            "speaker": {
              "id": "2번",
              "sex": "여성",
              "age": "20대"
            },
            "speechAct": "(단언) 주장하기",
            "morpheme": "진짜/MAG+잘/MAG+확인/NNG+해야/XSV+EC+VX+겠/EP+다ㅠ/UNKNOWN"
          },
          {
            "id": 14,
            "text": "2 : 산소통은 누가 왜 가져다 놓은거람...",
            "norm_text": "산소통은 누가 왜 가져다 놓은거람...",
            "speaker": {
              "id": "2번",
              "sex": "여성",
              "age": "20대"
            },
            "speechAct": "(지시) 질문하기",
            "morpheme": "산소통/NNG+은/JX+누가/NP+JKS+왜/MAG+가져다/VV+EC+놓/VX+은/ETM+거/NNB+람/VCP+EF+./SY"
          },
          {
            "id": 15,
            "text": "1 : 그걸 아직도 잘 모르겠대",
            "norm_text": "그걸 아직도 잘 모르겠대",
            "speaker": {
              "id": "1번",
              "sex": "여성",
              "age": "20대"
            },
            "speechAct": "(단언) 주장하기",
            "morpheme": "그걸/NP+JKO+아직/MAG+도/JX+잘/MAG+모르/VV+겠/EP+대/EC"
          },
          {
            "id": 16,
            "text": "1 : 이 산소통이 금속 산소통이었대!",
            "norm_text": "이 산소통이 금속 산소통이었대!",
            "speaker": {
              "id": "1번",
              "sex": "여성",
              "age": "20대"
            },
            "speechAct": "(단언) 진술하기",
            "morpheme": "이/MM+산소통/NNG+이/JKS+금속/NNG+산소통/NNG+이/VCP+었/EP+대/EF"
          },
          {
            "id": 17,
            "text": "2 : 하필 금속이라니...ㅠㅠ 진짜 너무 허망하다...",
            "norm_text": "하필 금속이라니...ㅠㅠ 진짜 너무 허망하다...",
            "speaker": {
              "id": "2번",
              "sex": "여성",
              "age": "20대"
            },
            "speechAct": "(단언) 주장하기",
            "morpheme": "하필/MAG+금속/NNG+이/VCP+라니/EF+./SY+ㅠㅠ/UNKNOWN+진짜/MAG+너무/MAG+허망/XR+하/XSA+다/EF+./SY"
          },
          {
            "id": 18,
            "text": "1 : 그러니까 ㅜㅜ 가슴에 팍 부딪쳤대!",
            "norm_text": "그러니까 ㅜㅜ 가슴에 팍 부딪쳤대!",
            "speaker": {
              "id": "1번",
              "sex": "여성",
              "age": "20대"
            },
            "speechAct": "(단언) 진술하기",
            "morpheme": "그러니까/MAJ+ㅜㅜ/UNKNOWN+가슴/NNG+에/JKB+팍/MAG+부딪쳤/VV+EP+대/EF"
          },
          {
            "id": 19,
            "text": "2 : 이건 정말 조사 제대로 해야 될 거 같아 ㅠ",
            "norm_text": "이건 정말 조사 제대로 해야 될 거 같아 ㅠ",
            "speaker": {
              "id": "2번",
              "sex": "여성",
              "age": "20대"
            },
            "speechAct": "(단언) 주장하기",
            "morpheme": "이건/NP+JX+정말/MAG+조사/NNG+제대로/MAG+해야/VV+EC+될/VV+ETM+거/NNB+같/VA+아/EC+ㅠ/UNKNOWN"
          },
          {
            "id": 20,
            "text": "1 : 이 병원 내가 봤을 때 어디 병원인지 신상 금방 나오겠다!",
            "norm_text": "이 병원 내가 봤을 때 어디 병원인지 신상 금방 나오겠다!",
            "speaker": {
              "id": "1번",
              "sex": "여성",
              "age": "20대"
            },
            "speechAct": "(단언) 주장하기",
            "morpheme": "이병원/NNP+내/NP+가/JKS+봤/VV+EP+을/ETM+때/NNG+어디/NP+병원/NNG+인지/VCP+EC+신상/NNG+금방/MAG+나오/VV+겠/EP+다/EF"
          },
          {
            "id": 21,
            "text": "2 : 와 그거 인정!",
            "norm_text": "와 그거 인정!",
            "speaker": {
              "id": "2번",
              "sex": "여성",
              "age": "20대"
            },
            "speechAct": "(단언) 주장하기",
            "morpheme": "와/IC+그거/NP+인정/NNG"
          },
          {
            "id": 22,
            "text": "2 : 사람들 다 찾아내잖아!",
            "norm_text": "사람들 다 찾아내잖아!",
            "speaker": {
              "id": "2번",
              "sex": "여성",
              "age": "20대"
            },
            "speechAct": "(단언) 주장하기",
            "morpheme": "사람/NNG+들/XSN+다/MAG+찾아내/VV+잖아/EF"
          }
        ]
      }
    }
  ]
}