{
  "dataset": {
    "identifier": 119597,
    "name": "FACEBOOK_114_14_set",
    "src_path": "/data/file/cubeManager/PROJECT001/80/txt202111031510140915110/FACEBOOK_114_14_set/",
    "label_path": "/data/file/cubeManager/PROJECT001/80/txt202111031510140915110/FACEBOOK_114_14_set/",
    "category": 2,
    "type": 0
  },
  "licenses": {
    "name": "Apache License 1.0",
    "url": "http://www.apache.org/licenses/LICENSE-1.0"
  },
  "info": [
    {
      "id": 134417,
      "filename": "FACEBOOK_114_14.txt",
      "title": "FACEBOOK_114_14",
      "mediatype": "SNS",
      "medianame": "페이스북",
      "category": "일상대화",
      "date": "2021-11-03",
      "size": 486,
      "annotations": {
        "subject": "사회이슈",
        "speaker_type": "1:1",
        "size": 486,
        "word_size": 153,
        "text": "1 : 이번에 배민에 글이 올라왔는데 이게 이슈래!\n2 : 배민에? 또 배달 기사 잘못이야?\n1 : 응 그게 아니고 회를 시키면 메운탕 거리 주는 곳 있잖아!\n2 : 응! 회 시키면 다 주시던데!\n1 : 근데 자기는 1인분을 시켰는데 메운탕 거리에 온갖 잡뼈가 왔다고!\n2 : 1인분에 매운탕까지 바라면 너무 많은데?\n1 : 맞아 그리고 매운탕은 잡뼈랑 대가리로 끓이는 게 맞잖아!\n2 : 맞아 키키 원래 매운탕에 살 별로 없는데\n1 : 그니까 ㅋ 근데 음식물 쓰레기 자기한테 넘긴 거 같다고 기분 나쁘대!\n2 : 그건 너무 과한 말 같은데?\n1 : 키키 오히려 우리가 봤을 때는 사장님이 베푼 거 아니야?\n2 : 맞아 키키 요즘 1인분에 누가 매운탕 줘 키키\n1 : 키키 그니까 키키\n1 : 심지어 그렇게 많이 챙겨줬으면 고마워해야지!\n2 : 그러니까 1인분에 회 몇 점 있다고\n1 : 키키 근데 이것도 어떤 사람이 받느냐에 따라 다른 거 같아!\n2 : 맞아 ㅠㅠ 호의가 계속되면 권리인 줄 알아",
        "lines": [
          {
            "id": 1,
            "text": "1 : 이번에 배민에 글이 올라왔는데 이게 이슈래!",
            "norm_text": "이번에 배민에 글이 올라왔는데 이게 이슈래!",
            "speaker": {
              "id": "1번",
              "sex": "여성",
              "age": "20대"
            },
            "speechAct": "(단언) 진술하기",
            "morpheme": "이번/NNG+에/JKB+배민/NNG+에/JKB+글/NNG+이/JKS+올라왔/VV+EP+는데/EC+이게/NP+JKS+이슈/NNG+래/VCP+EF"
          },
          {
            "id": 2,
            "text": "2 : 배민에? 또 배달 기사 잘못이야?",
            "norm_text": "배민에? 또 배달 기사 잘못이야?",
            "speaker": {
              "id": "2번",
              "sex": "여성",
              "age": "20대"
            },
            "speechAct": "(지시) 질문하기",
            "morpheme": "배민/NNG+에/JKB+또/MAG+배달/NNG+기사/NNG+잘못/NNG+이/VCP+야/EF"
          },
          {
            "id": 3,
            "text": "1 : 응 그게 아니고 회를 시키면 메운탕 거리 주는 곳 있잖아!",
            "norm_text": "응 그게 아니고 회를 시키면 메운탕 거리 주는 곳 있잖아!",
            "speaker": {
              "id": "1번",
              "sex": "여성",
              "age": "20대"
            },
            "speechAct": "(단언) 진술하기",
            "morpheme": "응/IC+그게/NP+JKC+아니/VCN+고/EC+회/NNG+를/JKO+시키/VV+면/EC+메운/VV+ETM+탕거리/NNG+주/VV+는/ETM+곳/NNB+있/VA+잖아/EF"
          },
          {
            "id": 4,
            "text": "2 : 응! 회 시키면 다 주시던데!",
            "norm_text": "응! 회 시키면 다 주시던데!",
            "speaker": {
              "id": "2번",
              "sex": "여성",
              "age": "20대"
            },
            "speechAct": "(단언) 진술하기",
            "morpheme": "응/IC+회/NNG+시키/XSV+면/EC+다/MAG+주/VV+시/EP+던데/EF"
          },
          {
            "id": 5,
            "text": "1 : 근데 자기는 1인분을 시켰는데 메운탕 거리에 온갖 잡뼈가 왔다고!",
            "norm_text": "근데 자기는 1인분을 시켰는데 메운탕 거리에 온갖 잡뼈가 왔다고!",
            "speaker": {
              "id": "1번",
              "sex": "여성",
              "age": "20대"
            },
            "speechAct": "(단언) 진술하기",
            "morpheme": "근데/MAJ+자기/NP+는/JX+1/SN+인분을시켰는데메운탕거리에온갖잡뼈가왔다고/UNKNOWN"
          },
          {
            "id": 6,
            "text": "2 : 1인분에 매운탕까지 바라면 너무 많은데?",
            "norm_text": "1인분에 매운탕까지 바라면 너무 많은데?",
            "speaker": {
              "id": "2번",
              "sex": "여성",
              "age": "20대"
            },
            "speechAct": "(지시) 질문하기",
            "morpheme": "1/SN+인분/NNG+에/JKB+매운탕/NNG+까지/JX+바라/VV+면/EC+너무/MAG+많/VA+은데/EF"
          },
          {
            "id": 7,
            "text": "1 : 맞아 그리고 매운탕은 잡뼈랑 대가리로 끓이는 게 맞잖아!",
            "norm_text": "맞아 그리고 매운탕은 잡뼈랑 대가리로 끓이는 게 맞잖아!",
            "speaker": {
              "id": "1번",
              "sex": "여성",
              "age": "20대"
            },
            "speechAct": "(단언) 진술하기",
            "morpheme": "맞아/IC+그리고/MAJ+매운탕/NNG+은/JX+잡/XPN+뼈/NNG+랑/JKB+대가리/NNG+로/JKB+끓이/VV+는/ETM+게/NNB+JKS+맞/VV+잖아/EF"
          },
          {
            "id": 8,
            "text": "2 : 맞아 키키 원래 매운탕에 살 별로 없는데",
            "norm_text": "맞아 키키 원래 매운탕에 살 별로 없는데",
            "speaker": {
              "id": "2번",
              "sex": "여성",
              "age": "20대"
            },
            "speechAct": "(단언) 주장하기",
            "morpheme": "맞/VV+아/EC+키/NNG+키/XSV+ETN+원래/MAG+매운탕/NNG+에/JKB+살/VV+ETM+별로/MAG+없/VA+는데/EC"
          },
          {
            "id": 9,
            "text": "1 : 그니까 ㅋ 근데 음식물 쓰레기 자기한테 넘긴 거 같다고 기분 나쁘대!",
            "norm_text": "그니까 ㅋ 근데 음식물 쓰레기 자기한테 넘긴 거 같다고 기분 나쁘대!",
            "speaker": {
              "id": "1번",
              "sex": "여성",
              "age": "20대"
            },
            "speechAct": "(단언) 주장하기",
            "morpheme": "그니까/MAJ+ㅋ/UNKNOWN+근데/MAJ+음식물/NNG+쓰레기/NNG+자기/NP+한테/JKB+넘긴/VV+ETM+거/NNB+같/VA+다고/EC+기분/NNG+나쁘/VA+대/EF"
          },
          {
            "id": 10,
            "text": "2 : 그건 너무 과한 말 같은데?",
            "norm_text": "그건 너무 과한 말 같은데?",
            "speaker": {
              "id": "2번",
              "sex": "여성",
              "age": "20대"
            },
            "speechAct": "(지시) 질문하기",
            "morpheme": "그건/NP+JX+너무/MAG+과한/VA+ETM+말/NNG+같/VA+은데/EF"
          },
          {
            "id": 11,
            "text": "1 : 키키 오히려 우리가 봤을 때는 사장님이 베푼 거 아니야?",
            "norm_text": "키키 오히려 우리가 봤을 때는 사장님이 베푼 거 아니야?",
            "speaker": {
              "id": "1번",
              "sex": "여성",
              "age": "20대"
            },
            "speechAct": "(지시) 질문하기",
            "morpheme": "키/NNG+키/XSV+ETN+오히려/MAJ+우리/NP+가/JKS+봤/VV+EP+을/ETM+때/NNG+는/JX+사장/NNG+님/XSN+이/JKS+베푼/VV+ETM+거/NNB+아니/VCN+야/EF"
          },
          {
            "id": 12,
            "text": "2 : 맞아 키키 요즘 1인분에 누가 매운탕 줘 키키",
            "norm_text": "맞아 키키 요즘 1인분에 누가 매운탕 줘 키키",
            "speaker": {
              "id": "2번",
              "sex": "여성",
              "age": "20대"
            },
            "speechAct": "(단언) 주장하기",
            "morpheme": "맞/VV+아/EC+키/NNG+키/NNG+요즘/NNG+1/SN+인분에누가매운탕줘키키/UNKNOWN"
          },
          {
            "id": 13,
            "text": "1 : 키키 그니까 키키",
            "norm_text": "키키 그니까 키키",
            "speaker": {
              "id": "1번",
              "sex": "여성",
              "age": "20대"
            },
            "speechAct": "(단언) 주장하기",
            "morpheme": "키/NNG+키/XSV+ETN+그니까/MAJ+키/NNG+키/XSV+ETN"
          },
          {
            "id": 14,
            "text": "1 : 심지어 그렇게 많이 챙겨줬으면 고마워해야지!",
            "norm_text": "심지어 그렇게 많이 챙겨줬으면 고마워해야지!",
            "speaker": {
              "id": "1번",
              "sex": "여성",
              "age": "20대"
            },
            "speechAct": "(단언) 주장하기",
            "morpheme": "심지어/MAG+그렇게/MAG+많이/MAG+챙겨/VV+EC+줬/VX+EP+으면/EC+고마워/VA+EC+해야지/VV+EF"
          },
          {
            "id": 15,
            "text": "2 : 그러니까 1인분에 회 몇 점 있다고",
            "norm_text": "그러니까 1인분에 회 몇 점 있다고",
            "speaker": {
              "id": "2번",
              "sex": "여성",
              "age": "20대"
            },
            "speechAct": "(단언) 주장하기",
            "morpheme": "그러니까/MAJ+1/SN+인분/NNG+에/JKB+회/MAG+몇/MM+점/NNBC+있/VV+다고/EC"
          },
          {
            "id": 16,
            "text": "1 : 키키 근데 이것도 어떤 사람이 받느냐에 따라 다른 거 같아!",
            "norm_text": "키키 근데 이것도 어떤 사람이 받느냐에 따라 다른 거 같아!",
            "speaker": {
              "id": "1번",
              "sex": "여성",
              "age": "20대"
            },
            "speechAct": "(단언) 주장하기",
            "morpheme": "키/NNG+키/XSV+ETN+근데/MAJ+이것/NP+도/JX+어떤/MM+사람/NNG+이/JKS+받/VV+느냐/EC+에/JKB+따라/VV+EC+다른/MM+거/NNB+같/VA+아/EF"
          },
          {
            "id": 17,
            "text": "2 : 맞아 ㅠㅠ 호의가 계속되면 권리인 줄 알아",
            "norm_text": "맞아 ㅠㅠ 호의가 계속되면 권리인 줄 알아",
            "speaker": {
              "id": "2번",
              "sex": "여성",
              "age": "20대"
            },
            "speechAct": "(단언) 주장하기",
            "morpheme": "맞/VV+아/EC+ㅠㅠ/UNKNOWN+호의/NNG+가/JKS+계속/MAG+되/VV+면/EC+권리/NNG+인/VCP+ETM+줄/NNB+알/VV+아/EC"
          }
        ]
      }
    }
  ]
}