{
  "dataset": {
    "identifier": 102335,
    "name": "FACEBOOK_103_20_set",
    "src_path": "/data/file/cubeManager/PROJECT001/77/txt20211028145511010673/FACEBOOK_103_20_set/",
    "label_path": "/data/file/cubeManager/PROJECT001/77/txt20211028145511010673/FACEBOOK_103_20_set/",
    "category": 2,
    "type": 0
  },
  "licenses": {
    "name": "Apache License 1.0",
    "url": "http://www.apache.org/licenses/LICENSE-1.0"
  },
  "info": [
    {
      "id": 100485,
      "filename": "FACEBOOK_103_20.txt",
      "title": "FACEBOOK_103_20",
      "mediatype": "SNS",
      "medianame": "페이스북",
      "category": "일상대화",
      "date": "2021-10-28",
      "size": 460,
      "annotations": {
        "subject": "영화/만화",
        "speaker_type": "1:1",
        "size": 460,
        "word_size": 156,
        "text": "1 : 너 마블 영화 좋아해?\n2 : 마블 영화 좋아하는데 아직 안보는 중이야\n1 : 아 진짜?\n1 : 나랑 똑같네 나는 지금 엄두가 안 나 키키\n2 : 많기도 하고 한 번에 몰아서 보려고\n1 : 나도 근데 올해만 마블 영화 두 개 나온 거 알아?\n2 : 마동석인가?\n2 : 그분도 나온다던데 맞나?\n1 : 그거는 아직 영화로 안 나왔고 중국 히어로 나왔어!\n2 : 아 그래?\n2 : 나중에 몰아서 봐야겠다\n1 : 맞아\n1 : 그게 샹치라는 영화인데 근데 호불호가 갈리더라!\n2 : 마블 영화면 어벤저스 느낌 아닌가?\n1 : 어 그런데 중국 히어로 느낌이 안 난대!\n2 : 원래 마블은 믿고 보는 건데 이번 건 아닌가 봐\n1 : 어 약간 소림축구?\n1 :그 영화 알아?\n1 : 그거 보는 느낌이래!\n2 : 중국 스타일이어서 그런가?\n2 : 중국 사람들은 좋아하겠네\n1 : 키키 그런 거 같아 그래서 나 그거는 안 보려고!\n2 : 나도 평이 안 좋으면 안 봐야겠다",
        "lines": [
          {
            "id": 1,
            "text": "1 : 너 마블 영화 좋아해?",
            "norm_text": "너 마블 영화 좋아해?",
            "speaker": {
              "id": "1번",
              "sex": "여성",
              "age": "20대"
            },
            "speechAct": "(지시) 질문하기",
            "morpheme": "너/NP+마블/NNG+영화/NNG+좋/VA+아/EC+해/VX+EF"
          },
          {
            "id": 2,
            "text": "2 : 마블 영화 좋아하는데 아직 안보는 중이야",
            "norm_text": "마블 영화 좋아하는데 아직 안보는 중이야",
            "speaker": {
              "id": "2번",
              "sex": "여성",
              "age": "20대"
            },
            "speechAct": "(단언) 진술하기",
            "morpheme": "마블/NNG+영화/NNG+좋/VA+아/EC+하/VV+는데/EC+아직/MAG+안/MAG+보/VV+는/ETM+중/NNB+이/VCP+야/EC"
          },
          {
            "id": 3,
            "text": "1 : 아 진짜?",
            "norm_text": "아 진짜?",
            "speaker": {
              "id": "1번",
              "sex": "여성",
              "age": "20대"
            },
            "speechAct": "(지시) 질문하기",
            "morpheme": "아/IC+진짜/MAG"
          },
          {
            "id": 4,
            "text": "1 : 나랑 똑같네 나는 지금 엄두가 안 나 키키",
            "norm_text": "나랑 똑같네 나는 지금 엄두가 안 나 키키",
            "speaker": {
              "id": "1번",
              "sex": "여성",
              "age": "20대"
            },
            "speechAct": "(단언) 주장하기",
            "morpheme": "나/NP+랑/JKB+똑같/VA+네/EF+나/NP+는/JX+지금/MAG+엄두/NNG+가/JKS+안/MAG+나/VV+EC+키/NNG+키/XSV+ETN"
          },
          {
            "id": 5,
            "text": "2 : 많기도 하고 한 번에 몰아서 보려고",
            "norm_text": "많기도 하고 한 번에 몰아서 보려고",
            "speaker": {
              "id": "2번",
              "sex": "여성",
              "age": "20대"
            },
            "speechAct": "(단언) 주장하기",
            "morpheme": "많/VA+기/ETN+도/JX+하/VV+고/EC+한/MM+번/NNBC+에/JKB+몰/VV+아서/EC+보/VX+려고/EC"
          },
          {
            "id": 6,
            "text": "1 : 나도 근데 올해만 마블 영화 두 개 나온 거 알아?",
            "norm_text": "나도 근데 올해만 마블 영화 두 개 나온 거 알아?",
            "speaker": {
              "id": "1번",
              "sex": "여성",
              "age": "20대"
            },
            "speechAct": "(지시) 질문하기",
            "morpheme": "나/NP+도/JX+근데/MAJ+올해/NNG+만/JX+마블/NNG+영화/NNG+두/MM+개/NNBC+나온/VV+ETM+거/NNB+알/VV+아/EF"
          },
          {
            "id": 7,
            "text": "2 : 마동석인가?",
            "norm_text": "마동석인가?",
            "speaker": {
              "id": "2번",
              "sex": "여성",
              "age": "20대"
            },
            "speechAct": "(지시) 질문하기",
            "morpheme": "마동석/NNP+인가/VCP+EF"
          },
          {
            "id": 8,
            "text": "2 : 그분도 나온다던데 맞나?",
            "norm_text": "그분도 나온다던데 맞나?",
            "speaker": {
              "id": "2번",
              "sex": "여성",
              "age": "20대"
            },
            "speechAct": "(지시) 질문하기",
            "morpheme": "그분/NP+도/JX+나온다던/VV+ETM+데/NNB+맞/VV+나/EF"
          },
          {
            "id": 9,
            "text": "1 : 그거는 아직 영화로 안 나왔고 중국 히어로 나왔어!",
            "norm_text": "그거는 아직 영화로 안 나왔고 중국 히어로 나왔어!",
            "speaker": {
              "id": "1번",
              "sex": "여성",
              "age": "20대"
            },
            "speechAct": "(단언) 진술하기",
            "morpheme": "그거/NP+는/JX+아직/MAG+영화/NNG+로/JKB+안/MAG+나왔/VV+EP+고/EC+중국/NNP+히어로/NNG+나왔/VV+EP+어/EF"
          },
          {
            "id": 10,
            "text": "2 : 아 그래?",
            "norm_text": "아 그래?",
            "speaker": {
              "id": "2번",
              "sex": "여성",
              "age": "20대"
            },
            "speechAct": "(지시) 질문하기",
            "morpheme": "아/IC+그래/IC"
          },
          {
            "id": 11,
            "text": "2 : 나중에 몰아서 봐야겠다",
            "norm_text": "나중에 몰아서 봐야겠다",
            "speaker": {
              "id": "2번",
              "sex": "여성",
              "age": "20대"
            },
            "speechAct": "(단언) 주장하기",
            "morpheme": "나중/NNG+에/JKB+몰/VV+아서/EC+봐야/VX+EC+VV+겠/EP+다/EC"
          },
          {
            "id": 12,
            "text": "1 : 맞아",
            "norm_text": "맞아",
            "speaker": {
              "id": "1번",
              "sex": "여성",
              "age": "20대"
            },
            "speechAct": "(단언) 주장하기",
            "morpheme": "맞/VV+아/EC"
          },
          {
            "id": 13,
            "text": "1 : 그게 샹치라는 영화인데 근데 호불호가 갈리더라!",
            "norm_text": "그게 샹치라는 영화인데 근데 호불호가 갈리더라!",
            "speaker": {
              "id": "1번",
              "sex": "여성",
              "age": "20대"
            },
            "speechAct": "(단언) 진술하기",
            "morpheme": "그게/NP+JKS+샹치/NNP+라는/VCP+ETM+영화/NNG+인데/VCP+EC+근데/MAJ+호불호/NNG+가/JKS+갈리/VV+더라/EF"
          },
          {
            "id": 14,
            "text": "2 : 마블 영화면 어벤저스 느낌 아닌가?",
            "norm_text": "마블 영화면 어벤저스 느낌 아닌가?",
            "speaker": {
              "id": "2번",
              "sex": "여성",
              "age": "20대"
            },
            "speechAct": "(지시) 질문하기",
            "morpheme": "마블/NNG+영화/NNG+면/VCP+EC+어벤저스/NNP+느낌/NNG+아닌가/VCN+EF"
          },
          {
            "id": 15,
            "text": "1 : 어 그런데 중국 히어로 느낌이 안 난대!",
            "norm_text": "어 그런데 중국 히어로 느낌이 안 난대!",
            "speaker": {
              "id": "1번",
              "sex": "여성",
              "age": "20대"
            },
            "speechAct": "(단언) 진술하기",
            "morpheme": "어/IC+그런데/MAJ+중국/NNP+히어로/NNP+느낌/NNG+이/JKS+안/MAG+난대/VV+EF"
          },
          {
            "id": 16,
            "text": "2 : 원래 마블은 믿고 보는 건데 이번 건 아닌가 봐",
            "norm_text": "원래 마블은 믿고 보는 건데 이번 건 아닌가 봐",
            "speaker": {
              "id": "2번",
              "sex": "여성",
              "age": "20대"
            },
            "speechAct": "(단언) 주장하기",
            "morpheme": "원래/MAG+마블/NNG+은/JX+믿/VV+고/EC+보/VX+는/ETM+건데/NNB+VCP+EC+이번/NNG+건/NNB+JX+아닌가/VCN+EC+봐/VX+EC"
          },
          {
            "id": 17,
            "text": "1 : 어 약간 소림축구?",
            "norm_text": "어 약간 소림축구?",
            "speaker": {
              "id": "1번",
              "sex": "여성",
              "age": "20대"
            },
            "speechAct": "(단언) 진술하기",
            "morpheme": "어/IC+약간/MAG+소림축구/NNP"
          },
          {
            "id": 18,
            "text": "1 :그 영화 알아?",
            "norm_text": "그 영화 알아?",
            "speaker": {
              "id": "1번",
              "sex": "여성",
              "age": "20대"
            },
            "speechAct": "(지시) 질문하기",
            "morpheme": "그/MM+영화/NNG+알/VV+아/EF"
          },
          {
            "id": 19,
            "text": "1 : 그거 보는 느낌이래!",
            "norm_text": "그거 보는 느낌이래!",
            "speaker": {
              "id": "1번",
              "sex": "여성",
              "age": "20대"
            },
            "speechAct": "(단언) 진술하기",
            "morpheme": "그거/NP+보/VV+는/ETM+느낌/NNG+이/VCP+래/EF"
          },
          {
            "id": 20,
            "text": "2 : 중국 스타일이어서 그런가?",
            "norm_text": "중국 스타일이어서 그런가?",
            "speaker": {
              "id": "2번",
              "sex": "여성",
              "age": "20대"
            },
            "speechAct": "(지시) 질문하기",
            "morpheme": "중국/NNP+스타일/NNG+이/VCP+어서/EC+그런가/VA+EF"
          },
          {
            "id": 21,
            "text": "2 : 중국 사람들은 좋아하겠네",
            "norm_text": "중국 사람들은 좋아하겠네",
            "speaker": {
              "id": "2번",
              "sex": "여성",
              "age": "20대"
            },
            "speechAct": "(단언) 주장하기",
            "morpheme": "중국/NNP+사람/NNG+들/XSN+은/JX+좋/VA+아/EC+하/VX+겠/EP+네/EF"
          },
          {
            "id": 22,
            "text": "1 : 키키 그런 거 같아 그래서 나 그거는 안 보려고!",
            "norm_text": "키키 그런 거 같아 그래서 나 그거는 안 보려고!",
            "speaker": {
              "id": "1번",
              "sex": "여성",
              "age": "20대"
            },
            "speechAct": "(단언) 주장하기",
            "morpheme": "키키/NNP+그런/MM+거/NNB+같/VA+아/EC+그래서/MAJ+나/NP+그거/NP+는/JX+안/MAG+보/VV+려고/EF"
          },
          {
            "id": 23,
            "text": "2 : 나도 평이 안 좋으면 안 봐야겠다",
            "norm_text": "나도 평이 안 좋으면 안 봐야겠다",
            "speaker": {
              "id": "2번",
              "sex": "여성",
              "age": "20대"
            },
            "speechAct": "(단언) 주장하기",
            "morpheme": "나/NP+도/JX+평/NNG+이/JKS+안/MAG+좋/VA+으면/EC+안/MAG+봐야/VV+EC+VX+겠/EP+다/EC"
          }
        ]
      }
    }
  ]
}