{
  "dataset": {
    "identifier": 124824,
    "name": "FACEBOOK_123_06_set",
    "src_path": "/data/file/cubeManager/PROJECT001/84/txt20211105092819061937/FACEBOOK_123_06_set/",
    "label_path": "/data/file/cubeManager/PROJECT001/84/txt20211105092819061937/FACEBOOK_123_06_set/",
    "category": 2,
    "type": 0
  },
  "licenses": {
    "name": "Apache License 1.0",
    "url": "http://www.apache.org/licenses/LICENSE-1.0"
  },
  "info": [
    {
      "id": 138075,
      "filename": "FACEBOOK_123_06.txt",
      "title": "FACEBOOK_123_06",
      "mediatype": "SNS",
      "medianame": "페이스북",
      "category": "일상대화",
      "date": "2021-11-05",
      "size": 401,
      "annotations": {
        "subject": "교육",
        "speaker_type": "1:1",
        "size": 401,
        "word_size": 141,
        "text": "1 : 나 꼴찌에서 일등으로 졸업함 키키\n2 : 아 진짜 대박 어떻게 ?\n1 : 고삼 때 갑자기 공부에 꽂혀서 키키\n2 : 진짜 어떻게 그렇게 하지 나도 할걸...\n1 : 근데 수시 기간 끝나고 풀어져서 다시 꼴등으로 내려 앉음\n2 : 나는 그냥 만년 꼴등 키키\n1 : 하 그때 교장쌤 앞에서 상장도 받고 그랬는데\n2 : 공부 할 수 있는 비법 좀 알려줘 키키\n1 : 갑자기 추억 돋는다 키키\n1 : 그냥 별거 없어 집중하면 돼\n2 : 아 진짜 멋있네 키키\n2 : 나도 상 좀 받고 싶다 키키\n1 : 이제 받을 상 뭐 있을려나...\n2 : 나는 집중하고 열심히 해도 안돼 ㅠㅠ\n1 : 아 정말? 공부도 때가 있더라 ㅠㅠ 후\n2 : 그냥 밥상이나 받으면 돼 키키\n1 : 그러게 키키 마누라 밥상이 최고지 뭐\n2 : 이제 머리가 늙어서 공부 못해 키키",
        "lines": [
          {
            "id": 1,
            "text": "1 : 나 꼴찌에서 일등으로 졸업함 키키",
            "norm_text": "나 꼴찌에서 일등으로 졸업함 키키",
            "speaker": {
              "id": "1번",
              "sex": "여성",
              "age": "20대"
            },
            "speechAct": "(단언) 진술하기",
            "morpheme": "나/NP+꼴찌/NNG+에서/JKB+일등/NNG+으로/JKB+졸업/NNG+함/XSV+ETN+키/NNG+키/XSV+ETN"
          },
          {
            "id": 2,
            "text": "2 : 아 진짜 대박 어떻게 ?",
            "norm_text": "아 진짜 대박 어떻게 ?",
            "speaker": {
              "id": "2번",
              "sex": "남성",
              "age": "20대"
            },
            "speechAct": "(지시) 질문하기",
            "morpheme": "아/IC+진짜/MAG+대박/NNG+어떻게/MAG"
          },
          {
            "id": 3,
            "text": "1 : 고삼 때 갑자기 공부에 꽂혀서 키키",
            "norm_text": "고삼 때 갑자기 공부에 꽂혀서 키키",
            "speaker": {
              "id": "1번",
              "sex": "여성",
              "age": "20대"
            },
            "speechAct": "(단언) 진술하기",
            "morpheme": "고/XPN+삼/NR+때/NNG+갑자기/MAG+공부/NNG+에/JKB+꽂혀서/VV+EC+키/NNG+키/XSV+ETN"
          },
          {
            "id": 4,
            "text": "2 : 진짜 어떻게 그렇게 하지 나도 할걸...",
            "norm_text": "진짜 어떻게 그렇게 하지 나도 할걸...",
            "speaker": {
              "id": "2번",
              "sex": "남성",
              "age": "20대"
            },
            "speechAct": "(단언) 주장하기",
            "morpheme": "진짜/MAG+어떻게/MAG+그렇게/MAG+하/VV+지/EC+나/NP+도/JX+할걸/VV+EF+./SY"
          },
          {
            "id": 5,
            "text": "1 : 근데 수시 기간 끝나고 풀어져서 다시 꼴등으로 내려 앉음",
            "norm_text": "근데 수시 기간 끝나고 풀어져서 다시 꼴등으로 내려 앉음",
            "speaker": {
              "id": "1번",
              "sex": "여성",
              "age": "20대"
            },
            "speechAct": "(단언) 진술하기",
            "morpheme": "근데/MAJ+수시/NNG+기간/NNG+끝/NNG+나/VV+고/EC+풀어져서/VV+EC+다시/MAG+꼴/NNG+등/NNB+으로/JKB+내려앉/VV+음/ETN"
          },
          {
            "id": 6,
            "text": "2 : 나는 그냥 만년 꼴등 키키",
            "norm_text": "나는 그냥 만년 꼴등 키키",
            "speaker": {
              "id": "2번",
              "sex": "남성",
              "age": "20대"
            },
            "speechAct": "(단언) 진술하기",
            "morpheme": "나/NP+는/JX+그냥/MAG+만/NR+년/NNBC+꼴/NNG+등/NNB+키/NNG+키/XSV+ETN"
          },
          {
            "id": 7,
            "text": "1 : 하 그때 교장쌤 앞에서 상장도 받고 그랬는데",
            "norm_text": "하 그때 교장쌤 앞에서 상장도 받고 그랬는데",
            "speaker": {
              "id": "1번",
              "sex": "여성",
              "age": "20대"
            },
            "speechAct": "(단언) 진술하기",
            "morpheme": "하/IC+그때/NNG+교장/NNG+쌤/NNG+앞/NNG+에서/JKB+상장/NNG+도/JX+받/VV+고/EC+그랬/VV+EP+는데/EC"
          },
          {
            "id": 8,
            "text": "2 : 공부 할 수 있는 비법 좀 알려줘 키키",
            "norm_text": "공부 할 수 있는 비법 좀 알려줘 키키",
            "speaker": {
              "id": "2번",
              "sex": "남성",
              "age": "20대"
            },
            "speechAct": "(지시) 부탁하기",
            "morpheme": "공부/NNG+할/XSV+ETM+수/NNB+있/VV+는/ETM+비법/NNG+좀/MAG+알려줘/VV+EC+VX+EC+키/NNG+키/XSV+ETN"
          },
          {
            "id": 9,
            "text": "1 : 갑자기 추억 돋는다 키키",
            "norm_text": "갑자기 추억 돋는다 키키",
            "speaker": {
              "id": "1번",
              "sex": "여성",
              "age": "20대"
            },
            "speechAct": "(단언) 주장하기",
            "morpheme": "갑자기/MAG+추억/NNG+돋/VV+는/ETM+다키키/NNP"
          },
          {
            "id": 10,
            "text": "1 : 그냥 별거 없어 집중하면 돼",
            "norm_text": "그냥 별거 없어 집중하면 돼",
            "speaker": {
              "id": "1번",
              "sex": "여성",
              "age": "20대"
            },
            "speechAct": "(단언) 주장하기",
            "morpheme": "그냥/MAG+별거/NNG+없/VA+어/EC+집중/NNG+하/XSV+면/EC+돼/VV+EC"
          },
          {
            "id": 11,
            "text": "2 : 아 진짜 멋있네 키키",
            "norm_text": "아 진짜 멋있네 키키",
            "speaker": {
              "id": "2번",
              "sex": "남성",
              "age": "20대"
            },
            "speechAct": "(단언) 주장하기",
            "morpheme": "아/IC+진짜/MAG+멋있/VA+네/EF+키/NNG+키/XSV+ETN"
          },
          {
            "id": 12,
            "text": "2 : 나도 상 좀 받고 싶다 키키",
            "norm_text": "나도 상 좀 받고 싶다 키키",
            "speaker": {
              "id": "2번",
              "sex": "남성",
              "age": "20대"
            },
            "speechAct": "(단언) 주장하기",
            "morpheme": "나도상/NNP+좀/MAG+받/VV+고/EC+싶/VX+다키키/NNP"
          },
          {
            "id": 13,
            "text": "1 : 이제 받을 상 뭐 있을려나...",
            "norm_text": "이제 받을 상 뭐 있을려나...",
            "speaker": {
              "id": "1번",
              "sex": "여성",
              "age": "20대"
            },
            "speechAct": "(단언) 주장하기",
            "morpheme": "이제/MAG+받/VV+을/ETM+상/NNG+뭐/IC+있/VA+을려나/EF+./SY"
          },
          {
            "id": 14,
            "text": "2 : 나는 집중하고 열심히 해도 안돼 ㅠㅠ",
            "norm_text": "나는 집중하고 열심히 해도 안돼 ㅠㅠ",
            "speaker": {
              "id": "2번",
              "sex": "남성",
              "age": "20대"
            },
            "speechAct": "(단언) 주장하기",
            "morpheme": "나/NP+는/JX+집중/NNG+하/XSV+고/EC+열심히/MAG+해도/VV+EC+안/MAG+돼/VV+EF+ㅠㅠ/UNKNOWN"
          },
          {
            "id": 15,
            "text": "1 : 아 정말? 공부도 때가 있더라 ㅠㅠ 후",
            "norm_text": "아 정말? 공부도 때가 있더라 ㅠㅠ 후",
            "speaker": {
              "id": "1번",
              "sex": "여성",
              "age": "20대"
            },
            "speechAct": "(단언) 주장하기",
            "morpheme": "아/IC+정말/MAG+공부도때가있더라ㅠㅠ후/UNKNOWN"
          },
          {
            "id": 16,
            "text": "2 : 그냥 밥상이나 받으면 돼 키키",
            "norm_text": "그냥 밥상이나 받으면 돼 키키",
            "speaker": {
              "id": "2번",
              "sex": "남성",
              "age": "20대"
            },
            "speechAct": "(단언) 주장하기",
            "morpheme": "그냥/MAG+밥상/NNG+이나/JX+받/VV+으면/EC+돼/VV+EC+키/NNG+키/XSV+ETN"
          },
          {
            "id": 17,
            "text": "1 : 그러게 키키 마누라 밥상이 최고지 뭐",
            "norm_text": "그러게 키키 마누라 밥상이 최고지 뭐",
            "speaker": {
              "id": "1번",
              "sex": "여성",
              "age": "20대"
            },
            "speechAct": "(단언) 주장하기",
            "morpheme": "그러/VV+게/EC+키/NNG+키/NNG+마누라/NNG+밥상/NNG+이/JKS+최고/NNG+지/VCP+EF+뭐/IC"
          },
          {
            "id": 18,
            "text": "2 : 이제 머리가 늙어서 공부 못해 키키",
            "norm_text": "이제 머리가 늙어서 공부 못해 키키",
            "speaker": {
              "id": "2번",
              "sex": "남성",
              "age": "20대"
            },
            "speechAct": "(단언) 주장하기",
            "morpheme": "이제/MAG+머리/NNG+가/JKS+늙/VV+어서/EC+공부/NNG+못/MAG+해/VV+EC+키/NNG+키/XSV+ETN"
          }
        ]
      }
    }
  ]
}