{
  "dataset": {
    "identifier": 123718,
    "name": "FACEBOOK_123_08_set",
    "src_path": "/data/file/cubeManager/PROJECT001/84/txt20211105092819063293/FACEBOOK_123_08_set/",
    "label_path": "/data/file/cubeManager/PROJECT001/84/txt20211105092819063293/FACEBOOK_123_08_set/",
    "category": 2,
    "type": 0
  },
  "licenses": {
    "name": "Apache License 1.0",
    "url": "http://www.apache.org/licenses/LICENSE-1.0"
  },
  "info": [
    {
      "id": 138077,
      "filename": "FACEBOOK_123_08.txt",
      "title": "FACEBOOK_123_08",
      "mediatype": "SNS",
      "medianame": "페이스북",
      "category": "일상대화",
      "date": "2021-11-05",
      "size": 378,
      "annotations": {
        "subject": "연애/결혼",
        "speaker_type": "1:1",
        "size": 378,
        "word_size": 133,
        "text": "1 : 오빠 언제 결혼할 예정이야?\n2 : 나 내년에 할 생각이야\n1 : 아 허락은 벌써 맡았어?\n2 : 내년에 그럼 너 와라 알겠지\n1 : 오 대박 키키 당연하지~ 내가 축가 불러줌\n2 : 아니 아직 상견례 할라고 준비 중이야 키키\n1 : 아 정말?\n1 : 여친도 동의 했어?\n2 : 진짜 축가는 넣어둬 마음만 받을게 키키\n1 : 응 ㅠ 아쉽네 키키\n1 : 결혼 한다니 대박\n2 : 웅 여자친구도 동의했지 키키\n2 : 나 이제 유부남이다\n1 : 키키 아직이지 커플일 때 즐겨라\n2 : 아 나도 밥상 좀 받아보자 키키\n1 : 키키 아침 밥상 차리는 와이프 흐흣\n2 : 그치 근데 식장 들어가 봐야 아는 거잖아 키키\n1 : 그건 맞음 키키\n1 : 내년에 청첩장 꼭 보내라\n2 : 식장 들어가기 전까지는 몰라 키키",
        "lines": [
          {
            "id": 1,
            "text": "1 : 오빠 언제 결혼할 예정이야?",
            "norm_text": "오빠 언제 결혼할 예정이야?",
            "speaker": {
              "id": "1번",
              "sex": "여성",
              "age": "20대"
            },
            "speechAct": "(지시) 질문하기",
            "morpheme": "오빠/NNG+언제/MAG+결혼/NNG+할/XSV+ETM+예정/NNG+이/VCP+야/EF"
          },
          {
            "id": 2,
            "text": "2 : 나 내년에 할 생각이야",
            "norm_text": "나 내년에 할 생각이야",
            "speaker": {
              "id": "2번",
              "sex": "남성",
              "age": "20대"
            },
            "speechAct": "(단언) 주장하기",
            "morpheme": "나/NP+내년/NNG+에/JKB+할/VV+ETM+생각/NNG+이/VCP+야/EC"
          },
          {
            "id": 3,
            "text": "1 : 아 허락은 벌써 맡았어?",
            "norm_text": "아 허락은 벌써 맡았어?",
            "speaker": {
              "id": "1번",
              "sex": "여성",
              "age": "20대"
            },
            "speechAct": "(지시) 질문하기",
            "morpheme": "아/IC+허락/NNG+은/JX+벌써/MAG+맡/VV+았/EP+어/EF"
          },
          {
            "id": 4,
            "text": "2 : 내년에 그럼 너 와라 알겠지",
            "norm_text": "내년에 그럼 너 와라 알겠지",
            "speaker": {
              "id": "2번",
              "sex": "남성",
              "age": "20대"
            },
            "speechAct": "(지시) 명령/요구하기",
            "morpheme": "내년/NNG+에/JKB+그럼/MAJ+너/NP+와라/VV+EC+알/VV+겠/EP+지/EC"
          },
          {
            "id": 5,
            "text": "1 : 오 대박 키키 당연하지~ 내가 축가 불러줌",
            "norm_text": "오 대박 키키 당연하지~ 내가 축가 불러줌",
            "speaker": {
              "id": "1번",
              "sex": "여성",
              "age": "20대"
            },
            "speechAct": "(언약) 약속하기(제3자와)/(개인적 수준)",
            "morpheme": "오대박키키당연하지/UNKNOWN+~/SY+내/NP+가/JKS+축가/NNG+불러/VV+EC+줌/VX+ETN"
          },
          {
            "id": 6,
            "text": "2 : 아니 아직 상견례 할라고 준비 중이야 키키",
            "norm_text": "아니 아직 상견례 할라고 준비 중이야 키키",
            "speaker": {
              "id": "2번",
              "sex": "남성",
              "age": "20대"
            },
            "speechAct": "(단언) 주장하기",
            "morpheme": "아니/IC+아직/MAG+상견례/NNG+할라고/XSV+EC+준비/NNG+중/NNB+이/VCP+야/EC+키/NNG+키/XSV+ETN"
          },
          {
            "id": 7,
            "text": "1 : 아 정말?",
            "norm_text": "아 정말?",
            "speaker": {
              "id": "1번",
              "sex": "여성",
              "age": "20대"
            },
            "speechAct": "(지시) 질문하기",
            "morpheme": "아/IC+정말/MAG"
          },
          {
            "id": 8,
            "text": "1 : 여친도 동의 했어?",
            "norm_text": "여친도 동의 했어?",
            "speaker": {
              "id": "1번",
              "sex": "여성",
              "age": "20대"
            },
            "speechAct": "(지시) 질문하기",
            "morpheme": "여친/NNG+도/JX+동의/NNG+했/XSV+EP+어/EF"
          },
          {
            "id": 9,
            "text": "2 : 진짜 축가는 넣어둬 마음만 받을게 키키",
            "norm_text": "진짜 축가는 넣어둬 마음만 받을게 키키",
            "speaker": {
              "id": "2번",
              "sex": "남성",
              "age": "20대"
            },
            "speechAct": "(단언) 주장하기",
            "morpheme": "진짜/MAG+축가/NNG+는/JX+넣/VV+어/EC+둬/VX+EC+마음/NNG+만/JX+받/VV+을/ETM+게/NNB+JKS+키/NNG+키/XSV+ETN"
          },
          {
            "id": 10,
            "text": "1 : 응 ㅠ 아쉽네 키키",
            "norm_text": "응 ㅠ 아쉽네 키키",
            "speaker": {
              "id": "1번",
              "sex": "여성",
              "age": "20대"
            },
            "speechAct": "(단언) 주장하기",
            "morpheme": "응ㅠ아쉽네키키/UNKNOWN"
          },
          {
            "id": 11,
            "text": "1 : 결혼 한다니 대박",
            "norm_text": "결혼 한다니 대박",
            "speaker": {
              "id": "1번",
              "sex": "여성",
              "age": "20대"
            },
            "speechAct": "(단언) 주장하기",
            "morpheme": "결혼/NNG+한다니/XSV+EC+대박/NNG"
          },
          {
            "id": 12,
            "text": "2 : 웅 여자친구도 동의했지 키키",
            "norm_text": "웅 여자친구도 동의했지 키키",
            "speaker": {
              "id": "2번",
              "sex": "남성",
              "age": "20대"
            },
            "speechAct": "(단언) 주장하기",
            "morpheme": "웅/IC+여자/NNG+친구/NNG+도/JX+동의/NNG+했/XSV+EP+지/EC+키/NNG+키/XSV+ETN"
          },
          {
            "id": 13,
            "text": "2 : 나 이제 유부남이다",
            "norm_text": "나 이제 유부남이다",
            "speaker": {
              "id": "2번",
              "sex": "남성",
              "age": "20대"
            },
            "speechAct": "(단언) 주장하기",
            "morpheme": "나/NP+이제/MAG+유부남/NNG+이/VCP+다/EC"
          },
          {
            "id": 14,
            "text": "1 : 키키 아직이지 커플일 때 즐겨라",
            "norm_text": "키키 아직이지 커플일 때 즐겨라",
            "speaker": {
              "id": "1번",
              "sex": "여성",
              "age": "20대"
            },
            "speechAct": "(단언) 주장하기",
            "morpheme": "키/NNG+키/NNG+아직/MAG+이/VCP+지/EC+커플/NNG+일/VCP+ETM+때/NNG+즐겨라/VV+EC"
          },
          {
            "id": 15,
            "text": "2 : 아 나도 밥상 좀 받아보자 키키",
            "norm_text": "아 나도 밥상 좀 받아보자 키키",
            "speaker": {
              "id": "2번",
              "sex": "남성",
              "age": "20대"
            },
            "speechAct": "(단언) 주장하기",
            "morpheme": "아/IC+나/NP+도/JX+밥상/NNG+좀/MAG+받/VV+아/EC+보/VX+자/EC+키/NNG+키/XSV+ETN"
          },
          {
            "id": 16,
            "text": "1 : 키키 아침 밥상 차리는 와이프 흐흣",
            "norm_text": "키키 아침 밥상 차리는 와이프 흐흣",
            "speaker": {
              "id": "1번",
              "sex": "여성",
              "age": "20대"
            },
            "speechAct": "(단언) 주장하기",
            "morpheme": "키/NNG+키/NNG+아침/NNG+밥상/NNG+차리/VV+는/ETM+와이프/NNG+흐흣/IC"
          },
          {
            "id": 17,
            "text": "2 : 그치 근데 식장 들어가 봐야 아는 거잖아 키키",
            "norm_text": "그치 근데 식장 들어가 봐야 아는 거잖아 키키",
            "speaker": {
              "id": "2번",
              "sex": "남성",
              "age": "20대"
            },
            "speechAct": "(단언) 주장하기",
            "morpheme": "그치/IC+근데/MAJ+식장/NNG+들어가/VV+EC+봐야/VX+EC+아/VV+는/ETM+거/NNB+잖아/VCP+EC+VX+EC+키/NNG+키/XSV+ETN"
          },
          {
            "id": 18,
            "text": "1 : 그건 맞음 키키",
            "norm_text": "그건 맞음 키키",
            "speaker": {
              "id": "1번",
              "sex": "여성",
              "age": "20대"
            },
            "speechAct": "(단언) 주장하기",
            "morpheme": "그건/NP+JX+맞음/NNG+키/NNG+키/XSV+ETN"
          },
          {
            "id": 19,
            "text": "1 : 내년에 청첩장 꼭 보내라",
            "norm_text": "내년에 청첩장 꼭 보내라",
            "speaker": {
              "id": "1번",
              "sex": "여성",
              "age": "20대"
            },
            "speechAct": "(지시) 명령/요구하기",
            "morpheme": "내년/NNG+에/JKB+청첩장/NNG+꼭/MAG+보내/VV+라/EC"
          },
          {
            "id": 20,
            "text": "2 : 식장 들어가기 전까지는 몰라 키키",
            "norm_text": "식장 들어가기 전까지는 몰라 키키",
            "speaker": {
              "id": "2번",
              "sex": "남성",
              "age": "20대"
            },
            "speechAct": "(단언) 주장하기",
            "morpheme": "식장/NNG+들어가/VV+기/ETN+전/NNG+까지/JX+는/JX+몰라/VV+EC+키/NNG+키/XSV+ETN"
          }
        ]
      }
    }
  ]
}