{
  "dataset": {
    "identifier": 114653,
    "name": "FACEBOOK_113_16_set",
    "src_path": "/data/file/cubeManager/PROJECT001/80/txt20211103154237047041/FACEBOOK_113_16_set/",
    "label_path": "/data/file/cubeManager/PROJECT001/80/txt20211103154237047041/FACEBOOK_113_16_set/",
    "category": 2,
    "type": 0
  },
  "licenses": {
    "name": "Apache License 1.0",
    "url": "http://www.apache.org/licenses/LICENSE-1.0"
  },
  "info": [
    {
      "id": 135371,
      "filename": "FACEBOOK_113_16.txt",
      "title": "FACEBOOK_113_16",
      "mediatype": "SNS",
      "medianame": "페이스북",
      "category": "일상대화",
      "date": "2021-11-03",
      "size": 386,
      "annotations": {
        "subject": "미용",
        "speaker_type": "1:1",
        "size": 386,
        "word_size": 138,
        "text": "1 : 언니는 패디큐어하는 거 좋아해?\n2 : 아니 난 네일만 해\n1 : 아 진짜?\n1 : 네일 언니 자개 넣는 거 좋아해?\n2 : 웅 자개도 넣고 난 알아서 해줘 동생이 키키\n1 : 아 진짜?\n1 : 언니 동생이 네일해?\n2 : 웅 아는 동생이 해가지고 오늘도 받고옴\n1 : 헐 대박 키키 그러면 엄청 예쁘게 해 주겠다~\n2 : 근데 하도 하니까 할게 없어\n1 : 요즘에 가을 톤에 맞는 걸로 했어?\n2 : 웅 이번에 약간 가을 색 키키\n1 : 키키 예쁘겠는데 키키\n1 : 가격은 얼마 줬어?\n2 : 난 그냥 해도 거의 오육만원 키키\n1 : 와 그 정도하면 진짜 최소 7만 원부터 하는 걸로 알고 있는데!\n2 : 맞아 근데 아는 동생이라 잘 해주지\n1 : 부럽당 ㅜㅜ\n1 : 손톱 건강은 괜찮아?\n2 : 웅 괜찮은 거 같아",
        "lines": [
          {
            "id": 1,
            "text": "1 : 언니는 패디큐어하는 거 좋아해?",
            "norm_text": "언니는 패디큐어하는 거 좋아해?",
            "speaker": {
              "id": "1번",
              "sex": "여성",
              "age": "20대"
            },
            "speechAct": "(지시) 질문하기",
            "morpheme": "언니/NNG+는/JX+패디/NNP+큐어/NNP+하/VV+는/ETM+거/NNB+좋/VA+아/EC+해/VX+EF"
          },
          {
            "id": 2,
            "text": "2 : 아니 난 네일만 해",
            "norm_text": "아니 난 네일만 해",
            "speaker": {
              "id": "2번",
              "sex": "여성",
              "age": "20대"
            },
            "speechAct": "(단언) 진술하기",
            "morpheme": "아니/IC+난/NP+JX+네일/NNG+만/JX+해/VV+EC"
          },
          {
            "id": 3,
            "text": "1 : 아 진짜?",
            "norm_text": "아 진짜?",
            "speaker": {
              "id": "1번",
              "sex": "여성",
              "age": "20대"
            },
            "speechAct": "턴토크 사인(관습적 반응)",
            "morpheme": "아/IC+진짜/MAG"
          },
          {
            "id": 4,
            "text": "1 : 네일 언니 자개 넣는 거 좋아해?",
            "norm_text": "네일 언니 자개 넣는 거 좋아해?",
            "speaker": {
              "id": "1번",
              "sex": "여성",
              "age": "20대"
            },
            "speechAct": "(지시) 질문하기",
            "morpheme": "네/MM+일/NR+언니/NNG+자개/NNG+넣/VV+는/ETM+거/NNB+좋/VA+아/EC+해/VX+EF"
          },
          {
            "id": 5,
            "text": "2 : 웅 자개도 넣고 난 알아서 해줘 동생이 키키",
            "norm_text": "웅 자개도 넣고 난 알아서 해줘 동생이 키키",
            "speaker": {
              "id": "2번",
              "sex": "여성",
              "age": "20대"
            },
            "speechAct": "(단언) 진술하기",
            "morpheme": "웅/IC+자개/NNG+도/JX+넣/VV+고/EC+난/NP+JX+알/VV+아서/EC+해줘/VX+EC+VX+EC+동생/NNG+이/JKS+키/NNG+키/XSV+ETN"
          },
          {
            "id": 6,
            "text": "1 : 아 진짜?",
            "norm_text": "아 진짜?",
            "speaker": {
              "id": "1번",
              "sex": "여성",
              "age": "20대"
            },
            "speechAct": "턴토크 사인(관습적 반응)",
            "morpheme": "아/IC+진짜/MAG"
          },
          {
            "id": 7,
            "text": "1 : 언니 동생이 네일해?",
            "norm_text": "언니 동생이 네일해?",
            "speaker": {
              "id": "1번",
              "sex": "여성",
              "age": "20대"
            },
            "speechAct": "(지시) 질문하기",
            "morpheme": "언니/NNG+동생/NNG+이/JKS+네일/NNG+해/XSV+EF"
          },
          {
            "id": 8,
            "text": "2 : 웅 아는 동생이 해가지고 오늘도 받고옴",
            "norm_text": "웅 아는 동생이 해가지고 오늘도 받고옴",
            "speaker": {
              "id": "2번",
              "sex": "여성",
              "age": "20대"
            },
            "speechAct": "(단언) 진술하기",
            "morpheme": "웅아/NNG+는/JX+동생/NNG+이/JKS+해/VV+EC+가지/VX+고/EC+오늘/NNG+도/JX+받/VV+고/EC+옴/VX+ETN"
          },
          {
            "id": 9,
            "text": "1 : 헐 대박 키키 그러면 엄청 예쁘게 해 주겠다~",
            "norm_text": "헐 대박 키키 그러면 엄청 예쁘게 해 주겠다~",
            "speaker": {
              "id": "1번",
              "sex": "여성",
              "age": "20대"
            },
            "speechAct": "(단언) 진술하기",
            "morpheme": "헐대박키키그러면엄청예쁘게해주겠다/UNKNOWN+~/SY"
          },
          {
            "id": 10,
            "text": "2 : 근데 하도 하니까 할게 없어",
            "norm_text": "근데 하도 하니까 할게 없어",
            "speaker": {
              "id": "2번",
              "sex": "여성",
              "age": "20대"
            },
            "speechAct": "(단언) 진술하기",
            "morpheme": "근데/MAJ+하도/MAG+하/VV+니까/EC+할/VX+ETM+게/NNB+JKS+없/VA+어/EC"
          },
          {
            "id": 11,
            "text": "1 : 요즘에 가을 톤에 맞는 걸로 했어?",
            "norm_text": "요즘에 가을 톤에 맞는 걸로 했어?",
            "speaker": {
              "id": "1번",
              "sex": "여성",
              "age": "20대"
            },
            "speechAct": "(지시) 질문하기",
            "morpheme": "요즘/NNG+에/JKB+가/VV+을/ETM+톤/NNG+에/JKB+맞/VV+는/ETM+걸로/NNB+JKB+했/VV+EP+어/EF"
          },
          {
            "id": 12,
            "text": "2 : 웅 이번에 약간 가을 색 키키",
            "norm_text": "웅 이번에 약간 가을 색 키키",
            "speaker": {
              "id": "2번",
              "sex": "여성",
              "age": "20대"
            },
            "speechAct": "(단언) 진술하기",
            "morpheme": "웅/IC+이번/NNG+에/JKB+약간/MAG+가을/NNG+색/NNG+키/NNG+키/XSV+ETN"
          },
          {
            "id": 13,
            "text": "1 : 키키 예쁘겠는데 키키",
            "norm_text": "키키 예쁘겠는데 키키",
            "speaker": {
              "id": "1번",
              "sex": "여성",
              "age": "20대"
            },
            "speechAct": "(단언) 주장하기",
            "morpheme": "키/NNG+키/XSV+ETN+예쁘/VA+겠/EP+는데/EC+키/NNG+키/XSV+ETN"
          },
          {
            "id": 14,
            "text": "1 : 가격은 얼마 줬어?",
            "norm_text": "가격은 얼마 줬어?",
            "speaker": {
              "id": "1번",
              "sex": "여성",
              "age": "20대"
            },
            "speechAct": "(지시) 질문하기",
            "morpheme": "가격/NNG+은/JX+얼마/NNG+줬/VV+EP+어/EF"
          },
          {
            "id": 15,
            "text": "2 : 난 그냥 해도 거의 오육만원 키키",
            "norm_text": "난 그냥 해도 거의 오육만원 키키",
            "speaker": {
              "id": "2번",
              "sex": "여성",
              "age": "20대"
            },
            "speechAct": "(단언) 진술하기",
            "morpheme": "난/NP+JX+그냥/MAG+해도/VV+EC+거의/MAG+오/NR+육만/NR+원/NNBC+키/NNG+키/XSV+ETN"
          },
          {
            "id": 16,
            "text": "1 : 와 그 정도하면 진짜 최소 7만 원부터 하는 걸로 알고 있는데!",
            "norm_text": "와 그 정도하면 진짜 최소 7만 원부터 하는 걸로 알고 있는데!",
            "speaker": {
              "id": "1번",
              "sex": "여성",
              "age": "20대"
            },
            "speechAct": "(단언) 진술하기",
            "morpheme": "와/IC+그/MM+정도/NNG+하/XSV+면/EC+진짜/MAG+최소/NNG+7/SN+만/NR+원/NNBC+부터/JX+하/VV+는/ETM+걸로/NNB+JKB+알/VV+고/EC+있/VX+는데/EC"
          },
          {
            "id": 17,
            "text": "2 : 맞아 근데 아는 동생이라 잘 해주지",
            "norm_text": "맞아 근데 아는 동생이라 잘 해주지",
            "speaker": {
              "id": "2번",
              "sex": "여성",
              "age": "20대"
            },
            "speechAct": "(단언) 주장하기",
            "morpheme": "맞아/IC+근데/MAJ+아/VV+는/ETM+동생/NNG+이/VCP+라/EC+잘/MAG+해/VV+EC+주/VX+지/EC"
          },
          {
            "id": 18,
            "text": "1 : 부럽당 ㅜㅜ",
            "norm_text": "부럽당 ㅜㅜ",
            "speaker": {
              "id": "1번",
              "sex": "여성",
              "age": "20대"
            },
            "speechAct": "(단언) 주장하기",
            "morpheme": "부럽당ㅜㅜ/UNKNOWN"
          },
          {
            "id": 19,
            "text": "1 : 손톱 건강은 괜찮아?",
            "norm_text": "손톱 건강은 괜찮아?",
            "speaker": {
              "id": "1번",
              "sex": "여성",
              "age": "20대"
            },
            "speechAct": "(지시) 질문하기",
            "morpheme": "손톱/NNG+건강/NNG+은/JX+괜찮/VA+아/EF"
          },
          {
            "id": 20,
            "text": "2 : 웅 괜찮은 거 같아",
            "norm_text": "웅 괜찮은 거 같아",
            "speaker": {
              "id": "2번",
              "sex": "여성",
              "age": "20대"
            },
            "speechAct": "(단언) 진술하기",
            "morpheme": "웅/IC+괜찮/VA+은/ETM+거/NNB+같/VA+아/EC"
          }
        ]
      }
    }
  ]
}