{
  "dataset": {
    "identifier": 127777,
    "name": "FACEBOOK_121_02_set",
    "src_path": "/data/file/cubeManager/PROJECT001/84/txt20211108155848027064/FACEBOOK_121_02_set/",
    "label_path": "/data/file/cubeManager/PROJECT001/84/txt20211108155848027064/FACEBOOK_121_02_set/",
    "category": 2,
    "type": 0
  },
  "licenses": {
    "name": "Apache License 1.0",
    "url": "http://www.apache.org/licenses/LICENSE-1.0"
  },
  "info": [
    {
      "id": 141726,
      "filename": "FACEBOOK_121_02.txt",
      "title": "FACEBOOK_121_02",
      "mediatype": "SNS",
      "medianame": "페이스북",
      "category": "일상대화",
      "date": "2021-11-08",
      "size": 399,
      "annotations": {
        "subject": "주거와 생활",
        "speaker_type": "1:1",
        "size": 399,
        "word_size": 142,
        "text": "1 : 오빠 집 이케아 가구 써?\n2 : 아니 나는 이케아 가구 안 써\n1 : 오 그럼 어디 가구 써?\n2 : 이케아 가구 좋은 거 뭐 있어?\n1 : 응 요즘 이케아께 이쁜게 많더라\n2 : 나는 가구 부모님이 사준 거라서 ㅜㅜ\n1 : 아하 나는 요새 셀프 시공 하고 있어 키키\n2 : 이케아께 이뻐?\n2 : 여자친구한테 하나 사 달라 할래 키키\n1 : 응 추천 해~\n1 : 침대 협탁 같은 거 좋더라\n2 : 아 진짜 이쁜 거 키키 사 달라해야지\n1 : 요새 인테리어에 관심이 많아서 자주 사\n2 : 아 진짜 나는 그런 거에 관심이 별로 없어서 ㅠㅠ\n1 : 아무래도 키키\n1 : 그래도 꾸며 놓으면 이쁘지 않아?\n2 : 이쁜 거 있음 보여줘 여자친구 보여주게\n1 : 내가 한번 보고 사이트 알려줄게 키키\n2 : 웅 여자친구가 그런 거에 관심이 많아",
        "lines": [
          {
            "id": 1,
            "text": "1 : 오빠 집 이케아 가구 써?",
            "norm_text": "오빠 집 이케아 가구 써?",
            "speaker": {
              "id": "1번",
              "sex": "여성",
              "age": "20대"
            },
            "speechAct": "(지시) 질문하기",
            "morpheme": "오빠/NNG+집/NNG+이/JKS+케아/NNP+가구/NNG+써/VV+EF"
          },
          {
            "id": 2,
            "text": "2 : 아니 나는 이케아 가구 안 써",
            "norm_text": "아니 나는 이케아 가구 안 써",
            "speaker": {
              "id": "2번",
              "sex": "남성",
              "age": "20대"
            },
            "speechAct": "(단언) 진술하기",
            "morpheme": "아니/IC+나/NP+는/JX+이케아/NNP+가구/NNG+안/MAG+써/VV+EC"
          },
          {
            "id": 3,
            "text": "1 : 오 그럼 어디 가구 써?",
            "norm_text": "오 그럼 어디 가구 써?",
            "speaker": {
              "id": "1번",
              "sex": "여성",
              "age": "20대"
            },
            "speechAct": "(지시) 질문하기",
            "morpheme": "오/IC+그럼/MAJ+어디/NP+가/VV+구/EC+써/VV+EF"
          },
          {
            "id": 4,
            "text": "2 : 이케아 가구 좋은 거 뭐 있어?",
            "norm_text": "이케아 가구 좋은 거 뭐 있어?",
            "speaker": {
              "id": "2번",
              "sex": "남성",
              "age": "20대"
            },
            "speechAct": "(지시) 질문하기",
            "morpheme": "이케아/NNP+가구/NNG+좋/VA+은/ETM+거/NNB+뭐/IC+있/VA+어/EF"
          },
          {
            "id": 5,
            "text": "1 : 응 요즘 이케아께 이쁜게 많더라",
            "norm_text": "응 요즘 이케아께 이쁜게 많더라",
            "speaker": {
              "id": "1번",
              "sex": "여성",
              "age": "20대"
            },
            "speechAct": "(단언) 주장하기",
            "morpheme": "응/IC+요즘/MAG+이케아/NNP+께/JKB+이쁜/VA+ETM+게/NNB+JKS+많/VA+더라/EC"
          },
          {
            "id": 6,
            "text": "2 : 나는 가구 부모님이 사준 거라서 ㅜㅜ",
            "norm_text": "나는 가구 부모님이 사준 거라서 ㅜㅜ",
            "speaker": {
              "id": "2번",
              "sex": "남성",
              "age": "20대"
            },
            "speechAct": "(단언) 진술하기",
            "morpheme": "나/NP+는/JX+가구/NNG+부모/NNG+님/XSN+이/JKS+사/VV+EC+준/VX+ETM+거/NNB+라서/VCP+EC+ㅜㅜ/UNKNOWN"
          },
          {
            "id": 7,
            "text": "1 : 아하 나는 요새 셀프 시공 하고 있어 키키",
            "norm_text": "아하 나는 요새 셀프 시공 하고 있어 키키",
            "speaker": {
              "id": "1번",
              "sex": "여성",
              "age": "20대"
            },
            "speechAct": "(단언) 진술하기",
            "morpheme": "아/IC+하나/NR+는/JX+요새/NNG+셀프/NNG+시공/NNG+하/XSV+고/EC+있/VX+어/EC+키/NNG+키/XSV+ETN"
          },
          {
            "id": 8,
            "text": "2 : 이케아께 이뻐?",
            "norm_text": "이케아께 이뻐?",
            "speaker": {
              "id": "2번",
              "sex": "남성",
              "age": "20대"
            },
            "speechAct": "(지시) 질문하기",
            "morpheme": "이케아/NNP+께/JKB+이뻐/VA+EF"
          },
          {
            "id": 9,
            "text": "2 : 여자친구한테 하나 사 달라 할래 키키",
            "norm_text": "여자친구한테 하나 사 달라 할래 키키",
            "speaker": {
              "id": "2번",
              "sex": "남성",
              "age": "20대"
            },
            "speechAct": "(단언) 주장하기",
            "morpheme": "여자/NNG+친구/NNG+한테/JKB+하나/NR+사/NR+달라/VA+EC+할래/VV+EC+키/NNG+키/XSV+ETN"
          },
          {
            "id": 10,
            "text": "1 : 응 추천 해~",
            "norm_text": "응 추천 해~",
            "speaker": {
              "id": "1번",
              "sex": "여성",
              "age": "20대"
            },
            "speechAct": "(단언) 주장하기",
            "morpheme": "응/IC+추천/NNG+해/XSV+EC+~/SY"
          },
          {
            "id": 11,
            "text": "1 : 침대 협탁 같은 거 좋더라",
            "norm_text": "침대 협탁 같은 거 좋더라",
            "speaker": {
              "id": "1번",
              "sex": "여성",
              "age": "20대"
            },
            "speechAct": "(단언) 주장하기",
            "morpheme": "침대/NNG+협/NNG+탁/MAG+같/VA+은/ETM+거/NNB+좋/VA+더라/EC"
          },
          {
            "id": 12,
            "text": "2 : 아 진짜 이쁜 거 키키 사 달라해야지",
            "norm_text": "아 진짜 이쁜 거 키키 사 달라해야지",
            "speaker": {
              "id": "2번",
              "sex": "남성",
              "age": "20대"
            },
            "speechAct": "(단언) 주장하기",
            "morpheme": "아/IC+진짜/MAG+이쁜/VA+ETM+거/NNB+키/NNG+키/XSV+ETN+사/VV+EC+달/VX+라/EC+해야지/VX+EC"
          },
          {
            "id": 13,
            "text": "1 : 요새 인테리어에 관심이 많아서 자주 사",
            "norm_text": "요새 인테리어에 관심이 많아서 자주 사",
            "speaker": {
              "id": "1번",
              "sex": "여성",
              "age": "20대"
            },
            "speechAct": "(단언) 진술하기",
            "morpheme": "요새/NNG+인테리어/NNG+에/JKB+관심/NNG+이/JKS+많/VA+아서/EC+자주/MAG+사/VV+EC"
          },
          {
            "id": 14,
            "text": "2 : 아 진짜 나는 그런 거에 관심이 별로 없어서 ㅠㅠ",
            "norm_text": "아 진짜 나는 그런 거에 관심이 별로 없어서 ㅠㅠ",
            "speaker": {
              "id": "2번",
              "sex": "남성",
              "age": "20대"
            },
            "speechAct": "(단언) 주장하기",
            "morpheme": "아/IC+진짜/MAG+나/NP+는/JX+그런/MM+거/NNB+에/JKB+관심/NNG+이/JKS+별로/MAG+없/VA+어서/EC+ㅠㅠ/UNKNOWN"
          },
          {
            "id": 15,
            "text": "1 : 아무래도 키키",
            "norm_text": "아무래도 키키",
            "speaker": {
              "id": "1번",
              "sex": "여성",
              "age": "20대"
            },
            "speechAct": "턴토크 사인(관습적 반응)",
            "morpheme": "아무래도/MAG+키/NNG+키/XSV+ETN"
          },
          {
            "id": 16,
            "text": "1 : 그래도 꾸며 놓으면 이쁘지 않아?",
            "norm_text": "그래도 꾸며 놓으면 이쁘지 않아?",
            "speaker": {
              "id": "1번",
              "sex": "여성",
              "age": "20대"
            },
            "speechAct": "(지시) 질문하기",
            "morpheme": "그래도/MAJ+꾸며/VV+EC+놓/VX+으면/EC+이쁘/VA+지/EC+않/VX+아/EF"
          },
          {
            "id": 17,
            "text": "2 : 이쁜 거 있음 보여줘 여자친구 보여주게",
            "norm_text": "이쁜 거 있음 보여줘 여자친구 보여주게",
            "speaker": {
              "id": "2번",
              "sex": "남성",
              "age": "20대"
            },
            "speechAct": "(단언) 주장하기",
            "morpheme": "이쁜/VA+ETM+거/NNB+있/VA+음/ETN+보여/VV+EC+줘/VX+EC+여자/NNG+친구/NNG+보여/VV+EC+주/VX+게/EC"
          },
          {
            "id": 18,
            "text": "1 : 내가 한번 보고 사이트 알려줄게 키키",
            "norm_text": "내가 한번 보고 사이트 알려줄게 키키",
            "speaker": {
              "id": "1번",
              "sex": "여성",
              "age": "20대"
            },
            "speechAct": "(지시) 충고/제안하기",
            "morpheme": "내/NP+가/JKS+한/MM+번/NNBC+보/VV+고/EC+사이트/NNG+알려/VV+EC+줄/VX+ETM+게/NNB+JKS+키/NNG+키/XSV+ETN"
          },
          {
            "id": 19,
            "text": "2 : 웅 여자친구가 그런 거에 관심이 많아",
            "norm_text": "웅 여자친구가 그런 거에 관심이 많아",
            "speaker": {
              "id": "2번",
              "sex": "남성",
              "age": "20대"
            },
            "speechAct": "(단언) 진술하기",
            "morpheme": "웅/IC+여자/NNG+친구/NNG+가/JKS+그런/MM+거/NNB+에/JKB+관심/NNG+이/JKS+많/VA+아/EC"
          }
        ]
      }
    }
  ]
}