{
  "dataset": {
    "identifier": 118021,
    "name": "FACEBOOK_111_09_set",
    "src_path": "/data/file/cubeManager/PROJECT001/80/txt202111021533190500102/FACEBOOK_111_09_set/",
    "label_path": "/data/file/cubeManager/PROJECT001/80/txt202111021533190500102/FACEBOOK_111_09_set/",
    "category": 2,
    "type": 0
  },
  "licenses": {
    "name": "Apache License 1.0",
    "url": "http://www.apache.org/licenses/LICENSE-1.0"
  },
  "info": [
    {
      "id": 130033,
      "filename": "FACEBOOK_111_09.txt",
      "title": "FACEBOOK_111_09",
      "mediatype": "SNS",
      "medianame": "페이스북",
      "category": "일상대화",
      "date": "2021-11-02",
      "size": 402,
      "annotations": {
        "subject": "반려동물",
        "speaker_type": "1:1",
        "size": 402,
        "word_size": 135,
        "text": "1 : 언니는 본가에서는 동물 안 키워?\n2 : 본가에서는 강아지 키우고 있어~\n1 : 아 진짜? 강아지 이름이 뭐야~?\n2 : 우리 강아지 이름은 봄이야~\n1 : 헐 보미!? 진짜 짱 귀엽겠다\n1 : 뭔가 털 색은 흰색일 거 같아!\n2 : 응 키키 맞아\n2 : 털 색은 흰색이지~\n1 : 오오! 혹시 견종이 어떻게 돼?\n2 : 우리 집 견종은 마티즈야~\n1 : 헐 소름 나 말티즈 생각하고 있었는데!\n1 : 텔레파시 장난 아니쥬?\n2 : 마티즈가 제일 귀여운 견종인 거 같아 ㅠㅠ\n1 : 키키 맞아 진짜 말티즈는 사랑이야!\n1 : 애기 몇 살이야!?\n2 : 아 이제 곧 2살이야~\n1 : 아 아직 애기네 애기야!\n2 : 아직 애기라서 손길이 많이 필요해 ㅠㅠ\n1 : 키키 지금 완전 똥꼬발랄 할 거 같은데?\n2 : 그래서 얼른 서울 올라가고 싶다 ㅠㅠ",
        "lines": [
          {
            "id": 1,
            "text": "1 : 언니는 본가에서는 동물 안 키워?",
            "norm_text": "언니는 본가에서는 동물 안 키워?",
            "speaker": {
              "id": "1번",
              "sex": "여성",
              "age": "20대"
            },
            "speechAct": "(지시) 질문하기",
            "morpheme": "언니/NNG+는/JX+본가/NNG+에서/JKB+는/JX+동물/NNG+안/MAG+키워/VV+EF"
          },
          {
            "id": 2,
            "text": "2 : 본가에서는 강아지 키우고 있어~",
            "norm_text": "본가에서는 강아지 키우고 있어~",
            "speaker": {
              "id": "2번",
              "sex": "여성",
              "age": "20대"
            },
            "speechAct": "(단언) 진술하기",
            "morpheme": "본가/NNG+에서/JKB+는/JX+강아지/NNG+키우/VV+고/EC+있/VX+어/EC+~/SY"
          },
          {
            "id": 3,
            "text": "1 : 아 진짜? 강아지 이름이 뭐야~?",
            "norm_text": "아 진짜? 강아지 이름이 뭐야~?",
            "speaker": {
              "id": "1번",
              "sex": "여성",
              "age": "20대"
            },
            "speechAct": "(지시) 질문하기",
            "morpheme": "아/IC+진짜/MAG+강아지/NNG+이름/NNG+이/JKS+뭐/NP+야/VCP+EF+~/SY"
          },
          {
            "id": 4,
            "text": "2 : 우리 강아지 이름은 봄이야~",
            "norm_text": "우리 강아지 이름은 봄이야~",
            "speaker": {
              "id": "2번",
              "sex": "여성",
              "age": "20대"
            },
            "speechAct": "(단언) 진술하기",
            "morpheme": "우리/NP+강아지/NNG+이름/NNG+은/JX+봄/NNG+이/VCP+야/EC+~/SY"
          },
          {
            "id": 5,
            "text": "1 : 헐 보미!? 진짜 짱 귀엽겠다",
            "norm_text": "헐 보미!? 진짜 짱 귀엽겠다",
            "speaker": {
              "id": "1번",
              "sex": "여성",
              "age": "20대"
            },
            "speechAct": "(단언) 주장하기",
            "morpheme": "헐보/NNG+미/NNP+!/SY+진짜/MAG+짱/MAG+귀엽/VA+겠/EP+다/EC"
          },
          {
            "id": 6,
            "text": "1 : 뭔가 털 색은 흰색일 거 같아!",
            "norm_text": "뭔가 털 색은 흰색일 거 같아!",
            "speaker": {
              "id": "1번",
              "sex": "여성",
              "age": "20대"
            },
            "speechAct": "(단언) 주장하기",
            "morpheme": "뭔가/NP+VCP+EC+털색/NNG+은/JX+흰색/NNG+일/VCP+ETM+거/NNB+같/VA+아/EF"
          },
          {
            "id": 7,
            "text": "2 : 응 키키 맞아",
            "norm_text": "응 키키 맞아",
            "speaker": {
              "id": "2번",
              "sex": "여성",
              "age": "20대"
            },
            "speechAct": "(단언) 주장하기",
            "morpheme": "응/IC+키/NNG+키/XSV+ETN+맞/VV+아/EC"
          },
          {
            "id": 8,
            "text": "2 : 털 색은 흰색이지~",
            "norm_text": "털 색은 흰색이지~",
            "speaker": {
              "id": "2번",
              "sex": "여성",
              "age": "20대"
            },
            "speechAct": "(단언) 진술하기",
            "morpheme": "털색/NNG+은/JX+흰색/NNG+이/VCP+지/EC+~/SY"
          },
          {
            "id": 9,
            "text": "1 : 오오! 혹시 견종이 어떻게 돼?",
            "norm_text": "오오! 혹시 견종이 어떻게 돼?",
            "speaker": {
              "id": "1번",
              "sex": "여성",
              "age": "20대"
            },
            "speechAct": "(지시) 질문하기",
            "morpheme": "오오/IC+혹시/MAG+견/NNG+종이/NNG+어떻게/MAG+돼/VV+EF"
          },
          {
            "id": 10,
            "text": "2 : 우리 집 견종은 마티즈야~",
            "norm_text": "우리 집 견종은 마티즈야~",
            "speaker": {
              "id": "2번",
              "sex": "여성",
              "age": "20대"
            },
            "speechAct": "(단언) 진술하기",
            "morpheme": "우리집견종은마티즈야/UNKNOWN+~/SY"
          },
          {
            "id": 11,
            "text": "1 : 헐 소름 나 말티즈 생각하고 있었는데!",
            "norm_text": "헐 소름 나 말티즈 생각하고 있었는데!",
            "speaker": {
              "id": "1번",
              "sex": "여성",
              "age": "20대"
            },
            "speechAct": "(단언) 주장하기",
            "morpheme": "헐/IC+소름/NNG+나말/NNG+티즈/NNP+생각/NNG+하/XSV+고/EC+있/VX+었/EP+는데/EF"
          },
          {
            "id": 12,
            "text": "1 : 텔레파시 장난 아니쥬?",
            "norm_text": "텔레파시 장난 아니쥬?",
            "speaker": {
              "id": "1번",
              "sex": "여성",
              "age": "20대"
            },
            "speechAct": "(단언) 주장하기",
            "morpheme": "텔레파시/NNG+장난/NNG+아니/VCN+쥬/EF"
          },
          {
            "id": 13,
            "text": "2 : 마티즈가 제일 귀여운 견종인 거 같아 ㅠㅠ",
            "norm_text": "마티즈가 제일 귀여운 견종인 거 같아 ㅠㅠ",
            "speaker": {
              "id": "2번",
              "sex": "여성",
              "age": "20대"
            },
            "speechAct": "(단언) 주장하기",
            "morpheme": "마티즈/NNP+가/JKS+제일/MAG+귀여운/VA+ETM+견/NNG+종/NNG+인/VCP+ETM+거/NNB+같/VA+아/EC+ㅠㅠ/UNKNOWN"
          },
          {
            "id": 14,
            "text": "1 : 키키 맞아 진짜 말티즈는 사랑이야!",
            "norm_text": "키키 맞아 진짜 말티즈는 사랑이야!",
            "speaker": {
              "id": "1번",
              "sex": "여성",
              "age": "20대"
            },
            "speechAct": "(단언) 주장하기",
            "morpheme": "키/NNG+키/XSV+ETN+맞/VV+아/EC+진짜/MAG+말/NNG+티즈/NNP+는/JX+사랑/NNG+이/VCP+야/EF"
          },
          {
            "id": 15,
            "text": "1 : 애기 몇 살이야!?",
            "norm_text": "애기 몇 살이야!?",
            "speaker": {
              "id": "1번",
              "sex": "여성",
              "age": "20대"
            },
            "speechAct": "(지시) 질문하기",
            "morpheme": "애기/NNG+몇/MM+살/NNBC+이/VCP+야/EC+!/SY"
          },
          {
            "id": 16,
            "text": "2 : 아 이제 곧 2살이야~",
            "norm_text": "아 이제 곧 2살이야~",
            "speaker": {
              "id": "2번",
              "sex": "여성",
              "age": "20대"
            },
            "speechAct": "(단언) 진술하기",
            "morpheme": "아/IC+이제/MAG+곧/MAG+2/SN+살/NNBC+이/VCP+야/EC+~/SY"
          },
          {
            "id": 17,
            "text": "1 : 아 아직 애기네 애기야!",
            "norm_text": "아 아직 애기네 애기야!",
            "speaker": {
              "id": "1번",
              "sex": "여성",
              "age": "20대"
            },
            "speechAct": "(단언) 주장하기",
            "morpheme": "아/IC+아직/MAG+애기네/NNG+애기/NNG+야/VCP+EF"
          },
          {
            "id": 18,
            "text": "2 : 아직 애기라서 손길이 많이 필요해 ㅠㅠ",
            "norm_text": "아직 애기라서 손길이 많이 필요해 ㅠㅠ",
            "speaker": {
              "id": "2번",
              "sex": "여성",
              "age": "20대"
            },
            "speechAct": "(단언) 주장하기",
            "morpheme": "아직/MAG+애기/NNG+라서/VCP+EC+손길/NNG+이/JKS+많이/MAG+필요/NNG+해/XSV+EC+ㅠㅠ/UNKNOWN"
          },
          {
            "id": 19,
            "text": "1 : 키키 지금 완전 똥꼬발랄 할 거 같은데?",
            "norm_text": "키키 지금 완전 똥꼬발랄 할 거 같은데?",
            "speaker": {
              "id": "1번",
              "sex": "여성",
              "age": "20대"
            },
            "speechAct": "(단언) 주장하기",
            "morpheme": "키/NNG+키/NNG+지금/MAG+완전/MAG+똥/NNG+꼬/VCP+EC+발랄/XR+할/XSA+ETM+거/NNB+같/VA+은데/EF"
          },
          {
            "id": 20,
            "text": "2 : 그래서 얼른 서울 올라가고 싶다 ㅠㅠ",
            "norm_text": "그래서 얼른 서울 올라가고 싶다 ㅠㅠ",
            "speaker": {
              "id": "2번",
              "sex": "여성",
              "age": "20대"
            },
            "speechAct": "(단언) 주장하기",
            "morpheme": "그래서/MAJ+얼른/MAG+서울/NNP+올라가/VV+고/EC+싶/VX+다/EF+ㅠㅠ/UNKNOWN"
          }
        ]
      }
    }
  ]
}