{
  "dataset": {
    "identifier": 124190,
    "name": "FACEBOOK_123_04_set",
    "src_path": "/data/file/cubeManager/PROJECT001/84/txt20211105092819060624/FACEBOOK_123_04_set/",
    "label_path": "/data/file/cubeManager/PROJECT001/84/txt20211105092819060624/FACEBOOK_123_04_set/",
    "category": 2,
    "type": 0
  },
  "licenses": {
    "name": "Apache License 1.0",
    "url": "http://www.apache.org/licenses/LICENSE-1.0"
  },
  "info": [
    {
      "id": 138073,
      "filename": "FACEBOOK_123_04.txt",
      "title": "FACEBOOK_123_04",
      "mediatype": "SNS",
      "medianame": "페이스북",
      "category": "일상대화",
      "date": "2021-11-05",
      "size": 466,
      "annotations": {
        "subject": "회사/아르바이트",
        "speaker_type": "1:1",
        "size": 466,
        "word_size": 167,
        "text": "1 : 나 알바를 거의 직장인 급으로 하는 중 키키\n2 : 아 진짜 무슨 일 하고 있는데\n1 : 퇴근하고 매일 5시간씩 하고 있어 키키 재택 근무\n2 : 직장인 정도로 일을 시킨다고? 키키\n1 : 수당 따로 주려나? 내 자율이긴 한데 ㅠㅠ\n2 : 아 진짜 너무 많이 일하는 거 아니야? 키키\n1 : 그러게 키키 때부자 될려고 키키  오지게 모은다\n2 : 아 진짜 그래도 돈 많이 줄 거 아니야\n1 : 응 맞아 겨울에 코 수술 하려고 열심히 하하\n2 : 돈 모으는 재미로 걍 알바한다 생각해 키키\n1 : 맞아 키키 내 용돈 벌이도 되긴 해\n2 : 아 진짜 코수술 키키\n2 : 열심히 모아라 난 이미 코 했어 키키\n1 : 아 정말? ㅠㅠ\n1 : 지금 반절 모았어 키키 금방이야 이거\n2 : 나는 또 하고 싶다 오똑하게 키키\n2 : 남자들도 요새 많이 해\n1 : 아 그래?\n1 : 나도 얼른 돈 벌고 해야지 키키 퇴사 선물로\n2 : 우리 진짜 열심히 일해서 돈 많이 모으자",
        "lines": [
          {
            "id": 1,
            "text": "1 : 나 알바를 거의 직장인 급으로 하는 중 키키",
            "norm_text": "나 알바를 거의 직장인 급으로 하는 중 키키",
            "speaker": {
              "id": "1번",
              "sex": "여성",
              "age": "20대"
            },
            "speechAct": "(단언) 진술하기",
            "morpheme": "나/NP+알/VV+ETM+바/NNB+를/JKO+거의/MAG+직장/NNG+인/VCP+ETM+급/NNG+으로/JKB+하/VV+는/ETM+중키/NNG+키/XSV+ETN"
          },
          {
            "id": 2,
            "text": "2 : 아 진짜 무슨 일 하고 있는데",
            "norm_text": "아 진짜 무슨 일 하고 있는데",
            "speaker": {
              "id": "2번",
              "sex": "남성",
              "age": "20대"
            },
            "speechAct": "(지시) 질문하기",
            "morpheme": "아/IC+진짜/MAG+무슨/MM+일/NNG+하/XSV+고/EC+있/VX+는데/EC"
          },
          {
            "id": 3,
            "text": "1 : 퇴근하고 매일 5시간씩 하고 있어 키키 재택 근무",
            "norm_text": "퇴근하고 매일 5시간씩 하고 있어 키키 재택 근무",
            "speaker": {
              "id": "1번",
              "sex": "여성",
              "age": "20대"
            },
            "speechAct": "(단언) 진술하기",
            "morpheme": "퇴근/NNG+하/XSV+고/EC+매일/MAG+5/SN+시간/NNBC+씩/XSN+하/VV+고/EC+있/VX+어/EC+키/NNG+키/NNG+재택근무/NNG"
          },
          {
            "id": 4,
            "text": "2 : 직장인 정도로 일을 시킨다고? 키키",
            "norm_text": "직장인 정도로 일을 시킨다고? 키키",
            "speaker": {
              "id": "2번",
              "sex": "남성",
              "age": "20대"
            },
            "speechAct": "(지시) 질문하기",
            "morpheme": "직장/NNG+인/VCP+ETM+정도/NNG+로/JKB+일/NNG+을/JKO+시킨다고/VV+EF+키/NNG+키/XSV+ETN"
          },
          {
            "id": 5,
            "text": "1 : 수당 따로 주려나? 내 자율이긴 한데 ㅠㅠ",
            "norm_text": "수당 따로 주려나? 내 자율이긴 한데 ㅠㅠ",
            "speaker": {
              "id": "1번",
              "sex": "여성",
              "age": "20대"
            },
            "speechAct": "(지시) 질문하기",
            "morpheme": "수당/NNG+따로/MAG+주/VV+려나/EF+내자율이긴한데ㅠㅠ/UNKNOWN"
          },
          {
            "id": 6,
            "text": "2 : 아 진짜 너무 많이 일하는 거 아니야? 키키",
            "norm_text": "아 진짜 너무 많이 일하는 거 아니야? 키키",
            "speaker": {
              "id": "2번",
              "sex": "남성",
              "age": "20대"
            },
            "speechAct": "(단언) 주장하기",
            "morpheme": "아/IC+진짜/MAG+너무/MAG+많이/MAG+일/NNG+하/XSV+는/ETM+거/NNB+아니/VCN+야/EF+키/NNG+키/XSV+ETN"
          },
          {
            "id": 7,
            "text": "1 : 그러게 키키 때부자 될려고 키키  오지게 모은다",
            "norm_text": "그러게 키키 때부자 될려고 키키  오지게 모은다",
            "speaker": {
              "id": "1번",
              "sex": "여성",
              "age": "20대"
            },
            "speechAct": "(단언) 주장하기",
            "morpheme": "그러/VV+게/EC+키/NNG+키/NNG+때/NNG+부자/NNG+될/XSV+ETM+려고/NNG+키/XSV+ETN+키/VV+오/EC+지/VX+게/EC+모은다/VV+EC"
          },
          {
            "id": 8,
            "text": "2 : 아 진짜 그래도 돈 많이 줄 거 아니야",
            "norm_text": "아 진짜 그래도 돈 많이 줄 거 아니야",
            "speaker": {
              "id": "2번",
              "sex": "남성",
              "age": "20대"
            },
            "speechAct": "(단언) 주장하기",
            "morpheme": "아/IC+진짜/MAG+그래도/VV+EC+돈/NNG+많이/MAG+줄/VV+ETM+거/NNB+아니/VCN+야/EC"
          },
          {
            "id": 9,
            "text": "1 : 응 맞아 겨울에 코 수술 하려고 열심히 하하",
            "norm_text": "응 맞아 겨울에 코 수술 하려고 열심히 하하",
            "speaker": {
              "id": "1번",
              "sex": "여성",
              "age": "20대"
            },
            "speechAct": "(단언) 진술하기",
            "morpheme": "응/IC+맞/VV+아/EC+겨울/NNG+에/JKB+코/NNG+수술/NNG+하/XSV+려고/EC+열심히/MAG+하하/MAG"
          },
          {
            "id": 10,
            "text": "2 : 돈 모으는 재미로 걍 알바한다 생각해 키키",
            "norm_text": "돈 모으는 재미로 걍 알바한다 생각해 키키",
            "speaker": {
              "id": "2번",
              "sex": "남성",
              "age": "20대"
            },
            "speechAct": "(지시) 충고/제안하기",
            "morpheme": "돈/NNG+모으/VV+는/ETM+재미/NNG+로/JKB+걍/UNKNOWN+알/VV+ETM+바/NNB+한다/VV+EC+생각/NNG+해/XSV+EC+키/NNG+키/XSV+ETN"
          },
          {
            "id": 11,
            "text": "1 : 맞아 키키 내 용돈 벌이도 되긴 해",
            "norm_text": "맞아 키키 내 용돈 벌이도 되긴 해",
            "speaker": {
              "id": "1번",
              "sex": "여성",
              "age": "20대"
            },
            "speechAct": "(단언) 주장하기",
            "morpheme": "맞/VV+아/EC+키/NNG+키/NNG+내용/NNG+돈벌이/NNG+도/JX+되/VV+긴/ETN+JX+해/VX+EC"
          },
          {
            "id": 12,
            "text": "2 : 아 진짜 코수술 키키",
            "norm_text": "아 진짜 코수술 키키",
            "speaker": {
              "id": "2번",
              "sex": "남성",
              "age": "20대"
            },
            "speechAct": "턴토크 사인(관습적 반응)",
            "morpheme": "아/IC+진짜/MAG+코/NNG+수술/NNG+키/NNG+키/XSV+ETN"
          },
          {
            "id": 13,
            "text": "2 : 열심히 모아라 난 이미 코 했어 키키",
            "norm_text": "열심히 모아라 난 이미 코 했어 키키",
            "speaker": {
              "id": "2번",
              "sex": "남성",
              "age": "20대"
            },
            "speechAct": "(지시) 명령/요구하기",
            "morpheme": "열심히/MAG+모아라/VV+EF+난/NP+JX+이미/MAG+코/NNG+했/XSV+EP+어/EC+키/NNG+키/XSV+ETN"
          },
          {
            "id": 14,
            "text": "1 : 아 정말? ㅠㅠ",
            "norm_text": "아 정말? ㅠㅠ",
            "speaker": {
              "id": "1번",
              "sex": "여성",
              "age": "20대"
            },
            "speechAct": "(지시) 질문하기",
            "morpheme": "아/IC+정말/MAG+ㅠㅠ/UNKNOWN"
          },
          {
            "id": 15,
            "text": "1 : 지금 반절 모았어 키키 금방이야 이거",
            "norm_text": "지금 반절 모았어 키키 금방이야 이거",
            "speaker": {
              "id": "1번",
              "sex": "여성",
              "age": "20대"
            },
            "speechAct": "(단언) 진술하기",
            "morpheme": "지금/MAG+반절/NNG+모았/VV+EP+어/EC+키/NNG+키/NNG+금방/MAG+이야/IC+이거/NP"
          },
          {
            "id": 16,
            "text": "2 : 나는 또 하고 싶다 오똑하게 키키",
            "norm_text": "나는 또 하고 싶다 오똑하게 키키",
            "speaker": {
              "id": "2번",
              "sex": "남성",
              "age": "20대"
            },
            "speechAct": "(단언) 주장하기",
            "morpheme": "나/NP+는/JX+또/MAG+하/VV+고/EC+싶/VX+다/EC+오똑/MAG+하/VV+게/EC+키/NNG+키/XSV+ETN"
          },
          {
            "id": 17,
            "text": "2 : 남자들도 요새 많이 해",
            "norm_text": "남자들도 요새 많이 해",
            "speaker": {
              "id": "2번",
              "sex": "남성",
              "age": "20대"
            },
            "speechAct": "(단언) 진술하기",
            "morpheme": "남자/NNG+들/XSN+도/JX+요새/MAG+많이/MAG+해/VV+EC"
          },
          {
            "id": 18,
            "text": "1 : 아 그래?",
            "norm_text": "아 그래?",
            "speaker": {
              "id": "1번",
              "sex": "여성",
              "age": "20대"
            },
            "speechAct": "(지시) 질문하기",
            "morpheme": "아/IC+그래/IC"
          },
          {
            "id": 19,
            "text": "1 : 나도 얼른 돈 벌고 해야지 키키 퇴사 선물로",
            "norm_text": "나도 얼른 돈 벌고 해야지 키키 퇴사 선물로",
            "speaker": {
              "id": "1번",
              "sex": "여성",
              "age": "20대"
            },
            "speechAct": "(언약) 약속하기(제3자와)/(개인적 수준)",
            "morpheme": "나/NP+도/JX+얼른/MAG+돈/NNG+벌/VV+고/EC+해야지/VX+EC+키/NNG+키/NNG+퇴사/NNG+선물/NNG+로/JKB"
          },
          {
            "id": 20,
            "text": "2 : 우리 진짜 열심히 일해서 돈 많이 모으자",
            "norm_text": "우리 진짜 열심히 일해서 돈 많이 모으자",
            "speaker": {
              "id": "2번",
              "sex": "남성",
              "age": "20대"
            },
            "speechAct": "(언약) 약속하기(제3자와)/(개인적 수준)",
            "morpheme": "우리/NP+진짜/MAG+열심히/MAG+일/NNG+해서/XSV+EC+돈/NNG+많이/MAG+모으/VV+자/EC"
          }
        ]
      }
    }
  ]
}