{
  "dataset": {
    "identifier": 103826,
    "name": "FACEBOOK_109_15_set",
    "src_path": "/data/file/cubeManager/PROJECT001/77/txt20211029160805066182/FACEBOOK_109_15_set/",
    "label_path": "/data/file/cubeManager/PROJECT001/77/txt20211029160805066182/FACEBOOK_109_15_set/",
    "category": 2,
    "type": 0
  },
  "licenses": {
    "name": "Apache License 1.0",
    "url": "http://www.apache.org/licenses/LICENSE-1.0"
  },
  "info": [
    {
      "id": 111323,
      "filename": "FACEBOOK_109_15.txt",
      "title": "FACEBOOK_109_15",
      "mediatype": "SNS",
      "medianame": "페이스북",
      "category": "일상대화",
      "date": "2021-10-29",
      "size": 431,
      "annotations": {
        "subject": "타 국가 이슈",
        "speaker_type": "1:1",
        "size": 431,
        "word_size": 142,
        "text": "1 : 언니 반고흐라는 미술작가 알아?\n2 : 응!\n2 : 그 화가 엄청 유명하잖아!\n1 : 맞아!\n1 : 이번에 반 고흐 작품이 경매에 나온대!\n2 : 와 경매면 엄청 비싸겠는데?\n1 : 낙찰가 350억 원 예상이래!\n2 : 그 돈이면 나는 못 보겠다 키키\n1 : 맞아 키키\n1 :  이게 독일이 나치 시절에 약탈해왔던 작품이래!\n2 : 진짜 역사가 깊은 작품이네!\n1 : 맞아\n1 : 미술관에 계속 전시했다가 이번에 경매에 나온대!\n2 : 개인이 작품을 그냥 사간 거야?\n1 : 이제 경매에 나올 예정이고 이제 개인도 경매에 낙찰되면 가져갈 수 있겠지?\n2 : 와, 내가 낙찰하고 싶다!\n1 : 키키 진짜!\n1 : 하지만 나는 350만 원도 없다는!\n1 : 언니는?\n2 : 나도 그냥 일개 사회원일 뿐이지 키키\n1 : 키키 350억 원, 진짜 대박인 거 같아,\n2 : 진짜 내가 그 돈을 벌 수나 있을까나",
        "lines": [
          {
            "id": 1,
            "text": "1 : 언니 반고흐라는 미술작가 알아?",
            "norm_text": "언니 반고흐라는 미술작가 알아?",
            "speaker": {
              "id": "1번",
              "sex": "여성",
              "age": "20대"
            },
            "speechAct": "(지시) 질문하기",
            "morpheme": "언니/NNG+반/NNG+고흐/NNP+라는/VCP+ETM+미술/NNG+작가/NNG+알/VV+아/EF"
          },
          {
            "id": 2,
            "text": "2 : 응!",
            "norm_text": "응!",
            "speaker": {
              "id": "2번",
              "sex": "여성",
              "age": "20대"
            },
            "speechAct": "(단언) 주장하기",
            "morpheme": "응/IC"
          },
          {
            "id": 3,
            "text": "2 : 그 화가 엄청 유명하잖아!",
            "norm_text": "그 화가 엄청 유명하잖아!",
            "speaker": {
              "id": "2번",
              "sex": "여성",
              "age": "20대"
            },
            "speechAct": "(단언) 주장하기",
            "morpheme": "그/MM+화/NNG+가/JKS+엄청/MAG+유명/NNG+하/XSV+잖아/EC+VX+EF"
          },
          {
            "id": 4,
            "text": "1 : 맞아!",
            "norm_text": "맞아!",
            "speaker": {
              "id": "1번",
              "sex": "여성",
              "age": "20대"
            },
            "speechAct": "(단언) 주장하기",
            "morpheme": "맞/VV+아/EF"
          },
          {
            "id": 5,
            "text": "1 : 이번에 반 고흐 작품이 경매에 나온대!",
            "norm_text": "이번에 반 고흐 작품이 경매에 나온대!",
            "speaker": {
              "id": "1번",
              "sex": "여성",
              "age": "20대"
            },
            "speechAct": "(단언) 진술하기",
            "morpheme": "이번/NNG+에/JKB+반고/NNG+흐/IC+작품/NNG+이/JKS+경매/NNG+에/JKB+나온대/VV+EF"
          },
          {
            "id": 6,
            "text": "2 : 와 경매면 엄청 비싸겠는데?",
            "norm_text": "와 경매면 엄청 비싸겠는데?",
            "speaker": {
              "id": "2번",
              "sex": "여성",
              "age": "20대"
            },
            "speechAct": "(지시) 질문하기",
            "morpheme": "와경/NNG+매/VV+면/EC+엄청/MAG+비싸/VA+겠/EP+는데/EF"
          },
          {
            "id": 7,
            "text": "1 : 낙찰가 350억 원 예상이래!",
            "norm_text": "낙찰가 350억 원 예상이래!",
            "speaker": {
              "id": "1번",
              "sex": "여성",
              "age": "20대"
            },
            "speechAct": "(단언) 진술하기",
            "morpheme": "낙찰/NNG+가/XSN+350/SN+억/NR+원/NNBC+예상/NNG+이/VCP+래/EF"
          },
          {
            "id": 8,
            "text": "2 : 그 돈이면 나는 못 보겠다 키키",
            "norm_text": "그 돈이면 나는 못 보겠다 키키",
            "speaker": {
              "id": "2번",
              "sex": "여성",
              "age": "20대"
            },
            "speechAct": "(단언) 주장하기",
            "morpheme": "그/MM+돈/NNG+이/VCP+면/EC+나/NP+는/JX+못/MAG+보/VV+겠/EP+다키키/NNP"
          },
          {
            "id": 9,
            "text": "1 : 맞아 키키",
            "norm_text": "맞아 키키",
            "speaker": {
              "id": "1번",
              "sex": "여성",
              "age": "20대"
            },
            "speechAct": "(단언) 주장하기",
            "morpheme": "맞/VV+아/EC+키/NNG+키/XSV+ETN"
          },
          {
            "id": 10,
            "text": "1 :  이게 독일이 나치 시절에 약탈해왔던 작품이래!",
            "norm_text": "이게 독일이 나치 시절에 약탈해왔던 작품이래!",
            "speaker": {
              "id": "1번",
              "sex": "여성",
              "age": "20대"
            },
            "speechAct": "(단언) 진술하기",
            "morpheme": "이게/NP+JKS+독일/NNP+이나/JC+치/IC+시절/NNG+에/JKB+약탈/NNG+해/XSV+EC+왔/VX+EP+던/ETM+작품/NNG+이/VCP+래/EF"
          },
          {
            "id": 11,
            "text": "2 : 진짜 역사가 깊은 작품이네!",
            "norm_text": "진짜 역사가 깊은 작품이네!",
            "speaker": {
              "id": "2번",
              "sex": "여성",
              "age": "20대"
            },
            "speechAct": "(단언) 주장하기",
            "morpheme": "진짜/MAG+역사/NNG+가/JKS+깊/VA+은/ETM+작품/NNG+이/VCP+네/EF"
          },
          {
            "id": 12,
            "text": "1 : 맞아",
            "norm_text": "맞아",
            "speaker": {
              "id": "1번",
              "sex": "여성",
              "age": "20대"
            },
            "speechAct": "(단언) 주장하기",
            "morpheme": "맞/VV+아/EC"
          },
          {
            "id": 13,
            "text": "1 : 미술관에 계속 전시했다가 이번에 경매에 나온대!",
            "norm_text": "미술관에 계속 전시했다가 이번에 경매에 나온대!",
            "speaker": {
              "id": "1번",
              "sex": "여성",
              "age": "20대"
            },
            "speechAct": "(단언) 진술하기",
            "morpheme": "미술관/NNG+에/JKB+계속/MAG+전시/NNG+했/XSV+EP+다가/EC+이번/NNG+에/JKB+경매/NNG+에/JKB+나온대/VV+EF"
          },
          {
            "id": 14,
            "text": "2 : 개인이 작품을 그냥 사간 거야?",
            "norm_text": "개인이 작품을 그냥 사간 거야?",
            "speaker": {
              "id": "2번",
              "sex": "여성",
              "age": "20대"
            },
            "speechAct": "(지시) 질문하기",
            "morpheme": "개인/NNG+이/JKS+작품/NNG+을/JKO+그냥/MAG+사/VV+EC+간/VV+ETM+거/NNB+야/VCP+EF"
          },
          {
            "id": 15,
            "text": "1 : 이제 경매에 나올 예정이고 이제 개인도 경매에 낙찰되면 가져갈 수 있겠지?",
            "norm_text": "이제 경매에 나올 예정이고 이제 개인도 경매에 낙찰되면 가져갈 수 있겠지?",
            "speaker": {
              "id": "1번",
              "sex": "여성",
              "age": "20대"
            },
            "speechAct": "(단언) 진술하기",
            "morpheme": "이제/MAG+경매/NNG+에/JKB+나올/VV+ETM+예정/NNG+이/VCP+고/EC+이제/MAG+개인/NNG+도/JX+경매/NNG+에/JKB+낙찰/NNG+되/XSV+면/EC+가져갈/VV+ETM+수/NNB+있/VV+겠/EP+지/EF"
          },
          {
            "id": 16,
            "text": "2 : 와, 내가 낙찰하고 싶다!",
            "norm_text": "와, 내가 낙찰하고 싶다!",
            "speaker": {
              "id": "2번",
              "sex": "여성",
              "age": "20대"
            },
            "speechAct": "(단언) 주장하기",
            "morpheme": "와/IC+,/SC+내/NP+가/JKS+낙찰/NNG+하/XSV+고/EC+싶/VX+다/EF"
          },
          {
            "id": 17,
            "text": "1 : 키키 진짜!",
            "norm_text": "키키 진짜!",
            "speaker": {
              "id": "1번",
              "sex": "여성",
              "age": "20대"
            },
            "speechAct": "(단언) 주장하기",
            "morpheme": "키/NNG+키/XSV+ETN+진짜/MAG"
          },
          {
            "id": 18,
            "text": "1 : 하지만 나는 350만 원도 없다는!",
            "norm_text": "하지만 나는 350만 원도 없다는!",
            "speaker": {
              "id": "1번",
              "sex": "여성",
              "age": "20대"
            },
            "speechAct": "(단언) 진술하기",
            "morpheme": "하지만/MAJ+나/NP+는/JX+350/SN+만/NR+원/NNBC+도/JX+없/VA+다는/ETM"
          },
          {
            "id": 19,
            "text": "1 : 언니는?",
            "norm_text": "언니는?",
            "speaker": {
              "id": "1번",
              "sex": "여성",
              "age": "20대"
            },
            "speechAct": "(지시) 질문하기",
            "morpheme": "언니/NNG+는/JX"
          },
          {
            "id": 20,
            "text": "2 : 나도 그냥 일개 사회원일 뿐이지 키키",
            "norm_text": "나도 그냥 일개 사회원일 뿐이지 키키",
            "speaker": {
              "id": "2번",
              "sex": "여성",
              "age": "20대"
            },
            "speechAct": "(단언) 주장하기",
            "morpheme": "나/NP+도/JX+그냥/MAG+일/NR+개/NNBC+사회/NNG+원일/NNG+뿐/JX+이/VCP+지/EC+키/NNG+키/XSV+ETN"
          },
          {
            "id": 21,
            "text": "1 : 키키 350억 원, 진짜 대박인 거 같아,",
            "norm_text": "키키 350억 원, 진짜 대박인 거 같아,",
            "speaker": {
              "id": "1번",
              "sex": "여성",
              "age": "20대"
            },
            "speechAct": "(단언) 주장하기",
            "morpheme": "키/NNG+키/XSV+ETN+350/SN+억/NR+원/NNBC+,/SC+진짜/MAG+대박/NNG+인/VCP+ETM+거/NNB+같/VA+아/EC+,/SC"
          },
          {
            "id": 22,
            "text": "2 : 진짜 내가 그 돈을 벌 수나 있을까나",
            "norm_text": "진짜 내가 그 돈을 벌 수나 있을까나",
            "speaker": {
              "id": "2번",
              "sex": "여성",
              "age": "20대"
            },
            "speechAct": "(단언) 주장하기",
            "morpheme": "진짜/MAG+내/NP+가/JKS+그/MM+돈/NNG+을/JKO+벌/VV+ETM+수/NNB+나/VV+EC+있/VX+을까/EF+나/NP"
          }
        ]
      }
    }
  ]
}