{
  "dataset": {
    "identifier": 104489,
    "name": "FACEBOOK_103_10_set",
    "src_path": "/data/file/cubeManager/PROJECT001/77/txt20211028145511002949/FACEBOOK_103_10_set/",
    "label_path": "/data/file/cubeManager/PROJECT001/77/txt20211028145511002949/FACEBOOK_103_10_set/",
    "category": 2,
    "type": 0
  },
  "licenses": {
    "name": "Apache License 1.0",
    "url": "http://www.apache.org/licenses/LICENSE-1.0"
  },
  "info": [
    {
      "id": 100475,
      "filename": "FACEBOOK_103_10.txt",
      "title": "FACEBOOK_103_10",
      "mediatype": "SNS",
      "medianame": "페이스북",
      "category": "일상대화",
      "date": "2021-10-28",
      "size": 436,
      "annotations": {
        "subject": "스포츠/레저",
        "speaker_type": "1:1",
        "size": 436,
        "word_size": 148,
        "text": "1 : 너는 혹시 공 가지고 할 수 있는 운동 있어?\n2 : 아니 춤 그만 두면서 운동이랑 거리가 멀어졌어\n1 : 나는 요즘에 볼링 잘 치고 있음!\n2 : 나 볼링 한 번도 안쳐봤는데 재밌어?\n1 : 아 진짜?\n1 : 대학교 친구들이랑 안 가 봤어?\n2 : 타지역으로 다니니까 수업 끝나고 바로 집 왔지\n1 : 그렇구나 이번에 애들이랑 한 번 가 봐!\n2 : 한 번도 안 해봐서 무서워\n1 : 무서운 거 하나도 없어 그냥 굴리기만 하면 돼!\n2 : 잘 굴리는 게 어려워 보이던데\n1 : 키키 아니 나도 못하는데 떼굴떼굴 굴리면 다 되더라~\n2 : 그거 한판 치면 몇 시간 정도 걸려?\n1 : 총 4명이서 할 수 있는데 4명이서 하면 한 30분 걸리는 거 같아!\n2 : 그럼 금액은 얼마 정도 해?\n1 : 이거 생각보다 싸!\n1 : 1인당 한 게임에 3~4천원 정도?\n2 : 친구들이랑 하기에는 딱 좋은 운동이네",
        "lines": [
          {
            "id": 1,
            "text": "1 : 너는 혹시 공 가지고 할 수 있는 운동 있어?",
            "norm_text": "너는 혹시 공 가지고 할 수 있는 운동 있어?",
            "speaker": {
              "id": "1번",
              "sex": "여성",
              "age": "20대"
            },
            "speechAct": "(지시) 질문하기",
            "morpheme": "너/NP+는/JX+혹시/MAG+공/NNG+가지/VV+고/EC+할/VX+ETM+수/NNB+있/VV+는/ETM+운동/NNG+있/VA+어/EF"
          },
          {
            "id": 2,
            "text": "2 : 아니 춤 그만 두면서 운동이랑 거리가 멀어졌어",
            "norm_text": "아니 춤 그만 두면서 운동이랑 거리가 멀어졌어",
            "speaker": {
              "id": "2번",
              "sex": "여성",
              "age": "20대"
            },
            "speechAct": "(단언) 진술하기",
            "morpheme": "아니/IC+춤/NNG+그만두/VV+면서/EC+운동/NNG+이랑/JKB+거리/NNG+가/JKS+멀/VA+어/EC+졌/VX+EP+어/EC"
          },
          {
            "id": 3,
            "text": "1 : 나는 요즘에 볼링 잘 치고 있음!",
            "norm_text": "나는 요즘에 볼링 잘 치고 있음!",
            "speaker": {
              "id": "1번",
              "sex": "여성",
              "age": "20대"
            },
            "speechAct": "(단언) 진술하기",
            "morpheme": "나/NP+는/JX+요즘/NNG+에/JKB+볼/VV+ETM+링/JKO+잘/MAG+치/VV+고/EC+있/VX+음/ETN"
          },
          {
            "id": 4,
            "text": "2 : 나 볼링 한 번도 안쳐봤는데 재밌어?",
            "norm_text": "나 볼링 한 번도 안쳐봤는데 재밌어?",
            "speaker": {
              "id": "2번",
              "sex": "여성",
              "age": "20대"
            },
            "speechAct": "(지시) 질문하기",
            "morpheme": "나/NP+볼/VV+ETM+링/JKO+한/MM+번/NNBC+도/JX+안/MAG+쳐/VV+EC+봤/VX+EP+는데/EC+재밌/VA+어/EF"
          },
          {
            "id": 5,
            "text": "1 : 아 진짜?",
            "norm_text": "아 진짜?",
            "speaker": {
              "id": "1번",
              "sex": "여성",
              "age": "20대"
            },
            "speechAct": "(지시) 질문하기",
            "morpheme": "아/IC+진짜/MAG"
          },
          {
            "id": 6,
            "text": "1 : 대학교 친구들이랑 안 가 봤어?",
            "norm_text": "대학교 친구들이랑 안 가 봤어?",
            "speaker": {
              "id": "1번",
              "sex": "여성",
              "age": "20대"
            },
            "speechAct": "(지시) 질문하기",
            "morpheme": "대학교/NNG+친구/NNG+들/XSN+이랑/JKB+안/MAG+가/VV+EC+봤/VX+EP+어/EF"
          },
          {
            "id": 7,
            "text": "2 : 타지역으로 다니니까 수업 끝나고 바로 집 왔지",
            "norm_text": "타지역으로 다니니까 수업 끝나고 바로 집 왔지",
            "speaker": {
              "id": "2번",
              "sex": "여성",
              "age": "20대"
            },
            "speechAct": "(단언) 진술하기",
            "morpheme": "타/MM+지역/NNG+으로/JKB+다니/VV+니까/EC+수업/NNG+끝/NNG+나/VV+고/EC+바로/MAG+집/NNG+왔/VV+EP+지/EC"
          },
          {
            "id": 8,
            "text": "1 : 그렇구나 이번에 애들이랑 한 번 가 봐!",
            "norm_text": "그렇구나 이번에 애들이랑 한 번 가 봐!",
            "speaker": {
              "id": "1번",
              "sex": "여성",
              "age": "20대"
            },
            "speechAct": "(지시) 충고/제안하기",
            "morpheme": "그렇/VA+구나/EF+이번/NNG+에/JKB+애/NNG+들/XSN+이랑/JKB+한번/MAG+가/VV+EC+봐/VX+EF"
          },
          {
            "id": 9,
            "text": "2 : 한 번도 안 해봐서 무서워",
            "norm_text": "한 번도 안 해봐서 무서워",
            "speaker": {
              "id": "2번",
              "sex": "여성",
              "age": "20대"
            },
            "speechAct": "(단언) 주장하기",
            "morpheme": "한/MM+번/NNBC+도/JX+안/MAG+해/VV+EC+봐서/VV+EC+무서워/VA+EC"
          },
          {
            "id": 10,
            "text": "1 : 무서운 거 하나도 없어 그냥 굴리기만 하면 돼!",
            "norm_text": "무서운 거 하나도 없어 그냥 굴리기만 하면 돼!",
            "speaker": {
              "id": "1번",
              "sex": "여성",
              "age": "20대"
            },
            "speechAct": "(단언) 주장하기",
            "morpheme": "무서운/VA+ETM+거/NNB+하나/NR+도/JX+없/VA+어/EC+그냥/MAG+굴리/VV+기/ETN+만/JX+하/VV+면/EC+돼/VV+EF"
          },
          {
            "id": 11,
            "text": "2 : 잘 굴리는 게 어려워 보이던데",
            "norm_text": "잘 굴리는 게 어려워 보이던데",
            "speaker": {
              "id": "2번",
              "sex": "여성",
              "age": "20대"
            },
            "speechAct": "(단언) 진술하기",
            "morpheme": "잘/MAG+굴리/VV+는/ETM+게/NNB+JKS+어려워/VA+EC+보이/VV+던데/EC"
          },
          {
            "id": 12,
            "text": "1 : 키키 아니 나도 못하는데 떼굴떼굴 굴리면 다 되더라~",
            "norm_text": "키키 아니 나도 못하는데 떼굴떼굴 굴리면 다 되더라~",
            "speaker": {
              "id": "1번",
              "sex": "여성",
              "age": "20대"
            },
            "speechAct": "(단언) 주장하기",
            "morpheme": "키키아니나도못하는데떼굴떼굴굴리면다되더라/UNKNOWN+~/SY"
          },
          {
            "id": 13,
            "text": "2 : 그거 한판 치면 몇 시간 정도 걸려?",
            "norm_text": "그거 한판 치면 몇 시간 정도 걸려?",
            "speaker": {
              "id": "2번",
              "sex": "여성",
              "age": "20대"
            },
            "speechAct": "(지시) 질문하기",
            "morpheme": "그거/NP+한판/NNG+치/VV+면/EC+몇/MM+시간/NNG+정도/NNG+걸려/VV+EF"
          },
          {
            "id": 14,
            "text": "1 : 총 4명이서 할 수 있는데 4명이서 하면 한 30분 걸리는 거 같아!",
            "norm_text": "총 4명이서 할 수 있는데 4명이서 하면 한 30분 걸리는 거 같아!",
            "speaker": {
              "id": "1번",
              "sex": "여성",
              "age": "20대"
            },
            "speechAct": "(단언) 진술하기",
            "morpheme": "총/MM+4/SN+명/NNBC+이/XSN+서/JKS+할/VV+ETM+수/NNB+있/VV+는데/EC+4/SN+명/NNBC+이/XSN+서/JKS+하/VV+면/EC+한/VX+ETM+30/SN+분/NNBC+걸리/VV+는/ETM+거/NNB+같/VA+아/EF"
          },
          {
            "id": 15,
            "text": "2 : 그럼 금액은 얼마 정도 해?",
            "norm_text": "그럼 금액은 얼마 정도 해?",
            "speaker": {
              "id": "2번",
              "sex": "여성",
              "age": "20대"
            },
            "speechAct": "(지시) 질문하기",
            "morpheme": "그럼/MAJ+금액/NNG+은/JX+얼마/NNG+정도/NNG+해/XSV+EF"
          },
          {
            "id": 16,
            "text": "1 : 이거 생각보다 싸!",
            "norm_text": "이거 생각보다 싸!",
            "speaker": {
              "id": "1번",
              "sex": "여성",
              "age": "20대"
            },
            "speechAct": "(단언) 진술하기",
            "morpheme": "이거/NP+생각/NNG+보다/JKB+싸/VA+EF"
          },
          {
            "id": 17,
            "text": "1 : 1인당 한 게임에 3~4천원 정도?",
            "norm_text": "1인당 한 게임에 3~4천원 정도?",
            "speaker": {
              "id": "1번",
              "sex": "여성",
              "age": "20대"
            },
            "speechAct": "(지시) 질문하기",
            "morpheme": "1/SN+인/NNG+당한/XSV+ETM+게임/NNG+에/JKB+3/SN+~/SY+4/SN+천/NR+원/NNBC+정도/NNG"
          },
          {
            "id": 18,
            "text": "2 : 친구들이랑 하기에는 딱 좋은 운동이네",
            "norm_text": "친구들이랑 하기에는 딱 좋은 운동이네",
            "speaker": {
              "id": "2번",
              "sex": "여성",
              "age": "20대"
            },
            "speechAct": "(단언) 주장하기",
            "morpheme": "친구/NNG+들/XSN+이랑/JKB+하/VV+기/ETN+에/JKB+는/JX+딱/MAG+좋/VA+은/ETM+운동/NNG+이/VCP+네/EC"
          }
        ]
      }
    }
  ]
}