{
  "dataset": {
    "identifier": 117492,
    "name": "FACEBOOK_118_05_set",
    "src_path": "/data/file/cubeManager/PROJECT001/80/txt20211102103331047859/FACEBOOK_118_05_set/",
    "label_path": "/data/file/cubeManager/PROJECT001/80/txt20211102103331047859/FACEBOOK_118_05_set/",
    "category": 2,
    "type": 0
  },
  "licenses": {
    "name": "Apache License 1.0",
    "url": "http://www.apache.org/licenses/LICENSE-1.0"
  },
  "info": [
    {
      "id": 129668,
      "filename": "FACEBOOK_118_05.txt",
      "title": "FACEBOOK_118_05",
      "mediatype": "SNS",
      "medianame": "페이스북",
      "category": "일상대화",
      "date": "2021-11-02",
      "size": 496,
      "annotations": {
        "subject": "군대",
        "speaker_type": "1:1",
        "size": 496,
        "word_size": 165,
        "text": "1 : 언니 직군 친구한테 훈련 어떤 거 하는지 얘기 들어봤어?\n2 : 아니 키키 그런 건 잘 얘기 안 해\n1 : 그냥 맨날 힘들다고 그러지?\n2 : 응 키키 전화 오면 항상 힘들다고 그래\n1 : 맞아 ㅜㅜ 내 친구는 여자 직업 군인인데 진짜 맨날 빡쳐 있어!\n2 : 키키 맨날 화나 있는 게 이해가 간다\n1 : 키키 어 그러고 여자라서 금방 포기할까 봐 선임이 엄청 갈군대!\n2 : 헐 선임이 아직도 괴롭혀?\n1 : 근데 이게 괴롭히는 게 아니고 여자니까 더 강하게 하는 거래!\n2 : 그래도 너무 강하게 하는 거 아니야?\n1 : 그니까 얘가 진짜 너무 피곤해서 눈을 감고 있었는데 그걸 봤나 봐!\n1 : 겁나 혼났대!\n2 : 아니 눈 감고 있을 수도 있지~\n1 : 그니까, 근데 여기가 니 침대냐고 자고 싶으면 집 가서 자라고 일 그만두고! 이러면서 엄청 혼냈대!\n2 : 무슨 말을 그런 식으로 하냐 ㅠ\n1 : 그러니까 근데 더 오기가 생겨서 열심히 다니는 중이래 키키\n2 : 맞아 그런 사람한테 꼭 보여줘야 해",
        "lines": [
          {
            "id": 1,
            "text": "1 : 언니 직군 친구한테 훈련 어떤 거 하는지 얘기 들어봤어?",
            "norm_text": "언니 직군 친구한테 훈련 어떤 거 하는지 얘기 들어봤어?",
            "speaker": {
              "id": "1번",
              "sex": "여성",
              "age": "20대"
            },
            "speechAct": "(지시) 질문하기",
            "morpheme": "언니/NNG+직군/NNG+친구/NNG+한테/JKB+훈련/NNG+어떤/MM+거/NNB+하/VV+는지/EC+얘기/NNG+들/VV+어/EC+봤/VX+EP+어/EF"
          },
          {
            "id": 2,
            "text": "2 : 아니 키키 그런 건 잘 얘기 안 해",
            "norm_text": "아니 키키 그런 건 잘 얘기 안 해",
            "speaker": {
              "id": "2번",
              "sex": "여성",
              "age": "20대"
            },
            "speechAct": "(단언) 진술하기",
            "morpheme": "아니/IC+키키/NNP+그런/MM+건/NNB+JX+잘/MAG+얘기/NNG+안/MAG+해/VV+EC"
          },
          {
            "id": 3,
            "text": "1 : 그냥 맨날 힘들다고 그러지?",
            "norm_text": "그냥 맨날 힘들다고 그러지?",
            "speaker": {
              "id": "1번",
              "sex": "여성",
              "age": "20대"
            },
            "speechAct": "(지시) 질문하기",
            "morpheme": "그냥/MAG+맨날/MAG+힘들/VA+다고/EC+그러/VV+지/EF"
          },
          {
            "id": 4,
            "text": "2 : 응 키키 전화 오면 항상 힘들다고 그래",
            "norm_text": "응 키키 전화 오면 항상 힘들다고 그래",
            "speaker": {
              "id": "2번",
              "sex": "여성",
              "age": "20대"
            },
            "speechAct": "(단언) 진술하기",
            "morpheme": "응/IC+키/NNG+키/NNG+전화/NNG+오/VV+면/EC+항상/MAG+힘들/VA+다고/EC+그래/VV+EC"
          },
          {
            "id": 5,
            "text": "1 : 맞아 ㅜㅜ 내 친구는 여자 직업 군인인데 진짜 맨날 빡쳐 있어!",
            "norm_text": "맞아 ㅜㅜ 내 친구는 여자 직업 군인인데 진짜 맨날 빡쳐 있어!",
            "speaker": {
              "id": "1번",
              "sex": "여성",
              "age": "20대"
            },
            "speechAct": "(단언) 진술하기",
            "morpheme": "맞/VV+아/EC+ㅜㅜ/UNKNOWN+내/NP+JKG+친구/NNG+는/JX+여자/NNG+직업/NNG+군인/NNG+인데/VCP+EC+진짜/MAG+맨날/MAG+빡/MAG+쳐/VV+EC+있/VX+어/EF"
          },
          {
            "id": 6,
            "text": "2 : 키키 맨날 화나 있는 게 이해가 간다",
            "norm_text": "키키 맨날 화나 있는 게 이해가 간다",
            "speaker": {
              "id": "2번",
              "sex": "여성",
              "age": "20대"
            },
            "speechAct": "(단언) 주장하기",
            "morpheme": "키/NNG+키/NNG+맨날/MAG+화나/VV+EC+있/VX+는/ETM+게/NNB+JKS+이해/NNG+가/JKS+간다/VV+EC"
          },
          {
            "id": 7,
            "text": "1 : 키키 어 그러고 여자라서 금방 포기할까 봐 선임이 엄청 갈군대!",
            "norm_text": "키키 어 그러고 여자라서 금방 포기할까 봐 선임이 엄청 갈군대!",
            "speaker": {
              "id": "1번",
              "sex": "여성",
              "age": "20대"
            },
            "speechAct": "(단언) 진술하기",
            "morpheme": "키/NNG+키/VV+어/EC+그러/VV+고/EC+여자/NNG+라서/VCP+EC+금방/MAG+포기/NNG+할까봐/XSV+EC+VX+EC+선임/NNG+이/JKS+엄청/MAG+갈/VV+ETM+군대/NNG"
          },
          {
            "id": 8,
            "text": "2 : 헐 선임이 아직도 괴롭혀?",
            "norm_text": "헐 선임이 아직도 괴롭혀?",
            "speaker": {
              "id": "2번",
              "sex": "여성",
              "age": "20대"
            },
            "speechAct": "N/A",
            "morpheme": "헐/IC+선임/NNG+이/JKS+아직/MAG+도/JX+괴롭혀/VV+EF"
          },
          {
            "id": 9,
            "text": "1 : 근데 이게 괴롭히는 게 아니고 여자니까 더 강하게 하는 거래!",
            "norm_text": "근데 이게 괴롭히는 게 아니고 여자니까 더 강하게 하는 거래!",
            "speaker": {
              "id": "1번",
              "sex": "여성",
              "age": "20대"
            },
            "speechAct": "(단언) 주장하기",
            "morpheme": "근데/MAJ+이게/NP+JKS+괴롭히/VV+는/ETM+게/NNB+JKC+아니/VCN+고/EC+여자/NNG+니까/VCP+EC+더/MAG+강하/VA+게/EC+하/VV+는/ETM+거/NNB+래/VCP+EF"
          },
          {
            "id": 10,
            "text": "2 : 그래도 너무 강하게 하는 거 아니야?",
            "norm_text": "그래도 너무 강하게 하는 거 아니야?",
            "speaker": {
              "id": "2번",
              "sex": "여성",
              "age": "20대"
            },
            "speechAct": "(단언) 주장하기",
            "morpheme": "그래도/MAJ+너무/MAG+강하/VA+게/EC+하/VV+는/ETM+거/NNB+아니/VCN+야/EF"
          },
          {
            "id": 11,
            "text": "1 : 그니까 얘가 진짜 너무 피곤해서 눈을 감고 있었는데 그걸 봤나 봐!",
            "norm_text": "그니까 얘가 진짜 너무 피곤해서 눈을 감고 있었는데 그걸 봤나 봐!",
            "speaker": {
              "id": "1번",
              "sex": "여성",
              "age": "20대"
            },
            "speechAct": "(단언) 진술하기",
            "morpheme": "그니까/MAJ+얘/NP+가/JKS+진짜/MAG+너무/MAG+피곤/NNG+해서/XSV+EC+눈/NNG+을/JKO+감/VV+고/EC+있/VX+었/EP+는데/EC+그걸/NP+JKO+봤/VV+EP+나/EC+봐/VX+EF"
          },
          {
            "id": 12,
            "text": "1 : 겁나 혼났대!",
            "norm_text": "겁나 혼났대!",
            "speaker": {
              "id": "1번",
              "sex": "여성",
              "age": "20대"
            },
            "speechAct": "(단언) 진술하기",
            "morpheme": "겁나/MAG+혼났/VV+EP+대/EF"
          },
          {
            "id": 13,
            "text": "2 : 아니 눈 감고 있을 수도 있지~",
            "norm_text": "아니 눈 감고 있을 수도 있지~",
            "speaker": {
              "id": "2번",
              "sex": "여성",
              "age": "20대"
            },
            "speechAct": "(단언) 주장하기",
            "morpheme": "아니/MAG+눈감/VV+고/EC+있/VX+을/ETM+수/NNB+도/JX+있/VA+지/EC+~/SY"
          },
          {
            "id": 14,
            "text": "1 : 그니까, 근데 여기가 니 침대냐고 자고 싶으면 집 가서 자라고 일 그만두고! 이러면서 엄청 혼냈대!",
            "norm_text": "그니까, 근데 여기가 니 침대냐고 자고 싶으면 집 가서 자라고 일 그만두고! 이러면서 엄청 혼냈대!",
            "speaker": {
              "id": "1번",
              "sex": "여성",
              "age": "20대"
            },
            "speechAct": "(단언) 진술하기",
            "morpheme": "그니까/MAJ+,/SC+근데여기가니침대냐고자고싶으면집가서자라고일그만두고/UNKNOWN+이러/VV+면서/EC+엄청/MAG+혼/NNG+냈/VV+EP+대/EF"
          },
          {
            "id": 15,
            "text": "2 : 무슨 말을 그런 식으로 하냐 ㅠ",
            "norm_text": "무슨 말을 그런 식으로 하냐 ㅠ",
            "speaker": {
              "id": "2번",
              "sex": "여성",
              "age": "20대"
            },
            "speechAct": "(단언) 주장하기",
            "morpheme": "무슨/MM+말/NNG+을/JKO+그런/MM+식/NNB+으로/JKB+하/VV+냐/EC+ㅠ/UNKNOWN"
          },
          {
            "id": 16,
            "text": "1 : 그러니까 근데 더 오기가 생겨서 열심히 다니는 중이래 키키",
            "norm_text": "그러니까 근데 더 오기가 생겨서 열심히 다니는 중이래 키키",
            "speaker": {
              "id": "1번",
              "sex": "여성",
              "age": "20대"
            },
            "speechAct": "(단언) 진술하기",
            "morpheme": "그러니까/MAJ+근데/MAJ+더/MAG+오/VV+기/ETN+가/JKS+생겨서/VV+EC+열심히/MAG+다니/VV+는/ETM+중/NNB+이/VCP+래/EF+키/NNG+키/XSV+ETN"
          },
          {
            "id": 17,
            "text": "2 : 맞아 그런 사람한테 꼭 보여줘야 해",
            "norm_text": "맞아 그런 사람한테 꼭 보여줘야 해",
            "speaker": {
              "id": "2번",
              "sex": "여성",
              "age": "20대"
            },
            "speechAct": "(단언) 주장하기",
            "morpheme": "맞/VV+아/EC+그런/MM+사람/NNG+한테/JKB+꼭/MAG+보여/VV+EC+줘야해/VX+EC+VX+EC"
          }
        ]
      }
    }
  ]
}