{
  "dataset": {
    "identifier": 124198,
    "name": "FACEBOOK_123_01_set",
    "src_path": "/data/file/cubeManager/PROJECT001/84/txt202111050928190584110/FACEBOOK_123_01_set/",
    "label_path": "/data/file/cubeManager/PROJECT001/84/txt202111050928190584110/FACEBOOK_123_01_set/",
    "category": 2,
    "type": 0
  },
  "licenses": {
    "name": "Apache License 1.0",
    "url": "http://www.apache.org/licenses/LICENSE-1.0"
  },
  "info": [
    {
      "id": 138070,
      "filename": "FACEBOOK_123_01.txt",
      "title": "FACEBOOK_123_01",
      "mediatype": "SNS",
      "medianame": "페이스북",
      "category": "일상대화",
      "date": "2021-11-05",
      "size": 359,
      "annotations": {
        "subject": "식음료",
        "speaker_type": "1:1",
        "size": 359,
        "word_size": 130,
        "text": "1 : 오늘 집밥 메뉴 뭐야?\n2 : 나는 계란 간장 밥 먹을라고\n1 : 나는 사골 국에 밥 말아 먹었어 키키\n2 : 내가 제일 좋아하는 음식\n1 : 오 계란 간장밥 완전 맛있지 키키\n2 : 간장 계란 밥 알지 너도? 키키 맛있는 거\n1 : 나도 그거 엄청 좋아해 거기에 버터 추가\n2 : 진짜 나 어릴 때부터 제일 좋아했어 키키\n1 : 그러면 풍미가 장난 아니야\n2 : 진짜 버터 까지 추가하면 환상이지 키키 환장해\n1 : 당연하지 완전 밥 한 공기 뚝딱\n2 : 먹을 줄 아는구만 니가 키키 역시\n1 : 당연~ 자취생 필수 요리 아닌가 ㅎ\n2 : 나도 맨날 먹을 거 시켜 먹기 귀찮을 때 먹는 거\n1 : 응 좋아 키키 얼른 해 먹고 와\n2 : 알겠어 맛있게 먹고 올게",
        "lines": [
          {
            "id": 1,
            "text": "1 : 오늘 집밥 메뉴 뭐야?",
            "norm_text": "오늘 집밥 메뉴 뭐야?",
            "speaker": {
              "id": "1번",
              "sex": "여성",
              "age": "20대"
            },
            "speechAct": "(지시) 질문하기",
            "morpheme": "오늘/MAG+집/NNG+밥/NNG+메뉴/NNG+뭐/NP+야/VCP+EF"
          },
          {
            "id": 2,
            "text": "2 : 나는 계란 간장 밥 먹을라고",
            "norm_text": "나는 계란 간장 밥 먹을라고",
            "speaker": {
              "id": "2번",
              "sex": "남성",
              "age": "20대"
            },
            "speechAct": "(단언) 진술하기",
            "morpheme": "나/NP+는/JX+계란/NNG+간장/NNG+밥/NNG+먹/VV+을라고/EC"
          },
          {
            "id": 3,
            "text": "1 : 나는 사골 국에 밥 말아 먹었어 키키",
            "norm_text": "나는 사골 국에 밥 말아 먹었어 키키",
            "speaker": {
              "id": "1번",
              "sex": "여성",
              "age": "20대"
            },
            "speechAct": "(단언) 진술하기",
            "morpheme": "나/NP+는/JX+사/NR+골국/NNG+에/JKB+밥/NNG+말아먹/VV+었/EP+어/EC+키/NNG+키/XSV+ETN"
          },
          {
            "id": 4,
            "text": "2 : 내가 제일 좋아하는 음식",
            "norm_text": "내가 제일 좋아하는 음식",
            "speaker": {
              "id": "2번",
              "sex": "남성",
              "age": "20대"
            },
            "speechAct": "(단언) 주장하기",
            "morpheme": "내/NP+가/JKS+제일/MAG+좋/VA+아/EC+하/VV+는/ETM+음식/NNG"
          },
          {
            "id": 5,
            "text": "1 : 오 계란 간장밥 완전 맛있지 키키",
            "norm_text": "오 계란 간장밥 완전 맛있지 키키",
            "speaker": {
              "id": "1번",
              "sex": "여성",
              "age": "20대"
            },
            "speechAct": "(단언) 주장하기",
            "morpheme": "오계/NNG+란/JX+간장/NNG+밥/NNG+완전/NNG+맛있/VA+지/EC+키/NNG+키/XSV+ETN"
          },
          {
            "id": 6,
            "text": "2 : 간장 계란 밥 알지 너도? 키키 맛있는 거",
            "norm_text": "간장 계란 밥 알지 너도? 키키 맛있는 거",
            "speaker": {
              "id": "2번",
              "sex": "남성",
              "age": "20대"
            },
            "speechAct": "(지시) 질문하기",
            "morpheme": "간장/NNG+계란밥/NNG+알/VV+지/EC+너/NP+도/JX+?/SY+키/NNG+키/XSV+ETN+맛있/VA+는/ETM+거/NNB"
          },
          {
            "id": 7,
            "text": "1 : 나도 그거 엄청 좋아해 거기에 버터 추가",
            "norm_text": "나도 그거 엄청 좋아해 거기에 버터 추가",
            "speaker": {
              "id": "1번",
              "sex": "여성",
              "age": "20대"
            },
            "speechAct": "(단언) 주장하기",
            "morpheme": "나/NP+도/JX+그거/NP+엄청/MAG+좋/VA+아/EC+해/VV+EC+거기/NP+에/JKB+버터/NNG+추가/NNG"
          },
          {
            "id": 8,
            "text": "2 : 진짜 나 어릴 때부터 제일 좋아했어 키키",
            "norm_text": "진짜 나 어릴 때부터 제일 좋아했어 키키",
            "speaker": {
              "id": "2번",
              "sex": "남성",
              "age": "20대"
            },
            "speechAct": "(단언) 진술하기",
            "morpheme": "진짜/MAG+나/NP+어릴/VA+ETM+때/NNG+부터/JX+제일/MAG+좋/VA+아/EC+했/VX+EP+어/EC+키/NNG+키/XSV+ETN"
          },
          {
            "id": 9,
            "text": "1 : 그러면 풍미가 장난 아니야",
            "norm_text": "그러면 풍미가 장난 아니야",
            "speaker": {
              "id": "1번",
              "sex": "여성",
              "age": "20대"
            },
            "speechAct": "(단언) 주장하기",
            "morpheme": "그러면/MAJ+풍미/NNG+가/JKS+장난/NNG+아니/VCN+야/EC"
          },
          {
            "id": 10,
            "text": "2 : 진짜 버터 까지 추가하면 환상이지 키키 환장해",
            "norm_text": "진짜 버터 까지 추가하면 환상이지 키키 환장해",
            "speaker": {
              "id": "2번",
              "sex": "남성",
              "age": "20대"
            },
            "speechAct": "(단언) 주장하기",
            "morpheme": "진짜/MAG+버터/NNG+까지/JX+추가/NNG+하/XSV+면/EC+환상/NNG+이/VCP+지/EC+키/NNG+키/NNG+환장/NNG+해/XSV+EC"
          },
          {
            "id": 11,
            "text": "1 : 당연하지 완전 밥 한 공기 뚝딱",
            "norm_text": "당연하지 완전 밥 한 공기 뚝딱",
            "speaker": {
              "id": "1번",
              "sex": "여성",
              "age": "20대"
            },
            "speechAct": "(단언) 주장하기",
            "morpheme": "당연/XR+하/XSA+지/EF+완전/MAG+밥/NNG+한/XSA+ETM+공기/NNG+뚝딱/MAG"
          },
          {
            "id": 12,
            "text": "2 : 먹을 줄 아는구만 니가 키키 역시",
            "norm_text": "먹을 줄 아는구만 니가 키키 역시",
            "speaker": {
              "id": "2번",
              "sex": "남성",
              "age": "20대"
            },
            "speechAct": "(단언) 주장하기",
            "morpheme": "먹/VV+을/ETM+줄/NNB+아/VV+는구만/EC+니/NP+가/JKS+키/NNG+키/XSV+ETN+역시/MAJ"
          },
          {
            "id": 13,
            "text": "1 : 당연~ 자취생 필수 요리 아닌가 ㅎ",
            "norm_text": "당연~ 자취생 필수 요리 아닌가 ㅎ",
            "speaker": {
              "id": "1번",
              "sex": "여성",
              "age": "20대"
            },
            "speechAct": "(단언) 주장하기",
            "morpheme": "당연/NNG+~/SY+자취생필수요리아닌가ㅎ/UNKNOWN"
          },
          {
            "id": 14,
            "text": "2 : 나도 맨날 먹을 거 시켜 먹기 귀찮을 때 먹는 거",
            "norm_text": "나도 맨날 먹을 거 시켜 먹기 귀찮을 때 먹는 거",
            "speaker": {
              "id": "2번",
              "sex": "남성",
              "age": "20대"
            },
            "speechAct": "(단언) 진술하기",
            "morpheme": "나/NP+도/JX+맨날/MAG+먹/VV+을/ETM+거/NNB+시켜/VV+EC+먹/VV+기/ETN+귀찮/VA+을/ETM+때/NNG+먹/VV+는/ETM+거/NNB"
          },
          {
            "id": 15,
            "text": "1 : 응 좋아 키키 얼른 해 먹고 와",
            "norm_text": "응 좋아 키키 얼른 해 먹고 와",
            "speaker": {
              "id": "1번",
              "sex": "여성",
              "age": "20대"
            },
            "speechAct": "(지시) 명령/요구하기",
            "morpheme": "응/IC+좋/VA+아/EC+키/NNG+키/NNG+얼른/MAG+해/VV+EC+먹/VV+고/EC+와/VV+EC"
          },
          {
            "id": 16,
            "text": "2 : 알겠어 맛있게 먹고 올게",
            "norm_text": "알겠어 맛있게 먹고 올게",
            "speaker": {
              "id": "2번",
              "sex": "남성",
              "age": "20대"
            },
            "speechAct": "(언약) 약속하기(제3자와)/(개인적 수준)",
            "morpheme": "알/VV+겠/EP+어/EC+맛있/VA+게/EC+먹/VV+고/EC+올게/VV+ETM+NNB+JKS"
          }
        ]
      }
    }
  ]
}