{
  "dataset": {
    "identifier": 113513,
    "name": "FACEBOOK_113_07_set",
    "src_path": "/data/file/cubeManager/PROJECT001/80/txt202111031542370409105/FACEBOOK_113_07_set/",
    "label_path": "/data/file/cubeManager/PROJECT001/80/txt202111031542370409105/FACEBOOK_113_07_set/",
    "category": 2,
    "type": 0
  },
  "licenses": {
    "name": "Apache License 1.0",
    "url": "http://www.apache.org/licenses/LICENSE-1.0"
  },
  "info": [
    {
      "id": 135362,
      "filename": "FACEBOOK_113_07.txt",
      "title": "FACEBOOK_113_07",
      "mediatype": "SNS",
      "medianame": "페이스북",
      "category": "일상대화",
      "date": "2021-11-03",
      "size": 456,
      "annotations": {
        "subject": "가족",
        "speaker_type": "1:1",
        "size": 456,
        "word_size": 154,
        "text": "1 : 언니는 엄마랑 어쩌다가 싸우게 돼?\n2 : 나는 엄마랑 붙어만 있으면 싸워\n1 : 키키 아 진짜?\n1 : 나는 우리 엄마가 맨날 나한테 짜증 내는 거 같음!\n2 : 근데 또 엄청 친해 근데 엄청 싸움\n1 : 맞아 키키\n1 : 막 싸우다가 밥 뭐 먹을래? 하면 풀리잖아\n2 : 키키 맞아 맞아 딸이랑 엄마는 다 그런가봐\n1 : 키키 맞아 지금은 우리 언니랑 엄마랑 티격태격댐 키키\n2 : 키키 왜? 자주 싸우지?\n2 : 나돈데\n1 : 지금 둘이 붙어 있으니까~ 같이 살잖아!\n2 : 아 맞아 엄마가 그래서 나한테도 우린 붙어살면 안된데 맬\n1 : 키키 아니 솔직히 엄마가 먼저 짜증내서 우리도 짜증내게 되는 거잖아~\n2 : 맞아 그래서 말대꾸 하면 싸가지 없다하지\n1 : 맞아 키키\n1 : 나는 그리고 등짝 스매칭 오져!\n2 : 키키 난 머리도 엄청 잡혀봄,\n1 : 헐 키키 실화야?\n1 : 머리 많이 안 뽑혔어?\n2 : 어 엄청 싸운다니까 진짜",
        "lines": [
          {
            "id": 1,
            "text": "1 : 언니는 엄마랑 어쩌다가 싸우게 돼?",
            "norm_text": "언니는 엄마랑 어쩌다가 싸우게 돼?",
            "speaker": {
              "id": "1번",
              "sex": "여성",
              "age": "20대"
            },
            "speechAct": "(지시) 질문하기",
            "morpheme": "언니/NNG+는/JX+엄마/NNG+랑/JKB+어쩌다가/MAG+싸우/VV+게/EC+돼/VV+EF"
          },
          {
            "id": 2,
            "text": "2 : 나는 엄마랑 붙어만 있으면 싸워",
            "norm_text": "나는 엄마랑 붙어만 있으면 싸워",
            "speaker": {
              "id": "2번",
              "sex": "여성",
              "age": "20대"
            },
            "speechAct": "(단언) 진술하기",
            "morpheme": "나/NP+는/JX+엄마/NNG+랑/JKB+붙/VV+어만/EC+있/VX+으면/EC+싸워/VV+EC"
          },
          {
            "id": 3,
            "text": "1 : 키키 아 진짜?",
            "norm_text": "키키 아 진짜?",
            "speaker": {
              "id": "1번",
              "sex": "여성",
              "age": "20대"
            },
            "speechAct": "턴토크 사인(관습적 반응)",
            "morpheme": "키/NNG+키/VV+아/EC+진짜/MAG"
          },
          {
            "id": 4,
            "text": "1 : 나는 우리 엄마가 맨날 나한테 짜증 내는 거 같음!",
            "norm_text": "나는 우리 엄마가 맨날 나한테 짜증 내는 거 같음!",
            "speaker": {
              "id": "1번",
              "sex": "여성",
              "age": "20대"
            },
            "speechAct": "(단언) 주장하기",
            "morpheme": "나/NP+는/JX+우리/NP+엄마/NNG+가/JKS+맨날/MAG+나/NP+한테/JKB+짜증/NNG+내/VV+는/ETM+거/NNB+같/VA+음/ETN"
          },
          {
            "id": 5,
            "text": "2 : 근데 또 엄청 친해 근데 엄청 싸움",
            "norm_text": "근데 또 엄청 친해 근데 엄청 싸움",
            "speaker": {
              "id": "2번",
              "sex": "여성",
              "age": "20대"
            },
            "speechAct": "(단언) 주장하기",
            "morpheme": "근데/MAJ+또/MAG+엄청/MAG+친해/VA+EP+근데/MAJ+엄청/MAG+싸움/NNG"
          },
          {
            "id": 6,
            "text": "1 : 맞아 키키",
            "norm_text": "맞아 키키",
            "speaker": {
              "id": "1번",
              "sex": "여성",
              "age": "20대"
            },
            "speechAct": "(단언) 주장하기",
            "morpheme": "맞/VV+아/EC+키/NNG+키/XSV+ETN"
          },
          {
            "id": 7,
            "text": "1 : 막 싸우다가 밥 뭐 먹을래? 하면 풀리잖아",
            "norm_text": "막 싸우다가 밥 뭐 먹을래? 하면 풀리잖아",
            "speaker": {
              "id": "1번",
              "sex": "여성",
              "age": "20대"
            },
            "speechAct": "(지시) 질문하기",
            "morpheme": "막/MAJ+싸우/VV+다가/EC+밥/NNG+뭐/IC+먹/VV+을래/EF+하/VV+면/EC+풀리/VV+잖아/EC"
          },
          {
            "id": 8,
            "text": "2 : 키키 맞아 맞아 딸이랑 엄마는 다 그런가봐",
            "norm_text": "키키 맞아 맞아 딸이랑 엄마는 다 그런가봐",
            "speaker": {
              "id": "2번",
              "sex": "여성",
              "age": "20대"
            },
            "speechAct": "(단언) 주장하기",
            "morpheme": "키/NNG+키/XSV+ETN+맞/VV+아/EC+맞/VV+아/EC+딸/NNG+이랑/JKB+엄마/NNG+는/JX+다/MAG+그런가/VA+EC+봐/VX+EC"
          },
          {
            "id": 9,
            "text": "1 : 키키 맞아 지금은 우리 언니랑 엄마랑 티격태격댐 키키",
            "norm_text": "키키 맞아 지금은 우리 언니랑 엄마랑 티격태격댐 키키",
            "speaker": {
              "id": "1번",
              "sex": "여성",
              "age": "20대"
            },
            "speechAct": "(단언) 주장하기",
            "morpheme": "키/NNG+키/XSV+ETN+맞/VV+아/EC+지금/MAG+은/JX+우리/NP+언니/NNG+랑/JKB+엄마/NNG+랑/JKB+티격태격/MAG+댐/NNG+키/NNG+키/XSV+ETN"
          },
          {
            "id": 10,
            "text": "2 : 키키 왜? 자주 싸우지?",
            "norm_text": "키키 왜? 자주 싸우지?",
            "speaker": {
              "id": "2번",
              "sex": "여성",
              "age": "20대"
            },
            "speechAct": "(지시) 질문하기",
            "morpheme": "키/NNG+키/XSV+ETN+왜/MAG+자주/MAG+싸우/VV+지/EF"
          },
          {
            "id": 11,
            "text": "2 : 나돈데",
            "norm_text": "나돈데",
            "speaker": {
              "id": "2번",
              "sex": "여성",
              "age": "20대"
            },
            "speechAct": "(단언) 주장하기",
            "morpheme": "나돈/VV+ETM+데/NNB"
          },
          {
            "id": 12,
            "text": "1 : 지금 둘이 붙어 있으니까~ 같이 살잖아!",
            "norm_text": "지금 둘이 붙어 있으니까~ 같이 살잖아!",
            "speaker": {
              "id": "1번",
              "sex": "여성",
              "age": "20대"
            },
            "speechAct": "(단언) 주장하기",
            "morpheme": "지금/MAG+둘/NR+이/JKS+붙/VV+어/EC+있/VX+으니까/EC+~/SY+같이/MAG+살/VV+잖아/EF"
          },
          {
            "id": 13,
            "text": "2 : 아 맞아 엄마가 그래서 나한테도 우린 붙어살면 안된데 맬",
            "norm_text": "아 맞아 엄마가 그래서 나한테도 우린 붙어살면 안된데 맬",
            "speaker": {
              "id": "2번",
              "sex": "여성",
              "age": "20대"
            },
            "speechAct": "(단언) 주장하기",
            "morpheme": "아/IC+맞/VV+아/EC+엄마/NNG+가/JKS+그래서/MAJ+나/NP+한테/JKB+도/JX+우린/NP+JX+붙어살/VV+면/EC+안/MAG+된/VV+ETM+데/NNB+맬/VV+ETM"
          },
          {
            "id": 14,
            "text": "1 : 키키 아니 솔직히 엄마가 먼저 짜증내서 우리도 짜증내게 되는 거잖아~",
            "norm_text": "키키 아니 솔직히 엄마가 먼저 짜증내서 우리도 짜증내게 되는 거잖아~",
            "speaker": {
              "id": "1번",
              "sex": "여성",
              "age": "20대"
            },
            "speechAct": "(단언) 주장하기",
            "morpheme": "키키아니솔직히엄마가먼저짜증내서우리도짜증내게되는거잖아/UNKNOWN+~/SY"
          },
          {
            "id": 15,
            "text": "2 : 맞아 그래서 말대꾸 하면 싸가지 없다하지",
            "norm_text": "맞아 그래서 말대꾸 하면 싸가지 없다하지",
            "speaker": {
              "id": "2번",
              "sex": "여성",
              "age": "20대"
            },
            "speechAct": "(단언) 진술하기",
            "morpheme": "맞아/IC+그래서/MAJ+말대꾸/NNG+하/XSV+면/EC+싸가지/NNG+없/VA+다/EC+하/VV+지/EC"
          },
          {
            "id": 16,
            "text": "1 : 맞아 키키",
            "norm_text": "맞아 키키",
            "speaker": {
              "id": "1번",
              "sex": "여성",
              "age": "20대"
            },
            "speechAct": "턴토크 사인(관습적 반응)",
            "morpheme": "맞/VV+아/EC+키/NNG+키/XSV+ETN"
          },
          {
            "id": 17,
            "text": "1 : 나는 그리고 등짝 스매칭 오져!",
            "norm_text": "나는 그리고 등짝 스매칭 오져!",
            "speaker": {
              "id": "1번",
              "sex": "여성",
              "age": "20대"
            },
            "speechAct": "(단언) 주장하기",
            "morpheme": "나/NP+는/JX+그리고/MAJ+등짝/NNG+스/XSN+매칭/NNP+오/VV+져/EC+VX+EF"
          },
          {
            "id": 18,
            "text": "2 : 키키 난 머리도 엄청 잡혀봄,",
            "norm_text": "키키 난 머리도 엄청 잡혀봄,",
            "speaker": {
              "id": "2번",
              "sex": "여성",
              "age": "20대"
            },
            "speechAct": "(단언) 진술하기",
            "morpheme": "키키난머리도엄청잡혀봄/UNKNOWN+,/SC"
          },
          {
            "id": 19,
            "text": "1 : 헐 키키 실화야?",
            "norm_text": "헐 키키 실화야?",
            "speaker": {
              "id": "1번",
              "sex": "여성",
              "age": "20대"
            },
            "speechAct": "(지시) 질문하기",
            "morpheme": "헐/IC+키/NNG+키/NNG+실화/NNG+야/VCP+EF"
          },
          {
            "id": 20,
            "text": "1 : 머리 많이 안 뽑혔어?",
            "norm_text": "머리 많이 안 뽑혔어?",
            "speaker": {
              "id": "1번",
              "sex": "여성",
              "age": "20대"
            },
            "speechAct": "(지시) 질문하기",
            "morpheme": "머리/NNG+많이/MAG+안/MAG+뽑혔/VV+EP+어/EF"
          },
          {
            "id": 21,
            "text": "2 : 어 엄청 싸운다니까 진짜",
            "norm_text": "어 엄청 싸운다니까 진짜",
            "speaker": {
              "id": "2번",
              "sex": "여성",
              "age": "20대"
            },
            "speechAct": "(단언) 주장하기",
            "morpheme": "어/IC+엄청/MAG+싸운다/VV+EC+니까/VCP+EC+진짜/MAG"
          }
        ]
      }
    }
  ]
}