{
  "dataset": {
    "identifier": 99388,
    "name": "FACEBOOK_109_12_set",
    "src_path": "/data/file/cubeManager/PROJECT001/77/txt20211029160805063417/FACEBOOK_109_12_set/",
    "label_path": "/data/file/cubeManager/PROJECT001/77/txt20211029160805063417/FACEBOOK_109_12_set/",
    "category": 2,
    "type": 0
  },
  "licenses": {
    "name": "Apache License 1.0",
    "url": "http://www.apache.org/licenses/LICENSE-1.0"
  },
  "info": [
    {
      "id": 111320,
      "filename": "FACEBOOK_109_12.txt",
      "title": "FACEBOOK_109_12",
      "mediatype": "SNS",
      "medianame": "페이스북",
      "category": "일상대화",
      "date": "2021-10-29",
      "size": 404,
      "annotations": {
        "subject": "여행",
        "speaker_type": "1:1",
        "size": 404,
        "word_size": 140,
        "text": "1 : 언니는 요즘에 가고 싶은 곳 없어?\n2 : 나 얼마 전에 기장 다녀왔는데 좋더라~\n1 : 어디?\n1 : 기장?\n1 : 처음 들어 봄!\n2 : 헐! 기장 부산 옆에 있는 곳이야\n1 : 아앗 내가 그쪽 지역은 잘 몰러~\n2 : 아 너 다음에 부산 여행 한다고 했잖아!\n1 : 맞아 키키\n1 : 그쪽은 부산밖에 몰라 ㅜ\n2 : 아ㅠㅠ 부산 주변도 볼 거 많은데!\n1 : 기장!?\n1 : 거기는 뭐가 유명해?\n2 : 거기는 톳이 유명해서 김밥으로 만들어 먹어!\n1 : 홀 그 백종원 TV에 나왔던 그 곳도 거기에 있어?\n2 : 응!\n2 : 골목식당에 나왔던 곳이야~\n1 : 어 맞아!\n1 : 근데 거기 백종원 아저씨한테 혼나지 않았어?\n2 : 어 혼나고 정신 차렸더라 키키\n1 : 아 진짜?\n1 : 언니 거기 가서 먹어봤어?\n2 : 응 먹어봤는데 진짜 맛있더라ㅋ",
        "lines": [
          {
            "id": 1,
            "text": "1 : 언니는 요즘에 가고 싶은 곳 없어?",
            "norm_text": "언니는 요즘에 가고 싶은 곳 없어?",
            "speaker": {
              "id": "1번",
              "sex": "여성",
              "age": "20대"
            },
            "speechAct": "(지시) 질문하기",
            "morpheme": "언니/NNG+는/JX+요즘/NNG+에/JKB+가/VV+고/EC+싶/VX+은/ETM+곳/NNB+없/VA+어/EF"
          },
          {
            "id": 2,
            "text": "2 : 나 얼마 전에 기장 다녀왔는데 좋더라~",
            "norm_text": "나 얼마 전에 기장 다녀왔는데 좋더라~",
            "speaker": {
              "id": "2번",
              "sex": "여성",
              "age": "20대"
            },
            "speechAct": "(단언) 주장하기",
            "morpheme": "나얼마전에기장다녀왔는데좋더라/UNKNOWN+~/SY"
          },
          {
            "id": 3,
            "text": "1 : 어디?",
            "norm_text": "어디?",
            "speaker": {
              "id": "1번",
              "sex": "여성",
              "age": "20대"
            },
            "speechAct": "(지시) 질문하기",
            "morpheme": "어디/NP"
          },
          {
            "id": 4,
            "text": "1 : 기장?",
            "norm_text": "기장?",
            "speaker": {
              "id": "1번",
              "sex": "여성",
              "age": "20대"
            },
            "speechAct": "(지시) 질문하기",
            "morpheme": "기장/NNG"
          },
          {
            "id": 5,
            "text": "1 : 처음 들어 봄!",
            "norm_text": "처음 들어 봄!",
            "speaker": {
              "id": "1번",
              "sex": "여성",
              "age": "20대"
            },
            "speechAct": "(단언) 주장하기",
            "morpheme": "처음/MAG+들/VV+어/EC+봄/VX+ETN"
          },
          {
            "id": 6,
            "text": "2 : 헐! 기장 부산 옆에 있는 곳이야",
            "norm_text": "헐! 기장 부산 옆에 있는 곳이야",
            "speaker": {
              "id": "2번",
              "sex": "여성",
              "age": "20대"
            },
            "speechAct": "(단언) 진술하기",
            "morpheme": "헐/IC+기장/NNP+부산/NNP+옆/NNG+에/JKB+있/VV+는/ETM+곳/NNG+이/VCP+야/EC"
          },
          {
            "id": 7,
            "text": "1 : 아앗 내가 그쪽 지역은 잘 몰러~",
            "norm_text": "아앗 내가 그쪽 지역은 잘 몰러~",
            "speaker": {
              "id": "1번",
              "sex": "여성",
              "age": "20대"
            },
            "speechAct": "(단언) 주장하기",
            "morpheme": "아앗/IC+내/NP+가/JKS+그쪽/NP+지역/NNG+은/JX+잘/MAG+몰러/VV+EC+~/SY"
          },
          {
            "id": 8,
            "text": "2 : 아 너 다음에 부산 여행 한다고 했잖아!",
            "norm_text": "아 너 다음에 부산 여행 한다고 했잖아!",
            "speaker": {
              "id": "2번",
              "sex": "여성",
              "age": "20대"
            },
            "speechAct": "(단언) 진술하기",
            "morpheme": "아/IC+너/NP+다음/NNG+에/JKB+부산/NNP+여행/NNG+한다고/XSV+EC+했잖아/VX+EP+EC+VX+EF"
          },
          {
            "id": 9,
            "text": "1 : 맞아 키키",
            "norm_text": "맞아 키키",
            "speaker": {
              "id": "1번",
              "sex": "여성",
              "age": "20대"
            },
            "speechAct": "(단언) 주장하기",
            "morpheme": "맞/VV+아/EC+키/NNG+키/XSV+ETN"
          },
          {
            "id": 10,
            "text": "1 : 그쪽은 부산밖에 몰라 ㅜ",
            "norm_text": "그쪽은 부산밖에 몰라 ㅜ",
            "speaker": {
              "id": "1번",
              "sex": "여성",
              "age": "20대"
            },
            "speechAct": "(단언) 주장하기",
            "morpheme": "그쪽/NP+은/JX+부산/NNP+밖/NNG+에/JKB+몰라/VV+EF+ㅜ/UNKNOWN"
          },
          {
            "id": 11,
            "text": "2 : 아ㅠㅠ 부산 주변도 볼 거 많은데!",
            "norm_text": "아ㅠㅠ 부산 주변도 볼 거 많은데!",
            "speaker": {
              "id": "2번",
              "sex": "여성",
              "age": "20대"
            },
            "speechAct": "(단언) 주장하기",
            "morpheme": "아/IC+ㅠㅠ/UNKNOWN+부산/NNP+주변/NNG+도/JX+볼/VV+ETM+거/NNB+많/VA+은데/EF"
          },
          {
            "id": 12,
            "text": "1 : 기장!?",
            "norm_text": "기장!?",
            "speaker": {
              "id": "1번",
              "sex": "여성",
              "age": "20대"
            },
            "speechAct": "(지시) 질문하기",
            "morpheme": "기장/NNG+!/SY"
          },
          {
            "id": 13,
            "text": "1 : 거기는 뭐가 유명해?",
            "norm_text": "거기는 뭐가 유명해?",
            "speaker": {
              "id": "1번",
              "sex": "여성",
              "age": "20대"
            },
            "speechAct": "(지시) 질문하기",
            "morpheme": "거기/NP+는/JX+뭐/NP+가/JKS+유명/NNG+해/XSV+EF"
          },
          {
            "id": 14,
            "text": "2 : 거기는 톳이 유명해서 김밥으로 만들어 먹어!",
            "norm_text": "거기는 톳이 유명해서 김밥으로 만들어 먹어!",
            "speaker": {
              "id": "2번",
              "sex": "여성",
              "age": "20대"
            },
            "speechAct": "(단언) 진술하기",
            "morpheme": "거기/NP+는/JX+톳/NNG+이/JKS+유명/NNG+해서/XSV+EC+김밥/NNG+으로/JKB+만들/VV+어/EC+먹/VV+어/EF"
          },
          {
            "id": 15,
            "text": "1 : 홀 그 백종원 TV에 나왔던 그 곳도 거기에 있어?",
            "norm_text": "홀 그 백종원 TV에 나왔던 그 곳도 거기에 있어?",
            "speaker": {
              "id": "1번",
              "sex": "여성",
              "age": "20대"
            },
            "speechAct": "(지시) 질문하기",
            "morpheme": "홀/NNP+그/MM+백종원/NNP+TV/SL+에/JKB+나왔/VV+EP+던/ETM+그곳/NP+도/JX+거기/NP+에/JKB+있/VV+어/EF"
          },
          {
            "id": 16,
            "text": "2 : 응!",
            "norm_text": "응!",
            "speaker": {
              "id": "2번",
              "sex": "여성",
              "age": "20대"
            },
            "speechAct": "(단언) 주장하기",
            "morpheme": "응/IC"
          },
          {
            "id": 17,
            "text": "2 : 골목식당에 나왔던 곳이야~",
            "norm_text": "골목식당에 나왔던 곳이야~",
            "speaker": {
              "id": "2번",
              "sex": "여성",
              "age": "20대"
            },
            "speechAct": "(단언) 진술하기",
            "morpheme": "골목/NNG+식당/NNG+에/JKB+나왔/VV+EP+던/ETM+곳/NNG+이/VCP+야/EC+~/SY"
          },
          {
            "id": 18,
            "text": "1 : 어 맞아!",
            "norm_text": "어 맞아!",
            "speaker": {
              "id": "1번",
              "sex": "여성",
              "age": "20대"
            },
            "speechAct": "(단언) 주장하기",
            "morpheme": "어/IC+맞/VV+아/EF"
          },
          {
            "id": 19,
            "text": "1 : 근데 거기 백종원 아저씨한테 혼나지 않았어?",
            "norm_text": "근데 거기 백종원 아저씨한테 혼나지 않았어?",
            "speaker": {
              "id": "1번",
              "sex": "여성",
              "age": "20대"
            },
            "speechAct": "(지시) 질문하기",
            "morpheme": "근데/MAJ+거기/NP+백종원/NNP+아저씨/NNG+한테/JKB+혼나/VV+지/EC+않/VX+았/EP+어/EF"
          },
          {
            "id": 20,
            "text": "2 : 어 혼나고 정신 차렸더라 키키",
            "norm_text": "어 혼나고 정신 차렸더라 키키",
            "speaker": {
              "id": "2번",
              "sex": "여성",
              "age": "20대"
            },
            "speechAct": "(단언) 주장하기",
            "morpheme": "어/IC+혼나/VV+고/EC+정신/NNG+차렸/VV+EP+더라/EF+키/NNG+키/XSV+ETN"
          },
          {
            "id": 21,
            "text": "1 : 아 진짜?",
            "norm_text": "아 진짜?",
            "speaker": {
              "id": "1번",
              "sex": "여성",
              "age": "20대"
            },
            "speechAct": "(지시) 질문하기",
            "morpheme": "아/IC+진짜/MAG"
          },
          {
            "id": 22,
            "text": "1 : 언니 거기 가서 먹어봤어?",
            "norm_text": "언니 거기 가서 먹어봤어?",
            "speaker": {
              "id": "1번",
              "sex": "여성",
              "age": "20대"
            },
            "speechAct": "(지시) 질문하기",
            "morpheme": "언니/NNG+거기/NP+가/JKS+서/VV+EC+먹/VV+어/EC+봤/VX+EP+어/EF"
          },
          {
            "id": 23,
            "text": "2 : 응 먹어봤는데 진짜 맛있더라ㅋ",
            "norm_text": "응 먹어봤는데 진짜 맛있더라ㅋ",
            "speaker": {
              "id": "2번",
              "sex": "여성",
              "age": "20대"
            },
            "speechAct": "(단언) 주장하기",
            "morpheme": "응/IC+먹/VV+어/EC+봤/VX+EP+는데/EC+진짜/MAG+맛있/VA+더라/EF+ㅋ/UNKNOWN"
          }
        ]
      }
    }
  ]
}