{
  "dataset": {
    "identifier": 101998,
    "name": "FACEBOOK_103_15_set",
    "src_path": "/data/file/cubeManager/PROJECT001/77/txt20211028145511006761/FACEBOOK_103_15_set/",
    "label_path": "/data/file/cubeManager/PROJECT001/77/txt20211028145511006761/FACEBOOK_103_15_set/",
    "category": 2,
    "type": 0
  },
  "licenses": {
    "name": "Apache License 1.0",
    "url": "http://www.apache.org/licenses/LICENSE-1.0"
  },
  "info": [
    {
      "id": 100480,
      "filename": "FACEBOOK_103_15.txt",
      "title": "FACEBOOK_103_15",
      "mediatype": "SNS",
      "medianame": "페이스북",
      "category": "일상대화",
      "date": "2021-10-28",
      "size": 507,
      "annotations": {
        "subject": "타 국가 이슈",
        "speaker_type": "1:1",
        "size": 507,
        "word_size": 161,
        "text": "1 : 너 러시아산 보드카 먹어본 적 있어?\n2 : 아니 보드카는 안 먹어본 거 같아\n1 : 너 그러면 러시아인들이 엄청 독한 술 마시는 문화가 있는 건 알아?\n2 : 40도 넘는 거 먹지 않아?\n1 : 맞아 키키\n1 : 근데 이번에 가짜 술을 마시고 러시아인 18명이 죽었대!\n2 : 헐 대체 뭘 넣길래 사람들이 죽은 거야?\n1 : 이제 이 사람들은 센 도수 원해서 메탄올 성분이 담긴 술을 마셨대!\n2 : 좀 더 알아보고 하지ㅠ\n1 : 이게 경제난이 원인이라고 하더라 더 싼 메탄올을 마신 거지!\n2 : 메탄올은 먹으면 바로 죽는 거 아니야?\n1 : 그치, 그래서 18명이나 죽은 거잖아!\n1 : 이게 코로나 때문에 경제난이 생겨서 이런 식으로 만들어서 먹고 죽은 거래!\n2 : 코로나 때문에 모든 사람들이 피해를 보네\n1 : 그니까 ㅜㅜ 이 술을 만든 사람은 지금 감옥에 갇혀있대!\n2 : 감옥에 가야지 사람들이 죽었는데\n1 : ㅜㅜ 근데 아직도 암암리에 이런 술을 만들고 있나 봐!\n2 : 코로나가 없어져야 이런 것도 없어질 텐데",
        "lines": [
          {
            "id": 1,
            "text": "1 : 너 러시아산 보드카 먹어본 적 있어?",
            "norm_text": "너 러시아산 보드카 먹어본 적 있어?",
            "speaker": {
              "id": "1번",
              "sex": "여성",
              "age": "20대"
            },
            "speechAct": "(지시) 질문하기",
            "morpheme": "너/NP+러시아/NNP+산/XSN+보드카/NNG+먹/VV+어/EC+본/VX+ETM+적/NNB+있/VA+어/EF"
          },
          {
            "id": 2,
            "text": "2 : 아니 보드카는 안 먹어본 거 같아",
            "norm_text": "아니 보드카는 안 먹어본 거 같아",
            "speaker": {
              "id": "2번",
              "sex": "여성",
              "age": "20대"
            },
            "speechAct": "(단언) 진술하기",
            "morpheme": "아니/IC+보드카/NNG+는/JX+안/MAG+먹/VV+어/EC+본/VX+ETM+거/NNB+같/VA+아/EC"
          },
          {
            "id": 3,
            "text": "1 : 너 그러면 러시아인들이 엄청 독한 술 마시는 문화가 있는 건 알아?",
            "norm_text": "너 그러면 러시아인들이 엄청 독한 술 마시는 문화가 있는 건 알아?",
            "speaker": {
              "id": "1번",
              "sex": "여성",
              "age": "20대"
            },
            "speechAct": "(지시) 질문하기",
            "morpheme": "너/NP+그러/VV+면/EC+러시아/NNP+인/XSN+들/XSN+이/JKS+엄청/MAG+독한/VA+ETM+술/NNG+마시/VV+는/ETM+문화/NNG+가/JKS+있/VA+는/ETM+건/NNB+JX+알/VV+아/EF"
          },
          {
            "id": 4,
            "text": "2 : 40도 넘는 거 먹지 않아?",
            "norm_text": "40도 넘는 거 먹지 않아?",
            "speaker": {
              "id": "2번",
              "sex": "여성",
              "age": "20대"
            },
            "speechAct": "(지시) 질문하기",
            "morpheme": "40/SN+도/NNBC+넘/VV+는/ETM+거/NNB+먹/VV+지/EC+않/VX+아/EF"
          },
          {
            "id": 5,
            "text": "1 : 맞아 키키",
            "norm_text": "맞아 키키",
            "speaker": {
              "id": "1번",
              "sex": "여성",
              "age": "20대"
            },
            "speechAct": "(단언) 주장하기",
            "morpheme": "맞/VV+아/EC+키/NNG+키/XSV+ETN"
          },
          {
            "id": 6,
            "text": "1 : 근데 이번에 가짜 술을 마시고 러시아인 18명이 죽었대!",
            "norm_text": "근데 이번에 가짜 술을 마시고 러시아인 18명이 죽었대!",
            "speaker": {
              "id": "1번",
              "sex": "여성",
              "age": "20대"
            },
            "speechAct": "(단언) 진술하기",
            "morpheme": "근데/MAJ+이번/NNG+에/JKB+가짜/NNG+술/NNG+을/JKO+마시/VV+고/EC+러시아인/NNP+18/SN+명/NNBC+이/JKS+죽/VV+었/EP+대/EF"
          },
          {
            "id": 7,
            "text": "2 : 헐 대체 뭘 넣길래 사람들이 죽은 거야?",
            "norm_text": "헐 대체 뭘 넣길래 사람들이 죽은 거야?",
            "speaker": {
              "id": "2번",
              "sex": "여성",
              "age": "20대"
            },
            "speechAct": "(지시) 질문하기",
            "morpheme": "헐/IC+대체/MAG+뭘/NP+JKO+넣/VV+길래/EC+사람/NNG+들/XSN+이/JKS+죽/VV+은/ETM+거/NNB+야/VCP+EF"
          },
          {
            "id": 8,
            "text": "1 : 이제 이 사람들은 센 도수 원해서 메탄올 성분이 담긴 술을 마셨대!",
            "norm_text": "이제 이 사람들은 센 도수 원해서 메탄올 성분이 담긴 술을 마셨대!",
            "speaker": {
              "id": "1번",
              "sex": "여성",
              "age": "20대"
            },
            "speechAct": "(단언) 진술하기",
            "morpheme": "이제/MAG+이/MM+사람/NNG+들/XSN+은/JX+센/NNG+도/JX+수원/NNG+해서/XSV+EC+메탄올/NNG+성분/NNG+이/JKS+담긴/VV+ETM+술/NNG+을/JKO+마셨/VV+EP+대/EF"
          },
          {
            "id": 9,
            "text": "2 : 좀 더 알아보고 하지ㅠ",
            "norm_text": "좀 더 알아보고 하지ㅠ",
            "speaker": {
              "id": "2번",
              "sex": "여성",
              "age": "20대"
            },
            "speechAct": "(단언) 주장하기",
            "morpheme": "좀/MAG+더/MAG+알아보/VV+고/EC+하/VV+지/EC+ㅠ/UNKNOWN"
          },
          {
            "id": 10,
            "text": "1 : 이게 경제난이 원인이라고 하더라 더 싼 메탄올을 마신 거지!",
            "norm_text": "이게 경제난이 원인이라고 하더라 더 싼 메탄올을 마신 거지!",
            "speaker": {
              "id": "1번",
              "sex": "여성",
              "age": "20대"
            },
            "speechAct": "(단언) 진술하기",
            "morpheme": "이게/NP+JKS+경제난/NNG+이/JKS+원인/NNG+이/VCP+라고/EC+하/VV+더라/EC+더/MAG+싼/VA+ETM+메탄올/NNG+을/JKO+마신/VV+ETM+거/NNB+지/VCP+EF"
          },
          {
            "id": 11,
            "text": "2 : 메탄올은 먹으면 바로 죽는 거 아니야?",
            "norm_text": "메탄올은 먹으면 바로 죽는 거 아니야?",
            "speaker": {
              "id": "2번",
              "sex": "여성",
              "age": "20대"
            },
            "speechAct": "(지시) 질문하기",
            "morpheme": "메탄올/NNG+은/JX+먹/VV+으면/EC+바로/MAG+죽/VV+는/ETM+거/NNB+아니/VCN+야/EF"
          },
          {
            "id": 12,
            "text": "1 : 그치, 그래서 18명이나 죽은 거잖아!",
            "norm_text": "그치, 그래서 18명이나 죽은 거잖아!",
            "speaker": {
              "id": "1번",
              "sex": "여성",
              "age": "20대"
            },
            "speechAct": "(단언) 진술하기",
            "morpheme": "그치/IC+,/SC+그래서/MAJ+18/SN+명/NNBC+이나/JX+죽/VV+은/ETM+거/NNB+잖아/VCP+EC+VX+EF"
          },
          {
            "id": 13,
            "text": "1 : 이게 코로나 때문에 경제난이 생겨서 이런 식으로 만들어서 먹고 죽은 거래!",
            "norm_text": "이게 코로나 때문에 경제난이 생겨서 이런 식으로 만들어서 먹고 죽은 거래!",
            "speaker": {
              "id": "1번",
              "sex": "여성",
              "age": "20대"
            },
            "speechAct": "(단언) 진술하기",
            "morpheme": "이게/NP+JKS+코로나/NNG+때문/NNB+에/JKB+경제난/NNG+이/JKS+생겨서/VV+EC+이런/MM+식/NNB+으로/JKB+만들/VV+어서/EC+먹/VV+고/EC+죽/VV+은/ETM+거/NNB+래/VCP+EF"
          },
          {
            "id": 14,
            "text": "2 : 코로나 때문에 모든 사람들이 피해를 보네",
            "norm_text": "코로나 때문에 모든 사람들이 피해를 보네",
            "speaker": {
              "id": "2번",
              "sex": "여성",
              "age": "20대"
            },
            "speechAct": "(단언) 주장하기",
            "morpheme": "코로나/NNG+때문/NNB+에/JKB+모든/MM+사람/NNG+들/XSN+이/JKS+피해/NNG+를/JKO+보네/NNG"
          },
          {
            "id": 15,
            "text": "1 : 그니까 ㅜㅜ 이 술을 만든 사람은 지금 감옥에 갇혀있대!",
            "norm_text": "그니까 ㅜㅜ 이 술을 만든 사람은 지금 감옥에 갇혀있대!",
            "speaker": {
              "id": "1번",
              "sex": "여성",
              "age": "20대"
            },
            "speechAct": "(단언) 진술하기",
            "morpheme": "그니까/MAJ+ㅜㅜ/UNKNOWN+이술/NNG+을/JKO+만든/VV+ETM+사람/NNG+은/JX+지금/MAG+감옥/NNG+에/JKB+갇혀/VV+EC+있/VX+대/EF"
          },
          {
            "id": 16,
            "text": "2 : 감옥에 가야지 사람들이 죽었는데",
            "norm_text": "감옥에 가야지 사람들이 죽었는데",
            "speaker": {
              "id": "2번",
              "sex": "여성",
              "age": "20대"
            },
            "speechAct": "(단언) 주장하기",
            "morpheme": "감옥/NNG+에/JKB+가/VV+야지/EC+사람/NNG+들/XSN+이/JKS+죽/VV+었/EP+는데/EC"
          },
          {
            "id": 17,
            "text": "1 : ㅜㅜ 근데 아직도 암암리에 이런 술을 만들고 있나 봐!",
            "norm_text": "ㅜㅜ 근데 아직도 암암리에 이런 술을 만들고 있나 봐!",
            "speaker": {
              "id": "1번",
              "sex": "여성",
              "age": "20대"
            },
            "speechAct": "(단언) 진술하기",
            "morpheme": "ㅜㅜ/UNKNOWN+근데/MAJ+아직/MAG+도/JX+암암리/NNG+에/JKB+이런/MM+술/NNG+을/JKO+만들/VV+고/EC+있/VX+나/EC+봐/VX+EF"
          },
          {
            "id": 18,
            "text": "2 : 코로나가 없어져야 이런 것도 없어질 텐데",
            "norm_text": "코로나가 없어져야 이런 것도 없어질 텐데",
            "speaker": {
              "id": "2번",
              "sex": "여성",
              "age": "20대"
            },
            "speechAct": "(단언) 주장하기",
            "morpheme": "코로나/NNG+가/JKS+없/VA+어/EC+져야/VX+EC+이런/MM+것/NNB+도/JX+없/VA+어/EC+질텐데/VX+ETM+NNB+VCP+EC"
          }
        ]
      }
    }
  ]
}