{
  "dataset": {
    "identifier": 119492,
    "name": "FACEBOOK_114_20_set",
    "src_path": "/data/file/cubeManager/PROJECT001/80/txt20211103151014096544/FACEBOOK_114_20_set/",
    "label_path": "/data/file/cubeManager/PROJECT001/80/txt20211103151014096544/FACEBOOK_114_20_set/",
    "category": 2,
    "type": 0
  },
  "licenses": {
    "name": "Apache License 1.0",
    "url": "http://www.apache.org/licenses/LICENSE-1.0"
  },
  "info": [
    {
      "id": 134423,
      "filename": "FACEBOOK_114_20.txt",
      "title": "FACEBOOK_114_20",
      "mediatype": "SNS",
      "medianame": "페이스북",
      "category": "일상대화",
      "date": "2021-11-03",
      "size": 387,
      "annotations": {
        "subject": "영화/만화",
        "speaker_type": "1:1",
        "size": 387,
        "word_size": 124,
        "text": "1 : 우리집 작은 소극장 만듦!\n2 : 소극장? 음 연극 하려고?\n1 : 키키 아니 영화관이라고 해야 하나 음하하하!\n2 : 키키 아 빔 프로젝트 샀어?\n1 : 아니 키키 컴퓨터에 넷플릭스 깔았음!\n2 : 요즘 전부 다 넷플릭스 보더라\n1 : 맞아 나는 넷플릭스 특유의 화질이 내가 좋아하는 거야!\n2 : 영화도 종류별로 다 있잖아!\n1 : 키키 맞아 이번에 한소희 나온 시리즈도 재밌음!\n2 : 나 그거 진작에 다 봤지\n1 : 키키 헐 대박 나 마지막화 남았다규~\n2 : 박희순인가 나 진짜 제대로 치였잖아~\n1 : 헐 ㅜㅜ 나도 그 사람 진짜 좋아해! 연기 쩔어~\n2 : 찾아봤더니 유부남이더라 진짜 슬퍼 ㅠ\n1 : 아앗 키키 역시 그런 멋진 사람들은 다 반려자가 있다규~\n2 : 그냥 팬으로만 남는 걸로 해야지~",
        "lines": [
          {
            "id": 1,
            "text": "1 : 우리집 작은 소극장 만듦!",
            "norm_text": "우리집 작은 소극장 만듦!",
            "speaker": {
              "id": "1번",
              "sex": "여성",
              "age": "20대"
            },
            "speechAct": "(단언) 진술하기",
            "morpheme": "우리/NP+집작/NNG+은/JX+소극장/NNG+만/JX+듦/UNKNOWN"
          },
          {
            "id": 2,
            "text": "2 : 소극장? 음 연극 하려고?",
            "norm_text": "소극장? 음 연극 하려고?",
            "speaker": {
              "id": "2번",
              "sex": "여성",
              "age": "20대"
            },
            "speechAct": "(지시) 질문하기",
            "morpheme": "소극장/NNG+음/IC+연극/NNG+하/XSA+려고/EF"
          },
          {
            "id": 3,
            "text": "1 : 키키 아니 영화관이라고 해야 하나 음하하하!",
            "norm_text": "키키 아니 영화관이라고 해야 하나 음하하하!",
            "speaker": {
              "id": "1번",
              "sex": "여성",
              "age": "20대"
            },
            "speechAct": "(단언) 주장하기",
            "morpheme": "키/NNG+키/XSV+ETN+아니/VCN+영화관/NNG+이/VCP+라고/EC+해야/VV+EC+하나/NR+음/IC+하하하/IC"
          },
          {
            "id": 4,
            "text": "2 : 키키 아 빔 프로젝트 샀어?",
            "norm_text": "키키 아 빔 프로젝트 샀어?",
            "speaker": {
              "id": "2번",
              "sex": "여성",
              "age": "20대"
            },
            "speechAct": "(지시) 질문하기",
            "morpheme": "키키/NNP+아빔/NNP+프로젝트/NNG+샀/VV+EP+어/EF"
          },
          {
            "id": 5,
            "text": "1 : 아니 키키 컴퓨터에 넷플릭스 깔았음!",
            "norm_text": "아니 키키 컴퓨터에 넷플릭스 깔았음!",
            "speaker": {
              "id": "1번",
              "sex": "여성",
              "age": "20대"
            },
            "speechAct": "(단언) 진술하기",
            "morpheme": "아니키/NNP+키/NNG+컴퓨터/NNG+에/JKB+넷플릭스/NNP+깔/VV+았/EP+음/ETN"
          },
          {
            "id": 6,
            "text": "2 : 요즘 전부 다 넷플릭스 보더라",
            "norm_text": "요즘 전부 다 넷플릭스 보더라",
            "speaker": {
              "id": "2번",
              "sex": "여성",
              "age": "20대"
            },
            "speechAct": "(단언) 진술하기",
            "morpheme": "요즘/MAG+전부/MAG+다/MAG+넷플릭스/NNP+보/VV+더라/EC"
          },
          {
            "id": 7,
            "text": "1 : 맞아 나는 넷플릭스 특유의 화질이 내가 좋아하는 거야!",
            "norm_text": "맞아 나는 넷플릭스 특유의 화질이 내가 좋아하는 거야!",
            "speaker": {
              "id": "1번",
              "sex": "여성",
              "age": "20대"
            },
            "speechAct": "(단언) 주장하기",
            "morpheme": "맞/VV+아/EC+나/NP+는/JX+넷플릭스/NNP+특유/NNG+의/JKG+화질/NNG+이/JKS+내/NP+가/JKS+좋/VA+아/EC+하/VV+는/ETM+거/NNB+야/VCP+EF"
          },
          {
            "id": 8,
            "text": "2 : 영화도 종류별로 다 있잖아!",
            "norm_text": "영화도 종류별로 다 있잖아!",
            "speaker": {
              "id": "2번",
              "sex": "여성",
              "age": "20대"
            },
            "speechAct": "(단언) 주장하기",
            "morpheme": "영화/NNG+도/JX+종류/NNG+별/XSN+로/JKB+다/MAG+있/VA+잖아/EF"
          },
          {
            "id": 9,
            "text": "1 : 키키 맞아 이번에 한소희 나온 시리즈도 재밌음!",
            "norm_text": "키키 맞아 이번에 한소희 나온 시리즈도 재밌음!",
            "speaker": {
              "id": "1번",
              "sex": "여성",
              "age": "20대"
            },
            "speechAct": "(단언) 주장하기",
            "morpheme": "키/NNG+키/XSV+ETN+맞/VV+아/EC+이번/NNG+에/JKB+한/MM+소희/NNG+나온/VV+ETM+시리즈/NNG+도/JX+재밌/VA+음/ETN"
          },
          {
            "id": 10,
            "text": "2 : 나 그거 진작에 다 봤지",
            "norm_text": "나 그거 진작에 다 봤지",
            "speaker": {
              "id": "2번",
              "sex": "여성",
              "age": "20대"
            },
            "speechAct": "(단언) 진술하기",
            "morpheme": "나/NP+그거/NP+진작/NNG+에다/JKB+봤/VV+EP+지/EC"
          },
          {
            "id": 11,
            "text": "1 : 키키 헐 대박 나 마지막화 남았다규~",
            "norm_text": "키키 헐 대박 나 마지막화 남았다규~",
            "speaker": {
              "id": "1번",
              "sex": "여성",
              "age": "20대"
            },
            "speechAct": "(단언) 진술하기",
            "morpheme": "키키헐대박나마지막화남았다규/UNKNOWN+~/SY"
          },
          {
            "id": 12,
            "text": "2 : 박희순인가 나 진짜 제대로 치였잖아~",
            "norm_text": "박희순인가 나 진짜 제대로 치였잖아~",
            "speaker": {
              "id": "2번",
              "sex": "여성",
              "age": "20대"
            },
            "speechAct": "(단언) 주장하기",
            "morpheme": "박희순/NNP+인가/VCP+EC+나/NP+진짜/MAG+제대로/MAG+치였/VV+EP+잖아/EC+~/SY"
          },
          {
            "id": 13,
            "text": "1 : 헐 ㅜㅜ 나도 그 사람 진짜 좋아해! 연기 쩔어~",
            "norm_text": "헐 ㅜㅜ 나도 그 사람 진짜 좋아해! 연기 쩔어~",
            "speaker": {
              "id": "1번",
              "sex": "여성",
              "age": "20대"
            },
            "speechAct": "(단언) 주장하기",
            "morpheme": "헐ㅜㅜ나도그사람진짜좋아해/UNKNOWN+연기/NNG+쩔/VV+어/EC+~/SY"
          },
          {
            "id": 14,
            "text": "2 : 찾아봤더니 유부남이더라 진짜 슬퍼 ㅠ",
            "norm_text": "찾아봤더니 유부남이더라 진짜 슬퍼 ㅠ",
            "speaker": {
              "id": "2번",
              "sex": "여성",
              "age": "20대"
            },
            "speechAct": "(단언) 주장하기",
            "morpheme": "찾/VV+아/EC+봤/VX+EP+더니/EC+유부남/NNG+이/VCP+더라/EF+진짜/MAG+슬퍼/VA+EP+ㅠ/UNKNOWN"
          },
          {
            "id": 15,
            "text": "1 : 아앗 키키 역시 그런 멋진 사람들은 다 반려자가 있다규~",
            "norm_text": "아앗 키키 역시 그런 멋진 사람들은 다 반려자가 있다규~",
            "speaker": {
              "id": "1번",
              "sex": "여성",
              "age": "20대"
            },
            "speechAct": "(단언) 주장하기",
            "morpheme": "아앗키키역시그런멋진사람들은다반려자가있다규/UNKNOWN+~/SY"
          },
          {
            "id": 16,
            "text": "2 : 그냥 팬으로만 남는 걸로 해야지~",
            "norm_text": "그냥 팬으로만 남는 걸로 해야지~",
            "speaker": {
              "id": "2번",
              "sex": "여성",
              "age": "20대"
            },
            "speechAct": "(단언) 주장하기",
            "morpheme": "그냥/MAG+팬/NNG+으로/JKB+만/JX+남/VV+는/ETM+걸로/NNB+JKB+해야지/VV+EC+~/SY"
          }
        ]
      }
    }
  ]
}