{
  "dataset": {
    "identifier": 113785,
    "name": "FACEBOOK_112_13_set",
    "src_path": "/data/file/cubeManager/PROJECT001/80/txt20211103154237032176/FACEBOOK_112_13_set/",
    "label_path": "/data/file/cubeManager/PROJECT001/80/txt20211103154237032176/FACEBOOK_112_13_set/",
    "category": 2,
    "type": 0
  },
  "licenses": {
    "name": "Apache License 1.0",
    "url": "http://www.apache.org/licenses/LICENSE-1.0"
  },
  "info": [
    {
      "id": 135348,
      "filename": "FACEBOOK_112_13.txt",
      "title": "FACEBOOK_112_13",
      "mediatype": "SNS",
      "medianame": "페이스북",
      "category": "일상대화",
      "date": "2021-11-03",
      "size": 382,
      "annotations": {
        "subject": "계절/날씨",
        "speaker_type": "1:1",
        "size": 382,
        "word_size": 129,
        "text": "1 : 와 어제 저녁에 비온 거 알아?\n2 : 맞아 아침에 여기는 축축하더라\n1 : 키키 맞아 나 어제 비 떨어지는 소리 들었는데 설마 했거든!?\n2 : 왜 비 많이 왔어?\n1 : 오늘 아침에 나왔는데 진짜 웅덩이 져있던데?\n2 : 근데 오늘은 어제보다 덜 추웠지?\n1 : 아니,\n1 : 나 조끼패딩 걸치고 갔어!\n2 : 조끼 패딩 입어야 됌 키키\n1 : 키키 인정 그래도 춥긴 춥더라!\n2 : 맞아 난 겨울이 싫어ㅜㅜ\n1 : ㅜㅜ 아니 10월 중순인데 무슨 겨울날씨야!\n2 : 미쳤지 날씨가 진짜 키키\n2 : 여름이 좋아 난\n1 : 키키 나는 그래도 여름은 좀,\n2 : 키키 왜 여름은 휴가라도 가지\n1 : 키키 언니 월차 12월에 다 써버려 그래서 휴가 느낌 내!\n2 : 우린 12월에 못써 11월에 다 써야함",
        "lines": [
          {
            "id": 1,
            "text": "1 : 와 어제 저녁에 비온 거 알아?",
            "norm_text": "와 어제 저녁에 비온 거 알아?",
            "speaker": {
              "id": "1번",
              "sex": "여성",
              "age": "20대"
            },
            "speechAct": "(지시) 질문하기",
            "morpheme": "와/IC+어제/MAG+저녁/NNG+에/JKB+비/VV+EC+온/VX+ETM+거/NNB+알/VV+아/EF"
          },
          {
            "id": 2,
            "text": "2 : 맞아 아침에 여기는 축축하더라",
            "norm_text": "맞아 아침에 여기는 축축하더라",
            "speaker": {
              "id": "2번",
              "sex": "여성",
              "age": "20대"
            },
            "speechAct": "(단언) 주장하기",
            "morpheme": "맞/VV+아/EC+아침/NNG+에/JKB+여기/NP+는/JX+축축/XR+하/XSA+더라/EC"
          },
          {
            "id": 3,
            "text": "1 : 키키 맞아 나 어제 비 떨어지는 소리 들었는데 설마 했거든!?",
            "norm_text": "키키 맞아 나 어제 비 떨어지는 소리 들었는데 설마 했거든!?",
            "speaker": {
              "id": "1번",
              "sex": "여성",
              "age": "20대"
            },
            "speechAct": "(지시) 질문하기",
            "morpheme": "키키맞아나어제비떨어지는소리들었는데설마했거든/UNKNOWN+!/SY"
          },
          {
            "id": 4,
            "text": "2 : 왜 비 많이 왔어?",
            "norm_text": "왜 비 많이 왔어?",
            "speaker": {
              "id": "2번",
              "sex": "여성",
              "age": "20대"
            },
            "speechAct": "(지시) 질문하기",
            "morpheme": "왜/MAG+비/NNG+많이/MAG+왔/VV+EP+어/EF"
          },
          {
            "id": 5,
            "text": "1 : 오늘 아침에 나왔는데 진짜 웅덩이 져있던데?",
            "norm_text": "오늘 아침에 나왔는데 진짜 웅덩이 져있던데?",
            "speaker": {
              "id": "1번",
              "sex": "여성",
              "age": "20대"
            },
            "speechAct": "(지시) 질문하기",
            "morpheme": "오늘/MAG+아침/NNG+에/JKB+나왔/VV+EP+는데/EC+진짜/MAG+웅/MAG+덩이져/VA+EC+있/VX+던데/EF"
          },
          {
            "id": 6,
            "text": "2 : 근데 오늘은 어제보다 덜 추웠지?",
            "norm_text": "근데 오늘은 어제보다 덜 추웠지?",
            "speaker": {
              "id": "2번",
              "sex": "여성",
              "age": "20대"
            },
            "speechAct": "(지시) 질문하기",
            "morpheme": "근데/MAJ+오늘/NNG+은/JX+어제/NNG+보다/JKB+덜/MAG+추웠/VA+EP+지/EF"
          },
          {
            "id": 7,
            "text": "1 : 아니,",
            "norm_text": "아니,",
            "speaker": {
              "id": "1번",
              "sex": "여성",
              "age": "20대"
            },
            "speechAct": "(표현) 부정감정 표현하기",
            "morpheme": "아니/IC+,/SC"
          },
          {
            "id": 8,
            "text": "1 : 나 조끼패딩 걸치고 갔어!",
            "norm_text": "나 조끼패딩 걸치고 갔어!",
            "speaker": {
              "id": "1번",
              "sex": "여성",
              "age": "20대"
            },
            "speechAct": "(단언) 진술하기",
            "morpheme": "나/NP+조끼/NNG+패딩/NNG+걸치/VV+고/EC+갔/VV+EP+어/EF"
          },
          {
            "id": 9,
            "text": "2 : 조끼 패딩 입어야 됌 키키",
            "norm_text": "조끼 패딩 입어야 됌 키키",
            "speaker": {
              "id": "2번",
              "sex": "여성",
              "age": "20대"
            },
            "speechAct": "(단언) 주장하기",
            "morpheme": "조끼/NNG+패딩/NNG+입/VV+어야/EC+됌키/UNKNOWN+키/NNG"
          },
          {
            "id": 10,
            "text": "1 : 키키 인정 그래도 춥긴 춥더라!",
            "norm_text": "키키 인정 그래도 춥긴 춥더라!",
            "speaker": {
              "id": "1번",
              "sex": "여성",
              "age": "20대"
            },
            "speechAct": "(단언) 주장하기",
            "morpheme": "키/NNG+키/NNG+인정/NNG+그래도/VV+EC+춥/VA+긴/ETN+JX+춥/VA+더라/EF"
          },
          {
            "id": 11,
            "text": "2 : 맞아 난 겨울이 싫어ㅜㅜ",
            "norm_text": "맞아 난 겨울이 싫어ㅜㅜ",
            "speaker": {
              "id": "2번",
              "sex": "여성",
              "age": "20대"
            },
            "speechAct": "(표현) 부정감정 표현하기",
            "morpheme": "맞/VV+아/EC+난/VX+ETM+겨울/NNG+이/JKS+싫/VA+어/EC+ㅜㅜ/UNKNOWN"
          },
          {
            "id": 12,
            "text": "1 : ㅜㅜ 아니 10월 중순인데 무슨 겨울날씨야!",
            "norm_text": "ㅜㅜ 아니 10월 중순인데 무슨 겨울날씨야!",
            "speaker": {
              "id": "1번",
              "sex": "여성",
              "age": "20대"
            },
            "speechAct": "(단언) 주장하기",
            "morpheme": "ㅜㅜ아니/UNKNOWN+10/SN+월/NNBC+중순/NNG+인데/VCP+EC+무슨/MM+겨울/NNG+날씨/NNG+야/VCP+EF"
          },
          {
            "id": 13,
            "text": "2 : 미쳤지 날씨가 진짜 키키",
            "norm_text": "미쳤지 날씨가 진짜 키키",
            "speaker": {
              "id": "2번",
              "sex": "여성",
              "age": "20대"
            },
            "speechAct": "(단언) 주장하기",
            "morpheme": "미쳤/VV+EP+지/EC+날씨/NNG+가/JKS+진짜/MAG+키/NNG+키/XSV+ETN"
          },
          {
            "id": 14,
            "text": "2 : 여름이 좋아 난",
            "norm_text": "여름이 좋아 난",
            "speaker": {
              "id": "2번",
              "sex": "여성",
              "age": "20대"
            },
            "speechAct": "(표현) 긍정감정 표현하기",
            "morpheme": "여름/NNG+이/JKS+좋/VA+아/EC+난/VX+ETM"
          },
          {
            "id": 15,
            "text": "1 : 키키 나는 그래도 여름은 좀,",
            "norm_text": "키키 나는 그래도 여름은 좀,",
            "speaker": {
              "id": "1번",
              "sex": "여성",
              "age": "20대"
            },
            "speechAct": "(단언) 주장하기",
            "morpheme": "키/NNG+키나/XSA+ETN+JX+는/JX+그래도/MAJ+여름/NNG+은/JX+좀/MAG+,/SC"
          },
          {
            "id": 16,
            "text": "2 : 키키 왜 여름은 휴가라도 가지",
            "norm_text": "키키 왜 여름은 휴가라도 가지",
            "speaker": {
              "id": "2번",
              "sex": "여성",
              "age": "20대"
            },
            "speechAct": "(단언) 주장하기",
            "morpheme": "키/NNG+키/XSV+ETN+왜/MAG+여름/NNG+은/JX+휴가/NNG+라도/VCP+EC+가지/VX"
          },
          {
            "id": 17,
            "text": "1 : 키키 언니 월차 12월에 다 써버려 그래서 휴가 느낌 내!",
            "norm_text": "키키 언니 월차 12월에 다 써버려 그래서 휴가 느낌 내!",
            "speaker": {
              "id": "1번",
              "sex": "여성",
              "age": "20대"
            },
            "speechAct": "(단언) 주장하기",
            "morpheme": "키/NNG+키/NNG+언니/NNG+월차/NNG+12/SN+월/NNBC+에/JKB+다/MAG+써/VV+EC+버려/VX+EF+그래서/MAJ+휴가/NNG+느낌/NNG+내/NNB"
          },
          {
            "id": 18,
            "text": "2 : 우린 12월에 못써 11월에 다 써야함",
            "norm_text": "우린 12월에 못써 11월에 다 써야함",
            "speaker": {
              "id": "2번",
              "sex": "여성",
              "age": "20대"
            },
            "speechAct": "(단언) 주장하기",
            "morpheme": "우린/NP+JX+12/SN+월/NNBC+에/JKB+못써/VV+EC+11/SN+월/NNBC+에/JKB+다/MAG+써야/VV+EC+함/VX+ETN"
          }
        ]
      }
    }
  ]
}