{
  "dataset": {
    "identifier": 102248,
    "name": "FACEBOOK_103_01_set",
    "src_path": "/data/file/cubeManager/PROJECT001/77/txt20211028145510096058/FACEBOOK_103_01_set/",
    "label_path": "/data/file/cubeManager/PROJECT001/77/txt20211028145510096058/FACEBOOK_103_01_set/",
    "category": 2,
    "type": 0
  },
  "licenses": {
    "name": "Apache License 1.0",
    "url": "http://www.apache.org/licenses/LICENSE-1.0"
  },
  "info": [
    {
      "id": 100466,
      "filename": "FACEBOOK_103_01.txt",
      "title": "FACEBOOK_103_01",
      "mediatype": "SNS",
      "medianame": "페이스북",
      "category": "일상대화",
      "date": "2021-10-28",
      "size": 383,
      "annotations": {
        "subject": "식음료",
        "speaker_type": "1:1",
        "size": 383,
        "word_size": 134,
        "text": "1 : 너 인도 커리 먹어봤어?\n2 : 먹어봤지\n2 : 나는 한국 카레보다 인도 카레가 좋더라\n1 : 나도 키키 너 탄두리 치킨도 먹어봤어?\n2 : 아니\n2 : 그건 안 먹어본 거 같아\n1 : 근데 탄두리 치킨보다 한국 치킨이 훨 맛있음!\n2 : 역시 치킨은 한국이 진리지\n1 : 키키 맞아\n1 : 탄두리 치킨은 너무 뻑뻑해!\n2 : 탄두리 치킨도 카레향 나는 건가?\n1 : 어 맞아 그리고 색 봤어?\n1 : 되게 빨개!\n2 : 아 그래?\n2 : 그래도 역시 치킨은 한국이지\n1 : 키키 맞아\n1 : 너 그리고 라씨라고 알아?\n2 : 어디서 들어본 거 같은데\n1 : 그거 인도 전통 음료인데 안 먹어 봤어?\n2 : 안 먹어 본 거 같아\n1 : 이거 요거트 맛 나고 엄청 맛있잖아!\n2 : 요거트 좋아하는데 한번 먹어봐야겠다",
        "lines": [
          {
            "id": 1,
            "text": "1 : 너 인도 커리 먹어봤어?",
            "norm_text": "너 인도 커리 먹어봤어?",
            "speaker": {
              "id": "1번",
              "sex": "여성",
              "age": "20대"
            },
            "speechAct": "(지시) 질문하기",
            "morpheme": "너/NP+인/VCP+ETM+도커리/NNP+먹/VV+어/EC+봤/VX+EP+어/EF"
          },
          {
            "id": 2,
            "text": "2 : 먹어봤지",
            "norm_text": "먹어봤지",
            "speaker": {
              "id": "2번",
              "sex": "여성",
              "age": "20대"
            },
            "speechAct": "(단언) 진술하기",
            "morpheme": "먹/VV+어/EC+봤/VX+EP+지/EC"
          },
          {
            "id": 3,
            "text": "2 : 나는 한국 카레보다 인도 카레가 좋더라",
            "norm_text": "나는 한국 카레보다 인도 카레가 좋더라",
            "speaker": {
              "id": "2번",
              "sex": "여성",
              "age": "20대"
            },
            "speechAct": "(단언) 주장하기",
            "morpheme": "나/NP+는/JX+한국/NNP+카레/NNG+보다/JKB+인도/NNP+카레/NNG+가/JKS+좋/VA+더라/EC"
          },
          {
            "id": 4,
            "text": "1 : 나도 키키 너 탄두리 치킨도 먹어봤어?",
            "norm_text": "나도 키키 너 탄두리 치킨도 먹어봤어?",
            "speaker": {
              "id": "1번",
              "sex": "여성",
              "age": "20대"
            },
            "speechAct": "(지시) 질문하기",
            "morpheme": "나/NP+도/JX+키/NNG+키너/NNP+탄두리/NNP+치킨/NNG+도/JX+먹/VV+어/EC+봤/VX+EP+어/EF"
          },
          {
            "id": 5,
            "text": "2 : 아니",
            "norm_text": "아니",
            "speaker": {
              "id": "2번",
              "sex": "여성",
              "age": "20대"
            },
            "speechAct": "(단언) 진술하기",
            "morpheme": "아니/IC"
          },
          {
            "id": 6,
            "text": "2 : 그건 안 먹어본 거 같아",
            "norm_text": "그건 안 먹어본 거 같아",
            "speaker": {
              "id": "2번",
              "sex": "여성",
              "age": "20대"
            },
            "speechAct": "(단언) 진술하기",
            "morpheme": "그건/NP+JX+안/MAG+먹/VV+어/EC+본/VX+ETM+거/NNB+같/VA+아/EC"
          },
          {
            "id": 7,
            "text": "1 : 근데 탄두리 치킨보다 한국 치킨이 훨 맛있음!",
            "norm_text": "근데 탄두리 치킨보다 한국 치킨이 훨 맛있음!",
            "speaker": {
              "id": "1번",
              "sex": "여성",
              "age": "20대"
            },
            "speechAct": "(단언) 주장하기",
            "morpheme": "근데/MAJ+탄두리/NNP+치킨/NNG+보다/JKB+한국/NNP+치킨/NNG+이/JKS+훨/MAG+맛있/VA+음/ETN"
          },
          {
            "id": 8,
            "text": "2 : 역시 치킨은 한국이 진리지",
            "norm_text": "역시 치킨은 한국이 진리지",
            "speaker": {
              "id": "2번",
              "sex": "여성",
              "age": "20대"
            },
            "speechAct": "(단언) 주장하기",
            "morpheme": "역시/MAJ+치킨/NNG+은/JX+한국/NNP+이/JKS+진리/NNG+지/VCP+EC"
          },
          {
            "id": 9,
            "text": "1 : 키키 맞아",
            "norm_text": "키키 맞아",
            "speaker": {
              "id": "1번",
              "sex": "여성",
              "age": "20대"
            },
            "speechAct": "(단언) 주장하기",
            "morpheme": "키/NNG+키/XSV+ETN+맞/VV+아/EC"
          },
          {
            "id": 10,
            "text": "1 : 탄두리 치킨은 너무 뻑뻑해!",
            "norm_text": "탄두리 치킨은 너무 뻑뻑해!",
            "speaker": {
              "id": "1번",
              "sex": "여성",
              "age": "20대"
            },
            "speechAct": "(단언) 주장하기",
            "morpheme": "탄두리/NNP+치킨/NNG+은/JX+너무/MAG+뻑뻑/MAG+해/VV+EF"
          },
          {
            "id": 11,
            "text": "2 : 탄두리 치킨도 카레향 나는 건가?",
            "norm_text": "탄두리 치킨도 카레향 나는 건가?",
            "speaker": {
              "id": "2번",
              "sex": "여성",
              "age": "20대"
            },
            "speechAct": "(지시) 질문하기",
            "morpheme": "탄두리/NNP+치킨/NNG+도/JX+카레/NNG+향/NNG+나/VV+는/ETM+건가/NNB+VCP+EF"
          },
          {
            "id": 12,
            "text": "1 : 어 맞아 그리고 색 봤어?",
            "norm_text": "어 맞아 그리고 색 봤어?",
            "speaker": {
              "id": "1번",
              "sex": "여성",
              "age": "20대"
            },
            "speechAct": "(지시) 질문하기",
            "morpheme": "어/IC+맞아/IC+그리고/MAJ+색/MAG+봤/VV+EP+어/EF"
          },
          {
            "id": 13,
            "text": "1 : 되게 빨개!",
            "norm_text": "되게 빨개!",
            "speaker": {
              "id": "1번",
              "sex": "여성",
              "age": "20대"
            },
            "speechAct": "(단언) 진술하기",
            "morpheme": "되게/MAG+빨개/VA+EC"
          },
          {
            "id": 14,
            "text": "2 : 아 그래?",
            "norm_text": "아 그래?",
            "speaker": {
              "id": "2번",
              "sex": "여성",
              "age": "20대"
            },
            "speechAct": "턴토크 사인(관습적 반응)",
            "morpheme": "아/IC+그래/IC"
          },
          {
            "id": 15,
            "text": "2 : 그래도 역시 치킨은 한국이지",
            "norm_text": "그래도 역시 치킨은 한국이지",
            "speaker": {
              "id": "2번",
              "sex": "여성",
              "age": "20대"
            },
            "speechAct": "(단언) 주장하기",
            "morpheme": "그래도/MAJ+역시/MAJ+치킨/NNG+은/JX+한국/NNP+이/VCP+지/EC"
          },
          {
            "id": 16,
            "text": "1 : 키키 맞아",
            "norm_text": "키키 맞아",
            "speaker": {
              "id": "1번",
              "sex": "여성",
              "age": "20대"
            },
            "speechAct": "(단언) 주장하기",
            "morpheme": "키/NNG+키/XSV+ETN+맞/VV+아/EC"
          },
          {
            "id": 17,
            "text": "1 : 너 그리고 라씨라고 알아?",
            "norm_text": "너 그리고 라씨라고 알아?",
            "speaker": {
              "id": "1번",
              "sex": "여성",
              "age": "20대"
            },
            "speechAct": "(지시) 질문하기",
            "morpheme": "너/NP+그리고/MAJ+라/NNP+씨/NNB+라고/VCP+EC+알/VV+아/EF"
          },
          {
            "id": 18,
            "text": "2 : 어디서 들어본 거 같은데",
            "norm_text": "어디서 들어본 거 같은데",
            "speaker": {
              "id": "2번",
              "sex": "여성",
              "age": "20대"
            },
            "speechAct": "(단언) 주장하기",
            "morpheme": "어디/NP+서/JKB+들/VV+어/EC+본/VX+ETM+거/NNB+같/VA+은데/EC"
          },
          {
            "id": 19,
            "text": "1 : 그거 인도 전통 음료인데 안 먹어 봤어?",
            "norm_text": "그거 인도 전통 음료인데 안 먹어 봤어?",
            "speaker": {
              "id": "1번",
              "sex": "여성",
              "age": "20대"
            },
            "speechAct": "(지시) 질문하기",
            "morpheme": "그거/NP+인도/NNP+전통/NNG+음료/NNG+인데/VCP+EC+안/MAG+먹/VV+어/EC+봤/VX+EP+어/EF"
          },
          {
            "id": 20,
            "text": "2 : 안 먹어 본 거 같아",
            "norm_text": "안 먹어 본 거 같아",
            "speaker": {
              "id": "2번",
              "sex": "여성",
              "age": "20대"
            },
            "speechAct": "(단언) 진술하기",
            "morpheme": "안/MAG+먹/VV+어/EC+본/VX+ETM+거/NNB+같/VA+아/EC"
          },
          {
            "id": 21,
            "text": "1 : 이거 요거트 맛 나고 엄청 맛있잖아!",
            "norm_text": "이거 요거트 맛 나고 엄청 맛있잖아!",
            "speaker": {
              "id": "1번",
              "sex": "여성",
              "age": "20대"
            },
            "speechAct": "(단언) 주장하기",
            "morpheme": "이거/NP+요/JX+거트/NNG+맛나/VA+고/EC+엄청/MAG+맛있/VA+잖아/EF"
          },
          {
            "id": 22,
            "text": "2 : 요거트 좋아하는데 한번 먹어봐야겠다",
            "norm_text": "요거트 좋아하는데 한번 먹어봐야겠다",
            "speaker": {
              "id": "2번",
              "sex": "여성",
              "age": "20대"
            },
            "speechAct": "(단언) 주장하기",
            "morpheme": "요거/NP+트/VV+좋아/EC+하/VV+는데/EC+한/MM+번/NNBC+먹/VV+어/EC+봐야/VX+EC+VV+겠/EP+다/EC"
          }
        ]
      }
    }
  ]
}