{
  "dataset": {
    "identifier": 127784,
    "name": "FACEBOOK_121_09_set",
    "src_path": "/data/file/cubeManager/PROJECT001/84/txt20211108155848032653/FACEBOOK_121_09_set/",
    "label_path": "/data/file/cubeManager/PROJECT001/84/txt20211108155848032653/FACEBOOK_121_09_set/",
    "category": 2,
    "type": 0
  },
  "licenses": {
    "name": "Apache License 1.0",
    "url": "http://www.apache.org/licenses/LICENSE-1.0"
  },
  "info": [
    {
      "id": 141733,
      "filename": "FACEBOOK_121_09.txt",
      "title": "FACEBOOK_121_09",
      "mediatype": "SNS",
      "medianame": "페이스북",
      "category": "일상대화",
      "date": "2021-11-08",
      "size": 413,
      "annotations": {
        "subject": "반려동물",
        "speaker_type": "1:1",
        "size": 413,
        "word_size": 147,
        "text": "1 : 자취 하면서 동물 안 키워?\n2 : 나는 고양이 키우고 있어 키키  혼자\n1 : 대박 고양이 귀엽겠다 ㅠㅠ\n1 : 애기야?\n2 : 혼자 고양이 키우는데 너무 귀여워 ㅠㅠ\n2 : 애기야\n1 : 헐~ 무슨 종이야?\n1 : 어디서 데려옴?\n2 : 진짜 3개월밖에 안 됐어 키키\n2 : 분양 받았어\n1 : 아 정말? 요즘 샵은 너무 비싸더라\n2 : 웅 맞아 100만 원 주고 받아왔어\n1 : 헉 진짜 비싸네 키키\n1 : 그래도 이쁘지?\n2 : 진짜 창문을 못 열어 놓겠어 도망갈까 봐 키키\n1 : 에이 그 정도는 아니지 키키\n1 : 방충망 하면 돼\n2 : 웅 진짜 이쁘지 정들었어 벌써 키키\n1 : 그러게 키키\n1 : 이름은 뭘로 지어 줬어?\n2 : 방충망 해 놔도 뚫고 나갈까 봐 걱정돼 하하\n1 : 에이 오빠 걱정이 너무 심하다 키키\n2 : 이름은 포동이라고 지어 줬어 하하",
        "lines": [
          {
            "id": 1,
            "text": "1 : 자취 하면서 동물 안 키워?",
            "norm_text": "자취 하면서 동물 안 키워?",
            "speaker": {
              "id": "1번",
              "sex": "여성",
              "age": "20대"
            },
            "speechAct": "(지시) 질문하기",
            "morpheme": "자취/NNG+하/XSV+면서/EC+동물/NNG+안/MAG+키워/VV+EF"
          },
          {
            "id": 2,
            "text": "2 : 나는 고양이 키우고 있어 키키  혼자",
            "norm_text": "나는 고양이 키우고 있어 키키  혼자",
            "speaker": {
              "id": "2번",
              "sex": "남성",
              "age": "20대"
            },
            "speechAct": "(단언) 진술하기",
            "morpheme": "나/NP+는/JX+고양이/NNG+키우/VV+고/EC+있/VX+어/EC+키/NNG+키/NNG+혼자/NNG"
          },
          {
            "id": 3,
            "text": "1 : 대박 고양이 귀엽겠다 ㅠㅠ",
            "norm_text": "대박 고양이 귀엽겠다 ㅠㅠ",
            "speaker": {
              "id": "1번",
              "sex": "여성",
              "age": "20대"
            },
            "speechAct": "(단언) 진술하기",
            "morpheme": "대박/NNG+고양이/NNG+귀엽/VA+겠/EP+다/EF+ㅠㅠ/UNKNOWN"
          },
          {
            "id": 4,
            "text": "1 : 애기야?",
            "norm_text": "애기야?",
            "speaker": {
              "id": "1번",
              "sex": "여성",
              "age": "20대"
            },
            "speechAct": "(지시) 질문하기",
            "morpheme": "애기/NNG+야/VCP+EF"
          },
          {
            "id": 5,
            "text": "2 : 혼자 고양이 키우는데 너무 귀여워 ㅠㅠ",
            "norm_text": "혼자 고양이 키우는데 너무 귀여워 ㅠㅠ",
            "speaker": {
              "id": "2번",
              "sex": "남성",
              "age": "20대"
            },
            "speechAct": "(단언) 진술하기",
            "morpheme": "혼자/NNG+고양이/NNG+키우/VV+는데/EC+너무/MAG+귀여워/VA+EC+ㅠㅠ/UNKNOWN"
          },
          {
            "id": 6,
            "text": "2 : 애기야",
            "norm_text": "애기야",
            "speaker": {
              "id": "2번",
              "sex": "남성",
              "age": "20대"
            },
            "speechAct": "(단언) 진술하기",
            "morpheme": "애기야/NNP"
          },
          {
            "id": 7,
            "text": "1 : 헐~ 무슨 종이야?",
            "norm_text": "헐~ 무슨 종이야?",
            "speaker": {
              "id": "1번",
              "sex": "여성",
              "age": "20대"
            },
            "speechAct": "(지시) 질문하기",
            "morpheme": "헐/NNP+~/SY+무슨/MM+종이/NNG+야/VCP+EF"
          },
          {
            "id": 8,
            "text": "1 : 어디서 데려옴?",
            "norm_text": "어디서 데려옴?",
            "speaker": {
              "id": "1번",
              "sex": "여성",
              "age": "20대"
            },
            "speechAct": "(지시) 질문하기",
            "morpheme": "어디/NP+서/JKB+데려/VV+EC+옴/VX+ETN"
          },
          {
            "id": 9,
            "text": "2 : 진짜 3개월밖에 안 됐어 키키",
            "norm_text": "진짜 3개월밖에 안 됐어 키키",
            "speaker": {
              "id": "2번",
              "sex": "남성",
              "age": "20대"
            },
            "speechAct": "(단언) 진술하기",
            "morpheme": "진짜/MAG+3/SN+개월/NNBC+밖에/JX+안/MAG+됐/VV+EP+어/EC+키/NNG+키/XSV+ETN"
          },
          {
            "id": 10,
            "text": "2 : 분양 받았어",
            "norm_text": "분양 받았어",
            "speaker": {
              "id": "2번",
              "sex": "남성",
              "age": "20대"
            },
            "speechAct": "(단언) 진술하기",
            "morpheme": "분양/NNG+받/VV+았/EP+어/EC"
          },
          {
            "id": 11,
            "text": "1 : 아 정말? 요즘 샵은 너무 비싸더라",
            "norm_text": "아 정말? 요즘 샵은 너무 비싸더라",
            "speaker": {
              "id": "1번",
              "sex": "여성",
              "age": "20대"
            },
            "speechAct": "(단언) 주장하기",
            "morpheme": "아/IC+정말/MAG+요즘/MAG+샵/NNP+은/JX+너무/MAG+비싸/VA+더라/EC"
          },
          {
            "id": 12,
            "text": "2 : 웅 맞아 100만 원 주고 받아왔어",
            "norm_text": "웅 맞아 100만 원 주고 받아왔어",
            "speaker": {
              "id": "2번",
              "sex": "남성",
              "age": "20대"
            },
            "speechAct": "(단언) 진술하기",
            "morpheme": "웅/MAG+맞/VV+아/EC+100/SN+만/NR+원/NNBC+주고받/VV+아/EC+왔/VX+EP+어/EC"
          },
          {
            "id": 13,
            "text": "1 : 헉 진짜 비싸네 키키",
            "norm_text": "헉 진짜 비싸네 키키",
            "speaker": {
              "id": "1번",
              "sex": "여성",
              "age": "20대"
            },
            "speechAct": "(단언) 주장하기",
            "morpheme": "헉/IC+진짜/MAG+비싸/VA+네/EF+키/NNG+키/XSV+ETN"
          },
          {
            "id": 14,
            "text": "1 : 그래도 이쁘지?",
            "norm_text": "그래도 이쁘지?",
            "speaker": {
              "id": "1번",
              "sex": "여성",
              "age": "20대"
            },
            "speechAct": "(지시) 질문하기",
            "morpheme": "그래도/MAJ+이쁘/VA+지/EF"
          },
          {
            "id": 15,
            "text": "2 : 진짜 창문을 못 열어 놓겠어 도망갈까 봐 키키",
            "norm_text": "진짜 창문을 못 열어 놓겠어 도망갈까 봐 키키",
            "speaker": {
              "id": "2번",
              "sex": "남성",
              "age": "20대"
            },
            "speechAct": "(단언) 주장하기",
            "morpheme": "진짜/MAG+창문/NNG+을/JKO+못/MAG+열/VV+어/EC+놓/VX+겠/EP+어/EC+도망갈까봐/VV+EC+VX+EC+키/NNG+키/XSV+ETN"
          },
          {
            "id": 16,
            "text": "1 : 에이 그 정도는 아니지 키키",
            "norm_text": "에이 그 정도는 아니지 키키",
            "speaker": {
              "id": "1번",
              "sex": "여성",
              "age": "20대"
            },
            "speechAct": "(단언) 주장하기",
            "morpheme": "에이/IC+그/MM+정도/NNG+는/JX+아니/VCN+지/EC+키/NNG+키/XSV+ETN"
          },
          {
            "id": 17,
            "text": "1 : 방충망 하면 돼",
            "norm_text": "방충망 하면 돼",
            "speaker": {
              "id": "1번",
              "sex": "여성",
              "age": "20대"
            },
            "speechAct": "(단언) 주장하기",
            "morpheme": "방충망/NNG+하/XSV+면/EC+돼/VV+EC"
          },
          {
            "id": 18,
            "text": "2 : 웅 진짜 이쁘지 정들었어 벌써 키키",
            "norm_text": "웅 진짜 이쁘지 정들었어 벌써 키키",
            "speaker": {
              "id": "2번",
              "sex": "남성",
              "age": "20대"
            },
            "speechAct": "(단언) 진술하기",
            "morpheme": "웅/IC+진짜/MAG+이쁘/VA+지/EC+정들/VV+었/EP+어/EF+벌써/MAG+키/NNG+키/XSV+ETN"
          },
          {
            "id": 19,
            "text": "1 : 그러게 키키",
            "norm_text": "그러게 키키",
            "speaker": {
              "id": "1번",
              "sex": "여성",
              "age": "20대"
            },
            "speechAct": "턴토크 사인(관습적 반응)",
            "morpheme": "그러/VV+게/EC+키/NNG+키/XSV+ETN"
          },
          {
            "id": 20,
            "text": "1 : 이름은 뭘로 지어 줬어?",
            "norm_text": "이름은 뭘로 지어 줬어?",
            "speaker": {
              "id": "1번",
              "sex": "여성",
              "age": "20대"
            },
            "speechAct": "(지시) 질문하기",
            "morpheme": "이름/NNG+은/JX+뭘로/NP+JKB+지/VV+어/EC+줬/VX+EP+어/EF"
          },
          {
            "id": 21,
            "text": "2 : 방충망 해 놔도 뚫고 나갈까 봐 걱정돼 하하",
            "norm_text": "방충망 해 놔도 뚫고 나갈까 봐 걱정돼 하하",
            "speaker": {
              "id": "2번",
              "sex": "남성",
              "age": "20대"
            },
            "speechAct": "(단언) 주장하기",
            "morpheme": "방충망/NNG+해/XSV+EC+놔도/VX+EC+뚫/VV+고/EC+나갈까봐/VX+EC+VX+EC+걱정/NNG+돼/XSV+EC+하하/MAG"
          },
          {
            "id": 22,
            "text": "1 : 에이 오빠 걱정이 너무 심하다 키키",
            "norm_text": "에이 오빠 걱정이 너무 심하다 키키",
            "speaker": {
              "id": "1번",
              "sex": "여성",
              "age": "20대"
            },
            "speechAct": "(단언) 주장하기",
            "morpheme": "에이/NNG+오빠/NNG+걱정/NNG+이/JKS+너무/MAG+심하/VA+ETM+다키키/NNP"
          },
          {
            "id": 23,
            "text": "2 : 이름은 포동이라고 지어 줬어 하하",
            "norm_text": "이름은 포동이라고 지어 줬어 하하",
            "speaker": {
              "id": "2번",
              "sex": "남성",
              "age": "20대"
            },
            "speechAct": "(단언) 진술하기",
            "morpheme": "이름/NNG+은/JX+포동/NNP+이/VCP+라고/EC+지/VX+어/EC+줬/VX+EP+어/EC+하하/MAG"
          }
        ]
      }
    }
  ]
}