{
  "dataset": {
    "identifier": 103986,
    "name": "FACEBOOK_109_07_set",
    "src_path": "/data/file/cubeManager/PROJECT001/77/txt20211029160805059041/FACEBOOK_109_07_set/",
    "label_path": "/data/file/cubeManager/PROJECT001/77/txt20211029160805059041/FACEBOOK_109_07_set/",
    "category": 2,
    "type": 0
  },
  "licenses": {
    "name": "Apache License 1.0",
    "url": "http://www.apache.org/licenses/LICENSE-1.0"
  },
  "info": [
    {
      "id": 111315,
      "filename": "FACEBOOK_109_07.txt",
      "title": "FACEBOOK_109_07",
      "mediatype": "SNS",
      "medianame": "페이스북",
      "category": "일상대화",
      "date": "2021-10-29",
      "size": 500,
      "annotations": {
        "subject": "가족",
        "speaker_type": "1:1",
        "size": 500,
        "word_size": 165,
        "text": "1 : 중국에 혼자 있었을 때 가족 안 보고 싶었어?\n2 : 옆에 친구들 있어서 견딜만 했어 하하\n1 : 그나마 다행이다 ㅜㅜ\n1 : 거기에 있을 때 가족이랑 통화는 자주 했어?\n2 : 응 맨날 영상 통화 했지 하하\n1 : 키키 언니 한국으로 다시  왔을 때 부모님이 엄청 좋아하셨겠다!\n2 : 응 부모님이 맨날 맛있는 거 해주셨어 하하\n1 : 키키 진짜?\n1 : 언니 한국 도착하자마자 어무니가 해 주신 요리가 뭐야?\n2 : 내가 잡채 좋아해서 그거 먼저 해주셨지~\n1 : 홀 ㅜㅜ 오랜만에 먹는 잡채 맛은 어땠어?\n2 : 진짜 환상적이었지ㅠㅠ\n2 : 울면서 먹었어\n1 : 키키 진짜 행복했겠다!\n1 : 그러고 가족이랑 뭐했어?\n2 : 제일 먼저 바닷가 보러 갔었지 하하\n1 : 오 키키 언니네 집 근처가 바로 바닷가야?\n2 : 응 나 부산 해운대 살아서 바로 앞에 있어 하하\n1 : 와 대박 ㅜㅜ\n1 : 언니는 바다 보러 가고 싶으면 그냥 마실 나가는 식으로 나가면 되겠구나!?\n2 : 응 하하 집에서도 바닷가 바로 보여 하하",
        "lines": [
          {
            "id": 1,
            "text": "1 : 중국에 혼자 있었을 때 가족 안 보고 싶었어?",
            "norm_text": "중국에 혼자 있었을 때 가족 안 보고 싶었어?",
            "speaker": {
              "id": "1번",
              "sex": "여성",
              "age": "20대"
            },
            "speechAct": "(지시) 질문하기",
            "morpheme": "중국/NNP+에/JKB+혼자/MAG+있/VV+었/EP+을/ETM+때/NNG+가족/NNG+안/MAG+보/VV+고/EC+싶/VX+었/EP+어/EF"
          },
          {
            "id": 2,
            "text": "2 : 옆에 친구들 있어서 견딜만 했어 하하",
            "norm_text": "옆에 친구들 있어서 견딜만 했어 하하",
            "speaker": {
              "id": "2번",
              "sex": "여성",
              "age": "20대"
            },
            "speechAct": "(단언) 주장하기",
            "morpheme": "옆/NNG+에/JKB+친구/NNG+들/XSN+있/VA+어서/EC+견딜/VV+ETM+만/NNB+했/XSA+EP+어/EC+하하/MAG"
          },
          {
            "id": 3,
            "text": "1 : 그나마 다행이다 ㅜㅜ",
            "norm_text": "그나마 다행이다 ㅜㅜ",
            "speaker": {
              "id": "1번",
              "sex": "여성",
              "age": "20대"
            },
            "speechAct": "(단언) 주장하기",
            "morpheme": "그나마/MAG+다행/NNG+이/VCP+다/EF+ㅜㅜ/UNKNOWN"
          },
          {
            "id": 4,
            "text": "1 : 거기에 있을 때 가족이랑 통화는 자주 했어?",
            "norm_text": "거기에 있을 때 가족이랑 통화는 자주 했어?",
            "speaker": {
              "id": "1번",
              "sex": "여성",
              "age": "20대"
            },
            "speechAct": "(지시) 질문하기",
            "morpheme": "거기/NP+에/JKB+있/VV+을/ETM+때/NNG+가족/NNG+이랑/JKB+통화/NNG+는/JX+자주/MAG+했/VV+EP+어/EF"
          },
          {
            "id": 5,
            "text": "2 : 응 맨날 영상 통화 했지 하하",
            "norm_text": "응 맨날 영상 통화 했지 하하",
            "speaker": {
              "id": "2번",
              "sex": "여성",
              "age": "20대"
            },
            "speechAct": "(단언) 주장하기",
            "morpheme": "응/IC+맨날/MAG+영상/NNG+통화/NNG+했/XSV+EP+지/EC+하하/MAG"
          },
          {
            "id": 6,
            "text": "1 : 키키 언니 한국으로 다시  왔을 때 부모님이 엄청 좋아하셨겠다!",
            "norm_text": "키키 언니 한국으로 다시  왔을 때 부모님이 엄청 좋아하셨겠다!",
            "speaker": {
              "id": "1번",
              "sex": "여성",
              "age": "20대"
            },
            "speechAct": "(단언) 주장하기",
            "morpheme": "키/NNG+키/NNG+언니/NNG+한국/NNP+으로/JKB+다시/MAG+왔/VV+EP+을/ETM+때/NNG+부모/NNG+님/XSN+이/JKS+엄청/MAG+좋/VA+아/EC+하/VX+셨/EP+EP+겠/EP+다/EF"
          },
          {
            "id": 7,
            "text": "2 : 응 부모님이 맨날 맛있는 거 해주셨어 하하",
            "norm_text": "응 부모님이 맨날 맛있는 거 해주셨어 하하",
            "speaker": {
              "id": "2번",
              "sex": "여성",
              "age": "20대"
            },
            "speechAct": "(단언) 주장하기",
            "morpheme": "응/IC+부모/NNG+님/XSN+이/JKS+맨날/MAG+맛있/VA+는/ETM+거/NNB+해/VV+EC+주/VX+셨/EP+EP+어/EC+하하/MAG"
          },
          {
            "id": 8,
            "text": "1 : 키키 진짜?",
            "norm_text": "키키 진짜?",
            "speaker": {
              "id": "1번",
              "sex": "여성",
              "age": "20대"
            },
            "speechAct": "(지시) 질문하기",
            "morpheme": "키/NNG+키/XSV+ETN+진짜/MAG"
          },
          {
            "id": 9,
            "text": "1 : 언니 한국 도착하자마자 어무니가 해 주신 요리가 뭐야?",
            "norm_text": "언니 한국 도착하자마자 어무니가 해 주신 요리가 뭐야?",
            "speaker": {
              "id": "1번",
              "sex": "여성",
              "age": "20대"
            },
            "speechAct": "(지시) 질문하기",
            "morpheme": "언니/NNG+한국/NNP+도착/NNG+하/XSV+자마자/EC+어/IC+무니/NNG+가/JKS+해/VV+EC+주/VX+신/EP+ETM+요리/NNG+가/JKS+뭐/NP+야/VCP+EF"
          },
          {
            "id": 10,
            "text": "2 : 내가 잡채 좋아해서 그거 먼저 해주셨지~",
            "norm_text": "내가 잡채 좋아해서 그거 먼저 해주셨지~",
            "speaker": {
              "id": "2번",
              "sex": "여성",
              "age": "20대"
            },
            "speechAct": "(단언) 진술하기",
            "morpheme": "내/NP+가/JKS+잡채/NNG+좋/VA+아/EC+해서/VV+EC+그거/NP+먼저/MAG+해/VV+EC+주/VX+셨/EP+EP+지/EC+~/SY"
          },
          {
            "id": 11,
            "text": "1 : 홀 ㅜㅜ 오랜만에 먹는 잡채 맛은 어땠어?",
            "norm_text": "홀 ㅜㅜ 오랜만에 먹는 잡채 맛은 어땠어?",
            "speaker": {
              "id": "1번",
              "sex": "여성",
              "age": "20대"
            },
            "speechAct": "(지시) 질문하기",
            "morpheme": "홀/NNP+ㅜㅜ/UNKNOWN+오랜만/NNG+에/JKB+먹/VV+는/ETM+잡채/NNG+맛/NNG+은/JX+어땠어/VA+EP+EF"
          },
          {
            "id": 12,
            "text": "2 : 진짜 환상적이었지ㅠㅠ",
            "norm_text": "진짜 환상적이었지ㅠㅠ",
            "speaker": {
              "id": "2번",
              "sex": "여성",
              "age": "20대"
            },
            "speechAct": "(단언) 주장하기",
            "morpheme": "진짜/MAG+환상/NNG+적/XSN+이/VCP+었/EP+지/EF+ㅠㅠ/UNKNOWN"
          },
          {
            "id": 13,
            "text": "2 : 울면서 먹었어",
            "norm_text": "울면서 먹었어",
            "speaker": {
              "id": "2번",
              "sex": "여성",
              "age": "20대"
            },
            "speechAct": "(단언) 주장하기",
            "morpheme": "울/VV+면서/EC+먹/VV+었/EP+어/EC"
          },
          {
            "id": 14,
            "text": "1 : 키키 진짜 행복했겠다!",
            "norm_text": "키키 진짜 행복했겠다!",
            "speaker": {
              "id": "1번",
              "sex": "여성",
              "age": "20대"
            },
            "speechAct": "(단언) 주장하기",
            "morpheme": "키/NNG+키/XSV+ETN+진짜/MAG+행복/NNG+했/XSV+EP+겠/EP+다/EF"
          },
          {
            "id": 15,
            "text": "1 : 그러고 가족이랑 뭐했어?",
            "norm_text": "그러고 가족이랑 뭐했어?",
            "speaker": {
              "id": "1번",
              "sex": "여성",
              "age": "20대"
            },
            "speechAct": "(지시) 질문하기",
            "morpheme": "그러고/MAJ+가족/NNG+이랑/JC+뭐/IC+했/VV+EP+어/EF"
          },
          {
            "id": 16,
            "text": "2 : 제일 먼저 바닷가 보러 갔었지 하하",
            "norm_text": "제일 먼저 바닷가 보러 갔었지 하하",
            "speaker": {
              "id": "2번",
              "sex": "여성",
              "age": "20대"
            },
            "speechAct": "(단언) 진술하기",
            "morpheme": "제일/MAG+먼저/MAG+바닷가/NNG+보/VV+러/EC+갔었/VV+EP+지/EC+하하/MAG"
          },
          {
            "id": 17,
            "text": "1 : 오 키키 언니네 집 근처가 바로 바닷가야?",
            "norm_text": "오 키키 언니네 집 근처가 바로 바닷가야?",
            "speaker": {
              "id": "1번",
              "sex": "여성",
              "age": "20대"
            },
            "speechAct": "(지시) 질문하기",
            "morpheme": "오키/NNP+키/NNG+언니/NNG+네/XSN+집/NNG+근처/NNG+가/JKS+바로/MAG+바닷가/NNG+야/VCP+EF"
          },
          {
            "id": 18,
            "text": "2 : 응 나 부산 해운대 살아서 바로 앞에 있어 하하",
            "norm_text": "응 나 부산 해운대 살아서 바로 앞에 있어 하하",
            "speaker": {
              "id": "2번",
              "sex": "여성",
              "age": "20대"
            },
            "speechAct": "(단언) 진술하기",
            "morpheme": "응/IC+나/NP+부산/NNP+해운대/NNG+살/VV+아서/EC+바로/MAG+앞/NNG+에/JKB+있/VV+어/EC+하하/MAG"
          },
          {
            "id": 19,
            "text": "1 : 와 대박 ㅜㅜ",
            "norm_text": "와 대박 ㅜㅜ",
            "speaker": {
              "id": "1번",
              "sex": "여성",
              "age": "20대"
            },
            "speechAct": "(단언) 주장하기",
            "morpheme": "와대박ㅜㅜ/UNKNOWN"
          },
          {
            "id": 20,
            "text": "1 : 언니는 바다 보러 가고 싶으면 그냥 마실 나가는 식으로 나가면 되겠구나!?",
            "norm_text": "언니는 바다 보러 가고 싶으면 그냥 마실 나가는 식으로 나가면 되겠구나!?",
            "speaker": {
              "id": "1번",
              "sex": "여성",
              "age": "20대"
            },
            "speechAct": "(지시) 질문하기",
            "morpheme": "언니/NNG+는/JX+바다/NNG+보/VV+러/EC+가/VX+고/EC+싶/VX+으면/EC+그냥/MAG+마실/VV+ETM+나가/VV+는/ETM+식/NNB+으로/JKB+나가/VV+면/EC+되/VV+겠/EP+구나/EF+!/SY"
          },
          {
            "id": 21,
            "text": "2 : 응 하하 집에서도 바닷가 바로 보여 하하",
            "norm_text": "응 하하 집에서도 바닷가 바로 보여 하하",
            "speaker": {
              "id": "2번",
              "sex": "여성",
              "age": "20대"
            },
            "speechAct": "(단언) 진술하기",
            "morpheme": "응/IC+하하/MAG+집/NNG+에서/JKB+도/JX+바닷가/NNG+바로/MAG+보여/VV+EC+하하/MAG"
          }
        ]
      }
    }
  ]
}