{
  "dataset": {
    "identifier": 126948,
    "name": "FACEBOOK_122_14_set",
    "src_path": "/data/file/cubeManager/PROJECT001/84/txt202111041818320093102/FACEBOOK_122_14_set/",
    "label_path": "/data/file/cubeManager/PROJECT001/84/txt202111041818320093102/FACEBOOK_122_14_set/",
    "category": 2,
    "type": 0
  },
  "licenses": {
    "name": "Apache License 1.0",
    "url": "http://www.apache.org/licenses/LICENSE-1.0"
  },
  "info": [
    {
      "id": 137582,
      "filename": "FACEBOOK_122_14.txt",
      "title": "FACEBOOK_122_14",
      "mediatype": "SNS",
      "medianame": "페이스북",
      "category": "일상대화",
      "date": "2021-11-04",
      "size": 400,
      "annotations": {
        "subject": "사회이슈",
        "speaker_type": "1:1",
        "size": 400,
        "word_size": 137,
        "text": "1 : 외국인 마사지 업소에서 마약 거래 한 거 봤어?\n2 : 아 진짜 처음 듣는 소리야\n1 : 진짜 한 50명 가까이 잡혔더라\n2 : 마약 거래 진짜 대박이다\n1 : 그중에 판매책에 태국인도 포함이래 키키\n2 : 마사지 업소에서 마약 거래를 하지 키키 세상 참\n1 : 마약 중에 필로폰이랑 야바를 했다 하더라고 키키\n2 : 아 진짜 필로폰 말만 많이 들어봤지 키키\n1 : 우리나라도 이제 마약에 노출 되기 시작 했나 봐 ㅠㅠ\n2 : 아 진짜 노출 되기 시작했음 안 좋은 거 아니야\n1 : 자그마치 마약만 23억 원어치래 키키\n1 : 미쳤어 진짜\n2 : 와 엄청 비싸네 대박\n1 : 비싸기도 하고 엄청 많이 흡입 했다 하더라\n2 : 아 진짜 흡입 왜 그런데 정말\n1 : 아 정말 마약 규제는 빡세게 해야 해\n2 : 그치 엄청 심하게 규제해야 해",
        "lines": [
          {
            "id": 1,
            "text": "1 : 외국인 마사지 업소에서 마약 거래 한 거 봤어?",
            "norm_text": "외국인 마사지 업소에서 마약 거래 한 거 봤어?",
            "speaker": {
              "id": "1번",
              "sex": "여성",
              "age": "20대"
            },
            "speechAct": "(지시) 질문하기",
            "morpheme": "외국인/NNG+마사지/NNG+업소/NNG+에서/JKB+마약/NNG+거래/NNG+한/XSA+ETM+거/NNB+봤/VV+EP+어/EF"
          },
          {
            "id": 2,
            "text": "2 : 아 진짜 처음 듣는 소리야",
            "norm_text": "아 진짜 처음 듣는 소리야",
            "speaker": {
              "id": "2번",
              "sex": "남성",
              "age": "20대"
            },
            "speechAct": "(단언) 주장하기",
            "morpheme": "아/IC+진짜/MAG+처음/MAG+듣/VV+는/ETM+소리야/NNG"
          },
          {
            "id": 3,
            "text": "1 : 진짜 한 50명 가까이 잡혔더라",
            "norm_text": "진짜 한 50명 가까이 잡혔더라",
            "speaker": {
              "id": "1번",
              "sex": "여성",
              "age": "20대"
            },
            "speechAct": "(단언) 주장하기",
            "morpheme": "진짜/MAG+한/XSA+ETM+50/SN+명/NNBC+가까이/MAG+잡혔/VV+EP+더라/EC"
          },
          {
            "id": 4,
            "text": "2 : 마약 거래 진짜 대박이다",
            "norm_text": "마약 거래 진짜 대박이다",
            "speaker": {
              "id": "2번",
              "sex": "남성",
              "age": "20대"
            },
            "speechAct": "(단언) 주장하기",
            "morpheme": "마약/NNG+거래/NNG+진짜/MAG+대박/NNG+이/VCP+다/EC"
          },
          {
            "id": 5,
            "text": "1 : 그중에 판매책에 태국인도 포함이래 키키",
            "norm_text": "그중에 판매책에 태국인도 포함이래 키키",
            "speaker": {
              "id": "1번",
              "sex": "여성",
              "age": "20대"
            },
            "speechAct": "(단언) 주장하기",
            "morpheme": "그/MM+중/NNB+에/JKB+판매/NNG+책/NNG+에/JKB+태국/NNP+인도/NNP+포함/NNG+이/JKS+래키/NNP+키/NNG"
          },
          {
            "id": 6,
            "text": "2 : 마사지 업소에서 마약 거래를 하지 키키 세상 참",
            "norm_text": "마사지 업소에서 마약 거래를 하지 키키 세상 참",
            "speaker": {
              "id": "2번",
              "sex": "남성",
              "age": "20대"
            },
            "speechAct": "(단언) 주장하기",
            "morpheme": "마사지/NNG+업소/NNG+에서/JKB+마약/NNG+거래/NNG+를/JKO+하/VV+지/EC+키/NNG+키/XSV+ETN+세/MM+상참/NNG"
          },
          {
            "id": 7,
            "text": "1 : 마약 중에 필로폰이랑 야바를 했다 하더라고 키키",
            "norm_text": "마약 중에 필로폰이랑 야바를 했다 하더라고 키키",
            "speaker": {
              "id": "1번",
              "sex": "여성",
              "age": "20대"
            },
            "speechAct": "(단언) 주장하기",
            "morpheme": "마약/NNG+중/NNB+에/JKB+필로폰/NNG+이랑/JKB+야/JX+바를/NNG+했/XSV+EP+다/EC+하/VV+더라고/EC+키/NNG+키/XSV+ETN"
          },
          {
            "id": 8,
            "text": "2 : 아 진짜 필로폰 말만 많이 들어봤지 키키",
            "norm_text": "아 진짜 필로폰 말만 많이 들어봤지 키키",
            "speaker": {
              "id": "2번",
              "sex": "남성",
              "age": "20대"
            },
            "speechAct": "(단언) 주장하기",
            "morpheme": "아/IC+진짜/MAG+필로폰/NNG+말/NNG+만/JX+많이/MAG+들/VV+어/EC+봤/VX+EP+지/EC+키/NNG+키/XSV+ETN"
          },
          {
            "id": 9,
            "text": "1 : 우리나라도 이제 마약에 노출 되기 시작 했나 봐 ㅠㅠ",
            "norm_text": "우리나라도 이제 마약에 노출 되기 시작 했나 봐 ㅠㅠ",
            "speaker": {
              "id": "1번",
              "sex": "여성",
              "age": "20대"
            },
            "speechAct": "(단언) 주장하기",
            "morpheme": "우리/NP+나라/NNG+도/JX+이제/MAG+마약/NNG+에/JKB+노출/NNG+되/XSV+기/ETN+시작/NNG+했/XSV+EP+나/EC+봐/VX+EF+ㅠㅠ/UNKNOWN"
          },
          {
            "id": 10,
            "text": "2 : 아 진짜 노출 되기 시작했음 안 좋은 거 아니야",
            "norm_text": "아 진짜 노출 되기 시작했음 안 좋은 거 아니야",
            "speaker": {
              "id": "2번",
              "sex": "남성",
              "age": "20대"
            },
            "speechAct": "(단언) 주장하기",
            "morpheme": "아/IC+진짜/MAG+노출/NNG+되/XSV+기/ETN+시작/NNG+했/XSV+EP+음/ETN+안/MAG+좋/VA+은/ETM+거/NNB+아니/VCN+야/EC"
          },
          {
            "id": 11,
            "text": "1 : 자그마치 마약만 23억 원어치래 키키",
            "norm_text": "자그마치 마약만 23억 원어치래 키키",
            "speaker": {
              "id": "1번",
              "sex": "여성",
              "age": "20대"
            },
            "speechAct": "(단언) 주장하기",
            "morpheme": "자그마치/MAG+마약/NNG+만/JX+23/SN+억/NR+원/NNBC+어치/NNG+래키/NNP+키/NNG"
          },
          {
            "id": 12,
            "text": "1 : 미쳤어 진짜",
            "norm_text": "미쳤어 진짜",
            "speaker": {
              "id": "1번",
              "sex": "여성",
              "age": "20대"
            },
            "speechAct": "(단언) 주장하기",
            "morpheme": "미쳤/VV+EP+어/EF+진짜/MAG"
          },
          {
            "id": 13,
            "text": "2 : 와 엄청 비싸네 대박",
            "norm_text": "와 엄청 비싸네 대박",
            "speaker": {
              "id": "2번",
              "sex": "남성",
              "age": "20대"
            },
            "speechAct": "(단언) 주장하기",
            "morpheme": "와/IC+엄청/MAG+비싸/VA+네/EF+대박/NNG"
          },
          {
            "id": 14,
            "text": "1 : 비싸기도 하고 엄청 많이 흡입 했다 하더라",
            "norm_text": "비싸기도 하고 엄청 많이 흡입 했다 하더라",
            "speaker": {
              "id": "1번",
              "sex": "여성",
              "age": "20대"
            },
            "speechAct": "(단언) 주장하기",
            "morpheme": "비싸/VA+기/ETN+도/JX+하/VV+고/EC+엄청/MAG+많이/MAG+흡입/NNG+했/XSV+EP+다/EC+하/VV+더라/EC"
          },
          {
            "id": 15,
            "text": "2 : 아 진짜 흡입 왜 그런데 정말",
            "norm_text": "아 진짜 흡입 왜 그런데 정말",
            "speaker": {
              "id": "2번",
              "sex": "남성",
              "age": "20대"
            },
            "speechAct": "(단언) 주장하기",
            "morpheme": "아/IC+진짜/MAG+흡입/NNG+왜/MAG+그런데/MAJ+정말/MAG"
          },
          {
            "id": 16,
            "text": "1 : 아 정말 마약 규제는 빡세게 해야 해",
            "norm_text": "아 정말 마약 규제는 빡세게 해야 해",
            "speaker": {
              "id": "1번",
              "sex": "여성",
              "age": "20대"
            },
            "speechAct": "(단언) 주장하기",
            "morpheme": "아/IC+정말/MAG+마약/NNG+규제/NNG+는/JX+빡세/VA+게/EC+해야/VV+EC+해/VV+EC"
          },
          {
            "id": 17,
            "text": "2 : 그치 엄청 심하게 규제해야 해",
            "norm_text": "그치 엄청 심하게 규제해야 해",
            "speaker": {
              "id": "2번",
              "sex": "남성",
              "age": "20대"
            },
            "speechAct": "(단언) 주장하기",
            "morpheme": "그치/IC+엄청/MAG+심하/VA+게/EC+규제/NNG+해야/XSV+EC+해/VV+EC"
          }
        ]
      }
    }
  ]
}