{
  "dataset": {
    "identifier": 102046,
    "name": "FACEBOOK_109_19_set",
    "src_path": "/data/file/cubeManager/PROJECT001/77/txt20211029160805069787/FACEBOOK_109_19_set/",
    "label_path": "/data/file/cubeManager/PROJECT001/77/txt20211029160805069787/FACEBOOK_109_19_set/",
    "category": 2,
    "type": 0
  },
  "licenses": {
    "name": "Apache License 1.0",
    "url": "http://www.apache.org/licenses/LICENSE-1.0"
  },
  "info": [
    {
      "id": 111327,
      "filename": "FACEBOOK_109_19.txt",
      "title": "FACEBOOK_109_19",
      "mediatype": "SNS",
      "medianame": "페이스북",
      "category": "일상대화",
      "date": "2021-10-29",
      "size": 413,
      "annotations": {
        "subject": "방송/연예",
        "speaker_type": "1:1",
        "size": 413,
        "word_size": 133,
        "text": "1 : 와 이번에 김선호 봤어,?\n2 : 아니 진짜 걔 대박이더라,\n1 : 결국에 입장문도 발표했던데?\n2 : 입장문이 더 어이가 없던데?\n1 : 키키 왜 나 제대로 안 봤어!\n2 : 그냥 전체적으로 성의가 없는 느낌?\n1 : 그렇구나, 그래서 결국에 다 사실로 드러났구나,\n2 : 사람들도 거의 다 손절한 거 같더라 키키\n1 : 맞아\n1 : 광고주부터 손절한 거 보고 절래절래함  키키\n2 : 도미노피자가 제일 먼저 손절했잖아 키키\n1 : 키키 맞아\n1 : 같이 출연한 신동엽 아저씨는 어쩔 거야 ㅜ\n2 : 그래도 제일 승자는 도미노 피자네 키키\n1 : 키키 맞아, 근데 김선호 지금 소속사 들어가기 전 봤어?\n2 : 사진 떠서 봤는데 그거도 쩔더라 키키\n1 : 맞아 키키\n1 : 악세사리 치렁치렁단 거 보고 알겠더라 키키\n2 : 키키 그거도 소속사에서 제지 시킨거래~",
        "lines": [
          {
            "id": 1,
            "text": "1 : 와 이번에 김선호 봤어,?",
            "norm_text": "와 이번에 김선호 봤어,?",
            "speaker": {
              "id": "1번",
              "sex": "여성",
              "age": "20대"
            },
            "speechAct": "(지시) 질문하기",
            "morpheme": "와이번/NNP+에/JKG+김선호/NNP+봤/VV+EP+어/EC+,/SY"
          },
          {
            "id": 2,
            "text": "2 : 아니 진짜 걔 대박이더라,",
            "norm_text": "아니 진짜 걔 대박이더라,",
            "speaker": {
              "id": "2번",
              "sex": "여성",
              "age": "20대"
            },
            "speechAct": "(단언) 주장하기",
            "morpheme": "아니/IC+진짜/MAG+걔/NP+대박/NNG+이/VCP+더라/EF+,/SC"
          },
          {
            "id": 3,
            "text": "1 : 결국에 입장문도 발표했던데?",
            "norm_text": "결국에 입장문도 발표했던데?",
            "speaker": {
              "id": "1번",
              "sex": "여성",
              "age": "20대"
            },
            "speechAct": "(단언) 진술하기",
            "morpheme": "결국/NNG+에/JKB+입장/NNG+문도/NNG+발표/NNG+했/XSV+EP+던데/EF"
          },
          {
            "id": 4,
            "text": "2 : 입장문이 더 어이가 없던데?",
            "norm_text": "입장문이 더 어이가 없던데?",
            "speaker": {
              "id": "2번",
              "sex": "여성",
              "age": "20대"
            },
            "speechAct": "(단언) 주장하기",
            "morpheme": "입장/NNG+문/NNG+이/JKS+더/MAG+어/IC+이/NP+가/JKS+없/VA+던데/EF"
          },
          {
            "id": 5,
            "text": "1 : 키키 왜 나 제대로 안 봤어!",
            "norm_text": "키키 왜 나 제대로 안 봤어!",
            "speaker": {
              "id": "1번",
              "sex": "여성",
              "age": "20대"
            },
            "speechAct": "(단언) 진술하기",
            "morpheme": "키/NNG+키/XSV+ETN+왜/MAG+나/NP+제대로/MAG+안/MAG+봤/VV+EP+어/EF"
          },
          {
            "id": 6,
            "text": "2 : 그냥 전체적으로 성의가 없는 느낌?",
            "norm_text": "그냥 전체적으로 성의가 없는 느낌?",
            "speaker": {
              "id": "2번",
              "sex": "여성",
              "age": "20대"
            },
            "speechAct": "(단언) 주장하기",
            "morpheme": "그냥/MAG+전체/NNG+적/XSN+으로/JKB+성의/NNG+가/JKS+없/VA+는/ETM+느낌/NNG"
          },
          {
            "id": 7,
            "text": "1 : 그렇구나, 그래서 결국에 다 사실로 드러났구나,",
            "norm_text": "그렇구나, 그래서 결국에 다 사실로 드러났구나,",
            "speaker": {
              "id": "1번",
              "sex": "여성",
              "age": "20대"
            },
            "speechAct": "(단언) 주장하기",
            "morpheme": "그렇/VA+구나/EF+,/SC+그래서/MAJ+결국/NNG+에다/JKB+사실/NNG+로/JKB+드러났/VV+EP+구나/EF+,/SC"
          },
          {
            "id": 8,
            "text": "2 : 사람들도 거의 다 손절한 거 같더라 키키",
            "norm_text": "사람들도 거의 다 손절한 거 같더라 키키",
            "speaker": {
              "id": "2번",
              "sex": "여성",
              "age": "20대"
            },
            "speechAct": "(단언) 주장하기",
            "morpheme": "사람/NNG+들/XSN+도/JX+거의/MAG+다/MAG+손절/NNG+한/XSA+ETM+거/NNB+같/VA+더라/EC+키/NNG+키/XSV+ETN"
          },
          {
            "id": 9,
            "text": "1 : 맞아",
            "norm_text": "맞아",
            "speaker": {
              "id": "1번",
              "sex": "여성",
              "age": "20대"
            },
            "speechAct": "(단언) 주장하기",
            "morpheme": "맞/VV+아/EC"
          },
          {
            "id": 10,
            "text": "1 : 광고주부터 손절한 거 보고 절래절래함  키키",
            "norm_text": "광고주부터 손절한 거 보고 절래절래함  키키",
            "speaker": {
              "id": "1번",
              "sex": "여성",
              "age": "20대"
            },
            "speechAct": "(단언) 진술하기",
            "morpheme": "광고주/NNG+부터/JX+손절/NNG+한/XSA+ETM+거/NNB+보고/JKB+절래/NNG+절래/NNG+함/XSV+ETN+키/NNG+키/XSV+ETN"
          },
          {
            "id": 11,
            "text": "2 : 도미노피자가 제일 먼저 손절했잖아 키키",
            "norm_text": "도미노피자가 제일 먼저 손절했잖아 키키",
            "speaker": {
              "id": "2번",
              "sex": "여성",
              "age": "20대"
            },
            "speechAct": "(단언) 진술하기",
            "morpheme": "도미노피자/NNP+가/JKS+제일/MAG+먼저/MAG+손절/NNG+했잖아/XSV+EP+EC+VX+EF+키/NNG+키/XSV+ETN"
          },
          {
            "id": 12,
            "text": "1 : 키키 맞아",
            "norm_text": "키키 맞아",
            "speaker": {
              "id": "1번",
              "sex": "여성",
              "age": "20대"
            },
            "speechAct": "(단언) 주장하기",
            "morpheme": "키/NNG+키/XSV+ETN+맞/VV+아/EC"
          },
          {
            "id": 13,
            "text": "1 : 같이 출연한 신동엽 아저씨는 어쩔 거야 ㅜ",
            "norm_text": "같이 출연한 신동엽 아저씨는 어쩔 거야 ㅜ",
            "speaker": {
              "id": "1번",
              "sex": "여성",
              "age": "20대"
            },
            "speechAct": "(단언) 주장하기",
            "morpheme": "같이/MAG+출연/NNG+한/XSA+ETM+신동엽/NNP+아저씨/NNG+는/JX+어쩔/VV+ETM+거/NNB+야/VCP+EF+ㅜ/UNKNOWN"
          },
          {
            "id": 14,
            "text": "2 : 그래도 제일 승자는 도미노 피자네 키키",
            "norm_text": "그래도 제일 승자는 도미노 피자네 키키",
            "speaker": {
              "id": "2번",
              "sex": "여성",
              "age": "20대"
            },
            "speechAct": "(단언) 주장하기",
            "morpheme": "그래도/MAJ+제일/MAG+승자/NNG+는/JX+도미노피자/NNP+네/XSN+키/NNG+키/XSV+ETN"
          },
          {
            "id": 15,
            "text": "1 : 키키 맞아, 근데 김선호 지금 소속사 들어가기 전 봤어?",
            "norm_text": "키키 맞아, 근데 김선호 지금 소속사 들어가기 전 봤어?",
            "speaker": {
              "id": "1번",
              "sex": "여성",
              "age": "20대"
            },
            "speechAct": "(지시) 질문하기",
            "morpheme": "키/NNG+키/XSV+ETN+맞/VV+아/EC+,/SC+근데/MAJ+김선호/NNP+지금/MAG+소속/NNG+사/VV+EC+들어가/VV+기/ETN+전/NNG+봤/VV+EP+어/EF"
          },
          {
            "id": 16,
            "text": "2 : 사진 떠서 봤는데 그거도 쩔더라 키키",
            "norm_text": "사진 떠서 봤는데 그거도 쩔더라 키키",
            "speaker": {
              "id": "2번",
              "sex": "여성",
              "age": "20대"
            },
            "speechAct": "(단언) 진술하기",
            "morpheme": "사진/NNG+떠서/VV+EC+봤/VX+EP+는데/EC+그거/NP+도/JX+쩔/VA+더라/EC+키/NNG+키/XSV+ETN"
          },
          {
            "id": 17,
            "text": "1 : 맞아 키키",
            "norm_text": "맞아 키키",
            "speaker": {
              "id": "1번",
              "sex": "여성",
              "age": "20대"
            },
            "speechAct": "(단언) 주장하기",
            "morpheme": "맞/VV+아/EC+키/NNG+키/XSV+ETN"
          },
          {
            "id": 18,
            "text": "1 : 악세사리 치렁치렁단 거 보고 알겠더라 키키",
            "norm_text": "악세사리 치렁치렁단 거 보고 알겠더라 키키",
            "speaker": {
              "id": "1번",
              "sex": "여성",
              "age": "20대"
            },
            "speechAct": "(단언) 주장하기",
            "morpheme": "악세사리/NNG+치렁치렁/MAG+단거/NNG+보/VV+고/EC+알/VV+겠/EP+더라/EF+키/NNG+키/XSV+ETN"
          },
          {
            "id": 19,
            "text": "2 : 키키 그거도 소속사에서 제지 시킨거래~",
            "norm_text": "키키 그거도 소속사에서 제지 시킨거래~",
            "speaker": {
              "id": "2번",
              "sex": "여성",
              "age": "20대"
            },
            "speechAct": "(단언) 진술하기",
            "morpheme": "키/NNG+키/XSV+ETN+그거/NP+도/JX+소속/NNG+사/NNG+에서/JKB+제지/NNG+시킨/XSV+ETM+거래/NNG+~/SY"
          }
        ]
      }
    }
  ]
}