{
  "dataset": {
    "identifier": 114731,
    "name": "FACEBOOK_112_12_set",
    "src_path": "/data/file/cubeManager/PROJECT001/80/txt20211103154237031538/FACEBOOK_112_12_set/",
    "label_path": "/data/file/cubeManager/PROJECT001/80/txt20211103154237031538/FACEBOOK_112_12_set/",
    "category": 2,
    "type": 0
  },
  "licenses": {
    "name": "Apache License 1.0",
    "url": "http://www.apache.org/licenses/LICENSE-1.0"
  },
  "info": [
    {
      "id": 135347,
      "filename": "FACEBOOK_112_12.txt",
      "title": "FACEBOOK_112_12",
      "mediatype": "SNS",
      "medianame": "페이스북",
      "category": "일상대화",
      "date": "2021-11-03",
      "size": 432,
      "annotations": {
        "subject": "여행",
        "speaker_type": "1:1",
        "size": 432,
        "word_size": 144,
        "text": "1 : 언니는 여행갈 때 제일 중요하게 생각하는 게 뭐야?\n2 : 나는 먹거리\n2 : 너는? 뭐가 중요해\n1 : 와 키키 나도 무조건 맛집부터 찾아!\n2 : 먹거리지 맛있는거 먹어야 힐링이지\n1 : 맞아 키키\n1 : 최근에 언니 어디갔다고 그랬지?\n2 : 나 최근에 간데가 캠핑?\n2 : 최근에 안갔어\n1 : 아 캠핑이면 언니가 맛있는 걸 사갔겠네!\n2 : 고기만 잔뜩 사갔지 술이랑 키키\n1 : 키키 나는 최근에 강릉갔는데! 진짜 존맛인집 알아!\n2 : 강릉 누구랑 갔어?\n2 : 뭐 먹었는데?\n1 : 강릉? 남친이랑 갔쥐~\n1 : 근데 회가 기가막히드라!\n2 : 좋겠다 일박 이일?\n2 : 뭐했어\n1 : 키키 우리 펜션 좋은데 잡고 놀았는데 진짜 시간이 순삭이었어!\n2 : 좋았겠다\n2 : 나도 회 먹고 싶어 ㅠ\n1 : 나도 ㅜㅜ\n1 : 지금은 병어가 철인데!\n2 : 나도 나중에 가봐야겠다\n2 : 맛집 추천 좀",
        "lines": [
          {
            "id": 1,
            "text": "1 : 언니는 여행갈 때 제일 중요하게 생각하는 게 뭐야?",
            "norm_text": "언니는 여행갈 때 제일 중요하게 생각하는 게 뭐야?",
            "speaker": {
              "id": "1번",
              "sex": "여성",
              "age": "20대"
            },
            "speechAct": "(지시) 질문하기",
            "morpheme": "언니/NNG+는/JX+여행/NNG+갈/VV+ETM+때/NNG+제일/MAG+중요/NNG+하/XSV+게/EC+생각/NNG+하/XSV+는/ETM+게/NNB+JKS+뭐/NP+야/VCP+EF"
          },
          {
            "id": 2,
            "text": "2 : 나는 먹거리",
            "norm_text": "나는 먹거리",
            "speaker": {
              "id": "2번",
              "sex": "여성",
              "age": "20대"
            },
            "speechAct": "(단언) 주장하기",
            "morpheme": "나/NP+는/JX+먹거리/NNG"
          },
          {
            "id": 3,
            "text": "2 : 너는? 뭐가 중요해",
            "norm_text": "너는? 뭐가 중요해",
            "speaker": {
              "id": "2번",
              "sex": "여성",
              "age": "20대"
            },
            "speechAct": "(지시) 질문하기",
            "morpheme": "너/NP+는/JX+뭐/NP+가/JKS+중요/NNG+해/XSV+EC"
          },
          {
            "id": 4,
            "text": "1 : 와 키키 나도 무조건 맛집부터 찾아!",
            "norm_text": "와 키키 나도 무조건 맛집부터 찾아!",
            "speaker": {
              "id": "1번",
              "sex": "여성",
              "age": "20대"
            },
            "speechAct": "(단언) 주장하기",
            "morpheme": "와/IC+키/NNG+키나/XSA+ETN+JX+도/JX+무조건/MAG+맛집/NNG+부터/JX+찾/VV+아/EF"
          },
          {
            "id": 5,
            "text": "2 : 먹거리지 맛있는거 먹어야 힐링이지",
            "norm_text": "먹거리지 맛있는거 먹어야 힐링이지",
            "speaker": {
              "id": "2번",
              "sex": "여성",
              "age": "20대"
            },
            "speechAct": "(단언) 주장하기",
            "morpheme": "먹거리/NNG+지/VCP+EF+맛있/VA+는/ETM+거/NNB+먹/VV+어야/EC+힐링/NNG+이/VCP+지/EC"
          },
          {
            "id": 6,
            "text": "1 : 맞아 키키",
            "norm_text": "맞아 키키",
            "speaker": {
              "id": "1번",
              "sex": "여성",
              "age": "20대"
            },
            "speechAct": "(단언) 주장하기",
            "morpheme": "맞/VV+아/EC+키/NNG+키/XSV+ETN"
          },
          {
            "id": 7,
            "text": "1 : 최근에 언니 어디갔다고 그랬지?",
            "norm_text": "최근에 언니 어디갔다고 그랬지?",
            "speaker": {
              "id": "1번",
              "sex": "여성",
              "age": "20대"
            },
            "speechAct": "(지시) 질문하기",
            "morpheme": "최근/NNG+에/JKB+언니/NNG+어디/NP+갔/VV+EP+다고/EC+그랬/VV+EP+지/EF"
          },
          {
            "id": 8,
            "text": "2 : 나 최근에 간데가 캠핑?",
            "norm_text": "나 최근에 간데가 캠핑?",
            "speaker": {
              "id": "2번",
              "sex": "여성",
              "age": "20대"
            },
            "speechAct": "(지시) 질문하기",
            "morpheme": "나/NP+최근/NNG+에/JKB+간/VV+ETM+데/NNB+가/JKS+캠핑/NNG"
          },
          {
            "id": 9,
            "text": "2 : 최근에 안갔어",
            "norm_text": "최근에 안갔어",
            "speaker": {
              "id": "2번",
              "sex": "여성",
              "age": "20대"
            },
            "speechAct": "(단언) 진술하기",
            "morpheme": "최근/NNG+에/JKB+안/MAG+갔/VV+EP+어/EC"
          },
          {
            "id": 10,
            "text": "1 : 아 캠핑이면 언니가 맛있는 걸 사갔겠네!",
            "norm_text": "아 캠핑이면 언니가 맛있는 걸 사갔겠네!",
            "speaker": {
              "id": "1번",
              "sex": "여성",
              "age": "20대"
            },
            "speechAct": "(단언) 주장하기",
            "morpheme": "아/IC+캠핑/NNG+이/VCP+면/EC+언니/NNG+가/JKS+맛있/VA+는/ETM+걸/NNB+JKO+사/VV+EC+갔/VV+EP+겠/EP+네/EF"
          },
          {
            "id": 11,
            "text": "2 : 고기만 잔뜩 사갔지 술이랑 키키",
            "norm_text": "고기만 잔뜩 사갔지 술이랑 키키",
            "speaker": {
              "id": "2번",
              "sex": "여성",
              "age": "20대"
            },
            "speechAct": "(단언) 진술하기",
            "morpheme": "고기/NNG+만/JX+잔뜩/MAG+사/VV+EC+갔/VV+EP+지/EC+술/NNG+이랑/JKB+키/NNG+키/XSV+ETN"
          },
          {
            "id": 12,
            "text": "1 : 키키 나는 최근에 강릉갔는데! 진짜 존맛인집 알아!",
            "norm_text": "키키 나는 최근에 강릉갔는데! 진짜 존맛인집 알아!",
            "speaker": {
              "id": "1번",
              "sex": "여성",
              "age": "20대"
            },
            "speechAct": "(단언) 진술하기",
            "morpheme": "키/NNG+키나/XSA+ETN+JX+는/JX+최근/NNG+에/JKB+강릉/NNP+갔/VV+EP+는데/EF+진짜/MAG+존/NNP+맛/NNG+인/VCP+ETM+집/NNG+알/VV+아/EF"
          },
          {
            "id": 13,
            "text": "2 : 강릉 누구랑 갔어?",
            "norm_text": "강릉 누구랑 갔어?",
            "speaker": {
              "id": "2번",
              "sex": "여성",
              "age": "20대"
            },
            "speechAct": "(지시) 질문하기",
            "morpheme": "강릉/NNP+누구/NP+랑/JKB+갔/VV+EP+어/EF"
          },
          {
            "id": 14,
            "text": "2 : 뭐 먹었는데?",
            "norm_text": "뭐 먹었는데?",
            "speaker": {
              "id": "2번",
              "sex": "여성",
              "age": "20대"
            },
            "speechAct": "(지시) 질문하기",
            "morpheme": "뭐/IC+먹/VV+었/EP+는데/EF"
          },
          {
            "id": 15,
            "text": "1 : 강릉? 남친이랑 갔쥐~",
            "norm_text": "강릉? 남친이랑 갔쥐~",
            "speaker": {
              "id": "1번",
              "sex": "여성",
              "age": "20대"
            },
            "speechAct": "(단언) 진술하기",
            "morpheme": "강릉/NNP+?/SY+남친/NNG+이랑/JKB+갔/VV+EP+쥐/NNG+~/SY"
          },
          {
            "id": 16,
            "text": "1 : 근데 회가 기가막히드라!",
            "norm_text": "근데 회가 기가막히드라!",
            "speaker": {
              "id": "1번",
              "sex": "여성",
              "age": "20대"
            },
            "speechAct": "(단언) 주장하기",
            "morpheme": "근데/MAJ+회/MAG+가/VV+기/ETN+가/JKS+막히/VV+드라/EF"
          },
          {
            "id": 17,
            "text": "2 : 좋겠다 일박 이일?",
            "norm_text": "좋겠다 일박 이일?",
            "speaker": {
              "id": "2번",
              "sex": "여성",
              "age": "20대"
            },
            "speechAct": "(지시) 질문하기",
            "morpheme": "좋/VA+겠/EP+다/EF+일/NR+박/NNBC+이/NR+일/NNBC"
          },
          {
            "id": 18,
            "text": "2 : 뭐했어",
            "norm_text": "뭐했어",
            "speaker": {
              "id": "2번",
              "sex": "여성",
              "age": "20대"
            },
            "speechAct": "(지시) 질문하기",
            "morpheme": "뭐/IC+했/VV+EP+어/EC"
          },
          {
            "id": 19,
            "text": "1 : 키키 우리 펜션 좋은데 잡고 놀았는데 진짜 시간이 순삭이었어!",
            "norm_text": "키키 우리 펜션 좋은데 잡고 놀았는데 진짜 시간이 순삭이었어!",
            "speaker": {
              "id": "1번",
              "sex": "여성",
              "age": "20대"
            },
            "speechAct": "(단언) 진술하기",
            "morpheme": "키/NNG+키/XSV+ETN+우리/NP+펜션/NNG+좋/VA+은/ETM+데/NNB+잡/VV+고/EC+놀/VV+았/EP+는데/EC+진짜/MAG+시간/NNG+이/JKS+순삭/NNG+이/VCP+었/EP+어/EF"
          },
          {
            "id": 20,
            "text": "2 : 좋았겠다",
            "norm_text": "좋았겠다",
            "speaker": {
              "id": "2번",
              "sex": "여성",
              "age": "20대"
            },
            "speechAct": "(단언) 주장하기",
            "morpheme": "좋/VA+았/EP+겠/EP+다/EC"
          },
          {
            "id": 21,
            "text": "2 : 나도 회 먹고 싶어 ㅠ",
            "norm_text": "나도 회 먹고 싶어 ㅠ",
            "speaker": {
              "id": "2번",
              "sex": "여성",
              "age": "20대"
            },
            "speechAct": "(단언) 주장하기",
            "morpheme": "나도회먹고싶어ㅠ/UNKNOWN"
          },
          {
            "id": 22,
            "text": "1 : 나도 ㅜㅜ",
            "norm_text": "나도 ㅜㅜ",
            "speaker": {
              "id": "1번",
              "sex": "여성",
              "age": "20대"
            },
            "speechAct": "(단언) 주장하기",
            "morpheme": "나/NP+도/JX+ㅜㅜ/UNKNOWN"
          },
          {
            "id": 23,
            "text": "1 : 지금은 병어가 철인데!",
            "norm_text": "지금은 병어가 철인데!",
            "speaker": {
              "id": "1번",
              "sex": "여성",
              "age": "20대"
            },
            "speechAct": "(단언) 주장하기",
            "morpheme": "지금/MAG+은/JX+병어/NNG+가/JKS+철/NNG+인데/VCP+EF"
          },
          {
            "id": 24,
            "text": "2 : 나도 나중에 가봐야겠다",
            "norm_text": "나도 나중에 가봐야겠다",
            "speaker": {
              "id": "2번",
              "sex": "여성",
              "age": "20대"
            },
            "speechAct": "(단언) 주장하기",
            "morpheme": "나/NP+도/JX+나중/NNG+에/JKB+가/VV+봐야/EC+VX+EC+VX+겠/EP+다/EC"
          },
          {
            "id": 25,
            "text": "2 : 맛집 추천 좀",
            "norm_text": "맛집 추천 좀",
            "speaker": {
              "id": "2번",
              "sex": "여성",
              "age": "20대"
            },
            "speechAct": "(지시) 충고/제안하기",
            "morpheme": "맛집/NNG+추천/NNG+좀/MAG"
          }
        ]
      }
    }
  ]
}