{
  "dataset": {
    "identifier": 117109,
    "name": "FACEBOOK_102_04_set",
    "src_path": "/data/file/cubeManager/PROJECT001/77/txt20211028144832006978/FACEBOOK_102_04_set/",
    "label_path": "/data/file/cubeManager/PROJECT001/77/txt20211028144832006978/FACEBOOK_102_04_set/",
    "category": 2,
    "type": 0
  },
  "licenses": {
    "name": "Apache License 1.0",
    "url": "http://www.apache.org/licenses/LICENSE-1.0"
  },
  "info": [
    {
      "id": 100309,
      "filename": "FACEBOOK_102_04.txt",
      "title": "FACEBOOK_102_04",
      "mediatype": "SNS",
      "medianame": "페이스북",
      "category": "일상대화",
      "date": "2021-10-28",
      "size": 421,
      "annotations": {
        "subject": "회사/아르바이트",
        "speaker_type": "1:1",
        "size": 421,
        "word_size": 147,
        "text": "1 : 작은엄마 급여는 어떻게 돼?\n2 : 어 그거 일급 기밀인데...\n2 : 요즘은 백도 못 벌어\n1 : ㅜㅜ 아 진짜?\n1 : 코로나 때문에 그런 거야?\n2 : 응 그래서 투잡 할까 생각 중\n1 : 키키  어떤 거 하려고 하는데?\n1 : 좋은 일자리 있어?\n2 : 그냥 설거지 알바나 가야 하나 싶어\n1 : 할, 어디 집 주변에 할 곳이 있어?\n2 : 음 밖으로 좀 나가야지\n2 : 주변에 없어\n1 : 그래도 집 가까운 곳에 해야지 편하지!\n2 : 응 근데 번화가로 가야 일자리가 많아\n1 : 흙 ㅜㅜ 그래서 보고 있는 곳 있어?\n2 : 음 키즈카페 미화원 구하길래 지원했어\n1 : 아 진짜?\n1 : 키즈카페 미화원은 뭐하는 건데?\n2 : 애들 노는 거 정리하고 청소해주는 거래\n1 : 그렇구나\n1 : 지금 근데 코로나라 애들이 많이 오나?\n2 : 응 요새 애들이 많이 온대서 구하나 봐",
        "lines": [
          {
            "id": 1,
            "text": "1 : 작은엄마 급여는 어떻게 돼?",
            "norm_text": "작은엄마 급여는 어떻게 돼?",
            "speaker": {
              "id": "1번",
              "sex": "여성",
              "age": "20대"
            },
            "speechAct": "(지시) 질문하기",
            "morpheme": "작/VA+은/ETM+엄마/NNG+급여/NNG+는/JX+어떻게/MAG+돼/VV+EF"
          },
          {
            "id": 2,
            "text": "2 : 어 그거 일급 기밀인데...",
            "norm_text": "어 그거 일급 기밀인데...",
            "speaker": {
              "id": "2번",
              "sex": "여성",
              "age": "40대"
            },
            "speechAct": "(단언) 주장하기",
            "morpheme": "어/IC+그거/NP+일/VCP+ETM+급/NNG+기밀/NNG+인데/VCP+EC+./SY+./SY"
          },
          {
            "id": 3,
            "text": "2 : 요즘은 백도 못 벌어",
            "norm_text": "요즘은 백도 못 벌어",
            "speaker": {
              "id": "2번",
              "sex": "여성",
              "age": "40대"
            },
            "speechAct": "(단언) 주장하기",
            "morpheme": "요즘/NNG+은백/NNG+도/JX+못/MAG+벌/VV+어/EC"
          },
          {
            "id": 4,
            "text": "1 : ㅜㅜ 아 진짜?",
            "norm_text": "ㅜㅜ 아 진짜?",
            "speaker": {
              "id": "1번",
              "sex": "여성",
              "age": "20대"
            },
            "speechAct": "(지시) 질문하기",
            "morpheme": "ㅜㅜ아진짜/UNKNOWN"
          },
          {
            "id": 5,
            "text": "1 : 코로나 때문에 그런 거야?",
            "norm_text": "코로나 때문에 그런 거야?",
            "speaker": {
              "id": "1번",
              "sex": "여성",
              "age": "20대"
            },
            "speechAct": "(지시) 질문하기",
            "morpheme": "코로나/NNG+때문/NNB+에/JKB+그런/MM+거/NNB+야/VCP+EF"
          },
          {
            "id": 6,
            "text": "2 : 응 그래서 투잡 할까 생각 중",
            "norm_text": "응 그래서 투잡 할까 생각 중",
            "speaker": {
              "id": "2번",
              "sex": "여성",
              "age": "40대"
            },
            "speechAct": "(단언) 주장하기",
            "morpheme": "응/IC+그래서/MAJ+투/NR+잡/NNG+할까/XSV+EC+생각/NNG+중/NNB"
          },
          {
            "id": 7,
            "text": "1 : 키키  어떤 거 하려고 하는데?",
            "norm_text": "키키  어떤 거 하려고 하는데?",
            "speaker": {
              "id": "1번",
              "sex": "여성",
              "age": "20대"
            },
            "speechAct": "(지시) 질문하기",
            "morpheme": "키키/NNP+어떤/MM+거/NNB+하/VV+려고/EC+하/VV+는데/EC"
          },
          {
            "id": 8,
            "text": "1 : 좋은 일자리 있어?",
            "norm_text": "좋은 일자리 있어?",
            "speaker": {
              "id": "1번",
              "sex": "여성",
              "age": "20대"
            },
            "speechAct": "(지시) 질문하기",
            "morpheme": "좋/VA+은/ETM+일자리/NNG+있/VA+어/EF"
          },
          {
            "id": 9,
            "text": "2 : 그냥 설거지 알바나 가야 하나 싶어",
            "norm_text": "그냥 설거지 알바나 가야 하나 싶어",
            "speaker": {
              "id": "2번",
              "sex": "여성",
              "age": "40대"
            },
            "speechAct": "(단언) 주장하기",
            "morpheme": "그냥/MAG+설거지/NNG+알/VV+ETM+바/NNB+나가/VV+야/EC+하/VV+나/EC+싶/VX+어/EC"
          },
          {
            "id": 10,
            "text": "1 : 할, 어디 집 주변에 할 곳이 있어?",
            "norm_text": "할, 어디 집 주변에 할 곳이 있어?",
            "speaker": {
              "id": "1번",
              "sex": "여성",
              "age": "20대"
            },
            "speechAct": "(지시) 질문하기",
            "morpheme": "할/VV+ETM+,/SC+어디/NP+집/NNG+주변/NNG+에/JKB+할/VV+ETM+곳/NNG+이/JKS+있/VA+어/EF"
          },
          {
            "id": 11,
            "text": "2 : 음 밖으로 좀 나가야지",
            "norm_text": "음 밖으로 좀 나가야지",
            "speaker": {
              "id": "2번",
              "sex": "여성",
              "age": "40대"
            },
            "speechAct": "(단언) 주장하기",
            "morpheme": "음/IC+밖/NNG+으로/JKB+좀/MAG+나가/VV+야지/EC"
          },
          {
            "id": 12,
            "text": "2 : 주변에 없어",
            "norm_text": "주변에 없어",
            "speaker": {
              "id": "2번",
              "sex": "여성",
              "age": "40대"
            },
            "speechAct": "(단언) 주장하기",
            "morpheme": "주변/NNG+에/JKB+없/VA+어/EC"
          },
          {
            "id": 13,
            "text": "1 : 그래도 집 가까운 곳에 해야지 편하지!",
            "norm_text": "그래도 집 가까운 곳에 해야지 편하지!",
            "speaker": {
              "id": "1번",
              "sex": "여성",
              "age": "20대"
            },
            "speechAct": "(단언) 주장하기",
            "morpheme": "그래도/MAJ+집/NNG+가까운/VA+ETM+곳/NNG+에/JKB+해야지/VV+EC+편하/VA+지/EF"
          },
          {
            "id": 14,
            "text": "2 : 응 근데 번화가로 가야 일자리가 많아",
            "norm_text": "응 근데 번화가로 가야 일자리가 많아",
            "speaker": {
              "id": "2번",
              "sex": "여성",
              "age": "40대"
            },
            "speechAct": "(단언) 주장하기",
            "morpheme": "응/IC+근데/MAJ+번화가/NNG+로/JKB+가/VV+야/EC+일자리/NNG+가/JKS+많/VA+아/EC"
          },
          {
            "id": 15,
            "text": "1 : 흙 ㅜㅜ 그래서 보고 있는 곳 있어?",
            "norm_text": "흙 ㅜㅜ 그래서 보고 있는 곳 있어?",
            "speaker": {
              "id": "1번",
              "sex": "여성",
              "age": "20대"
            },
            "speechAct": "(지시) 질문하기",
            "morpheme": "흙/NNG+ㅜㅜ/UNKNOWN+그래서/VV+EC+보/VX+고/EC+있/VX+는/ETM+곳/NNB+있/VA+어/EF"
          },
          {
            "id": 16,
            "text": "2 : 음 키즈카페 미화원 구하길래 지원했어",
            "norm_text": "음 키즈카페 미화원 구하길래 지원했어",
            "speaker": {
              "id": "2번",
              "sex": "여성",
              "age": "40대"
            },
            "speechAct": "(단언) 주장하기",
            "morpheme": "음/IC+키즈카/NNP+페미/NNP+화원/NNG+구하/VV+길래/EC+지원/NNG+했/XSV+EP+어/EC"
          },
          {
            "id": 17,
            "text": "1 : 아 진짜?",
            "norm_text": "아 진짜?",
            "speaker": {
              "id": "1번",
              "sex": "여성",
              "age": "20대"
            },
            "speechAct": "(지시) 질문하기",
            "morpheme": "아/IC+진짜/MAG"
          },
          {
            "id": 18,
            "text": "1 : 키즈카페 미화원은 뭐하는 건데?",
            "norm_text": "키즈카페 미화원은 뭐하는 건데?",
            "speaker": {
              "id": "1번",
              "sex": "여성",
              "age": "20대"
            },
            "speechAct": "(지시) 질문하기",
            "morpheme": "키즈카/NNP+페미/NNP+화원/NNG+은/JX+뭐/IC+하/VV+는/ETM+건데/NNB+VCP+EF"
          },
          {
            "id": 19,
            "text": "2 : 애들 노는 거 정리하고 청소해주는 거래",
            "norm_text": "애들 노는 거 정리하고 청소해주는 거래",
            "speaker": {
              "id": "2번",
              "sex": "여성",
              "age": "40대"
            },
            "speechAct": "(단언) 주장하기",
            "morpheme": "애/NNG+들/XSN+노/VV+는/ETM+거/NNB+정리/NNG+하/XSV+고/EC+청소/NNG+해/XSV+EC+주/VX+는/ETM+거래/NNG"
          },
          {
            "id": 20,
            "text": "1 : 그렇구나",
            "norm_text": "그렇구나",
            "speaker": {
              "id": "1번",
              "sex": "여성",
              "age": "20대"
            },
            "speechAct": "(단언) 주장하기",
            "morpheme": "그렇/VA+구나/EC"
          },
          {
            "id": 21,
            "text": "1 : 지금 근데 코로나라 애들이 많이 오나?",
            "norm_text": "지금 근데 코로나라 애들이 많이 오나?",
            "speaker": {
              "id": "1번",
              "sex": "여성",
              "age": "20대"
            },
            "speechAct": "(지시) 질문하기",
            "morpheme": "지금/MAG+근데/MAJ+코/NNG+로/JKB+나라/NNG+애/NNG+들/XSN+이/JKS+많이/MAG+오/VV+나/EF"
          },
          {
            "id": 22,
            "text": "2 : 응 요새 애들이 많이 온대서 구하나 봐",
            "norm_text": "응 요새 애들이 많이 온대서 구하나 봐",
            "speaker": {
              "id": "2번",
              "sex": "여성",
              "age": "40대"
            },
            "speechAct": "(단언) 주장하기",
            "morpheme": "응/IC+요새/MAG+애/NNG+들/XSN+이/JKS+많이/MAG+온대/NNG+서구/NNG+하/XSV+나/EC+봐/VX+EC"
          }
        ]
      }
    }
  ]
}