{
  "dataset": {
    "identifier": 123628,
    "name": "FACEBOOK_123_17_set",
    "src_path": "/data/file/cubeManager/PROJECT001/84/txt20211105092819069011/FACEBOOK_123_17_set/",
    "label_path": "/data/file/cubeManager/PROJECT001/84/txt20211105092819069011/FACEBOOK_123_17_set/",
    "category": 2,
    "type": 0
  },
  "licenses": {
    "name": "Apache License 1.0",
    "url": "http://www.apache.org/licenses/LICENSE-1.0"
  },
  "info": [
    {
      "id": 138086,
      "filename": "FACEBOOK_123_17.txt",
      "title": "FACEBOOK_123_17",
      "mediatype": "SNS",
      "medianame": "페이스북",
      "category": "일상대화",
      "date": "2021-11-05",
      "size": 404,
      "annotations": {
        "subject": "건강",
        "speaker_type": "1:1",
        "size": 404,
        "word_size": 139,
        "text": "1 : 우리 언니 다음 달에 화이자 부스터샷 맞아\n2 : 아 진짜 나도 맞을라나?\n1 : 기저 질환 있어서 그런지 예약 하라 하더라\n2 : 부스터샷 맞아야 해?\n2 : 나 맞기 싫어\n1 : 그래서 12월로 예약 했대 ㅠㅠ\n1 : 무서울 듯\n2 : 어떻게 될지도 모르는데 난 안 맞을래\n1 : 화이자 맞은 거 반절 더 맞는다 하더라\n2 : 무서워 진짜 다 죽어서 ㅠㅠ\n1 : 이게 다 연락이 오는 게 아니라 병명이 있는 사람만 오더래\n2 : 웅 맞아 반절 맞을 빠엔 안 맞을래...\n1 : 언니가 어릴 때 암에 걸렸어서 온 듯\n2 : 아 코로나 도대체 언제 끝나 ㅡㅡ\n1 : 그러게 키키 오늘부터 백신 패스 도입했다더라\n2 : 어렸을 때 암에 걸렸었어 대박\n1 : 응 희귀암인데 지금도 조심하고 있어 ㅠㅠ\n2 : 오늘부터 새벽까지 술 먹고 놀 수 있다더라",
        "lines": [
          {
            "id": 1,
            "text": "1 : 우리 언니 다음 달에 화이자 부스터샷 맞아",
            "norm_text": "우리 언니 다음 달에 화이자 부스터샷 맞아",
            "speaker": {
              "id": "1번",
              "sex": "여성",
              "age": "20대"
            },
            "speechAct": "(단언) 진술하기",
            "morpheme": "우리/NP+언니/NNG+다음/NNG+달/NNG+에/JKB+화이자/NNP+부스터/NNG+샷/NNG+맞/VV+아/EC"
          },
          {
            "id": 2,
            "text": "2 : 아 진짜 나도 맞을라나?",
            "norm_text": "아 진짜 나도 맞을라나?",
            "speaker": {
              "id": "2번",
              "sex": "남성",
              "age": "20대"
            },
            "speechAct": "(지시) 질문하기",
            "morpheme": "아/IC+진짜/MAG+나/NP+도/JX+맞/VV+을라나/EF"
          },
          {
            "id": 3,
            "text": "1 : 기저 질환 있어서 그런지 예약 하라 하더라",
            "norm_text": "기저 질환 있어서 그런지 예약 하라 하더라",
            "speaker": {
              "id": "1번",
              "sex": "여성",
              "age": "20대"
            },
            "speechAct": "(단언) 진술하기",
            "morpheme": "기저/NNP+질환/NNG+있/VV+어서/EC+그런지/VA+EC+예약/NNG+하/XSV+라/EC+하/VV+더라/EC"
          },
          {
            "id": 4,
            "text": "2 : 부스터샷 맞아야 해?",
            "norm_text": "부스터샷 맞아야 해?",
            "speaker": {
              "id": "2번",
              "sex": "남성",
              "age": "20대"
            },
            "speechAct": "(지시) 질문하기",
            "morpheme": "부스터/NNG+샷/NNG+맞/VV+아야/EC+해/VX+EF"
          },
          {
            "id": 5,
            "text": "2 : 나 맞기 싫어",
            "norm_text": "나 맞기 싫어",
            "speaker": {
              "id": "2번",
              "sex": "남성",
              "age": "20대"
            },
            "speechAct": "(단언) 주장하기",
            "morpheme": "나/NP+맞/VV+기/ETN+싫/VA+어/EC"
          },
          {
            "id": 6,
            "text": "1 : 그래서 12월로 예약 했대 ㅠㅠ",
            "norm_text": "그래서 12월로 예약 했대 ㅠㅠ",
            "speaker": {
              "id": "1번",
              "sex": "여성",
              "age": "20대"
            },
            "speechAct": "(단언) 진술하기",
            "morpheme": "그래서/MAJ+12/SN+월로예약했대ㅠㅠ/UNKNOWN"
          },
          {
            "id": 7,
            "text": "1 : 무서울 듯",
            "norm_text": "무서울 듯",
            "speaker": {
              "id": "1번",
              "sex": "여성",
              "age": "20대"
            },
            "speechAct": "(단언) 주장하기",
            "morpheme": "무서울/VA+ETM+듯/NNB"
          },
          {
            "id": 8,
            "text": "2 : 어떻게 될지도 모르는데 난 안 맞을래",
            "norm_text": "어떻게 될지도 모르는데 난 안 맞을래",
            "speaker": {
              "id": "2번",
              "sex": "남성",
              "age": "20대"
            },
            "speechAct": "(단언) 주장하기",
            "morpheme": "어떻게/MAG+될지/VV+EC+도/JX+모르/VV+는데/EC+난/NP+JX+안/MAG+맞/VV+을래/EC"
          },
          {
            "id": 9,
            "text": "1 : 화이자 맞은 거 반절 더 맞는다 하더라",
            "norm_text": "화이자 맞은 거 반절 더 맞는다 하더라",
            "speaker": {
              "id": "1번",
              "sex": "여성",
              "age": "20대"
            },
            "speechAct": "(단언) 진술하기",
            "morpheme": "화이자/NNP+맞/VV+은/ETM+거/NNB+반절/NNG+더/MAG+맞/VV+는다/EC+하/VV+더라/EC"
          },
          {
            "id": 10,
            "text": "2 : 무서워 진짜 다 죽어서 ㅠㅠ",
            "norm_text": "무서워 진짜 다 죽어서 ㅠㅠ",
            "speaker": {
              "id": "2번",
              "sex": "남성",
              "age": "20대"
            },
            "speechAct": "(단언) 주장하기",
            "morpheme": "무서워/VA+EF+진짜/MAG+다/MAG+죽/VV+어서/EC+ㅠㅠ/UNKNOWN"
          },
          {
            "id": 11,
            "text": "1 : 이게 다 연락이 오는 게 아니라 병명이 있는 사람만 오더래",
            "norm_text": "이게 다 연락이 오는 게 아니라 병명이 있는 사람만 오더래",
            "speaker": {
              "id": "1번",
              "sex": "여성",
              "age": "20대"
            },
            "speechAct": "(단언) 진술하기",
            "morpheme": "이게/NP+JKS+다/MAG+연락/NNG+이/JKS+오/VV+는/ETM+게/NNB+JKC+아니/VCN+라/EC+병명/NNG+이/JKS+있/VA+는/ETM+사람/NNG+만/JX+오/VV+더래/EF"
          },
          {
            "id": 12,
            "text": "2 : 웅 맞아 반절 맞을 빠엔 안 맞을래...",
            "norm_text": "웅 맞아 반절 맞을 빠엔 안 맞을래...",
            "speaker": {
              "id": "2번",
              "sex": "남성",
              "age": "20대"
            },
            "speechAct": "(단언) 주장하기",
            "morpheme": "웅맞아반절맞을빠엔안맞을래/UNKNOWN+./SY"
          },
          {
            "id": 13,
            "text": "1 : 언니가 어릴 때 암에 걸렸어서 온 듯",
            "norm_text": "언니가 어릴 때 암에 걸렸어서 온 듯",
            "speaker": {
              "id": "1번",
              "sex": "여성",
              "age": "20대"
            },
            "speechAct": "(단언) 진술하기",
            "morpheme": "언니/NNG+가/JKS+어릴/VA+ETM+때/NNG+암/NNG+에/JKB+걸렸/VV+EP+어서/EC+온/VX+ETM+듯/NNB"
          },
          {
            "id": 14,
            "text": "2 : 아 코로나 도대체 언제 끝나 ㅡㅡ",
            "norm_text": "아 코로나 도대체 언제 끝나 ㅡㅡ",
            "speaker": {
              "id": "2번",
              "sex": "남성",
              "age": "20대"
            },
            "speechAct": "(단언) 주장하기",
            "morpheme": "아/IC+코로나/NNG+도대체/MAG+언제/MAG+끝/NNG+나/NP+ㅡㅡ/UNKNOWN"
          },
          {
            "id": 15,
            "text": "1 : 그러게 키키 오늘부터 백신 패스 도입했다더라",
            "norm_text": "그러게 키키 오늘부터 백신 패스 도입했다더라",
            "speaker": {
              "id": "1번",
              "sex": "여성",
              "age": "20대"
            },
            "speechAct": "(단언) 진술하기",
            "morpheme": "그러/VV+게/EC+키/NNG+키/NNG+오늘/NNG+부터/JX+백신/NNG+패스/NNG+도입/NNG+했/XSV+EP+다더라/EC"
          },
          {
            "id": 16,
            "text": "2 : 어렸을 때 암에 걸렸었어 대박",
            "norm_text": "어렸을 때 암에 걸렸었어 대박",
            "speaker": {
              "id": "2번",
              "sex": "남성",
              "age": "20대"
            },
            "speechAct": "(단언) 주장하기",
            "morpheme": "어렸/VA+EP+을/ETM+때/NNG+암/NNG+에/JKB+걸렸었/VV+EP+어/EC+대박/NNG"
          },
          {
            "id": 17,
            "text": "1 : 응 희귀암인데 지금도 조심하고 있어 ㅠㅠ",
            "norm_text": "응 희귀암인데 지금도 조심하고 있어 ㅠㅠ",
            "speaker": {
              "id": "1번",
              "sex": "여성",
              "age": "20대"
            },
            "speechAct": "(단언) 진술하기",
            "morpheme": "응/IC+희/NNG+귀암/NNG+인데/VCP+EC+지금/NNG+도/JX+조심/NNG+하/XSV+고/EC+있/VX+어/EC+ㅠㅠ/UNKNOWN"
          },
          {
            "id": 18,
            "text": "2 : 오늘부터 새벽까지 술 먹고 놀 수 있다더라",
            "norm_text": "오늘부터 새벽까지 술 먹고 놀 수 있다더라",
            "speaker": {
              "id": "2번",
              "sex": "남성",
              "age": "20대"
            },
            "speechAct": "(단언) 진술하기",
            "morpheme": "오늘/NNG+부터/JX+새벽/NNG+까지/JX+술/NNG+먹/VV+고/EC+놀/VX+ETM+수/NNB+있/VV+다더라/EC"
          }
        ]
      }
    }
  ]
}