{
  "dataset": {
    "identifier": 126946,
    "name": "FACEBOOK_122_12_set",
    "src_path": "/data/file/cubeManager/PROJECT001/84/txt20211104181832007933/FACEBOOK_122_12_set/",
    "label_path": "/data/file/cubeManager/PROJECT001/84/txt20211104181832007933/FACEBOOK_122_12_set/",
    "category": 2,
    "type": 0
  },
  "licenses": {
    "name": "Apache License 1.0",
    "url": "http://www.apache.org/licenses/LICENSE-1.0"
  },
  "info": [
    {
      "id": 137580,
      "filename": "FACEBOOK_122_12.txt",
      "title": "FACEBOOK_122_12",
      "mediatype": "SNS",
      "medianame": "페이스북",
      "category": "일상대화",
      "date": "2021-11-04",
      "size": 420,
      "annotations": {
        "subject": "여행",
        "speaker_type": "1:1",
        "size": 420,
        "word_size": 146,
        "text": "1 : 오빠 해외여행 어디 가봤어?\n2 : 나 일본 가봤어 여자친구랑\n1 : 나는 유럽 갔다 온 거 너무 좋았어\n2 : 후쿠오카 한번 가봤어\n2 : 와 유럽\n1 : 한 10개국 정도 배낭 여행 갔지롱\n2 : 나도 유럽 가보고 싶은데 코로나 때문에 못 갔어 ㅠㅠ\n1 : 맞아 나도 또 갈려니깐 취소 당했어\n2 : 와 배낭 여행 개부럽다\n2 : 어때 재밌어?\n1 : 재밌기도 하고 위험하기도 했어 키키 혼자 간 거라\n2 : 진짜 멋있다 나도 버켓 그거인데 배낭 여행 ㅠㅠ\n1 : 나중에 꼭 더 늦기 전에 한번 도전해봐\n2 : 진짜 내가 하고 싶은 걸 니가 했네 부럽다\n1 : 젊음의 패기로 가는 거지 키키\n1 : 지금은 무서워서 못 갈 것 같아\n2 : 더 늦기 전에 가고 싶은데 이놈의 망할 코로나\n1 : 그러게 키키 점점 풀리고 있으니깐 여친이랑 가봐\n2 : 코로나만 아니면 당장 갔다",
        "lines": [
          {
            "id": 1,
            "text": "1 : 오빠 해외여행 어디 가봤어?",
            "norm_text": "오빠 해외여행 어디 가봤어?",
            "speaker": {
              "id": "1번",
              "sex": "여성",
              "age": "20대"
            },
            "speechAct": "(지시) 질문하기",
            "morpheme": "오빠/NNG+해외여행/NNG+어디/NP+가/JKS+봤/VV+EP+어/EF"
          },
          {
            "id": 2,
            "text": "2 : 나 일본 가봤어 여자친구랑",
            "norm_text": "나 일본 가봤어 여자친구랑",
            "speaker": {
              "id": "2번",
              "sex": "남성",
              "age": "20대"
            },
            "speechAct": "(단언) 주장하기",
            "morpheme": "나/NP+일본/NNP+가/JKS+봤/VV+EP+어/EC+여자/NNG+친구/NNG+랑/JKB"
          },
          {
            "id": 3,
            "text": "1 : 나는 유럽 갔다 온 거 너무 좋았어",
            "norm_text": "나는 유럽 갔다 온 거 너무 좋았어",
            "speaker": {
              "id": "1번",
              "sex": "여성",
              "age": "20대"
            },
            "speechAct": "(단언) 주장하기",
            "morpheme": "나/NP+는/JX+유럽/NNP+갔다온/VV+ETM+거/NNB+너무/MAG+좋/VA+았/EP+어/EC"
          },
          {
            "id": 4,
            "text": "2 : 후쿠오카 한번 가봤어",
            "norm_text": "후쿠오카 한번 가봤어",
            "speaker": {
              "id": "2번",
              "sex": "남성",
              "age": "20대"
            },
            "speechAct": "(단언) 주장하기",
            "morpheme": "후쿠오카/NNP+한/MM+번/NNBC+가/JKS+봤/VV+EP+어/EC"
          },
          {
            "id": 5,
            "text": "2 : 와 유럽",
            "norm_text": "와 유럽",
            "speaker": {
              "id": "2번",
              "sex": "남성",
              "age": "20대"
            },
            "speechAct": "(단언) 주장하기",
            "morpheme": "와/IC+유럽/NNP"
          },
          {
            "id": 6,
            "text": "1 : 한 10개국 정도 배낭 여행 갔지롱",
            "norm_text": "한 10개국 정도 배낭 여행 갔지롱",
            "speaker": {
              "id": "1번",
              "sex": "여성",
              "age": "20대"
            },
            "speechAct": "(단언) 주장하기",
            "morpheme": "한/MM+10/SN+개국/NNBC+정도/NNG+배낭/NNG+여행/NNG+갔/VV+EP+지롱/EC"
          },
          {
            "id": 7,
            "text": "2 : 나도 유럽 가보고 싶은데 코로나 때문에 못 갔어 ㅠㅠ",
            "norm_text": "나도 유럽 가보고 싶은데 코로나 때문에 못 갔어 ㅠㅠ",
            "speaker": {
              "id": "2번",
              "sex": "남성",
              "age": "20대"
            },
            "speechAct": "(단언) 주장하기",
            "morpheme": "나/NP+도/JX+유럽가/NNP+보/VV+고/EC+싶/VX+은데/EC+코로나/NNG+때문/NNB+에/JKB+못/MAG+갔/VV+EP+어/EF+ㅠㅠ/UNKNOWN"
          },
          {
            "id": 8,
            "text": "1 : 맞아 나도 또 갈려니깐 취소 당했어",
            "norm_text": "맞아 나도 또 갈려니깐 취소 당했어",
            "speaker": {
              "id": "1번",
              "sex": "여성",
              "age": "20대"
            },
            "speechAct": "(단언) 주장하기",
            "morpheme": "맞/VV+아/EC+나/NP+도/JX+또/MAG+갈려/VV+EC+니깐/VCP+EC+취소/NNG+당했/XSV+EP+어/EC"
          },
          {
            "id": 9,
            "text": "2 : 와 배낭 여행 개부럽다",
            "norm_text": "와 배낭 여행 개부럽다",
            "speaker": {
              "id": "2번",
              "sex": "남성",
              "age": "20대"
            },
            "speechAct": "(단언) 주장하기",
            "morpheme": "와/IC+배낭/NNG+여행/NNG+개/NNBC+부럽/VA+다/EC"
          },
          {
            "id": 10,
            "text": "2 : 어때 재밌어?",
            "norm_text": "어때 재밌어?",
            "speaker": {
              "id": "2번",
              "sex": "남성",
              "age": "20대"
            },
            "speechAct": "(지시) 질문하기",
            "morpheme": "어때/VA+EC+재밌/VA+어/EF"
          },
          {
            "id": 11,
            "text": "1 : 재밌기도 하고 위험하기도 했어 키키 혼자 간 거라",
            "norm_text": "재밌기도 하고 위험하기도 했어 키키 혼자 간 거라",
            "speaker": {
              "id": "1번",
              "sex": "여성",
              "age": "20대"
            },
            "speechAct": "(단언) 주장하기",
            "morpheme": "재밌/VA+기/ETN+도/JX+하/VV+고/EC+위험/NNG+하/XSV+기/ETN+도/JX+했/VV+EP+어/EC+키/NNG+키/NNG+혼자/MAG+간/VV+ETM+거/NNB+라/VCP+EC"
          },
          {
            "id": 12,
            "text": "2 : 진짜 멋있다 나도 버켓 그거인데 배낭 여행 ㅠㅠ",
            "norm_text": "진짜 멋있다 나도 버켓 그거인데 배낭 여행 ㅠㅠ",
            "speaker": {
              "id": "2번",
              "sex": "남성",
              "age": "20대"
            },
            "speechAct": "(단언) 주장하기",
            "morpheme": "진짜/MAG+멋있/VA+다/EF+나/NP+도/JX+버켓/NNP+그거/NP+인데/VCP+EC+배낭/NNG+여행/NNG+ㅠㅠ/UNKNOWN"
          },
          {
            "id": 13,
            "text": "1 : 나중에 꼭 더 늦기 전에 한번 도전해봐",
            "norm_text": "나중에 꼭 더 늦기 전에 한번 도전해봐",
            "speaker": {
              "id": "1번",
              "sex": "여성",
              "age": "20대"
            },
            "speechAct": "(단언) 주장하기",
            "morpheme": "나중/NNG+에/JKB+꼭/MAG+더/MAG+늦/VA+기/ETN+전/NNG+에/JKB+한/MM+번/NNBC+도/JX+전해/VV+EC+봐/VX+EC"
          },
          {
            "id": 14,
            "text": "2 : 진짜 내가 하고 싶은 걸 니가 했네 부럽다",
            "norm_text": "진짜 내가 하고 싶은 걸 니가 했네 부럽다",
            "speaker": {
              "id": "2번",
              "sex": "남성",
              "age": "20대"
            },
            "speechAct": "(단언) 주장하기",
            "morpheme": "진짜/MAG+내/NP+가/JKS+하/VV+고/EC+싶/VX+은/ETM+걸/NNB+JKO+니/NP+가/JKS+했/VV+EP+네/EF+부럽/VA+다/EC"
          },
          {
            "id": 15,
            "text": "1 : 젊음의 패기로 가는 거지 키키",
            "norm_text": "젊음의 패기로 가는 거지 키키",
            "speaker": {
              "id": "1번",
              "sex": "여성",
              "age": "20대"
            },
            "speechAct": "(단언) 주장하기",
            "morpheme": "젊음/NNG+의/JKG+패기/NNG+로/JKB+가/VV+는/ETM+거/NNB+지/VCP+EC+키/NNG+키/XSV+ETN"
          },
          {
            "id": 16,
            "text": "1 : 지금은 무서워서 못 갈 것 같아",
            "norm_text": "지금은 무서워서 못 갈 것 같아",
            "speaker": {
              "id": "1번",
              "sex": "여성",
              "age": "20대"
            },
            "speechAct": "(단언) 주장하기",
            "morpheme": "지금/MAG+은/JX+무서워서/VA+EC+못/MAG+갈/VV+ETM+것/NNB+같/VA+아/EC"
          },
          {
            "id": 17,
            "text": "2 : 더 늦기 전에 가고 싶은데 이놈의 망할 코로나",
            "norm_text": "더 늦기 전에 가고 싶은데 이놈의 망할 코로나",
            "speaker": {
              "id": "2번",
              "sex": "남성",
              "age": "20대"
            },
            "speechAct": "(단언) 주장하기",
            "morpheme": "더/MAG+늦/VA+기/ETN+전/NNG+에/JKB+가/VV+고/EC+싶/VX+은데/EC+이놈/NP+의/JKG+망할/VV+ETM+코로나/NNG"
          },
          {
            "id": 18,
            "text": "1 : 그러게 키키 점점 풀리고 있으니깐 여친이랑 가봐",
            "norm_text": "그러게 키키 점점 풀리고 있으니깐 여친이랑 가봐",
            "speaker": {
              "id": "1번",
              "sex": "여성",
              "age": "20대"
            },
            "speechAct": "(단언) 주장하기",
            "morpheme": "그러/VV+게/EC+키/NNG+키/NNG+점점/MAG+풀리/VV+고/EC+있/VX+으니깐/EC+여친/NNG+이/VCP+랑가/EC+봐/VX+EC"
          },
          {
            "id": 19,
            "text": "2 : 코로나만 아니면 당장 갔다",
            "norm_text": "코로나만 아니면 당장 갔다",
            "speaker": {
              "id": "2번",
              "sex": "남성",
              "age": "20대"
            },
            "speechAct": "(단언) 주장하기",
            "morpheme": "코로나/NNG+만/JX+아니/VCN+면/EC+당장/NNG+갔/VV+EP+다/EC"
          }
        ]
      }
    }
  ]
}