{
  "dataset": {
    "identifier": 101430,
    "name": "FACEBOOK_109_18_set",
    "src_path": "/data/file/cubeManager/PROJECT001/77/txt202110291608050687106/FACEBOOK_109_18_set/",
    "label_path": "/data/file/cubeManager/PROJECT001/77/txt202110291608050687106/FACEBOOK_109_18_set/",
    "category": 2,
    "type": 0
  },
  "licenses": {
    "name": "Apache License 1.0",
    "url": "http://www.apache.org/licenses/LICENSE-1.0"
  },
  "info": [
    {
      "id": 111326,
      "filename": "FACEBOOK_109_18.txt",
      "title": "FACEBOOK_109_18",
      "mediatype": "SNS",
      "medianame": "페이스북",
      "category": "일상대화",
      "date": "2021-10-29",
      "size": 501,
      "annotations": {
        "subject": "상거래 전반",
        "speaker_type": "1:1",
        "size": 501,
        "word_size": 167,
        "text": "1 : 언니는 쇼핑몰 어디 이용하고 있어?\n2 : 나는 휴대폰 앱으로 결제하고 있어!\n1 : 아 진짜?\n1 : 요즘에 나도 인터넷 쇼핑보다 앱으로 결제 많이 해!\n2 : 응 한번에 모든 쇼핑몰을 다 볼 수 있으니까~\n1 : 맞아 키키\n1 : 그리고 일반 쇼핑몰도 앱 다운 받으라고 그러면 할인 쿠폰 준다고 그래서!\n2 : 응 그 쿠폰이 진짜 쏠쏠해 키키\n1 : 맞아 키키\n1 : 신규회원 하고 그거 할인까지 받으면 진짜 최소 5천 원은 이득인 듯!\n2 : 맞아~\n2 : 그리고 결제 수단에서도 할인해줘\n1 : 맞아 키키\n1 : 특히 카카오페이가 잘해 주는 거 같아!\n2 : 맞아\n2 : 그리고 나는 페이코도 같이 써!\n1 : 오오 페이코 키키 나도 썼는데 그거 포인트 계속 사라지는 거 알아?\n2 : 응 그래서 나는 주기적으로 쓰지!\n1 : 나는 까먹고 있다가 맨날 소멸 시켜!\n1 : 짜증!\n2 : 으악!\n2 : 그럼 내가 미리 알려줄게!\n1 : 오 좋지 좋지~ 다음에 페이코로 또 결제해야지~\n2 : 포인트는 페이코가 제일 잘 쌓여!",
        "lines": [
          {
            "id": 1,
            "text": "1 : 언니는 쇼핑몰 어디 이용하고 있어?",
            "norm_text": "언니는 쇼핑몰 어디 이용하고 있어?",
            "speaker": {
              "id": "1번",
              "sex": "여성",
              "age": "20대"
            },
            "speechAct": "(지시) 질문하기",
            "morpheme": "언니/NNG+는/JX+쇼핑몰/NNG+어디/NP+이용/NNG+하/XSV+고/EC+있/VX+어/EF"
          },
          {
            "id": 2,
            "text": "2 : 나는 휴대폰 앱으로 결제하고 있어!",
            "norm_text": "나는 휴대폰 앱으로 결제하고 있어!",
            "speaker": {
              "id": "2번",
              "sex": "여성",
              "age": "20대"
            },
            "speechAct": "(단언) 주장하기",
            "morpheme": "나/NP+는/JX+휴대폰/NNG+앱/NNG+으로/JKB+결제/NNG+하/XSV+고/EC+있/VX+어/EF"
          },
          {
            "id": 3,
            "text": "1 : 아 진짜?",
            "norm_text": "아 진짜?",
            "speaker": {
              "id": "1번",
              "sex": "여성",
              "age": "20대"
            },
            "speechAct": "(지시) 질문하기",
            "morpheme": "아/IC+진짜/MAG"
          },
          {
            "id": 4,
            "text": "1 : 요즘에 나도 인터넷 쇼핑보다 앱으로 결제 많이 해!",
            "norm_text": "요즘에 나도 인터넷 쇼핑보다 앱으로 결제 많이 해!",
            "speaker": {
              "id": "1번",
              "sex": "여성",
              "age": "20대"
            },
            "speechAct": "(단언) 주장하기",
            "morpheme": "요즘/NNG+에/JKB+나/NP+도/JX+인터넷/NNG+쇼핑/NNG+보다/JKB+앱/NNG+으로/JKB+결제/NNG+많이/MAG+해/VV+EF"
          },
          {
            "id": 5,
            "text": "2 : 응 한번에 모든 쇼핑몰을 다 볼 수 있으니까~",
            "norm_text": "응 한번에 모든 쇼핑몰을 다 볼 수 있으니까~",
            "speaker": {
              "id": "2번",
              "sex": "여성",
              "age": "20대"
            },
            "speechAct": "(단언) 주장하기",
            "morpheme": "응/IC+한/MM+번/NNBC+에/JKB+모든/MM+쇼핑몰/NNG+을/JKO+다/MAG+볼/VV+ETM+수/NNB+있/VV+으니까/EC+~/SY"
          },
          {
            "id": 6,
            "text": "1 : 맞아 키키",
            "norm_text": "맞아 키키",
            "speaker": {
              "id": "1번",
              "sex": "여성",
              "age": "20대"
            },
            "speechAct": "(단언) 주장하기",
            "morpheme": "맞/VV+아/EC+키/NNG+키/XSV+ETN"
          },
          {
            "id": 7,
            "text": "1 : 그리고 일반 쇼핑몰도 앱 다운 받으라고 그러면 할인 쿠폰 준다고 그래서!",
            "norm_text": "그리고 일반 쇼핑몰도 앱 다운 받으라고 그러면 할인 쿠폰 준다고 그래서!",
            "speaker": {
              "id": "1번",
              "sex": "여성",
              "age": "20대"
            },
            "speechAct": "(단언) 주장하기",
            "morpheme": "그리고/MAJ+일반/NNG+쇼핑몰/NNG+도/JX+앱/NNG+다운/XSA+ETM+받/VV+으라고/EC+그러/VV+면/EC+할인/NNG+쿠폰/NNG+준다고/VV+EF+그래서/MAJ"
          },
          {
            "id": 8,
            "text": "2 : 응 그 쿠폰이 진짜 쏠쏠해 키키",
            "norm_text": "응 그 쿠폰이 진짜 쏠쏠해 키키",
            "speaker": {
              "id": "2번",
              "sex": "여성",
              "age": "20대"
            },
            "speechAct": "(단언) 주장하기",
            "morpheme": "응/IC+그/MM+쿠폰/NNG+이/JKS+진짜/MAG+쏠쏠/XR+해/XSA+EC+키/NNG+키/XSV+ETN"
          },
          {
            "id": 9,
            "text": "1 : 맞아 키키",
            "norm_text": "맞아 키키",
            "speaker": {
              "id": "1번",
              "sex": "여성",
              "age": "20대"
            },
            "speechAct": "(단언) 주장하기",
            "morpheme": "맞/VV+아/EC+키/NNG+키/XSV+ETN"
          },
          {
            "id": 10,
            "text": "1 : 신규회원 하고 그거 할인까지 받으면 진짜 최소 5천 원은 이득인 듯!",
            "norm_text": "신규회원 하고 그거 할인까지 받으면 진짜 최소 5천 원은 이득인 듯!",
            "speaker": {
              "id": "1번",
              "sex": "여성",
              "age": "20대"
            },
            "speechAct": "(단언) 주장하기",
            "morpheme": "신규/NNG+회원/NNG+하/XSV+고/EC+그거/NP+할인/NNG+까지/JX+받/VV+으면/EC+진짜/MAG+최소/NNG+5/SN+천/NR+원/NNBC+은/JX+이득/NNG+인듯/VCP+EF"
          },
          {
            "id": 11,
            "text": "2 : 맞아~",
            "norm_text": "맞아~",
            "speaker": {
              "id": "2번",
              "sex": "여성",
              "age": "20대"
            },
            "speechAct": "(단언) 주장하기",
            "morpheme": "맞/VV+아/EC+~/SY"
          },
          {
            "id": 12,
            "text": "2 : 그리고 결제 수단에서도 할인해줘",
            "norm_text": "그리고 결제 수단에서도 할인해줘",
            "speaker": {
              "id": "2번",
              "sex": "여성",
              "age": "20대"
            },
            "speechAct": "(단언) 주장하기",
            "morpheme": "그리고/MAJ+결제/NNG+수단/NNG+에서/JKB+도/JX+할인/NNG+해/XSV+EC+줘/VX+EC"
          },
          {
            "id": 13,
            "text": "1 : 맞아 키키",
            "norm_text": "맞아 키키",
            "speaker": {
              "id": "1번",
              "sex": "여성",
              "age": "20대"
            },
            "speechAct": "(단언) 주장하기",
            "morpheme": "맞/VV+아/EC+키/NNG+키/XSV+ETN"
          },
          {
            "id": 14,
            "text": "1 : 특히 카카오페이가 잘해 주는 거 같아!",
            "norm_text": "특히 카카오페이가 잘해 주는 거 같아!",
            "speaker": {
              "id": "1번",
              "sex": "여성",
              "age": "20대"
            },
            "speechAct": "(단언) 주장하기",
            "morpheme": "특히/MAG+카카오/NNP+페이/NNP+가/JKS+잘/MAG+해/VV+EC+주/VX+는/ETM+거/NNB+같/VA+아/EF"
          },
          {
            "id": 15,
            "text": "2 : 맞아",
            "norm_text": "맞아",
            "speaker": {
              "id": "2번",
              "sex": "여성",
              "age": "20대"
            },
            "speechAct": "(단언) 주장하기",
            "morpheme": "맞/VV+아/EC"
          },
          {
            "id": 16,
            "text": "2 : 그리고 나는 페이코도 같이 써!",
            "norm_text": "그리고 나는 페이코도 같이 써!",
            "speaker": {
              "id": "2번",
              "sex": "여성",
              "age": "20대"
            },
            "speechAct": "(단언) 주장하기",
            "morpheme": "그리고/MAJ+나/NP+는/JX+페이/NNP+코/NNG+도/JX+같이/MAG+써/VV+EF"
          },
          {
            "id": 17,
            "text": "1 : 오오 페이코 키키 나도 썼는데 그거 포인트 계속 사라지는 거 알아?",
            "norm_text": "오오 페이코 키키 나도 썼는데 그거 포인트 계속 사라지는 거 알아?",
            "speaker": {
              "id": "1번",
              "sex": "여성",
              "age": "20대"
            },
            "speechAct": "(지시) 질문하기",
            "morpheme": "오오/IC+페이/NNP+코키/NNP+키나/NNG+도/JX+썼/VV+EP+는데/EC+그거/NP+포인트/NNG+계속/MAG+사라지/VV+는/ETM+거/NNB+알/VV+아/EF"
          },
          {
            "id": 18,
            "text": "2 : 응 그래서 나는 주기적으로 쓰지!",
            "norm_text": "응 그래서 나는 주기적으로 쓰지!",
            "speaker": {
              "id": "2번",
              "sex": "여성",
              "age": "20대"
            },
            "speechAct": "(단언) 주장하기",
            "morpheme": "응/IC+그래서/MAJ+나/NP+는/JX+주기/NNG+적/XSN+으로/JKB+쓰/VV+지/EF"
          },
          {
            "id": 19,
            "text": "1 : 나는 까먹고 있다가 맨날 소멸 시켜!",
            "norm_text": "나는 까먹고 있다가 맨날 소멸 시켜!",
            "speaker": {
              "id": "1번",
              "sex": "여성",
              "age": "20대"
            },
            "speechAct": "(단언) 주장하기",
            "morpheme": "나/NP+는/JX+까먹/VV+고/EC+있/VX+다가/EC+맨날/MAG+소멸/NNG+시켜/XSV+EF"
          },
          {
            "id": 20,
            "text": "1 : 짜증!",
            "norm_text": "짜증!",
            "speaker": {
              "id": "1번",
              "sex": "여성",
              "age": "20대"
            },
            "speechAct": "(표현) 부정감정 표현하기",
            "morpheme": "짜증/NNG"
          },
          {
            "id": 21,
            "text": "2 : 으악!",
            "norm_text": "으악!",
            "speaker": {
              "id": "2번",
              "sex": "여성",
              "age": "20대"
            },
            "speechAct": "(표현) 부정감정 표현하기",
            "morpheme": "으악/IC"
          },
          {
            "id": 22,
            "text": "2 : 그럼 내가 미리 알려줄게!",
            "norm_text": "그럼 내가 미리 알려줄게!",
            "speaker": {
              "id": "2번",
              "sex": "여성",
              "age": "20대"
            },
            "speechAct": "(단언) 주장하기",
            "morpheme": "그럼/MAJ+내/NP+가/JKS+미리/MAG+알려/VV+EC+줄게/VX+EF"
          },
          {
            "id": 23,
            "text": "1 : 오 좋지 좋지~ 다음에 페이코로 또 결제해야지~",
            "norm_text": "오 좋지 좋지~ 다음에 페이코로 또 결제해야지~",
            "speaker": {
              "id": "1번",
              "sex": "여성",
              "age": "20대"
            },
            "speechAct": "(단언) 주장하기",
            "morpheme": "오/NR+좋/VA+지/EC+좋/VA+지/EC+~/SY+다음/NNG+에/JKB+페이/NNP+코/NNG+로/JKB+또/MAG+결제/NNG+해야지/XSV+EC+~/SY"
          },
          {
            "id": 24,
            "text": "2 : 포인트는 페이코가 제일 잘 쌓여!",
            "norm_text": "포인트는 페이코가 제일 잘 쌓여!",
            "speaker": {
              "id": "2번",
              "sex": "여성",
              "age": "20대"
            },
            "speechAct": "(단언) 주장하기",
            "morpheme": "포인트/NNG+는/JX+페이/NNP+코/NNG+가/JKS+제일/MAG+잘/MAG+쌓여/VV+EF"
          }
        ]
      }
    }
  ]
}