{
  "dataset": {
    "identifier": 104478,
    "name": "FACEBOOK_109_06_set",
    "src_path": "/data/file/cubeManager/PROJECT001/77/txt20211029160805058273/FACEBOOK_109_06_set/",
    "label_path": "/data/file/cubeManager/PROJECT001/77/txt20211029160805058273/FACEBOOK_109_06_set/",
    "category": 2,
    "type": 0
  },
  "licenses": {
    "name": "Apache License 1.0",
    "url": "http://www.apache.org/licenses/LICENSE-1.0"
  },
  "info": [
    {
      "id": 111314,
      "filename": "FACEBOOK_109_06.txt",
      "title": "FACEBOOK_109_06",
      "mediatype": "SNS",
      "medianame": "페이스북",
      "category": "일상대화",
      "date": "2021-10-29",
      "size": 395,
      "annotations": {
        "subject": "교육",
        "speaker_type": "1:1",
        "size": 395,
        "word_size": 138,
        "text": "1 : 언니는 하고 싶은 거 있어?\n2 : 나는 언어 공부 더 하고싶어 키키\n1 : 아 진짜?\n1 : 그거 원래부터 공부하고 있었어?\n2 : 응 나는 중국어 전공이라 키키\n1 : 와 대박!\n1 : 언니 그러면 중국 가서 살 수도 있어?\n2 : 중국 가서 이미 살다 왔는데?\n1 : 와 대박 어디 갔다 왔었어?\n2 : 나는 중국 상해에 있다가 왔어~\n1 : 상해?\n1 : 언제부터 언제까지 있다 왔어?\n2 : 제작년에 가서 올해 들어왔어 하하\n1 : 그렇구나\n1 : 거기서 공부 열심히 해야 하지?\n2 : 공부는 열심히 해야 되는데 잘 안되지ㅠㅠ\n1 : 키키 거기는 혼자서 갔다 온 거야?\n2 : 응 혼자서 유학 다녀온 거야 하하\n1 : 와 진짜 멋있다!\n1 : 타국에 혼자 가기 쉽지 않잖아!\n2 : 응 혼자 갈 때는 항상 무서운 거 같아ㅠㅠ",
        "lines": [
          {
            "id": 1,
            "text": "1 : 언니는 하고 싶은 거 있어?",
            "norm_text": "언니는 하고 싶은 거 있어?",
            "speaker": {
              "id": "1번",
              "sex": "여성",
              "age": "20대"
            },
            "speechAct": "(지시) 질문하기",
            "morpheme": "언니/NNG+는/JX+하/VV+고/EC+싶/VX+은/ETM+거/NNB+있/VA+어/EF"
          },
          {
            "id": 2,
            "text": "2 : 나는 언어 공부 더 하고싶어 키키",
            "norm_text": "나는 언어 공부 더 하고싶어 키키",
            "speaker": {
              "id": "2번",
              "sex": "여성",
              "age": "20대"
            },
            "speechAct": "(단언) 주장하기",
            "morpheme": "나/NP+는/JX+언어/NNG+공부/NNG+더/MAG+하/VV+고/EC+싶/VX+어/EC+키/NNG+키/XSV+ETN"
          },
          {
            "id": 3,
            "text": "1 : 아 진짜?",
            "norm_text": "아 진짜?",
            "speaker": {
              "id": "1번",
              "sex": "여성",
              "age": "20대"
            },
            "speechAct": "(지시) 질문하기",
            "morpheme": "아/IC+진짜/MAG"
          },
          {
            "id": 4,
            "text": "1 : 그거 원래부터 공부하고 있었어?",
            "norm_text": "그거 원래부터 공부하고 있었어?",
            "speaker": {
              "id": "1번",
              "sex": "여성",
              "age": "20대"
            },
            "speechAct": "(지시) 질문하기",
            "morpheme": "그거/NP+원래/NNG+부터/JX+공부/NNG+하/XSV+고/EC+있/VX+었/EP+어/EF"
          },
          {
            "id": 5,
            "text": "2 : 응 나는 중국어 전공이라 키키",
            "norm_text": "응 나는 중국어 전공이라 키키",
            "speaker": {
              "id": "2번",
              "sex": "여성",
              "age": "20대"
            },
            "speechAct": "(단언) 주장하기",
            "morpheme": "응/IC+나/NP+는/JX+중국어/NNG+전공/NNG+이/JKS+라키/NNP+키/NNG"
          },
          {
            "id": 6,
            "text": "1 : 와 대박!",
            "norm_text": "와 대박!",
            "speaker": {
              "id": "1번",
              "sex": "여성",
              "age": "20대"
            },
            "speechAct": "(단언) 주장하기",
            "morpheme": "와/IC+대박/NNG"
          },
          {
            "id": 7,
            "text": "1 : 언니 그러면 중국 가서 살 수도 있어?",
            "norm_text": "언니 그러면 중국 가서 살 수도 있어?",
            "speaker": {
              "id": "1번",
              "sex": "여성",
              "age": "20대"
            },
            "speechAct": "(지시) 질문하기",
            "morpheme": "언니/NNG+그러/VV+면/EC+중국/NNP+가/VV+서/EC+살/VV+ETM+수/NNB+도/JX+있/VA+어/EF"
          },
          {
            "id": 8,
            "text": "2 : 중국 가서 이미 살다 왔는데?",
            "norm_text": "중국 가서 이미 살다 왔는데?",
            "speaker": {
              "id": "2번",
              "sex": "여성",
              "age": "20대"
            },
            "speechAct": "(단언) 진술하기",
            "morpheme": "중국/NNP+가/VV+서/EC+이미/MAG+살/VV+다/EC+왔/VX+EP+는데/EF"
          },
          {
            "id": 9,
            "text": "1 : 와 대박 어디 갔다 왔었어?",
            "norm_text": "와 대박 어디 갔다 왔었어?",
            "speaker": {
              "id": "1번",
              "sex": "여성",
              "age": "20대"
            },
            "speechAct": "(지시) 질문하기",
            "morpheme": "와/IC+대박/NNG+어디/NP+갔다왔었/VV+EP+어/EF"
          },
          {
            "id": 10,
            "text": "2 : 나는 중국 상해에 있다가 왔어~",
            "norm_text": "나는 중국 상해에 있다가 왔어~",
            "speaker": {
              "id": "2번",
              "sex": "여성",
              "age": "20대"
            },
            "speechAct": "(단언) 진술하기",
            "morpheme": "나/NP+는/JX+중국/NNP+상해/NNG+에/JKB+있/VV+다가/EC+왔/VX+EP+어/EC+~/SY"
          },
          {
            "id": 11,
            "text": "1 : 상해?",
            "norm_text": "상해?",
            "speaker": {
              "id": "1번",
              "sex": "여성",
              "age": "20대"
            },
            "speechAct": "(지시) 질문하기",
            "morpheme": "상해/VV+EF"
          },
          {
            "id": 12,
            "text": "1 : 언제부터 언제까지 있다 왔어?",
            "norm_text": "언제부터 언제까지 있다 왔어?",
            "speaker": {
              "id": "1번",
              "sex": "여성",
              "age": "20대"
            },
            "speechAct": "(지시) 질문하기",
            "morpheme": "언제/NP+부터/JX+언제/NP+까지/JX+있/VV+다/EC+왔/VX+EP+어/EF"
          },
          {
            "id": 13,
            "text": "2 : 제작년에 가서 올해 들어왔어 하하",
            "norm_text": "제작년에 가서 올해 들어왔어 하하",
            "speaker": {
              "id": "2번",
              "sex": "여성",
              "age": "20대"
            },
            "speechAct": "(단언) 진술하기",
            "morpheme": "제/NP+JKG+작년/NNG+에/JKB+가/VV+서/EC+올해/NNG+들어왔/VV+EP+어/EC+하하/MAG"
          },
          {
            "id": 14,
            "text": "1 : 그렇구나",
            "norm_text": "그렇구나",
            "speaker": {
              "id": "1번",
              "sex": "여성",
              "age": "20대"
            },
            "speechAct": "(단언) 주장하기",
            "morpheme": "그렇/VA+구나/EC"
          },
          {
            "id": 15,
            "text": "1 : 거기서 공부 열심히 해야 하지?",
            "norm_text": "거기서 공부 열심히 해야 하지?",
            "speaker": {
              "id": "1번",
              "sex": "여성",
              "age": "20대"
            },
            "speechAct": "(지시) 질문하기",
            "morpheme": "거기/NP+서/JKB+공부/NNG+열심히/MAG+해야/VV+EC+하/VX+지/EF"
          },
          {
            "id": 16,
            "text": "2 : 공부는 열심히 해야 되는데 잘 안되지ㅠㅠ",
            "norm_text": "공부는 열심히 해야 되는데 잘 안되지ㅠㅠ",
            "speaker": {
              "id": "2번",
              "sex": "여성",
              "age": "20대"
            },
            "speechAct": "(단언) 주장하기",
            "morpheme": "공부/NNG+는/JX+열심히/MAG+해야/VV+EC+되/VV+는데/EC+잘/MAG+안/MAG+되/VV+지/EC+ㅠㅠ/UNKNOWN"
          },
          {
            "id": 17,
            "text": "1 : 키키 거기는 혼자서 갔다 온 거야?",
            "norm_text": "키키 거기는 혼자서 갔다 온 거야?",
            "speaker": {
              "id": "1번",
              "sex": "여성",
              "age": "20대"
            },
            "speechAct": "(지시) 질문하기",
            "morpheme": "키/NNG+키/XSV+ETN+거기/NP+는/JX+혼자/NNG+서/JKB+갔다온/VV+ETM+거/NNB+야/VCP+EF"
          },
          {
            "id": 18,
            "text": "2 : 응 혼자서 유학 다녀온 거야 하하",
            "norm_text": "응 혼자서 유학 다녀온 거야 하하",
            "speaker": {
              "id": "2번",
              "sex": "여성",
              "age": "20대"
            },
            "speechAct": "(단언) 진술하기",
            "morpheme": "응/IC+혼자/NNG+서/JKB+유학/NNG+다녀온/VV+ETM+거/NNB+야/VCP+EF+하하/MAG"
          },
          {
            "id": 19,
            "text": "1 : 와 진짜 멋있다!",
            "norm_text": "와 진짜 멋있다!",
            "speaker": {
              "id": "1번",
              "sex": "여성",
              "age": "20대"
            },
            "speechAct": "(단언) 주장하기",
            "morpheme": "와/IC+진짜/MAG+멋있/VA+다/EF"
          },
          {
            "id": 20,
            "text": "1 : 타국에 혼자 가기 쉽지 않잖아!",
            "norm_text": "타국에 혼자 가기 쉽지 않잖아!",
            "speaker": {
              "id": "1번",
              "sex": "여성",
              "age": "20대"
            },
            "speechAct": "(단언) 주장하기",
            "morpheme": "타국/NNG+에/JKB+혼자/MAG+가/VV+기/ETN+쉽/VA+지/EC+않/VX+잖아/EF"
          },
          {
            "id": 21,
            "text": "2 : 응 혼자 갈 때는 항상 무서운 거 같아ㅠㅠ",
            "norm_text": "응 혼자 갈 때는 항상 무서운 거 같아ㅠㅠ",
            "speaker": {
              "id": "2번",
              "sex": "여성",
              "age": "20대"
            },
            "speechAct": "(단언) 주장하기",
            "morpheme": "응/IC+혼자/MAG+갈/VV+ETM+때/NNG+는/JX+항상/MAG+무서운/VA+ETM+거/NNB+같/VA+아/EC+ㅠㅠ/UNKNOWN"
          }
        ]
      }
    }
  ]
}