{
  "dataset": {
    "identifier": 117380,
    "name": "FACEBOOK_119_16_set",
    "src_path": "/data/file/cubeManager/PROJECT001/80/txt20211102103850089113/FACEBOOK_119_16_set/",
    "label_path": "/data/file/cubeManager/PROJECT001/80/txt20211102103850089113/FACEBOOK_119_16_set/",
    "category": 2,
    "type": 0
  },
  "licenses": {
    "name": "Apache License 1.0",
    "url": "http://www.apache.org/licenses/LICENSE-1.0"
  },
  "info": [
    {
      "id": 129779,
      "filename": "FACEBOOK_119_16.txt",
      "title": "FACEBOOK_119_16",
      "mediatype": "SNS",
      "medianame": "페이스북",
      "category": "일상대화",
      "date": "2021-11-02",
      "size": 451,
      "annotations": {
        "subject": "미용",
        "speaker_type": "1:1",
        "size": 451,
        "word_size": 155,
        "text": "1 : 언니는 화장하는 단계가 어떻게 돼?\n2 : 음 기초 화장? 아니면 색조 화장?\n1 : 일단  기초부터 얘기해 줘~\n2 : 지금 버전? 아니면 예전 버전?\n1 : 키키 음~ 어떤 버전이 더 심오한데? 키키\n2 : 지금은 귀찮아서 잘 안하고 예전에 더 했지 키키\n1 : 근데 나도 예전에는 화장품 쎄트 알아? 그거 다 바름 키키\n2 : 아아 화장품 세트로 들어져 있는 거 다 발랐다고?\n1 : 어 맞아 키키 스킨에서부터 슬리핑 크림? 그거까지 다 바름 키키\n2 : 아 잘 때 팩 말고 바르는 거 그거 말하는 거구나?\n1 : 어 맞아 키키\n1 : 근데 나는 지성이라 더 뭐가 나더라!\n2 : 그게 뭐야 키키\n2 : 스킨만 발라야 되는 거 아니야?\n1 : 키키 맞아 나 그래서 지금은 패드 에센스 수분 크림 끝이야!\n2 : 패드가 뭐야? 스킨 같은 거?\n1 : 그 화장솜에 물기 있는 거~\n2 : 아 요즘 그거 엄청 뜨는 거 같더라 키키",
        "lines": [
          {
            "id": 1,
            "text": "1 : 언니는 화장하는 단계가 어떻게 돼?",
            "norm_text": "언니는 화장하는 단계가 어떻게 돼?",
            "speaker": {
              "id": "1번",
              "sex": "여성",
              "age": "20대"
            },
            "speechAct": "(지시) 질문하기",
            "morpheme": "언니/NNG+는/JX+화장/NNG+하/XSV+는/ETM+단계/NNG+가/JKS+어떻게/MAG+돼/VV+EF"
          },
          {
            "id": 2,
            "text": "2 : 음 기초 화장? 아니면 색조 화장?",
            "norm_text": "음 기초 화장? 아니면 색조 화장?",
            "speaker": {
              "id": "2번",
              "sex": "여성",
              "age": "20대"
            },
            "speechAct": "(지시) 질문하기",
            "morpheme": "음/IC+기초화장/NNG+아니면/MAJ+색조/NNG+화장/NNG"
          },
          {
            "id": 3,
            "text": "1 : 일단  기초부터 얘기해 줘~",
            "norm_text": "일단  기초부터 얘기해 줘~",
            "speaker": {
              "id": "1번",
              "sex": "여성",
              "age": "20대"
            },
            "speechAct": "(지시) 부탁하기",
            "morpheme": "일단/MAG+기초/NNG+부터/JX+얘기/NNG+해/XSV+EC+줘/VX+EC+~/SY"
          },
          {
            "id": 4,
            "text": "2 : 지금 버전? 아니면 예전 버전?",
            "norm_text": "지금 버전? 아니면 예전 버전?",
            "speaker": {
              "id": "2번",
              "sex": "여성",
              "age": "20대"
            },
            "speechAct": "(지시) 질문하기",
            "morpheme": "지금/MAG+버전/NNG+아니면/MAJ+예전/NNG+버전/NNG"
          },
          {
            "id": 5,
            "text": "1 : 키키 음~ 어떤 버전이 더 심오한데? 키키",
            "norm_text": "키키 음~ 어떤 버전이 더 심오한데? 키키",
            "speaker": {
              "id": "1번",
              "sex": "여성",
              "age": "20대"
            },
            "speechAct": "(지시) 질문하기",
            "morpheme": "키/NNG+키/VV+음/ETN+~/SY+어떤/MM+버전/NNG+이/JKS+더/MAG+심오/XR+한데/XSA+EF+키/NNG+키/XSV+ETN"
          },
          {
            "id": 6,
            "text": "2 : 지금은 귀찮아서 잘 안하고 예전에 더 했지 키키",
            "norm_text": "지금은 귀찮아서 잘 안하고 예전에 더 했지 키키",
            "speaker": {
              "id": "2번",
              "sex": "여성",
              "age": "20대"
            },
            "speechAct": "(단언) 진술하기",
            "morpheme": "지금/MAG+은/JX+귀찮/VA+아서/EC+잘/MAG+안/MAG+하/VV+고/EC+예전/NNG+에/JKB+더했/VV+EP+지/EC+키/NNG+키/XSV+ETN"
          },
          {
            "id": 7,
            "text": "1 : 근데 나도 예전에는 화장품 쎄트 알아? 그거 다 바름 키키",
            "norm_text": "근데 나도 예전에는 화장품 쎄트 알아? 그거 다 바름 키키",
            "speaker": {
              "id": "1번",
              "sex": "여성",
              "age": "20대"
            },
            "speechAct": "(단언) 진술하기",
            "morpheme": "근데나도예전에는화장품쎄트알아/UNKNOWN+그거/NP+다/MAG+바름/VA+ETN+키/NNG+키/XSV+ETN"
          },
          {
            "id": 8,
            "text": "2 : 아아 화장품 세트로 들어져 있는 거 다 발랐다고?",
            "norm_text": "아아 화장품 세트로 들어져 있는 거 다 발랐다고?",
            "speaker": {
              "id": "2번",
              "sex": "여성",
              "age": "20대"
            },
            "speechAct": "(단언) 주장하기",
            "morpheme": "아아/IC+화장품/NNG+세트/NNG+로/JKB+들/VV+어/EC+져/VX+EC+있/VX+는/ETM+거/NNB+다/MAG+발랐/VV+EP+다고/EF"
          },
          {
            "id": 9,
            "text": "1 : 어 맞아 키키 스킨에서부터 슬리핑 크림? 그거까지 다 바름 키키",
            "norm_text": "어 맞아 키키 스킨에서부터 슬리핑 크림? 그거까지 다 바름 키키",
            "speaker": {
              "id": "1번",
              "sex": "여성",
              "age": "20대"
            },
            "speechAct": "(단언) 진술하기",
            "morpheme": "어맞아키키스킨에서부터슬리핑크림/UNKNOWN+그거/NP+까지/JX+다/MAG+바름/VA+ETN+키/NNG+키/XSV+ETN"
          },
          {
            "id": 10,
            "text": "2 : 아 잘 때 팩 말고 바르는 거 그거 말하는 거구나?",
            "norm_text": "아 잘 때 팩 말고 바르는 거 그거 말하는 거구나?",
            "speaker": {
              "id": "2번",
              "sex": "여성",
              "age": "20대"
            },
            "speechAct": "(단언) 주장하기",
            "morpheme": "아/IC+잘/MAG+때/NNG+팩/MAG+말/VV+고/EC+바르/VV+는/ETM+거/NNB+그거/NP+말/NNG+하/XSV+는/ETM+거/NNB+구나/VCP+EF"
          },
          {
            "id": 11,
            "text": "1 : 어 맞아 키키",
            "norm_text": "어 맞아 키키",
            "speaker": {
              "id": "1번",
              "sex": "여성",
              "age": "20대"
            },
            "speechAct": "(단언) 주장하기",
            "morpheme": "어/IC+맞/VV+아/EC+키/NNG+키/XSV+ETN"
          },
          {
            "id": 12,
            "text": "1 : 근데 나는 지성이라 더 뭐가 나더라!",
            "norm_text": "근데 나는 지성이라 더 뭐가 나더라!",
            "speaker": {
              "id": "1번",
              "sex": "여성",
              "age": "20대"
            },
            "speechAct": "(단언) 주장하기",
            "morpheme": "근데/MAJ+나/NP+는/JX+지성/NNG+이/VCP+라/EC+더/MAG+뭐/NP+가/JKS+나/NP+더라/VCP+EF"
          },
          {
            "id": 13,
            "text": "2 : 그게 뭐야 키키",
            "norm_text": "그게 뭐야 키키",
            "speaker": {
              "id": "2번",
              "sex": "여성",
              "age": "20대"
            },
            "speechAct": "(단언) 주장하기",
            "morpheme": "그게/NP+JKS+뭐/IC+야키/NNP+키/NNG"
          },
          {
            "id": 14,
            "text": "2 : 스킨만 발라야 되는 거 아니야?",
            "norm_text": "스킨만 발라야 되는 거 아니야?",
            "speaker": {
              "id": "2번",
              "sex": "여성",
              "age": "20대"
            },
            "speechAct": "(단언) 주장하기",
            "morpheme": "스킨/NNG+만/JX+발라야/VV+EC+되/VV+는/ETM+거/NNB+아니/VCN+야/EF"
          },
          {
            "id": 15,
            "text": "1 : 키키 맞아 나 그래서 지금은 패드 에센스 수분 크림 끝이야!",
            "norm_text": "키키 맞아 나 그래서 지금은 패드 에센스 수분 크림 끝이야!",
            "speaker": {
              "id": "1번",
              "sex": "여성",
              "age": "20대"
            },
            "speechAct": "(단언) 진술하기",
            "morpheme": "키/NNG+키/XSV+ETN+맞/VV+아나/EC+그래서/MAJ+지금/MAG+은/JX+패드/NNG+에/JKB+센스/NNG+수분/NNG+크림/NNG+끝/NNG+이/VCP+야/EF"
          },
          {
            "id": 16,
            "text": "2 : 패드가 뭐야? 스킨 같은 거?",
            "norm_text": "패드가 뭐야? 스킨 같은 거?",
            "speaker": {
              "id": "2번",
              "sex": "여성",
              "age": "20대"
            },
            "speechAct": "(지시) 질문하기",
            "morpheme": "패드/NNG+가/JKS+뭐/NP+야/VCP+EF+스킨/NNG+같/VA+은/ETM+거/NNB"
          },
          {
            "id": 17,
            "text": "1 : 그 화장솜에 물기 있는 거~",
            "norm_text": "그 화장솜에 물기 있는 거~",
            "speaker": {
              "id": "1번",
              "sex": "여성",
              "age": "20대"
            },
            "speechAct": "(단언) 진술하기",
            "morpheme": "그/MM+화장/NNG+솜/NNG+에/JKB+물/VV+기/ETN+있/VV+는/ETM+거/NNB+~/SY"
          },
          {
            "id": 18,
            "text": "2 : 아 요즘 그거 엄청 뜨는 거 같더라 키키",
            "norm_text": "아 요즘 그거 엄청 뜨는 거 같더라 키키",
            "speaker": {
              "id": "2번",
              "sex": "여성",
              "age": "20대"
            },
            "speechAct": "(단언) 주장하기",
            "morpheme": "아/IC+요즘/MAG+그거/NP+엄청/MAG+뜨/VV+는/ETM+거/NNB+같/VA+더라/EC+키/NNG+키/XSV+ETN"
          }
        ]
      }
    }
  ]
}