{
  "dataset": {
    "identifier": 119557,
    "name": "FACEBOOK_114_17_set",
    "src_path": "/data/file/cubeManager/PROJECT001/80/txt20211103151014094097/FACEBOOK_114_17_set/",
    "label_path": "/data/file/cubeManager/PROJECT001/80/txt20211103151014094097/FACEBOOK_114_17_set/",
    "category": 2,
    "type": 0
  },
  "licenses": {
    "name": "Apache License 1.0",
    "url": "http://www.apache.org/licenses/LICENSE-1.0"
  },
  "info": [
    {
      "id": 134420,
      "filename": "FACEBOOK_114_17.txt",
      "title": "FACEBOOK_114_17",
      "mediatype": "SNS",
      "medianame": "페이스북",
      "category": "일상대화",
      "date": "2021-11-03",
      "size": 366,
      "annotations": {
        "subject": "건강",
        "speaker_type": "1:1",
        "size": 366,
        "word_size": 126,
        "text": "1 : 언니는 지금 시력이 각각 몇이야?\n2 : 나 왼쪽, 오른쪽 다 -5.00 이야\n1 : 오우 키키 그러면 안경은 필수겠네?\n2 : 응 ㅠㅠ 집에 있을 때 항상 안경 끼지\n1 : 마이너스면 압축을 몇 번이나 해야 해?\n2 : 한 3번 정도 하지 않나?\n1 : 와오 키키 안경 값도 만만치 않겠어!\n2 : 키키 그러니까 맨날 연말정산 받아\n1 : 키키 대박 최근에는 언제 맞췄어?\n2 : 한 두 달 전에 한 거 같은데?\n1 : 홀 생각보다 최근에 맞췄네?\n1 : 뭐 때문에?\n2 : 안경이 부러졌어 ㅠㅠ\n2 : 그래서 샀지!\n1 : 오우 ㅜㅜ 안경 쓰고 잤구나? 바보~\n2 : 아니 동생이 내 안경 밟았어!\n1 : 할 키키 안경 값 동생한테 청구해~\n2 : 그래서 걔가 바로 사주더라",
        "lines": [
          {
            "id": 1,
            "text": "1 : 언니는 지금 시력이 각각 몇이야?",
            "norm_text": "언니는 지금 시력이 각각 몇이야?",
            "speaker": {
              "id": "1번",
              "sex": "여성",
              "age": "20대"
            },
            "speechAct": "(지시) 질문하기",
            "morpheme": "언니/NNG+는/JX+지금/MAG+시력/NNG+이/JKS+각각/MAG+몇/MM+이/NP+야/VCP+EF"
          },
          {
            "id": 2,
            "text": "2 : 나 왼쪽, 오른쪽 다 -5.00 이야",
            "norm_text": "나 왼쪽, 오른쪽 다 -5.00 이야",
            "speaker": {
              "id": "2번",
              "sex": "남성",
              "age": "20대"
            },
            "speechAct": "(단언) 진술하기",
            "morpheme": "나/NP+왼쪽/NNG+,/SC+오른쪽/NNG+다/MAG+-/SY+5/SN+./SY+00/SN+이/VCP+야/EC"
          },
          {
            "id": 3,
            "text": "1 : 오우 키키 그러면 안경은 필수겠네?",
            "norm_text": "오우 키키 그러면 안경은 필수겠네?",
            "speaker": {
              "id": "1번",
              "sex": "여성",
              "age": "20대"
            },
            "speechAct": "(지시) 질문하기",
            "morpheme": "오우/IC+키/NNG+키/XSV+ETN+그러/VV+면/EC+안경/NNG+은/JX+필수/NNG+겠/VCP+EP+네/EF"
          },
          {
            "id": 4,
            "text": "2 : 응 ㅠㅠ 집에 있을 때 항상 안경 끼지",
            "norm_text": "응 ㅠㅠ 집에 있을 때 항상 안경 끼지",
            "speaker": {
              "id": "2번",
              "sex": "남성",
              "age": "20대"
            },
            "speechAct": "(단언) 진술하기",
            "morpheme": "응/IC+ㅠㅠ/UNKNOWN+집/NNG+에/JKB+있/VV+을/ETM+때/NNG+항상/MAG+안경/NNG+끼/VV+지/EC"
          },
          {
            "id": 5,
            "text": "1 : 마이너스면 압축을 몇 번이나 해야 해?",
            "norm_text": "마이너스면 압축을 몇 번이나 해야 해?",
            "speaker": {
              "id": "1번",
              "sex": "여성",
              "age": "20대"
            },
            "speechAct": "(지시) 질문하기",
            "morpheme": "마이너스/NNG+면/VCP+EC+압축/NNG+을/JKO+몇/MM+번/NNBC+이나/JX+해야/VV+EC+해/VX+EF"
          },
          {
            "id": 6,
            "text": "2 : 한 3번 정도 하지 않나?",
            "norm_text": "한 3번 정도 하지 않나?",
            "speaker": {
              "id": "2번",
              "sex": "남성",
              "age": "20대"
            },
            "speechAct": "(지시) 질문하기",
            "morpheme": "한/MM+3/SN+번/NNBC+정도/NNG+하/XSV+지/EC+않/VX+나/EF"
          },
          {
            "id": 7,
            "text": "1 : 와오 키키 안경 값도 만만치 않겠어!",
            "norm_text": "와오 키키 안경 값도 만만치 않겠어!",
            "speaker": {
              "id": "1번",
              "sex": "여성",
              "age": "20대"
            },
            "speechAct": "(단언) 주장하기",
            "morpheme": "와오/NNG+키/NNG+키/NNG+안경/NNG+값/NNG+도/JX+만만/XR+치/XSA+EC+않/VX+겠/EP+어/EF"
          },
          {
            "id": 8,
            "text": "2 : 키키 그러니까 맨날 연말정산 받아",
            "norm_text": "키키 그러니까 맨날 연말정산 받아",
            "speaker": {
              "id": "2번",
              "sex": "남성",
              "age": "20대"
            },
            "speechAct": "(단언) 주장하기",
            "morpheme": "키/NNG+키/XSV+ETN+그러니까/MAJ+맨날/MAG+연말/NNG+정산/NNG+받/VV+아/EC"
          },
          {
            "id": 9,
            "text": "1 : 키키 대박 최근에는 언제 맞췄어?",
            "norm_text": "키키 대박 최근에는 언제 맞췄어?",
            "speaker": {
              "id": "1번",
              "sex": "여성",
              "age": "20대"
            },
            "speechAct": "(지시) 질문하기",
            "morpheme": "키/NNG+키/NNG+대박/NNG+최근/NNG+에/JKB+는/JX+언제/MAG+맞췄/VV+EP+어/EF"
          },
          {
            "id": 10,
            "text": "2 : 한 두 달 전에 한 거 같은데?",
            "norm_text": "한 두 달 전에 한 거 같은데?",
            "speaker": {
              "id": "2번",
              "sex": "남성",
              "age": "20대"
            },
            "speechAct": "(지시) 질문하기",
            "morpheme": "한두/MM+달/NNBC+전/NNG+에/JKB+한/VV+ETM+거/NNB+같/VA+은데/EF"
          },
          {
            "id": 11,
            "text": "1 : 홀 생각보다 최근에 맞췄네?",
            "norm_text": "홀 생각보다 최근에 맞췄네?",
            "speaker": {
              "id": "1번",
              "sex": "여성",
              "age": "20대"
            },
            "speechAct": "(지시) 질문하기",
            "morpheme": "홀/NNP+생각/NNG+보다/JKB+최근/NNG+에/JKB+맞췄/VV+EP+네/EF"
          },
          {
            "id": 12,
            "text": "1 : 뭐 때문에?",
            "norm_text": "뭐 때문에?",
            "speaker": {
              "id": "1번",
              "sex": "여성",
              "age": "20대"
            },
            "speechAct": "(지시) 질문하기",
            "morpheme": "뭐/NP+때문/NNB+에/JKB"
          },
          {
            "id": 13,
            "text": "2 : 안경이 부러졌어 ㅠㅠ",
            "norm_text": "안경이 부러졌어 ㅠㅠ",
            "speaker": {
              "id": "2번",
              "sex": "남성",
              "age": "20대"
            },
            "speechAct": "(단언) 진술하기",
            "morpheme": "안경/NNG+이/JKS+부러졌/VV+EP+어/EF+ㅠㅠ/UNKNOWN"
          },
          {
            "id": 14,
            "text": "2 : 그래서 샀지!",
            "norm_text": "그래서 샀지!",
            "speaker": {
              "id": "2번",
              "sex": "남성",
              "age": "20대"
            },
            "speechAct": "(단언) 주장하기",
            "morpheme": "그래서/MAJ+샀/VV+EP+지/EF"
          },
          {
            "id": 15,
            "text": "1 : 오우 ㅜㅜ 안경 쓰고 잤구나? 바보~",
            "norm_text": "오우 ㅜㅜ 안경 쓰고 잤구나? 바보~",
            "speaker": {
              "id": "1번",
              "sex": "여성",
              "age": "20대"
            },
            "speechAct": "(지시) 질문하기",
            "morpheme": "오우ㅜㅜ안경쓰고잤구나/UNKNOWN+바보/NNG+~/SY"
          },
          {
            "id": 16,
            "text": "2 : 아니 동생이 내 안경 밟았어!",
            "norm_text": "아니 동생이 내 안경 밟았어!",
            "speaker": {
              "id": "2번",
              "sex": "남성",
              "age": "20대"
            },
            "speechAct": "(단언) 진술하기",
            "morpheme": "아니/IC+동생/NNG+이/JKS+내/NP+JKG+안경/NNG+밟/VV+았/EP+어/EF"
          },
          {
            "id": 17,
            "text": "1 : 할 키키 안경 값 동생한테 청구해~",
            "norm_text": "할 키키 안경 값 동생한테 청구해~",
            "speaker": {
              "id": "1번",
              "sex": "여성",
              "age": "20대"
            },
            "speechAct": "(단언) 주장하기",
            "morpheme": "할/VV+ETM+키/NNG+키/NNG+안경/NNG+값/NNG+동생/NNG+한테/JKB+청구/NNG+해/XSV+EC+~/SY"
          },
          {
            "id": 18,
            "text": "2 : 그래서 걔가 바로 사주더라",
            "norm_text": "그래서 걔가 바로 사주더라",
            "speaker": {
              "id": "2번",
              "sex": "남성",
              "age": "20대"
            },
            "speechAct": "(단언) 진술하기",
            "morpheme": "그래서/MAJ+걔/NP+가/JKS+바로/MAG+사/VV+EC+주/VX+더라/EC"
          }
        ]
      }
    }
  ]
}