{
  "dataset": {
    "identifier": 114478,
    "name": "FACEBOOK_112_04_set",
    "src_path": "/data/file/cubeManager/PROJECT001/80/txt20211103154237026686/FACEBOOK_112_04_set/",
    "label_path": "/data/file/cubeManager/PROJECT001/80/txt20211103154237026686/FACEBOOK_112_04_set/",
    "category": 2,
    "type": 0
  },
  "licenses": {
    "name": "Apache License 1.0",
    "url": "http://www.apache.org/licenses/LICENSE-1.0"
  },
  "info": [
    {
      "id": 135339,
      "filename": "FACEBOOK_112_04.txt",
      "title": "FACEBOOK_112_04",
      "mediatype": "SNS",
      "medianame": "페이스북",
      "category": "일상대화",
      "date": "2021-11-03",
      "size": 395,
      "annotations": {
        "subject": "회사/아르바이트",
        "speaker_type": "1:1",
        "size": 395,
        "word_size": 138,
        "text": "1 : 언니는 연차 몇 개 있어?\n2 : 우린 열 다섯개 너는?\n1 : 나는 계약직이라 한 달에 한 개씩 나와 키키\n2 : 맞아 근데 한 달에 한 개씩이 맞아\n1 : 근데 정규직은 3개 더 나오는 거잖아!\n2 : 맞아 근데 그것도 일년 지나야지\n1 : 아하 맞다 키키\n1 : 나는 15개 평생 못 쓸듯!\n2 : 키키 왜 너도 이제 자리 잡어야지\n1 : 키키 그렇지,\n1 : 근데 사람 마음대로 되는 게 아니잖아 ㅜ\n2 : 그러다 그냥 시집이나가 그게 좋아\n1 : 키키 오키 좋은 생각이다!\n1 : 나 이제 월차 5개 남았는데 뭐하지?\n2 : 이어서 휴가 가야지 제주도\n1 : 12월에 한꺼번에 쓰면 욕 먹으려나? 키키\n2 : 아니 왜 욕먹어 니 연찬데\n1 : 키키 언니는 연차 지금 몇 개 남았어?\n2 : 나 지금 다섯개 남았어 휴가가야지",
        "lines": [
          {
            "id": 1,
            "text": "1 : 언니는 연차 몇 개 있어?",
            "norm_text": "언니는 연차 몇 개 있어?",
            "speaker": {
              "id": "1번",
              "sex": "여성",
              "age": "20대"
            },
            "speechAct": "(지시) 질문하기",
            "morpheme": "언니/NNG+는/JX+연차/MAG+몇/MM+개/NNBC+있/VA+어/EF"
          },
          {
            "id": 2,
            "text": "2 : 우린 열 다섯개 너는?",
            "norm_text": "우린 열 다섯개 너는?",
            "speaker": {
              "id": "2번",
              "sex": "여성",
              "age": "20대"
            },
            "speechAct": "(지시) 질문하기",
            "morpheme": "우린/NP+JX+열/NR+다섯/NR+개/NNBC+너/NP+는/JX"
          },
          {
            "id": 3,
            "text": "1 : 나는 계약직이라 한 달에 한 개씩 나와 키키",
            "norm_text": "나는 계약직이라 한 달에 한 개씩 나와 키키",
            "speaker": {
              "id": "1번",
              "sex": "여성",
              "age": "20대"
            },
            "speechAct": "(단언) 주장하기",
            "morpheme": "나/NP+는/JX+계약직/NNG+이/VCP+라/EC+한/MM+달/NNG+에/JKB+한/MM+개/NNBC+씩/XSN+나와/VV+EC+키/NNG+키/XSV+ETN"
          },
          {
            "id": 4,
            "text": "2 : 맞아 근데 한 달에 한 개씩이 맞아",
            "norm_text": "맞아 근데 한 달에 한 개씩이 맞아",
            "speaker": {
              "id": "2번",
              "sex": "여성",
              "age": "20대"
            },
            "speechAct": "(단언) 진술하기",
            "morpheme": "맞아/IC+근데/MAJ+한/MM+달/NNG+에/JKB+한/MM+개/NNBC+씩/XSN+이/JKS+맞/VV+아/EC"
          },
          {
            "id": 5,
            "text": "1 : 근데 정규직은 3개 더 나오는 거잖아!",
            "norm_text": "근데 정규직은 3개 더 나오는 거잖아!",
            "speaker": {
              "id": "1번",
              "sex": "여성",
              "age": "20대"
            },
            "speechAct": "(단언) 진술하기",
            "morpheme": "근데/MAJ+정규직/NNG+은/JX+3/SN+개/NNBC+더/MAG+나오/VV+는/ETM+거/NNB+잖아/VCP+EC+VX+EF"
          },
          {
            "id": 6,
            "text": "2 : 맞아 근데 그것도 일년 지나야지",
            "norm_text": "맞아 근데 그것도 일년 지나야지",
            "speaker": {
              "id": "2번",
              "sex": "여성",
              "age": "20대"
            },
            "speechAct": "(단언) 진술하기",
            "morpheme": "맞아/IC+근데/MAJ+그것/NP+도/JX+일/NR+년/NNBC+지나/VV+야지/EC"
          },
          {
            "id": 7,
            "text": "1 : 아하 맞다 키키",
            "norm_text": "아하 맞다 키키",
            "speaker": {
              "id": "1번",
              "sex": "여성",
              "age": "20대"
            },
            "speechAct": "(단언) 주장하기",
            "morpheme": "아하/IC+맞/VV+다/EC+키/NNG+키/XSV+ETN"
          },
          {
            "id": 8,
            "text": "1 : 나는 15개 평생 못 쓸듯!",
            "norm_text": "나는 15개 평생 못 쓸듯!",
            "speaker": {
              "id": "1번",
              "sex": "여성",
              "age": "20대"
            },
            "speechAct": "(단언) 진술하기",
            "morpheme": "나/NP+는/JX+15/SN+개/NNBC+평생/NNG+못쓸/VV+ETM+듯/NNB"
          },
          {
            "id": 9,
            "text": "2 : 키키 왜 너도 이제 자리 잡어야지",
            "norm_text": "키키 왜 너도 이제 자리 잡어야지",
            "speaker": {
              "id": "2번",
              "sex": "여성",
              "age": "20대"
            },
            "speechAct": "(단언) 진술하기",
            "morpheme": "키/NNG+키/XSV+ETN+왜/MAG+너/NP+도/JX+이제/MAG+자리/NNG+잡/VV+어야지/EC"
          },
          {
            "id": 10,
            "text": "1 : 키키 그렇지,",
            "norm_text": "키키 그렇지,",
            "speaker": {
              "id": "1번",
              "sex": "여성",
              "age": "20대"
            },
            "speechAct": "(단언) 주장하기",
            "morpheme": "키/NNG+키/XSV+ETN+그렇/VA+지/EF+,/SC"
          },
          {
            "id": 11,
            "text": "1 : 근데 사람 마음대로 되는 게 아니잖아 ㅜ",
            "norm_text": "근데 사람 마음대로 되는 게 아니잖아 ㅜ",
            "speaker": {
              "id": "1번",
              "sex": "여성",
              "age": "20대"
            },
            "speechAct": "(단언) 진술하기",
            "morpheme": "근데/MAJ+사람/NNG+마음대로/MAG+되/VV+는/ETM+게/NNB+JKC+아니/VCN+잖/EC+아ㅜ/UNKNOWN"
          },
          {
            "id": 12,
            "text": "2 : 그러다 그냥 시집이나가 그게 좋아",
            "norm_text": "그러다 그냥 시집이나가 그게 좋아",
            "speaker": {
              "id": "2번",
              "sex": "여성",
              "age": "20대"
            },
            "speechAct": "(단언) 주장하기",
            "morpheme": "그러/VV+다/EC+그냥/MAG+시집/NNG+이/JKS+나/NP+가/JKS+그게/NP+JKS+좋/VA+아/EC"
          },
          {
            "id": 13,
            "text": "1 : 키키 오키 좋은 생각이다!",
            "norm_text": "키키 오키 좋은 생각이다!",
            "speaker": {
              "id": "1번",
              "sex": "여성",
              "age": "20대"
            },
            "speechAct": "(단언) 주장하기",
            "morpheme": "키키/NNP+오키/NNP+좋/VA+은/ETM+생각/NNG+이/VCP+다/EF"
          },
          {
            "id": 14,
            "text": "1 : 나 이제 월차 5개 남았는데 뭐하지?",
            "norm_text": "나 이제 월차 5개 남았는데 뭐하지?",
            "speaker": {
              "id": "1번",
              "sex": "여성",
              "age": "20대"
            },
            "speechAct": "(단언) 주장하기",
            "morpheme": "나/NP+이제/MAG+월차/NNG+5/SN+개/NNBC+남/VV+았/EP+는데/EC+뭐/IC+하/VV+지/EF"
          },
          {
            "id": 15,
            "text": "2 : 이어서 휴가 가야지 제주도",
            "norm_text": "이어서 휴가 가야지 제주도",
            "speaker": {
              "id": "2번",
              "sex": "여성",
              "age": "20대"
            },
            "speechAct": "(단언) 진술하기",
            "morpheme": "이어서/MAG+휴가/NNG+가/JKS+야지/NNG+제주도/NNP"
          },
          {
            "id": 16,
            "text": "1 : 12월에 한꺼번에 쓰면 욕 먹으려나? 키키",
            "norm_text": "12월에 한꺼번에 쓰면 욕 먹으려나? 키키",
            "speaker": {
              "id": "1번",
              "sex": "여성",
              "age": "20대"
            },
            "speechAct": "(지시) 질문하기",
            "morpheme": "12/SN+월/NNBC+에/JKB+한꺼번에/MAG+쓰/VV+면/EC+욕먹/VV+으려나/EF+키/NNG+키/XSV+ETN"
          },
          {
            "id": 17,
            "text": "2 : 아니 왜 욕먹어 니 연찬데",
            "norm_text": "아니 왜 욕먹어 니 연찬데",
            "speaker": {
              "id": "2번",
              "sex": "여성",
              "age": "20대"
            },
            "speechAct": "(지시) 질문하기",
            "morpheme": "아니/IC+왜/MAG+욕먹/VV+어니/EC+연/VV+ETM+찬데/NNG+VCP+EC"
          },
          {
            "id": 18,
            "text": "1 : 키키 언니는 연차 지금 몇 개 남았어?",
            "norm_text": "키키 언니는 연차 지금 몇 개 남았어?",
            "speaker": {
              "id": "1번",
              "sex": "여성",
              "age": "20대"
            },
            "speechAct": "(지시) 질문하기",
            "morpheme": "키/NNG+키/NNG+언니/NNG+는/JX+연차/MAG+지금/MAG+몇/MM+개/NNBC+남/VV+았/EP+어/EF"
          },
          {
            "id": 19,
            "text": "2 : 나 지금 다섯개 남았어 휴가가야지",
            "norm_text": "나 지금 다섯개 남았어 휴가가야지",
            "speaker": {
              "id": "2번",
              "sex": "여성",
              "age": "20대"
            },
            "speechAct": "(단언) 진술하기",
            "morpheme": "나/NP+지금/MAG+다섯/NR+개/NNBC+남/VV+았/EP+어/EC+휴가/NNG+가/JKS+야지/NNG"
          }
        ]
      }
    }
  ]
}