{
  "dataset": {
    "identifier": 101452,
    "name": "FACEBOOK_115_09_set",
    "src_path": "/data/file/cubeManager/PROJECT001/77/txt20211029153356030753/FACEBOOK_115_09_set/",
    "label_path": "/data/file/cubeManager/PROJECT001/77/txt20211029153356030753/FACEBOOK_115_09_set/",
    "category": 2,
    "type": 0
  },
  "licenses": {
    "name": "Apache License 1.0",
    "url": "http://www.apache.org/licenses/LICENSE-1.0"
  },
  "info": [
    {
      "id": 110957,
      "filename": "FACEBOOK_115_09.txt",
      "title": "FACEBOOK_115_09",
      "mediatype": "SNS",
      "medianame": "페이스북",
      "category": "일상대화",
      "date": "2021-10-29",
      "size": 408,
      "annotations": {
        "subject": "반려동물",
        "speaker_type": "1:1",
        "size": 408,
        "word_size": 148,
        "text": "1 : 진이는 어떤 장난감 좋아해?\n2 : 진이는 지만한 인형 좋아해\n1 : 키키 그렇구나\n1 : 완전 귀엽겠다\n1 : 진이 견종이 어떻게 되지?\n2 : 푸들 키키\n2 : 뽀글 머리 귀여워\n1 : 키키 아 진짜?\n1 : 털 색은 무슨 색이야?\n2 : 갈색이야\n2 : 갈색 인형 옆에 있음 헷갈려\n1 : 키키 완전 귀엽겠다!\n1 : 애기 지금 몇 살이야?\n2 : 귀엽긴 하지\n2 : 지금 이제 두살\n1 : 와 진짜 개린이 때 아니야 그때는!\n2 : 맞아\n2 : 요새 사고 장난 아냐 ㅜㅜ\n1 : 키키 아 진짜?\n1 : 어떤 사고 치는데?\n2 : 매일 물어 뜯고 배변도 못 가리고 ㅜㅜ\n1 : 키키 헐! 대소변 어디에다가 하는데!?\n2 : 매일 화장실 앞 매트에다 해...\n1 : 오우 ㅜㅜ 왜 하필 그런 곳에\n1 : 레몬을 뿌려 봐!\n2 : 레몬 뿌리면 괜찮대?\n2 : 해봐야지",
        "lines": [
          {
            "id": 1,
            "text": "1 : 진이는 어떤 장난감 좋아해?",
            "norm_text": "진이는 어떤 장난감 좋아해?",
            "speaker": {
              "id": "1번",
              "sex": "여성",
              "age": "20대"
            },
            "speechAct": "(지시) 질문하기",
            "morpheme": "진이/NNG+는/JX+어떤/MM+장난감/NNG+좋/VA+아/EC+해/VX+EF"
          },
          {
            "id": 2,
            "text": "2 : 진이는 지만한 인형 좋아해",
            "norm_text": "진이는 지만한 인형 좋아해",
            "speaker": {
              "id": "2번",
              "sex": "여성",
              "age": "20대"
            },
            "speechAct": "(단언) 주장하기",
            "morpheme": "진/NNG+이/VCP+는지/EC+만한/VX+ETM+인형/NNG+좋/VA+아/EC+해/VV+EC"
          },
          {
            "id": 3,
            "text": "1 : 키키 그렇구나",
            "norm_text": "키키 그렇구나",
            "speaker": {
              "id": "1번",
              "sex": "여성",
              "age": "20대"
            },
            "speechAct": "(단언) 주장하기",
            "morpheme": "키/NNG+키/XSV+ETN+그렇/VA+구나/EC"
          },
          {
            "id": 4,
            "text": "1 : 완전 귀엽겠다",
            "norm_text": "완전 귀엽겠다",
            "speaker": {
              "id": "1번",
              "sex": "여성",
              "age": "20대"
            },
            "speechAct": "(단언) 주장하기",
            "morpheme": "완전/MAG+귀엽/VA+겠/EP+다/EC"
          },
          {
            "id": 5,
            "text": "1 : 진이 견종이 어떻게 되지?",
            "norm_text": "진이 견종이 어떻게 되지?",
            "speaker": {
              "id": "1번",
              "sex": "여성",
              "age": "20대"
            },
            "speechAct": "(지시) 질문하기",
            "morpheme": "진/VV+ETM+이견/NNG+종이/NNG+어떻게/MAG+되/VV+지/EF"
          },
          {
            "id": 6,
            "text": "2 : 푸들 키키",
            "norm_text": "푸들 키키",
            "speaker": {
              "id": "2번",
              "sex": "여성",
              "age": "20대"
            },
            "speechAct": "(단언) 주장하기",
            "morpheme": "푸들/NNG+키/NNG+키/XSV+ETN"
          },
          {
            "id": 7,
            "text": "2 : 뽀글 머리 귀여워",
            "norm_text": "뽀글 머리 귀여워",
            "speaker": {
              "id": "2번",
              "sex": "여성",
              "age": "20대"
            },
            "speechAct": "(단언) 주장하기",
            "morpheme": "뽀/MAG+글/NNG+머리/NNG+귀여워/VA+EC"
          },
          {
            "id": 8,
            "text": "1 : 키키 아 진짜?",
            "norm_text": "키키 아 진짜?",
            "speaker": {
              "id": "1번",
              "sex": "여성",
              "age": "20대"
            },
            "speechAct": "(지시) 질문하기",
            "morpheme": "키/NNG+키/VV+아/EC+진짜/MAG"
          },
          {
            "id": 9,
            "text": "1 : 털 색은 무슨 색이야?",
            "norm_text": "털 색은 무슨 색이야?",
            "speaker": {
              "id": "1번",
              "sex": "여성",
              "age": "20대"
            },
            "speechAct": "(지시) 질문하기",
            "morpheme": "털색/NNG+은/JX+무슨/MM+색/NNG+이/VCP+야/EF"
          },
          {
            "id": 10,
            "text": "2 : 갈색이야",
            "norm_text": "갈색이야",
            "speaker": {
              "id": "2번",
              "sex": "여성",
              "age": "20대"
            },
            "speechAct": "(단언) 주장하기",
            "morpheme": "갈색/NNG+이/VCP+야/EC"
          },
          {
            "id": 11,
            "text": "2 : 갈색 인형 옆에 있음 헷갈려",
            "norm_text": "갈색 인형 옆에 있음 헷갈려",
            "speaker": {
              "id": "2번",
              "sex": "여성",
              "age": "20대"
            },
            "speechAct": "(단언) 주장하기",
            "morpheme": "갈색/NNG+인형/NNG+옆/NNG+에/JKB+있/VV+음/ETN+헷갈려/VV+EC"
          },
          {
            "id": 12,
            "text": "1 : 키키 완전 귀엽겠다!",
            "norm_text": "키키 완전 귀엽겠다!",
            "speaker": {
              "id": "1번",
              "sex": "여성",
              "age": "20대"
            },
            "speechAct": "(단언) 주장하기",
            "morpheme": "키/NNG+키/XSV+ETN+완전/MAG+귀엽/VA+겠/EP+다/EF"
          },
          {
            "id": 13,
            "text": "1 : 애기 지금 몇 살이야?",
            "norm_text": "애기 지금 몇 살이야?",
            "speaker": {
              "id": "1번",
              "sex": "여성",
              "age": "20대"
            },
            "speechAct": "(지시) 질문하기",
            "morpheme": "애기/NNG+지금/MAG+몇/MM+살/NNBC+이/VCP+야/EF"
          },
          {
            "id": 14,
            "text": "2 : 귀엽긴 하지",
            "norm_text": "귀엽긴 하지",
            "speaker": {
              "id": "2번",
              "sex": "여성",
              "age": "20대"
            },
            "speechAct": "(단언) 주장하기",
            "morpheme": "귀엽/VA+긴/ETN+JX+하/VX+지/EC"
          },
          {
            "id": 15,
            "text": "2 : 지금 이제 두살",
            "norm_text": "지금 이제 두살",
            "speaker": {
              "id": "2번",
              "sex": "여성",
              "age": "20대"
            },
            "speechAct": "(단언) 주장하기",
            "morpheme": "지금/MAG+이제/MAG+두/MM+살/NNBC"
          },
          {
            "id": 16,
            "text": "1 : 와 진짜 개린이 때 아니야 그때는!",
            "norm_text": "와 진짜 개린이 때 아니야 그때는!",
            "speaker": {
              "id": "1번",
              "sex": "여성",
              "age": "20대"
            },
            "speechAct": "(단언) 주장하기",
            "morpheme": "와/IC+진짜/MAG+개린/NNG+이/JKS+때/NNG+아니/VCN+야/EC+그때/NNG+는/JX"
          },
          {
            "id": 17,
            "text": "2 : 맞아",
            "norm_text": "맞아",
            "speaker": {
              "id": "2번",
              "sex": "여성",
              "age": "20대"
            },
            "speechAct": "(단언) 주장하기",
            "morpheme": "맞/VV+아/EC"
          },
          {
            "id": 18,
            "text": "2 : 요새 사고 장난 아냐 ㅜㅜ",
            "norm_text": "요새 사고 장난 아냐 ㅜㅜ",
            "speaker": {
              "id": "2번",
              "sex": "여성",
              "age": "20대"
            },
            "speechAct": "(단언) 주장하기",
            "morpheme": "요새/NNG+사고/NNG+장난/NNG+아냐/VCN+EF+ㅜㅜ/UNKNOWN"
          },
          {
            "id": 19,
            "text": "1 : 키키 아 진짜?",
            "norm_text": "키키 아 진짜?",
            "speaker": {
              "id": "1번",
              "sex": "여성",
              "age": "20대"
            },
            "speechAct": "(지시) 질문하기",
            "morpheme": "키/NNG+키/VV+아/EC+진짜/MAG"
          },
          {
            "id": 20,
            "text": "1 : 어떤 사고 치는데?",
            "norm_text": "어떤 사고 치는데?",
            "speaker": {
              "id": "1번",
              "sex": "여성",
              "age": "20대"
            },
            "speechAct": "(지시) 질문하기",
            "morpheme": "어떤/MM+사고/NNG+치/VV+는데/EC"
          },
          {
            "id": 21,
            "text": "2 : 매일 물어 뜯고 배변도 못 가리고 ㅜㅜ",
            "norm_text": "매일 물어 뜯고 배변도 못 가리고 ㅜㅜ",
            "speaker": {
              "id": "2번",
              "sex": "여성",
              "age": "20대"
            },
            "speechAct": "(단언) 주장하기",
            "morpheme": "매일/MAG+물어뜯/VV+고/EC+배변/NNG+도/JX+못/MAG+가리/VV+고/EC+ㅜㅜ/UNKNOWN"
          },
          {
            "id": 22,
            "text": "1 : 키키 헐! 대소변 어디에다가 하는데!?",
            "norm_text": "키키 헐! 대소변 어디에다가 하는데!?",
            "speaker": {
              "id": "1번",
              "sex": "여성",
              "age": "20대"
            },
            "speechAct": "(지시) 질문하기",
            "morpheme": "키/NNG+키/NNG+헐/XSV+ETM+!/SY+대소변/NNG+어디/NP+에다가/JKB+하/VV+는데/EC+!/SY"
          },
          {
            "id": 23,
            "text": "2 : 매일 화장실 앞 매트에다 해...",
            "norm_text": "매일 화장실 앞 매트에다 해...",
            "speaker": {
              "id": "2번",
              "sex": "여성",
              "age": "20대"
            },
            "speechAct": "(단언) 주장하기",
            "morpheme": "매일/MAG+화장실/NNG+앞/NNG+매트/NNG+에다/JKB+해/VV+EF+./SY"
          },
          {
            "id": 24,
            "text": "1 : 오우 ㅜㅜ 왜 하필 그런 곳에",
            "norm_text": "오우 ㅜㅜ 왜 하필 그런 곳에",
            "speaker": {
              "id": "1번",
              "sex": "여성",
              "age": "20대"
            },
            "speechAct": "(단언) 주장하기",
            "morpheme": "오우/NNG+ㅜㅜ/UNKNOWN+왜/MAG+하필/MAG+그런/MM+곳/NNG+에/JKB"
          },
          {
            "id": 25,
            "text": "1 : 레몬을 뿌려 봐!",
            "norm_text": "레몬을 뿌려 봐!",
            "speaker": {
              "id": "1번",
              "sex": "여성",
              "age": "20대"
            },
            "speechAct": "(지시) 충고/제안하기",
            "morpheme": "레몬/NNG+을/JKO+뿌려/VV+EC+봐/VX+EF"
          },
          {
            "id": 26,
            "text": "2 : 레몬 뿌리면 괜찮대?",
            "norm_text": "레몬 뿌리면 괜찮대?",
            "speaker": {
              "id": "2번",
              "sex": "여성",
              "age": "20대"
            },
            "speechAct": "(지시) 질문하기",
            "morpheme": "레몬/NNG+뿌리/VV+면/EC+괜찮/VA+대/EF"
          },
          {
            "id": 27,
            "text": "2 : 해봐야지",
            "norm_text": "해봐야지",
            "speaker": {
              "id": "2번",
              "sex": "여성",
              "age": "20대"
            },
            "speechAct": "(단언) 주장하기",
            "morpheme": "해/VV+EC+봐야/VX+EC+VV+지/EC"
          }
        ]
      }
    }
  ]
}