{
  "dataset": {
    "identifier": 104536,
    "name": "FACEBOOK_108_02_set",
    "src_path": "/data/file/cubeManager/PROJECT001/77/txt20211029160805039119/FACEBOOK_108_02_set/",
    "label_path": "/data/file/cubeManager/PROJECT001/77/txt20211029160805039119/FACEBOOK_108_02_set/",
    "category": 2,
    "type": 0
  },
  "licenses": {
    "name": "Apache License 1.0",
    "url": "http://www.apache.org/licenses/LICENSE-1.0"
  },
  "info": [
    {
      "id": 111290,
      "filename": "FACEBOOK_108_02.txt",
      "title": "FACEBOOK_108_02",
      "mediatype": "SNS",
      "medianame": "페이스북",
      "category": "일상대화",
      "date": "2021-10-29",
      "size": 505,
      "annotations": {
        "subject": "주거와 생활",
        "speaker_type": "1:1",
        "size": 505,
        "word_size": 181,
        "text": "1 : 너 지금 룸메랑 사는 곳 계약일은 언제야?\n2 : 계약은 7월 초에 다시 했어!\n1 : 올해 7월에 들어간 거야?\n2 : 어어 맞아\n2 : 그전에는 다른 곳에 있었구\n1 : 그렇구나\n1 : 1년 계약한 거야?\n2 : 어 맞아\n2 : 1년 했어 이번엔\n1 : 내년에 다른 곳으로 갈 생각은 없고?\n2 : 일단은 계속 있을 생각이야\n2 : 이사 비용도 많이 들고 ㅠㅠ\n1 : 그렇구나 키키\n1 : 맞아\n1 : 나도 이사 가려다가 이사비가 만만치 않더라 ㅜ\n2 : 맞아 맞아\n2 : 그리고 요즘엔 집도 별로 없고 비싸더라 ㅠ\n1 : 맞아 ㅜㅜ\n1 :  나 이사 비용 견적만 20만 원 나와서 그냥 있던 집 재계약했어 ㅜㅜ\n2 : 맞아\n2 : 나도 그전에 살 때 계속 그렇게 한 집에 있었던 거 같아\n1 : 차라리 좋은 집을 열심히 찾아보고 구해서 계속 그 곳에 사는 게 나은 거 같아!\n2 : 맞아 ㅠ\n2 : 그리고 직장도 다니면 한 곳이 낫지!\n1 : 맞아 키키\n1 : 하지만 현실은 그게 제일 어렵다는 거~\n2 : 그것도 아주 인정 힘들다 ㅠㅠ",
        "lines": [
          {
            "id": 1,
            "text": "1 : 너 지금 룸메랑 사는 곳 계약일은 언제야?",
            "norm_text": "너 지금 룸메랑 사는 곳 계약일은 언제야?",
            "speaker": {
              "id": "1번",
              "sex": "여성",
              "age": "20대"
            },
            "speechAct": "(지시) 질문하기",
            "morpheme": "너/NP+지금/MAG+룸/NNG+메/NNG+랑/JKB+사/VV+는/ETM+곳/NNG+계/XSN+약일/NNG+은/JX+언제/NP+야/VCP+EF"
          },
          {
            "id": 2,
            "text": "2 : 계약은 7월 초에 다시 했어!",
            "norm_text": "계약은 7월 초에 다시 했어!",
            "speaker": {
              "id": "2번",
              "sex": "여성",
              "age": "20대"
            },
            "speechAct": "(단언) 진술하기",
            "morpheme": "계약/NNG+은/JX+7/SN+월/NNBC+초/NNB+에/JKB+다시/MAG+했/VV+EP+어/EF"
          },
          {
            "id": 3,
            "text": "1 : 올해 7월에 들어간 거야?",
            "norm_text": "올해 7월에 들어간 거야?",
            "speaker": {
              "id": "1번",
              "sex": "여성",
              "age": "20대"
            },
            "speechAct": "(지시) 질문하기",
            "morpheme": "올해/NNG+7/SN+월/NNBC+에/JKB+들어간/VV+ETM+거/NNB+야/VCP+EF"
          },
          {
            "id": 4,
            "text": "2 : 어어 맞아",
            "norm_text": "어어 맞아",
            "speaker": {
              "id": "2번",
              "sex": "여성",
              "age": "20대"
            },
            "speechAct": "(단언) 주장하기",
            "morpheme": "어/IC+어/IC+맞/VV+아/EC"
          },
          {
            "id": 5,
            "text": "2 : 그전에는 다른 곳에 있었구",
            "norm_text": "그전에는 다른 곳에 있었구",
            "speaker": {
              "id": "2번",
              "sex": "여성",
              "age": "20대"
            },
            "speechAct": "(단언) 진술하기",
            "morpheme": "그/MM+전/NNG+에/JKB+는/JX+다른/MM+곳/NNG+에/JKB+있/VV+었/EP+구/EC"
          },
          {
            "id": 6,
            "text": "1 : 그렇구나",
            "norm_text": "그렇구나",
            "speaker": {
              "id": "1번",
              "sex": "여성",
              "age": "20대"
            },
            "speechAct": "(단언) 주장하기",
            "morpheme": "그렇/VA+구나/EC"
          },
          {
            "id": 7,
            "text": "1 : 1년 계약한 거야?",
            "norm_text": "1년 계약한 거야?",
            "speaker": {
              "id": "1번",
              "sex": "여성",
              "age": "20대"
            },
            "speechAct": "(지시) 질문하기",
            "morpheme": "1/SN+년/NNBC+계약/NNG+한/XSA+ETM+거/NNB+야/VCP+EF"
          },
          {
            "id": 8,
            "text": "2 : 어 맞아",
            "norm_text": "어 맞아",
            "speaker": {
              "id": "2번",
              "sex": "여성",
              "age": "20대"
            },
            "speechAct": "(단언) 진술하기",
            "morpheme": "어/IC+맞/VV+아/EC"
          },
          {
            "id": 9,
            "text": "2 : 1년 했어 이번엔",
            "norm_text": "1년 했어 이번엔",
            "speaker": {
              "id": "2번",
              "sex": "여성",
              "age": "20대"
            },
            "speechAct": "(단언) 진술하기",
            "morpheme": "1/SN+년/NNBC+했/VV+EP+어/EC+이번/NNG+엔/JKB+JX"
          },
          {
            "id": 10,
            "text": "1 : 내년에 다른 곳으로 갈 생각은 없고?",
            "norm_text": "내년에 다른 곳으로 갈 생각은 없고?",
            "speaker": {
              "id": "1번",
              "sex": "여성",
              "age": "20대"
            },
            "speechAct": "(지시) 질문하기",
            "morpheme": "내년/NNG+에/JKB+다른/MM+곳/NNG+으로/JKB+갈/VV+ETM+생각/NNG+은/JX+없/VA+고/EC"
          },
          {
            "id": 11,
            "text": "2 : 일단은 계속 있을 생각이야",
            "norm_text": "일단은 계속 있을 생각이야",
            "speaker": {
              "id": "2번",
              "sex": "여성",
              "age": "20대"
            },
            "speechAct": "(단언) 주장하기",
            "morpheme": "일단/MAG+은/JX+계속/MAG+있/VV+을/ETM+생각/NNG+이/VCP+야/EC"
          },
          {
            "id": 12,
            "text": "2 : 이사 비용도 많이 들고 ㅠㅠ",
            "norm_text": "이사 비용도 많이 들고 ㅠㅠ",
            "speaker": {
              "id": "2번",
              "sex": "여성",
              "age": "20대"
            },
            "speechAct": "(단언) 주장하기",
            "morpheme": "이사/NNG+비용/NNG+도/JX+많이/MAG+들/VV+고/EC+ㅠㅠ/UNKNOWN"
          },
          {
            "id": 13,
            "text": "1 : 그렇구나 키키",
            "norm_text": "그렇구나 키키",
            "speaker": {
              "id": "1번",
              "sex": "여성",
              "age": "20대"
            },
            "speechAct": "(단언) 주장하기",
            "morpheme": "그렇/VA+구나/EF+키/NNG+키/XSV+ETN"
          },
          {
            "id": 14,
            "text": "1 : 맞아",
            "norm_text": "맞아",
            "speaker": {
              "id": "1번",
              "sex": "여성",
              "age": "20대"
            },
            "speechAct": "(단언) 주장하기",
            "morpheme": "맞/VV+아/EC"
          },
          {
            "id": 15,
            "text": "1 : 나도 이사 가려다가 이사비가 만만치 않더라 ㅜ",
            "norm_text": "나도 이사 가려다가 이사비가 만만치 않더라 ㅜ",
            "speaker": {
              "id": "1번",
              "sex": "여성",
              "age": "20대"
            },
            "speechAct": "(단언) 주장하기",
            "morpheme": "나/NP+도/JX+이사/NNG+가/VV+려다가/EC+이사비/NNP+가/JKS+만만/XR+치/XSA+EC+않/VX+더라/EF+ㅜ/UNKNOWN"
          },
          {
            "id": 16,
            "text": "2 : 맞아 맞아",
            "norm_text": "맞아 맞아",
            "speaker": {
              "id": "2번",
              "sex": "여성",
              "age": "20대"
            },
            "speechAct": "(단언) 주장하기",
            "morpheme": "맞/VV+아/EC+맞/VV+아/EC"
          },
          {
            "id": 17,
            "text": "2 : 그리고 요즘엔 집도 별로 없고 비싸더라 ㅠ",
            "norm_text": "그리고 요즘엔 집도 별로 없고 비싸더라 ㅠ",
            "speaker": {
              "id": "2번",
              "sex": "여성",
              "age": "20대"
            },
            "speechAct": "(단언) 주장하기",
            "morpheme": "그리고/MAJ+요즘/NNG+엔/JKB+JX+집/NNG+도/JX+별로/MAG+없/VA+고/EC+비싸/VA+더라/EF+ㅠ/UNKNOWN"
          },
          {
            "id": 18,
            "text": "1 : 맞아 ㅜㅜ",
            "norm_text": "맞아 ㅜㅜ",
            "speaker": {
              "id": "1번",
              "sex": "여성",
              "age": "20대"
            },
            "speechAct": "(단언) 주장하기",
            "morpheme": "맞아ㅜㅜ/UNKNOWN"
          },
          {
            "id": 19,
            "text": "1 :  나 이사 비용 견적만 20만 원 나와서 그냥 있던 집 재계약했어 ㅜㅜ",
            "norm_text": "나 이사 비용 견적만 20만 원 나와서 그냥 있던 집 재계약했어 ㅜㅜ",
            "speaker": {
              "id": "1번",
              "sex": "여성",
              "age": "20대"
            },
            "speechAct": "(단언) 진술하기",
            "morpheme": "나/NP+이사/JX+비용/NNG+견적/NNG+만/JX+20/SN+만원나와서그냥있던집재계약했어ㅜㅜ/UNKNOWN"
          },
          {
            "id": 20,
            "text": "2 : 맞아",
            "norm_text": "맞아",
            "speaker": {
              "id": "2번",
              "sex": "여성",
              "age": "20대"
            },
            "speechAct": "(단언) 주장하기",
            "morpheme": "맞/VV+아/EC"
          },
          {
            "id": 21,
            "text": "2 : 나도 그전에 살 때 계속 그렇게 한 집에 있었던 거 같아",
            "norm_text": "나도 그전에 살 때 계속 그렇게 한 집에 있었던 거 같아",
            "speaker": {
              "id": "2번",
              "sex": "여성",
              "age": "20대"
            },
            "speechAct": "(단언) 주장하기",
            "morpheme": "나/NP+도/JX+그/MM+전/NNG+에/JKB+살/VV+ETM+때/NNG+계속/MAG+그렇게/MAG+한/MM+집/NNG+에/JKB+있/VV+었/EP+던/ETM+거/NNB+같/VA+아/EC"
          },
          {
            "id": 22,
            "text": "1 : 차라리 좋은 집을 열심히 찾아보고 구해서 계속 그 곳에 사는 게 나은 거 같아!",
            "norm_text": "차라리 좋은 집을 열심히 찾아보고 구해서 계속 그 곳에 사는 게 나은 거 같아!",
            "speaker": {
              "id": "1번",
              "sex": "여성",
              "age": "20대"
            },
            "speechAct": "(단언) 주장하기",
            "morpheme": "차라리/MAG+좋/VA+은/ETM+집/NNG+을/JKO+열심히/MAG+찾아보/VV+고/EC+구해서/VV+EC+계속/MAG+그곳/NP+에/JKB+사/VV+는/ETM+게/NNB+JKS+나/VA+은/ETM+거/NNB+같/VA+아/EF"
          },
          {
            "id": 23,
            "text": "2 : 맞아 ㅠ",
            "norm_text": "맞아 ㅠ",
            "speaker": {
              "id": "2번",
              "sex": "여성",
              "age": "20대"
            },
            "speechAct": "(단언) 주장하기",
            "morpheme": "맞아ㅠ/UNKNOWN"
          },
          {
            "id": 24,
            "text": "2 : 그리고 직장도 다니면 한 곳이 낫지!",
            "norm_text": "그리고 직장도 다니면 한 곳이 낫지!",
            "speaker": {
              "id": "2번",
              "sex": "여성",
              "age": "20대"
            },
            "speechAct": "(단언) 주장하기",
            "morpheme": "그리고/MAJ+직장/NNG+도/JX+다니/VV+면/EC+한/MM+곳/NNG+이/JKS+낫/VA+지/EF"
          },
          {
            "id": 25,
            "text": "1 : 맞아 키키",
            "norm_text": "맞아 키키",
            "speaker": {
              "id": "1번",
              "sex": "여성",
              "age": "20대"
            },
            "speechAct": "(단언) 주장하기",
            "morpheme": "맞/VV+아/EC+키/NNG+키/XSV+ETN"
          },
          {
            "id": 26,
            "text": "1 : 하지만 현실은 그게 제일 어렵다는 거~",
            "norm_text": "하지만 현실은 그게 제일 어렵다는 거~",
            "speaker": {
              "id": "1번",
              "sex": "여성",
              "age": "20대"
            },
            "speechAct": "(단언) 주장하기",
            "morpheme": "하지만/MAJ+현실/NNG+은/JX+그게/NP+JKS+제일/MAG+어렵/VA+다는/ETM+거/NNB+~/SY"
          },
          {
            "id": 27,
            "text": "2 : 그것도 아주 인정 힘들다 ㅠㅠ",
            "norm_text": "그것도 아주 인정 힘들다 ㅠㅠ",
            "speaker": {
              "id": "2번",
              "sex": "여성",
              "age": "20대"
            },
            "speechAct": "(단언) 주장하기",
            "morpheme": "그것/NP+도/JX+아주/MAG+인정/NNG+힘들/VA+다/EF+ㅠㅠ/UNKNOWN"
          }
        ]
      }
    }
  ]
}