{
  "dataset": {
    "identifier": 99687,
    "name": "FACEBOOK_101_13_set",
    "src_path": "/data/file/cubeManager/PROJECT001/77/txt20211027152210048475/FACEBOOK_101_13_set/",
    "label_path": "/data/file/cubeManager/PROJECT001/77/txt20211027152210048475/FACEBOOK_101_13_set/",
    "category": 2,
    "type": 0
  },
  "licenses": {
    "name": "Apache License 1.0",
    "url": "http://www.apache.org/licenses/LICENSE-1.0"
  },
  "info": [
    {
      "id": 99354,
      "filename": "FACEBOOK_101_13.txt",
      "title": "FACEBOOK_101_13",
      "mediatype": "SNS",
      "medianame": "페이스북",
      "category": "일상대화",
      "date": "2021-10-27",
      "size": 529,
      "annotations": {
        "subject": "계절/날씨",
        "speaker_type": "1:1",
        "size": 529,
        "word_size": 184,
        "text": "1 : 와 오늘 분명히 날씨 풀린다고 그랬는데?\n2 : 와 진짜 개추웠지\n2 : 패딩 꺼내자\n1 : 키키 나 패딩 논산집에서 안 가져왔단 말이야!\n2 : 나도 아직 안 가져왔어\n2 : 다담주에 갖고 와야지\n1 : 키키 어 언니도 다 담주에 가?\n1 : 나도! 막주에 가!\n2 : 그때 갖고 와야지 안 그럼 얼어 죽어 키키\n1 : 키키 맞아\n1 : 나 얇은 트랜치 코트 가져왔는데 꺼내지도 못함,\n2 : 오늘도 패딩 입고 다니더라 사람들 키키\n2 : 코트 못입을듯\n1 : 맞아 키키\n1 : 나 그래서 이번에 조끼 베스트 하나 장만했어,\n2 : 키키 와 나도 사야 되는데 요새 갑자기 추워져서 옷 입기 애매\n1 : 맞아 ㅜㅜ\n1 : 나 그래도 두꺼운 코트 있어서 이거 입었는데 아침에는 그래도 춥더라!\n2 : 잘 때 전기장판 틀구 자야 돼\n1 : 맞아 키키\n1 : 나  이미 2도로 틀어놨어!\n2 : 키키 나도 이미 틀고 잔다\n2 : 안 틀면 얼어 죽어\n1 : 키키 맞아\n1 : 그리고 감기 걸리면 요즘에는 코로나 검사해서 감기 절대 걸리면 안 돼!\n2 : 그래도 위드 코로나래자나\n2 : 만나자",
        "lines": [
          {
            "id": 1,
            "text": "1 : 와 오늘 분명히 날씨 풀린다고 그랬는데?",
            "norm_text": "와 오늘 분명히 날씨 풀린다고 그랬는데?",
            "speaker": {
              "id": "1번",
              "sex": "여성",
              "age": "20대"
            },
            "speechAct": "(단언) 주장하기",
            "morpheme": "와/IC+오늘/MAG+분명히/MAG+날씨/NNG+풀린다고/VV+EC+그랬/VV+EP+는데/EF"
          },
          {
            "id": 2,
            "text": "2 : 와 진짜 개추웠지",
            "norm_text": "와 진짜 개추웠지",
            "speaker": {
              "id": "2번",
              "sex": "여성",
              "age": "20대"
            },
            "speechAct": "(단언) 주장하기",
            "morpheme": "와/IC+진짜/MAG+개/NNG+추웠/VA+EP+지/EC"
          },
          {
            "id": 3,
            "text": "2 : 패딩 꺼내자",
            "norm_text": "패딩 꺼내자",
            "speaker": {
              "id": "2번",
              "sex": "여성",
              "age": "20대"
            },
            "speechAct": "(지시) 충고/제안하기",
            "morpheme": "패딩/NNG+꺼내/VV+자/EC"
          },
          {
            "id": 4,
            "text": "1 : 키키 나 패딩 논산집에서 안 가져왔단 말이야!",
            "norm_text": "키키 나 패딩 논산집에서 안 가져왔단 말이야!",
            "speaker": {
              "id": "1번",
              "sex": "여성",
              "age": "20대"
            },
            "speechAct": "(단언) 진술하기",
            "morpheme": "키/NNG+키나/XSA+ETN+JX+패딩/NNG+논산/NNP+집/NNG+에서/JKB+안/MAG+가져왔/VV+EP+단/ETM+말/NNG+이/VCP+야/EF"
          },
          {
            "id": 5,
            "text": "2 : 나도 아직 안 가져왔어",
            "norm_text": "나도 아직 안 가져왔어",
            "speaker": {
              "id": "2번",
              "sex": "여성",
              "age": "20대"
            },
            "speechAct": "(단언) 진술하기",
            "morpheme": "나/NP+도/JX+아직/MAG+안/MAG+가져왔/VV+EP+어/EC"
          },
          {
            "id": 6,
            "text": "2 : 다담주에 갖고 와야지",
            "norm_text": "다담주에 갖고 와야지",
            "speaker": {
              "id": "2번",
              "sex": "여성",
              "age": "20대"
            },
            "speechAct": "(단언) 주장하기",
            "morpheme": "다/MAG+담주/NNP+에/JKB+갖/VV+고/EC+와야지/VX+EC"
          },
          {
            "id": 7,
            "text": "1 : 키키 어 언니도 다 담주에 가?",
            "norm_text": "키키 어 언니도 다 담주에 가?",
            "speaker": {
              "id": "1번",
              "sex": "여성",
              "age": "20대"
            },
            "speechAct": "(지시) 질문하기",
            "morpheme": "키/NNG+키어/NNG+언니/NNG+도/JX+다/MAG+담주/NNP+에/JKB+가/VV+EF"
          },
          {
            "id": 8,
            "text": "1 : 나도! 막주에 가!",
            "norm_text": "나도! 막주에 가!",
            "speaker": {
              "id": "1번",
              "sex": "여성",
              "age": "20대"
            },
            "speechAct": "(단언) 주장하기",
            "morpheme": "나/NP+도/JX+막/MAJ+주/NNG+에/JKB+가/VV+EF"
          },
          {
            "id": 9,
            "text": "2 : 그때 갖고 와야지 안 그럼 얼어 죽어 키키",
            "norm_text": "그때 갖고 와야지 안 그럼 얼어 죽어 키키",
            "speaker": {
              "id": "2번",
              "sex": "여성",
              "age": "20대"
            },
            "speechAct": "(단언) 주장하기",
            "morpheme": "그때/NNG+갖/VV+고/EC+와야지/VX+EC+안/MAG+그럼/VV+EC+얼/VV+어/EC+죽/VV+어/EC+키/NNG+키/XSV+ETN"
          },
          {
            "id": 10,
            "text": "1 : 키키 맞아",
            "norm_text": "키키 맞아",
            "speaker": {
              "id": "1번",
              "sex": "여성",
              "age": "20대"
            },
            "speechAct": "(단언) 주장하기",
            "morpheme": "키/NNG+키/XSV+ETN+맞/VV+아/EC"
          },
          {
            "id": 11,
            "text": "1 : 나 얇은 트랜치 코트 가져왔는데 꺼내지도 못함,",
            "norm_text": "나 얇은 트랜치 코트 가져왔는데 꺼내지도 못함,",
            "speaker": {
              "id": "1번",
              "sex": "여성",
              "age": "20대"
            },
            "speechAct": "(단언) 주장하기",
            "morpheme": "나얇은트랜치코트가져왔는데꺼내지도못함/UNKNOWN+,/SC"
          },
          {
            "id": 12,
            "text": "2 : 오늘도 패딩 입고 다니더라 사람들 키키",
            "norm_text": "오늘도 패딩 입고 다니더라 사람들 키키",
            "speaker": {
              "id": "2번",
              "sex": "여성",
              "age": "20대"
            },
            "speechAct": "(단언) 진술하기",
            "morpheme": "오늘/NNG+도/JX+패딩/NNG+입/VV+고/EC+다니/VV+더라/EC+사람/NNG+들/XSN+키/NNG+키/XSV+ETN"
          },
          {
            "id": 13,
            "text": "2 : 코트 못입을듯",
            "norm_text": "코트 못입을듯",
            "speaker": {
              "id": "2번",
              "sex": "여성",
              "age": "20대"
            },
            "speechAct": "(단언) 주장하기",
            "morpheme": "코트/NNG+못/MAG+입/VV+을/ETM+듯/NNB"
          },
          {
            "id": 14,
            "text": "1 : 맞아 키키",
            "norm_text": "맞아 키키",
            "speaker": {
              "id": "1번",
              "sex": "여성",
              "age": "20대"
            },
            "speechAct": "(단언) 주장하기",
            "morpheme": "맞/VV+아/EC+키/NNG+키/XSV+ETN"
          },
          {
            "id": 15,
            "text": "1 : 나 그래서 이번에 조끼 베스트 하나 장만했어,",
            "norm_text": "나 그래서 이번에 조끼 베스트 하나 장만했어,",
            "speaker": {
              "id": "1번",
              "sex": "여성",
              "age": "20대"
            },
            "speechAct": "(단언) 주장하기",
            "morpheme": "나/NP+그래서/MAJ+이번/NNG+에/JKB+조끼/NNG+베스트/NNG+하나/NR+장만/NNG+했/XSV+EP+어/EF+,/SC"
          },
          {
            "id": 16,
            "text": "2 : 키키 와 나도 사야 되는데 요새 갑자기 추워져서 옷 입기 애매",
            "norm_text": "키키 와 나도 사야 되는데 요새 갑자기 추워져서 옷 입기 애매",
            "speaker": {
              "id": "2번",
              "sex": "여성",
              "age": "20대"
            },
            "speechAct": "(단언) 주장하기",
            "morpheme": "키/NNG+키/XSV+ETN+와/JC+나/NP+도/JX+사/VV+야/EC+되/VV+는데/EC+요새/MAG+갑자기/MAG+추워져서/VA+EC+VX+EC+옷/NNG+입기/NNG+애매/NNG"
          },
          {
            "id": 17,
            "text": "1 : 맞아 ㅜㅜ",
            "norm_text": "맞아 ㅜㅜ",
            "speaker": {
              "id": "1번",
              "sex": "여성",
              "age": "20대"
            },
            "speechAct": "(단언) 주장하기",
            "morpheme": "맞아ㅜㅜ/UNKNOWN"
          },
          {
            "id": 18,
            "text": "1 : 나 그래도 두꺼운 코트 있어서 이거 입었는데 아침에는 그래도 춥더라!",
            "norm_text": "나 그래도 두꺼운 코트 있어서 이거 입었는데 아침에는 그래도 춥더라!",
            "speaker": {
              "id": "1번",
              "sex": "여성",
              "age": "20대"
            },
            "speechAct": "(단언) 주장하기",
            "morpheme": "나/NP+그래도/VV+EC+두꺼운/VA+ETM+코트/NNG+있/VV+어서/EC+이거/NP+입/VV+었/EP+는데/EC+아침/NNG+에/JKB+는/JX+그래도/VV+EC+춥/VA+더라/EF"
          },
          {
            "id": 19,
            "text": "2 : 잘 때 전기장판 틀구 자야 돼",
            "norm_text": "잘 때 전기장판 틀구 자야 돼",
            "speaker": {
              "id": "2번",
              "sex": "여성",
              "age": "20대"
            },
            "speechAct": "(단언) 주장하기",
            "morpheme": "잘/MAG+때/NNG+전기장판/NNG+틀/VV+구/EC+자야/NNG+돼/XSV+EC"
          },
          {
            "id": 20,
            "text": "1 : 맞아 키키",
            "norm_text": "맞아 키키",
            "speaker": {
              "id": "1번",
              "sex": "여성",
              "age": "20대"
            },
            "speechAct": "(단언) 주장하기",
            "morpheme": "맞/VV+아/EC+키/NNG+키/XSV+ETN"
          },
          {
            "id": 21,
            "text": "1 : 나  이미 2도로 틀어놨어!",
            "norm_text": "나  이미 2도로 틀어놨어!",
            "speaker": {
              "id": "1번",
              "sex": "여성",
              "age": "20대"
            },
            "speechAct": "(단언) 진술하기",
            "morpheme": "나/NP+이미/MAG+2/SN+도/NNBC+로/JKB+틀/VV+어/EC+놨/VX+EP+어/EF"
          },
          {
            "id": 22,
            "text": "2 : 키키 나도 이미 틀고 잔다",
            "norm_text": "키키 나도 이미 틀고 잔다",
            "speaker": {
              "id": "2번",
              "sex": "여성",
              "age": "20대"
            },
            "speechAct": "(단언) 주장하기",
            "morpheme": "키/NNG+키나/XSA+ETN+JX+도/JX+이미/MAG+틀/VV+고/EC+잔다/VV+EC"
          },
          {
            "id": 23,
            "text": "2 : 안 틀면 얼어 죽어",
            "norm_text": "안 틀면 얼어 죽어",
            "speaker": {
              "id": "2번",
              "sex": "여성",
              "age": "20대"
            },
            "speechAct": "(단언) 주장하기",
            "morpheme": "안/MAG+틀/VV+면/EC+얼/VV+어/EC+죽/VV+어/EC"
          },
          {
            "id": 24,
            "text": "1 : 키키 맞아",
            "norm_text": "키키 맞아",
            "speaker": {
              "id": "1번",
              "sex": "여성",
              "age": "20대"
            },
            "speechAct": "(단언) 주장하기",
            "morpheme": "키/NNG+키/XSV+ETN+맞/VV+아/EC"
          },
          {
            "id": 25,
            "text": "1 : 그리고 감기 걸리면 요즘에는 코로나 검사해서 감기 절대 걸리면 안 돼!",
            "norm_text": "그리고 감기 걸리면 요즘에는 코로나 검사해서 감기 절대 걸리면 안 돼!",
            "speaker": {
              "id": "1번",
              "sex": "여성",
              "age": "20대"
            },
            "speechAct": "(단언) 주장하기",
            "morpheme": "그리고/MAJ+감기/NNG+걸리/VV+면/EC+요즘/NNG+에/JKB+는/JX+코로나/NNG+검사/NNG+해서/XSV+EC+감기/NNG+절대/MAG+걸리/VV+면/EC+안/MAG+돼/VV+EF"
          },
          {
            "id": 26,
            "text": "2 : 그래도 위드 코로나래자나",
            "norm_text": "그래도 위드 코로나래자나",
            "speaker": {
              "id": "2번",
              "sex": "여성",
              "age": "20대"
            },
            "speechAct": "(단언) 주장하기",
            "morpheme": "그래도/MAJ+위드/NNP+코/NNG+로/JKB+나래/NNG+자나/NNG"
          },
          {
            "id": 27,
            "text": "2 : 만나자",
            "norm_text": "만나자",
            "speaker": {
              "id": "2번",
              "sex": "여성",
              "age": "20대"
            },
            "speechAct": "(지시) 충고/제안하기",
            "morpheme": "만나/VV+자/EC"
          }
        ]
      }
    }
  ]
}