{
  "dataset": {
    "identifier": 117613,
    "name": "FACEBOOK_102_02_set",
    "src_path": "/data/file/cubeManager/PROJECT001/77/txt20211028144832005485/FACEBOOK_102_02_set/",
    "label_path": "/data/file/cubeManager/PROJECT001/77/txt20211028144832005485/FACEBOOK_102_02_set/",
    "category": 2,
    "type": 0
  },
  "licenses": {
    "name": "Apache License 1.0",
    "url": "http://www.apache.org/licenses/LICENSE-1.0"
  },
  "info": [
    {
      "id": 100307,
      "filename": "FACEBOOK_102_02.txt",
      "title": "FACEBOOK_102_02",
      "mediatype": "SNS",
      "medianame": "페이스북",
      "category": "일상대화",
      "date": "2021-10-28",
      "size": 517,
      "annotations": {
        "subject": "주거와 생활",
        "speaker_type": "1:1",
        "size": 517,
        "word_size": 184,
        "text": "1 : 작은엄마 요즘에 쌀통 좋은 거 나오던데 알고 있어?\n2 : 그래?\n2 : 쌀통 하나 사야 해\n2 : 나방이 자꾸 생겨\n1 : 키키 맞아\n1 : 이거는 가전제품 같이 나왔어!\n2 : 우와 자동 쌀통인 겨?\n2 : 대박이네\n1 : 이거 홈쇼핑에서 나온 건데 진짜 가격도 괜찮고 기능도 좋아\n2 : 아 그래?\n2 : 그건 가격대가 얼마나 하는데?\n1 : 이거 내가 알기로 20만 원이라고 알고 있어!\n2 : 너무 비싼 걸 ㅠㅠ\n2 : 그러면 그냥 쓰는 게 낫겠어\n1 : 아니야\n1 : 이거 반영구적으로 쓰는 거니까 가격 저렴한 거야!\n2 : 그런가?\n2 : 주변에 혹시 쓰는 사람 있어?\n1 : 우리 집 쓰고 있잖아!\n1 : 진짜 좋아!\n1 : 이거 쌀도 잘 안 삭어!\n2 : 아 진짜?\n2 : 몰랐네 하하\n2 : 한번 더 알아보고 시켜보게\n1 : 키키 어 이거 나방도 안 생기고 품질도 변질 안 되게 도와줌!\n2 : 나방 때문에 고생하는데 필요하다 증말\n1 : 키키 맞아\n1 : 나방 지금 알 깔 시기잖아 ㅜ\n2 : 응 완전 고생 중이야 ㅠㅠ\n2 : 트랩 놔도 소용이 없어",
        "lines": [
          {
            "id": 1,
            "text": "1 : 작은엄마 요즘에 쌀통 좋은 거 나오던데 알고 있어?",
            "norm_text": "작은엄마 요즘에 쌀통 좋은 거 나오던데 알고 있어?",
            "speaker": {
              "id": "1번",
              "sex": "여성",
              "age": "20대"
            },
            "speechAct": "(지시) 질문하기",
            "morpheme": "작/VA+은/ETM+엄마/NNG+요즘/NNG+에/JKB+쌀통/NNG+좋/VA+은/ETM+거/NNB+나오/VV+던데/EC+알/VV+고/EC+있/VX+어/EF"
          },
          {
            "id": 2,
            "text": "2 : 그래?",
            "norm_text": "그래?",
            "speaker": {
              "id": "2번",
              "sex": "여성",
              "age": "40대"
            },
            "speechAct": "(지시) 질문하기",
            "morpheme": "그래/IC"
          },
          {
            "id": 3,
            "text": "2 : 쌀통 하나 사야 해",
            "norm_text": "쌀통 하나 사야 해",
            "speaker": {
              "id": "2번",
              "sex": "여성",
              "age": "40대"
            },
            "speechAct": "(단언) 주장하기",
            "morpheme": "쌀통/NNG+하나/NR+사/NR+야해/VA+EC"
          },
          {
            "id": 4,
            "text": "2 : 나방이 자꾸 생겨",
            "norm_text": "나방이 자꾸 생겨",
            "speaker": {
              "id": "2번",
              "sex": "여성",
              "age": "40대"
            },
            "speechAct": "(단언) 진술하기",
            "morpheme": "나방/NNG+이/JKS+자꾸/MAG+생겨/VV+EC"
          },
          {
            "id": 5,
            "text": "1 : 키키 맞아",
            "norm_text": "키키 맞아",
            "speaker": {
              "id": "1번",
              "sex": "여성",
              "age": "20대"
            },
            "speechAct": "(단언) 주장하기",
            "morpheme": "키/NNG+키/XSV+ETN+맞/VV+아/EC"
          },
          {
            "id": 6,
            "text": "1 : 이거는 가전제품 같이 나왔어!",
            "norm_text": "이거는 가전제품 같이 나왔어!",
            "speaker": {
              "id": "1번",
              "sex": "여성",
              "age": "20대"
            },
            "speechAct": "(단언) 진술하기",
            "morpheme": "이거/NP+는/JX+가전제품/NNG+같이/JKB+나왔/VV+EP+어/EF"
          },
          {
            "id": 7,
            "text": "2 : 우와 자동 쌀통인 겨?",
            "norm_text": "우와 자동 쌀통인 겨?",
            "speaker": {
              "id": "2번",
              "sex": "여성",
              "age": "40대"
            },
            "speechAct": "(지시) 질문하기",
            "morpheme": "우와/IC+자동/NNG+쌀통/NNG+인겨/VCP+EF"
          },
          {
            "id": 8,
            "text": "2 : 대박이네",
            "norm_text": "대박이네",
            "speaker": {
              "id": "2번",
              "sex": "여성",
              "age": "40대"
            },
            "speechAct": "(표현) 긍정감정 표현하기",
            "morpheme": "대박/NNG+이/VCP+네/EC"
          },
          {
            "id": 9,
            "text": "1 : 이거 홈쇼핑에서 나온 건데 진짜 가격도 괜찮고 기능도 좋아",
            "norm_text": "이거 홈쇼핑에서 나온 건데 진짜 가격도 괜찮고 기능도 좋아",
            "speaker": {
              "id": "1번",
              "sex": "여성",
              "age": "20대"
            },
            "speechAct": "(단언) 주장하기",
            "morpheme": "이거/NP+홈/NNG+쇼핑/NNG+에서/JKB+나온/VV+ETM+건데/NNB+VCP+EC+진짜/MAG+가격/NNG+도/JX+괜찮/VA+고/EC+기능/NNG+도/JX+좋/VA+아/EC"
          },
          {
            "id": 10,
            "text": "2 : 아 그래?",
            "norm_text": "아 그래?",
            "speaker": {
              "id": "2번",
              "sex": "여성",
              "age": "40대"
            },
            "speechAct": "(지시) 질문하기",
            "morpheme": "아/IC+그래/IC"
          },
          {
            "id": 11,
            "text": "2 : 그건 가격대가 얼마나 하는데?",
            "norm_text": "그건 가격대가 얼마나 하는데?",
            "speaker": {
              "id": "2번",
              "sex": "여성",
              "age": "40대"
            },
            "speechAct": "(지시) 질문하기",
            "morpheme": "그건/NP+JX+가격대/NNG+가/JKS+얼마나/MAG+하/VV+는데/EC"
          },
          {
            "id": 12,
            "text": "1 : 이거 내가 알기로 20만 원이라고 알고 있어!",
            "norm_text": "이거 내가 알기로 20만 원이라고 알고 있어!",
            "speaker": {
              "id": "1번",
              "sex": "여성",
              "age": "20대"
            },
            "speechAct": "(단언) 진술하기",
            "morpheme": "이거/NP+내/NP+가/JKS+알/VV+기/ETN+로/JKB+20/SN+만/NR+원/NNBC+이/VCP+라고/EC+알/VV+고/EC+있/VX+어/EF"
          },
          {
            "id": 13,
            "text": "2 : 너무 비싼 걸 ㅠㅠ",
            "norm_text": "너무 비싼 걸 ㅠㅠ",
            "speaker": {
              "id": "2번",
              "sex": "여성",
              "age": "40대"
            },
            "speechAct": "(단언) 주장하기",
            "morpheme": "너무/MAG+비싼/VA+ETM+걸/NNB+JKO+ㅠㅠ/UNKNOWN"
          },
          {
            "id": 14,
            "text": "2 : 그러면 그냥 쓰는 게 낫겠어",
            "norm_text": "그러면 그냥 쓰는 게 낫겠어",
            "speaker": {
              "id": "2번",
              "sex": "여성",
              "age": "40대"
            },
            "speechAct": "(단언) 주장하기",
            "morpheme": "그러면/MAJ+그냥/MAG+쓰/VV+는/ETM+게/NNB+JKS+낫/VA+겠/EP+어/EC"
          },
          {
            "id": 15,
            "text": "1 : 아니야",
            "norm_text": "아니야",
            "speaker": {
              "id": "1번",
              "sex": "여성",
              "age": "20대"
            },
            "speechAct": "(단언) 주장하기",
            "morpheme": "아니/VCN+야/EC"
          },
          {
            "id": 16,
            "text": "1 : 이거 반영구적으로 쓰는 거니까 가격 저렴한 거야!",
            "norm_text": "이거 반영구적으로 쓰는 거니까 가격 저렴한 거야!",
            "speaker": {
              "id": "1번",
              "sex": "여성",
              "age": "20대"
            },
            "speechAct": "(단언) 주장하기",
            "morpheme": "이거/NP+반영구/NNG+적/XSN+으로/JKB+쓰/VV+는/ETM+거/NNB+니까/VCP+EC+가격/NNG+저렴/XR+한/XSA+ETM+거/NNB+야/VCP+EF"
          },
          {
            "id": 17,
            "text": "2 : 그런가?",
            "norm_text": "그런가?",
            "speaker": {
              "id": "2번",
              "sex": "여성",
              "age": "40대"
            },
            "speechAct": "(지시) 질문하기",
            "morpheme": "그런가/VA+EF"
          },
          {
            "id": 18,
            "text": "2 : 주변에 혹시 쓰는 사람 있어?",
            "norm_text": "주변에 혹시 쓰는 사람 있어?",
            "speaker": {
              "id": "2번",
              "sex": "여성",
              "age": "40대"
            },
            "speechAct": "(지시) 질문하기",
            "morpheme": "주변/NNG+에/JKB+혹시/MAG+쓰/VV+는/ETM+사람/NNG+있/VA+어/EF"
          },
          {
            "id": 19,
            "text": "1 : 우리 집 쓰고 있잖아!",
            "norm_text": "우리 집 쓰고 있잖아!",
            "speaker": {
              "id": "1번",
              "sex": "여성",
              "age": "20대"
            },
            "speechAct": "(단언) 진술하기",
            "morpheme": "우리/NP+집/NNG+쓰/VV+고/EC+있/VX+잖아/EF"
          },
          {
            "id": 20,
            "text": "1 : 진짜 좋아!",
            "norm_text": "진짜 좋아!",
            "speaker": {
              "id": "1번",
              "sex": "여성",
              "age": "20대"
            },
            "speechAct": "(단언) 주장하기",
            "morpheme": "진짜/MAG+좋/VA+아/EF"
          },
          {
            "id": 21,
            "text": "1 : 이거 쌀도 잘 안 삭어!",
            "norm_text": "이거 쌀도 잘 안 삭어!",
            "speaker": {
              "id": "1번",
              "sex": "여성",
              "age": "20대"
            },
            "speechAct": "(단언) 주장하기",
            "morpheme": "이거/NP+쌀/NNG+도/JX+잘/MAG+안/MAG+삭/VV+어/EF"
          },
          {
            "id": 22,
            "text": "2 : 아 진짜?",
            "norm_text": "아 진짜?",
            "speaker": {
              "id": "2번",
              "sex": "여성",
              "age": "40대"
            },
            "speechAct": "(지시) 질문하기",
            "morpheme": "아/IC+진짜/MAG"
          },
          {
            "id": 23,
            "text": "2 : 몰랐네 하하",
            "norm_text": "몰랐네 하하",
            "speaker": {
              "id": "2번",
              "sex": "여성",
              "age": "40대"
            },
            "speechAct": "(단언) 주장하기",
            "morpheme": "몰랐/VV+EP+네/EF+하하/MAG"
          },
          {
            "id": 24,
            "text": "2 : 한번 더 알아보고 시켜보게",
            "norm_text": "한번 더 알아보고 시켜보게",
            "speaker": {
              "id": "2번",
              "sex": "여성",
              "age": "40대"
            },
            "speechAct": "(언약) 약속하기(제3자와)/(개인적 수준)",
            "morpheme": "한번/MAG+더/MAG+알아보/VV+고/EC+시켜/VV+EC+보/VX+게/EC"
          },
          {
            "id": 25,
            "text": "1 : 키키 어 이거 나방도 안 생기고 품질도 변질 안 되게 도와줌!",
            "norm_text": "키키 어 이거 나방도 안 생기고 품질도 변질 안 되게 도와줌!",
            "speaker": {
              "id": "1번",
              "sex": "여성",
              "age": "20대"
            },
            "speechAct": "(단언) 진술하기",
            "morpheme": "키/NNG+키어/NNG+이/VCP+거나/EC+방/NNG+도/JX+안/MAG+생기/VV+고/EC+품질/NNG+도/JX+변질/NNG+안/MAG+되/VV+게/EC+도와줌/VV+ETN"
          },
          {
            "id": 26,
            "text": "2 : 나방 때문에 고생하는데 필요하다 증말",
            "norm_text": "나방 때문에 고생하는데 필요하다 증말",
            "speaker": {
              "id": "2번",
              "sex": "여성",
              "age": "40대"
            },
            "speechAct": "(단언) 주장하기",
            "morpheme": "나방/NNG+때문/NNB+에/JKB+고생/NNG+하/XSV+는/ETM+데/NNB+필요/NNG+하/XSV+다/EC+증말/MAG"
          },
          {
            "id": 27,
            "text": "1 : 키키 맞아",
            "norm_text": "키키 맞아",
            "speaker": {
              "id": "1번",
              "sex": "여성",
              "age": "20대"
            },
            "speechAct": "(단언) 주장하기",
            "morpheme": "키/NNG+키/XSV+ETN+맞/VV+아/EC"
          },
          {
            "id": 28,
            "text": "1 : 나방 지금 알 깔 시기잖아 ㅜ",
            "norm_text": "나방 지금 알 깔 시기잖아 ㅜ",
            "speaker": {
              "id": "1번",
              "sex": "여성",
              "age": "20대"
            },
            "speechAct": "(단언) 진술하기",
            "morpheme": "나방/NNG+지금/MAG+알/NNG+깔/VV+시/EP+기/ETN+잖아/VCP+EC+VX+EC+ㅜ/UNKNOWN"
          },
          {
            "id": 29,
            "text": "2 : 응 완전 고생 중이야 ㅠㅠ",
            "norm_text": "응 완전 고생 중이야 ㅠㅠ",
            "speaker": {
              "id": "2번",
              "sex": "여성",
              "age": "40대"
            },
            "speechAct": "(단언) 진술하기",
            "morpheme": "응/IC+완전/MAG+고생/NNG+중/NNB+이/VCP+야/EF+ㅠㅠ/UNKNOWN"
          },
          {
            "id": 30,
            "text": "2 : 트랩 놔도 소용이 없어",
            "norm_text": "트랩 놔도 소용이 없어",
            "speaker": {
              "id": "2번",
              "sex": "여성",
              "age": "40대"
            },
            "speechAct": "(단언) 진술하기",
            "morpheme": "트랩/NNG+놔도/VV+EC+소용/NNG+이/JKS+없/VA+어/EC"
          }
        ]
      }
    }
  ]
}