{
  "dataset": {
    "identifier": 98825,
    "name": "FACEBOOK_115_15_set",
    "src_path": "/data/file/cubeManager/PROJECT001/77/txt20211029153356034341/FACEBOOK_115_15_set/",
    "label_path": "/data/file/cubeManager/PROJECT001/77/txt20211029153356034341/FACEBOOK_115_15_set/",
    "category": 2,
    "type": 0
  },
  "licenses": {
    "name": "Apache License 1.0",
    "url": "http://www.apache.org/licenses/LICENSE-1.0"
  },
  "info": [
    {
      "id": 110963,
      "filename": "FACEBOOK_115_15.txt",
      "title": "FACEBOOK_115_15",
      "mediatype": "SNS",
      "medianame": "페이스북",
      "category": "일상대화",
      "date": "2021-10-29",
      "size": 510,
      "annotations": {
        "subject": "타 국가 이슈",
        "speaker_type": "1:1",
        "size": 510,
        "word_size": 169,
        "text": "1 : 언니 코리아 갓 텔런트라고 알아?\n2 : 코리아 텔런트는 또 뭐람\n1 : 그 유니버스 갓 텔런트도 몰라?\n2 : 난 그런 거 몰라...\n2 : 뭔데...\n1 : 키키 아 진짜?\n1 : 그러면 언니 훅이라는 댄서팀도 몰라?\n2 : 아 알아\n2 : 아이키 멋있어\n1 : 맞아\n1 : 그 아이키가 미국에서 방영하는 저 프로그램에 나와서 유명해졌잖아!\n2 : 아이키 진짜 매력있지 난 짤로만 봐\n1 : 맞아 키키\n1 : 근데 저 프로그램에 나와서 1등 하면 상금이 6억이래!\n2 : 와 그래서 아이키는?\n2 : 탔대?\n1 : 아니\n1 : 그거까지는 모르겠고 이번에 또 시작했는데 저기 지금 큰일났어!\n2 : 못 탔을 거 같아\n2 : 탔음 나왔겠지 왜\n1 : 키키 아니\n1 : 지금 새로 나오는 사람이 있는데 그 사람이 위험한 짓을 많이 하는 사람인데 사고가 났대!\n2 : 무슨 위험한 짓?\n2 : 무슨 사고\n1 : 차랑 차 사이를 공중에서 건너는 위험한 짓을 하려고 했는데 문제가 생겨서 차가 폭발했대!\n2 : 키키 그러다 죽거나 다치지...\n2 : 관종인가",
        "lines": [
          {
            "id": 1,
            "text": "1 : 언니 코리아 갓 텔런트라고 알아?",
            "norm_text": "언니 코리아 갓 텔런트라고 알아?",
            "speaker": {
              "id": "1번",
              "sex": "여성",
              "age": "20대"
            },
            "speechAct": "(지시) 질문하기",
            "morpheme": "언니/NNG+코리아/NNP+갓/MAG+텔/NNG+런/VCP+ETM+트/NNG+라고/VCP+EC+알/VV+아/EF"
          },
          {
            "id": 2,
            "text": "2 : 코리아 텔런트는 또 뭐람",
            "norm_text": "코리아 텔런트는 또 뭐람",
            "speaker": {
              "id": "2번",
              "sex": "여성",
              "age": "20대"
            },
            "speechAct": "(지시) 질문하기",
            "morpheme": "코리아/NNP+텔/NNG+런/VCP+ETM+트/NNG+는/JX+또/MAG+뭐/IC+람/NNP"
          },
          {
            "id": 3,
            "text": "1 : 그 유니버스 갓 텔런트도 몰라?",
            "norm_text": "그 유니버스 갓 텔런트도 몰라?",
            "speaker": {
              "id": "1번",
              "sex": "여성",
              "age": "20대"
            },
            "speechAct": "(지시) 질문하기",
            "morpheme": "그/MM+유니버스/NNP+갓/MAG+텔/NNG+런/VCP+ETM+트/NNG+도/JX+몰라/VV+EF"
          },
          {
            "id": 4,
            "text": "2 : 난 그런 거 몰라...",
            "norm_text": "난 그런 거 몰라...",
            "speaker": {
              "id": "2번",
              "sex": "여성",
              "age": "20대"
            },
            "speechAct": "(단언) 주장하기",
            "morpheme": "난/NP+JX+그런/MM+거/NNB+몰라/VV+EF+./SY"
          },
          {
            "id": 5,
            "text": "2 : 뭔데...",
            "norm_text": "뭔데...",
            "speaker": {
              "id": "2번",
              "sex": "여성",
              "age": "20대"
            },
            "speechAct": "(지시) 질문하기",
            "morpheme": "뭔데/NP+VCP+EF+./SY"
          },
          {
            "id": 6,
            "text": "1 : 키키 아 진짜?",
            "norm_text": "키키 아 진짜?",
            "speaker": {
              "id": "1번",
              "sex": "여성",
              "age": "20대"
            },
            "speechAct": "(지시) 질문하기",
            "morpheme": "키/NNG+키/VV+아/EC+진짜/MAG"
          },
          {
            "id": 7,
            "text": "1 : 그러면 언니 훅이라는 댄서팀도 몰라?",
            "norm_text": "그러면 언니 훅이라는 댄서팀도 몰라?",
            "speaker": {
              "id": "1번",
              "sex": "여성",
              "age": "20대"
            },
            "speechAct": "(지시) 질문하기",
            "morpheme": "그러면/MAJ+언니/NNG+훅/NNG+이/VCP+라는/ETM+댄서/NNG+팀/NNG+도/JX+몰라/VV+EF"
          },
          {
            "id": 8,
            "text": "2 : 아 알아",
            "norm_text": "아 알아",
            "speaker": {
              "id": "2번",
              "sex": "여성",
              "age": "20대"
            },
            "speechAct": "(단언) 주장하기",
            "morpheme": "아/IC+알/VV+아/EC"
          },
          {
            "id": 9,
            "text": "2 : 아이키 멋있어",
            "norm_text": "아이키 멋있어",
            "speaker": {
              "id": "2번",
              "sex": "여성",
              "age": "20대"
            },
            "speechAct": "(단언) 주장하기",
            "morpheme": "아이/NNG+키/XSV+ETN+멋있/VA+어/EC"
          },
          {
            "id": 10,
            "text": "1 : 맞아",
            "norm_text": "맞아",
            "speaker": {
              "id": "1번",
              "sex": "여성",
              "age": "20대"
            },
            "speechAct": "(단언) 주장하기",
            "morpheme": "맞/VV+아/EC"
          },
          {
            "id": 11,
            "text": "1 : 그 아이키가 미국에서 방영하는 저 프로그램에 나와서 유명해졌잖아!",
            "norm_text": "그 아이키가 미국에서 방영하는 저 프로그램에 나와서 유명해졌잖아!",
            "speaker": {
              "id": "1번",
              "sex": "여성",
              "age": "20대"
            },
            "speechAct": "(단언) 진술하기",
            "morpheme": "그/MM+아이/NNG+키가/XSV+ETN+JKS+미국/NNP+에서/JKB+방영/NNG+하/XSV+는/ETM+저/MM+프로그램/NNG+에/JKB+나와서/VV+EC+유명/XR+해졌/XSA+EC+VX+EP+잖아/EF"
          },
          {
            "id": 12,
            "text": "2 : 아이키 진짜 매력있지 난 짤로만 봐",
            "norm_text": "아이키 진짜 매력있지 난 짤로만 봐",
            "speaker": {
              "id": "2번",
              "sex": "여성",
              "age": "20대"
            },
            "speechAct": "(단언) 주장하기",
            "morpheme": "아/IC+이키/IC+진짜/MAG+매력/NNG+있/VV+지/EC+난/NP+JX+짤/VV+ETM+로/JKB+만/JX+봐/VV+EC"
          },
          {
            "id": 13,
            "text": "1 : 맞아 키키",
            "norm_text": "맞아 키키",
            "speaker": {
              "id": "1번",
              "sex": "여성",
              "age": "20대"
            },
            "speechAct": "(단언) 주장하기",
            "morpheme": "맞/VV+아/EC+키/NNG+키/XSV+ETN"
          },
          {
            "id": 14,
            "text": "1 : 근데 저 프로그램에 나와서 1등 하면 상금이 6억이래!",
            "norm_text": "근데 저 프로그램에 나와서 1등 하면 상금이 6억이래!",
            "speaker": {
              "id": "1번",
              "sex": "여성",
              "age": "20대"
            },
            "speechAct": "(단언) 진술하기",
            "morpheme": "근데/MAJ+저/MM+프로그램/NNG+에/JKB+나와서/VV+EC+1/SN+등/NNBC+하/VV+면/EC+상금/NNG+이/JKS+6/SN+억/NR+이/VCP+래/EF"
          },
          {
            "id": 15,
            "text": "2 : 와 그래서 아이키는?",
            "norm_text": "와 그래서 아이키는?",
            "speaker": {
              "id": "2번",
              "sex": "여성",
              "age": "20대"
            },
            "speechAct": "(지시) 질문하기",
            "morpheme": "와/IC+그래서/MAJ+아이/NNG+키는/XSA+ETN+JX"
          },
          {
            "id": 16,
            "text": "2 : 탔대?",
            "norm_text": "탔대?",
            "speaker": {
              "id": "2번",
              "sex": "여성",
              "age": "20대"
            },
            "speechAct": "(지시) 질문하기",
            "morpheme": "탔/VV+EP+대/EF"
          },
          {
            "id": 17,
            "text": "1 : 아니",
            "norm_text": "아니",
            "speaker": {
              "id": "1번",
              "sex": "여성",
              "age": "20대"
            },
            "speechAct": "(단언) 주장하기",
            "morpheme": "아니/IC"
          },
          {
            "id": 18,
            "text": "1 : 그거까지는 모르겠고 이번에 또 시작했는데 저기 지금 큰일났어!",
            "norm_text": "그거까지는 모르겠고 이번에 또 시작했는데 저기 지금 큰일났어!",
            "speaker": {
              "id": "1번",
              "sex": "여성",
              "age": "20대"
            },
            "speechAct": "(단언) 주장하기",
            "morpheme": "그거/NP+까지/JX+는/JX+모르/VV+겠/EP+고/EC+이번/NNG+에/JKB+또/MAG+시작/NNG+했/XSV+EP+는데/EC+저기/NP+지금/MAG+큰일났/VV+EP+어/EF"
          },
          {
            "id": 19,
            "text": "2 : 못 탔을 거 같아",
            "norm_text": "못 탔을 거 같아",
            "speaker": {
              "id": "2번",
              "sex": "여성",
              "age": "20대"
            },
            "speechAct": "(단언) 주장하기",
            "morpheme": "못/MAG+탔/VV+EP+을/ETM+거/NNB+같/VA+아/EC"
          },
          {
            "id": 20,
            "text": "2 : 탔음 나왔겠지 왜",
            "norm_text": "탔음 나왔겠지 왜",
            "speaker": {
              "id": "2번",
              "sex": "여성",
              "age": "20대"
            },
            "speechAct": "(단언) 주장하기",
            "morpheme": "탔/VV+EP+음/ETN+나왔/VV+EP+겠/EP+지/EF+왜/MAG"
          },
          {
            "id": 21,
            "text": "1 : 키키 아니",
            "norm_text": "키키 아니",
            "speaker": {
              "id": "1번",
              "sex": "여성",
              "age": "20대"
            },
            "speechAct": "(단언) 주장하기",
            "morpheme": "키/NNG+키/XSV+ETN+아니/VCN"
          },
          {
            "id": 22,
            "text": "1 : 지금 새로 나오는 사람이 있는데 그 사람이 위험한 짓을 많이 하는 사람인데 사고가 났대!",
            "norm_text": "지금 새로 나오는 사람이 있는데 그 사람이 위험한 짓을 많이 하는 사람인데 사고가 났대!",
            "speaker": {
              "id": "1번",
              "sex": "여성",
              "age": "20대"
            },
            "speechAct": "(단언) 진술하기",
            "morpheme": "지금/MAG+새로/MAG+나오/VV+는/ETM+사람/NNG+이/JKS+있/VV+는데/EC+그/MM+사람/NNG+이/JKS+위험/NNG+한/XSA+ETM+짓/NNG+을/JKO+많이/MAG+하/VV+는/ETM+사람/NNG+인데/VCP+EC+사고/NNG+가/JKS+났/VV+EP+대/EF"
          },
          {
            "id": 23,
            "text": "2 : 무슨 위험한 짓?",
            "norm_text": "무슨 위험한 짓?",
            "speaker": {
              "id": "2번",
              "sex": "여성",
              "age": "20대"
            },
            "speechAct": "(지시) 질문하기",
            "morpheme": "무슨/MM+위험/NNG+한/XSA+ETM+짓/NNG"
          },
          {
            "id": 24,
            "text": "2 : 무슨 사고",
            "norm_text": "무슨 사고",
            "speaker": {
              "id": "2번",
              "sex": "여성",
              "age": "20대"
            },
            "speechAct": "(지시) 질문하기",
            "morpheme": "무슨/MM+사고/NNG"
          },
          {
            "id": 25,
            "text": "1 : 차랑 차 사이를 공중에서 건너는 위험한 짓을 하려고 했는데 문제가 생겨서 차가 폭발했대!",
            "norm_text": "차랑 차 사이를 공중에서 건너는 위험한 짓을 하려고 했는데 문제가 생겨서 차가 폭발했대!",
            "speaker": {
              "id": "1번",
              "sex": "여성",
              "age": "20대"
            },
            "speechAct": "(단언) 진술하기",
            "morpheme": "차랑/MAG+차/NNG+사이/NNG+를/JKO+공중/NNG+에서/JKB+건너/VV+는/ETM+위험/NNG+한/XSA+ETM+짓/NNG+을/JKO+하/VV+려고/EC+했/VX+EP+는데/EC+문제/NNG+가/JKS+생겨서/VV+EC+차/NNG+가/JKS+폭발/NNG+했/XSV+EP+대/EF"
          },
          {
            "id": 26,
            "text": "2 : 키키 그러다 죽거나 다치지...",
            "norm_text": "키키 그러다 죽거나 다치지...",
            "speaker": {
              "id": "2번",
              "sex": "여성",
              "age": "20대"
            },
            "speechAct": "(단언) 주장하기",
            "morpheme": "키/NNG+키/XSV+ETN+그러/VV+다/EC+죽/VV+거나/EC+다치/VV+지/EF+./SY"
          },
          {
            "id": 27,
            "text": "2 : 관종인가",
            "norm_text": "관종인가",
            "speaker": {
              "id": "2번",
              "sex": "여성",
              "age": "20대"
            },
            "speechAct": "(지시) 질문하기",
            "morpheme": "관/NNG+종/NNG+인가/VCP+EC"
          }
        ]
      }
    }
  ]
}