{
  "dataset": {
    "identifier": 100712,
    "name": "FACEBOOK_103_14_set",
    "src_path": "/data/file/cubeManager/PROJECT001/77/txt20211028145511005943/FACEBOOK_103_14_set/",
    "label_path": "/data/file/cubeManager/PROJECT001/77/txt20211028145511005943/FACEBOOK_103_14_set/",
    "category": 2,
    "type": 0
  },
  "licenses": {
    "name": "Apache License 1.0",
    "url": "http://www.apache.org/licenses/LICENSE-1.0"
  },
  "info": [
    {
      "id": 100479,
      "filename": "FACEBOOK_103_14.txt",
      "title": "FACEBOOK_103_14",
      "mediatype": "SNS",
      "medianame": "페이스북",
      "category": "일상대화",
      "date": "2021-10-28",
      "size": 507,
      "annotations": {
        "subject": "사회이슈",
        "speaker_type": "1:1",
        "size": 507,
        "word_size": 164,
        "text": "1 : 너 이번에 이슈였던 중국산 김치 만드는 공정 봤어?\n2 : 동영상으로 봤는데 이제 김치 살 때 원산지 꼭 봐야겠어\n1 : 맞아 키키\n1 : 근데 중국산은 그런 거 안 봐도 딱 중국산 김치처럼 보이지 않아?\n2 : 맞아 어떻게 김치 만드는데 들어갈 생각하지?\n1 : 아, 진짜, 그거 보니까 입맛이 뚝 떨어지더라, 아저씨 겨털 봄?\n2 : 생각하고 싶지 않아 사람들이 먹는 건데\n1 : 맞아\n1 : 그에 비해 우리나라에서 김치 만드는 공정 본 적 있어?\n2 : 아니 본 적 없는 거 같아 어때?\n1 : 우리나라는 중국이랑 완전 달라 엄청 깔끔하게 만드셔!\n2 : 역시 한국이야 믿고 먹는다니까\n1 : 맞아\n1 : 근데 한국 김치 수출률이 계속 떨어지는 추세래!\n2 : 중국 김치가 더 저렴해서 그런가?\n1 : 그런 것도 있고 우리나라 이번에 배추 생산이 적어져서 그렇대 ㅜ\n2 : 배추 농사가 잘 안된 거야?\n1 : 어 이번에 비가 많이 왔잖아 그래서 배추가 다 물렀대 ㅜ\n2 : 아 그렇네 배추 생산으로 김치 수출률이 떨어질 줄이야",
        "lines": [
          {
            "id": 1,
            "text": "1 : 너 이번에 이슈였던 중국산 김치 만드는 공정 봤어?",
            "norm_text": "너 이번에 이슈였던 중국산 김치 만드는 공정 봤어?",
            "speaker": {
              "id": "1번",
              "sex": "여성",
              "age": "20대"
            },
            "speechAct": "(지시) 질문하기",
            "morpheme": "너/NP+이번/NNG+에/JKB+이슈/NNG+였/VCP+EP+던/ETM+중국/NNP+산/XSN+김치/NNG+만드/VV+는/ETM+공정/NNG+봤/VV+EP+어/EF"
          },
          {
            "id": 2,
            "text": "2 : 동영상으로 봤는데 이제 김치 살 때 원산지 꼭 봐야겠어",
            "norm_text": "동영상으로 봤는데 이제 김치 살 때 원산지 꼭 봐야겠어",
            "speaker": {
              "id": "2번",
              "sex": "여성",
              "age": "20대"
            },
            "speechAct": "(단언) 주장하기",
            "morpheme": "동영상/NNG+으로/JKB+봤/VV+EP+는데/EC+이제/MAG+김치/NNG+살/VV+ETM+때/NNG+원산지/NNG+꼭/MAG+봐야/VV+EC+VX+겠/EP+어/EC"
          },
          {
            "id": 3,
            "text": "1 : 맞아 키키",
            "norm_text": "맞아 키키",
            "speaker": {
              "id": "1번",
              "sex": "여성",
              "age": "20대"
            },
            "speechAct": "(단언) 주장하기",
            "morpheme": "맞/VV+아/EC+키/NNG+키/XSV+ETN"
          },
          {
            "id": 4,
            "text": "1 : 근데 중국산은 그런 거 안 봐도 딱 중국산 김치처럼 보이지 않아?",
            "norm_text": "근데 중국산은 그런 거 안 봐도 딱 중국산 김치처럼 보이지 않아?",
            "speaker": {
              "id": "1번",
              "sex": "여성",
              "age": "20대"
            },
            "speechAct": "(지시) 질문하기",
            "morpheme": "근데/MAJ+중국/NNP+산/XSN+은/JX+그런/MM+거/NNB+안/MAG+봐도/VV+EC+딱/MAG+중국/NNP+산/XSN+김치/NNG+처럼/JKB+보이/VV+지/EC+않/VX+아/EF"
          },
          {
            "id": 5,
            "text": "2 : 맞아 어떻게 김치 만드는데 들어갈 생각하지?",
            "norm_text": "맞아 어떻게 김치 만드는데 들어갈 생각하지?",
            "speaker": {
              "id": "2번",
              "sex": "여성",
              "age": "20대"
            },
            "speechAct": "(지시) 질문하기",
            "morpheme": "맞/VV+아/EC+어떻게/MAG+김치/NNG+만드/VV+는/ETM+데/NNB+들어갈/VV+ETM+생각/NNG+하/XSA+지/EF"
          },
          {
            "id": 6,
            "text": "1 : 아, 진짜, 그거 보니까 입맛이 뚝 떨어지더라, 아저씨 겨털 봄?",
            "norm_text": "아, 진짜, 그거 보니까 입맛이 뚝 떨어지더라, 아저씨 겨털 봄?",
            "speaker": {
              "id": "1번",
              "sex": "여성",
              "age": "20대"
            },
            "speechAct": "(지시) 질문하기",
            "morpheme": "아/IC+,/SC+진짜/MAG+,/SC+그거/NP+보/VV+니까/EC+입맛/NNG+이/JKS+뚝/MAG+떨어지/VV+더라/EF+,/SC+아저씨/NNG+겨/NNG+털/NNG+봄/NNG"
          },
          {
            "id": 7,
            "text": "2 : 생각하고 싶지 않아 사람들이 먹는 건데",
            "norm_text": "생각하고 싶지 않아 사람들이 먹는 건데",
            "speaker": {
              "id": "2번",
              "sex": "여성",
              "age": "20대"
            },
            "speechAct": "(단언) 주장하기",
            "morpheme": "생각/NNG+하/XSV+고/EC+싶/VX+지/EC+않/VX+아/EC+사람/NNG+들/XSN+이/JKS+먹/VV+는/ETM+건데/NNB+VCP+EC"
          },
          {
            "id": 8,
            "text": "1 : 맞아",
            "norm_text": "맞아",
            "speaker": {
              "id": "1번",
              "sex": "여성",
              "age": "20대"
            },
            "speechAct": "(단언) 주장하기",
            "morpheme": "맞/VV+아/EC"
          },
          {
            "id": 9,
            "text": "1 : 그에 비해 우리나라에서 김치 만드는 공정 본 적 있어?",
            "norm_text": "그에 비해 우리나라에서 김치 만드는 공정 본 적 있어?",
            "speaker": {
              "id": "1번",
              "sex": "여성",
              "age": "20대"
            },
            "speechAct": "(지시) 질문하기",
            "morpheme": "그/NP+에/JKB+비해/VV+EC+우리/NP+나라/NNG+에서/JKB+김치/NNG+만드/VV+는/ETM+공정/NNG+본/VV+ETM+적/NNB+있/VA+어/EF"
          },
          {
            "id": 10,
            "text": "2 : 아니 본 적 없는 거 같아 어때?",
            "norm_text": "아니 본 적 없는 거 같아 어때?",
            "speaker": {
              "id": "2번",
              "sex": "여성",
              "age": "20대"
            },
            "speechAct": "(지시) 질문하기",
            "morpheme": "아니/MAG+본/VV+ETM+적/NNB+없/VA+는/ETM+거/NNB+같/VA+아/EC+어때/VA+EF"
          },
          {
            "id": 11,
            "text": "1 : 우리나라는 중국이랑 완전 달라 엄청 깔끔하게 만드셔!",
            "norm_text": "우리나라는 중국이랑 완전 달라 엄청 깔끔하게 만드셔!",
            "speaker": {
              "id": "1번",
              "sex": "여성",
              "age": "20대"
            },
            "speechAct": "(단언) 주장하기",
            "morpheme": "우리/NP+나라/NNG+는/JX+중국/NNP+이랑/JKB+완전/MAG+달라/VA+EC+엄청/MAG+깔끔/XR+하/XSA+게/EC+만/JX+드셔/VV+EP+EF"
          },
          {
            "id": 12,
            "text": "2 : 역시 한국이야 믿고 먹는다니까",
            "norm_text": "역시 한국이야 믿고 먹는다니까",
            "speaker": {
              "id": "2번",
              "sex": "여성",
              "age": "20대"
            },
            "speechAct": "(단언) 주장하기",
            "morpheme": "역시/MAJ+한국/NNP+이/VCP+야/EC+믿/VV+고/EC+먹/VV+는다니까/EC"
          },
          {
            "id": 13,
            "text": "1 : 맞아",
            "norm_text": "맞아",
            "speaker": {
              "id": "1번",
              "sex": "여성",
              "age": "20대"
            },
            "speechAct": "(단언) 주장하기",
            "morpheme": "맞/VV+아/EC"
          },
          {
            "id": 14,
            "text": "1 : 근데 한국 김치 수출률이 계속 떨어지는 추세래!",
            "norm_text": "근데 한국 김치 수출률이 계속 떨어지는 추세래!",
            "speaker": {
              "id": "1번",
              "sex": "여성",
              "age": "20대"
            },
            "speechAct": "(단언) 진술하기",
            "morpheme": "근데/MAJ+한국/NNP+김치/NNG+수출/NNG+률/XSN+이/JKS+계속/MAG+떨어지/VV+는/ETM+추세/NNG+래/VCP+EF"
          },
          {
            "id": 15,
            "text": "2 : 중국 김치가 더 저렴해서 그런가?",
            "norm_text": "중국 김치가 더 저렴해서 그런가?",
            "speaker": {
              "id": "2번",
              "sex": "여성",
              "age": "20대"
            },
            "speechAct": "(단언) 주장하기",
            "morpheme": "중국/NNP+김치/NNG+가/JKS+더/MAG+저렴/XR+해서/XSA+EC+그런가/VA+EF"
          },
          {
            "id": 16,
            "text": "1 : 그런 것도 있고 우리나라 이번에 배추 생산이 적어져서 그렇대 ㅜ",
            "norm_text": "그런 것도 있고 우리나라 이번에 배추 생산이 적어져서 그렇대 ㅜ",
            "speaker": {
              "id": "1번",
              "sex": "여성",
              "age": "20대"
            },
            "speechAct": "(단언) 진술하기",
            "morpheme": "그런/MM+것/NNB+도/JX+있/VA+고/EC+우리/NP+나라/NNG+이번/NNG+에/JKB+배추/NNG+생산/NNG+이/JKS+적/VA+어/EC+져서/VX+EC+그렇/VA+대ㅜ/UNKNOWN"
          },
          {
            "id": 17,
            "text": "2 : 배추 농사가 잘 안된 거야?",
            "norm_text": "배추 농사가 잘 안된 거야?",
            "speaker": {
              "id": "2번",
              "sex": "여성",
              "age": "20대"
            },
            "speechAct": "(지시) 질문하기",
            "morpheme": "배추/NNG+농사/NNG+가/JKS+잘/MAG+안/MAG+된/VV+ETM+거/NNB+야/VCP+EF"
          },
          {
            "id": 18,
            "text": "1 : 어 이번에 비가 많이 왔잖아 그래서 배추가 다 물렀대 ㅜ",
            "norm_text": "어 이번에 비가 많이 왔잖아 그래서 배추가 다 물렀대 ㅜ",
            "speaker": {
              "id": "1번",
              "sex": "여성",
              "age": "20대"
            },
            "speechAct": "(단언) 진술하기",
            "morpheme": "어/IC+이번/NNG+에/JKB+비/NNG+가/JKS+많이/MAG+왔/VV+EP+잖아/EF+그래서/MAJ+배추/NNG+가/JKS+다/MAG+물렀/VV+EP+대ㅜ/UNKNOWN"
          },
          {
            "id": 19,
            "text": "2 : 아 그렇네 배추 생산으로 김치 수출률이 떨어질 줄이야",
            "norm_text": "아 그렇네 배추 생산으로 김치 수출률이 떨어질 줄이야",
            "speaker": {
              "id": "2번",
              "sex": "여성",
              "age": "20대"
            },
            "speechAct": "(단언) 주장하기",
            "morpheme": "아/IC+그렇/VA+네/EF+배추/NNG+생산/NNG+으로/JKB+김치/NNG+수출/NNG+률/XSN+이/JKS+떨어질/VV+ETM+줄/NNB+이/VCP+야/EC"
          }
        ]
      }
    }
  ]
}