{
  "dataset": {
    "identifier": 127790,
    "name": "FACEBOOK_121_15_set",
    "src_path": "/data/file/cubeManager/PROJECT001/84/txt20211108155848037299/FACEBOOK_121_15_set/",
    "label_path": "/data/file/cubeManager/PROJECT001/84/txt20211108155848037299/FACEBOOK_121_15_set/",
    "category": 2,
    "type": 0
  },
  "licenses": {
    "name": "Apache License 1.0",
    "url": "http://www.apache.org/licenses/LICENSE-1.0"
  },
  "info": [
    {
      "id": 141739,
      "filename": "FACEBOOK_121_15.txt",
      "title": "FACEBOOK_121_15",
      "mediatype": "SNS",
      "medianame": "페이스북",
      "category": "일상대화",
      "date": "2021-11-08",
      "size": 437,
      "annotations": {
        "subject": "타 국가 이슈",
        "speaker_type": "1:1",
        "size": 437,
        "word_size": 140,
        "text": "1 : 6.25 참전 미국인이 한국계 시의원 인종 차별 했대\n2 : 아 진짜 인종차별은 심했다\n1 : 게다가 한국 전쟁에 참여했는데 ㅠ\n2 : 한국 전쟁에 참여했다는데 그랬대?\n1 : 그러게,\n1 : 근데 그 여자 분은 미국에서 태어나고 자랐는데 왜 인종 차별을 당하는지 ㅠ\n2 : 아 진짜 그런 사람들 너무하다\n1 : 그러게 ㅋㅋ 코로나 이후로 인종 차별 더 심해진듯\n2 : 아 진짜 코로나 때문에 망했다\n1 : 그러게~ 해외 나가서도 조심 해야지 ㅠㅠ\n2 : 그러니까 해외 가서도 조심하자\n1 : 응 진짜...\n1 : 저 사람은 얼마나 황당했을까 부시장인데...\n2 : 아 진짜 부시장이야?\n2 : 황당했을 거 같아\n1 : 그러게 키키\n1 : 인종 차별 때문에 분위기도 갑분싸 됐대\n2 : 인종 차별이 진짜 없어져야 할 텐데\n1 : 그러게, 아시아계를 유독 차별 많이 해\n2 : 차별을 많이 하면 안될 텐데...",
        "lines": [
          {
            "id": 1,
            "text": "1 : 6.25 참전 미국인이 한국계 시의원 인종 차별 했대",
            "norm_text": "6.25 참전 미국인이 한국계 시의원 인종 차별 했대",
            "speaker": {
              "id": "1번",
              "sex": "여성",
              "age": "20대"
            },
            "speechAct": "(단언) 진술하기",
            "morpheme": "6/SN+./SY+25/SN+참전미국인이한국계시의원인종차별했대/UNKNOWN"
          },
          {
            "id": 2,
            "text": "2 : 아 진짜 인종차별은 심했다",
            "norm_text": "아 진짜 인종차별은 심했다",
            "speaker": {
              "id": "2번",
              "sex": "남성",
              "age": "20대"
            },
            "speechAct": "(단언) 주장하기",
            "morpheme": "아/IC+진짜/MAG+인종/NNG+차별/NNG+은/JX+심했/VA+EP+다/EC"
          },
          {
            "id": 3,
            "text": "1 : 게다가 한국 전쟁에 참여했는데 ㅠ",
            "norm_text": "게다가 한국 전쟁에 참여했는데 ㅠ",
            "speaker": {
              "id": "1번",
              "sex": "여성",
              "age": "20대"
            },
            "speechAct": "(단언) 진술하기",
            "morpheme": "게다가/MAG+한국/NNP+전쟁/NNG+에/JKB+참여/NNG+했/XSV+EP+는데/EC+ㅠ/UNKNOWN"
          },
          {
            "id": 4,
            "text": "2 : 한국 전쟁에 참여했다는데 그랬대?",
            "norm_text": "한국 전쟁에 참여했다는데 그랬대?",
            "speaker": {
              "id": "2번",
              "sex": "남성",
              "age": "20대"
            },
            "speechAct": "(지시) 질문하기",
            "morpheme": "한국/NNP+전쟁/NNG+에/JKB+참여/NNG+했/XSV+EP+다는/ETM+데/NNB+그랬/VV+EP+대/EF"
          },
          {
            "id": 5,
            "text": "1 : 그러게,",
            "norm_text": "그러게,",
            "speaker": {
              "id": "1번",
              "sex": "여성",
              "age": "20대"
            },
            "speechAct": "(단언) 주장하기",
            "morpheme": "그러게/IC+,/SC"
          },
          {
            "id": 6,
            "text": "1 : 근데 그 여자 분은 미국에서 태어나고 자랐는데 왜 인종 차별을 당하는지 ㅠ",
            "norm_text": "근데 그 여자 분은 미국에서 태어나고 자랐는데 왜 인종 차별을 당하는지 ㅠ",
            "speaker": {
              "id": "1번",
              "sex": "여성",
              "age": "20대"
            },
            "speechAct": "(단언) 주장하기",
            "morpheme": "근데/MAJ+그/MM+여자/NNG+분/NNB+은/JX+미국/NNP+에서/JKB+태어나/VV+고/EC+자랐/VV+EP+는데/EC+왜/MAG+인종/NNG+차별/NNG+을/JKO+당하/VV+는지/EC+ㅠ/UNKNOWN"
          },
          {
            "id": 7,
            "text": "2 : 아 진짜 그런 사람들 너무하다",
            "norm_text": "아 진짜 그런 사람들 너무하다",
            "speaker": {
              "id": "2번",
              "sex": "남성",
              "age": "20대"
            },
            "speechAct": "(단언) 주장하기",
            "morpheme": "아/IC+진짜/MAG+그런/MM+사람/NNG+들/XSN+너무/MAG+하/VV+다/EC"
          },
          {
            "id": 8,
            "text": "1 : 그러게 ㅋㅋ 코로나 이후로 인종 차별 더 심해진듯",
            "norm_text": "그러게 ㅋㅋ 코로나 이후로 인종 차별 더 심해진듯",
            "speaker": {
              "id": "1번",
              "sex": "여성",
              "age": "20대"
            },
            "speechAct": "(단언) 진술하기",
            "morpheme": "그러/VV+게/EC+ㅋㅋ/UNKNOWN+코로나/NNG+이후/NNG+로/JKB+인종/NNG+차별/NNG+더/MAG+심해진/VA+EC+VX+ETM+듯/NNB"
          },
          {
            "id": 9,
            "text": "2 : 아 진짜 코로나 때문에 망했다",
            "norm_text": "아 진짜 코로나 때문에 망했다",
            "speaker": {
              "id": "2번",
              "sex": "남성",
              "age": "20대"
            },
            "speechAct": "(단언) 주장하기",
            "morpheme": "아/IC+진짜/MAG+코로나/NNG+때문/NNB+에/JKB+망했/VV+EP+다/EC"
          },
          {
            "id": 10,
            "text": "1 : 그러게~ 해외 나가서도 조심 해야지 ㅠㅠ",
            "norm_text": "그러게~ 해외 나가서도 조심 해야지 ㅠㅠ",
            "speaker": {
              "id": "1번",
              "sex": "여성",
              "age": "20대"
            },
            "speechAct": "(단언) 주장하기",
            "morpheme": "그러/VV+게/EC+~/SY+해외나가서도조심해야지ㅠㅠ/UNKNOWN"
          },
          {
            "id": 11,
            "text": "2 : 그러니까 해외 가서도 조심하자",
            "norm_text": "그러니까 해외 가서도 조심하자",
            "speaker": {
              "id": "2번",
              "sex": "남성",
              "age": "20대"
            },
            "speechAct": "(단언) 주장하기",
            "morpheme": "그러니까/MAJ+해외/NNG+가/JKS+서도/NNG+조심/NNG+하/XSV+자/EC"
          },
          {
            "id": 12,
            "text": "1 : 응 진짜...",
            "norm_text": "응 진짜...",
            "speaker": {
              "id": "1번",
              "sex": "여성",
              "age": "20대"
            },
            "speechAct": "(단언) 주장하기",
            "morpheme": "응/IC+진짜/MAG+./SY"
          },
          {
            "id": 13,
            "text": "1 : 저 사람은 얼마나 황당했을까 부시장인데...",
            "norm_text": "저 사람은 얼마나 황당했을까 부시장인데...",
            "speaker": {
              "id": "1번",
              "sex": "여성",
              "age": "20대"
            },
            "speechAct": "(단언) 진술하기",
            "morpheme": "저/MM+사람/NNG+은/JX+얼마나/MAG+황당/XR+했을까/XSA+EP+EC+부시장/NNG+인데/VCP+EC+./SY+./SY"
          },
          {
            "id": 14,
            "text": "2 : 아 진짜 부시장이야?",
            "norm_text": "아 진짜 부시장이야?",
            "speaker": {
              "id": "2번",
              "sex": "남성",
              "age": "20대"
            },
            "speechAct": "(지시) 질문하기",
            "morpheme": "아/IC+진짜/MAG+부시장/NNG+이/VCP+야/EF"
          },
          {
            "id": 15,
            "text": "2 : 황당했을 거 같아",
            "norm_text": "황당했을 거 같아",
            "speaker": {
              "id": "2번",
              "sex": "남성",
              "age": "20대"
            },
            "speechAct": "(단언) 주장하기",
            "morpheme": "황당/XR+했/XSA+EP+을/ETM+거/NNB+같/VA+아/EC"
          },
          {
            "id": 16,
            "text": "1 : 그러게 키키",
            "norm_text": "그러게 키키",
            "speaker": {
              "id": "1번",
              "sex": "여성",
              "age": "20대"
            },
            "speechAct": "턴토크 사인(관습적 반응)",
            "morpheme": "그러/VV+게/EC+키/NNG+키/XSV+ETN"
          },
          {
            "id": 17,
            "text": "1 : 인종 차별 때문에 분위기도 갑분싸 됐대",
            "norm_text": "인종 차별 때문에 분위기도 갑분싸 됐대",
            "speaker": {
              "id": "1번",
              "sex": "여성",
              "age": "20대"
            },
            "speechAct": "(단언) 진술하기",
            "morpheme": "인종/NNG+차별/NNG+때문/NNB+에/JKB+분위기/NNG+도/JX+갑/NNG+분/XSN+싸/VV+EC+됐/VV+EP+대/EC"
          },
          {
            "id": 18,
            "text": "2 : 인종 차별이 진짜 없어져야 할 텐데",
            "norm_text": "인종 차별이 진짜 없어져야 할 텐데",
            "speaker": {
              "id": "2번",
              "sex": "남성",
              "age": "20대"
            },
            "speechAct": "(단언) 주장하기",
            "morpheme": "인종/NNG+차별/NNG+이/JKS+진짜/MAG+없/VA+어/EC+져야/VX+EC+할/VX+ETM+텐데/NNB+VCP+EC"
          },
          {
            "id": 19,
            "text": "1 : 그러게, 아시아계를 유독 차별 많이 해",
            "norm_text": "그러게, 아시아계를 유독 차별 많이 해",
            "speaker": {
              "id": "1번",
              "sex": "여성",
              "age": "20대"
            },
            "speechAct": "(단언) 주장하기",
            "morpheme": "그러게/IC+,/SC+아시아/NNP+계/XSN+를/JKO+유독/MAG+차별/NNG+많이/MAG+해/VV+EC"
          },
          {
            "id": 20,
            "text": "2 : 차별을 많이 하면 안될 텐데...",
            "norm_text": "차별을 많이 하면 안될 텐데...",
            "speaker": {
              "id": "2번",
              "sex": "남성",
              "age": "20대"
            },
            "speechAct": "(단언) 주장하기",
            "morpheme": "차별/NNG+을/JKO+많이/MAG+하/VV+면/EC+안/MAG+될/VV+ETM+텐데/NNB+VCP+EF+./SY"
          }
        ]
      }
    }
  ]
}