{
  "dataset": {
    "identifier": 113025,
    "name": "FACEBOOK_112_08_set",
    "src_path": "/data/file/cubeManager/PROJECT001/80/txt20211103154237029093/FACEBOOK_112_08_set/",
    "label_path": "/data/file/cubeManager/PROJECT001/80/txt20211103154237029093/FACEBOOK_112_08_set/",
    "category": 2,
    "type": 0
  },
  "licenses": {
    "name": "Apache License 1.0",
    "url": "http://www.apache.org/licenses/LICENSE-1.0"
  },
  "info": [
    {
      "id": 135343,
      "filename": "FACEBOOK_112_08.txt",
      "title": "FACEBOOK_112_08",
      "mediatype": "SNS",
      "medianame": "페이스북",
      "category": "일상대화",
      "date": "2021-11-03",
      "size": 409,
      "annotations": {
        "subject": "연애/결혼",
        "speaker_type": "1:1",
        "size": 409,
        "word_size": 140,
        "text": "1 : 언니는 남친이랑 기념일 때 주로 뭐 해?\n2 : 나는 기념일 까지 만나본 적이 별로 없어 키키\n1 : 헐 ㅜㅜ 남자가 마음에 안 들었어?\n2 : 몰라 인연이 없었나 봄\n1 : 지금 남친 소개 받았어?\n2 : 아니 나 지금 공백기\n1 : 언제 남친이랑 헤어졌어? 흙흙흙\n2 : 나 음 얼마나 됐지 두 달 돼가는 듯\n1 : 헐, 지금 당장 소개 받으라고 하면 받을 거야?\n2 : 키키 받지 근데 누군지 봐야지\n1 : 키키 인정 근데 짝은 다 있는 거 같아!\n2 : 이제 제대로 된 사람 만나야 되잖아\n1 : 맞아!\n1 : 내가 아는 언니도 5년 사귀던 남친이랑 헤어지고 지금 100일 된 남친이랑 결혼해!\n2 : 맞아 다 오래만나고 헤어지더라 그리고 결혼하고\n1 : 맞아 키키\n1 : 사람들은 다 따로 인연이 있나 봐!\n2 : 인연 만나면 머리에서 띵 울린데",
        "lines": [
          {
            "id": 1,
            "text": "1 : 언니는 남친이랑 기념일 때 주로 뭐 해?",
            "norm_text": "언니는 남친이랑 기념일 때 주로 뭐 해?",
            "speaker": {
              "id": "1번",
              "sex": "여성",
              "age": "20대"
            },
            "speechAct": "(지시) 질문하기",
            "morpheme": "언니/NNG+는/JX+남친/NNG+이랑/JKB+기념/NNG+일/VCP+ETM+때/NNG+주로/MAG+뭐/IC+해/VV+EF"
          },
          {
            "id": 2,
            "text": "2 : 나는 기념일 까지 만나본 적이 별로 없어 키키",
            "norm_text": "나는 기념일 까지 만나본 적이 별로 없어 키키",
            "speaker": {
              "id": "2번",
              "sex": "여성",
              "age": "20대"
            },
            "speechAct": "(단언) 주장하기",
            "morpheme": "나/NP+는/JX+기념일/NNG+까지/JX+만나/VV+EC+본/VX+ETM+적/NNB+이/JKS+별로/MAG+없/VA+어/EC+키/NNG+키/XSV+ETN"
          },
          {
            "id": 3,
            "text": "1 : 헐 ㅜㅜ 남자가 마음에 안 들었어?",
            "norm_text": "헐 ㅜㅜ 남자가 마음에 안 들었어?",
            "speaker": {
              "id": "1번",
              "sex": "여성",
              "age": "20대"
            },
            "speechAct": "(단언) 주장하기",
            "morpheme": "헐/VV+JKO+ㅜㅜ/UNKNOWN+남자/NNG+가/JKS+마음/NNG+에/JKB+안/MAG+들/VV+었/EP+어/EF"
          },
          {
            "id": 4,
            "text": "2 : 몰라 인연이 없었나 봄",
            "norm_text": "몰라 인연이 없었나 봄",
            "speaker": {
              "id": "2번",
              "sex": "여성",
              "age": "20대"
            },
            "speechAct": "(단언) 주장하기",
            "morpheme": "몰라/VV+EC+인연/NNG+이/JKS+없/VA+었/EP+나/EC+봄/NNG"
          },
          {
            "id": 5,
            "text": "1 : 지금 남친 소개 받았어?",
            "norm_text": "지금 남친 소개 받았어?",
            "speaker": {
              "id": "1번",
              "sex": "여성",
              "age": "20대"
            },
            "speechAct": "(지시) 질문하기",
            "morpheme": "지금/MAG+남친/NNG+소개/NNG+받/VV+았/EP+어/EF"
          },
          {
            "id": 6,
            "text": "2 : 아니 나 지금 공백기",
            "norm_text": "아니 나 지금 공백기",
            "speaker": {
              "id": "2번",
              "sex": "여성",
              "age": "20대"
            },
            "speechAct": "(단언) 주장하기",
            "morpheme": "아니/IC+나/NP+지금/MAG+공백기/NNG"
          },
          {
            "id": 7,
            "text": "1 : 언제 남친이랑 헤어졌어? 흙흙흙",
            "norm_text": "언제 남친이랑 헤어졌어? 흙흙흙",
            "speaker": {
              "id": "1번",
              "sex": "여성",
              "age": "20대"
            },
            "speechAct": "(지시) 질문하기",
            "morpheme": "언제/MAG+남친/NNG+이랑/JKB+헤어졌/VV+EP+어/EF+흙/NNG+흙/NNG+흙/NNG"
          },
          {
            "id": 8,
            "text": "2 : 나 음 얼마나 됐지 두 달 돼가는 듯",
            "norm_text": "나 음 얼마나 됐지 두 달 돼가는 듯",
            "speaker": {
              "id": "2번",
              "sex": "여성",
              "age": "20대"
            },
            "speechAct": "(단언) 주장하기",
            "morpheme": "나/NP+음/IC+얼마나/MAG+됐/VV+EP+지/EC+두/MM+달/NNG+돼/XSV+EC+가/VX+는/ETM+듯/NNB"
          },
          {
            "id": 9,
            "text": "1 : 헐, 지금 당장 소개 받으라고 하면 받을 거야?",
            "norm_text": "헐, 지금 당장 소개 받으라고 하면 받을 거야?",
            "speaker": {
              "id": "1번",
              "sex": "여성",
              "age": "20대"
            },
            "speechAct": "(단언) 주장하기",
            "morpheme": "헐/IC+,/SC+지금/MAG+당장/NNG+소개/NNG+받/VV+으라고/EC+하/VV+면/EC+받/VV+을/ETM+거/NNB+야/VCP+EF"
          },
          {
            "id": 10,
            "text": "2 : 키키 받지 근데 누군지 봐야지",
            "norm_text": "키키 받지 근데 누군지 봐야지",
            "speaker": {
              "id": "2번",
              "sex": "여성",
              "age": "20대"
            },
            "speechAct": "(단언) 주장하기",
            "morpheme": "키/NNG+키/XSV+ETN+받/VV+지/EF+근데/MAJ+누군지/NP+VCP+EC+봐야/VX+EC+VV+지/EC"
          },
          {
            "id": 11,
            "text": "1 : 키키 인정 근데 짝은 다 있는 거 같아!",
            "norm_text": "키키 인정 근데 짝은 다 있는 거 같아!",
            "speaker": {
              "id": "1번",
              "sex": "여성",
              "age": "20대"
            },
            "speechAct": "(단언) 주장하기",
            "morpheme": "키/NNG+키/NNG+인정/NNG+근데/MAJ+짝/NNG+은/JX+다/MAG+있/VA+는/ETM+거/NNB+같/VA+아/EF"
          },
          {
            "id": 12,
            "text": "2 : 이제 제대로 된 사람 만나야 되잖아",
            "norm_text": "이제 제대로 된 사람 만나야 되잖아",
            "speaker": {
              "id": "2번",
              "sex": "여성",
              "age": "20대"
            },
            "speechAct": "(단언) 주장하기",
            "morpheme": "이제/MAG+제대로/MAG+된/VV+ETM+사람/NNG+만나/VV+야/EC+되/VV+잖아/EC"
          },
          {
            "id": 13,
            "text": "1 : 맞아!",
            "norm_text": "맞아!",
            "speaker": {
              "id": "1번",
              "sex": "여성",
              "age": "20대"
            },
            "speechAct": "(단언) 주장하기",
            "morpheme": "맞/VV+아/EF"
          },
          {
            "id": 14,
            "text": "1 : 내가 아는 언니도 5년 사귀던 남친이랑 헤어지고 지금 100일 된 남친이랑 결혼해!",
            "norm_text": "내가 아는 언니도 5년 사귀던 남친이랑 헤어지고 지금 100일 된 남친이랑 결혼해!",
            "speaker": {
              "id": "1번",
              "sex": "여성",
              "age": "20대"
            },
            "speechAct": "(단언) 주장하기",
            "morpheme": "내/NP+가/JKS+아/VV+는/ETM+언니/NNG+도/JX+5/SN+년/NNBC+사귀/VV+던/ETM+남친/NNG+이랑/JKB+헤어지/VV+고/EC+지금/MAG+100/SN+일/NNBC+된/VV+ETM+남친/NNG+이랑/JKB+결혼/NNG+해/XSV+EF"
          },
          {
            "id": 15,
            "text": "2 : 맞아 다 오래만나고 헤어지더라 그리고 결혼하고",
            "norm_text": "맞아 다 오래만나고 헤어지더라 그리고 결혼하고",
            "speaker": {
              "id": "2번",
              "sex": "여성",
              "age": "20대"
            },
            "speechAct": "(단언) 주장하기",
            "morpheme": "맞/VV+아다/EC+오래/MAG+만나/VV+고/EC+헤어지/VV+더라/EF+그리고/MAJ+결혼/NNG+하/XSV+고/EC"
          },
          {
            "id": 16,
            "text": "1 : 맞아 키키",
            "norm_text": "맞아 키키",
            "speaker": {
              "id": "1번",
              "sex": "여성",
              "age": "20대"
            },
            "speechAct": "(단언) 주장하기",
            "morpheme": "맞/VV+아/EC+키/NNG+키/XSV+ETN"
          },
          {
            "id": 17,
            "text": "1 : 사람들은 다 따로 인연이 있나 봐!",
            "norm_text": "사람들은 다 따로 인연이 있나 봐!",
            "speaker": {
              "id": "1번",
              "sex": "여성",
              "age": "20대"
            },
            "speechAct": "(단언) 주장하기",
            "morpheme": "사람/NNG+들/XSN+은/JX+다/MAG+따로/MAG+인연/NNG+이/JKS+있/VV+나/EC+봐/VX+EF"
          },
          {
            "id": 18,
            "text": "2 : 인연 만나면 머리에서 띵 울린데",
            "norm_text": "인연 만나면 머리에서 띵 울린데",
            "speaker": {
              "id": "2번",
              "sex": "여성",
              "age": "20대"
            },
            "speechAct": "(단언) 주장하기",
            "morpheme": "인연/NNG+만나/VV+면/EC+머리/NNG+에서/JKB+띵/MAG+울린/VV+ETM+데/NNB"
          }
        ]
      }
    }
  ]
}