{
  "dataset": {
    "identifier": 114001,
    "name": "FACEBOOK_113_15_set",
    "src_path": "/data/file/cubeManager/PROJECT001/80/txt20211103154237046319/FACEBOOK_113_15_set/",
    "label_path": "/data/file/cubeManager/PROJECT001/80/txt20211103154237046319/FACEBOOK_113_15_set/",
    "category": 2,
    "type": 0
  },
  "licenses": {
    "name": "Apache License 1.0",
    "url": "http://www.apache.org/licenses/LICENSE-1.0"
  },
  "info": [
    {
      "id": 135370,
      "filename": "FACEBOOK_113_15.txt",
      "title": "FACEBOOK_113_15",
      "mediatype": "SNS",
      "medianame": "페이스북",
      "category": "일상대화",
      "date": "2021-11-03",
      "size": 440,
      "annotations": {
        "subject": "타 국가 이슈",
        "speaker_type": "1:1",
        "size": 440,
        "word_size": 145,
        "text": "1 : 이번에 비트코인 사상 최고가 또 경신했대~\n2 : 키키 또 떡상했데?\n2 : 부럽다 코인...\n1 : 키키 어 맞아 비트코인은 진짜 묻어놔야 했나벼~\n2 : 와 코인 사놀껄 그랬나\n1 : 맞아 키키\n1 : 근데 1코인에 지금 8천임 키키\n2 : 팔천만원? 에?\n2 : 정말? 그렇다고?\n1 : 어 맞아 키키 8천만 원이래\n1 : 최기에는 얼마였는 줄 알아?\n2 : 와 우린 못사겠네 얼마?\n1 : 초기에는 몇 백원이었대 키키\n1 : 가격 대박이지?\n2 : 키키 나도 지금 이상한 거 사논 거 있는데...\n1 : 아 진짜?\n1 : 그것도 가상화폐로 들어가?\n2 : 웅 코인 같은 거?\n2 : 그냥 사놨는게 마이너스 이십칠만원 키키\n1 : 오우 ㅜㅜ 그거는 뭔데 마이너스고 비트코인은 뭔데 ㅜㅜ\n2 : 그니까 나도 저거 묻어 놓으면 떡상 하려나\n1 : 그냥 없는 돈이라고 생각하고 있어~\n2 : 맞아 지금 그러고 있어 흑흑",
        "lines": [
          {
            "id": 1,
            "text": "1 : 이번에 비트코인 사상 최고가 또 경신했대~",
            "norm_text": "이번에 비트코인 사상 최고가 또 경신했대~",
            "speaker": {
              "id": "1번",
              "sex": "여성",
              "age": "20대"
            },
            "speechAct": "(단언) 진술하기",
            "morpheme": "이번/NNG+에/JKB+비트코인/NNP+사상/NNG+최고/NNG+가/JKS+또/MAG+경신/NNG+했/XSV+EP+대/EF+~/SY"
          },
          {
            "id": 2,
            "text": "2 : 키키 또 떡상했데?",
            "norm_text": "키키 또 떡상했데?",
            "speaker": {
              "id": "2번",
              "sex": "여성",
              "age": "20대"
            },
            "speechAct": "(지시) 질문하기",
            "morpheme": "키키또떡상했데/UNKNOWN"
          },
          {
            "id": 3,
            "text": "2 : 부럽다 코인...",
            "norm_text": "부럽다 코인...",
            "speaker": {
              "id": "2번",
              "sex": "여성",
              "age": "20대"
            },
            "speechAct": "(단언) 주장하기",
            "morpheme": "부럽/VA+다/EC+코인/NNG+./SY+./SY"
          },
          {
            "id": 4,
            "text": "1 : 키키 어 맞아 비트코인은 진짜 묻어놔야 했나벼~",
            "norm_text": "키키 어 맞아 비트코인은 진짜 묻어놔야 했나벼~",
            "speaker": {
              "id": "1번",
              "sex": "여성",
              "age": "20대"
            },
            "speechAct": "(단언) 주장하기",
            "morpheme": "키키어맞아비트코인은진짜묻어놔야했나벼/UNKNOWN+~/SY"
          },
          {
            "id": 5,
            "text": "2 : 와 코인 사놀껄 그랬나",
            "norm_text": "와 코인 사놀껄 그랬나",
            "speaker": {
              "id": "2번",
              "sex": "여성",
              "age": "20대"
            },
            "speechAct": "(단언) 주장하기",
            "morpheme": "와코/NNP+인사/NNG+놀껄/UNKNOWN+그랬/VV+EP+나/EC"
          },
          {
            "id": 6,
            "text": "1 : 맞아 키키",
            "norm_text": "맞아 키키",
            "speaker": {
              "id": "1번",
              "sex": "여성",
              "age": "20대"
            },
            "speechAct": "(단언) 주장하기",
            "morpheme": "맞/VV+아/EC+키/NNG+키/XSV+ETN"
          },
          {
            "id": 7,
            "text": "1 : 근데 1코인에 지금 8천임 키키",
            "norm_text": "근데 1코인에 지금 8천임 키키",
            "speaker": {
              "id": "1번",
              "sex": "여성",
              "age": "20대"
            },
            "speechAct": "(단언) 진술하기",
            "morpheme": "근데/MAJ+1/SN+코인/NNG+에/JKB+지금/MAG+8/SN+천임/NNG+키/NNG+키/XSV+ETN"
          },
          {
            "id": 8,
            "text": "2 : 팔천만원? 에?",
            "norm_text": "팔천만원? 에?",
            "speaker": {
              "id": "2번",
              "sex": "여성",
              "age": "20대"
            },
            "speechAct": "턴토크 사인(관습적 반응)",
            "morpheme": "팔/NR+천만/NR+원/NNBC+에/IC"
          },
          {
            "id": 9,
            "text": "2 : 정말? 그렇다고?",
            "norm_text": "정말? 그렇다고?",
            "speaker": {
              "id": "2번",
              "sex": "여성",
              "age": "20대"
            },
            "speechAct": "(지시) 질문하기",
            "morpheme": "정말/MAG+그렇/VA+다고/EF"
          },
          {
            "id": 10,
            "text": "1 : 어 맞아 키키 8천만 원이래",
            "norm_text": "어 맞아 키키 8천만 원이래",
            "speaker": {
              "id": "1번",
              "sex": "여성",
              "age": "20대"
            },
            "speechAct": "(단언) 진술하기",
            "morpheme": "어/IC+맞/VV+아/EC+키/NNG+키/XSV+ETN+8/SN+천만/NR+원/NNBC+이래/NNG"
          },
          {
            "id": 11,
            "text": "1 : 최기에는 얼마였는 줄 알아?",
            "norm_text": "최기에는 얼마였는 줄 알아?",
            "speaker": {
              "id": "1번",
              "sex": "여성",
              "age": "20대"
            },
            "speechAct": "(지시) 질문하기",
            "morpheme": "최기/NNG+에/JKB+는/JX+얼마/NNG+였/VCP+EP+는/ETM+줄/NNB+알/VV+아/EF"
          },
          {
            "id": 12,
            "text": "2 : 와 우린 못사겠네 얼마?",
            "norm_text": "와 우린 못사겠네 얼마?",
            "speaker": {
              "id": "2번",
              "sex": "여성",
              "age": "20대"
            },
            "speechAct": "(지시) 질문하기",
            "morpheme": "와/IC+우린/NP+JX+못/MAG+사/VV+겠/EP+네/EF+얼마/NNG"
          },
          {
            "id": 13,
            "text": "1 : 초기에는 몇 백원이었대 키키",
            "norm_text": "초기에는 몇 백원이었대 키키",
            "speaker": {
              "id": "1번",
              "sex": "여성",
              "age": "20대"
            },
            "speechAct": "(단언) 진술하기",
            "morpheme": "초기/NNG+에/JKB+는/JX+몇/MM+백/NR+원/NNBC+이/VCP+었/EP+대/XPN+키/NNG+키/XSV+ETN"
          },
          {
            "id": 14,
            "text": "1 : 가격 대박이지?",
            "norm_text": "가격 대박이지?",
            "speaker": {
              "id": "1번",
              "sex": "여성",
              "age": "20대"
            },
            "speechAct": "(지시) 질문하기",
            "morpheme": "가격/NNG+대박/NNG+이/VCP+지/EF"
          },
          {
            "id": 15,
            "text": "2 : 키키 나도 지금 이상한 거 사논 거 있는데...",
            "norm_text": "키키 나도 지금 이상한 거 사논 거 있는데...",
            "speaker": {
              "id": "2번",
              "sex": "여성",
              "age": "20대"
            },
            "speechAct": "(단언) 진술하기",
            "morpheme": "키/NNG+키나/XSA+ETN+JX+도/JX+지금/MAG+이상/NNG+한/XSA+ETM+거/NNB+사/VV+EC+논/VX+ETM+거/NNB+있/VA+는데/EC+./SY+./SY"
          },
          {
            "id": 16,
            "text": "1 : 아 진짜?",
            "norm_text": "아 진짜?",
            "speaker": {
              "id": "1번",
              "sex": "여성",
              "age": "20대"
            },
            "speechAct": "턴토크 사인(관습적 반응)",
            "morpheme": "아/IC+진짜/MAG"
          },
          {
            "id": 17,
            "text": "1 : 그것도 가상화폐로 들어가?",
            "norm_text": "그것도 가상화폐로 들어가?",
            "speaker": {
              "id": "1번",
              "sex": "여성",
              "age": "20대"
            },
            "speechAct": "(지시) 질문하기",
            "morpheme": "그것/NP+도/JX+가상/NNG+화폐/NNG+로/JKB+들어가/VV+EF"
          },
          {
            "id": 18,
            "text": "2 : 웅 코인 같은 거?",
            "norm_text": "웅 코인 같은 거?",
            "speaker": {
              "id": "2번",
              "sex": "여성",
              "age": "20대"
            },
            "speechAct": "(단언) 진술하기",
            "morpheme": "웅/IC+코인/NNG+같/VA+은/ETM+거/NNB"
          },
          {
            "id": 19,
            "text": "2 : 그냥 사놨는게 마이너스 이십칠만원 키키",
            "norm_text": "그냥 사놨는게 마이너스 이십칠만원 키키",
            "speaker": {
              "id": "2번",
              "sex": "여성",
              "age": "20대"
            },
            "speechAct": "(단언) 진술하기",
            "morpheme": "그냥/MAG+사/VV+EC+놨/VX+EP+는/ETM+게/NNB+JKS+마이너스/NNG+이/NR+십/NR+칠만/NR+원/NNBC+키/NNG+키/XSV+ETN"
          },
          {
            "id": 20,
            "text": "1 : 오우 ㅜㅜ 그거는 뭔데 마이너스고 비트코인은 뭔데 ㅜㅜ",
            "norm_text": "오우 ㅜㅜ 그거는 뭔데 마이너스고 비트코인은 뭔데 ㅜㅜ",
            "speaker": {
              "id": "1번",
              "sex": "여성",
              "age": "20대"
            },
            "speechAct": "(단언) 주장하기",
            "morpheme": "오우/NNG+ㅜㅜ/UNKNOWN+그거/NP+는/JX+뭔데/NP+VCP+EC+마이너스/NNG+고/VCP+EC+비트코인/NNP+은/JX+뭔데/NP+VCP+EC+ㅜㅜ/UNKNOWN"
          },
          {
            "id": 21,
            "text": "2 : 그니까 나도 저거 묻어 놓으면 떡상 하려나",
            "norm_text": "그니까 나도 저거 묻어 놓으면 떡상 하려나",
            "speaker": {
              "id": "2번",
              "sex": "여성",
              "age": "20대"
            },
            "speechAct": "(단언) 주장하기",
            "morpheme": "그니까/MAJ+나/NP+도/JX+저거/NP+묻/VV+어/EC+놓/VX+으면/EC+떡/MAG+상하/VV+려나/EC"
          },
          {
            "id": 22,
            "text": "1 : 그냥 없는 돈이라고 생각하고 있어~",
            "norm_text": "그냥 없는 돈이라고 생각하고 있어~",
            "speaker": {
              "id": "1번",
              "sex": "여성",
              "age": "20대"
            },
            "speechAct": "(단언) 주장하기",
            "morpheme": "그냥/MAG+없/VA+는/ETM+돈/NNG+이/VCP+라고/EC+생각/NNG+하/XSV+고/EC+있/VX+어/EC+~/SY"
          },
          {
            "id": 23,
            "text": "2 : 맞아 지금 그러고 있어 흑흑",
            "norm_text": "맞아 지금 그러고 있어 흑흑",
            "speaker": {
              "id": "2번",
              "sex": "여성",
              "age": "20대"
            },
            "speechAct": "(단언) 진술하기",
            "morpheme": "맞아/IC+지금/MAG+그러/VV+고/EC+있/VX+어/EC+흑흑/MAG"
          }
        ]
      }
    }
  ]
}