{
  "dataset": {
    "identifier": 117357,
    "name": "FACEBOOK_102_11_set",
    "src_path": "/data/file/cubeManager/PROJECT001/77/txt20211028144832012442/FACEBOOK_102_11_set/",
    "label_path": "/data/file/cubeManager/PROJECT001/77/txt20211028144832012442/FACEBOOK_102_11_set/",
    "category": 2,
    "type": 0
  },
  "licenses": {
    "name": "Apache License 1.0",
    "url": "http://www.apache.org/licenses/LICENSE-1.0"
  },
  "info": [
    {
      "id": 100316,
      "filename": "FACEBOOK_102_11.txt",
      "title": "FACEBOOK_102_11",
      "mediatype": "SNS",
      "medianame": "페이스북",
      "category": "일상대화",
      "date": "2021-10-28",
      "size": 427,
      "annotations": {
        "subject": "게임",
        "speaker_type": "1:1",
        "size": 427,
        "word_size": 137,
        "text": "1 : 작은엄마는 어렸을 때 오락실 있었어?\n2 : 아니~\n2 : 없었지\n2 : 문방구에서 자주 놀았어\n1 : 그렇구나\n1 : 문방구에서 작은엄마도 뽑기 같은 거 했어?\n2 : 응~ 우리는 경상도라 쪽자라고 불러!\n1 : 아 진짜?\n1 : 쪽자?\n1 : 그때 한 번 뽑는데 얼마였어?\n2 : 그때는 500원 이면 모든 게 해결이었지~\n1 : 키키 근데 작은엄마 때면 500은 큰 돈 아니야?\n2 : 그럼~\n2 : 용돈인데 아껴 쓰지 못했어\n1 : 키키 와 작은엄마 완전 부르주아였네~\n2 : 아녀~\n2 : 그냥 쪽자가 재밌었지\n1 : 키키 나는 뽑기 1등도 뽑아봤다!\n2 : 뽑기는 잉어 그거 아니여?\n1 : 키키 아니 우리는 상품뽑기도 뽑기라고 했어!\n2 : 요새는 또 다양하게 많이 나오구만\n1 : 키키 라떼는 이거 50원 100원 이었는데 지금은 기본 500원이래!\n2 : 물가가 올라서 다들 그래",
        "lines": [
          {
            "id": 1,
            "text": "1 : 작은엄마는 어렸을 때 오락실 있었어?",
            "norm_text": "작은엄마는 어렸을 때 오락실 있었어?",
            "speaker": {
              "id": "1번",
              "sex": "여성",
              "age": "20대"
            },
            "speechAct": "(지시) 질문하기",
            "morpheme": "작/VA+은/ETM+엄마/NNG+는/JX+어렸/VA+EP+을/ETM+때/NNG+오락실/NNG+있/VV+었/EP+어/EF"
          },
          {
            "id": 2,
            "text": "2 : 아니~",
            "norm_text": "아니~",
            "speaker": {
              "id": "2번",
              "sex": "여성",
              "age": "40대"
            },
            "speechAct": "(단언) 주장하기",
            "morpheme": "아니/IC+~/SY"
          },
          {
            "id": 3,
            "text": "2 : 없었지",
            "norm_text": "없었지",
            "speaker": {
              "id": "2번",
              "sex": "여성",
              "age": "40대"
            },
            "speechAct": "(단언) 주장하기",
            "morpheme": "없/VA+었/EP+지/EC"
          },
          {
            "id": 4,
            "text": "2 : 문방구에서 자주 놀았어",
            "norm_text": "문방구에서 자주 놀았어",
            "speaker": {
              "id": "2번",
              "sex": "여성",
              "age": "40대"
            },
            "speechAct": "(단언) 주장하기",
            "morpheme": "문방구/NNG+에서/JKB+자주/MAG+놀/VV+았/EP+어/EC"
          },
          {
            "id": 5,
            "text": "1 : 그렇구나",
            "norm_text": "그렇구나",
            "speaker": {
              "id": "1번",
              "sex": "여성",
              "age": "20대"
            },
            "speechAct": "(단언) 주장하기",
            "morpheme": "그렇/VA+구나/EC"
          },
          {
            "id": 6,
            "text": "1 : 문방구에서 작은엄마도 뽑기 같은 거 했어?",
            "norm_text": "문방구에서 작은엄마도 뽑기 같은 거 했어?",
            "speaker": {
              "id": "1번",
              "sex": "여성",
              "age": "20대"
            },
            "speechAct": "(지시) 질문하기",
            "morpheme": "문방구/NNG+에서/JKB+작/VA+은/ETM+엄마/NNG+도/JX+뽑/VV+기/ETN+같/VA+은/ETM+거/NNB+했/VV+EP+어/EF"
          },
          {
            "id": 7,
            "text": "2 : 응~ 우리는 경상도라 쪽자라고 불러!",
            "norm_text": "응~ 우리는 경상도라 쪽자라고 불러!",
            "speaker": {
              "id": "2번",
              "sex": "여성",
              "age": "40대"
            },
            "speechAct": "(단언) 주장하기",
            "morpheme": "응/IC+~/SY+우리/NP+는/JX+경상도/NNP+라/VCP+EC+쪽자/NNG+라고/VCP+EC+불러/VV+EF"
          },
          {
            "id": 8,
            "text": "1 : 아 진짜?",
            "norm_text": "아 진짜?",
            "speaker": {
              "id": "1번",
              "sex": "여성",
              "age": "20대"
            },
            "speechAct": "(단언) 주장하기",
            "morpheme": "아/IC+진짜/MAG"
          },
          {
            "id": 9,
            "text": "1 : 쪽자?",
            "norm_text": "쪽자?",
            "speaker": {
              "id": "1번",
              "sex": "여성",
              "age": "20대"
            },
            "speechAct": "(단언) 주장하기",
            "morpheme": "쪽자/NNG"
          },
          {
            "id": 10,
            "text": "1 : 그때 한 번 뽑는데 얼마였어?",
            "norm_text": "그때 한 번 뽑는데 얼마였어?",
            "speaker": {
              "id": "1번",
              "sex": "여성",
              "age": "20대"
            },
            "speechAct": "(지시) 질문하기",
            "morpheme": "그때/NNG+한/MM+번/NNBC+뽑/VV+는데/EC+얼마/NNG+였/VCP+EP+어/EF"
          },
          {
            "id": 11,
            "text": "2 : 그때는 500원 이면 모든 게 해결이었지~",
            "norm_text": "그때는 500원 이면 모든 게 해결이었지~",
            "speaker": {
              "id": "2번",
              "sex": "여성",
              "age": "40대"
            },
            "speechAct": "(단언) 주장하기",
            "morpheme": "그때/NNG+는/JX+500/SN+원/NNBC+이/VCP+면/EC+모든/MM+게/NNB+JKS+해결/NNG+이/VCP+었/EP+지/EC+~/SY"
          },
          {
            "id": 12,
            "text": "1 : 키키 근데 작은엄마 때면 500은 큰 돈 아니야?",
            "norm_text": "키키 근데 작은엄마 때면 500은 큰 돈 아니야?",
            "speaker": {
              "id": "1번",
              "sex": "여성",
              "age": "20대"
            },
            "speechAct": "(지시) 질문하기",
            "morpheme": "키키근데작은엄마때면/UNKNOWN+500/SN+은/JX+큰/VA+ETM+돈/NNG+아니/VCN+야/EF"
          },
          {
            "id": 13,
            "text": "2 : 그럼~",
            "norm_text": "그럼~",
            "speaker": {
              "id": "2번",
              "sex": "여성",
              "age": "40대"
            },
            "speechAct": "(단언) 주장하기",
            "morpheme": "그럼/MAJ+~/SY"
          },
          {
            "id": 14,
            "text": "2 : 용돈인데 아껴 쓰지 못했어",
            "norm_text": "용돈인데 아껴 쓰지 못했어",
            "speaker": {
              "id": "2번",
              "sex": "여성",
              "age": "40대"
            },
            "speechAct": "(단언) 주장하기",
            "morpheme": "용돈/NNG+인데/VCP+EC+아껴/VV+EC+쓰/VV+지/EC+못했/VX+EP+어/EC"
          },
          {
            "id": 15,
            "text": "1 : 키키 와 작은엄마 완전 부르주아였네~",
            "norm_text": "키키 와 작은엄마 완전 부르주아였네~",
            "speaker": {
              "id": "1번",
              "sex": "여성",
              "age": "20대"
            },
            "speechAct": "(단언) 주장하기",
            "morpheme": "키키와작은엄마완전부르주아였네/UNKNOWN+~/SY"
          },
          {
            "id": 16,
            "text": "2 : 아녀~",
            "norm_text": "아녀~",
            "speaker": {
              "id": "2번",
              "sex": "여성",
              "age": "40대"
            },
            "speechAct": "(단언) 반박하기",
            "morpheme": "아녀/NNG+~/SY"
          },
          {
            "id": 17,
            "text": "2 : 그냥 쪽자가 재밌었지",
            "norm_text": "그냥 쪽자가 재밌었지",
            "speaker": {
              "id": "2번",
              "sex": "여성",
              "age": "40대"
            },
            "speechAct": "(단언) 주장하기",
            "morpheme": "그냥/MAG+쪽자/NNG+가/JKS+재밌/VA+었/EP+지/EC"
          },
          {
            "id": 18,
            "text": "1 : 키키 나는 뽑기 1등도 뽑아봤다!",
            "norm_text": "키키 나는 뽑기 1등도 뽑아봤다!",
            "speaker": {
              "id": "1번",
              "sex": "여성",
              "age": "20대"
            },
            "speechAct": "(단언) 주장하기",
            "morpheme": "키/NNG+키나/XSA+ETN+JX+는/JX+뽑/VV+기/ETN+1/SN+등/NNBC+도/JX+뽑/VV+아/EC+봤/VX+EP+다/EF"
          },
          {
            "id": 19,
            "text": "2 : 뽑기는 잉어 그거 아니여?",
            "norm_text": "뽑기는 잉어 그거 아니여?",
            "speaker": {
              "id": "2번",
              "sex": "여성",
              "age": "40대"
            },
            "speechAct": "(지시) 질문하기",
            "morpheme": "뽑/VV+기/ETN+는/JX+잉어/NNG+그거/NP+아니/VCN+여/EC"
          },
          {
            "id": 20,
            "text": "1 : 키키 아니 우리는 상품뽑기도 뽑기라고 했어!",
            "norm_text": "키키 아니 우리는 상품뽑기도 뽑기라고 했어!",
            "speaker": {
              "id": "1번",
              "sex": "여성",
              "age": "20대"
            },
            "speechAct": "(단언) 주장하기",
            "morpheme": "키/NNG+키/XSV+ETN+아니/VCN+우리/NP+는/JX+상품/NNG+뽑/VV+기/ETN+도/JX+뽑/VV+기/ETN+라고/VCP+EC+했/VX+EP+어/EF"
          },
          {
            "id": 21,
            "text": "2 : 요새는 또 다양하게 많이 나오구만",
            "norm_text": "요새는 또 다양하게 많이 나오구만",
            "speaker": {
              "id": "2번",
              "sex": "여성",
              "age": "40대"
            },
            "speechAct": "(단언) 주장하기",
            "morpheme": "요새/NNG+는/JX+또/MAG+다양/NNG+하/XSV+게/EC+많이/MAG+나오/VV+구만/EC"
          },
          {
            "id": 22,
            "text": "1 : 키키 라떼는 이거 50원 100원 이었는데 지금은 기본 500원이래!",
            "norm_text": "키키 라떼는 이거 50원 100원 이었는데 지금은 기본 500원이래!",
            "speaker": {
              "id": "1번",
              "sex": "여성",
              "age": "20대"
            },
            "speechAct": "(단언) 주장하기",
            "morpheme": "키/NNG+키/NNG+라떼/NNG+는/JX+이거/NP+50/SN+원/NNBC+100/SN+원/NNBC+이/VCP+었/EP+는데/EC+지금/MAG+은/JX+기본/NNG+500/SN+원/NNBC+이/VCP+래/EF"
          },
          {
            "id": 23,
            "text": "2 : 물가가 올라서 다들 그래",
            "norm_text": "물가가 올라서 다들 그래",
            "speaker": {
              "id": "2번",
              "sex": "여성",
              "age": "40대"
            },
            "speechAct": "(단언) 주장하기",
            "morpheme": "물가/NNG+가/JKS+올라서/VV+다/EC+들/XSN+그래/VA+EC"
          }
        ]
      }
    }
  ]
}