{
  "dataset": {
    "identifier": 117089,
    "name": "FACEBOOK_120_01_set",
    "src_path": "/data/file/cubeManager/PROJECT001/80/txt20211102113528084253/FACEBOOK_120_01_set/",
    "label_path": "/data/file/cubeManager/PROJECT001/80/txt20211102113528084253/FACEBOOK_120_01_set/",
    "category": 2,
    "type": 0
  },
  "licenses": {
    "name": "Apache License 1.0",
    "url": "http://www.apache.org/licenses/LICENSE-1.0"
  },
  "info": [
    {
      "id": 129884,
      "filename": "FACEBOOK_120_01.txt",
      "title": "FACEBOOK_120_01",
      "mediatype": "SNS",
      "medianame": "페이스북",
      "category": "일상대화",
      "date": "2021-11-02",
      "size": 413,
      "annotations": {
        "subject": "식음료",
        "speaker_type": "1:1",
        "size": 413,
        "word_size": 142,
        "text": "1 : 나 오늘 점심 밖에서 먹었는데 좀 짜증 났어!\n2 : 왜 밖에서 먹으면 좋지 않아?\n1 : 근데 밥이 나왔는데 그릇이 더러웠어!\n2 : 아 위생 별로인 데는 가기 싫어\n1 : 어 거기 진짜 유명한 곳이었거든!?\n2 : 유명한 곳에서 더더욱 그럼 안 되지 ㅡㅡ\n1 : 아니\n1 : 나는 분명히 카레를 시켰는데 왜 그릇이 빨개?\n2 : 뭐야\n2 : 뭐가 묻었길래 그런 거야?\n1 : 이제 고추기름 제대로 안 닦인 거겠지!\n2 : 아 헐 그럼 먹기 싫어 ㅡㅡ\n2 : 환불했어?\n1 : 아니,\n1 : 나 그냥 배고파서 먹었어,\n2 : 야 너 너무 착하다\n2 : 난 절대 못 먹어\n1 : 근데 나도 시간 많고 혼자 먹었으면 그냥 바로  환불했지!\n2 : 그래도 가게에 말은 하고 나왔지?\n1 : 어 했는데 그냥 죄송하다고만 하더라~\n2 : 쿠폰이라도 하나 챙겨 줘야지 너무하네",
        "lines": [
          {
            "id": 1,
            "text": "1 : 나 오늘 점심 밖에서 먹었는데 좀 짜증 났어!",
            "norm_text": "나 오늘 점심 밖에서 먹었는데 좀 짜증 났어!",
            "speaker": {
              "id": "1번",
              "sex": "여성",
              "age": "20대"
            },
            "speechAct": "(단언) 주장하기",
            "morpheme": "나/NP+오늘/MAG+점심/NNG+밖/NNG+에서/JKB+먹/VV+었/EP+는데/EC+좀/MAG+짜증/NNG+났/VV+EP+어/EF"
          },
          {
            "id": 2,
            "text": "2 : 왜 밖에서 먹으면 좋지 않아?",
            "norm_text": "왜 밖에서 먹으면 좋지 않아?",
            "speaker": {
              "id": "2번",
              "sex": "여성",
              "age": "20대"
            },
            "speechAct": "(지시) 질문하기",
            "morpheme": "왜/MAG+밖/NNG+에서/JKB+먹/VV+으면/EC+좋/VA+지/EC+않/VX+아/EF"
          },
          {
            "id": 3,
            "text": "1 : 근데 밥이 나왔는데 그릇이 더러웠어!",
            "norm_text": "근데 밥이 나왔는데 그릇이 더러웠어!",
            "speaker": {
              "id": "1번",
              "sex": "여성",
              "age": "20대"
            },
            "speechAct": "(단언) 주장하기",
            "morpheme": "근데/MAJ+밥/NNG+이/JKS+나왔/VV+EP+는데/EC+그릇/NNG+이/JKS+더러웠/VA+EP+어/EF"
          },
          {
            "id": 4,
            "text": "2 : 아 위생 별로인 데는 가기 싫어",
            "norm_text": "아 위생 별로인 데는 가기 싫어",
            "speaker": {
              "id": "2번",
              "sex": "여성",
              "age": "20대"
            },
            "speechAct": "(단언) 주장하기",
            "morpheme": "아/IC+위생/NNG+별/XSN+로/JKB+인/VCP+ETM+데/NNB+는/JX+가/VV+기/ETN+싫/VA+어/EC"
          },
          {
            "id": 5,
            "text": "1 : 어 거기 진짜 유명한 곳이었거든!?",
            "norm_text": "어 거기 진짜 유명한 곳이었거든!?",
            "speaker": {
              "id": "1번",
              "sex": "여성",
              "age": "20대"
            },
            "speechAct": "(단언) 주장하기",
            "morpheme": "어/IC+거기/NP+진짜/MAG+유명/XR+한/XSA+ETM+곳/NNG+이/VCP+었/EP+거든/EF+!/SY"
          },
          {
            "id": 6,
            "text": "2 : 유명한 곳에서 더더욱 그럼 안 되지 ㅡㅡ",
            "norm_text": "유명한 곳에서 더더욱 그럼 안 되지 ㅡㅡ",
            "speaker": {
              "id": "2번",
              "sex": "여성",
              "age": "20대"
            },
            "speechAct": "(단언) 주장하기",
            "morpheme": "유명/NNG+한/XSA+ETM+곳/NNG+에서/JKB+더더욱/MAG+그럼/MAJ+안/MAG+되/VV+지/EC+ㅡㅡ/UNKNOWN"
          },
          {
            "id": 7,
            "text": "1 : 아니",
            "norm_text": "아니",
            "speaker": {
              "id": "1번",
              "sex": "여성",
              "age": "20대"
            },
            "speechAct": "(단언) 주장하기",
            "morpheme": "아니/IC"
          },
          {
            "id": 8,
            "text": "1 : 나는 분명히 카레를 시켰는데 왜 그릇이 빨개?",
            "norm_text": "나는 분명히 카레를 시켰는데 왜 그릇이 빨개?",
            "speaker": {
              "id": "1번",
              "sex": "여성",
              "age": "20대"
            },
            "speechAct": "(단언) 주장하기",
            "morpheme": "나/NP+는/JX+분명히/MAG+카레/NNG+를/JKO+시켰/VV+EP+는데/EC+왜/MAG+그릇/NNG+이/JKS+빨개/VA+EC"
          },
          {
            "id": 9,
            "text": "2 : 뭐야",
            "norm_text": "뭐야",
            "speaker": {
              "id": "2번",
              "sex": "여성",
              "age": "20대"
            },
            "speechAct": "(단언) 주장하기",
            "morpheme": "뭐/NP+야/VCP+EF"
          },
          {
            "id": 10,
            "text": "2 : 뭐가 묻었길래 그런 거야?",
            "norm_text": "뭐가 묻었길래 그런 거야?",
            "speaker": {
              "id": "2번",
              "sex": "여성",
              "age": "20대"
            },
            "speechAct": "(지시) 질문하기",
            "morpheme": "뭐/NP+가/JKS+묻/VV+었/EP+길래/EC+그런/MM+거/NNB+야/VCP+EF"
          },
          {
            "id": 11,
            "text": "1 : 이제 고추기름 제대로 안 닦인 거겠지!",
            "norm_text": "이제 고추기름 제대로 안 닦인 거겠지!",
            "speaker": {
              "id": "1번",
              "sex": "여성",
              "age": "20대"
            },
            "speechAct": "(단언) 주장하기",
            "morpheme": "이제/MAG+고추기름/NNG+제대로/MAG+안/MAG+닦인/VV+ETM+거/NNB+겠/VCP+EP+지/EF"
          },
          {
            "id": 12,
            "text": "2 : 아 헐 그럼 먹기 싫어 ㅡㅡ",
            "norm_text": "아 헐 그럼 먹기 싫어 ㅡㅡ",
            "speaker": {
              "id": "2번",
              "sex": "여성",
              "age": "20대"
            },
            "speechAct": "(단언) 주장하기",
            "morpheme": "아/IC+헐/IC+그럼/MAJ+먹/VV+기/ETN+싫/VA+어/EC+ㅡㅡ/UNKNOWN"
          },
          {
            "id": 13,
            "text": "2 : 환불했어?",
            "norm_text": "환불했어?",
            "speaker": {
              "id": "2번",
              "sex": "여성",
              "age": "20대"
            },
            "speechAct": "(지시) 질문하기",
            "morpheme": "환불/NNG+했/XSV+EP+어/EF"
          },
          {
            "id": 14,
            "text": "1 : 아니,",
            "norm_text": "아니,",
            "speaker": {
              "id": "1번",
              "sex": "여성",
              "age": "20대"
            },
            "speechAct": "(단언) 주장하기",
            "morpheme": "아니/IC+,/SC"
          },
          {
            "id": 15,
            "text": "1 : 나 그냥 배고파서 먹었어,",
            "norm_text": "나 그냥 배고파서 먹었어,",
            "speaker": {
              "id": "1번",
              "sex": "여성",
              "age": "20대"
            },
            "speechAct": "(단언) 주장하기",
            "morpheme": "나/NP+그냥/MAG+배고파서/VA+EC+먹/VV+었/EP+어/EF+,/SC"
          },
          {
            "id": 16,
            "text": "2 : 야 너 너무 착하다",
            "norm_text": "야 너 너무 착하다",
            "speaker": {
              "id": "2번",
              "sex": "여성",
              "age": "20대"
            },
            "speechAct": "(단언) 주장하기",
            "morpheme": "야/IC+너/NP+너무/MAG+착하/VA+다/EC"
          },
          {
            "id": 17,
            "text": "2 : 난 절대 못 먹어",
            "norm_text": "난 절대 못 먹어",
            "speaker": {
              "id": "2번",
              "sex": "여성",
              "age": "20대"
            },
            "speechAct": "(단언) 주장하기",
            "morpheme": "난/NP+JX+절대/MAG+못/MAG+먹/VV+어/EC"
          },
          {
            "id": 18,
            "text": "1 : 근데 나도 시간 많고 혼자 먹었으면 그냥 바로  환불했지!",
            "norm_text": "근데 나도 시간 많고 혼자 먹었으면 그냥 바로  환불했지!",
            "speaker": {
              "id": "1번",
              "sex": "여성",
              "age": "20대"
            },
            "speechAct": "(단언) 주장하기",
            "morpheme": "근데/MAJ+나/NP+도/JX+시간/NNG+많/VA+고/EC+혼자/MAG+먹/VV+었/EP+으면/EC+그냥/MAG+바로/MAG+환불/NNG+했/XSV+EP+지/EF"
          },
          {
            "id": 19,
            "text": "2 : 그래도 가게에 말은 하고 나왔지?",
            "norm_text": "그래도 가게에 말은 하고 나왔지?",
            "speaker": {
              "id": "2번",
              "sex": "여성",
              "age": "20대"
            },
            "speechAct": "(지시) 질문하기",
            "morpheme": "그래도/MAJ+가게/NNG+에/JKB+말/NNG+은/JX+하/VV+고/EC+나왔/VV+EP+지/EF"
          },
          {
            "id": 20,
            "text": "1 : 어 했는데 그냥 죄송하다고만 하더라~",
            "norm_text": "어 했는데 그냥 죄송하다고만 하더라~",
            "speaker": {
              "id": "1번",
              "sex": "여성",
              "age": "20대"
            },
            "speechAct": "(단언) 주장하기",
            "morpheme": "어/IC+했/VV+EP+는데/EC+그냥/MAG+죄송/XR+하/XSA+다고/EC+만/JX+하/VV+더라/EC+~/SY"
          },
          {
            "id": 21,
            "text": "2 : 쿠폰이라도 하나 챙겨 줘야지 너무하네",
            "norm_text": "쿠폰이라도 하나 챙겨 줘야지 너무하네",
            "speaker": {
              "id": "2번",
              "sex": "여성",
              "age": "20대"
            },
            "speechAct": "(단언) 주장하기",
            "morpheme": "쿠폰/NNG+이/VCP+라도/EC+하나/NR+챙겨/VV+EC+줘야지/VX+EF+너무/MAG+하네/NNG"
          }
        ]
      }
    }
  ]
}