{
  "dataset": {
    "identifier": 117256,
    "name": "FACEBOOK_102_19_set",
    "src_path": "/data/file/cubeManager/PROJECT001/77/txt202110281448320187104/FACEBOOK_102_19_set/",
    "label_path": "/data/file/cubeManager/PROJECT001/77/txt202110281448320187104/FACEBOOK_102_19_set/",
    "category": 2,
    "type": 0
  },
  "licenses": {
    "name": "Apache License 1.0",
    "url": "http://www.apache.org/licenses/LICENSE-1.0"
  },
  "info": [
    {
      "id": 100324,
      "filename": "FACEBOOK_102_19.txt",
      "title": "FACEBOOK_102_19",
      "mediatype": "SNS",
      "medianame": "페이스북",
      "category": "일상대화",
      "date": "2021-10-28",
      "size": 459,
      "annotations": {
        "subject": "방송/연예",
        "speaker_type": "1:1",
        "size": 459,
        "word_size": 156,
        "text": "1 : 작은엄마도 무한도전 예전에 봤었어?\n2 : 무한도전 안 봤지~\n2 : 1박2일을 많이 봤지~\n1 : 아 그렇겠다~\n1 : 1박2일은 아직도 하잖아!\n2 : 예전에 재밌었지~\n2 : 나영석이 할 시절에\n1 : 아 그러면 작은엄마 그거 봐라\n1 : 그 신서유기!\n2 : 신서유기는 뭐지?\n2 : 요즘 예능을 안 봐~\n1 : 신서유기를 몰라?\n1 : 그거도 거의 1박2일 멤버가 나와서 하는 거야!\n2 : 아 그래?\n2 : 요즘은 사랑의 콜센타 보는데 하하\n1 : 키키 아 사랑의 콜센타 아직도 해?\n2 : 그럼 하하\n2 : 맨날 꼭 챙겨봐\n2 : 일주일에 한번\n1 : 키키 아 진짜?\n1 : 아직도 영웅띠랑 찬또배기 나와?\n2 : 응~ 우리 영웅 씨 보려고 내가 티비를 봐요 하하\n1 : 헐 ㅜㅜ 나는 찬또배기 보는데\n1 : 우리 엄마는 김오중 사랑하고!\n2 : 그게 요새 우리 집 낙이야\n1 : 키키 그거는 몇 시에 하는데?\n2 : 금요일 10시에 하는 거 같아",
        "lines": [
          {
            "id": 1,
            "text": "1 : 작은엄마도 무한도전 예전에 봤었어?",
            "norm_text": "작은엄마도 무한도전 예전에 봤었어?",
            "speaker": {
              "id": "1번",
              "sex": "여성",
              "age": "20대"
            },
            "speechAct": "(지시) 질문하기",
            "morpheme": "작/VA+은/ETM+엄마/NNG+도/JX+무한도전/NNP+예전/NNG+에/JKB+봤었/VV+EP+어/EF"
          },
          {
            "id": 2,
            "text": "2 : 무한도전 안 봤지~",
            "norm_text": "무한도전 안 봤지~",
            "speaker": {
              "id": "2번",
              "sex": "여성",
              "age": "40대"
            },
            "speechAct": "(단언) 주장하기",
            "morpheme": "무한/NNG+도/JX+전/NP+JX+안/MAG+봤/VV+EP+지/EC+~/SY"
          },
          {
            "id": 3,
            "text": "2 : 1박2일을 많이 봤지~",
            "norm_text": "1박2일을 많이 봤지~",
            "speaker": {
              "id": "2번",
              "sex": "여성",
              "age": "40대"
            },
            "speechAct": "(단언) 주장하기",
            "morpheme": "1/SN+박/NNBC+2/SN+일/NNBC+을/JKO+많이/MAG+봤/VV+EP+지/EC+~/SY"
          },
          {
            "id": 4,
            "text": "1 : 아 그렇겠다~",
            "norm_text": "아 그렇겠다~",
            "speaker": {
              "id": "1번",
              "sex": "여성",
              "age": "20대"
            },
            "speechAct": "(단언) 주장하기",
            "morpheme": "아/IC+그렇/VA+겠/EP+다/EC+~/SY"
          },
          {
            "id": 5,
            "text": "1 : 1박2일은 아직도 하잖아!",
            "norm_text": "1박2일은 아직도 하잖아!",
            "speaker": {
              "id": "1번",
              "sex": "여성",
              "age": "20대"
            },
            "speechAct": "(단언) 주장하기",
            "morpheme": "1/SN+박/NNBC+2/SN+일/NNBC+은/JX+아직/MAG+도/JX+하/VV+잖아/EF"
          },
          {
            "id": 6,
            "text": "2 : 예전에 재밌었지~",
            "norm_text": "예전에 재밌었지~",
            "speaker": {
              "id": "2번",
              "sex": "여성",
              "age": "40대"
            },
            "speechAct": "(단언) 주장하기",
            "morpheme": "예전/NNG+에/JKB+재밌/VA+었/EP+지/EC+~/SY"
          },
          {
            "id": 7,
            "text": "2 : 나영석이 할 시절에",
            "norm_text": "나영석이 할 시절에",
            "speaker": {
              "id": "2번",
              "sex": "여성",
              "age": "40대"
            },
            "speechAct": "(단언) 주장하기",
            "morpheme": "나영석/NNP+이/JKS+할/VV+ETM+시절/NNG+에/JKB"
          },
          {
            "id": 8,
            "text": "1 : 아 그러면 작은엄마 그거 봐라",
            "norm_text": "아 그러면 작은엄마 그거 봐라",
            "speaker": {
              "id": "1번",
              "sex": "여성",
              "age": "20대"
            },
            "speechAct": "(지시) 충고/제안하기",
            "morpheme": "아/IC+그러면/MAJ+작/VA+은/ETM+엄마/NNG+그거/NP+봐라/VV+EC"
          },
          {
            "id": 9,
            "text": "1 : 그 신서유기!",
            "norm_text": "그 신서유기!",
            "speaker": {
              "id": "1번",
              "sex": "여성",
              "age": "20대"
            },
            "speechAct": "(단언) 주장하기",
            "morpheme": "그/MM+신서/NNG+유기/NNG"
          },
          {
            "id": 10,
            "text": "2 : 신서유기는 뭐지?",
            "norm_text": "신서유기는 뭐지?",
            "speaker": {
              "id": "2번",
              "sex": "여성",
              "age": "40대"
            },
            "speechAct": "(지시) 질문하기",
            "morpheme": "신서/NNP+유기/NNG+는/JX+뭐/NP+지/VCP+EF"
          },
          {
            "id": 11,
            "text": "2 : 요즘 예능을 안 봐~",
            "norm_text": "요즘 예능을 안 봐~",
            "speaker": {
              "id": "2번",
              "sex": "여성",
              "age": "40대"
            },
            "speechAct": "(단언) 진술하기",
            "morpheme": "요즘/NNG+예능/NNG+을/JKO+안/MAG+봐/VV+EC+~/SY"
          },
          {
            "id": 12,
            "text": "1 : 신서유기를 몰라?",
            "norm_text": "신서유기를 몰라?",
            "speaker": {
              "id": "1번",
              "sex": "여성",
              "age": "20대"
            },
            "speechAct": "(지시) 질문하기",
            "morpheme": "신서/NNP+유기/NNG+를/JKO+몰라/VV+EF"
          },
          {
            "id": 13,
            "text": "1 : 그거도 거의 1박2일 멤버가 나와서 하는 거야!",
            "norm_text": "그거도 거의 1박2일 멤버가 나와서 하는 거야!",
            "speaker": {
              "id": "1번",
              "sex": "여성",
              "age": "20대"
            },
            "speechAct": "(단언) 진술하기",
            "morpheme": "그거/NP+도/JX+거의/MAG+1/SN+박/NNBC+2/SN+일/NNBC+멤버/NNG+가/JKS+나와서/VV+EC+하/VV+는/ETM+거/NNB+야/VCP+EF"
          },
          {
            "id": 14,
            "text": "2 : 아 그래?",
            "norm_text": "아 그래?",
            "speaker": {
              "id": "2번",
              "sex": "여성",
              "age": "40대"
            },
            "speechAct": "턴토크 사인(관습적 반응)",
            "morpheme": "아/IC+그래/IC"
          },
          {
            "id": 15,
            "text": "2 : 요즘은 사랑의 콜센타 보는데 하하",
            "norm_text": "요즘은 사랑의 콜센타 보는데 하하",
            "speaker": {
              "id": "2번",
              "sex": "여성",
              "age": "40대"
            },
            "speechAct": "(단언) 진술하기",
            "morpheme": "요즘/NNG+은/JX+사랑/NNG+의/JKG+콜/NNG+센/NNG+타/XSV+EC+보/VX+는데/EC+하하/MAG"
          },
          {
            "id": 16,
            "text": "1 : 키키 아 사랑의 콜센타 아직도 해?",
            "norm_text": "키키 아 사랑의 콜센타 아직도 해?",
            "speaker": {
              "id": "1번",
              "sex": "여성",
              "age": "20대"
            },
            "speechAct": "(지시) 질문하기",
            "morpheme": "키/NNG+키/VV+아/EC+사랑/NNG+의/JKG+콜/NNG+센타/NNP+아직/MAG+도/JX+해/VV+EF"
          },
          {
            "id": 17,
            "text": "2 : 그럼 하하",
            "norm_text": "그럼 하하",
            "speaker": {
              "id": "2번",
              "sex": "여성",
              "age": "40대"
            },
            "speechAct": "턴토크 사인(관습적 반응)",
            "morpheme": "그럼/MAJ+하하/MAG"
          },
          {
            "id": 18,
            "text": "2 : 맨날 꼭 챙겨봐",
            "norm_text": "맨날 꼭 챙겨봐",
            "speaker": {
              "id": "2번",
              "sex": "여성",
              "age": "40대"
            },
            "speechAct": "(단언) 진술하기",
            "morpheme": "맨날/MAG+꼭/MAG+챙겨/VV+EC+봐/VX+EC"
          },
          {
            "id": 19,
            "text": "2 : 일주일에 한번",
            "norm_text": "일주일에 한번",
            "speaker": {
              "id": "2번",
              "sex": "여성",
              "age": "40대"
            },
            "speechAct": "(단언) 진술하기",
            "morpheme": "일/NR+주일/NNBC+에/JKB+한/MM+번/NNBC"
          },
          {
            "id": 20,
            "text": "1 : 키키 아 진짜?",
            "norm_text": "키키 아 진짜?",
            "speaker": {
              "id": "1번",
              "sex": "여성",
              "age": "20대"
            },
            "speechAct": "(단언) 주장하기",
            "morpheme": "키/NNG+키/VV+아/EC+진짜/MAG"
          },
          {
            "id": 21,
            "text": "1 : 아직도 영웅띠랑 찬또배기 나와?",
            "norm_text": "아직도 영웅띠랑 찬또배기 나와?",
            "speaker": {
              "id": "1번",
              "sex": "여성",
              "age": "20대"
            },
            "speechAct": "(지시) 질문하기",
            "morpheme": "아직/MAG+도/JX+영웅/NNG+띠/NNG+랑/JKB+찬/VV+ETM+또/MAG+배기/NNG+나와/VV+EF"
          },
          {
            "id": 22,
            "text": "2 : 응~ 우리 영웅 씨 보려고 내가 티비를 봐요 하하",
            "norm_text": "응~ 우리 영웅 씨 보려고 내가 티비를 봐요 하하",
            "speaker": {
              "id": "2번",
              "sex": "여성",
              "age": "40대"
            },
            "speechAct": "(단언) 주장하기",
            "morpheme": "응/IC+~/SY+우리영웅씨보려고내가티비를봐요하하/UNKNOWN"
          },
          {
            "id": 23,
            "text": "1 : 헐 ㅜㅜ 나는 찬또배기 보는데",
            "norm_text": "헐 ㅜㅜ 나는 찬또배기 보는데",
            "speaker": {
              "id": "1번",
              "sex": "여성",
              "age": "20대"
            },
            "speechAct": "(단언) 주장하기",
            "morpheme": "헐/VV+JKO+ㅜㅜ/UNKNOWN+나/NP+는/JX+찬/VA+ETM+또/MAG+배기/NNG+보/VV+는데/EC"
          },
          {
            "id": 24,
            "text": "1 : 우리 엄마는 김오중 사랑하고!",
            "norm_text": "우리 엄마는 김오중 사랑하고!",
            "speaker": {
              "id": "1번",
              "sex": "여성",
              "age": "20대"
            },
            "speechAct": "(단언) 주장하기",
            "morpheme": "우리/NP+엄마/NNG+는/JX+김오중/NNP+사랑/NNG+하/XSV+고/EC"
          },
          {
            "id": 25,
            "text": "2 : 그게 요새 우리 집 낙이야",
            "norm_text": "그게 요새 우리 집 낙이야",
            "speaker": {
              "id": "2번",
              "sex": "여성",
              "age": "40대"
            },
            "speechAct": "(단언) 주장하기",
            "morpheme": "그게/NP+JKS+요새/MAG+우리/NP+집/NNG+낙/NNG+이/VCP+야/EC"
          },
          {
            "id": 26,
            "text": "1 : 키키 그거는 몇 시에 하는데?",
            "norm_text": "키키 그거는 몇 시에 하는데?",
            "speaker": {
              "id": "1번",
              "sex": "여성",
              "age": "20대"
            },
            "speechAct": "(지시) 질문하기",
            "morpheme": "키/NNG+키/XSV+ETN+그거/NP+는/JX+몇/MM+시/NNBC+에/JKB+하/VV+는데/EC"
          },
          {
            "id": 27,
            "text": "2 : 금요일 10시에 하는 거 같아",
            "norm_text": "금요일 10시에 하는 거 같아",
            "speaker": {
              "id": "2번",
              "sex": "여성",
              "age": "40대"
            },
            "speechAct": "(단언) 주장하기",
            "morpheme": "금요일/NNG+10/SN+시/NNBC+에/JKB+하/VV+는/ETM+거/NNB+같/VA+아/EC"
          }
        ]
      }
    }
  ]
}