{
  "dataset": {
    "identifier": 98006,
    "name": "FACEBOOK_107_16_set",
    "src_path": "/data/file/cubeManager/PROJECT001/77/txt20211029160805034093/FACEBOOK_107_16_set/",
    "label_path": "/data/file/cubeManager/PROJECT001/77/txt20211029160805034093/FACEBOOK_107_16_set/",
    "category": 2,
    "type": 0
  },
  "licenses": {
    "name": "Apache License 1.0",
    "url": "http://www.apache.org/licenses/LICENSE-1.0"
  },
  "info": [
    {
      "id": 111284,
      "filename": "FACEBOOK_107_16.txt",
      "title": "FACEBOOK_107_16",
      "mediatype": "SNS",
      "medianame": "페이스북",
      "category": "일상대화",
      "date": "2021-10-29",
      "size": 454,
      "annotations": {
        "subject": "미용",
        "speaker_type": "1:1",
        "size": 454,
        "word_size": 166,
        "text": "1 : 언니는 파운데이션 어디 꺼 써?\n2 : 나는 샤넬 쓰다가 지금 헤라꺼 쓰고 있어\n1 : 와 근데 비싼 게 비싼 값을 하는 거 같아!\n2 : 난 선물 받은 거라 걍 쓰는 즁 원래 싼 거 썼는데ㅜㅜ\n1 : 와 부럽다 키키\n1 : 나는 에스티로더 써 봤는데 진짜 좋아!\n1 : 언니 이거 써봤어?\n2 : 아니 그건 머야?\n2 : 안 써봤어\n1 : 에스티로더 파데 진짜 유명하잖아!\n1 : 몰라!?\n2 : 커버 좋아?\n2 : 어때?\n2 : 사볼까\n1 : 완전 좋아!\n1 : 내 친구 여드름 범벅인데 다 가려져!\n1 : 컨실러 필요 없어!\n2 : 와 근데 너무 두꺼운 거 아냐?\n1 : 어 맞아 키키\n1 : 대신에 두껍게 바르긴 하지 키키\n2 : 진짜 피부 좋아야 최고지\n1 : 키키 맞아 ㅜㅜ\n1 : 샤넬은 들뜨는 거 없어?\n2 : 샤넬은 뭔가 커버가 없어ㅜㅜ\n1 : 그래서 헤라로 넘어간 거야?\n2 : 웅 헤라도 걍 그래\n2 : 내가 잘 화장을 안 해 키키",
        "lines": [
          {
            "id": 1,
            "text": "1 : 언니는 파운데이션 어디 꺼 써?",
            "norm_text": "언니는 파운데이션 어디 꺼 써?",
            "speaker": {
              "id": "1번",
              "sex": "여성",
              "age": "20대"
            },
            "speechAct": "(지시) 질문하기",
            "morpheme": "언니/NNG+는/JX+파운데이션/NNG+어디/NP+꺼/VV+EC+써/VV+EF"
          },
          {
            "id": 2,
            "text": "2 : 나는 샤넬 쓰다가 지금 헤라꺼 쓰고 있어",
            "norm_text": "나는 샤넬 쓰다가 지금 헤라꺼 쓰고 있어",
            "speaker": {
              "id": "2번",
              "sex": "여성",
              "age": "20대"
            },
            "speechAct": "(단언) 주장하기",
            "morpheme": "나/NP+는/JX+샤넬/NNP+쓰/VV+다가/EC+지금/NNG+헤라/XSV+EF+꺼/MAG+쓰/VV+고/EC+있/VX+어/EC"
          },
          {
            "id": 3,
            "text": "1 : 와 근데 비싼 게 비싼 값을 하는 거 같아!",
            "norm_text": "와 근데 비싼 게 비싼 값을 하는 거 같아!",
            "speaker": {
              "id": "1번",
              "sex": "여성",
              "age": "20대"
            },
            "speechAct": "(단언) 주장하기",
            "morpheme": "와/IC+근데/MAJ+비싼/VA+ETM+게/NNB+JKS+비싼/VA+ETM+값/NNG+을/JKO+하/VV+는/ETM+거/NNB+같/VA+아/EF"
          },
          {
            "id": 4,
            "text": "2 : 난 선물 받은 거라 걍 쓰는 즁 원래 싼 거 썼는데ㅜㅜ",
            "norm_text": "난 선물 받은 거라 걍 쓰는 즁 원래 싼 거 썼는데ㅜㅜ",
            "speaker": {
              "id": "2번",
              "sex": "여성",
              "age": "20대"
            },
            "speechAct": "(단언) 주장하기",
            "morpheme": "난/NP+JX+선물/NNG+받/VV+은/ETM+거/NNB+라걍/UNKNOWN+쓰/VV+는/ETM+즁/UNKNOWN+원래/MAG+싼/VA+ETM+거/NNB+썼/VV+EP+는데/EC+ㅜㅜ/UNKNOWN"
          },
          {
            "id": 5,
            "text": "1 : 와 부럽다 키키",
            "norm_text": "와 부럽다 키키",
            "speaker": {
              "id": "1번",
              "sex": "여성",
              "age": "20대"
            },
            "speechAct": "(단언) 주장하기",
            "morpheme": "와부/NNP+럽/NNP+다키키/NNP"
          },
          {
            "id": 6,
            "text": "1 : 나는 에스티로더 써 봤는데 진짜 좋아!",
            "norm_text": "나는 에스티로더 써 봤는데 진짜 좋아!",
            "speaker": {
              "id": "1번",
              "sex": "여성",
              "age": "20대"
            },
            "speechAct": "(단언) 주장하기",
            "morpheme": "나/NP+는/JX+에스티/NNG+로/JKB+더/MAG+써/VV+EC+봤/VX+EP+는데/EC+진짜/MAG+좋/VA+아/EF"
          },
          {
            "id": 7,
            "text": "1 : 언니 이거 써봤어?",
            "norm_text": "언니 이거 써봤어?",
            "speaker": {
              "id": "1번",
              "sex": "여성",
              "age": "20대"
            },
            "speechAct": "(지시) 질문하기",
            "morpheme": "언니/NNG+이거/NP+써/VV+EC+봤/VX+EP+어/EF"
          },
          {
            "id": 8,
            "text": "2 : 아니 그건 머야?",
            "norm_text": "아니 그건 머야?",
            "speaker": {
              "id": "2번",
              "sex": "여성",
              "age": "20대"
            },
            "speechAct": "(지시) 질문하기",
            "morpheme": "아니/IC+그건/NP+JX+머/NP+야/VCP+EF"
          },
          {
            "id": 9,
            "text": "2 : 안 써봤어",
            "norm_text": "안 써봤어",
            "speaker": {
              "id": "2번",
              "sex": "여성",
              "age": "20대"
            },
            "speechAct": "(단언) 주장하기",
            "morpheme": "안/MAG+써/VV+EC+봤/VX+EP+어/EC"
          },
          {
            "id": 10,
            "text": "1 : 에스티로더 파데 진짜 유명하잖아!",
            "norm_text": "에스티로더 파데 진짜 유명하잖아!",
            "speaker": {
              "id": "1번",
              "sex": "여성",
              "age": "20대"
            },
            "speechAct": "(단언) 주장하기",
            "morpheme": "에스티/NNG+로/JKB+더/MAG+파/VV+데/EC+진짜/MAG+유명/NNG+하/XSV+잖아/EC+VX+EF"
          },
          {
            "id": 11,
            "text": "1 : 몰라!?",
            "norm_text": "몰라!?",
            "speaker": {
              "id": "1번",
              "sex": "여성",
              "age": "20대"
            },
            "speechAct": "(단언) 주장하기",
            "morpheme": "몰라/VV+EC+!/SY"
          },
          {
            "id": 12,
            "text": "2 : 커버 좋아?",
            "norm_text": "커버 좋아?",
            "speaker": {
              "id": "2번",
              "sex": "여성",
              "age": "20대"
            },
            "speechAct": "(지시) 질문하기",
            "morpheme": "커버/NNG+좋/VA+아/EF"
          },
          {
            "id": 13,
            "text": "2 : 어때?",
            "norm_text": "어때?",
            "speaker": {
              "id": "2번",
              "sex": "여성",
              "age": "20대"
            },
            "speechAct": "(단언) 주장하기",
            "morpheme": "어때/VA+EF"
          },
          {
            "id": 14,
            "text": "2 : 사볼까",
            "norm_text": "사볼까",
            "speaker": {
              "id": "2번",
              "sex": "여성",
              "age": "20대"
            },
            "speechAct": "(단언) 주장하기",
            "morpheme": "사/VV+EC+볼까/VX+EC"
          },
          {
            "id": 15,
            "text": "1 : 완전 좋아!",
            "norm_text": "완전 좋아!",
            "speaker": {
              "id": "1번",
              "sex": "여성",
              "age": "20대"
            },
            "speechAct": "(단언) 주장하기",
            "morpheme": "완전/MAG+좋/VA+아/EF"
          },
          {
            "id": 16,
            "text": "1 : 내 친구 여드름 범벅인데 다 가려져!",
            "norm_text": "내 친구 여드름 범벅인데 다 가려져!",
            "speaker": {
              "id": "1번",
              "sex": "여성",
              "age": "20대"
            },
            "speechAct": "(단언) 주장하기",
            "morpheme": "내/NP+JKG+친구/NNG+여드름/NNG+범벅/NNG+인데다/VCP+EC+가려져/VV+EC+VX+EC"
          },
          {
            "id": 17,
            "text": "1 : 컨실러 필요 없어!",
            "norm_text": "컨실러 필요 없어!",
            "speaker": {
              "id": "1번",
              "sex": "여성",
              "age": "20대"
            },
            "speechAct": "(단언) 주장하기",
            "morpheme": "컨/NNP+실러/NNP+필요/NNG+없/VA+어/EF"
          },
          {
            "id": 18,
            "text": "2 : 와 근데 너무 두꺼운 거 아냐?",
            "norm_text": "와 근데 너무 두꺼운 거 아냐?",
            "speaker": {
              "id": "2번",
              "sex": "여성",
              "age": "20대"
            },
            "speechAct": "(지시) 질문하기",
            "morpheme": "와/IC+근데/MAJ+너무/MAG+두꺼운/VA+ETM+거/NNB+아냐/VCN+EF"
          },
          {
            "id": 19,
            "text": "1 : 어 맞아 키키",
            "norm_text": "어 맞아 키키",
            "speaker": {
              "id": "1번",
              "sex": "여성",
              "age": "20대"
            },
            "speechAct": "(단언) 주장하기",
            "morpheme": "어/IC+맞/VV+아/EC+키/NNG+키/XSV+ETN"
          },
          {
            "id": 20,
            "text": "1 : 대신에 두껍게 바르긴 하지 키키",
            "norm_text": "대신에 두껍게 바르긴 하지 키키",
            "speaker": {
              "id": "1번",
              "sex": "여성",
              "age": "20대"
            },
            "speechAct": "(단언) 주장하기",
            "morpheme": "대신/NNG+에/JKB+두껍/VA+게/EC+바르/VV+긴/ETN+JX+하/VX+지/EC+키/NNG+키/XSV+ETN"
          },
          {
            "id": 21,
            "text": "2 : 진짜 피부 좋아야 최고지",
            "norm_text": "진짜 피부 좋아야 최고지",
            "speaker": {
              "id": "2번",
              "sex": "여성",
              "age": "20대"
            },
            "speechAct": "(단언) 주장하기",
            "morpheme": "진짜/MAG+피부/NNG+좋/VA+아야/EC+최고/NNG+지/VCP+EC"
          },
          {
            "id": 22,
            "text": "1 : 키키 맞아 ㅜㅜ",
            "norm_text": "키키 맞아 ㅜㅜ",
            "speaker": {
              "id": "1번",
              "sex": "여성",
              "age": "20대"
            },
            "speechAct": "(단언) 주장하기",
            "morpheme": "키키맞아ㅜㅜ/UNKNOWN"
          },
          {
            "id": 23,
            "text": "1 : 샤넬은 들뜨는 거 없어?",
            "norm_text": "샤넬은 들뜨는 거 없어?",
            "speaker": {
              "id": "1번",
              "sex": "여성",
              "age": "20대"
            },
            "speechAct": "(지시) 질문하기",
            "morpheme": "샤넬/NNP+은/JX+들뜨/VV+는/ETM+거/NNB+없/VA+어/EF"
          },
          {
            "id": 24,
            "text": "2 : 샤넬은 뭔가 커버가 없어ㅜㅜ",
            "norm_text": "샤넬은 뭔가 커버가 없어ㅜㅜ",
            "speaker": {
              "id": "2번",
              "sex": "여성",
              "age": "20대"
            },
            "speechAct": "(단언) 주장하기",
            "morpheme": "샤넬/NNP+은/JX+뭔가/NP+VCP+EC+커버/NNG+가/JKS+없/VA+어/EC+ㅜㅜ/UNKNOWN"
          },
          {
            "id": 25,
            "text": "1 : 그래서 헤라로 넘어간 거야?",
            "norm_text": "그래서 헤라로 넘어간 거야?",
            "speaker": {
              "id": "1번",
              "sex": "여성",
              "age": "20대"
            },
            "speechAct": "(지시) 질문하기",
            "morpheme": "그래서/MAJ+헤라/NNG+로/JKB+넘어간/VV+ETM+거/NNB+야/VCP+EF"
          },
          {
            "id": 26,
            "text": "2 : 웅 헤라도 걍 그래",
            "norm_text": "웅 헤라도 걍 그래",
            "speaker": {
              "id": "2번",
              "sex": "여성",
              "age": "20대"
            },
            "speechAct": "(단언) 주장하기",
            "morpheme": "웅헤라도걍그래/UNKNOWN"
          },
          {
            "id": 27,
            "text": "2 : 내가 잘 화장을 안 해 키키",
            "norm_text": "내가 잘 화장을 안 해 키키",
            "speaker": {
              "id": "2번",
              "sex": "여성",
              "age": "20대"
            },
            "speechAct": "(단언) 주장하기",
            "morpheme": "내/NP+가/JKS+잘/MAG+화장/NNG+을/JKO+안/MAG+해/VV+EC+키/NNG+키/XSV+ETN"
          }
        ]
      }
    }
  ]
}