{
  "dataset": {
    "identifier": 118288,
    "name": "FACEBOOK_118_01_set",
    "src_path": "/data/file/cubeManager/PROJECT001/80/txt202111021033310448110/FACEBOOK_118_01_set/",
    "label_path": "/data/file/cubeManager/PROJECT001/80/txt202111021033310448110/FACEBOOK_118_01_set/",
    "category": 2,
    "type": 0
  },
  "licenses": {
    "name": "Apache License 1.0",
    "url": "http://www.apache.org/licenses/LICENSE-1.0"
  },
  "info": [
    {
      "id": 129664,
      "filename": "FACEBOOK_118_01.txt",
      "title": "FACEBOOK_118_01",
      "mediatype": "SNS",
      "medianame": "페이스북",
      "category": "일상대화",
      "date": "2021-11-02",
      "size": 393,
      "annotations": {
        "subject": "식음료",
        "speaker_type": "1:1",
        "size": 393,
        "word_size": 129,
        "text": "1 : 나 밥 먹고 디저트는 뭐 먹지?\n2 : 디저트는 무조건 단 걸로 시켜야지\n1 : 키키 나 저번에 요거트 아이스크림에 과자 같이 먹었는데 진짜 존맛!\n2 : 무슨 과자로 같이 먹었는데?\n1 : 그 빼빼로 같은 거랑 아몬드 초콜릿이랑 같이 먹었어!\n2 : 뺴빼로 크런치로 나온 거 먹어봐\n1 : 어 진짜?  빼빼로 크런치도 나왔어?\n2 : 이거 나온 지 좀 됐는데~\n1 : 나 원래 과자는 잘 안 먹거든! ㅜㅜ\n2 : 그거 먹으면 진짜 신세계 키키\n1 : 헐 그러면 오늘도 아이스크림을 시켜야 하는 건가!?\n2 : 아이스크림 필수니까 꼭 시켜~\n1 : 키키 오 그러면 저번에 시켰던 그 집에서 시켜야겠다\n2 : 응 키키 먹고 후기 알려줘\n1 : 근데 여기 최소 주문이 12000원이야 ㅜ\n2 : 헐 키키 너무 비싼 거 아니야?",
        "lines": [
          {
            "id": 1,
            "text": "1 : 나 밥 먹고 디저트는 뭐 먹지?",
            "norm_text": "나 밥 먹고 디저트는 뭐 먹지?",
            "speaker": {
              "id": "1번",
              "sex": "여성",
              "age": "20대"
            },
            "speechAct": "(지시) 질문하기",
            "morpheme": "나/NP+밥/NNG+먹/VV+고/EC+디저트/NNG+는/JX+뭐/IC+먹/VV+지/EF"
          },
          {
            "id": 2,
            "text": "2 : 디저트는 무조건 단 걸로 시켜야지",
            "norm_text": "디저트는 무조건 단 걸로 시켜야지",
            "speaker": {
              "id": "2번",
              "sex": "여성",
              "age": "20대"
            },
            "speechAct": "(단언) 주장하기",
            "morpheme": "디저트/NNG+는/JX+무조건/MAG+단/VA+ETM+걸로/NNB+JKB+시켜야/VV+EC+VX+지/EC"
          },
          {
            "id": 3,
            "text": "1 : 키키 나 저번에 요거트 아이스크림에 과자 같이 먹었는데 진짜 존맛!",
            "norm_text": "키키 나 저번에 요거트 아이스크림에 과자 같이 먹었는데 진짜 존맛!",
            "speaker": {
              "id": "1번",
              "sex": "여성",
              "age": "20대"
            },
            "speechAct": "(단언) 진술하기",
            "morpheme": "키/NNG+키나/XSA+ETN+JX+저번/NNG+에/JKB+요/MM+거트/NNG+아이스크림/NNG+에/JKB+과자/NNG+같이/JKB+먹/VV+었/EP+는데/EC+진짜/MAG+존/NNP+맛/NNG"
          },
          {
            "id": 4,
            "text": "2 : 무슨 과자로 같이 먹었는데?",
            "norm_text": "무슨 과자로 같이 먹었는데?",
            "speaker": {
              "id": "2번",
              "sex": "여성",
              "age": "20대"
            },
            "speechAct": "(지시) 질문하기",
            "morpheme": "무슨/MM+과자/NNG+로/JKB+같이/MAG+먹/VV+었/EP+는데/EF"
          },
          {
            "id": 5,
            "text": "1 : 그 빼빼로 같은 거랑 아몬드 초콜릿이랑 같이 먹었어!",
            "norm_text": "그 빼빼로 같은 거랑 아몬드 초콜릿이랑 같이 먹었어!",
            "speaker": {
              "id": "1번",
              "sex": "여성",
              "age": "20대"
            },
            "speechAct": "(단언) 진술하기",
            "morpheme": "그/MM+빼빼/NNG+로/JKB+같/VA+은/ETM+거/NNB+랑/JC+아몬드/NNP+초콜릿/NNP+이/XSN+랑/JKB+같이/MAG+먹/VV+었/EP+어/EF"
          },
          {
            "id": 6,
            "text": "2 : 뺴빼로 크런치로 나온 거 먹어봐",
            "norm_text": "뺴빼로 크런치로 나온 거 먹어봐",
            "speaker": {
              "id": "2번",
              "sex": "여성",
              "age": "20대"
            },
            "speechAct": "(지시) 충고/제안하기",
            "morpheme": "뺴빼/UNKNOWN+로/JKB+크런치/NNG+로/JKB+나온/VV+ETM+거/NNB+먹/VV+어/EC+봐/VX+EC"
          },
          {
            "id": 7,
            "text": "1 : 어 진짜?  빼빼로 크런치도 나왔어?",
            "norm_text": "어 진짜?  빼빼로 크런치도 나왔어?",
            "speaker": {
              "id": "1번",
              "sex": "여성",
              "age": "20대"
            },
            "speechAct": "(지시) 질문하기",
            "morpheme": "어/IC+진짜/MAG+빼빼/NNG+로/JKB+크런치/NNG+도/JX+나왔/VV+EP+어/EF"
          },
          {
            "id": 8,
            "text": "2 : 이거 나온 지 좀 됐는데~",
            "norm_text": "이거 나온 지 좀 됐는데~",
            "speaker": {
              "id": "2번",
              "sex": "여성",
              "age": "20대"
            },
            "speechAct": "(단언) 진술하기",
            "morpheme": "이거/NP+나온지/VV+EC+좀/MAG+됐/VV+EP+는데/EC+~/SY"
          },
          {
            "id": 9,
            "text": "1 : 나 원래 과자는 잘 안 먹거든! ㅜㅜ",
            "norm_text": "나 원래 과자는 잘 안 먹거든! ㅜㅜ",
            "speaker": {
              "id": "1번",
              "sex": "여성",
              "age": "20대"
            },
            "speechAct": "(단언) 주장하기",
            "morpheme": "나/NP+원래/MAG+과자/NNG+는/JX+잘/MAG+안/MAG+먹/VV+거든/EF+ㅜㅜ/UNKNOWN"
          },
          {
            "id": 10,
            "text": "2 : 그거 먹으면 진짜 신세계 키키",
            "norm_text": "그거 먹으면 진짜 신세계 키키",
            "speaker": {
              "id": "2번",
              "sex": "여성",
              "age": "20대"
            },
            "speechAct": "(단언) 주장하기",
            "morpheme": "그거/NP+먹/VV+으면/EC+진짜/MAG+신세계/NNG+키/NNG+키/XSV+ETN"
          },
          {
            "id": 11,
            "text": "1 : 헐 그러면 오늘도 아이스크림을 시켜야 하는 건가!?",
            "norm_text": "헐 그러면 오늘도 아이스크림을 시켜야 하는 건가!?",
            "speaker": {
              "id": "1번",
              "sex": "여성",
              "age": "20대"
            },
            "speechAct": "(단언) 주장하기",
            "morpheme": "헐/IC+그러면/MAJ+오늘/NNG+도/JX+아이스크림/NNG+을/JKO+시켜야/VV+EC+하/VV+는/ETM+건가/NNB+VCP+EC+!/SY"
          },
          {
            "id": 12,
            "text": "2 : 아이스크림 필수니까 꼭 시켜~",
            "norm_text": "아이스크림 필수니까 꼭 시켜~",
            "speaker": {
              "id": "2번",
              "sex": "여성",
              "age": "20대"
            },
            "speechAct": "(지시) 충고/제안하기",
            "morpheme": "아이스크림/NNG+필수/NNG+니까/VCP+EC+꼭/MAG+시켜/VV+EC+~/SY"
          },
          {
            "id": 13,
            "text": "1 : 키키 오 그러면 저번에 시켰던 그 집에서 시켜야겠다",
            "norm_text": "키키 오 그러면 저번에 시켰던 그 집에서 시켜야겠다",
            "speaker": {
              "id": "1번",
              "sex": "여성",
              "age": "20대"
            },
            "speechAct": "(언약) 약속하기(제3자와)/(개인적 수준)",
            "morpheme": "키/NNG+키/VV+오/EC+그러/VV+면/EC+저번/NNG+에/JKB+시켰/VV+EP+던/ETM+그/MM+집/NNG+에서/JKB+시켜야/VV+EC+VX+겠/EP+다/EC"
          },
          {
            "id": 14,
            "text": "2 : 응 키키 먹고 후기 알려줘",
            "norm_text": "응 키키 먹고 후기 알려줘",
            "speaker": {
              "id": "2번",
              "sex": "여성",
              "age": "20대"
            },
            "speechAct": "(지시) 명령/요구하기",
            "morpheme": "응/IC+키/NNG+키/XSV+ETN+먹/VV+고/EC+후기/NNG+알려줘/VV+EC+VX+EC"
          },
          {
            "id": 15,
            "text": "1 : 근데 여기 최소 주문이 12000원이야 ㅜ",
            "norm_text": "근데 여기 최소 주문이 12000원이야 ㅜ",
            "speaker": {
              "id": "1번",
              "sex": "여성",
              "age": "20대"
            },
            "speechAct": "(단언) 진술하기",
            "morpheme": "근데/MAJ+여기/NP+최소/NNG+주문/NNG+이/JKS+12000/SN+원/NNBC+이/VCP+야/EF+ㅜ/UNKNOWN"
          },
          {
            "id": 16,
            "text": "2 : 헐 키키 너무 비싼 거 아니야?",
            "norm_text": "헐 키키 너무 비싼 거 아니야?",
            "speaker": {
              "id": "2번",
              "sex": "여성",
              "age": "20대"
            },
            "speechAct": "(단언) 주장하기",
            "morpheme": "헐/IC+키/NNG+키/NNG+너무/MAG+비싼/VA+ETM+거/NNB+아니/VCN+야/EF"
          }
        ]
      }
    }
  ]
}