{
  "dataset": {
    "identifier": 116883,
    "name": "FACEBOOK_120_19_set",
    "src_path": "/data/file/cubeManager/PROJECT001/80/txt20211102113528099222/FACEBOOK_120_19_set/",
    "label_path": "/data/file/cubeManager/PROJECT001/80/txt20211102113528099222/FACEBOOK_120_19_set/",
    "category": 2,
    "type": 0
  },
  "licenses": {
    "name": "Apache License 1.0",
    "url": "http://www.apache.org/licenses/LICENSE-1.0"
  },
  "info": [
    {
      "id": 129902,
      "filename": "FACEBOOK_120_19.txt",
      "title": "FACEBOOK_120_19",
      "mediatype": "SNS",
      "medianame": "페이스북",
      "category": "일상대화",
      "date": "2021-11-02",
      "size": 496,
      "annotations": {
        "subject": "방송/연예",
        "speaker_type": "1:1",
        "size": 496,
        "word_size": 170,
        "text": "1 : 1박2일 사망자 명단 봤어?\n2 : 엥 웬 사망자 명단?\n1 : 최근에는 김선호가 사망했잖아\n1 : 그 명단 나왔는데 못 봤으?  키키\n2 : 어어 김선호 사망은 아는데 키키\n2 :  명단은 왜 나온 거야?\n1 : 이전에 누가 사망했는지 알아? 키키\n2 : 아 정준영 그 게이트?\n1 : 어 맞아 키키\n1 : 김선호 전에는 정준영 키키\n1 :  그전에는 누구게?\n2 : 그전에는 mc몽 이런 쪽 아닌가?\n1 : 그거는 초반이고 그전에는 엄태웅 키키\n2 : 아 맞아\n2 : 근데 무도는 사건이 없는데 1박2일은 항상 있더라 키키\n1 : 아니야\n1 : 무도도 결국에 노홍철 음주운전 이런 일 있었잖아\n1 : 길도 그렇고!!\n2 : 아냐\n2 : 그래도 느낌이 너무 달라 키키\n1 : 아 맞아\n1 : 진짜 1박2일 애들은 너무 큰 사고를 쳤어!\n2 : 맞아\n2 : 다 줄줄이 소세지마냥 키키\n2 : 사고 치고 떠나잖아\n1 : 맞아 ㅜㅜ\n1 : 이걸 버티는 1박2일 프로그램이 대단한 듯!\n2 : 그것도 그렇고 김종민도 같이 대단한 듯!",
        "lines": [
          {
            "id": 1,
            "text": "1 : 1박2일 사망자 명단 봤어?",
            "norm_text": "1박2일 사망자 명단 봤어?",
            "speaker": {
              "id": "1번",
              "sex": "여성",
              "age": "20대"
            },
            "speechAct": "(지시) 질문하기",
            "morpheme": "1/SN+박/NNBC+2/SN+일/NNBC+사망자/NNG+명단/NNG+봤/VV+EP+어/EF"
          },
          {
            "id": 2,
            "text": "2 : 엥 웬 사망자 명단?",
            "norm_text": "엥 웬 사망자 명단?",
            "speaker": {
              "id": "2번",
              "sex": "여성",
              "age": "20대"
            },
            "speechAct": "(지시) 질문하기",
            "morpheme": "엥/IC+웬/MM+사망자/NNG+명단/NNG"
          },
          {
            "id": 3,
            "text": "1 : 최근에는 김선호가 사망했잖아",
            "norm_text": "최근에는 김선호가 사망했잖아",
            "speaker": {
              "id": "1번",
              "sex": "여성",
              "age": "20대"
            },
            "speechAct": "(단언) 주장하기",
            "morpheme": "최근/NNG+에/JKB+는/JX+김선호/NNP+가/JKS+사망/NNG+했/XSV+EP+잖아/EC"
          },
          {
            "id": 4,
            "text": "1 : 그 명단 나왔는데 못 봤으?  키키",
            "norm_text": "그 명단 나왔는데 못 봤으?  키키",
            "speaker": {
              "id": "1번",
              "sex": "여성",
              "age": "20대"
            },
            "speechAct": "(지시) 질문하기",
            "morpheme": "그/MM+명단/NNG+나왔/VV+EP+는데/EC+못/MAG+봤/VV+EP+으/EF+키/NNG+키/XSV+ETN"
          },
          {
            "id": 5,
            "text": "2 : 어어 김선호 사망은 아는데 키키",
            "norm_text": "어어 김선호 사망은 아는데 키키",
            "speaker": {
              "id": "2번",
              "sex": "여성",
              "age": "20대"
            },
            "speechAct": "(단언) 주장하기",
            "morpheme": "어/IC+어/IC+김선호/NNP+사망/NNG+은/JX+아/VV+는데/EC+키/NNG+키/XSV+ETN"
          },
          {
            "id": 6,
            "text": "2 :  명단은 왜 나온 거야?",
            "norm_text": "명단은 왜 나온 거야?",
            "speaker": {
              "id": "2번",
              "sex": "여성",
              "age": "20대"
            },
            "speechAct": "(지시) 질문하기",
            "morpheme": "명단/NNG+은/JX+왜/MAG+나온/VV+ETM+거/NNB+야/VCP+EF"
          },
          {
            "id": 7,
            "text": "1 : 이전에 누가 사망했는지 알아? 키키",
            "norm_text": "이전에 누가 사망했는지 알아? 키키",
            "speaker": {
              "id": "1번",
              "sex": "여성",
              "age": "20대"
            },
            "speechAct": "(지시) 질문하기",
            "morpheme": "이전/NNG+에/JKB+누가/NP+JKS+사망/NNG+했/XSV+EP+는지/EC+알/VV+아/EF+키/NNG+키/XSV+ETN"
          },
          {
            "id": 8,
            "text": "2 : 아 정준영 그 게이트?",
            "norm_text": "아 정준영 그 게이트?",
            "speaker": {
              "id": "2번",
              "sex": "여성",
              "age": "20대"
            },
            "speechAct": "(지시) 명령/요구하기",
            "morpheme": "아/IC+정준영/NNP+그게/NP+JKS+이트/NNP"
          },
          {
            "id": 9,
            "text": "1 : 어 맞아 키키",
            "norm_text": "어 맞아 키키",
            "speaker": {
              "id": "1번",
              "sex": "여성",
              "age": "20대"
            },
            "speechAct": "(단언) 주장하기",
            "morpheme": "어/IC+맞/VV+아/EC+키/NNG+키/XSV+ETN"
          },
          {
            "id": 10,
            "text": "1 : 김선호 전에는 정준영 키키",
            "norm_text": "김선호 전에는 정준영 키키",
            "speaker": {
              "id": "1번",
              "sex": "여성",
              "age": "20대"
            },
            "speechAct": "(단언) 진술하기",
            "morpheme": "김선호/NNP+전/NNG+에/JKB+는/JX+정준영/NNP+키키/NNP"
          },
          {
            "id": 11,
            "text": "1 :  그전에는 누구게?",
            "norm_text": "그전에는 누구게?",
            "speaker": {
              "id": "1번",
              "sex": "여성",
              "age": "20대"
            },
            "speechAct": "(지시) 질문하기",
            "morpheme": "그/MM+전/NNG+에/JKB+는/JX+누구/NP+게/JKB"
          },
          {
            "id": 12,
            "text": "2 : 그전에는 mc몽 이런 쪽 아닌가?",
            "norm_text": "그전에는 mc몽 이런 쪽 아닌가?",
            "speaker": {
              "id": "2번",
              "sex": "여성",
              "age": "20대"
            },
            "speechAct": "(지시) 질문하기",
            "morpheme": "그/MM+전/NNG+에/JKB+는/JX+mc/SL+몽/NNG+이런/MM+쪽/NNB+아닌가/VCN+EF"
          },
          {
            "id": 13,
            "text": "1 : 그거는 초반이고 그전에는 엄태웅 키키",
            "norm_text": "그거는 초반이고 그전에는 엄태웅 키키",
            "speaker": {
              "id": "1번",
              "sex": "여성",
              "age": "20대"
            },
            "speechAct": "(단언) 진술하기",
            "morpheme": "그거/NP+는/JX+초반/NNG+이/VCP+고/EC+그/MM+전/NNG+에/JKB+는/JX+엄태웅/NNP+키키/NNP"
          },
          {
            "id": 14,
            "text": "2 : 아 맞아",
            "norm_text": "아 맞아",
            "speaker": {
              "id": "2번",
              "sex": "여성",
              "age": "20대"
            },
            "speechAct": "(단언) 주장하기",
            "morpheme": "아/IC+맞/VV+아/EC"
          },
          {
            "id": 15,
            "text": "2 : 근데 무도는 사건이 없는데 1박2일은 항상 있더라 키키",
            "norm_text": "근데 무도는 사건이 없는데 1박2일은 항상 있더라 키키",
            "speaker": {
              "id": "2번",
              "sex": "여성",
              "age": "20대"
            },
            "speechAct": "(단언) 주장하기",
            "morpheme": "근데/MAJ+무도/NNG+는/JX+사건/NNG+이/JKS+없/VA+는데/EC+1/SN+박/NNBC+2/SN+일/NNBC+은/JX+항상/MAG+있/VV+더라/EC+키/NNG+키/XSV+ETN"
          },
          {
            "id": 16,
            "text": "1 : 아니야",
            "norm_text": "아니야",
            "speaker": {
              "id": "1번",
              "sex": "여성",
              "age": "20대"
            },
            "speechAct": "(단언) 주장하기",
            "morpheme": "아니/VCN+야/EC"
          },
          {
            "id": 17,
            "text": "1 : 무도도 결국에 노홍철 음주운전 이런 일 있었잖아",
            "norm_text": "무도도 결국에 노홍철 음주운전 이런 일 있었잖아",
            "speaker": {
              "id": "1번",
              "sex": "여성",
              "age": "20대"
            },
            "speechAct": "(단언) 진술하기",
            "morpheme": "무도/NNG+도/JX+결국/NNG+에/JKB+노홍철/NNP+음주운전/NNP+이런/MM+일/NNG+있/VV+었잖/EC+VX+아/EC"
          },
          {
            "id": 18,
            "text": "1 : 길도 그렇고!!",
            "norm_text": "길도 그렇고!!",
            "speaker": {
              "id": "1번",
              "sex": "여성",
              "age": "20대"
            },
            "speechAct": "(단언) 진술하기",
            "morpheme": "길/NNG+도/JX+그렇/VA+고/EC+!/SY"
          },
          {
            "id": 19,
            "text": "2 : 아냐",
            "norm_text": "아냐",
            "speaker": {
              "id": "2번",
              "sex": "여성",
              "age": "20대"
            },
            "speechAct": "(단언) 주장하기",
            "morpheme": "아냐/VCN+EC"
          },
          {
            "id": 20,
            "text": "2 : 그래도 느낌이 너무 달라 키키",
            "norm_text": "그래도 느낌이 너무 달라 키키",
            "speaker": {
              "id": "2번",
              "sex": "여성",
              "age": "20대"
            },
            "speechAct": "(단언) 주장하기",
            "morpheme": "그래도/MAJ+느낌/NNG+이/JKS+너무/MAG+달라/VA+EC+키/NNG+키/XSV+ETN"
          },
          {
            "id": 21,
            "text": "1 : 아 맞아",
            "norm_text": "아 맞아",
            "speaker": {
              "id": "1번",
              "sex": "여성",
              "age": "20대"
            },
            "speechAct": "(단언) 주장하기",
            "morpheme": "아/IC+맞/VV+아/EC"
          },
          {
            "id": 22,
            "text": "1 : 진짜 1박2일 애들은 너무 큰 사고를 쳤어!",
            "norm_text": "진짜 1박2일 애들은 너무 큰 사고를 쳤어!",
            "speaker": {
              "id": "1번",
              "sex": "여성",
              "age": "20대"
            },
            "speechAct": "(단언) 주장하기",
            "morpheme": "진짜/MAG+1/SN+박/NNBC+2/SN+일/NNBC+애/NNG+들/XSN+은/JX+너무/MAG+큰/VA+ETM+사고/NNG+를/JKO+쳤/VV+EP+어/EF"
          },
          {
            "id": 23,
            "text": "2 : 맞아",
            "norm_text": "맞아",
            "speaker": {
              "id": "2번",
              "sex": "여성",
              "age": "20대"
            },
            "speechAct": "(단언) 주장하기",
            "morpheme": "맞/VV+아/EC"
          },
          {
            "id": 24,
            "text": "2 : 다 줄줄이 소세지마냥 키키",
            "norm_text": "다 줄줄이 소세지마냥 키키",
            "speaker": {
              "id": "2번",
              "sex": "여성",
              "age": "20대"
            },
            "speechAct": "(단언) 주장하기",
            "morpheme": "다/MAG+줄줄이/MAG+소세지/NNG+마냥/JKB+키/NNG+키/XSV+ETN"
          },
          {
            "id": 25,
            "text": "2 : 사고 치고 떠나잖아",
            "norm_text": "사고 치고 떠나잖아",
            "speaker": {
              "id": "2번",
              "sex": "여성",
              "age": "20대"
            },
            "speechAct": "(단언) 주장하기",
            "morpheme": "사고/NNG+치/VV+고/EC+떠나/VV+잖아/EC"
          },
          {
            "id": 26,
            "text": "1 : 맞아 ㅜㅜ",
            "norm_text": "맞아 ㅜㅜ",
            "speaker": {
              "id": "1번",
              "sex": "여성",
              "age": "20대"
            },
            "speechAct": "(단언) 주장하기",
            "morpheme": "맞아ㅜㅜ/UNKNOWN"
          },
          {
            "id": 27,
            "text": "1 : 이걸 버티는 1박2일 프로그램이 대단한 듯!",
            "norm_text": "이걸 버티는 1박2일 프로그램이 대단한 듯!",
            "speaker": {
              "id": "1번",
              "sex": "여성",
              "age": "20대"
            },
            "speechAct": "(단언) 주장하기",
            "morpheme": "이걸/NP+JKO+버티/VV+는/ETM+1/SN+박/NNBC+2/SN+일/NNBC+프로그램/NNG+이/JKS+대단/XR+한/XSA+ETM+듯/NNB"
          },
          {
            "id": 28,
            "text": "2 : 그것도 그렇고 김종민도 같이 대단한 듯!",
            "norm_text": "그것도 그렇고 김종민도 같이 대단한 듯!",
            "speaker": {
              "id": "2번",
              "sex": "여성",
              "age": "20대"
            },
            "speechAct": "(단언) 주장하기",
            "morpheme": "그것/NP+도/JX+그렇/VA+고/EC+김종민/NNP+도/JX+같이/MAG+대단/XR+한/XSA+ETM+듯/NNB"
          }
        ]
      }
    }
  ]
}