{
  "dataset": {
    "identifier": 117202,
    "name": "FACEBOOK_105_17_set",
    "src_path": "/data/file/cubeManager/PROJECT001/77/txt20211028144832043691/FACEBOOK_105_17_set/",
    "label_path": "/data/file/cubeManager/PROJECT001/77/txt20211028144832043691/FACEBOOK_105_17_set/",
    "category": 2,
    "type": 0
  },
  "licenses": {
    "name": "Apache License 1.0",
    "url": "http://www.apache.org/licenses/LICENSE-1.0"
  },
  "info": [
    {
      "id": 100342,
      "filename": "FACEBOOK_105_17.txt",
      "title": "FACEBOOK_105_17",
      "mediatype": "SNS",
      "medianame": "페이스북",
      "category": "일상대화",
      "date": "2021-10-28",
      "size": 436,
      "annotations": {
        "subject": "건강",
        "speaker_type": "1:1",
        "size": 436,
        "word_size": 149,
        "text": "1 : 오빠 나 아까 넘어졌어\n2 : 너는 손 베이고 넘어지고 왜 그러니\n1 : 그래서 지금 무릎 다 깨졌어\n2 : 헐 엄청 아팠겠다\n2 : 인라인 탔어?\n1 : 아니\n1 : 계단에서 넘어졌어 아뽀,\n2 : 계단에서 한눈 팔고 내려갔구먼...\n2 : 핸드폰 그만 봐\n1 : 키키 하 몰라 몰라!\n1 : 근데 이거 바세린 바르면 괜찮아지나?\n2 : 바세린 말고 마데카솔 후시딘 이런 거 발라야 되는 거 아니야?\n1 : 약국 가기 너무 귀찮은데? 흠흠,\n2 : 메디폼을 하나 사서 붙여\n2 : 그래야 흉 안 지지\n1 : 메디폼에 연고 성분이 있어서 그것만 붙이면 돼?\n2 : 글쎄 그거까진 모르겠고 그거 쓰는 게 좋은 거 아니야?\n1 : 그게 흉이 잘 안 져지는 건가?\n2 : 나도 잘 모르겠다\n2 : 한번 검색 해봐야겠는 걸 키키\n1 : 키키 응 검색하고 나한테 알려줘~\n2 : 오케\n2 : 내가 한번 찾아보고 알려줄게~",
        "lines": [
          {
            "id": 1,
            "text": "1 : 오빠 나 아까 넘어졌어",
            "norm_text": "오빠 나 아까 넘어졌어",
            "speaker": {
              "id": "1번",
              "sex": "여성",
              "age": "20대"
            },
            "speechAct": "(단언) 진술하기",
            "morpheme": "오빠/NNG+나/JC+아까/MAG+넘어졌/VV+EP+어/EC"
          },
          {
            "id": 2,
            "text": "2 : 너는 손 베이고 넘어지고 왜 그러니",
            "norm_text": "너는 손 베이고 넘어지고 왜 그러니",
            "speaker": {
              "id": "2번",
              "sex": "남성",
              "age": "20대"
            },
            "speechAct": "(단언) 주장하기",
            "morpheme": "너/NP+는/JX+손/NNG+베이/VV+고/EC+넘어지/VV+고/EC+왜/MAG+그러/VV+니/EC"
          },
          {
            "id": 3,
            "text": "1 : 그래서 지금 무릎 다 깨졌어",
            "norm_text": "그래서 지금 무릎 다 깨졌어",
            "speaker": {
              "id": "1번",
              "sex": "여성",
              "age": "20대"
            },
            "speechAct": "(단언) 진술하기",
            "morpheme": "그래서/MAJ+지금/MAG+무릎/NNG+다/MAG+깨졌/VV+EP+어/EC"
          },
          {
            "id": 4,
            "text": "2 : 헐 엄청 아팠겠다",
            "norm_text": "헐 엄청 아팠겠다",
            "speaker": {
              "id": "2번",
              "sex": "남성",
              "age": "20대"
            },
            "speechAct": "(단언) 주장하기",
            "morpheme": "헐/IC+엄청/MAG+아팠/VA+EP+겠/EP+다/EC"
          },
          {
            "id": 5,
            "text": "2 : 인라인 탔어?",
            "norm_text": "인라인 탔어?",
            "speaker": {
              "id": "2번",
              "sex": "남성",
              "age": "20대"
            },
            "speechAct": "(지시) 질문하기",
            "morpheme": "인라인/NNG+탔/VV+EP+어/EF"
          },
          {
            "id": 6,
            "text": "1 : 아니",
            "norm_text": "아니",
            "speaker": {
              "id": "1번",
              "sex": "여성",
              "age": "20대"
            },
            "speechAct": "(단언) 주장하기",
            "morpheme": "아니/IC"
          },
          {
            "id": 7,
            "text": "1 : 계단에서 넘어졌어 아뽀,",
            "norm_text": "계단에서 넘어졌어 아뽀,",
            "speaker": {
              "id": "1번",
              "sex": "여성",
              "age": "20대"
            },
            "speechAct": "(단언) 진술하기",
            "morpheme": "계단/NNG+에서/JKB+넘어졌/VV+EP+어/EF+아/IC+뽀/MAG+,/SC"
          },
          {
            "id": 8,
            "text": "2 : 계단에서 한눈 팔고 내려갔구먼...",
            "norm_text": "계단에서 한눈 팔고 내려갔구먼...",
            "speaker": {
              "id": "2번",
              "sex": "남성",
              "age": "20대"
            },
            "speechAct": "(단언) 주장하기",
            "morpheme": "계단/NNG+에서/JKB+한눈팔/VV+고/EC+내려갔/VV+EP+구먼/EF+./SY"
          },
          {
            "id": 9,
            "text": "2 : 핸드폰 그만 봐",
            "norm_text": "핸드폰 그만 봐",
            "speaker": {
              "id": "2번",
              "sex": "남성",
              "age": "20대"
            },
            "speechAct": "(단언) 주장하기",
            "morpheme": "핸드폰/NNG+그만/MAG+봐/VV+EC"
          },
          {
            "id": 10,
            "text": "1 : 키키 하 몰라 몰라!",
            "norm_text": "키키 하 몰라 몰라!",
            "speaker": {
              "id": "1번",
              "sex": "여성",
              "age": "20대"
            },
            "speechAct": "(단언) 주장하기",
            "morpheme": "키/NNG+키/NNG+하/XSV+몰라/VV+EC+몰라/VV+EF"
          },
          {
            "id": 11,
            "text": "1 : 근데 이거 바세린 바르면 괜찮아지나?",
            "norm_text": "근데 이거 바세린 바르면 괜찮아지나?",
            "speaker": {
              "id": "1번",
              "sex": "여성",
              "age": "20대"
            },
            "speechAct": "(지시) 질문하기",
            "morpheme": "근데/MAJ+이거/NP+바세린/NNP+바르/VV+면/EC+괜찮/VA+아/EC+지/VX+나/EF"
          },
          {
            "id": 12,
            "text": "2 : 바세린 말고 마데카솔 후시딘 이런 거 발라야 되는 거 아니야?",
            "norm_text": "바세린 말고 마데카솔 후시딘 이런 거 발라야 되는 거 아니야?",
            "speaker": {
              "id": "2번",
              "sex": "남성",
              "age": "20대"
            },
            "speechAct": "(지시) 질문하기",
            "morpheme": "바세린/NNP+말/NNG+고마/NNG+데카/NNG+솔/NNG+후시/NNG+딘/NNP+이런/MM+거/NNB+발라야/VV+EC+되/VV+는/ETM+거/NNB+아니/VCN+야/EF"
          },
          {
            "id": 13,
            "text": "1 : 약국 가기 너무 귀찮은데? 흠흠,",
            "norm_text": "약국 가기 너무 귀찮은데? 흠흠,",
            "speaker": {
              "id": "1번",
              "sex": "여성",
              "age": "20대"
            },
            "speechAct": "(단언) 주장하기",
            "morpheme": "약국/NNG+가/VV+기/ETN+너무/MAG+귀찮/VA+은데/EF+흠흠/IC+,/SC"
          },
          {
            "id": 14,
            "text": "2 : 메디폼을 하나 사서 붙여",
            "norm_text": "메디폼을 하나 사서 붙여",
            "speaker": {
              "id": "2번",
              "sex": "남성",
              "age": "20대"
            },
            "speechAct": "(단언) 주장하기",
            "morpheme": "메디/NNP+폼/NNG+을/JKO+하나/NR+사/VV+서/EC+붙여/VV+EC"
          },
          {
            "id": 15,
            "text": "2 : 그래야 흉 안 지지",
            "norm_text": "그래야 흉 안 지지",
            "speaker": {
              "id": "2번",
              "sex": "남성",
              "age": "20대"
            },
            "speechAct": "(단언) 주장하기",
            "morpheme": "그래야/MAJ+흉/NNG+안/MAG+지/VV+지/EC"
          },
          {
            "id": 16,
            "text": "1 : 메디폼에 연고 성분이 있어서 그것만 붙이면 돼?",
            "norm_text": "메디폼에 연고 성분이 있어서 그것만 붙이면 돼?",
            "speaker": {
              "id": "1번",
              "sex": "여성",
              "age": "20대"
            },
            "speechAct": "(지시) 질문하기",
            "morpheme": "메디/NNP+폼/NNG+에/JKB+연고/NNG+성분/NNG+이/JKS+있/VV+어서/EC+그것/NP+만/JX+붙이/VV+면/EC+돼/VV+EF"
          },
          {
            "id": 17,
            "text": "2 : 글쎄 그거까진 모르겠고 그거 쓰는 게 좋은 거 아니야?",
            "norm_text": "글쎄 그거까진 모르겠고 그거 쓰는 게 좋은 거 아니야?",
            "speaker": {
              "id": "2번",
              "sex": "남성",
              "age": "20대"
            },
            "speechAct": "(지시) 질문하기",
            "morpheme": "글쎄/IC+그거/NP+까진/JX+JX+모르/VV+겠/EP+고/EC+그거/NP+쓰/VV+는/ETM+게/NNB+JKS+좋/VA+은/ETM+거/NNB+아니/VCN+야/EF"
          },
          {
            "id": 18,
            "text": "1 : 그게 흉이 잘 안 져지는 건가?",
            "norm_text": "그게 흉이 잘 안 져지는 건가?",
            "speaker": {
              "id": "1번",
              "sex": "여성",
              "age": "20대"
            },
            "speechAct": "(지시) 질문하기",
            "morpheme": "그게/NP+JKS+흉/NNG+이/JKS+잘/MAG+안/MAG+져/VV+EC+지/VX+는/ETM+건가/NNB+VCP+EF"
          },
          {
            "id": 19,
            "text": "2 : 나도 잘 모르겠다",
            "norm_text": "나도 잘 모르겠다",
            "speaker": {
              "id": "2번",
              "sex": "남성",
              "age": "20대"
            },
            "speechAct": "(단언) 주장하기",
            "morpheme": "나/NP+도/JX+잘/MAG+모르/VV+겠/EP+다/EC"
          },
          {
            "id": 20,
            "text": "2 : 한번 검색 해봐야겠는 걸 키키",
            "norm_text": "한번 검색 해봐야겠는 걸 키키",
            "speaker": {
              "id": "2번",
              "sex": "남성",
              "age": "20대"
            },
            "speechAct": "(단언) 주장하기",
            "morpheme": "한/MM+번/NNBC+검색/NNG+해봐야/XSV+EC+VX+EC+VX+겠/EP+는/ETM+걸/NNB+JKO+키/NNG+키/XSV+ETN"
          },
          {
            "id": 21,
            "text": "1 : 키키 응 검색하고 나한테 알려줘~",
            "norm_text": "키키 응 검색하고 나한테 알려줘~",
            "speaker": {
              "id": "1번",
              "sex": "여성",
              "age": "20대"
            },
            "speechAct": "(지시) 부탁하기",
            "morpheme": "키/NNG+키/XSV+ETN+응/IC+검색/NNG+하/XSV+고/EC+나/NP+한테/JKB+알려줘/VV+EC+VX+EC+~/SY"
          },
          {
            "id": 22,
            "text": "2 : 오케",
            "norm_text": "오케",
            "speaker": {
              "id": "2번",
              "sex": "남성",
              "age": "20대"
            },
            "speechAct": "(단언) 주장하기",
            "morpheme": "오/VV+케/EC"
          },
          {
            "id": 23,
            "text": "2 : 내가 한번 찾아보고 알려줄게~",
            "norm_text": "내가 한번 찾아보고 알려줄게~",
            "speaker": {
              "id": "2번",
              "sex": "남성",
              "age": "20대"
            },
            "speechAct": "(언약) 약속하기(제3자와)/(개인적 수준)",
            "morpheme": "내/NP+가/JKS+한/MM+번/NNBC+찾아보/VV+고/EC+알려/VV+EC+줄/VX+ETM+게/NNB+JKS+~/SY"
          }
        ]
      }
    }
  ]
}