{
  "dataset": {
    "identifier": 98731,
    "name": "FACEBOOK_115_16_set",
    "src_path": "/data/file/cubeManager/PROJECT001/77/txt202110291533560349100/FACEBOOK_115_16_set/",
    "label_path": "/data/file/cubeManager/PROJECT001/77/txt202110291533560349100/FACEBOOK_115_16_set/",
    "category": 2,
    "type": 0
  },
  "licenses": {
    "name": "Apache License 1.0",
    "url": "http://www.apache.org/licenses/LICENSE-1.0"
  },
  "info": [
    {
      "id": 110964,
      "filename": "FACEBOOK_115_16.txt",
      "title": "FACEBOOK_115_16",
      "mediatype": "SNS",
      "medianame": "페이스북",
      "category": "일상대화",
      "date": "2021-10-29",
      "size": 413,
      "annotations": {
        "subject": "미용",
        "speaker_type": "1:1",
        "size": 413,
        "word_size": 142,
        "text": "1 : 언니는 속눈썹 펌 할 생각 없어?\n2 : 나는 속눈썹 연장만 해\n1 : 근데 펌이랑 연장이랑 무슨 차이야?\n2 : 펌은 파마고 연장은 연장이지 키키\n1 : 근데 연장은 진짜 화장 진하게 하는 사람들이 하는 거지?\n2 : 그건 아냐\n2 : 난 조금만 해서 별로 티 안나 키키\n1 : 그렇구나\n1 : 나는 속눈썹이 긴데 펌만 해도 될까?\n2 : 그럼 펌 해야지\n2 : 펌 하면 이쁘겠다\n1 : 펌 가격이 평균적으로 얼마나 할까?\n2 : 난 친구가 해서 가격 잘 모르겠어 ㅜㅜ\n1 : 와 언니 미용계쪽으로 아는 사람이 널리고 널렸구나!?\n2 : 맞아\n2 : 그래서 꽁짜로 많이 하지\n1 : 부럽다 ㅜㅜ\n1 : 나는 한 3만 원 보고 있는데!\n2 : 맞아 삼만원에서 사만원이면 할껄\n1 : 흠, 우리집 바로 앞에 하는데 여기로 가면 되겠지?\n2 : 웅 한번 예약 문의 해봐봐",
        "lines": [
          {
            "id": 1,
            "text": "1 : 언니는 속눈썹 펌 할 생각 없어?",
            "norm_text": "언니는 속눈썹 펌 할 생각 없어?",
            "speaker": {
              "id": "1번",
              "sex": "여성",
              "age": "20대"
            },
            "speechAct": "(지시) 질문하기",
            "morpheme": "언니/NNG+는/JX+속눈썹/NNG+펌/NNG+할/XSV+ETM+생각/NNG+없/VA+어/EF"
          },
          {
            "id": 2,
            "text": "2 : 나는 속눈썹 연장만 해",
            "norm_text": "나는 속눈썹 연장만 해",
            "speaker": {
              "id": "2번",
              "sex": "여성",
              "age": "20대"
            },
            "speechAct": "(단언) 진술하기",
            "morpheme": "나/NP+는/JX+속눈썹/NNG+연장/NNG+만/JX+해/VV+EC"
          },
          {
            "id": 3,
            "text": "1 : 근데 펌이랑 연장이랑 무슨 차이야?",
            "norm_text": "근데 펌이랑 연장이랑 무슨 차이야?",
            "speaker": {
              "id": "1번",
              "sex": "여성",
              "age": "20대"
            },
            "speechAct": "(지시) 질문하기",
            "morpheme": "근데/MAJ+펌/NNG+이랑/JKB+연장/NNG+이랑/JC+무슨/MM+차이/NNG+야/VCP+EF"
          },
          {
            "id": 4,
            "text": "2 : 펌은 파마고 연장은 연장이지 키키",
            "norm_text": "펌은 파마고 연장은 연장이지 키키",
            "speaker": {
              "id": "2번",
              "sex": "여성",
              "age": "20대"
            },
            "speechAct": "(단언) 주장하기",
            "morpheme": "펌/NNG+은/JX+파마/NNG+고/VCP+EC+연장/NNG+은/JX+연장/NNG+이/VCP+지/EC+키/NNG+키/XSV+ETN"
          },
          {
            "id": 5,
            "text": "1 : 근데 연장은 진짜 화장 진하게 하는 사람들이 하는 거지?",
            "norm_text": "근데 연장은 진짜 화장 진하게 하는 사람들이 하는 거지?",
            "speaker": {
              "id": "1번",
              "sex": "여성",
              "age": "20대"
            },
            "speechAct": "(지시) 질문하기",
            "morpheme": "근데/MAJ+연장/NNG+은/JX+진짜/NNG+화/XSN+장진/NNG+하/XSV+게/EC+하/VV+는/ETM+사람/NNG+들/XSN+이/JKS+하/VV+는/ETM+거/NNB+지/VCP+EF"
          },
          {
            "id": 6,
            "text": "2 : 그건 아냐",
            "norm_text": "그건 아냐",
            "speaker": {
              "id": "2번",
              "sex": "여성",
              "age": "20대"
            },
            "speechAct": "(단언) 주장하기",
            "morpheme": "그건/NP+JX+아냐/VCN+EC"
          },
          {
            "id": 7,
            "text": "2 : 난 조금만 해서 별로 티 안나 키키",
            "norm_text": "난 조금만 해서 별로 티 안나 키키",
            "speaker": {
              "id": "2번",
              "sex": "여성",
              "age": "20대"
            },
            "speechAct": "(단언) 진술하기",
            "morpheme": "난/NP+JX+조금/MAG+만/JX+해서/VV+EC+별로/MAG+티안/NNP+나/JC+키/NNG+키/XSV+ETN"
          },
          {
            "id": 8,
            "text": "1 : 그렇구나",
            "norm_text": "그렇구나",
            "speaker": {
              "id": "1번",
              "sex": "여성",
              "age": "20대"
            },
            "speechAct": "(단언) 주장하기",
            "morpheme": "그렇/VA+구나/EC"
          },
          {
            "id": 9,
            "text": "1 : 나는 속눈썹이 긴데 펌만 해도 될까?",
            "norm_text": "나는 속눈썹이 긴데 펌만 해도 될까?",
            "speaker": {
              "id": "1번",
              "sex": "여성",
              "age": "20대"
            },
            "speechAct": "(지시) 질문하기",
            "morpheme": "나/NP+는/JX+속눈썹/NNG+이/NR+긴데/NNBC+VCP+EC+펌/NNG+만/JX+해도/VV+EC+될까/VV+EF"
          },
          {
            "id": 10,
            "text": "2 : 그럼 펌 해야지",
            "norm_text": "그럼 펌 해야지",
            "speaker": {
              "id": "2번",
              "sex": "여성",
              "age": "20대"
            },
            "speechAct": "(단언) 주장하기",
            "morpheme": "그럼/MAJ+펌/NNG+해야지/XSV+EC"
          },
          {
            "id": 11,
            "text": "2 : 펌 하면 이쁘겠다",
            "norm_text": "펌 하면 이쁘겠다",
            "speaker": {
              "id": "2번",
              "sex": "여성",
              "age": "20대"
            },
            "speechAct": "(단언) 주장하기",
            "morpheme": "펌/NNG+하/XSV+면/EC+이쁘/VA+겠/EP+다/EC"
          },
          {
            "id": 12,
            "text": "1 : 펌 가격이 평균적으로 얼마나 할까?",
            "norm_text": "펌 가격이 평균적으로 얼마나 할까?",
            "speaker": {
              "id": "1번",
              "sex": "여성",
              "age": "20대"
            },
            "speechAct": "(지시) 질문하기",
            "morpheme": "펌/NNG+가격/NNG+이/JKS+평균/NNG+적/XSN+으로/JKB+얼마나/MAG+할까/VV+EF"
          },
          {
            "id": 13,
            "text": "2 : 난 친구가 해서 가격 잘 모르겠어 ㅜㅜ",
            "norm_text": "난 친구가 해서 가격 잘 모르겠어 ㅜㅜ",
            "speaker": {
              "id": "2번",
              "sex": "여성",
              "age": "20대"
            },
            "speechAct": "(단언) 주장하기",
            "morpheme": "난/NP+JX+친구/NNG+가/JKS+해서/VV+EC+가격/NNG+잘/MAG+모르/VV+겠/EP+어/EF+ㅜㅜ/UNKNOWN"
          },
          {
            "id": 14,
            "text": "1 : 와 언니 미용계쪽으로 아는 사람이 널리고 널렸구나!?",
            "norm_text": "와 언니 미용계쪽으로 아는 사람이 널리고 널렸구나!?",
            "speaker": {
              "id": "1번",
              "sex": "여성",
              "age": "20대"
            },
            "speechAct": "(단언) 주장하기",
            "morpheme": "와언니미용계쪽으로아는사람이널리고널렸구나/UNKNOWN+!/SY"
          },
          {
            "id": 15,
            "text": "2 : 맞아",
            "norm_text": "맞아",
            "speaker": {
              "id": "2번",
              "sex": "여성",
              "age": "20대"
            },
            "speechAct": "(단언) 주장하기",
            "morpheme": "맞/VV+아/EC"
          },
          {
            "id": 16,
            "text": "2 : 그래서 꽁짜로 많이 하지",
            "norm_text": "그래서 꽁짜로 많이 하지",
            "speaker": {
              "id": "2번",
              "sex": "여성",
              "age": "20대"
            },
            "speechAct": "(단언) 진술하기",
            "morpheme": "그래서/MAJ+꽁짜/NNG+로/JKB+많이/MAG+하/VV+지/EC"
          },
          {
            "id": 17,
            "text": "1 : 부럽다 ㅜㅜ",
            "norm_text": "부럽다 ㅜㅜ",
            "speaker": {
              "id": "1번",
              "sex": "여성",
              "age": "20대"
            },
            "speechAct": "(단언) 주장하기",
            "morpheme": "부럽다ㅜㅜ/UNKNOWN"
          },
          {
            "id": 18,
            "text": "1 : 나는 한 3만 원 보고 있는데!",
            "norm_text": "나는 한 3만 원 보고 있는데!",
            "speaker": {
              "id": "1번",
              "sex": "여성",
              "age": "20대"
            },
            "speechAct": "(단언) 주장하기",
            "morpheme": "나/NP+는/JX+한/MM+3/SN+만/NR+원/NNBC+보/VV+고/EC+있/VX+는데/EC"
          },
          {
            "id": 19,
            "text": "2 : 맞아 삼만원에서 사만원이면 할껄",
            "norm_text": "맞아 삼만원에서 사만원이면 할껄",
            "speaker": {
              "id": "2번",
              "sex": "여성",
              "age": "20대"
            },
            "speechAct": "(단언) 주장하기",
            "morpheme": "맞/VV+아/EC+삼/NR+만/NR+원/NNBC+에서/JKB+사만/NR+원/NNBC+이/VCP+면/EC+할껄/VV+EC"
          },
          {
            "id": 20,
            "text": "1 : 흠, 우리집 바로 앞에 하는데 여기로 가면 되겠지?",
            "norm_text": "흠, 우리집 바로 앞에 하는데 여기로 가면 되겠지?",
            "speaker": {
              "id": "1번",
              "sex": "여성",
              "age": "20대"
            },
            "speechAct": "(지시) 질문하기",
            "morpheme": "흠/IC+,/SC+우리/NP+집/NNG+바로/MAG+앞/NNG+에/JKB+하/VV+는데/EC+여기/NP+로/JKB+가/VV+면/EC+되/VV+겠/EP+지/EF"
          },
          {
            "id": 21,
            "text": "2 : 웅 한번 예약 문의 해봐봐",
            "norm_text": "웅 한번 예약 문의 해봐봐",
            "speaker": {
              "id": "2번",
              "sex": "여성",
              "age": "20대"
            },
            "speechAct": "(지시) 충고/제안하기",
            "morpheme": "웅/IC+한/MM+번/NNBC+예약/NNG+문의/NNG+해/XSV+EC+봐/VX+EC+봐/VX+EC"
          }
        ]
      }
    }
  ]
}