{
  "dataset": {
    "identifier": 98113,
    "name": "FACEBOOK_107_20_set",
    "src_path": "/data/file/cubeManager/PROJECT001/77/txt20211029160805037453/FACEBOOK_107_20_set/",
    "label_path": "/data/file/cubeManager/PROJECT001/77/txt20211029160805037453/FACEBOOK_107_20_set/",
    "category": 2,
    "type": 0
  },
  "licenses": {
    "name": "Apache License 1.0",
    "url": "http://www.apache.org/licenses/LICENSE-1.0"
  },
  "info": [
    {
      "id": 111288,
      "filename": "FACEBOOK_107_20.txt",
      "title": "FACEBOOK_107_20",
      "mediatype": "SNS",
      "medianame": "페이스북",
      "category": "일상대화",
      "date": "2021-10-29",
      "size": 436,
      "annotations": {
        "subject": "영화/만화",
        "speaker_type": "1:1",
        "size": 436,
        "word_size": 146,
        "text": "1 : 언니 이누야샤 빨리 넷플로 보라규~\n2 : 와 대박 나 깔꺼야 당장 너랑 끝나면\n1 : 키키 오키오키~\n1 : 언니는 누가 제일 좋아?\n2 : 오늘 볼꺼야 진짜 난 셋쇼마루\n1 : 하, 역시 어렸을 때는 이누야샤가 제일 좋았는데 지금은 무조건 셋쇼마루지!\n2 : 그리고 뭔가 아련해 셋쇼마루\n1 : 키키 맞아\n1 : 셋쇼마루 그리고 제일 잘생기고 사기캐라 더 마음에 들어!\n2 : 맞아\n2 : 그냥 슬프지 않았어 걔 보면?\n1 : 나는 걔보다 링 보면 좀 슬펐어 ㅜ\n2 : 아 빨리 보고싶다 진짜 흥분돼!\n1 : 키키 대박이다 언니 진짜 잠 못 자는 거 아니야?\n2 : 와 알았으면 너랑 연락 안하고 그거 봤지 키키\n1 : 키키 아앗 키키 다행이다 나중에 알아서~\n2 : 슬의생 빠르게 정주행 하고 본다\n1 : 그래서 이거 극장판도 있으니까 극장판도 다 같이 봐!\n2 : 알겠어\n2 : 진짜 은혜 갚음 키키",
        "lines": [
          {
            "id": 1,
            "text": "1 : 언니 이누야샤 빨리 넷플로 보라규~",
            "norm_text": "언니 이누야샤 빨리 넷플로 보라규~",
            "speaker": {
              "id": "1번",
              "sex": "여성",
              "age": "20대"
            },
            "speechAct": "(단언) 주장하기",
            "morpheme": "언니이누야샤빨리넷플로보라규/UNKNOWN+~/SY"
          },
          {
            "id": 2,
            "text": "2 : 와 대박 나 깔꺼야 당장 너랑 끝나면",
            "norm_text": "와 대박 나 깔꺼야 당장 너랑 끝나면",
            "speaker": {
              "id": "2번",
              "sex": "여성",
              "age": "20대"
            },
            "speechAct": "(단언) 주장하기",
            "morpheme": "와대/NNG+박/VV+나/EC+깔/VV+ETM+꺼/NNB+VCP+야/EF+당장/MAG+너/NP+랑/JKB+끝나/VV+면/EC"
          },
          {
            "id": 3,
            "text": "1 : 키키 오키오키~",
            "norm_text": "키키 오키오키~",
            "speaker": {
              "id": "1번",
              "sex": "여성",
              "age": "20대"
            },
            "speechAct": "(단언) 주장하기",
            "morpheme": "키키/NNP+오키/NNP+오키/NNP+~/SY"
          },
          {
            "id": 4,
            "text": "1 : 언니는 누가 제일 좋아?",
            "norm_text": "언니는 누가 제일 좋아?",
            "speaker": {
              "id": "1번",
              "sex": "여성",
              "age": "20대"
            },
            "speechAct": "(지시) 질문하기",
            "morpheme": "언니/NNG+는/JX+누가/NP+JKS+제일/MAG+좋/VA+아/EF"
          },
          {
            "id": 5,
            "text": "2 : 오늘 볼꺼야 진짜 난 셋쇼마루",
            "norm_text": "오늘 볼꺼야 진짜 난 셋쇼마루",
            "speaker": {
              "id": "2번",
              "sex": "여성",
              "age": "20대"
            },
            "speechAct": "(단언) 주장하기",
            "morpheme": "오늘/MAG+볼꺼/VV+ETM+NNB+VCP+야/EF+진짜/MAG+난/NP+JX+셋쇼마루/NNP"
          },
          {
            "id": 6,
            "text": "1 : 하, 역시 어렸을 때는 이누야샤가 제일 좋았는데 지금은 무조건 셋쇼마루지!",
            "norm_text": "하, 역시 어렸을 때는 이누야샤가 제일 좋았는데 지금은 무조건 셋쇼마루지!",
            "speaker": {
              "id": "1번",
              "sex": "여성",
              "age": "20대"
            },
            "speechAct": "(단언) 주장하기",
            "morpheme": "하/IC+,/SC+역시/MAJ+어렸/VA+EP+을/ETM+때/NNG+는/JX+이누야샤/NNP+가/JKS+제일/MAG+좋/VA+았/EP+는데/EC+지금/MAG+은/JX+무조건/MAG+셋쇼마루/NNP+지/VCP+EF"
          },
          {
            "id": 7,
            "text": "2 : 그리고 뭔가 아련해 셋쇼마루",
            "norm_text": "그리고 뭔가 아련해 셋쇼마루",
            "speaker": {
              "id": "2번",
              "sex": "여성",
              "age": "20대"
            },
            "speechAct": "(단언) 주장하기",
            "morpheme": "그리고/MAJ+뭔가/NP+VCP+EC+아련/XR+해/XSA+EC+셋쇼마루/NNP"
          },
          {
            "id": 8,
            "text": "1 : 키키 맞아",
            "norm_text": "키키 맞아",
            "speaker": {
              "id": "1번",
              "sex": "여성",
              "age": "20대"
            },
            "speechAct": "(단언) 주장하기",
            "morpheme": "키/NNG+키/XSV+ETN+맞/VV+아/EC"
          },
          {
            "id": 9,
            "text": "1 : 셋쇼마루 그리고 제일 잘생기고 사기캐라 더 마음에 들어!",
            "norm_text": "셋쇼마루 그리고 제일 잘생기고 사기캐라 더 마음에 들어!",
            "speaker": {
              "id": "1번",
              "sex": "여성",
              "age": "20대"
            },
            "speechAct": "(단언) 주장하기",
            "morpheme": "셋쇼마루/NNP+그리고/MAJ+제일/MAG+잘/MAG+생기/VV+고/EC+사/VV+기/ETN+캐/VV+라/EC+더/MAG+마음/NNG+에/JKB+들/VV+어/EF"
          },
          {
            "id": 10,
            "text": "2 : 맞아",
            "norm_text": "맞아",
            "speaker": {
              "id": "2번",
              "sex": "여성",
              "age": "20대"
            },
            "speechAct": "(단언) 주장하기",
            "morpheme": "맞/VV+아/EC"
          },
          {
            "id": 11,
            "text": "2 : 그냥 슬프지 않았어 걔 보면?",
            "norm_text": "그냥 슬프지 않았어 걔 보면?",
            "speaker": {
              "id": "2번",
              "sex": "여성",
              "age": "20대"
            },
            "speechAct": "(지시) 질문하기",
            "morpheme": "그냥/MAG+슬프/VA+지/EC+않/VX+았/EP+어/EF+걔/NP+보/VV+면/EC"
          },
          {
            "id": 12,
            "text": "1 : 나는 걔보다 링 보면 좀 슬펐어 ㅜ",
            "norm_text": "나는 걔보다 링 보면 좀 슬펐어 ㅜ",
            "speaker": {
              "id": "1번",
              "sex": "여성",
              "age": "20대"
            },
            "speechAct": "(단언) 주장하기",
            "morpheme": "나/NP+는/JX+걔/NP+보다/JKB+링/JKO+보/VV+면/EC+좀/MAG+슬펐/VA+EP+어ㅜ/UNKNOWN"
          },
          {
            "id": 13,
            "text": "2 : 아 빨리 보고싶다 진짜 흥분돼!",
            "norm_text": "아 빨리 보고싶다 진짜 흥분돼!",
            "speaker": {
              "id": "2번",
              "sex": "여성",
              "age": "20대"
            },
            "speechAct": "(단언) 주장하기",
            "morpheme": "아/IC+빨리/MAG+보/VV+고/EC+싶/VX+다/EF+진짜/MAG+흥분/NNG+돼/XSV+EF"
          },
          {
            "id": 14,
            "text": "1 : 키키 대박이다 언니 진짜 잠 못 자는 거 아니야?",
            "norm_text": "키키 대박이다 언니 진짜 잠 못 자는 거 아니야?",
            "speaker": {
              "id": "1번",
              "sex": "여성",
              "age": "20대"
            },
            "speechAct": "(지시) 질문하기",
            "morpheme": "키/NNG+키/NNG+대박/NNG+이/JKS+다/MAG+언니/NNG+진짜/MAG+잠/NNG+못/MAG+자/VV+는/ETM+거/NNB+아니/VCN+야/EF"
          },
          {
            "id": 15,
            "text": "2 : 와 알았으면 너랑 연락 안하고 그거 봤지 키키",
            "norm_text": "와 알았으면 너랑 연락 안하고 그거 봤지 키키",
            "speaker": {
              "id": "2번",
              "sex": "여성",
              "age": "20대"
            },
            "speechAct": "(단언) 주장하기",
            "morpheme": "와/VV+EC+알/VV+았/EP+으면/EC+너/NP+랑/JKB+연락/NNG+안/MAG+하/VV+고/EC+그거/NP+봤/VV+EP+지/EC+키/NNG+키/XSV+ETN"
          },
          {
            "id": 16,
            "text": "1 : 키키 아앗 키키 다행이다 나중에 알아서~",
            "norm_text": "키키 아앗 키키 다행이다 나중에 알아서~",
            "speaker": {
              "id": "1번",
              "sex": "여성",
              "age": "20대"
            },
            "speechAct": "(단언) 주장하기",
            "morpheme": "키키아앗키키다행이다나중에알아서/UNKNOWN+~/SY"
          },
          {
            "id": 17,
            "text": "2 : 슬의생 빠르게 정주행 하고 본다",
            "norm_text": "슬의생 빠르게 정주행 하고 본다",
            "speaker": {
              "id": "2번",
              "sex": "여성",
              "age": "20대"
            },
            "speechAct": "(단언) 주장하기",
            "morpheme": "슬/NNG+의/JKG+생/NNG+빠르/VA+게/EC+정주/NNG+행하/VV+고/EC+본다/VV+EC"
          },
          {
            "id": 18,
            "text": "1 : 그래서 이거 극장판도 있으니까 극장판도 다 같이 봐!",
            "norm_text": "그래서 이거 극장판도 있으니까 극장판도 다 같이 봐!",
            "speaker": {
              "id": "1번",
              "sex": "여성",
              "age": "20대"
            },
            "speechAct": "(단언) 주장하기",
            "morpheme": "그래서/MAJ+이거/NP+극장판/NNP+도/JX+있/VA+으니까/EC+극장판/NNP+도/JX+다/MAG+같이/MAG+봐/VV+EF"
          },
          {
            "id": 19,
            "text": "2 : 알겠어",
            "norm_text": "알겠어",
            "speaker": {
              "id": "2번",
              "sex": "여성",
              "age": "20대"
            },
            "speechAct": "(단언) 주장하기",
            "morpheme": "알/VV+겠/EP+어/EC"
          },
          {
            "id": 20,
            "text": "2 : 진짜 은혜 갚음 키키",
            "norm_text": "진짜 은혜 갚음 키키",
            "speaker": {
              "id": "2번",
              "sex": "여성",
              "age": "20대"
            },
            "speechAct": "(단언) 주장하기",
            "morpheme": "진짜/MAG+은혜/NNG+갚음/NNG+키/NNG+키/XSV+ETN"
          }
        ]
      }
    }
  ]
}