{
  "dataset": {
    "identifier": 101976,
    "name": "FACEBOOK_109_11_set",
    "src_path": "/data/file/cubeManager/PROJECT001/77/txt20211029160805062492/FACEBOOK_109_11_set/",
    "label_path": "/data/file/cubeManager/PROJECT001/77/txt20211029160805062492/FACEBOOK_109_11_set/",
    "category": 2,
    "type": 0
  },
  "licenses": {
    "name": "Apache License 1.0",
    "url": "http://www.apache.org/licenses/LICENSE-1.0"
  },
  "info": [
    {
      "id": 111319,
      "filename": "FACEBOOK_109_11.txt",
      "title": "FACEBOOK_109_11",
      "mediatype": "SNS",
      "medianame": "페이스북",
      "category": "일상대화",
      "date": "2021-10-29",
      "size": 378,
      "annotations": {
        "subject": "게임",
        "speaker_type": "1:1",
        "size": 378,
        "word_size": 127,
        "text": "1 : 언니는 지금 하고 있는 게임 있어?\n2 : 나 게임 폰 게임만 하는데?\n1 : 오~ 언니 요즘에 어떤 게임 하는데?\n2 : 나 요즘 카트라이더 하고 있어 키키\n1 : 카드라이더를 폰으로 할 수 있어?\n2 : 응 얼마 전에 폰으로도 나왔더라?\n1 : 오 진짜?\n1 : 그거 피시보다 더 재미있어?\n2 : 피씨보다 더 재밌는 거 같아 키키\n1 : 키키 아 진짜?\n1 : 동작법은 어떻게 돼?\n2 : 동작법은 쉬운 패드로 나오던데?\n1 : 아 뭔지 알 거 같아 아이템전도 있어?\n2 : 응 아이템전이 진짜 꿀잼이야\n1 : 진짜 키키 아이템은 컴퓨터 카트도 재미있긴 해!\n2 : 나는 모바일이 더 재밌어서 이걸로만 해\n1 : 키키 그렇구나\n1 : 아이템은 피씨랑 똑같이 나와?\n2 : 응 완전 똑같이 나오지~",
        "lines": [
          {
            "id": 1,
            "text": "1 : 언니는 지금 하고 있는 게임 있어?",
            "norm_text": "언니는 지금 하고 있는 게임 있어?",
            "speaker": {
              "id": "1번",
              "sex": "여성",
              "age": "20대"
            },
            "speechAct": "(지시) 질문하기",
            "morpheme": "언니/NNG+는/JX+지금/NNG+하/XSV+고/EC+있/VX+는/ETM+게임/NNG+있/VA+어/EF"
          },
          {
            "id": 2,
            "text": "2 : 나 게임 폰 게임만 하는데?",
            "norm_text": "나 게임 폰 게임만 하는데?",
            "speaker": {
              "id": "2번",
              "sex": "여성",
              "age": "20대"
            },
            "speechAct": "(단언) 진술하기",
            "morpheme": "나/NP+게임/NNG+폰/NNG+게임/NNG+만/JX+하/VV+는데/EC"
          },
          {
            "id": 3,
            "text": "1 : 오~ 언니 요즘에 어떤 게임 하는데?",
            "norm_text": "오~ 언니 요즘에 어떤 게임 하는데?",
            "speaker": {
              "id": "1번",
              "sex": "여성",
              "age": "20대"
            },
            "speechAct": "(지시) 질문하기",
            "morpheme": "오/NR+~/SY+언니/NNG+요즘/NNG+에/JKB+어떤/MM+게임/NNG+하/XSV+는데/EC"
          },
          {
            "id": 4,
            "text": "2 : 나 요즘 카트라이더 하고 있어 키키",
            "norm_text": "나 요즘 카트라이더 하고 있어 키키",
            "speaker": {
              "id": "2번",
              "sex": "여성",
              "age": "20대"
            },
            "speechAct": "(단언) 진술하기",
            "morpheme": "나/NP+요즘/MAG+카트라이더/NNP+하/VV+고/EC+있/VX+어/EC+키/NNG+키/XSV+ETN"
          },
          {
            "id": 5,
            "text": "1 : 카드라이더를 폰으로 할 수 있어?",
            "norm_text": "카드라이더를 폰으로 할 수 있어?",
            "speaker": {
              "id": "1번",
              "sex": "여성",
              "age": "20대"
            },
            "speechAct": "(지시) 질문하기",
            "morpheme": "카드/NNG+라이더/NNG+를/JKO+폰/NNG+으로/JKB+할/VV+ETM+수/NNB+있/VV+어/EF"
          },
          {
            "id": 6,
            "text": "2 : 응 얼마 전에 폰으로도 나왔더라?",
            "norm_text": "응 얼마 전에 폰으로도 나왔더라?",
            "speaker": {
              "id": "2번",
              "sex": "여성",
              "age": "20대"
            },
            "speechAct": "(단언) 진술하기",
            "morpheme": "응/IC+얼마/NNG+전/NNG+에/JKB+폰/NNG+으로/JKB+도/JX+나왔/VV+EP+더라/EF"
          },
          {
            "id": 7,
            "text": "1 : 오 진짜?",
            "norm_text": "오 진짜?",
            "speaker": {
              "id": "1번",
              "sex": "여성",
              "age": "20대"
            },
            "speechAct": "턴토크 사인(관습적 반응)",
            "morpheme": "오/IC+진짜/MAG"
          },
          {
            "id": 8,
            "text": "1 : 그거 피시보다 더 재미있어?",
            "norm_text": "그거 피시보다 더 재미있어?",
            "speaker": {
              "id": "1번",
              "sex": "여성",
              "age": "20대"
            },
            "speechAct": "(지시) 질문하기",
            "morpheme": "그거/NP+피시/NNG+보다/JKB+더/MAG+재미있/VA+어/EF"
          },
          {
            "id": 9,
            "text": "2 : 피씨보다 더 재밌는 거 같아 키키",
            "norm_text": "피씨보다 더 재밌는 거 같아 키키",
            "speaker": {
              "id": "2번",
              "sex": "여성",
              "age": "20대"
            },
            "speechAct": "(단언) 주장하기",
            "morpheme": "피/NNP+씨/NNB+보다/JKB+더/MAG+재밌/VA+는/ETM+거/NNB+같/VA+아/EC+키/NNG+키/XSV+ETN"
          },
          {
            "id": 10,
            "text": "1 : 키키 아 진짜?",
            "norm_text": "키키 아 진짜?",
            "speaker": {
              "id": "1번",
              "sex": "여성",
              "age": "20대"
            },
            "speechAct": "턴토크 사인(관습적 반응)",
            "morpheme": "키/NNG+키/VV+아/EC+진짜/MAG"
          },
          {
            "id": 11,
            "text": "1 : 동작법은 어떻게 돼?",
            "norm_text": "동작법은 어떻게 돼?",
            "speaker": {
              "id": "1번",
              "sex": "여성",
              "age": "20대"
            },
            "speechAct": "(지시) 질문하기",
            "morpheme": "동작/NNG+법/NNG+은/JX+어떻게/MAG+돼/VV+EF"
          },
          {
            "id": 12,
            "text": "2 : 동작법은 쉬운 패드로 나오던데?",
            "norm_text": "동작법은 쉬운 패드로 나오던데?",
            "speaker": {
              "id": "2번",
              "sex": "여성",
              "age": "20대"
            },
            "speechAct": "(단언) 진술하기",
            "morpheme": "동작/NNG+법/NNG+은/JX+쉬운/VA+ETM+패드/NNG+로/JKB+나오/VV+던데/EF"
          },
          {
            "id": 13,
            "text": "1 : 아 뭔지 알 거 같아 아이템전도 있어?",
            "norm_text": "아 뭔지 알 거 같아 아이템전도 있어?",
            "speaker": {
              "id": "1번",
              "sex": "여성",
              "age": "20대"
            },
            "speechAct": "(지시) 질문하기",
            "morpheme": "아/IC+뭔지/NP+VCP+EC+알/VV+ETM+거/NNB+같/VA+아/EC+아이템/NNG+전/NNG+도/JX+있/VA+어/EF"
          },
          {
            "id": 14,
            "text": "2 : 응 아이템전이 진짜 꿀잼이야",
            "norm_text": "응 아이템전이 진짜 꿀잼이야",
            "speaker": {
              "id": "2번",
              "sex": "여성",
              "age": "20대"
            },
            "speechAct": "(단언) 주장하기",
            "morpheme": "응/IC+아이템/NNG+전/NNG+이/JKS+진짜/MAG+꿀/VV+ETM+잼/NNG+이/VCP+야/EC"
          },
          {
            "id": 15,
            "text": "1 : 진짜 키키 아이템은 컴퓨터 카트도 재미있긴 해!",
            "norm_text": "진짜 키키 아이템은 컴퓨터 카트도 재미있긴 해!",
            "speaker": {
              "id": "1번",
              "sex": "여성",
              "age": "20대"
            },
            "speechAct": "(단언) 주장하기",
            "morpheme": "진짜/MAG+키/NNG+키/NNG+아이템/NNG+은/JX+컴퓨터/NNG+카트/NNG+도/JX+재미있/VA+긴/ETN+JX+해/VX+EF"
          },
          {
            "id": 16,
            "text": "2 : 나는 모바일이 더 재밌어서 이걸로만 해",
            "norm_text": "나는 모바일이 더 재밌어서 이걸로만 해",
            "speaker": {
              "id": "2번",
              "sex": "여성",
              "age": "20대"
            },
            "speechAct": "(단언) 진술하기",
            "morpheme": "나/NP+는/JX+모바일/NNP+이/JKS+더/MAG+재밌/VA+어서/EC+이걸로/NP+JKB+만/JX+해/VV+EC"
          },
          {
            "id": 17,
            "text": "1 : 키키 그렇구나",
            "norm_text": "키키 그렇구나",
            "speaker": {
              "id": "1번",
              "sex": "여성",
              "age": "20대"
            },
            "speechAct": "(단언) 주장하기",
            "morpheme": "키/NNG+키/XSV+ETN+그렇/VA+구나/EC"
          },
          {
            "id": 18,
            "text": "1 : 아이템은 피씨랑 똑같이 나와?",
            "norm_text": "아이템은 피씨랑 똑같이 나와?",
            "speaker": {
              "id": "1번",
              "sex": "여성",
              "age": "20대"
            },
            "speechAct": "(지시) 질문하기",
            "morpheme": "아이템/NNG+은/JX+피/NNP+씨/NNB+랑/JKB+똑같이/MAG+나와/VV+EF"
          },
          {
            "id": 19,
            "text": "2 : 응 완전 똑같이 나오지~",
            "norm_text": "응 완전 똑같이 나오지~",
            "speaker": {
              "id": "2번",
              "sex": "여성",
              "age": "20대"
            },
            "speechAct": "(단언) 진술하기",
            "morpheme": "응/IC+완전/MAG+똑같이/MAG+나오/VV+지/EC+~/SY"
          }
        ]
      }
    }
  ]
}