{
  "dataset": {
    "identifier": 97814,
    "name": "FACEBOOK_106_05_set",
    "src_path": "/data/file/cubeManager/PROJECT001/77/txt20211028145511029367/FACEBOOK_106_05_set/",
    "label_path": "/data/file/cubeManager/PROJECT001/77/txt20211028145511029367/FACEBOOK_106_05_set/",
    "category": 2,
    "type": 0
  },
  "licenses": {
    "name": "Apache License 1.0",
    "url": "http://www.apache.org/licenses/LICENSE-1.0"
  },
  "info": [
    {
      "id": 100510,
      "filename": "FACEBOOK_106_05.txt",
      "title": "FACEBOOK_106_05",
      "mediatype": "SNS",
      "medianame": "페이스북",
      "category": "일상대화",
      "date": "2021-10-28",
      "size": 387,
      "annotations": {
        "subject": "군대",
        "speaker_type": "1:1",
        "size": 387,
        "word_size": 139,
        "text": "1 : 언니는 훈련소 안에 들어가본  적 있어?\n2 : 아니\n2 : 난 가본 적 없어 너는?\n1 : 나는 딱 한 번 들어가 봤어!\n2 : 왜?\n2 : 친구들?\n2 : 갈 일 없잖아\n1 : 친구 면회 때문에 한 번 들어가 봤어!\n2 : 어때?\n2 : 신기해?\n2 : 군인들 자주 보자나\n1 : 와 거기 들어갈 때 명찰 달고 들어가야 해!\n2 : 군대 피엑스?\n2 : 먹어 봤어?\n1 : 아앗 거기는 못 가봤어!\n1 : 대신에 친구가 사왔어!\n2 : 나 선물 받아서 먹어 봤는데 맛있더라\n1 : 키키 어떤 거 선물 받았는데?\n2 : 냉동 떡볶이 막 이런 거 화장품이랑\n1 : 헐 냉동 떡볶이도 군대 안에서 팔아?\n2 : 그게 있데 나중에 군인한테 물어봐\n1 : 키키 나는 맛다시 선물 받았는데 허허허\n2 : 나도 그건 먹어보고 싶었는데",
        "lines": [
          {
            "id": 1,
            "text": "1 : 언니는 훈련소 안에 들어가본  적 있어?",
            "norm_text": "언니는 훈련소 안에 들어가본  적 있어?",
            "speaker": {
              "id": "1번",
              "sex": "여성",
              "age": "20대"
            },
            "speechAct": "(지시) 질문하기",
            "morpheme": "언니/NNG+는/JX+훈련소/NNG+안/NNG+에/JKB+들어가/VV+EC+본/VX+ETM+적/NNB+있/VA+어/EF"
          },
          {
            "id": 2,
            "text": "2 : 아니",
            "norm_text": "아니",
            "speaker": {
              "id": "2번",
              "sex": "여성",
              "age": "20대"
            },
            "speechAct": "(단언) 진술하기",
            "morpheme": "아니/IC"
          },
          {
            "id": 3,
            "text": "2 : 난 가본 적 없어 너는?",
            "norm_text": "난 가본 적 없어 너는?",
            "speaker": {
              "id": "2번",
              "sex": "여성",
              "age": "20대"
            },
            "speechAct": "(지시) 질문하기",
            "morpheme": "난/NP+JX+가본/NNG+적/XSN+없/VA+어/EC+너/NP+는/JX"
          },
          {
            "id": 4,
            "text": "1 : 나는 딱 한 번 들어가 봤어!",
            "norm_text": "나는 딱 한 번 들어가 봤어!",
            "speaker": {
              "id": "1번",
              "sex": "여성",
              "age": "20대"
            },
            "speechAct": "(단언) 진술하기",
            "morpheme": "나/NP+는/JX+딱/MAG+한번/MAG+들어가/VV+EC+봤/VX+EP+어/EF"
          },
          {
            "id": 5,
            "text": "2 : 왜?",
            "norm_text": "왜?",
            "speaker": {
              "id": "2번",
              "sex": "여성",
              "age": "20대"
            },
            "speechAct": "(지시) 질문하기",
            "morpheme": "왜/MAG"
          },
          {
            "id": 6,
            "text": "2 : 친구들?",
            "norm_text": "친구들?",
            "speaker": {
              "id": "2번",
              "sex": "여성",
              "age": "20대"
            },
            "speechAct": "(지시) 질문하기",
            "morpheme": "친구/NNG+들/XSN"
          },
          {
            "id": 7,
            "text": "2 : 갈 일 없잖아",
            "norm_text": "갈 일 없잖아",
            "speaker": {
              "id": "2번",
              "sex": "여성",
              "age": "20대"
            },
            "speechAct": "(단언) 주장하기",
            "morpheme": "갈일/NNG+없/VA+잖아/EC"
          },
          {
            "id": 8,
            "text": "1 : 친구 면회 때문에 한 번 들어가 봤어!",
            "norm_text": "친구 면회 때문에 한 번 들어가 봤어!",
            "speaker": {
              "id": "1번",
              "sex": "여성",
              "age": "20대"
            },
            "speechAct": "(단언) 진술하기",
            "morpheme": "친구/NNG+면회/NNG+때문/NNB+에/JKB+한/MM+번/NNBC+들어가/VV+EC+봤/VX+EP+어/EF"
          },
          {
            "id": 9,
            "text": "2 : 어때?",
            "norm_text": "어때?",
            "speaker": {
              "id": "2번",
              "sex": "여성",
              "age": "20대"
            },
            "speechAct": "(지시) 질문하기",
            "morpheme": "어때/VA+EF"
          },
          {
            "id": 10,
            "text": "2 : 신기해?",
            "norm_text": "신기해?",
            "speaker": {
              "id": "2번",
              "sex": "여성",
              "age": "20대"
            },
            "speechAct": "(지시) 질문하기",
            "morpheme": "신기/XR+해/XSA+EF"
          },
          {
            "id": 11,
            "text": "2 : 군인들 자주 보자나",
            "norm_text": "군인들 자주 보자나",
            "speaker": {
              "id": "2번",
              "sex": "여성",
              "age": "20대"
            },
            "speechAct": "(단언) 주장하기",
            "morpheme": "군인/NNG+들/XSN+자주/MAG+보자나/NNP"
          },
          {
            "id": 12,
            "text": "1 : 와 거기 들어갈 때 명찰 달고 들어가야 해!",
            "norm_text": "와 거기 들어갈 때 명찰 달고 들어가야 해!",
            "speaker": {
              "id": "1번",
              "sex": "여성",
              "age": "20대"
            },
            "speechAct": "(단언) 진술하기",
            "morpheme": "와/IC+거기/NP+들어갈/VV+ETM+때/NNG+명찰/NNG+달/VV+고/EC+들어가/VV+야/EC+해/VX+EF"
          },
          {
            "id": 13,
            "text": "2 : 군대 피엑스?",
            "norm_text": "군대 피엑스?",
            "speaker": {
              "id": "2번",
              "sex": "여성",
              "age": "20대"
            },
            "speechAct": "(단언) 주장하기",
            "morpheme": "군대/NNG+피엑스/NNG"
          },
          {
            "id": 14,
            "text": "2 : 먹어 봤어?",
            "norm_text": "먹어 봤어?",
            "speaker": {
              "id": "2번",
              "sex": "여성",
              "age": "20대"
            },
            "speechAct": "(지시) 질문하기",
            "morpheme": "먹/VV+어/EC+봤/VX+EP+어/EF"
          },
          {
            "id": 15,
            "text": "1 : 아앗 거기는 못 가봤어!",
            "norm_text": "아앗 거기는 못 가봤어!",
            "speaker": {
              "id": "1번",
              "sex": "여성",
              "age": "20대"
            },
            "speechAct": "(단언) 진술하기",
            "morpheme": "아앗/IC+거기/NP+는/JX+못/MAG+가/VV+EC+봤/VX+EP+어/EF"
          },
          {
            "id": 16,
            "text": "1 : 대신에 친구가 사왔어!",
            "norm_text": "대신에 친구가 사왔어!",
            "speaker": {
              "id": "1번",
              "sex": "여성",
              "age": "20대"
            },
            "speechAct": "(단언) 진술하기",
            "morpheme": "대신/NNG+에/JKB+친구/NNG+가/JKS+사/VV+EC+왔/VX+EP+어/EF"
          },
          {
            "id": 17,
            "text": "2 : 나 선물 받아서 먹어 봤는데 맛있더라",
            "norm_text": "나 선물 받아서 먹어 봤는데 맛있더라",
            "speaker": {
              "id": "2번",
              "sex": "여성",
              "age": "20대"
            },
            "speechAct": "(단언) 진술하기",
            "morpheme": "나/NP+선물/NNG+받/VV+아서/EC+먹/VV+어/EC+봤/VX+EP+는데/EC+맛있/VA+더라/EC"
          },
          {
            "id": 18,
            "text": "1 : 키키 어떤 거 선물 받았는데?",
            "norm_text": "키키 어떤 거 선물 받았는데?",
            "speaker": {
              "id": "1번",
              "sex": "여성",
              "age": "20대"
            },
            "speechAct": "(지시) 질문하기",
            "morpheme": "키키/NNP+어떤/MM+거/NNB+선물/NNG+받/VV+았/EP+는데/EF"
          },
          {
            "id": 19,
            "text": "2 : 냉동 떡볶이 막 이런 거 화장품이랑",
            "norm_text": "냉동 떡볶이 막 이런 거 화장품이랑",
            "speaker": {
              "id": "2번",
              "sex": "여성",
              "age": "20대"
            },
            "speechAct": "(단언) 진술하기",
            "morpheme": "냉동/NNG+떡볶이/NNG+막/MAJ+이런/MM+거/NNB+화장품/NNG+이랑/JKB"
          },
          {
            "id": 20,
            "text": "1 : 헐 냉동 떡볶이도 군대 안에서 팔아?",
            "norm_text": "헐 냉동 떡볶이도 군대 안에서 팔아?",
            "speaker": {
              "id": "1번",
              "sex": "여성",
              "age": "20대"
            },
            "speechAct": "(지시) 질문하기",
            "morpheme": "헐/IC+냉동/NNG+떡볶이/NNG+도/JX+군/NNG+대안/NNG+에서/JKB+팔/VV+아/EF"
          },
          {
            "id": 21,
            "text": "2 : 그게 있데 나중에 군인한테 물어봐",
            "norm_text": "그게 있데 나중에 군인한테 물어봐",
            "speaker": {
              "id": "2번",
              "sex": "여성",
              "age": "20대"
            },
            "speechAct": "(지시) 충고/제안하기",
            "morpheme": "그게/NP+JKS+있/VA+데/EC+나중/NNG+에/JKB+군인/NNG+한테/JKB+물어봐/VV+EC"
          },
          {
            "id": 22,
            "text": "1 : 키키 나는 맛다시 선물 받았는데 허허허",
            "norm_text": "키키 나는 맛다시 선물 받았는데 허허허",
            "speaker": {
              "id": "1번",
              "sex": "여성",
              "age": "20대"
            },
            "speechAct": "(단언) 진술하기",
            "morpheme": "키/NNG+키나/XSA+ETN+JX+는/JX+맛/NNG+다시/MAG+선물/NNG+받/VV+았/EP+는데/EC+허허/XR+허/XSA+EP"
          },
          {
            "id": 23,
            "text": "2 : 나도 그건 먹어보고 싶었는데",
            "norm_text": "나도 그건 먹어보고 싶었는데",
            "speaker": {
              "id": "2번",
              "sex": "여성",
              "age": "20대"
            },
            "speechAct": "(단언) 주장하기",
            "morpheme": "나/NP+도/JX+그건/NP+JX+먹/VV+어/EC+보/VX+고/EC+싶/VX+었/EP+는데/EC"
          }
        ]
      }
    }
  ]
}