{
  "dataset": {
    "identifier": 117100,
    "name": "FACEBOOK_110_12_set",
    "src_path": "/data/file/cubeManager/PROJECT001/80/txt202111021533190365107/FACEBOOK_110_12_set/",
    "label_path": "/data/file/cubeManager/PROJECT001/80/txt202111021533190365107/FACEBOOK_110_12_set/",
    "category": 2,
    "type": 0
  },
  "licenses": {
    "name": "Apache License 1.0",
    "url": "http://www.apache.org/licenses/LICENSE-1.0"
  },
  "info": [
    {
      "id": 130016,
      "filename": "FACEBOOK_110_12.txt",
      "title": "FACEBOOK_110_12",
      "mediatype": "SNS",
      "medianame": "페이스북",
      "category": "일상대화",
      "date": "2021-11-02",
      "size": 456,
      "annotations": {
        "subject": "여행",
        "speaker_type": "1:1",
        "size": 456,
        "word_size": 152,
        "text": "1 : 언니는 논산 토박이라고 했지?\n2 : 웅 나 토박이\n2 : 키키 오래 살았지\n1 : 그러면 충남권으로 여행 갈만한 곳 있을까?\n2 : 충남권 진짜 없지 않아?\n1 : 내가 알기론 천안 아산 덕산 이 정도?\n2 : 덕산은 리조트고 아산은 온천이고 키키 군산?\n1 : 맞아 키키\n1 : 거기 기찻길 되게 잘 꾸며 놨잖아!\n2 : 맞아 나 짜장면은 먹으러 가봤는데 기찻길은 안 가봄 키키\n1 : 아 거기 군산 고추 짜장면 얘기하는 건가?\n2 : 웅 너 먹어봤어? 맛집\n1 : 아니 나는 고추 별로 안 좋아해서,\n1 : 그거 맛이 어때!?\n2 : 웅 나 줄서서 기다렸거든? 근데 아깝더라...\n1 : 돈이 아까웠어? 그렇게 맛이 없었어?\n1 : 근데 사람들은 그거 왜 좋아하지?\n2 : 진짜 입도 못댈 정도로 매워 키키 먹질 못해\n1 : 아 진짜? 키키\n1 : 매운 맛 좋아하는 한국인은 거기 좋아하겠네~\n2 : 아 근데 지금 배고파서 근가 먹고 싶다",
        "lines": [
          {
            "id": 1,
            "text": "1 : 언니는 논산 토박이라고 했지?",
            "norm_text": "언니는 논산 토박이라고 했지?",
            "speaker": {
              "id": "1번",
              "sex": "여성",
              "age": "20대"
            },
            "speechAct": "(지시) 질문하기",
            "morpheme": "언니/NNG+는/JX+논산/NNP+토박이/NNG+라고/VCP+EC+했/VX+EP+지/EF"
          },
          {
            "id": 2,
            "text": "2 : 웅 나 토박이",
            "norm_text": "웅 나 토박이",
            "speaker": {
              "id": "2번",
              "sex": "여성",
              "age": "20대"
            },
            "speechAct": "(단언) 주장하기",
            "morpheme": "웅/IC+나/NP+토박이/NNG"
          },
          {
            "id": 3,
            "text": "2 : 키키 오래 살았지",
            "norm_text": "키키 오래 살았지",
            "speaker": {
              "id": "2번",
              "sex": "여성",
              "age": "20대"
            },
            "speechAct": "(단언) 주장하기",
            "morpheme": "키/NNG+키/NNG+오래/MAG+살/VV+았/EP+지/EC"
          },
          {
            "id": 4,
            "text": "1 : 그러면 충남권으로 여행 갈만한 곳 있을까?",
            "norm_text": "그러면 충남권으로 여행 갈만한 곳 있을까?",
            "speaker": {
              "id": "1번",
              "sex": "여성",
              "age": "20대"
            },
            "speechAct": "(지시) 질문하기",
            "morpheme": "그러면/MAJ+충남/NNP+권/XSN+으로/JKB+여행/NNG+갈만/NNG+한/XSA+ETM+곳/NNB+있/VA+을까/EF"
          },
          {
            "id": 5,
            "text": "2 : 충남권 진짜 없지 않아?",
            "norm_text": "충남권 진짜 없지 않아?",
            "speaker": {
              "id": "2번",
              "sex": "여성",
              "age": "20대"
            },
            "speechAct": "(단언) 주장하기",
            "morpheme": "충남/NNP+권/XSN+진짜/MAG+없/VA+지/EC+않/VX+아/EF"
          },
          {
            "id": 6,
            "text": "1 : 내가 알기론 천안 아산 덕산 이 정도?",
            "norm_text": "내가 알기론 천안 아산 덕산 이 정도?",
            "speaker": {
              "id": "1번",
              "sex": "여성",
              "age": "20대"
            },
            "speechAct": "(단언) 주장하기",
            "morpheme": "내/NP+가/JKS+알/VV+기/ETN+론/JKB+JX+천안/NNP+아/JKV+산덕/NNP+산/XSN+이/JKS+정도/NNG"
          },
          {
            "id": 7,
            "text": "2 : 덕산은 리조트고 아산은 온천이고 키키 군산?",
            "norm_text": "덕산은 리조트고 아산은 온천이고 키키 군산?",
            "speaker": {
              "id": "2번",
              "sex": "여성",
              "age": "20대"
            },
            "speechAct": "(지시) 질문하기",
            "morpheme": "덕산/NNP+은/JX+리조트/NNG+고아산/NNP+은/JX+온천/NNG+이/VCP+고/EC+키/NNG+키/NNG+군산/NNG"
          },
          {
            "id": 8,
            "text": "1 : 맞아 키키",
            "norm_text": "맞아 키키",
            "speaker": {
              "id": "1번",
              "sex": "여성",
              "age": "20대"
            },
            "speechAct": "(단언) 주장하기",
            "morpheme": "맞/VV+아/EC+키/NNG+키/XSV+ETN"
          },
          {
            "id": 9,
            "text": "1 : 거기 기찻길 되게 잘 꾸며 놨잖아!",
            "norm_text": "거기 기찻길 되게 잘 꾸며 놨잖아!",
            "speaker": {
              "id": "1번",
              "sex": "여성",
              "age": "20대"
            },
            "speechAct": "(단언) 주장하기",
            "morpheme": "거기/NP+기찻길/NNG+되게/MAG+잘/MAG+꾸며놨/VV+EC+VX+EP+잖아/EF"
          },
          {
            "id": 10,
            "text": "2 : 맞아 나 짜장면은 먹으러 가봤는데 기찻길은 안 가봄 키키",
            "norm_text": "맞아 나 짜장면은 먹으러 가봤는데 기찻길은 안 가봄 키키",
            "speaker": {
              "id": "2번",
              "sex": "여성",
              "age": "20대"
            },
            "speechAct": "(단언) 주장하기",
            "morpheme": "맞/VV+아나/EC+짜장면/NNG+은/JX+먹/VV+으러/EC+가/JKS+봤/VV+EP+는데/EC+기찻길/NNG+은/JX+안/MAG+가/VV+EC+봄/NNG+키/NNG+키/XSV+ETN"
          },
          {
            "id": 11,
            "text": "1 : 아 거기 군산 고추 짜장면 얘기하는 건가?",
            "norm_text": "아 거기 군산 고추 짜장면 얘기하는 건가?",
            "speaker": {
              "id": "1번",
              "sex": "여성",
              "age": "20대"
            },
            "speechAct": "(지시) 질문하기",
            "morpheme": "아/IC+거기/NP+군산/NNG+고추/NNG+짜장면/NNG+얘기/NNG+하/XSV+는/ETM+건가/NNB+VCP+EF"
          },
          {
            "id": 12,
            "text": "2 : 웅 너 먹어봤어? 맛집",
            "norm_text": "웅 너 먹어봤어? 맛집",
            "speaker": {
              "id": "2번",
              "sex": "여성",
              "age": "20대"
            },
            "speechAct": "(지시) 질문하기",
            "morpheme": "웅/IC+너/NP+먹/VV+어/EC+봤/VX+EP+어/EF+맛집/NNG"
          },
          {
            "id": 13,
            "text": "1 : 아니 나는 고추 별로 안 좋아해서,",
            "norm_text": "아니 나는 고추 별로 안 좋아해서,",
            "speaker": {
              "id": "1번",
              "sex": "여성",
              "age": "20대"
            },
            "speechAct": "(단언) 주장하기",
            "morpheme": "아니/IC+나/NP+는/JX+고추/NNG+별로/MAG+안/MAG+좋/VA+아/EC+해서/VV+EC+,/SC"
          },
          {
            "id": 14,
            "text": "1 : 그거 맛이 어때!?",
            "norm_text": "그거 맛이 어때!?",
            "speaker": {
              "id": "1번",
              "sex": "여성",
              "age": "20대"
            },
            "speechAct": "(지시) 질문하기",
            "morpheme": "그거/NP+맛/NNG+이/JKS+어때/VA+EC+!/SY"
          },
          {
            "id": 15,
            "text": "2 : 웅 나 줄서서 기다렸거든? 근데 아깝더라...",
            "norm_text": "웅 나 줄서서 기다렸거든? 근데 아깝더라...",
            "speaker": {
              "id": "2번",
              "sex": "여성",
              "age": "20대"
            },
            "speechAct": "(단언) 주장하기",
            "morpheme": "웅/IC+나/NP+줄서/VV+서/EC+기다렸/VV+EP+거든/EF+근데/MAJ+아깝/VA+더라/EF+./SY"
          },
          {
            "id": 16,
            "text": "1 : 돈이 아까웠어? 그렇게 맛이 없었어?",
            "norm_text": "돈이 아까웠어? 그렇게 맛이 없었어?",
            "speaker": {
              "id": "1번",
              "sex": "여성",
              "age": "20대"
            },
            "speechAct": "(지시) 질문하기",
            "morpheme": "돈/NNG+이/JKS+아까웠/VA+EP+어/EF+그렇게/MAG+맛/NNG+이/JKS+없/VA+었/EP+어/EF"
          },
          {
            "id": 17,
            "text": "1 : 근데 사람들은 그거 왜 좋아하지?",
            "norm_text": "근데 사람들은 그거 왜 좋아하지?",
            "speaker": {
              "id": "1번",
              "sex": "여성",
              "age": "20대"
            },
            "speechAct": "(지시) 질문하기",
            "morpheme": "근데/MAJ+사람/NNG+들/XSN+은/JX+그거/NP+왜/MAG+좋/VA+아/EC+하/VX+지/EF"
          },
          {
            "id": 18,
            "text": "2 : 진짜 입도 못댈 정도로 매워 키키 먹질 못해",
            "norm_text": "진짜 입도 못댈 정도로 매워 키키 먹질 못해",
            "speaker": {
              "id": "2번",
              "sex": "여성",
              "age": "20대"
            },
            "speechAct": "(단언) 주장하기",
            "morpheme": "진짜/MAG+입/NNG+도/JX+못/MAG+댈/VV+ETM+정도/NNG+로/JKB+매워/VV+EC+키/NNG+키/XSV+ETN+먹/VV+질/EC+JX+못해/VX+EC"
          },
          {
            "id": 19,
            "text": "1 : 아 진짜? 키키",
            "norm_text": "아 진짜? 키키",
            "speaker": {
              "id": "1번",
              "sex": "여성",
              "age": "20대"
            },
            "speechAct": "(지시) 질문하기",
            "morpheme": "아/IC+진짜/MAG+키/NNG+키/XSV+ETN"
          },
          {
            "id": 20,
            "text": "1 : 매운 맛 좋아하는 한국인은 거기 좋아하겠네~",
            "norm_text": "매운 맛 좋아하는 한국인은 거기 좋아하겠네~",
            "speaker": {
              "id": "1번",
              "sex": "여성",
              "age": "20대"
            },
            "speechAct": "(단언) 주장하기",
            "morpheme": "매운맛/NNG+좋/VA+아/EC+하/VV+는/ETM+한국인/NNG+은/JX+거기/NP+좋/VA+아/EC+하/VX+겠/EP+네/EF+~/SY"
          },
          {
            "id": 21,
            "text": "2 : 아 근데 지금 배고파서 근가 먹고 싶다",
            "norm_text": "아 근데 지금 배고파서 근가 먹고 싶다",
            "speaker": {
              "id": "2번",
              "sex": "여성",
              "age": "20대"
            },
            "speechAct": "(단언) 주장하기",
            "morpheme": "아/IC+근데/MAJ+지금/MAG+배고파서/VA+EC+근가/MAG+먹/VV+고/EC+싶/VX+다/EC"
          }
        ]
      }
    }
  ]
}