{
  "dataset": {
    "identifier": 125290,
    "name": "FACEBOOK_125_08_set",
    "src_path": "/data/file/cubeManager/PROJECT001/84/txt20211105160907002825/FACEBOOK_125_08_set/",
    "label_path": "/data/file/cubeManager/PROJECT001/84/txt20211105160907002825/FACEBOOK_125_08_set/",
    "category": 2,
    "type": 0
  },
  "licenses": {
    "name": "Apache License 1.0",
    "url": "http://www.apache.org/licenses/LICENSE-1.0"
  },
  "info": [
    {
      "id": 140165,
      "filename": "FACEBOOK_125_08.txt",
      "title": "FACEBOOK_125_08",
      "mediatype": "SNS",
      "medianame": "페이스북",
      "category": "일상대화",
      "date": "2021-11-05",
      "size": 491,
      "annotations": {
        "subject": "연애/결혼",
        "speaker_type": "1:1",
        "size": 491,
        "word_size": 154,
        "text": "1 : 오빠 여친이랑 사귄 지 얼마나 지났어?~\n2 : 1년 좀 안 됐지 키키 너무 이뻐 내 여자친구\n1 : 벌써 시간이 1년 가까이야? 진짜 빠르네!\n2 : 처음에 만난 게 역전 할매에서 만난 거거든\n1 : 아 거기 술집이잖아 그치?\n2 : 내 친구 따라서 술 먹으러 갔는데 아는 동생 두 명을 델고 온 거야\n1 : 아 연애 썰 좀 풀어봐 설레네 키키\n2 : 근데 거기에 내 여자친구가 온 거야 키키\n2 : 그래서 내가 한눈에 반했잖아\n1 : 여자친구가 이쁘긴 하더라 여자가 봐도\n2 : 근데 그때 내 여자친구가 남자친구가 있었어 그래서 지나가다 볼 때마다 아 이쁘다 생각을 했지\n1 : 그러다가 결국엔 고백하고 사귄 거구나?~\n2 : 그러다가 어느 순간 남자친구랑 헤어졌더라고 그래서 내가 쫓아다녔지\n1 : 아 키키 헤어지자마자 바로 안 것도 대단하네\n2 : 안 넘어오더라? 그러다가 결국 나한테 넘어왔어 하하\n1 : 역시 오빤 능력자 중에서도 최고의 능력자야\n2 : 내가 어지간히 멋있어야 말이지 하하",
        "lines": [
          {
            "id": 1,
            "text": "1 : 오빠 여친이랑 사귄 지 얼마나 지났어?~",
            "norm_text": "오빠 여친이랑 사귄 지 얼마나 지났어?~",
            "speaker": {
              "id": "1번",
              "sex": "여성",
              "age": "20대"
            },
            "speechAct": "(지시) 질문하기",
            "morpheme": "오빠/NNG+여친/NNG+이랑/JKB+사귄/VV+ETM+지/NNB+얼마나/MAG+지났/VV+EP+어/EF+~/SY"
          },
          {
            "id": 2,
            "text": "2 : 1년 좀 안 됐지 키키 너무 이뻐 내 여자친구",
            "norm_text": "1년 좀 안 됐지 키키 너무 이뻐 내 여자친구",
            "speaker": {
              "id": "2번",
              "sex": "남성",
              "age": "20대"
            },
            "speechAct": "(단언) 주장하기",
            "morpheme": "1/SN+년/NNBC+좀/MAG+안/MAG+됐/VV+EP+지/EC+키/NNG+키/NNG+너무/MAG+이뻐/VA+EC+내/NP+JKG+여자/NNG+친구/NNG"
          },
          {
            "id": 3,
            "text": "1 : 벌써 시간이 1년 가까이야? 진짜 빠르네!",
            "norm_text": "벌써 시간이 1년 가까이야? 진짜 빠르네!",
            "speaker": {
              "id": "1번",
              "sex": "여성",
              "age": "20대"
            },
            "speechAct": "(단언) 주장하기",
            "morpheme": "벌써/MAG+시간/NNG+이/JKS+1/SN+년/NNBC+가까이/NNG+야/VCP+EF+진짜/MAG+빠르/VA+네/EF"
          },
          {
            "id": 4,
            "text": "2 : 처음에 만난 게 역전 할매에서 만난 거거든",
            "norm_text": "처음에 만난 게 역전 할매에서 만난 거거든",
            "speaker": {
              "id": "2번",
              "sex": "남성",
              "age": "20대"
            },
            "speechAct": "(단언) 주장하기",
            "morpheme": "처음/NNG+에/JKB+만난/VV+ETM+게/NNB+JKS+역전/NNP+할매/NNG+에서/JKB+만난/VV+ETM+거/NNB+거든/VCP+EC"
          },
          {
            "id": 5,
            "text": "1 : 아 거기 술집이잖아 그치?",
            "norm_text": "아 거기 술집이잖아 그치?",
            "speaker": {
              "id": "1번",
              "sex": "여성",
              "age": "20대"
            },
            "speechAct": "(지시) 질문하기",
            "morpheme": "아/IC+거기/NP+술집/NNG+이/VCP+잖아/EF+그치/IC"
          },
          {
            "id": 6,
            "text": "2 : 내 친구 따라서 술 먹으러 갔는데 아는 동생 두 명을 델고 온 거야",
            "norm_text": "내 친구 따라서 술 먹으러 갔는데 아는 동생 두 명을 델고 온 거야",
            "speaker": {
              "id": "2번",
              "sex": "남성",
              "age": "20대"
            },
            "speechAct": "(단언) 주장하기",
            "morpheme": "내/NP+JKG+친구/NNG+따라서/MAJ+술/NNG+먹/VV+으러/EC+갔/VV+EP+는데/EC+아/VV+는/ETM+동생/NNG+두/MM+명/NNBC+을/JKO+델/VV+고/EC+온/VX+ETM+거/NNB+야/VCP+EF"
          },
          {
            "id": 7,
            "text": "1 : 아 연애 썰 좀 풀어봐 설레네 키키",
            "norm_text": "아 연애 썰 좀 풀어봐 설레네 키키",
            "speaker": {
              "id": "1번",
              "sex": "여성",
              "age": "20대"
            },
            "speechAct": "(지시) 명령/요구하기",
            "morpheme": "아연/MAG+애/NNG+썰/VV+ETM+좀/MAG+풀/VV+어/EC+봐/VX+EC+설레/VV+EC+네/MM+키/NNG+키/XSV+ETN"
          },
          {
            "id": 8,
            "text": "2 : 근데 거기에 내 여자친구가 온 거야 키키",
            "norm_text": "근데 거기에 내 여자친구가 온 거야 키키",
            "speaker": {
              "id": "2번",
              "sex": "남성",
              "age": "20대"
            },
            "speechAct": "(단언) 주장하기",
            "morpheme": "근데/MAJ+거기/NP+에/JKB+내/NP+JKG+여자/NNG+친구/NNG+가/JKS+온/VV+ETM+거/NNB+야/VCP+EF+키/NNG+키/XSV+ETN"
          },
          {
            "id": 9,
            "text": "2 : 그래서 내가 한눈에 반했잖아",
            "norm_text": "그래서 내가 한눈에 반했잖아",
            "speaker": {
              "id": "2번",
              "sex": "남성",
              "age": "20대"
            },
            "speechAct": "(단언) 주장하기",
            "morpheme": "그래서/MAJ+내/NP+가/JKS+한눈/NNG+에/JKB+반했/VV+EP+잖아/EC"
          },
          {
            "id": 10,
            "text": "1 : 여자친구가 이쁘긴 하더라 여자가 봐도",
            "norm_text": "여자친구가 이쁘긴 하더라 여자가 봐도",
            "speaker": {
              "id": "1번",
              "sex": "여성",
              "age": "20대"
            },
            "speechAct": "(단언) 주장하기",
            "morpheme": "여자/NNG+친구/NNG+가/JKS+이쁘/VA+긴/ETN+JX+하/VX+더라/EC+여자/NNG+가/JKS+봐도/VV+EC"
          },
          {
            "id": 11,
            "text": "2 : 근데 그때 내 여자친구가 남자친구가 있었어 그래서 지나가다 볼 때마다 아 이쁘다 생각을 했지",
            "norm_text": "근데 그때 내 여자친구가 남자친구가 있었어 그래서 지나가다 볼 때마다 아 이쁘다 생각을 했지",
            "speaker": {
              "id": "2번",
              "sex": "남성",
              "age": "20대"
            },
            "speechAct": "(단언) 주장하기",
            "morpheme": "근데/MAJ+그때/NNG+내/NNB+여자/NNG+친구/NNG+가/JKS+남자/NNG+친구/NNG+가/JKS+있/VA+었/EP+어/EF+그래서/MAJ+지나가/VV+다/EC+볼/VX+ETM+때/NNG+마다/JX+아/IC+이쁘/VA+다/EC+생각/NNG+을/JKO+했/VV+EP+지/EC"
          },
          {
            "id": 12,
            "text": "1 : 그러다가 결국엔 고백하고 사귄 거구나?~",
            "norm_text": "그러다가 결국엔 고백하고 사귄 거구나?~",
            "speaker": {
              "id": "1번",
              "sex": "여성",
              "age": "20대"
            },
            "speechAct": "(지시) 질문하기",
            "morpheme": "그러다가/MAJ+결국/NNG+엔/JKB+JX+고백/NNG+하/XSV+고/EC+사귄/VV+ETM+거/NNB+구나/VCP+EF+~/SY"
          },
          {
            "id": 13,
            "text": "2 : 그러다가 어느 순간 남자친구랑 헤어졌더라고 그래서 내가 쫓아다녔지",
            "norm_text": "그러다가 어느 순간 남자친구랑 헤어졌더라고 그래서 내가 쫓아다녔지",
            "speaker": {
              "id": "2번",
              "sex": "남성",
              "age": "20대"
            },
            "speechAct": "(단언) 주장하기",
            "morpheme": "그러다가/MAJ+어느/MM+순간/NNG+남자/NNG+친구/NNG+랑/JKB+헤어졌/VV+EP+더라고/EF+그래서/MAJ+내/NP+가/JKS+쫓아다녔/VV+EP+지/EC"
          },
          {
            "id": 14,
            "text": "1 : 아 키키 헤어지자마자 바로 안 것도 대단하네",
            "norm_text": "아 키키 헤어지자마자 바로 안 것도 대단하네",
            "speaker": {
              "id": "1번",
              "sex": "여성",
              "age": "20대"
            },
            "speechAct": "(단언) 주장하기",
            "morpheme": "아키/NNP+키/NNG+헤어지/VV+자마자/EC+바로/MAG+안/VV+ETM+것/NNB+도/JX+대단/XR+하/XSA+네/EC"
          },
          {
            "id": 15,
            "text": "2 : 안 넘어오더라? 그러다가 결국 나한테 넘어왔어 하하",
            "norm_text": "안 넘어오더라? 그러다가 결국 나한테 넘어왔어 하하",
            "speaker": {
              "id": "2번",
              "sex": "남성",
              "age": "20대"
            },
            "speechAct": "(단언) 주장하기",
            "morpheme": "안/MAG+넘어오/VV+더라/EF+그러/VV+다가/EC+결국/MAG+나/NP+한테/JKB+넘어왔/VV+EP+어/EC+하하/MAG"
          },
          {
            "id": 16,
            "text": "1 : 역시 오빤 능력자 중에서도 최고의 능력자야",
            "norm_text": "역시 오빤 능력자 중에서도 최고의 능력자야",
            "speaker": {
              "id": "1번",
              "sex": "여성",
              "age": "20대"
            },
            "speechAct": "(단언) 주장하기",
            "morpheme": "역시/MAJ+오빤/NNG+VCP+JX+능력자/NNG+중/NNB+에서/JKB+도/JX+최고/NNG+의/JKG+능력/NNG+자야/NNG"
          },
          {
            "id": 17,
            "text": "2 : 내가 어지간히 멋있어야 말이지 하하",
            "norm_text": "내가 어지간히 멋있어야 말이지 하하",
            "speaker": {
              "id": "2번",
              "sex": "남성",
              "age": "20대"
            },
            "speechAct": "(단언) 주장하기",
            "morpheme": "내/NP+가/JKS+어지간히/MAG+멋있/VA+어야/EC+말/NNG+이/JKS+지하/NNG+하/XSV"
          }
        ]
      }
    }
  ]
}