{
  "dataset": {
    "identifier": 118237,
    "name": "FACEBOOK_117_02_set",
    "src_path": "/data/file/cubeManager/PROJECT001/80/txt20211102103331031241/FACEBOOK_117_02_set/",
    "label_path": "/data/file/cubeManager/PROJECT001/80/txt20211102103331031241/FACEBOOK_117_02_set/",
    "category": 2,
    "type": 0
  },
  "licenses": {
    "name": "Apache License 1.0",
    "url": "http://www.apache.org/licenses/LICENSE-1.0"
  },
  "info": [
    {
      "id": 129645,
      "filename": "FACEBOOK_117_02.txt",
      "title": "FACEBOOK_117_02",
      "mediatype": "SNS",
      "medianame": "페이스북",
      "category": "일상대화",
      "date": "2021-11-02",
      "size": 397,
      "annotations": {
        "subject": "주거와 생활",
        "speaker_type": "1:1",
        "size": 397,
        "word_size": 138,
        "text": "1 : 언니는 화장실 청소 어떻게 하고 있어?\n2 : 난 화장실 청소 샤워할 때 키키\n1 : 샤워할 때 어떤 식으로 하는데?\n2 : 샤워하기 전에 화장실 청소하는 걸로 보이면 박박 닦음 키키\n1 : 키키 아 진짜? 나도 그렇게 해야 하나 봐!\n2 : 왜? 화장실 드러워졌어?\n2 : 왜 그래\n1 : 근데 화장실에 계속 곰팡이 생기는 게 맞는 거야?\n2 : 그거 습해서 그런 거 아냐?\n1 : 어 그런 거 같아\n1 : 일단 나는 24시간 환풍구 돌리고 있어!\n2 : 그럼 안 생길 텐데 왜 생기지\n1 : 내가 창문을 안 열어서 그런가?\n2 : 창문 있어 화장실에?\n2 : 그럼 열어 놔\n1 : 어 조그맣게 있는데 내가 안 열어!\n2 : 열어 근데 겨울엔 춥겠다\n1 : 어, 맞아, 그리고 담배 냄새 들어와,\n2 : 맞아 그럼 환풍기만 틀어 놔~",
        "lines": [
          {
            "id": 1,
            "text": "1 : 언니는 화장실 청소 어떻게 하고 있어?",
            "norm_text": "언니는 화장실 청소 어떻게 하고 있어?",
            "speaker": {
              "id": "1번",
              "sex": "여성",
              "age": "20대"
            },
            "speechAct": "(지시) 질문하기",
            "morpheme": "언니/NNG+는/JX+화장실/NNG+청소/NNG+어떻게/MAG+하/VV+고/EC+있/VX+어/EF"
          },
          {
            "id": 2,
            "text": "2 : 난 화장실 청소 샤워할 때 키키",
            "norm_text": "난 화장실 청소 샤워할 때 키키",
            "speaker": {
              "id": "2번",
              "sex": "여성",
              "age": "20대"
            },
            "speechAct": "(단언) 진술하기",
            "morpheme": "난/NP+JX+화장실/NNG+청소/NNG+샤워/NNG+할/XSV+ETM+때/NNG+키/NNG+키/XSV+ETN"
          },
          {
            "id": 3,
            "text": "1 : 샤워할 때 어떤 식으로 하는데?",
            "norm_text": "샤워할 때 어떤 식으로 하는데?",
            "speaker": {
              "id": "1번",
              "sex": "여성",
              "age": "20대"
            },
            "speechAct": "(지시) 질문하기",
            "morpheme": "샤워/NNG+할/XSV+ETM+때/NNG+어떤/MM+식/NNB+으로/JKB+하/VV+는데/EC"
          },
          {
            "id": 4,
            "text": "2 : 샤워하기 전에 화장실 청소하는 걸로 보이면 박박 닦음 키키",
            "norm_text": "샤워하기 전에 화장실 청소하는 걸로 보이면 박박 닦음 키키",
            "speaker": {
              "id": "2번",
              "sex": "여성",
              "age": "20대"
            },
            "speechAct": "(단언) 진술하기",
            "morpheme": "샤워/NNG+하/XSV+기/ETN+전/NNG+에/JKB+화장실/NNG+청소/NNG+하/XSV+는/ETM+걸로/NNB+JKB+보이/VV+면/EC+박박/MAG+닦/VV+음/ETN+키/NNG+키/XSV+ETN"
          },
          {
            "id": 5,
            "text": "1 : 키키 아 진짜? 나도 그렇게 해야 하나 봐!",
            "norm_text": "키키 아 진짜? 나도 그렇게 해야 하나 봐!",
            "speaker": {
              "id": "1번",
              "sex": "여성",
              "age": "20대"
            },
            "speechAct": "(단언) 주장하기",
            "morpheme": "키/NNG+키/VV+아/EC+진짜/MAG+나/NP+도/JX+그렇게/MAG+해야/VV+EC+하/VV+나/EC+봐/VX+EF"
          },
          {
            "id": 6,
            "text": "2 : 왜? 화장실 드러워졌어?",
            "norm_text": "왜? 화장실 드러워졌어?",
            "speaker": {
              "id": "2번",
              "sex": "여성",
              "age": "20대"
            },
            "speechAct": "(지시) 질문하기",
            "morpheme": "왜/MAG+화장실/NNG+드러워/VA+EC+졌/VX+EP+어/EF"
          },
          {
            "id": 7,
            "text": "2 : 왜 그래",
            "norm_text": "왜 그래",
            "speaker": {
              "id": "2번",
              "sex": "여성",
              "age": "20대"
            },
            "speechAct": "(단언) 주장하기",
            "morpheme": "왜/MAG+그래/VA+EC"
          },
          {
            "id": 8,
            "text": "1 : 근데 화장실에 계속 곰팡이 생기는 게 맞는 거야?",
            "norm_text": "근데 화장실에 계속 곰팡이 생기는 게 맞는 거야?",
            "speaker": {
              "id": "1번",
              "sex": "여성",
              "age": "20대"
            },
            "speechAct": "(지시) 질문하기",
            "morpheme": "근데/MAJ+화장실/NNG+에/JKB+계속/MAG+곰팡/NNG+이/JKS+생기/VV+는/ETM+게/NNB+JKS+맞/VV+는/ETM+거/NNB+야/VCP+EF"
          },
          {
            "id": 9,
            "text": "2 : 그거 습해서 그런 거 아냐?",
            "norm_text": "그거 습해서 그런 거 아냐?",
            "speaker": {
              "id": "2번",
              "sex": "여성",
              "age": "20대"
            },
            "speechAct": "(단언) 주장하기",
            "morpheme": "그/MM+거습/NNG+해서/XSV+EC+그런/MM+거/NNB+아냐/VCN+EF"
          },
          {
            "id": 10,
            "text": "1 : 어 그런 거 같아",
            "norm_text": "어 그런 거 같아",
            "speaker": {
              "id": "1번",
              "sex": "여성",
              "age": "20대"
            },
            "speechAct": "(단언) 주장하기",
            "morpheme": "어/IC+그런/MM+거/NNB+같/VA+아/EC"
          },
          {
            "id": 11,
            "text": "1 : 일단 나는 24시간 환풍구 돌리고 있어!",
            "norm_text": "일단 나는 24시간 환풍구 돌리고 있어!",
            "speaker": {
              "id": "1번",
              "sex": "여성",
              "age": "20대"
            },
            "speechAct": "(단언) 진술하기",
            "morpheme": "일단/MAG+나/NP+는/JX+24/SN+시/NNBC+간환/NNG+풍구/NNG+돌리/VV+고/EC+있/VX+어/EF"
          },
          {
            "id": 12,
            "text": "2 : 그럼 안 생길 텐데 왜 생기지",
            "norm_text": "그럼 안 생길 텐데 왜 생기지",
            "speaker": {
              "id": "2번",
              "sex": "여성",
              "age": "20대"
            },
            "speechAct": "(단언) 주장하기",
            "morpheme": "그럼/MAJ+안/MAG+생길/VV+ETM+텐데/NNB+VCP+EC+왜/MAG+생기/VV+지/EC"
          },
          {
            "id": 13,
            "text": "1 : 내가 창문을 안 열어서 그런가?",
            "norm_text": "내가 창문을 안 열어서 그런가?",
            "speaker": {
              "id": "1번",
              "sex": "여성",
              "age": "20대"
            },
            "speechAct": "(단언) 주장하기",
            "morpheme": "내/NP+가/JKS+창문/NNG+을/JKO+안/MAG+열/VV+어서/EC+그런가/VA+EF"
          },
          {
            "id": 14,
            "text": "2 : 창문 있어 화장실에?",
            "norm_text": "창문 있어 화장실에?",
            "speaker": {
              "id": "2번",
              "sex": "여성",
              "age": "20대"
            },
            "speechAct": "(지시) 질문하기",
            "morpheme": "창문/NNG+있/VV+어/EC+화장실/NNG+에/JKB"
          },
          {
            "id": 15,
            "text": "2 : 그럼 열어 놔",
            "norm_text": "그럼 열어 놔",
            "speaker": {
              "id": "2번",
              "sex": "여성",
              "age": "20대"
            },
            "speechAct": "(지시) 충고/제안하기",
            "morpheme": "그럼/MAJ+열/VV+어/EC+놔/VX+EC"
          },
          {
            "id": 16,
            "text": "1 : 어 조그맣게 있는데 내가 안 열어!",
            "norm_text": "어 조그맣게 있는데 내가 안 열어!",
            "speaker": {
              "id": "1번",
              "sex": "여성",
              "age": "20대"
            },
            "speechAct": "(단언) 진술하기",
            "morpheme": "어/IC+조그맣/VA+게/EC+있/VX+는데/EC+내/NP+가/JKS+안/MAG+열/VV+어/EF"
          },
          {
            "id": 17,
            "text": "2 : 열어 근데 겨울엔 춥겠다",
            "norm_text": "열어 근데 겨울엔 춥겠다",
            "speaker": {
              "id": "2번",
              "sex": "여성",
              "age": "20대"
            },
            "speechAct": "(단언) 주장하기",
            "morpheme": "열/NR+어/IC+근데/MAJ+겨울/NNG+엔/JKB+JX+춥/VA+겠/EP+다/EC"
          },
          {
            "id": 18,
            "text": "1 : 어, 맞아, 그리고 담배 냄새 들어와,",
            "norm_text": "어, 맞아, 그리고 담배 냄새 들어와,",
            "speaker": {
              "id": "1번",
              "sex": "여성",
              "age": "20대"
            },
            "speechAct": "(단언) 주장하기",
            "morpheme": "어/IC+,/SC+맞/VV+아/EC+,/SC+그리고/MAJ+담배/NNG+냄새/NNG+들어와/VV+EC+,/SC"
          },
          {
            "id": 19,
            "text": "2 : 맞아 그럼 환풍기만 틀어 놔~",
            "norm_text": "맞아 그럼 환풍기만 틀어 놔~",
            "speaker": {
              "id": "2번",
              "sex": "여성",
              "age": "20대"
            },
            "speechAct": "(지시) 충고/제안하기",
            "morpheme": "맞아/IC+그럼/MAJ+환풍기/NNG+만/JX+틀/VV+어/EC+놔/VX+EC+~/SY"
          }
        ]
      }
    }
  ]
}