{
  "dataset": {
    "identifier": 117362,
    "name": "FACEBOOK_117_09_set",
    "src_path": "/data/file/cubeManager/PROJECT001/80/txt20211102103331035977/FACEBOOK_117_09_set/",
    "label_path": "/data/file/cubeManager/PROJECT001/80/txt20211102103331035977/FACEBOOK_117_09_set/",
    "category": 2,
    "type": 0
  },
  "licenses": {
    "name": "Apache License 1.0",
    "url": "http://www.apache.org/licenses/LICENSE-1.0"
  },
  "info": [
    {
      "id": 129652,
      "filename": "FACEBOOK_117_09.txt",
      "title": "FACEBOOK_117_09",
      "mediatype": "SNS",
      "medianame": "페이스북",
      "category": "일상대화",
      "date": "2021-11-02",
      "size": 428,
      "annotations": {
        "subject": "반려동물",
        "speaker_type": "1:1",
        "size": 428,
        "word_size": 144,
        "text": "1 : 우리 오복이 아파서 병원 갔다 왔어,\n2 : 헐 왜 어디 아파?\n1 : 목 뒤에 땜빵이 난 거야!\n2 : 무슨 땜빵 누가 뜯었어 ㅡㅡ\n1 : 그러니까! 내가 언니한테 왜 애 머리털을 뽑냐고 뭐라고 했어!\n2 : 스트레스 받았나?\n2 : 왜 그렇대?\n1 : 흠, 그게 링웜인 줄 알았는데 그거는 아니래!\n2 : 병원비 많이 나왔겠다\n2 : 장난 아님\n1 : 다행히도 병원비는 많이 안 나왔어 15000원!\n2 : 지금은 나아지고 있어?\n2 : 잘해 줘 애기\n1 : 아니 어제 연고 처방 받아서 언니가 덕지덕지 발라주고 있대!\n2 : 키키 간지럽겠다 간식 좀 주라 해 ㅜㅜ\n1 : 키키 맞아 근데 왜 생겼는지 모르겠어 ㅜㅜ\n2 : 스트레스 받았나 ㅜㅜ\n2 : 애기가 왜 그러지?\n1 : 걔가 스트레스 받을 게 뭐가 있어!\n1 : 우리가 모시고 사는데!\n2 : 주인이 잘 안 놀아 줘서? 맞아 집사님",
        "lines": [
          {
            "id": 1,
            "text": "1 : 우리 오복이 아파서 병원 갔다 왔어,",
            "norm_text": "우리 오복이 아파서 병원 갔다 왔어,",
            "speaker": {
              "id": "1번",
              "sex": "여성",
              "age": "20대"
            },
            "speechAct": "(단언) 진술하기",
            "morpheme": "우리/NP+오복/NNG+이/JKS+아파서/VA+EC+병원/NNG+갔다왔/VV+EP+어/EF+,/SC"
          },
          {
            "id": 2,
            "text": "2 : 헐 왜 어디 아파?",
            "norm_text": "헐 왜 어디 아파?",
            "speaker": {
              "id": "2번",
              "sex": "여성",
              "age": "20대"
            },
            "speechAct": "(지시) 질문하기",
            "morpheme": "헐/IC+왜/MAG+어디/NP+아파/VA+EF"
          },
          {
            "id": 3,
            "text": "1 : 목 뒤에 땜빵이 난 거야!",
            "norm_text": "목 뒤에 땜빵이 난 거야!",
            "speaker": {
              "id": "1번",
              "sex": "여성",
              "age": "20대"
            },
            "speechAct": "(단언) 진술하기",
            "morpheme": "목뒤/NNG+에/JKB+땜/VV+ETN+빵/NNG+이/JKS+난/VV+ETM+거/NNB+야/VCP+EF"
          },
          {
            "id": 4,
            "text": "2 : 무슨 땜빵 누가 뜯었어 ㅡㅡ",
            "norm_text": "무슨 땜빵 누가 뜯었어 ㅡㅡ",
            "speaker": {
              "id": "2번",
              "sex": "여성",
              "age": "20대"
            },
            "speechAct": "(단언) 주장하기",
            "morpheme": "무슨/MM+땜/NNG+빵/NNG+누가/NP+JKS+뜯/VV+었/EP+어/EF+ㅡㅡ/UNKNOWN"
          },
          {
            "id": 5,
            "text": "1 : 그러니까! 내가 언니한테 왜 애 머리털을 뽑냐고 뭐라고 했어!",
            "norm_text": "그러니까! 내가 언니한테 왜 애 머리털을 뽑냐고 뭐라고 했어!",
            "speaker": {
              "id": "1번",
              "sex": "여성",
              "age": "20대"
            },
            "speechAct": "(단언) 진술하기",
            "morpheme": "그러니까/MAJ+내/NP+가/JKS+언니/NNG+한테/JKB+왜/MAG+애/NNG+머리털/NNG+을/JKO+뽑/VV+냐고/EC+뭐/NP+라고/VCP+EC+했/VX+EP+어/EF"
          },
          {
            "id": 6,
            "text": "2 : 스트레스 받았나?",
            "norm_text": "스트레스 받았나?",
            "speaker": {
              "id": "2번",
              "sex": "여성",
              "age": "20대"
            },
            "speechAct": "(단언) 주장하기",
            "morpheme": "스트레스/NNG+받/VV+았/EP+나/EF"
          },
          {
            "id": 7,
            "text": "2 : 왜 그렇대?",
            "norm_text": "왜 그렇대?",
            "speaker": {
              "id": "2번",
              "sex": "여성",
              "age": "20대"
            },
            "speechAct": "(지시) 질문하기",
            "morpheme": "왜/MAG+그렇/VA+대/EF"
          },
          {
            "id": 8,
            "text": "1 : 흠, 그게 링웜인 줄 알았는데 그거는 아니래!",
            "norm_text": "흠, 그게 링웜인 줄 알았는데 그거는 아니래!",
            "speaker": {
              "id": "1번",
              "sex": "여성",
              "age": "20대"
            },
            "speechAct": "(단언) 진술하기",
            "morpheme": "흠/IC+,/SC+그게/NP+JKS+링/JKO+웜/NNG+인/VCP+ETM+줄/NNB+알/VV+았/EP+는데/EC+그거/NP+는/JX+아니/VCN+래/EF"
          },
          {
            "id": 9,
            "text": "2 : 병원비 많이 나왔겠다",
            "norm_text": "병원비 많이 나왔겠다",
            "speaker": {
              "id": "2번",
              "sex": "여성",
              "age": "20대"
            },
            "speechAct": "(단언) 주장하기",
            "morpheme": "병원/NNG+비/NNG+많이/MAG+나왔/VV+EP+겠/EP+다/EC"
          },
          {
            "id": 10,
            "text": "2 : 장난 아님",
            "norm_text": "장난 아님",
            "speaker": {
              "id": "2번",
              "sex": "여성",
              "age": "20대"
            },
            "speechAct": "(단언) 주장하기",
            "morpheme": "장난아/NNP+님/XSN"
          },
          {
            "id": 11,
            "text": "1 : 다행히도 병원비는 많이 안 나왔어 15000원!",
            "norm_text": "다행히도 병원비는 많이 안 나왔어 15000원!",
            "speaker": {
              "id": "1번",
              "sex": "여성",
              "age": "20대"
            },
            "speechAct": "(단언) 진술하기",
            "morpheme": "다행히/MAG+도병/NNG+원비/NNG+는/JX+많이/MAG+안/MAG+나왔/VV+EP+어/EC+15000/SN+원/NNBC"
          },
          {
            "id": 12,
            "text": "2 : 지금은 나아지고 있어?",
            "norm_text": "지금은 나아지고 있어?",
            "speaker": {
              "id": "2번",
              "sex": "여성",
              "age": "20대"
            },
            "speechAct": "(지시) 질문하기",
            "morpheme": "지금/MAG+은/JX+나아지/VV+고/EC+있/VX+어/EF"
          },
          {
            "id": 13,
            "text": "2 : 잘해 줘 애기",
            "norm_text": "잘해 줘 애기",
            "speaker": {
              "id": "2번",
              "sex": "여성",
              "age": "20대"
            },
            "speechAct": "(지시) 충고/제안하기",
            "morpheme": "잘/MAG+해/VV+EC+줘/VX+EC+애기/NNG"
          },
          {
            "id": 14,
            "text": "1 : 아니 어제 연고 처방 받아서 언니가 덕지덕지 발라주고 있대!",
            "norm_text": "아니 어제 연고 처방 받아서 언니가 덕지덕지 발라주고 있대!",
            "speaker": {
              "id": "1번",
              "sex": "여성",
              "age": "20대"
            },
            "speechAct": "(단언) 진술하기",
            "morpheme": "아니/IC+어제/MAG+연고/NNG+처방/NNG+받/VV+아서/EC+언니/NNG+가/JKS+덕지덕지/MAG+발라/VV+EC+주/VX+고/EC+있/VX+대/EF"
          },
          {
            "id": 15,
            "text": "2 : 키키 간지럽겠다 간식 좀 주라 해 ㅜㅜ",
            "norm_text": "키키 간지럽겠다 간식 좀 주라 해 ㅜㅜ",
            "speaker": {
              "id": "2번",
              "sex": "여성",
              "age": "20대"
            },
            "speechAct": "(단언) 주장하기",
            "morpheme": "키/NNG+키/XSV+ETN+간지럽/VA+겠/EP+다/EC+간식/NNG+좀/MAG+주라/NNG+해/XSV+EC+ㅜㅜ/UNKNOWN"
          },
          {
            "id": 16,
            "text": "1 : 키키 맞아 근데 왜 생겼는지 모르겠어 ㅜㅜ",
            "norm_text": "키키 맞아 근데 왜 생겼는지 모르겠어 ㅜㅜ",
            "speaker": {
              "id": "1번",
              "sex": "여성",
              "age": "20대"
            },
            "speechAct": "(단언) 주장하기",
            "morpheme": "키/NNG+키/XSV+ETN+맞/VV+아/EC+근데/MAJ+왜/MAG+생겼/VV+EP+는지/EC+모르/VV+겠/EP+어/EF+ㅜㅜ/UNKNOWN"
          },
          {
            "id": 17,
            "text": "2 : 스트레스 받았나 ㅜㅜ",
            "norm_text": "스트레스 받았나 ㅜㅜ",
            "speaker": {
              "id": "2번",
              "sex": "여성",
              "age": "20대"
            },
            "speechAct": "(단언) 주장하기",
            "morpheme": "스트레스/NNG+받/VV+았/EP+나/EF+ㅜㅜ/UNKNOWN"
          },
          {
            "id": 18,
            "text": "2 : 애기가 왜 그러지?",
            "norm_text": "애기가 왜 그러지?",
            "speaker": {
              "id": "2번",
              "sex": "여성",
              "age": "20대"
            },
            "speechAct": "(단언) 주장하기",
            "morpheme": "애기/NNG+가/JKS+왜/MAG+그러/VV+지/EF"
          },
          {
            "id": 19,
            "text": "1 : 걔가 스트레스 받을 게 뭐가 있어!",
            "norm_text": "걔가 스트레스 받을 게 뭐가 있어!",
            "speaker": {
              "id": "1번",
              "sex": "여성",
              "age": "20대"
            },
            "speechAct": "(단언) 주장하기",
            "morpheme": "걔/NP+가/JKS+스트레스/NNG+받/VV+을/ETM+게/NNB+JKS+뭐/NP+가/JKS+있/VA+어/EF"
          },
          {
            "id": 20,
            "text": "1 : 우리가 모시고 사는데!",
            "norm_text": "우리가 모시고 사는데!",
            "speaker": {
              "id": "1번",
              "sex": "여성",
              "age": "20대"
            },
            "speechAct": "(단언) 주장하기",
            "morpheme": "우리/NP+가/JKS+모시/VV+고/EC+사/VV+는데/EC"
          },
          {
            "id": 21,
            "text": "2 : 주인이 잘 안 놀아 줘서? 맞아 집사님",
            "norm_text": "주인이 잘 안 놀아 줘서? 맞아 집사님",
            "speaker": {
              "id": "2번",
              "sex": "여성",
              "age": "20대"
            },
            "speechAct": "(단언) 주장하기",
            "morpheme": "주인/NNG+이/JKS+잘/MAG+안/MAG+놀/VV+아/EC+줘서/VX+EF+맞/VV+아/EC+집사/NNG+님/XSN"
          }
        ]
      }
    }
  ]
}