{
  "dataset": {
    "identifier": 101663,
    "name": "FACEBOOK_101_07_set",
    "src_path": "/data/file/cubeManager/PROJECT001/77/txt20211027152210044591/FACEBOOK_101_07_set/",
    "label_path": "/data/file/cubeManager/PROJECT001/77/txt20211027152210044591/FACEBOOK_101_07_set/",
    "category": 2,
    "type": 0
  },
  "licenses": {
    "name": "Apache License 1.0",
    "url": "http://www.apache.org/licenses/LICENSE-1.0"
  },
  "info": [
    {
      "id": 99348,
      "filename": "FACEBOOK_101_07.txt",
      "title": "FACEBOOK_101_07",
      "mediatype": "SNS",
      "medianame": "페이스북",
      "category": "일상대화",
      "date": "2021-10-27",
      "size": 453,
      "annotations": {
        "subject": "가족",
        "speaker_type": "1:1",
        "size": 453,
        "word_size": 157,
        "text": "1 : 아버지는 어떤 직업을 가지고 계셔?\n2 : 우리 아빠는 공인중개사야 사무직\n1 : 와 대박\n1 : 진짜 돈 잘 버시지 않아?\n2 : 근데 그것도 벌이가 왔다갔다 하지?\n1 : 아 맞아 ㅜㅜ\n1 : 요즘에는 부동산업 어떻다셔?\n2 : 몰라\n2 : 말 안 해줘\n2 : 매일 돈 없대 키키\n1 : 언니 공인중개사 공부할 생각은 없어?\n2 : 맞아\n2 : 나 그거 공부하려고 했는데 아빠가 아빠꺼 쓰래 키키\n1 : 키키 와 대박\n1 : 그러면 언니 부동산에 대해서 좀 알아?\n2 : 나는 잘 모르는 거 같은데 그냥 조금씩 듣지?\n1 : 그렇구나 키키\n1 : 아버지 퇴근은 언제쯤 하셔?\n2 : 키키 우리아빠 완전 프리렌서야 그런 거 없어\n1 : 아 진짜?\n1 : 손님이 늦게 오면 늦게 끝나고 그래?\n2 : 뭐 가끔 사람들 만난다곤 하는데 늦진 않아\n1 : ㅜㅜ 그렇구나\n1 : 사무실은 대전에 있는 거야?\n2 : 아니 세종이랑 논산\n2 : 나중에 놀러왕",
        "lines": [
          {
            "id": 1,
            "text": "1 : 아버지는 어떤 직업을 가지고 계셔?",
            "norm_text": "아버지는 어떤 직업을 가지고 계셔?",
            "speaker": {
              "id": "1번",
              "sex": "여성",
              "age": "20대"
            },
            "speechAct": "(지시) 질문하기",
            "morpheme": "아버지/NNG+는/JX+어떤/MM+직업/NNG+을/JKO+가지/VV+고/EC+계셔/VX+EF"
          },
          {
            "id": 2,
            "text": "2 : 우리 아빠는 공인중개사야 사무직",
            "norm_text": "우리 아빠는 공인중개사야 사무직",
            "speaker": {
              "id": "2번",
              "sex": "여성",
              "age": "20대"
            },
            "speechAct": "(단언) 주장하기",
            "morpheme": "우리/NP+아빠/NNG+는/JX+공인/NNG+중개사/NNG+야사/NNG+무직/NNG"
          },
          {
            "id": 3,
            "text": "1 : 와 대박",
            "norm_text": "와 대박",
            "speaker": {
              "id": "1번",
              "sex": "여성",
              "age": "20대"
            },
            "speechAct": "(단언) 진술하기",
            "morpheme": "와/IC+대박/NNG"
          },
          {
            "id": 4,
            "text": "1 : 진짜 돈 잘 버시지 않아?",
            "norm_text": "진짜 돈 잘 버시지 않아?",
            "speaker": {
              "id": "1번",
              "sex": "여성",
              "age": "20대"
            },
            "speechAct": "(지시) 질문하기",
            "morpheme": "진짜/MAG+돈/NNG+잘/MAG+버/VV+시/EP+지/EC+않/VX+아/EF"
          },
          {
            "id": 5,
            "text": "2 : 근데 그것도 벌이가 왔다갔다 하지?",
            "norm_text": "근데 그것도 벌이가 왔다갔다 하지?",
            "speaker": {
              "id": "2번",
              "sex": "여성",
              "age": "20대"
            },
            "speechAct": "(지시) 질문하기",
            "morpheme": "근데/MAJ+그것/NP+도/JX+벌이/NNG+가/JKS+왔다갔다/MAG+하/VV+지/EF"
          },
          {
            "id": 6,
            "text": "1 : 아 맞아 ㅜㅜ",
            "norm_text": "아 맞아 ㅜㅜ",
            "speaker": {
              "id": "1번",
              "sex": "여성",
              "age": "20대"
            },
            "speechAct": "(단언) 진술하기",
            "morpheme": "아맞아ㅜㅜ/UNKNOWN"
          },
          {
            "id": 7,
            "text": "1 : 요즘에는 부동산업 어떻다셔?",
            "norm_text": "요즘에는 부동산업 어떻다셔?",
            "speaker": {
              "id": "1번",
              "sex": "여성",
              "age": "20대"
            },
            "speechAct": "(지시) 질문하기",
            "morpheme": "요즘/NNG+에/JKB+는/JX+부동산업/NNG+어떻/VA+다/EF+셔/VCP+EP+EF"
          },
          {
            "id": 8,
            "text": "2 : 몰라",
            "norm_text": "몰라",
            "speaker": {
              "id": "2번",
              "sex": "여성",
              "age": "20대"
            },
            "speechAct": "(단언) 진술하기",
            "morpheme": "몰라/VV+EC"
          },
          {
            "id": 9,
            "text": "2 : 말 안 해줘",
            "norm_text": "말 안 해줘",
            "speaker": {
              "id": "2번",
              "sex": "여성",
              "age": "20대"
            },
            "speechAct": "(단언) 진술하기",
            "morpheme": "말/NNG+안/MAG+해/VV+EC+줘/VX+EC"
          },
          {
            "id": 10,
            "text": "2 : 매일 돈 없대 키키",
            "norm_text": "매일 돈 없대 키키",
            "speaker": {
              "id": "2번",
              "sex": "여성",
              "age": "20대"
            },
            "speechAct": "(단언) 주장하기",
            "morpheme": "매일/MAG+돈/NNG+없/VA+대/EF+키/NNG+키/XSV+ETN"
          },
          {
            "id": 11,
            "text": "1 : 언니 공인중개사 공부할 생각은 없어?",
            "norm_text": "언니 공인중개사 공부할 생각은 없어?",
            "speaker": {
              "id": "1번",
              "sex": "여성",
              "age": "20대"
            },
            "speechAct": "(지시) 질문하기",
            "morpheme": "언니/NNG+공인/NNG+중개사/NNG+공부/NNG+할/XSV+ETM+생각/NNG+은/JX+없/VA+어/EF"
          },
          {
            "id": 12,
            "text": "2 : 맞아",
            "norm_text": "맞아",
            "speaker": {
              "id": "2번",
              "sex": "여성",
              "age": "20대"
            },
            "speechAct": "(단언) 진술하기",
            "morpheme": "맞/VV+아/EC"
          },
          {
            "id": 13,
            "text": "2 : 나 그거 공부하려고 했는데 아빠가 아빠꺼 쓰래 키키",
            "norm_text": "나 그거 공부하려고 했는데 아빠가 아빠꺼 쓰래 키키",
            "speaker": {
              "id": "2번",
              "sex": "여성",
              "age": "20대"
            },
            "speechAct": "(단언) 진술하기",
            "morpheme": "나/NP+그거/NP+공부/NNG+하/XSV+려고/EC+했/VX+EP+는데/EC+아빠/NNG+가/JKS+아빠/NNG+꺼/VV+EC+쓰래/NNG+키/NNG+키/XSV+ETN"
          },
          {
            "id": 14,
            "text": "1 : 키키 와 대박",
            "norm_text": "키키 와 대박",
            "speaker": {
              "id": "1번",
              "sex": "여성",
              "age": "20대"
            },
            "speechAct": "(단언) 주장하기",
            "morpheme": "키/NNG+키/XSV+ETN+와/JC+대박/NNG"
          },
          {
            "id": 15,
            "text": "1 : 그러면 언니 부동산에 대해서 좀 알아?",
            "norm_text": "그러면 언니 부동산에 대해서 좀 알아?",
            "speaker": {
              "id": "1번",
              "sex": "여성",
              "age": "20대"
            },
            "speechAct": "(지시) 질문하기",
            "morpheme": "그러면/MAJ+언니/NNG+부동산/NNG+에/JKB+대해서/VV+EC+좀/MAG+알/VV+아/EF"
          },
          {
            "id": 16,
            "text": "2 : 나는 잘 모르는 거 같은데 그냥 조금씩 듣지?",
            "norm_text": "나는 잘 모르는 거 같은데 그냥 조금씩 듣지?",
            "speaker": {
              "id": "2번",
              "sex": "여성",
              "age": "20대"
            },
            "speechAct": "(지시) 질문하기",
            "morpheme": "나/NP+는/JX+잘/MAG+모르/VV+는/ETM+거/NNB+같/VA+은데/EC+그냥/MAG+조금/MAG+씩/XSN+듣/VV+지/EF"
          },
          {
            "id": 17,
            "text": "1 : 그렇구나 키키",
            "norm_text": "그렇구나 키키",
            "speaker": {
              "id": "1번",
              "sex": "여성",
              "age": "20대"
            },
            "speechAct": "(단언) 진술하기",
            "morpheme": "그렇/VA+구나/EF+키/NNG+키/XSV+ETN"
          },
          {
            "id": 18,
            "text": "1 : 아버지 퇴근은 언제쯤 하셔?",
            "norm_text": "아버지 퇴근은 언제쯤 하셔?",
            "speaker": {
              "id": "1번",
              "sex": "여성",
              "age": "20대"
            },
            "speechAct": "(지시) 질문하기",
            "morpheme": "아버지/NNG+퇴근/NNG+은/JX+언제/NP+쯤/XSN+하/VV+셔/EP+EF"
          },
          {
            "id": 19,
            "text": "2 : 키키 우리아빠 완전 프리렌서야 그런 거 없어",
            "norm_text": "키키 우리아빠 완전 프리렌서야 그런 거 없어",
            "speaker": {
              "id": "2번",
              "sex": "여성",
              "age": "20대"
            },
            "speechAct": "(단언) 주장하기",
            "morpheme": "키/NNG+키/XSV+ETN+우리/NP+아빠/NNG+완전/NNG+프리/NNG+렌/NNG+서/JKB+야/JX+그런/MM+거/NNB+없/VA+어/EC"
          },
          {
            "id": 20,
            "text": "1 : 아 진짜?",
            "norm_text": "아 진짜?",
            "speaker": {
              "id": "1번",
              "sex": "여성",
              "age": "20대"
            },
            "speechAct": "(지시) 질문하기",
            "morpheme": "아/IC+진짜/MAG"
          },
          {
            "id": 21,
            "text": "1 : 손님이 늦게 오면 늦게 끝나고 그래?",
            "norm_text": "손님이 늦게 오면 늦게 끝나고 그래?",
            "speaker": {
              "id": "1번",
              "sex": "여성",
              "age": "20대"
            },
            "speechAct": "(지시) 질문하기",
            "morpheme": "손/NNG+님/XSN+이/JKS+늦/VA+게/EC+오/VV+면/EC+늦/VA+게/EC+끝나/VV+고/EC+그래/VV+EF"
          },
          {
            "id": 22,
            "text": "2 : 뭐 가끔 사람들 만난다곤 하는데 늦진 않아",
            "norm_text": "뭐 가끔 사람들 만난다곤 하는데 늦진 않아",
            "speaker": {
              "id": "2번",
              "sex": "여성",
              "age": "20대"
            },
            "speechAct": "(단언) 진술하기",
            "morpheme": "뭐/IC+가끔/MAG+사람/NNG+들/XSN+만난다/VV+EC+곤/NNG+하/XSV+는/ETM+데/NNB+늦/VA+진/EC+JX+않/VX+아/EC"
          },
          {
            "id": 23,
            "text": "1 : ㅜㅜ 그렇구나",
            "norm_text": "ㅜㅜ 그렇구나",
            "speaker": {
              "id": "1번",
              "sex": "여성",
              "age": "20대"
            },
            "speechAct": "(단언) 주장하기",
            "morpheme": "ㅜㅜ그렇구나/UNKNOWN"
          },
          {
            "id": 24,
            "text": "1 : 사무실은 대전에 있는 거야?",
            "norm_text": "사무실은 대전에 있는 거야?",
            "speaker": {
              "id": "1번",
              "sex": "여성",
              "age": "20대"
            },
            "speechAct": "(지시) 질문하기",
            "morpheme": "사무실/NNG+은/JX+대전/NNP+에/JKB+있/VV+는/ETM+거/NNB+야/VCP+EF"
          },
          {
            "id": 25,
            "text": "2 : 아니 세종이랑 논산",
            "norm_text": "아니 세종이랑 논산",
            "speaker": {
              "id": "2번",
              "sex": "여성",
              "age": "20대"
            },
            "speechAct": "(단언) 진술하기",
            "morpheme": "아니/IC+세종/NNP+이랑/JC+논산/NNP"
          },
          {
            "id": 26,
            "text": "2 : 나중에 놀러왕",
            "norm_text": "나중에 놀러왕",
            "speaker": {
              "id": "2번",
              "sex": "여성",
              "age": "20대"
            },
            "speechAct": "(지시) 명령/요구하기",
            "morpheme": "나중/NNG+에/JKB+놀/VV+러/EC+왕/NNG"
          }
        ]
      }
    }
  ]
}