{
  "dataset": {
    "identifier": 117376,
    "name": "FACEBOOK_117_07_set",
    "src_path": "/data/file/cubeManager/PROJECT001/80/txt20211102103331034662/FACEBOOK_117_07_set/",
    "label_path": "/data/file/cubeManager/PROJECT001/80/txt20211102103331034662/FACEBOOK_117_07_set/",
    "category": 2,
    "type": 0
  },
  "licenses": {
    "name": "Apache License 1.0",
    "url": "http://www.apache.org/licenses/LICENSE-1.0"
  },
  "info": [
    {
      "id": 129650,
      "filename": "FACEBOOK_117_07.txt",
      "title": "FACEBOOK_117_07",
      "mediatype": "SNS",
      "medianame": "페이스북",
      "category": "일상대화",
      "date": "2021-11-02",
      "size": 356,
      "annotations": {
        "subject": "가족",
        "speaker_type": "1:1",
        "size": 356,
        "word_size": 120,
        "text": "1 : 언니 동생은 뭐 하고 있어?\n2 : 내 동생은 지금 학교 다녀\n1 : 아 진짜? 나이차 이가 많이 나나 봐?\n2 : 웅 네 살 차이 나 대학생 키키\n1 : 아 대학교 얘기하는 거였구나?\n2 : 웅 이제 졸업반이야 뭐 먹고 살련지...\n1 : 키키 나는 고딩이라고 하는 줄 알았어!\n2 : 키키 고딩이였음 귀여웠겠지 아냐 절때\n1 : 키키 언니 남동생이라고 했나? 여동생이라고 했나?\n2 : 웅 남동생 까불어 진짜\n1 : 키키 네 살 차이면 지금 24살인가?\n2 : 웅 군대 가따 와서 졸업반\n1 : 그렇구나 키키 대학은 어느 지역에 있는 곳인데?\n2 : 대학교는 서울쪽 키키 모르겠다 잘?\n1 : 헐 진짜 공부 잘 했나 봐!\n2 : 에이 아냐 잘하진 않았어",
        "lines": [
          {
            "id": 1,
            "text": "1 : 언니 동생은 뭐 하고 있어?",
            "norm_text": "언니 동생은 뭐 하고 있어?",
            "speaker": {
              "id": "1번",
              "sex": "여성",
              "age": "20대"
            },
            "speechAct": "(지시) 질문하기",
            "morpheme": "언니/NNG+동생/NNG+은/JX+뭐/IC+하/VV+고/EC+있/VX+어/EF"
          },
          {
            "id": 2,
            "text": "2 : 내 동생은 지금 학교 다녀",
            "norm_text": "내 동생은 지금 학교 다녀",
            "speaker": {
              "id": "2번",
              "sex": "여성",
              "age": "20대"
            },
            "speechAct": "(단언) 진술하기",
            "morpheme": "내/NP+JKG+동생/NNG+은/JX+지금/MAG+학교/NNG+다녀/VV+EC"
          },
          {
            "id": 3,
            "text": "1 : 아 진짜? 나이차 이가 많이 나나 봐?",
            "norm_text": "아 진짜? 나이차 이가 많이 나나 봐?",
            "speaker": {
              "id": "1번",
              "sex": "여성",
              "age": "20대"
            },
            "speechAct": "(단언) 주장하기",
            "morpheme": "아/IC+진짜/MAG+나이/NNG+차이/NNG+가/JKS+많이/MAG+나/NP+나/JX+봐/VV+EF"
          },
          {
            "id": 4,
            "text": "2 : 웅 네 살 차이 나 대학생 키키",
            "norm_text": "웅 네 살 차이 나 대학생 키키",
            "speaker": {
              "id": "2번",
              "sex": "여성",
              "age": "20대"
            },
            "speechAct": "(단언) 진술하기",
            "morpheme": "웅/IC+네/MM+살/NNBC+차이/NNG+나/JC+대학생/NNG+키/NNG+키/XSV+ETN"
          },
          {
            "id": 5,
            "text": "1 : 아 대학교 얘기하는 거였구나?",
            "norm_text": "아 대학교 얘기하는 거였구나?",
            "speaker": {
              "id": "1번",
              "sex": "여성",
              "age": "20대"
            },
            "speechAct": "(단언) 주장하기",
            "morpheme": "아/IC+대학교/NNG+얘기/NNG+하/XSV+는/ETM+거/NNB+였/VCP+EP+구나/EF"
          },
          {
            "id": 6,
            "text": "2 : 웅 이제 졸업반이야 뭐 먹고 살련지...",
            "norm_text": "웅 이제 졸업반이야 뭐 먹고 살련지...",
            "speaker": {
              "id": "2번",
              "sex": "여성",
              "age": "20대"
            },
            "speechAct": "(단언) 주장하기",
            "morpheme": "웅/IC+이제/MAG+졸업반/NNG+이/VCP+야/EF+뭐/IC+먹/VV+고/EC+살/VV+ETM+련지/NNG+./SY+./SY"
          },
          {
            "id": 7,
            "text": "1 : 키키 나는 고딩이라고 하는 줄 알았어!",
            "norm_text": "키키 나는 고딩이라고 하는 줄 알았어!",
            "speaker": {
              "id": "1번",
              "sex": "여성",
              "age": "20대"
            },
            "speechAct": "(단언) 주장하기",
            "morpheme": "키/NNG+키나/XSA+ETN+JX+는/JX+고딩/NNP+이/VCP+라고/EC+하/VV+는/ETM+줄/NNB+알/VV+았/EP+어/EF"
          },
          {
            "id": 8,
            "text": "2 : 키키 고딩이였음 귀여웠겠지 아냐 절때",
            "norm_text": "키키 고딩이였음 귀여웠겠지 아냐 절때",
            "speaker": {
              "id": "2번",
              "sex": "여성",
              "age": "20대"
            },
            "speechAct": "(단언) 주장하기",
            "morpheme": "키/NNG+키/VV+고/EC+딩/NNG+이/VCP+였/EP+음/ETN+귀여웠/VA+EP+겠/EP+지/EF+아냐/IC+절/NNG+때/NNG"
          },
          {
            "id": 9,
            "text": "1 : 키키 언니 남동생이라고 했나? 여동생이라고 했나?",
            "norm_text": "키키 언니 남동생이라고 했나? 여동생이라고 했나?",
            "speaker": {
              "id": "1번",
              "sex": "여성",
              "age": "20대"
            },
            "speechAct": "(지시) 질문하기",
            "morpheme": "키/NNG+키/NNG+언니/NNG+남동생/NNG+이/VCP+라고/EC+했/VX+EP+나/EF+여동생/NNG+이/VCP+라고/EC+했/VX+EP+나/EF"
          },
          {
            "id": 10,
            "text": "2 : 웅 남동생 까불어 진짜",
            "norm_text": "웅 남동생 까불어 진짜",
            "speaker": {
              "id": "2번",
              "sex": "여성",
              "age": "20대"
            },
            "speechAct": "(단언) 주장하기",
            "morpheme": "웅남/NNP+동생/NNG+까불/VV+어/EC+진짜/MAG"
          },
          {
            "id": 11,
            "text": "1 : 키키 네 살 차이면 지금 24살인가?",
            "norm_text": "키키 네 살 차이면 지금 24살인가?",
            "speaker": {
              "id": "1번",
              "sex": "여성",
              "age": "20대"
            },
            "speechAct": "(지시) 질문하기",
            "morpheme": "키/NNG+키/XSV+ETN+네/MM+살/NNBC+차이/VV+면/EC+지금/MAG+24/SN+살/NNBC+인가/VCP+EF"
          },
          {
            "id": 12,
            "text": "2 : 웅 군대 가따 와서 졸업반",
            "norm_text": "웅 군대 가따 와서 졸업반",
            "speaker": {
              "id": "2번",
              "sex": "여성",
              "age": "20대"
            },
            "speechAct": "(단언) 진술하기",
            "morpheme": "웅/IC+군대/NNG+가/JKS+따/VV+EC+와서/VV+EC+졸업반/NNG"
          },
          {
            "id": 13,
            "text": "1 : 그렇구나 키키 대학은 어느 지역에 있는 곳인데?",
            "norm_text": "그렇구나 키키 대학은 어느 지역에 있는 곳인데?",
            "speaker": {
              "id": "1번",
              "sex": "여성",
              "age": "20대"
            },
            "speechAct": "(지시) 질문하기",
            "morpheme": "그렇/VA+구나/EF+키키/NNP+대학/NNG+은/JX+어느/MM+지역/NNG+에/JKB+있/VV+는/ETM+곳/NNB+인데/VCP+EF"
          },
          {
            "id": 14,
            "text": "2 : 대학교는 서울쪽 키키 모르겠다 잘?",
            "norm_text": "대학교는 서울쪽 키키 모르겠다 잘?",
            "speaker": {
              "id": "2번",
              "sex": "여성",
              "age": "20대"
            },
            "speechAct": "(단언) 주장하기",
            "morpheme": "대학교/NNG+는/JX+서울/NNP+쪽/NNB+키/NNG+키/XSV+ETN+모르/VV+겠/EP+다/EF+잘/MAG"
          },
          {
            "id": 15,
            "text": "1 : 헐 진짜 공부 잘 했나 봐!",
            "norm_text": "헐 진짜 공부 잘 했나 봐!",
            "speaker": {
              "id": "1번",
              "sex": "여성",
              "age": "20대"
            },
            "speechAct": "(단언) 주장하기",
            "morpheme": "헐/IC+진짜/MAG+공부/NNG+잘/MAG+했/VV+EP+나/EC+봐/VX+EF"
          },
          {
            "id": 16,
            "text": "2 : 에이 아냐 잘하진 않았어",
            "norm_text": "에이 아냐 잘하진 않았어",
            "speaker": {
              "id": "2번",
              "sex": "여성",
              "age": "20대"
            },
            "speechAct": "(단언) 진술하기",
            "morpheme": "에이/IC+아냐/IC+잘/MAG+하/VV+진/EC+JX+않/VX+았/EP+어/EC"
          }
        ]
      }
    }
  ]
}