{
  "dataset": {
    "identifier": 117431,
    "name": "FACEBOOK_110_19_set",
    "src_path": "/data/file/cubeManager/PROJECT001/80/txt20211102153319042189/FACEBOOK_110_19_set/",
    "label_path": "/data/file/cubeManager/PROJECT001/80/txt20211102153319042189/FACEBOOK_110_19_set/",
    "category": 2,
    "type": 0
  },
  "licenses": {
    "name": "Apache License 1.0",
    "url": "http://www.apache.org/licenses/LICENSE-1.0"
  },
  "info": [
    {
      "id": 130023,
      "filename": "FACEBOOK_110_19.txt",
      "title": "FACEBOOK_110_19",
      "mediatype": "SNS",
      "medianame": "페이스북",
      "category": "일상대화",
      "date": "2021-11-02",
      "size": 419,
      "annotations": {
        "subject": "방송/연예",
        "speaker_type": "1:1",
        "size": 419,
        "word_size": 132,
        "text": "1 : 결국에 김선호 전여친이 사과 받아줬다며?\n2 : 키키 맞아 봤어\n2 : 김선호 불쌍..\n1 : 사람들이 댓글로 뭐라는 줄 봤어?\n2 : 키키 왜 뭐래?\n2 : 김선호 편 들지\n1 : 키키 전여친: 김선호한테 입금 받음!\n2 : 그래도 전 여친 배려있다고 뜨던데?\n1 : 키키 웃기고 있어,\n1 : 결국에는 돈이 문제였잖아!\n2 : 그럼 돈 준거야? 돈이 왜 문제야?\n1 : 줬겠지! 위자료 같은 걸로?!? 아마도!?!?\n2 : 김선호 불쌍해 나락까지 갔지...\n1 : 1박 2일 하차한다고 하더라고 눈물 ㅜㅜ\n2 : 하차 해야지...\n2 : 일박 이일은 다 문제 생기네...\n1 : 맞아 ㅜㅜ\n1 : 심지어 이번에 100회 특집 하려고 했었대!\n2 : 헐 김선호 죄책감 심하겠다\n1 : 장난 아니지 지금 광고 위약금만 몇 십억이라던데?\n2 : 헐 김선호 없어지는 거 아냐? ㅠㅜ",
        "lines": [
          {
            "id": 1,
            "text": "1 : 결국에 김선호 전여친이 사과 받아줬다며?",
            "norm_text": "결국에 김선호 전여친이 사과 받아줬다며?",
            "speaker": {
              "id": "1번",
              "sex": "여성",
              "age": "20대"
            },
            "speechAct": "(단언) 진술하기",
            "morpheme": "결국/NNG+에/JKB+김선호/NNP+전/MM+여친/NNG+이/JKS+사과/NNG+받/VV+아/EC+줬/VX+EP+다며/EF"
          },
          {
            "id": 2,
            "text": "2 : 키키 맞아 봤어",
            "norm_text": "키키 맞아 봤어",
            "speaker": {
              "id": "2번",
              "sex": "여성",
              "age": "20대"
            },
            "speechAct": "(단언) 주장하기",
            "morpheme": "키/NNG+키/XSV+ETN+맞/VV+아/EC+봤/VX+EP+어/EC"
          },
          {
            "id": 3,
            "text": "2 : 김선호 불쌍..",
            "norm_text": "김선호 불쌍..",
            "speaker": {
              "id": "2번",
              "sex": "여성",
              "age": "20대"
            },
            "speechAct": "(단언) 주장하기",
            "morpheme": "김선호/NNP+불쌍/XR+./SY"
          },
          {
            "id": 4,
            "text": "1 : 사람들이 댓글로 뭐라는 줄 봤어?",
            "norm_text": "사람들이 댓글로 뭐라는 줄 봤어?",
            "speaker": {
              "id": "1번",
              "sex": "여성",
              "age": "20대"
            },
            "speechAct": "(지시) 질문하기",
            "morpheme": "사람/NNG+들/XSN+이/JKS+댓글/NNG+로/JKB+뭐/IC+라는/VCP+ETM+줄/NNB+봤/VV+EP+어/EF"
          },
          {
            "id": 5,
            "text": "2 : 키키 왜 뭐래?",
            "norm_text": "키키 왜 뭐래?",
            "speaker": {
              "id": "2번",
              "sex": "여성",
              "age": "20대"
            },
            "speechAct": "(지시) 질문하기",
            "morpheme": "키/NNG+키/XSV+ETN+왜/MAG+뭐/NP+래/VCP+EF"
          },
          {
            "id": 6,
            "text": "2 : 김선호 편 들지",
            "norm_text": "김선호 편 들지",
            "speaker": {
              "id": "2번",
              "sex": "여성",
              "age": "20대"
            },
            "speechAct": "(단언) 주장하기",
            "morpheme": "김선호/NNP+편들/VV+지/EC"
          },
          {
            "id": 7,
            "text": "1 : 키키 전여친: 김선호한테 입금 받음!",
            "norm_text": "키키 전여친: 김선호한테 입금 받음!",
            "speaker": {
              "id": "1번",
              "sex": "여성",
              "age": "20대"
            },
            "speechAct": "(단언) 진술하기",
            "morpheme": "키키/NNP+전/MM+여친/NNG+:/SC+김선호/NNP+한테/JKB+입금/NNG+받/VV+음/ETN"
          },
          {
            "id": 8,
            "text": "2 : 그래도 전 여친 배려있다고 뜨던데?",
            "norm_text": "그래도 전 여친 배려있다고 뜨던데?",
            "speaker": {
              "id": "2번",
              "sex": "여성",
              "age": "20대"
            },
            "speechAct": "(단언) 진술하기",
            "morpheme": "그래도/MAJ+전/MM+여친/NNG+배려/NNG+있/VV+다고/EC+뜨/VV+던데/EF"
          },
          {
            "id": 9,
            "text": "1 : 키키 웃기고 있어,",
            "norm_text": "키키 웃기고 있어,",
            "speaker": {
              "id": "1번",
              "sex": "여성",
              "age": "20대"
            },
            "speechAct": "(단언) 주장하기",
            "morpheme": "키/NNG+키/XSV+ETN+웃기/VV+고/EC+있/VX+어/EF+,/SC"
          },
          {
            "id": 10,
            "text": "1 : 결국에는 돈이 문제였잖아!",
            "norm_text": "결국에는 돈이 문제였잖아!",
            "speaker": {
              "id": "1번",
              "sex": "여성",
              "age": "20대"
            },
            "speechAct": "(단언) 주장하기",
            "morpheme": "결국/NNG+에/JKB+는/JX+돈/NNG+이/JKS+문제/NNG+였/VCP+EP+잖아/EF"
          },
          {
            "id": 11,
            "text": "2 : 그럼 돈 준거야? 돈이 왜 문제야?",
            "norm_text": "그럼 돈 준거야? 돈이 왜 문제야?",
            "speaker": {
              "id": "2번",
              "sex": "여성",
              "age": "20대"
            },
            "speechAct": "(지시) 질문하기",
            "morpheme": "그럼/MAJ+돈/NNG+준/VV+ETM+거/NNB+야/VCP+EF+돈/NNG+이/JKS+왜/MAG+문제/NNG+야/VCP+EF"
          },
          {
            "id": 12,
            "text": "1 : 줬겠지! 위자료 같은 걸로?!? 아마도!?!?",
            "norm_text": "줬겠지! 위자료 같은 걸로?!? 아마도!?!?",
            "speaker": {
              "id": "1번",
              "sex": "여성",
              "age": "20대"
            },
            "speechAct": "(단언) 주장하기",
            "morpheme": "줬/VV+EP+겠/EP+지/EF+위자료/NNG+같/VA+은/ETM+걸로/NNB+JKB+!/SY+아마도/MAG+?/SY+!/SY"
          },
          {
            "id": 13,
            "text": "2 : 김선호 불쌍해 나락까지 갔지...",
            "norm_text": "김선호 불쌍해 나락까지 갔지...",
            "speaker": {
              "id": "2번",
              "sex": "여성",
              "age": "20대"
            },
            "speechAct": "(단언) 주장하기",
            "morpheme": "김선호/NNP+불쌍/XR+해/XSA+EC+나락/NNG+까지/JX+갔/VV+EP+지/EF+./SY"
          },
          {
            "id": 14,
            "text": "1 : 1박 2일 하차한다고 하더라고 눈물 ㅜㅜ",
            "norm_text": "1박 2일 하차한다고 하더라고 눈물 ㅜㅜ",
            "speaker": {
              "id": "1번",
              "sex": "여성",
              "age": "20대"
            },
            "speechAct": "(단언) 주장하기",
            "morpheme": "1/SN+박/NNBC+2/SN+일하차한다고하더라고눈물ㅜㅜ/UNKNOWN"
          },
          {
            "id": 15,
            "text": "2 : 하차 해야지...",
            "norm_text": "하차 해야지...",
            "speaker": {
              "id": "2번",
              "sex": "여성",
              "age": "20대"
            },
            "speechAct": "(단언) 주장하기",
            "morpheme": "하차/NNG+해야지/XSV+EF+./SY"
          },
          {
            "id": 16,
            "text": "2 : 일박 이일은 다 문제 생기네...",
            "norm_text": "일박 이일은 다 문제 생기네...",
            "speaker": {
              "id": "2번",
              "sex": "여성",
              "age": "20대"
            },
            "speechAct": "(단언) 주장하기",
            "morpheme": "일박/NNG+이/JKS+일/NNG+은/JX+다/MAG+문제/NNG+생기/VV+네/EF+./SY"
          },
          {
            "id": 17,
            "text": "1 : 맞아 ㅜㅜ",
            "norm_text": "맞아 ㅜㅜ",
            "speaker": {
              "id": "1번",
              "sex": "여성",
              "age": "20대"
            },
            "speechAct": "(단언) 주장하기",
            "morpheme": "맞아ㅜㅜ/UNKNOWN"
          },
          {
            "id": 18,
            "text": "1 : 심지어 이번에 100회 특집 하려고 했었대!",
            "norm_text": "심지어 이번에 100회 특집 하려고 했었대!",
            "speaker": {
              "id": "1번",
              "sex": "여성",
              "age": "20대"
            },
            "speechAct": "(단언) 진술하기",
            "morpheme": "심지어/MAG+이번/NNG+에/JKB+100/SN+회/NNBC+특집/NNG+하/XSV+려고/EC+했었/VX+EP+대/EF"
          },
          {
            "id": 19,
            "text": "2 : 헐 김선호 죄책감 심하겠다",
            "norm_text": "헐 김선호 죄책감 심하겠다",
            "speaker": {
              "id": "2번",
              "sex": "여성",
              "age": "20대"
            },
            "speechAct": "(단언) 주장하기",
            "morpheme": "헐/IC+김선호/NNP+죄책감/NNG+심하/VA+겠/EP+다/EC"
          },
          {
            "id": 20,
            "text": "1 : 장난 아니지 지금 광고 위약금만 몇 십억이라던데?",
            "norm_text": "장난 아니지 지금 광고 위약금만 몇 십억이라던데?",
            "speaker": {
              "id": "1번",
              "sex": "여성",
              "age": "20대"
            },
            "speechAct": "(단언) 진술하기",
            "morpheme": "장난/NNG+아니/VCN+지/EC+지금/MAG+광고/NNG+위약금/NNG+만/JX+몇/MM+십/NR+억/NR+이/VCP+라던데/EF"
          },
          {
            "id": 21,
            "text": "2 : 헐 김선호 없어지는 거 아냐? ㅠㅜ",
            "norm_text": "헐 김선호 없어지는 거 아냐? ㅠㅜ",
            "speaker": {
              "id": "2번",
              "sex": "여성",
              "age": "20대"
            },
            "speechAct": "(단언) 주장하기",
            "morpheme": "헐/IC+김선호/NNP+없/VA+어/EC+지/VX+는/ETM+거/NNB+아냐/VCN+EF+ㅠㅜ/UNKNOWN"
          }
        ]
      }
    }
  ]
}