{
  "dataset": {
    "identifier": 101992,
    "name": "FACEBOOK_106_15_set",
    "src_path": "/data/file/cubeManager/PROJECT001/77/txt20211028145511035757/FACEBOOK_106_15_set/",
    "label_path": "/data/file/cubeManager/PROJECT001/77/txt20211028145511035757/FACEBOOK_106_15_set/",
    "category": 2,
    "type": 0
  },
  "licenses": {
    "name": "Apache License 1.0",
    "url": "http://www.apache.org/licenses/LICENSE-1.0"
  },
  "info": [
    {
      "id": 100520,
      "filename": "FACEBOOK_106_15.txt",
      "title": "FACEBOOK_106_15",
      "mediatype": "SNS",
      "medianame": "페이스북",
      "category": "일상대화",
      "date": "2021-10-28",
      "size": 486,
      "annotations": {
        "subject": "타 국가 이슈",
        "speaker_type": "1:1",
        "size": 486,
        "word_size": 163,
        "text": "1 : 언니도 이제 우리나라 위드 코로나 시행하는 거 알지?\n2 : 맞아\n2 : 그럼 이제 자유인가\n1 : 아, 근데 이걸 자유라고 해야 하는지 모르겠어,\n2 : 그니까 나도 좋은지 모르겠어\n1 : 키키 맞아,\n1 : 지금 영국은 위드 코로나 시행해서 확진자 무더기로 나오고 있잖아!\n2 : 백신 맞았는데도 그렇데?\n2 : 우리도 그러겠다\n1 : 어 거기도 성인 접종 완료 70% 달성하고 시작했대 키키\n1 : 우리의 미래인 듯\n2 : 근데 그냥 독감 같은 거 같아 이제\n1 : 맞아\n1 : 근데 계속 죽는다고 얘기하니까 무서웡 ㅜㅜ\n2 : 그래도 다른 나라 갈 수 있었음 좋겠다\n1 : 지금 우리나라도 외국사람들 관광 올 수 있게 다시 준비하는 거 같던데?\n2 : 우리 나라는 원래 받아준 거 아니야?\n1 : 아니야\n1 : 안 되는 곳도 있었나 봐!\n1 : 근데 관광 홍보 하고 있대!\n2 : 중국인 들 또 엄청 오겠네\n1 : 와 걔네 오면 명동이 또 북적북적 하겠지?\n2 : 난 중국인 진짜 시끄럽고 싫다",
        "lines": [
          {
            "id": 1,
            "text": "1 : 언니도 이제 우리나라 위드 코로나 시행하는 거 알지?",
            "norm_text": "언니도 이제 우리나라 위드 코로나 시행하는 거 알지?",
            "speaker": {
              "id": "1번",
              "sex": "여성",
              "age": "20대"
            },
            "speechAct": "(지시) 질문하기",
            "morpheme": "언니/NNG+도/JX+이제/MAG+우리/NP+나라/NNG+위드/NNP+코로나/NNP+시행/NNG+하/XSV+는/ETM+거/NNB+알/VV+지/EF"
          },
          {
            "id": 2,
            "text": "2 : 맞아",
            "norm_text": "맞아",
            "speaker": {
              "id": "2번",
              "sex": "여성",
              "age": "20대"
            },
            "speechAct": "(단언) 주장하기",
            "morpheme": "맞/VV+아/EC"
          },
          {
            "id": 3,
            "text": "2 : 그럼 이제 자유인가",
            "norm_text": "그럼 이제 자유인가",
            "speaker": {
              "id": "2번",
              "sex": "여성",
              "age": "20대"
            },
            "speechAct": "(단언) 주장하기",
            "morpheme": "그럼/MAJ+이제/MAG+자유/NNG+인가/VCP+EC"
          },
          {
            "id": 4,
            "text": "1 : 아, 근데 이걸 자유라고 해야 하는지 모르겠어,",
            "norm_text": "아, 근데 이걸 자유라고 해야 하는지 모르겠어,",
            "speaker": {
              "id": "1번",
              "sex": "여성",
              "age": "20대"
            },
            "speechAct": "(단언) 주장하기",
            "morpheme": "아/IC+,/SC+근데/MAJ+이걸/NP+JKO+자유/NNG+라고/VCP+EC+해야/VV+EC+하/VV+는지/EC+모르/VV+겠/EP+어/EF+,/SC"
          },
          {
            "id": 5,
            "text": "2 : 그니까 나도 좋은지 모르겠어",
            "norm_text": "그니까 나도 좋은지 모르겠어",
            "speaker": {
              "id": "2번",
              "sex": "여성",
              "age": "20대"
            },
            "speechAct": "(단언) 주장하기",
            "morpheme": "그니까/MAJ+나/NP+도/JX+좋/VA+은지/EC+모르/VV+겠/EP+어/EC"
          },
          {
            "id": 6,
            "text": "1 : 키키 맞아,",
            "norm_text": "키키 맞아,",
            "speaker": {
              "id": "1번",
              "sex": "여성",
              "age": "20대"
            },
            "speechAct": "(단언) 주장하기",
            "morpheme": "키/NNG+키/XSV+ETN+맞/VV+아/EC+,/SC"
          },
          {
            "id": 7,
            "text": "1 : 지금 영국은 위드 코로나 시행해서 확진자 무더기로 나오고 있잖아!",
            "norm_text": "지금 영국은 위드 코로나 시행해서 확진자 무더기로 나오고 있잖아!",
            "speaker": {
              "id": "1번",
              "sex": "여성",
              "age": "20대"
            },
            "speechAct": "(단언) 진술하기",
            "morpheme": "지금/MAG+영국/NNP+은/JX+위드/NNP+코로나/NNP+시행/NNG+해서/XSV+EC+확진/NNG+자/XSN+무더기/NNG+로/JKB+나오/VV+고/EC+있/VX+잖아/EF"
          },
          {
            "id": 8,
            "text": "2 : 백신 맞았는데도 그렇데?",
            "norm_text": "백신 맞았는데도 그렇데?",
            "speaker": {
              "id": "2번",
              "sex": "여성",
              "age": "20대"
            },
            "speechAct": "(지시) 질문하기",
            "morpheme": "백신/NNG+맞/VV+았/EP+는데/EC+도/JX+그렇/VA+데/EF"
          },
          {
            "id": 9,
            "text": "2 : 우리도 그러겠다",
            "norm_text": "우리도 그러겠다",
            "speaker": {
              "id": "2번",
              "sex": "여성",
              "age": "20대"
            },
            "speechAct": "(단언) 주장하기",
            "morpheme": "우리/NP+도/JX+그러/VV+겠/EP+다/EC"
          },
          {
            "id": 10,
            "text": "1 : 어 거기도 성인 접종 완료 70% 달성하고 시작했대 키키",
            "norm_text": "어 거기도 성인 접종 완료 70% 달성하고 시작했대 키키",
            "speaker": {
              "id": "1번",
              "sex": "여성",
              "age": "20대"
            },
            "speechAct": "(단언) 진술하기",
            "morpheme": "어/IC+거기/NP+도/JX+성인/NNG+접종/NNG+완료/NNG+70/SN+%/SY+달성/NNG+하/XSV+고/EC+시작/NNG+했/XSV+EP+대/XPN+키/NNG+키/XSV+ETN"
          },
          {
            "id": 11,
            "text": "1 : 우리의 미래인 듯",
            "norm_text": "우리의 미래인 듯",
            "speaker": {
              "id": "1번",
              "sex": "여성",
              "age": "20대"
            },
            "speechAct": "(단언) 주장하기",
            "morpheme": "우리/NP+의/JKG+미래/NNG+인/VCP+ETM+듯/NNB"
          },
          {
            "id": 12,
            "text": "2 : 근데 그냥 독감 같은 거 같아 이제",
            "norm_text": "근데 그냥 독감 같은 거 같아 이제",
            "speaker": {
              "id": "2번",
              "sex": "여성",
              "age": "20대"
            },
            "speechAct": "(단언) 주장하기",
            "morpheme": "근데/MAJ+그냥/MAG+독감/NNG+같/VA+은/ETM+거/NNB+같/VA+아/EC+이제/MAG"
          },
          {
            "id": 13,
            "text": "1 : 맞아",
            "norm_text": "맞아",
            "speaker": {
              "id": "1번",
              "sex": "여성",
              "age": "20대"
            },
            "speechAct": "(단언) 주장하기",
            "morpheme": "맞/VV+아/EC"
          },
          {
            "id": 14,
            "text": "1 : 근데 계속 죽는다고 얘기하니까 무서웡 ㅜㅜ",
            "norm_text": "근데 계속 죽는다고 얘기하니까 무서웡 ㅜㅜ",
            "speaker": {
              "id": "1번",
              "sex": "여성",
              "age": "20대"
            },
            "speechAct": "(단언) 주장하기",
            "morpheme": "근데/MAJ+계속/MAG+죽/VV+는다고/EC+얘기/NNG+하/XSV+니까/EC+무서/VA+EF+웡/NNP+ㅜㅜ/UNKNOWN"
          },
          {
            "id": 15,
            "text": "2 : 그래도 다른 나라 갈 수 있었음 좋겠다",
            "norm_text": "그래도 다른 나라 갈 수 있었음 좋겠다",
            "speaker": {
              "id": "2번",
              "sex": "여성",
              "age": "20대"
            },
            "speechAct": "(단언) 주장하기",
            "morpheme": "그래도/MAJ+다른/MM+나라/NNG+갈/VV+ETM+수/NNB+있/VV+었/EP+음/ETN+좋/VA+겠/EP+다/EC"
          },
          {
            "id": 16,
            "text": "1 : 지금 우리나라도 외국사람들 관광 올 수 있게 다시 준비하는 거 같던데?",
            "norm_text": "지금 우리나라도 외국사람들 관광 올 수 있게 다시 준비하는 거 같던데?",
            "speaker": {
              "id": "1번",
              "sex": "여성",
              "age": "20대"
            },
            "speechAct": "(단언) 진술하기",
            "morpheme": "지금/MAG+우리/NP+나라/NNG+도/JX+외국/NNG+사람/NNG+들/XSN+관광/NNG+올/VV+ETM+수/NNB+있/VV+게/EC+다시/MAG+준비/NNG+하/XSV+는/ETM+거/NNB+같/VA+던데/EF"
          },
          {
            "id": 17,
            "text": "2 : 우리 나라는 원래 받아준 거 아니야?",
            "norm_text": "우리 나라는 원래 받아준 거 아니야?",
            "speaker": {
              "id": "2번",
              "sex": "여성",
              "age": "20대"
            },
            "speechAct": "(지시) 질문하기",
            "morpheme": "우리/NP+나라/NNG+는/JX+원래/MAG+받/VV+아/EC+준/VX+ETM+거/NNB+아니/VCN+야/EF"
          },
          {
            "id": 18,
            "text": "1 : 아니야",
            "norm_text": "아니야",
            "speaker": {
              "id": "1번",
              "sex": "여성",
              "age": "20대"
            },
            "speechAct": "(단언) 주장하기",
            "morpheme": "아니/VCN+야/EC"
          },
          {
            "id": 19,
            "text": "1 : 안 되는 곳도 있었나 봐!",
            "norm_text": "안 되는 곳도 있었나 봐!",
            "speaker": {
              "id": "1번",
              "sex": "여성",
              "age": "20대"
            },
            "speechAct": "(단언) 진술하기",
            "morpheme": "안/MAG+되/VV+는/ETM+곳/NNG+도/JX+있/VA+었/EP+나/EC+봐/VX+EF"
          },
          {
            "id": 20,
            "text": "1 : 근데 관광 홍보 하고 있대!",
            "norm_text": "근데 관광 홍보 하고 있대!",
            "speaker": {
              "id": "1번",
              "sex": "여성",
              "age": "20대"
            },
            "speechAct": "(단언) 진술하기",
            "morpheme": "근데/MAJ+관광/NNG+홍보/NNG+하/XSV+고/EC+있/VX+대/EF"
          },
          {
            "id": 21,
            "text": "2 : 중국인 들 또 엄청 오겠네",
            "norm_text": "중국인 들 또 엄청 오겠네",
            "speaker": {
              "id": "2번",
              "sex": "여성",
              "age": "20대"
            },
            "speechAct": "(단언) 주장하기",
            "morpheme": "중국/NNP+인/XSN+들/XSN+또/MAG+엄청/MAG+오/VV+겠/EP+네/EF"
          },
          {
            "id": 22,
            "text": "1 : 와 걔네 오면 명동이 또 북적북적 하겠지?",
            "norm_text": "와 걔네 오면 명동이 또 북적북적 하겠지?",
            "speaker": {
              "id": "1번",
              "sex": "여성",
              "age": "20대"
            },
            "speechAct": "(지시) 질문하기",
            "morpheme": "와/IC+걔/NP+네/XSN+오/VV+면/EC+명동/NNG+이/JKS+또/MAG+북적북적/MAG+하/VV+겠/EP+지/EF"
          },
          {
            "id": 23,
            "text": "2 : 난 중국인 진짜 시끄럽고 싫다",
            "norm_text": "난 중국인 진짜 시끄럽고 싫다",
            "speaker": {
              "id": "2번",
              "sex": "여성",
              "age": "20대"
            },
            "speechAct": "(단언) 주장하기",
            "morpheme": "난/NP+JX+중국인/NNG+진짜/MAG+시끄럽/VA+고/EC+싫/VA+다/EC"
          }
        ]
      }
    }
  ]
}