{
  "dataset": {
    "identifier": 127779,
    "name": "FACEBOOK_121_04_set",
    "src_path": "/data/file/cubeManager/PROJECT001/84/txt20211108155848028642/FACEBOOK_121_04_set/",
    "label_path": "/data/file/cubeManager/PROJECT001/84/txt20211108155848028642/FACEBOOK_121_04_set/",
    "category": 2,
    "type": 0
  },
  "licenses": {
    "name": "Apache License 1.0",
    "url": "http://www.apache.org/licenses/LICENSE-1.0"
  },
  "info": [
    {
      "id": 141728,
      "filename": "FACEBOOK_121_04.txt",
      "title": "FACEBOOK_121_04",
      "mediatype": "SNS",
      "medianame": "페이스북",
      "category": "일상대화",
      "date": "2021-11-08",
      "size": 424,
      "annotations": {
        "subject": "회사/아르바이트",
        "speaker_type": "1:1",
        "size": 424,
        "word_size": 150,
        "text": "1 : 오빠 지금 취직 했어?\n2 : 웅 나 취직했지 키키\n2 : 너는 일 안 해?\n1 : 나는 아직 알바만 하고 있어 ㅠ\n2 : 나는 병원에서 일해\n2 : 간호 조무사로 일하고 있어\n1 : 아 그래? 남자도 간호 조무사 있어?\n2 : 나 종합병원에서 일해 키키\n2 : 웅 자격증 땄어\n1 : 우와~ 신기하다\n1 : 거기서 무슨 일 해?\n2 : 나 그냥 혈압 재고 수술방에서도 일해보고\n1 : 그렇구나, 간호사로 해보지 그랬어!\n2 : 간호사는 대학가야 해서 힘들어서 안 했어\n1 : 아하 그럼 군대 갔다 오고 바로 한 거야?\n2 : 공부를 잘해야 하잖아\n2 : 근데 지금 일도 만족해 키키\n1 : 그러게 키키 거기서 돈은 많이 받아?\n2 : 웅 군대 가따 와서 바로 했어 지금 일한 지 5년 정도\n1 : 와우~ 연차가 좀 있네 키키\n1 : 이직은 할 거야?\n2 : 돈은 나름 만족하고 있어 키키",
        "lines": [
          {
            "id": 1,
            "text": "1 : 오빠 지금 취직 했어?",
            "norm_text": "오빠 지금 취직 했어?",
            "speaker": {
              "id": "1번",
              "sex": "여성",
              "age": "20대"
            },
            "speechAct": "(지시) 질문하기",
            "morpheme": "오빠/NNG+지금/MAG+취직/NNG+했/XSV+EP+어/EF"
          },
          {
            "id": 2,
            "text": "2 : 웅 나 취직했지 키키",
            "norm_text": "웅 나 취직했지 키키",
            "speaker": {
              "id": "2번",
              "sex": "남성",
              "age": "20대"
            },
            "speechAct": "(단언) 진술하기",
            "morpheme": "웅나취직했지키키/UNKNOWN"
          },
          {
            "id": 3,
            "text": "2 : 너는 일 안 해?",
            "norm_text": "너는 일 안 해?",
            "speaker": {
              "id": "2번",
              "sex": "남성",
              "age": "20대"
            },
            "speechAct": "(지시) 질문하기",
            "morpheme": "너/NP+는/JX+일/NNG+안/MAG+해/VV+EF"
          },
          {
            "id": 4,
            "text": "1 : 나는 아직 알바만 하고 있어 ㅠ",
            "norm_text": "나는 아직 알바만 하고 있어 ㅠ",
            "speaker": {
              "id": "1번",
              "sex": "여성",
              "age": "20대"
            },
            "speechAct": "(단언) 진술하기",
            "morpheme": "나/NP+는/JX+아직/MAG+알/VV+ETM+바/NNB+만/JX+하/VV+고/EC+있/VX+어/EC+ㅠ/UNKNOWN"
          },
          {
            "id": 5,
            "text": "2 : 나는 병원에서 일해",
            "norm_text": "나는 병원에서 일해",
            "speaker": {
              "id": "2번",
              "sex": "남성",
              "age": "20대"
            },
            "speechAct": "(단언) 진술하기",
            "morpheme": "나/NP+는/JX+병원/NNG+에서/JKB+일/NNG+해/XSV+EC"
          },
          {
            "id": 6,
            "text": "2 : 간호 조무사로 일하고 있어",
            "norm_text": "간호 조무사로 일하고 있어",
            "speaker": {
              "id": "2번",
              "sex": "남성",
              "age": "20대"
            },
            "speechAct": "(단언) 진술하기",
            "morpheme": "간호조무사/NNG+로/JKB+일/NNG+하/XSV+고/EC+있/VX+어/EC"
          },
          {
            "id": 7,
            "text": "1 : 아 그래? 남자도 간호 조무사 있어?",
            "norm_text": "아 그래? 남자도 간호 조무사 있어?",
            "speaker": {
              "id": "1번",
              "sex": "여성",
              "age": "20대"
            },
            "speechAct": "(지시) 질문하기",
            "morpheme": "아/IC+그래/IC+남자/NNG+도/JX+간호조무사/NNG+있/VA+어/EF"
          },
          {
            "id": 8,
            "text": "2 : 나 종합병원에서 일해 키키",
            "norm_text": "나 종합병원에서 일해 키키",
            "speaker": {
              "id": "2번",
              "sex": "남성",
              "age": "20대"
            },
            "speechAct": "(단언) 진술하기",
            "morpheme": "나/NP+종합/NNG+병원/NNG+에서/JKB+일/NNG+해/XSV+EC+키/NNG+키/XSV+ETN"
          },
          {
            "id": 9,
            "text": "2 : 웅 자격증 땄어",
            "norm_text": "웅 자격증 땄어",
            "speaker": {
              "id": "2번",
              "sex": "남성",
              "age": "20대"
            },
            "speechAct": "(단언) 진술하기",
            "morpheme": "웅/IC+자격증/NNG+땄/VV+EP+어/EC"
          },
          {
            "id": 10,
            "text": "1 : 우와~ 신기하다",
            "norm_text": "우와~ 신기하다",
            "speaker": {
              "id": "1번",
              "sex": "여성",
              "age": "20대"
            },
            "speechAct": "(단언) 진술하기",
            "morpheme": "우와/NNG+~/SY+신기/XR+하/XSA+다/EC"
          },
          {
            "id": 11,
            "text": "1 : 거기서 무슨 일 해?",
            "norm_text": "거기서 무슨 일 해?",
            "speaker": {
              "id": "1번",
              "sex": "여성",
              "age": "20대"
            },
            "speechAct": "(지시) 질문하기",
            "morpheme": "거기/NP+서/JKB+무슨/MM+일/NNG+해/XSV+EF"
          },
          {
            "id": 12,
            "text": "2 : 나 그냥 혈압 재고 수술방에서도 일해보고",
            "norm_text": "나 그냥 혈압 재고 수술방에서도 일해보고",
            "speaker": {
              "id": "2번",
              "sex": "남성",
              "age": "20대"
            },
            "speechAct": "(단언) 진술하기",
            "morpheme": "나/NP+그냥/MAG+혈압/NNG+재고/NNG+수술/NNG+방/NNG+에서/JKB+도/JX+일/NNG+해/XSV+EC+보/VX+고/EC"
          },
          {
            "id": 13,
            "text": "1 : 그렇구나, 간호사로 해보지 그랬어!",
            "norm_text": "그렇구나, 간호사로 해보지 그랬어!",
            "speaker": {
              "id": "1번",
              "sex": "여성",
              "age": "20대"
            },
            "speechAct": "(단언) 주장하기",
            "morpheme": "그렇/VA+구나/EF+,/SC+간호사/NNG+로/JKB+해/VV+EC+보/VX+지/EC+그랬/VV+EP+어/EF"
          },
          {
            "id": 14,
            "text": "2 : 간호사는 대학가야 해서 힘들어서 안 했어",
            "norm_text": "간호사는 대학가야 해서 힘들어서 안 했어",
            "speaker": {
              "id": "2번",
              "sex": "남성",
              "age": "20대"
            },
            "speechAct": "(단언) 주장하기",
            "morpheme": "간호사/NNG+는/JX+대학/NNG+가/VV+야/EC+해서/VV+EC+힘들/VA+어서/EC+안/MAG+했/VV+EP+어/EC"
          },
          {
            "id": 15,
            "text": "1 : 아하 그럼 군대 갔다 오고 바로 한 거야?",
            "norm_text": "아하 그럼 군대 갔다 오고 바로 한 거야?",
            "speaker": {
              "id": "1번",
              "sex": "여성",
              "age": "20대"
            },
            "speechAct": "(지시) 질문하기",
            "morpheme": "아하/IC+그럼/MAJ+군대/NNG+갔다오/VV+고/EC+바로/MAG+한/XSA+ETM+거/NNB+야/VCP+EF"
          },
          {
            "id": 16,
            "text": "2 : 공부를 잘해야 하잖아",
            "norm_text": "공부를 잘해야 하잖아",
            "speaker": {
              "id": "2번",
              "sex": "남성",
              "age": "20대"
            },
            "speechAct": "(단언) 주장하기",
            "morpheme": "공부/NNG+를/JKO+잘/MAG+해야/VV+EC+하/VV+잖아/EC"
          },
          {
            "id": 17,
            "text": "2 : 근데 지금 일도 만족해 키키",
            "norm_text": "근데 지금 일도 만족해 키키",
            "speaker": {
              "id": "2번",
              "sex": "남성",
              "age": "20대"
            },
            "speechAct": "(단언) 주장하기",
            "morpheme": "근데/MAJ+지금/MAG+일/NNG+도/JX+만족/NNG+해/XSV+EC+키/NNG+키/XSV+ETN"
          },
          {
            "id": 18,
            "text": "1 : 그러게 키키 거기서 돈은 많이 받아?",
            "norm_text": "그러게 키키 거기서 돈은 많이 받아?",
            "speaker": {
              "id": "1번",
              "sex": "여성",
              "age": "20대"
            },
            "speechAct": "(지시) 질문하기",
            "morpheme": "그러/VV+게/EC+키/NNG+키/XSV+ETN+거기/NP+서/JKB+돈/NNG+은/JX+많이/MAG+받/VV+아/EF"
          },
          {
            "id": 19,
            "text": "2 : 웅 군대 가따 와서 바로 했어 지금 일한 지 5년 정도",
            "norm_text": "웅 군대 가따 와서 바로 했어 지금 일한 지 5년 정도",
            "speaker": {
              "id": "2번",
              "sex": "남성",
              "age": "20대"
            },
            "speechAct": "(단언) 진술하기",
            "morpheme": "웅군대가따와서바로했어지금일한지/UNKNOWN+5/SN+년/NNBC+정도/NNG"
          },
          {
            "id": 20,
            "text": "1 : 와우~ 연차가 좀 있네 키키",
            "norm_text": "와우~ 연차가 좀 있네 키키",
            "speaker": {
              "id": "1번",
              "sex": "여성",
              "age": "20대"
            },
            "speechAct": "(단언) 주장하기",
            "morpheme": "와우/NNG+~/SY+연차/NNG+가/JKS+좀/MAG+있/VA+네/EF+키/NNG+키/XSV+ETN"
          },
          {
            "id": 21,
            "text": "1 : 이직은 할 거야?",
            "norm_text": "이직은 할 거야?",
            "speaker": {
              "id": "1번",
              "sex": "여성",
              "age": "20대"
            },
            "speechAct": "(지시) 질문하기",
            "morpheme": "이직/NNG+은/JX+할/VV+ETM+거/NNB+야/VCP+EF"
          },
          {
            "id": 22,
            "text": "2 : 돈은 나름 만족하고 있어 키키",
            "norm_text": "돈은 나름 만족하고 있어 키키",
            "speaker": {
              "id": "2번",
              "sex": "남성",
              "age": "20대"
            },
            "speechAct": "(단언) 주장하기",
            "morpheme": "돈/NNG+은/JX+나름/NNB+만족/NNG+하/XSV+고/EC+있/VX+어/EC+키/NNG+키/XSV+ETN"
          }
        ]
      }
    }
  ]
}