{
  "dataset": {
    "identifier": 98106,
    "name": "FACEBOOK_115_19_set",
    "src_path": "/data/file/cubeManager/PROJECT001/77/txt20211029153356036768/FACEBOOK_115_19_set/",
    "label_path": "/data/file/cubeManager/PROJECT001/77/txt20211029153356036768/FACEBOOK_115_19_set/",
    "category": 2,
    "type": 0
  },
  "licenses": {
    "name": "Apache License 1.0",
    "url": "http://www.apache.org/licenses/LICENSE-1.0"
  },
  "info": [
    {
      "id": 110967,
      "filename": "FACEBOOK_115_19.txt",
      "title": "FACEBOOK_115_19",
      "mediatype": "SNS",
      "medianame": "페이스북",
      "category": "일상대화",
      "date": "2021-10-29",
      "size": 400,
      "annotations": {
        "subject": "방송/연예",
        "speaker_type": "1:1",
        "size": 400,
        "word_size": 142,
        "text": "1 : 언니 이번에 전참시 봤어?\n2 : 이번에 무슨 편이 였더라\n1 : 이번에 몬스타엑스인가?\n1 : 그 그룹 나왔어!\n2 : 이번꺼 못봤어\n2 : 재밌었어?\n2 : 뭐지\n1 : 키키 근데 전참시 개인적으로 천뚱 나왔을 편이 제일 웃겼어!\n2 : 천뚱 진짜 대박 키키\n2 : 배고파 걔 보면\n1 : 키키 맞아\n1 : 와 둘이서 게장 먹방하는 거 봤어?\n2 : 걔 진짜 맛있게 먹더라\n2 : 맞아\n2 : 봤어\n1 : 키키 나도 이제 양념게장은 껍질까지 다 먹어야 하나 봐,\n2 : 치킨 먹는 거 봤어 천뚱?\n1 : 어 봤어 키키\n1 : 발골 장난 아니게 하던데?\n2 : 맞아\n2 : 진짜 그거 보고 바로 시켰다\n1 : 아 나도 그때 시켰어야 했는데!\n2 : 진짜 맛있게 먹더라 걔\n1 : 키키 그리고 대패삼겹살 먹었나 20인분!\n2 : 와 대패 지금 먹고싶다",
        "lines": [
          {
            "id": 1,
            "text": "1 : 언니 이번에 전참시 봤어?",
            "norm_text": "언니 이번에 전참시 봤어?",
            "speaker": {
              "id": "1번",
              "sex": "여성",
              "age": "20대"
            },
            "speechAct": "(지시) 질문하기",
            "morpheme": "언니/NNG+이번/NNG+에/JKB+전참/NNG+시/XSN+봤/VV+EP+어/EF"
          },
          {
            "id": 2,
            "text": "2 : 이번에 무슨 편이 였더라",
            "norm_text": "이번에 무슨 편이 였더라",
            "speaker": {
              "id": "2번",
              "sex": "여성",
              "age": "20대"
            },
            "speechAct": "(지시) 질문하기",
            "morpheme": "이번/NNG+에/JKB+무슨/MM+편이/NNG+였/VCP+EP+더라/EC"
          },
          {
            "id": 3,
            "text": "1 : 이번에 몬스타엑스인가?",
            "norm_text": "이번에 몬스타엑스인가?",
            "speaker": {
              "id": "1번",
              "sex": "여성",
              "age": "20대"
            },
            "speechAct": "(지시) 질문하기",
            "morpheme": "이번/NNG+에/JKB+몬/VV+ETM+스타/NNG+엑스/NNG+인가/VCP+EF"
          },
          {
            "id": 4,
            "text": "1 : 그 그룹 나왔어!",
            "norm_text": "그 그룹 나왔어!",
            "speaker": {
              "id": "1번",
              "sex": "여성",
              "age": "20대"
            },
            "speechAct": "(단언) 진술하기",
            "morpheme": "그/MM+그룹/NNG+나왔/VV+EP+어/EF"
          },
          {
            "id": 5,
            "text": "2 : 이번꺼 못봤어",
            "norm_text": "이번꺼 못봤어",
            "speaker": {
              "id": "2번",
              "sex": "여성",
              "age": "20대"
            },
            "speechAct": "(단언) 진술하기",
            "morpheme": "이번/NNG+꺼/MAG+못/MAG+봤/VV+EP+어/EC"
          },
          {
            "id": 6,
            "text": "2 : 재밌었어?",
            "norm_text": "재밌었어?",
            "speaker": {
              "id": "2번",
              "sex": "여성",
              "age": "20대"
            },
            "speechAct": "(지시) 질문하기",
            "morpheme": "재밌/VA+었/EP+어/EF"
          },
          {
            "id": 7,
            "text": "2 : 뭐지",
            "norm_text": "뭐지",
            "speaker": {
              "id": "2번",
              "sex": "여성",
              "age": "20대"
            },
            "speechAct": "(단언) 진술하기",
            "morpheme": "뭐/NP+지/VCP+EC"
          },
          {
            "id": 8,
            "text": "1 : 키키 근데 전참시 개인적으로 천뚱 나왔을 편이 제일 웃겼어!",
            "norm_text": "키키 근데 전참시 개인적으로 천뚱 나왔을 편이 제일 웃겼어!",
            "speaker": {
              "id": "1번",
              "sex": "여성",
              "age": "20대"
            },
            "speechAct": "(단언) 진술하기",
            "morpheme": "키/NNG+키/XSV+ETN+근데/MAJ+전/MM+참시/NNG+개인/NNG+적/XSN+으로/JKB+천/NR+뚱/NNG+나왔/VV+EP+을/ETM+편/NNB+이/JKS+제일/MAG+웃겼/VV+EP+어/EF"
          },
          {
            "id": 9,
            "text": "2 : 천뚱 진짜 대박 키키",
            "norm_text": "천뚱 진짜 대박 키키",
            "speaker": {
              "id": "2번",
              "sex": "여성",
              "age": "20대"
            },
            "speechAct": "(단언) 주장하기",
            "morpheme": "천뚱진짜대박키키/UNKNOWN"
          },
          {
            "id": 10,
            "text": "2 : 배고파 걔 보면",
            "norm_text": "배고파 걔 보면",
            "speaker": {
              "id": "2번",
              "sex": "여성",
              "age": "20대"
            },
            "speechAct": "(단언) 주장하기",
            "morpheme": "배고파/VA+EC+걔/NP+보/VV+면/EC"
          },
          {
            "id": 11,
            "text": "1 : 키키 맞아",
            "norm_text": "키키 맞아",
            "speaker": {
              "id": "1번",
              "sex": "여성",
              "age": "20대"
            },
            "speechAct": "(단언) 주장하기",
            "morpheme": "키/NNG+키/XSV+ETN+맞/VV+아/EC"
          },
          {
            "id": 12,
            "text": "1 : 와 둘이서 게장 먹방하는 거 봤어?",
            "norm_text": "와 둘이서 게장 먹방하는 거 봤어?",
            "speaker": {
              "id": "1번",
              "sex": "여성",
              "age": "20대"
            },
            "speechAct": "(지시) 질문하기",
            "morpheme": "와/IC+둘/NR+이/XSN+서/JKS+게장/NNG+먹방/NNG+하/XSV+는/ETM+거/NNB+봤/VV+EP+어/EF"
          },
          {
            "id": 13,
            "text": "2 : 걔 진짜 맛있게 먹더라",
            "norm_text": "걔 진짜 맛있게 먹더라",
            "speaker": {
              "id": "2번",
              "sex": "여성",
              "age": "20대"
            },
            "speechAct": "(단언) 진술하기",
            "morpheme": "걔/NP+진짜/MAG+맛있/VA+게/EC+먹/VV+더라/EC"
          },
          {
            "id": 14,
            "text": "2 : 맞아",
            "norm_text": "맞아",
            "speaker": {
              "id": "2번",
              "sex": "여성",
              "age": "20대"
            },
            "speechAct": "(단언) 주장하기",
            "morpheme": "맞/VV+아/EC"
          },
          {
            "id": 15,
            "text": "2 : 봤어",
            "norm_text": "봤어",
            "speaker": {
              "id": "2번",
              "sex": "여성",
              "age": "20대"
            },
            "speechAct": "(단언) 주장하기",
            "morpheme": "봤/VV+EP+어/EC"
          },
          {
            "id": 16,
            "text": "1 : 키키 나도 이제 양념게장은 껍질까지 다 먹어야 하나 봐,",
            "norm_text": "키키 나도 이제 양념게장은 껍질까지 다 먹어야 하나 봐,",
            "speaker": {
              "id": "1번",
              "sex": "여성",
              "age": "20대"
            },
            "speechAct": "(단언) 진술하기",
            "morpheme": "키/NNG+키나/XSA+ETN+JX+도/JX+이제/MAG+양념/NNG+게장/NNG+은/JX+껍질/NNG+까지/JX+다/MAG+먹/VV+어야/EC+하/VV+나/EC+봐/VX+EF+,/SC"
          },
          {
            "id": 17,
            "text": "2 : 치킨 먹는 거 봤어 천뚱?",
            "norm_text": "치킨 먹는 거 봤어 천뚱?",
            "speaker": {
              "id": "2번",
              "sex": "여성",
              "age": "20대"
            },
            "speechAct": "(지시) 질문하기",
            "morpheme": "치킨/NNG+먹/VV+는/ETM+거/NNB+봤/VV+EP+어/EF+천/NR+뚱/NNG"
          },
          {
            "id": 18,
            "text": "1 : 어 봤어 키키",
            "norm_text": "어 봤어 키키",
            "speaker": {
              "id": "1번",
              "sex": "여성",
              "age": "20대"
            },
            "speechAct": "(단언) 주장하기",
            "morpheme": "어/IC+봤/VV+EP+어/EC+키/NNG+키/XSV+ETN"
          },
          {
            "id": 19,
            "text": "1 : 발골 장난 아니게 하던데?",
            "norm_text": "발골 장난 아니게 하던데?",
            "speaker": {
              "id": "1번",
              "sex": "여성",
              "age": "20대"
            },
            "speechAct": "(지시) 질문하기",
            "morpheme": "발/NNG+골/NNG+장난/NNG+아니/VCN+게/EC+하/VX+던데/EF"
          },
          {
            "id": 20,
            "text": "2 : 맞아",
            "norm_text": "맞아",
            "speaker": {
              "id": "2번",
              "sex": "여성",
              "age": "20대"
            },
            "speechAct": "(단언) 주장하기",
            "morpheme": "맞/VV+아/EC"
          },
          {
            "id": 21,
            "text": "2 : 진짜 그거 보고 바로 시켰다",
            "norm_text": "진짜 그거 보고 바로 시켰다",
            "speaker": {
              "id": "2번",
              "sex": "여성",
              "age": "20대"
            },
            "speechAct": "(단언) 진술하기",
            "morpheme": "진짜/MAG+그거/NP+보고/JKB+바로/MAG+시켰/VV+EP+다/EC"
          },
          {
            "id": 22,
            "text": "1 : 아 나도 그때 시켰어야 했는데!",
            "norm_text": "아 나도 그때 시켰어야 했는데!",
            "speaker": {
              "id": "1번",
              "sex": "여성",
              "age": "20대"
            },
            "speechAct": "(단언) 진술하기",
            "morpheme": "아/IC+나/NP+도/JX+그때/NNG+시켰어야/XSV+EP+EC+했/VX+EP+는데/EF"
          },
          {
            "id": 23,
            "text": "2 : 진짜 맛있게 먹더라 걔",
            "norm_text": "진짜 맛있게 먹더라 걔",
            "speaker": {
              "id": "2번",
              "sex": "여성",
              "age": "20대"
            },
            "speechAct": "(단언) 진술하기",
            "morpheme": "진짜/MAG+맛있/VA+게/EC+먹/VV+더라/EF+걔/NP"
          },
          {
            "id": 24,
            "text": "1 : 키키 그리고 대패삼겹살 먹었나 20인분!",
            "norm_text": "키키 그리고 대패삼겹살 먹었나 20인분!",
            "speaker": {
              "id": "1번",
              "sex": "여성",
              "age": "20대"
            },
            "speechAct": "(단언) 진술하기",
            "morpheme": "키키그리고대패삼겹살먹었나/UNKNOWN+20/SN+인분/NNG"
          },
          {
            "id": 25,
            "text": "2 : 와 대패 지금 먹고싶다",
            "norm_text": "와 대패 지금 먹고싶다",
            "speaker": {
              "id": "2번",
              "sex": "여성",
              "age": "20대"
            },
            "speechAct": "(단언) 주장하기",
            "morpheme": "와/IC+대패/NNG+지금/MAG+먹/VV+고/EC+싶/VX+다/EC"
          }
        ]
      }
    }
  ]
}