{
  "dataset": {
    "identifier": 118023,
    "name": "FACEBOOK_110_05_set",
    "src_path": "/data/file/cubeManager/PROJECT001/80/txt20211102153319030715/FACEBOOK_110_05_set/",
    "label_path": "/data/file/cubeManager/PROJECT001/80/txt20211102153319030715/FACEBOOK_110_05_set/",
    "category": 2,
    "type": 0
  },
  "licenses": {
    "name": "Apache License 1.0",
    "url": "http://www.apache.org/licenses/LICENSE-1.0"
  },
  "info": [
    {
      "id": 130009,
      "filename": "FACEBOOK_110_05.txt",
      "title": "FACEBOOK_110_05",
      "mediatype": "SNS",
      "medianame": "페이스북",
      "category": "일상대화",
      "date": "2021-11-02",
      "size": 436,
      "annotations": {
        "subject": "군대",
        "speaker_type": "1:1",
        "size": 436,
        "word_size": 146,
        "text": "1 : 와 이번에 또 육군 훈련소 난리 남!\n2 : 왜? 무슨 난리? 뭔 일이래\n1 : 여기 식자재 유통기한 지난 거 쓴다고 전부터 뭐라고 했었잖아!\n2 : 웅 그거 또 나왔대?\n1 : 어 맞아\n1 : 이번에도 또 썩은 음식 나옴!\n2 : 아니 진짜 왜 그러는 겨..\n1 : 그러니까,\n1 : 군대는 비리 천국인 거 같아!\n2 : 아니 그래도 군인들은 잘 먹여야 되는 거 아님?\n1 : 맞아!\n1 : 계란 보니까 완전 썩고 카레 소스는 유통기한 두 달이나 지났어!\n2 : 키키 불쌍해 군인들은 진짜 잘 줘야지 ㅡㅡ\n1 : 맞아 이거 먹고 식중독 걸리면 어쩌려고!?\n2 : 근데 식중독 안 걸렸나? 키키\n1 : 이제 납품 받고 보니까 이렇게 되어있는 거였겠지!\n2 : 키키 누가 신고했을라나 대단하다 그 사람\n1 : 모르겠어\n1 : 이것도 식자재 업체랑 계약하고 받는 거잖아!\n2 : 그럼 그 업체가 문제 있는 거네",
        "lines": [
          {
            "id": 1,
            "text": "1 : 와 이번에 또 육군 훈련소 난리 남!",
            "norm_text": "와 이번에 또 육군 훈련소 난리 남!",
            "speaker": {
              "id": "1번",
              "sex": "여성",
              "age": "20대"
            },
            "speechAct": "(단언) 진술하기",
            "morpheme": "와이번/NNP+에/JKB+또/MAG+육군훈련소/NNP+난리/NNG+남/NNG"
          },
          {
            "id": 2,
            "text": "2 : 왜? 무슨 난리? 뭔 일이래",
            "norm_text": "왜? 무슨 난리? 뭔 일이래",
            "speaker": {
              "id": "2번",
              "sex": "여성",
              "age": "20대"
            },
            "speechAct": "(지시) 질문하기",
            "morpheme": "왜/MAG+무슨/MM+난리/NNG+뭔/MM+일/NNG+이래/NNB"
          },
          {
            "id": 3,
            "text": "1 : 여기 식자재 유통기한 지난 거 쓴다고 전부터 뭐라고 했었잖아!",
            "norm_text": "여기 식자재 유통기한 지난 거 쓴다고 전부터 뭐라고 했었잖아!",
            "speaker": {
              "id": "1번",
              "sex": "여성",
              "age": "20대"
            },
            "speechAct": "(단언) 진술하기",
            "morpheme": "여기/NP+식자재/NNG+유통/NNG+기한/NNG+지난/VV+ETM+거/NNB+쓴다/VV+ETM+고전/NNG+부터/JX+뭐/NP+라고/VCP+EC+했었잖/VX+EP+EC+VX+아/EF"
          },
          {
            "id": 4,
            "text": "2 : 웅 그거 또 나왔대?",
            "norm_text": "웅 그거 또 나왔대?",
            "speaker": {
              "id": "2번",
              "sex": "여성",
              "age": "20대"
            },
            "speechAct": "(단언) 주장하기",
            "morpheme": "웅/IC+그거/NP+또/MAG+나왔/VV+EP+대/EF"
          },
          {
            "id": 5,
            "text": "1 : 어 맞아",
            "norm_text": "어 맞아",
            "speaker": {
              "id": "1번",
              "sex": "여성",
              "age": "20대"
            },
            "speechAct": "(단언) 주장하기",
            "morpheme": "어/IC+맞/VV+아/EC"
          },
          {
            "id": 6,
            "text": "1 : 이번에도 또 썩은 음식 나옴!",
            "norm_text": "이번에도 또 썩은 음식 나옴!",
            "speaker": {
              "id": "1번",
              "sex": "여성",
              "age": "20대"
            },
            "speechAct": "(단언) 진술하기",
            "morpheme": "이번/NNG+에/JKB+도/JX+또/MAG+썩/VV+은/ETM+음식/NNG+나옴/VV+ETN"
          },
          {
            "id": 7,
            "text": "2 : 아니 진짜 왜 그러는 겨..",
            "norm_text": "아니 진짜 왜 그러는 겨..",
            "speaker": {
              "id": "2번",
              "sex": "여성",
              "age": "20대"
            },
            "speechAct": "(단언) 주장하기",
            "morpheme": "아니/IC+진짜/MAG+왜/MAG+그러/VV+는겨/EC+./SY"
          },
          {
            "id": 8,
            "text": "1 : 그러니까,",
            "norm_text": "그러니까,",
            "speaker": {
              "id": "1번",
              "sex": "여성",
              "age": "20대"
            },
            "speechAct": "(단언) 주장하기",
            "morpheme": "그러니까/MAJ+,/SC"
          },
          {
            "id": 9,
            "text": "1 : 군대는 비리 천국인 거 같아!",
            "norm_text": "군대는 비리 천국인 거 같아!",
            "speaker": {
              "id": "1번",
              "sex": "여성",
              "age": "20대"
            },
            "speechAct": "(단언) 주장하기",
            "morpheme": "군대/NNG+는/JX+비리/NNG+천국/NNG+인/VCP+ETM+거/NNB+같/VA+아/EF"
          },
          {
            "id": 10,
            "text": "2 : 아니 그래도 군인들은 잘 먹여야 되는 거 아님?",
            "norm_text": "아니 그래도 군인들은 잘 먹여야 되는 거 아님?",
            "speaker": {
              "id": "2번",
              "sex": "여성",
              "age": "20대"
            },
            "speechAct": "(단언) 주장하기",
            "morpheme": "아니/IC+그래도/MAJ+군인/NNG+들/XSN+은/JX+잘/MAG+먹여야/VV+EC+되/VV+는/ETM+거/NNB+아님/VCN+ETN"
          },
          {
            "id": 11,
            "text": "1 : 맞아!",
            "norm_text": "맞아!",
            "speaker": {
              "id": "1번",
              "sex": "여성",
              "age": "20대"
            },
            "speechAct": "(단언) 주장하기",
            "morpheme": "맞/VV+아/EF"
          },
          {
            "id": 12,
            "text": "1 : 계란 보니까 완전 썩고 카레 소스는 유통기한 두 달이나 지났어!",
            "norm_text": "계란 보니까 완전 썩고 카레 소스는 유통기한 두 달이나 지났어!",
            "speaker": {
              "id": "1번",
              "sex": "여성",
              "age": "20대"
            },
            "speechAct": "(단언) 진술하기",
            "morpheme": "계란/NNG+보/VV+니까/EC+완전/MAG+썩/VV+고/EC+카레/NNG+소스/NNG+는/JX+유통/NNG+기한/NNG+두/MM+달/NNBC+이나/JX+지났/VV+EP+어/EF"
          },
          {
            "id": 13,
            "text": "2 : 키키 불쌍해 군인들은 진짜 잘 줘야지 ㅡㅡ",
            "norm_text": "키키 불쌍해 군인들은 진짜 잘 줘야지 ㅡㅡ",
            "speaker": {
              "id": "2번",
              "sex": "여성",
              "age": "20대"
            },
            "speechAct": "(단언) 주장하기",
            "morpheme": "키/NNG+키/XSV+ETN+불쌍/XR+해/XSA+EC+군인/NNG+들/XSN+은/JX+진짜/MAG+잘/MAG+줘야지/VV+EC+ㅡㅡ/UNKNOWN"
          },
          {
            "id": 14,
            "text": "1 : 맞아 이거 먹고 식중독 걸리면 어쩌려고!?",
            "norm_text": "맞아 이거 먹고 식중독 걸리면 어쩌려고!?",
            "speaker": {
              "id": "1번",
              "sex": "여성",
              "age": "20대"
            },
            "speechAct": "(단언) 주장하기",
            "morpheme": "맞/VV+아/EC+이거/NP+먹/VV+고/EC+식중독/NNG+걸리/VV+면/EC+어쩌/VV+려고/EC+!/SY"
          },
          {
            "id": 15,
            "text": "2 : 근데 식중독 안 걸렸나? 키키",
            "norm_text": "근데 식중독 안 걸렸나? 키키",
            "speaker": {
              "id": "2번",
              "sex": "여성",
              "age": "20대"
            },
            "speechAct": "(단언) 주장하기",
            "morpheme": "근데/MAJ+식중독/NNG+안/MAG+걸렸/VV+EP+나/EF+키/NNG+키/XSV+ETN"
          },
          {
            "id": 16,
            "text": "1 : 이제 납품 받고 보니까 이렇게 되어있는 거였겠지!",
            "norm_text": "이제 납품 받고 보니까 이렇게 되어있는 거였겠지!",
            "speaker": {
              "id": "1번",
              "sex": "여성",
              "age": "20대"
            },
            "speechAct": "(단언) 주장하기",
            "morpheme": "이제/MAG+납품/NNG+받/VV+고/EC+보/VX+니까/EC+이렇게/MAG+되/VV+어/EC+있/VX+는/ETM+거/NNB+였/VCP+EP+겠/EP+지/EF"
          },
          {
            "id": 17,
            "text": "2 : 키키 누가 신고했을라나 대단하다 그 사람",
            "norm_text": "키키 누가 신고했을라나 대단하다 그 사람",
            "speaker": {
              "id": "2번",
              "sex": "여성",
              "age": "20대"
            },
            "speechAct": "(단언) 주장하기",
            "morpheme": "키/NNG+키/XSV+ETN+누가/NP+JKS+신고/NNG+했/XSV+EP+을라나/EF+대단/XR+하/XSA+다/EF+그/MM+사람/NNG"
          },
          {
            "id": 18,
            "text": "1 : 모르겠어",
            "norm_text": "모르겠어",
            "speaker": {
              "id": "1번",
              "sex": "여성",
              "age": "20대"
            },
            "speechAct": "(단언) 주장하기",
            "morpheme": "모르/VV+겠/EP+어/EC"
          },
          {
            "id": 19,
            "text": "1 : 이것도 식자재 업체랑 계약하고 받는 거잖아!",
            "norm_text": "이것도 식자재 업체랑 계약하고 받는 거잖아!",
            "speaker": {
              "id": "1번",
              "sex": "여성",
              "age": "20대"
            },
            "speechAct": "(단언) 주장하기",
            "morpheme": "이것/NP+도/JX+식자재/NNG+업체/NNG+랑/JKB+계약/NNG+하/XSV+고/EC+받/VV+는/ETM+거/NNB+잖아/VCP+EC+VX+EF"
          },
          {
            "id": 20,
            "text": "2 : 그럼 그 업체가 문제 있는 거네",
            "norm_text": "그럼 그 업체가 문제 있는 거네",
            "speaker": {
              "id": "2번",
              "sex": "여성",
              "age": "20대"
            },
            "speechAct": "(단언) 주장하기",
            "morpheme": "그럼/MAJ+그/MM+업체/NNG+가/JKS+문제/NNG+있/VA+는/ETM+거/NNB+네/VCP+EC"
          }
        ]
      }
    }
  ]
}