{
  "dataset": {
    "identifier": 101789,
    "name": "FACEBOOK_108_19_set",
    "src_path": "/data/file/cubeManager/PROJECT001/77/txt20211029160805052613/FACEBOOK_108_19_set/",
    "label_path": "/data/file/cubeManager/PROJECT001/77/txt20211029160805052613/FACEBOOK_108_19_set/",
    "category": 2,
    "type": 0
  },
  "licenses": {
    "name": "Apache License 1.0",
    "url": "http://www.apache.org/licenses/LICENSE-1.0"
  },
  "info": [
    {
      "id": 111307,
      "filename": "FACEBOOK_108_19.txt",
      "title": "FACEBOOK_108_19",
      "mediatype": "SNS",
      "medianame": "페이스북",
      "category": "일상대화",
      "date": "2021-10-29",
      "size": 487,
      "annotations": {
        "subject": "방송/연예",
        "speaker_type": "1:1",
        "size": 487,
        "word_size": 168,
        "text": "1 : 너희 부모님도 드라마 잘 챙겨보셔?\n2 : 어 엄마는 드라마 매번 보고 계셔!\n1 : 요즘에 오케이 광자매?\n1 : 그게 인기던데!?\n2 : 아 그래?\n2 : 그럼 분명히 우리 엄마 보고 있다\n1 : 키키 주말 드라마인데 혹시 너 전혜빈이라고 알아?\n2 : 전혜빈 얼굴 알 거 같은데?!\n2 : 왜?\n1 : 요즘 드라마는 유튜브처럼 자막도 써준대 웃기게 키키\n2 : 엥 진짜로?\n2 : 그게 유튜브랑 뭐가 달라?!\n1 : 키키 근데 공중파 방송에서 하는 거 보니까  진짜 웃기더라!\n2 : 아 그래?\n2 : 재밌긴 한가보네 키키 나도 나중에 봐야겠다 ㅎ\n1 : 어 꼭 봐 키키\n1 : 전혜빈이 엄청 울고 있는데 거기다 자막으로 오열이라고 써 놨더라 ㅋ\n2 : 아니 키키\n2 : 그게 뭐야 몰입 하나도 안돼 키키\n1 : 키키 그니까 근데 색다르고 재미있긴 했었어!\n2 : 그래?\n2 : 내가 이번에 꼭 봐볼게 하하\n1 : 키키 어 꼭 봐바\n1 : 그냥 그 장면만 보면  돼!\n2 : 나 지금 검색 들어간다 ㅎ",
        "lines": [
          {
            "id": 1,
            "text": "1 : 너희 부모님도 드라마 잘 챙겨보셔?",
            "norm_text": "너희 부모님도 드라마 잘 챙겨보셔?",
            "speaker": {
              "id": "1번",
              "sex": "여성",
              "age": "20대"
            },
            "speechAct": "(지시) 질문하기",
            "morpheme": "너희/NP+부모/NNG+님/XSN+도/JX+드라마/NNG+잘/MAG+챙겨/VV+EC+보/VX+셔/EP+EF"
          },
          {
            "id": 2,
            "text": "2 : 어 엄마는 드라마 매번 보고 계셔!",
            "norm_text": "어 엄마는 드라마 매번 보고 계셔!",
            "speaker": {
              "id": "2번",
              "sex": "여성",
              "age": "20대"
            },
            "speechAct": "(단언) 주장하기",
            "morpheme": "어/IC+엄마/NNG+는/JX+드라마/NNG+매번/MAG+보/VV+고/EC+계셔/VX+EF"
          },
          {
            "id": 3,
            "text": "1 : 요즘에 오케이 광자매?",
            "norm_text": "요즘에 오케이 광자매?",
            "speaker": {
              "id": "1번",
              "sex": "여성",
              "age": "20대"
            },
            "speechAct": "(지시) 질문하기",
            "morpheme": "요즘/NNG+에/JKB+오케이/IC+광자/NNG+매/VV+EF"
          },
          {
            "id": 4,
            "text": "1 : 그게 인기던데!?",
            "norm_text": "그게 인기던데!?",
            "speaker": {
              "id": "1번",
              "sex": "여성",
              "age": "20대"
            },
            "speechAct": "(지시) 질문하기",
            "morpheme": "그게/NP+JKS+인기/NNG+던데/VCP+EC+!/SY"
          },
          {
            "id": 5,
            "text": "2 : 아 그래?",
            "norm_text": "아 그래?",
            "speaker": {
              "id": "2번",
              "sex": "여성",
              "age": "20대"
            },
            "speechAct": "(지시) 질문하기",
            "morpheme": "아/IC+그래/IC"
          },
          {
            "id": 6,
            "text": "2 : 그럼 분명히 우리 엄마 보고 있다",
            "norm_text": "그럼 분명히 우리 엄마 보고 있다",
            "speaker": {
              "id": "2번",
              "sex": "여성",
              "age": "20대"
            },
            "speechAct": "(단언) 주장하기",
            "morpheme": "그럼/MAJ+분명히/MAG+우리/NP+엄마/NNG+보/VV+고/EC+있/VX+다/EC"
          },
          {
            "id": 7,
            "text": "1 : 키키 주말 드라마인데 혹시 너 전혜빈이라고 알아?",
            "norm_text": "키키 주말 드라마인데 혹시 너 전혜빈이라고 알아?",
            "speaker": {
              "id": "1번",
              "sex": "여성",
              "age": "20대"
            },
            "speechAct": "(지시) 질문하기",
            "morpheme": "키/NNG+키/NNG+주말/NNG+드라마/NNG+인데/VCP+EC+혹시/MAG+너/NP+전혜빈/NNP+이/VCP+라고/EC+알/VV+아/EF"
          },
          {
            "id": 8,
            "text": "2 : 전혜빈 얼굴 알 거 같은데?!",
            "norm_text": "전혜빈 얼굴 알 거 같은데?!",
            "speaker": {
              "id": "2번",
              "sex": "여성",
              "age": "20대"
            },
            "speechAct": "(지시) 질문하기",
            "morpheme": "전혜빈/NNP+얼굴/NNG+알/VV+ETM+거/NNB+같/VA+은데/EC+?/SY"
          },
          {
            "id": 9,
            "text": "2 : 왜?",
            "norm_text": "왜?",
            "speaker": {
              "id": "2번",
              "sex": "여성",
              "age": "20대"
            },
            "speechAct": "(지시) 질문하기",
            "morpheme": "왜/MAG"
          },
          {
            "id": 10,
            "text": "1 : 요즘 드라마는 유튜브처럼 자막도 써준대 웃기게 키키",
            "norm_text": "요즘 드라마는 유튜브처럼 자막도 써준대 웃기게 키키",
            "speaker": {
              "id": "1번",
              "sex": "여성",
              "age": "20대"
            },
            "speechAct": "(단언) 진술하기",
            "morpheme": "요즘/NNG+드라마/NNG+는/JX+유튜브/NNP+처럼/JKB+자막/NNG+도/JX+써/VV+EC+준대/VX+EF+웃기/VV+게/EC+키/NNG+키/XSV+ETN"
          },
          {
            "id": 11,
            "text": "2 : 엥 진짜로?",
            "norm_text": "엥 진짜로?",
            "speaker": {
              "id": "2번",
              "sex": "여성",
              "age": "20대"
            },
            "speechAct": "(지시) 질문하기",
            "morpheme": "엥/IC+진짜로/MAG"
          },
          {
            "id": 12,
            "text": "2 : 그게 유튜브랑 뭐가 달라?!",
            "norm_text": "그게 유튜브랑 뭐가 달라?!",
            "speaker": {
              "id": "2번",
              "sex": "여성",
              "age": "20대"
            },
            "speechAct": "(지시) 질문하기",
            "morpheme": "그게/NP+JKS+유튜브/NNP+랑/JC+뭐/NP+가/JKS+달라/VA+EC+?/SY"
          },
          {
            "id": 13,
            "text": "1 : 키키 근데 공중파 방송에서 하는 거 보니까  진짜 웃기더라!",
            "norm_text": "키키 근데 공중파 방송에서 하는 거 보니까  진짜 웃기더라!",
            "speaker": {
              "id": "1번",
              "sex": "여성",
              "age": "20대"
            },
            "speechAct": "(단언) 진술하기",
            "morpheme": "키/NNG+키/XSV+ETN+근데/MAJ+공중/NNG+파/NNG+방송/NNG+에서/JKB+하/VV+는/ETM+거/NNB+보/VV+니까/EC+진짜/MAG+웃기/VV+더라/EF"
          },
          {
            "id": 14,
            "text": "2 : 아 그래?",
            "norm_text": "아 그래?",
            "speaker": {
              "id": "2번",
              "sex": "여성",
              "age": "20대"
            },
            "speechAct": "(지시) 질문하기",
            "morpheme": "아/IC+그래/IC"
          },
          {
            "id": 15,
            "text": "2 : 재밌긴 한가보네 키키 나도 나중에 봐야겠다 ㅎ",
            "norm_text": "재밌긴 한가보네 키키 나도 나중에 봐야겠다 ㅎ",
            "speaker": {
              "id": "2번",
              "sex": "여성",
              "age": "20대"
            },
            "speechAct": "(단언) 주장하기",
            "morpheme": "재밌/VA+긴/ETN+JX+한가/VX+EC+보/VX+네/EF+키/NNG+키나/XSA+ETN+JX+도/JX+나중/NNG+에/JKB+봐야겠다/VV+EC+VX+EP+EF+ㅎ/XSA"
          },
          {
            "id": 16,
            "text": "1 : 어 꼭 봐 키키",
            "norm_text": "어 꼭 봐 키키",
            "speaker": {
              "id": "1번",
              "sex": "여성",
              "age": "20대"
            },
            "speechAct": "(지시) 명령/요구하기",
            "morpheme": "어/IC+꼭/MAG+봐/VV+EC+키/NNG+키/XSV+ETN"
          },
          {
            "id": 17,
            "text": "1 : 전혜빈이 엄청 울고 있는데 거기다 자막으로 오열이라고 써 놨더라 ㅋ",
            "norm_text": "전혜빈이 엄청 울고 있는데 거기다 자막으로 오열이라고 써 놨더라 ㅋ",
            "speaker": {
              "id": "1번",
              "sex": "여성",
              "age": "20대"
            },
            "speechAct": "(단언) 주장하기",
            "morpheme": "전혜빈/NNP+이/JKS+엄청/MAG+울/VV+고/EC+있/VX+는데/EC+거기/NP+다/JX+자막/NNG+으로/JKB+오열/NNG+이/VCP+라고/EC+써/VV+EC+놨더라/VX+EP+EF+ㅋ/UNKNOWN"
          },
          {
            "id": 18,
            "text": "2 : 아니 키키",
            "norm_text": "아니 키키",
            "speaker": {
              "id": "2번",
              "sex": "여성",
              "age": "20대"
            },
            "speechAct": "(단언) 진술하기",
            "morpheme": "아니/IC+키/NNG+키/XSV+ETN"
          },
          {
            "id": 19,
            "text": "2 : 그게 뭐야 몰입 하나도 안돼 키키",
            "norm_text": "그게 뭐야 몰입 하나도 안돼 키키",
            "speaker": {
              "id": "2번",
              "sex": "여성",
              "age": "20대"
            },
            "speechAct": "(단언) 진술하기",
            "morpheme": "그게/NP+JKS+뭐/NP+야/VCP+EF+몰입/NNG+하나/NR+도/JX+안/MAG+돼/VV+EC+키/NNG+키/XSV+ETN"
          },
          {
            "id": 20,
            "text": "1 : 키키 그니까 근데 색다르고 재미있긴 했었어!",
            "norm_text": "키키 그니까 근데 색다르고 재미있긴 했었어!",
            "speaker": {
              "id": "1번",
              "sex": "여성",
              "age": "20대"
            },
            "speechAct": "(단언) 진술하기",
            "morpheme": "키/NNG+키/XSV+ETN+그니까/MAJ+근데/MAJ+색다르/VA+고/EC+재미있/VA+긴/ETN+JX+했었/VX+EP+어/EF"
          },
          {
            "id": 21,
            "text": "2 : 그래?",
            "norm_text": "그래?",
            "speaker": {
              "id": "2번",
              "sex": "여성",
              "age": "20대"
            },
            "speechAct": "(지시) 질문하기",
            "morpheme": "그래/IC"
          },
          {
            "id": 22,
            "text": "2 : 내가 이번에 꼭 봐볼게 하하",
            "norm_text": "내가 이번에 꼭 봐볼게 하하",
            "speaker": {
              "id": "2번",
              "sex": "여성",
              "age": "20대"
            },
            "speechAct": "(단언) 주장하기",
            "morpheme": "내/NP+가/JKS+이번/NNG+에/JKB+꼭/MAG+봐/VV+EC+볼/VX+ETM+게/NNB+JKS+하하/MAG"
          },
          {
            "id": 23,
            "text": "1 : 키키 어 꼭 봐바",
            "norm_text": "키키 어 꼭 봐바",
            "speaker": {
              "id": "1번",
              "sex": "여성",
              "age": "20대"
            },
            "speechAct": "(단언) 진술하기",
            "morpheme": "키키어꼭봐바/UNKNOWN"
          },
          {
            "id": 24,
            "text": "1 : 그냥 그 장면만 보면  돼!",
            "norm_text": "그냥 그 장면만 보면  돼!",
            "speaker": {
              "id": "1번",
              "sex": "여성",
              "age": "20대"
            },
            "speechAct": "(단언) 주장하기",
            "morpheme": "그냥/MAG+그/MM+장면/NNG+만/JX+보/VV+면/EC+돼/VV+EF"
          },
          {
            "id": 25,
            "text": "2 : 나 지금 검색 들어간다 ㅎ",
            "norm_text": "나 지금 검색 들어간다 ㅎ",
            "speaker": {
              "id": "2번",
              "sex": "여성",
              "age": "20대"
            },
            "speechAct": "(단언) 진술하기",
            "morpheme": "나/NP+지금/MAG+검색/NNG+들어간다/VV+EF+ㅎ/XSA"
          }
        ]
      }
    }
  ]
}