{
  "dataset": {
    "identifier": 127785,
    "name": "FACEBOOK_121_10_set",
    "src_path": "/data/file/cubeManager/PROJECT001/84/txt20211108155848033361/FACEBOOK_121_10_set/",
    "label_path": "/data/file/cubeManager/PROJECT001/84/txt20211108155848033361/FACEBOOK_121_10_set/",
    "category": 2,
    "type": 0
  },
  "licenses": {
    "name": "Apache License 1.0",
    "url": "http://www.apache.org/licenses/LICENSE-1.0"
  },
  "info": [
    {
      "id": 141734,
      "filename": "FACEBOOK_121_10.txt",
      "title": "FACEBOOK_121_10",
      "mediatype": "SNS",
      "medianame": "페이스북",
      "category": "일상대화",
      "date": "2021-11-08",
      "size": 455,
      "annotations": {
        "subject": "스포츠/레저",
        "speaker_type": "1:1",
        "size": 455,
        "word_size": 158,
        "text": "1 : 오빠 서핑 해본 적 있어?\n2 : 웅 나 해본 적 있지 졸잼\n1 : 오 서핑 어디 가서 해본 거야?\n2 : 진짜 여자친구랑 가서 했는데 너무 좋아하더라\n2 : 양양 가서 했어\n1 : 키키 여자친구 사랑이 대단하네 정말 어디 가든 안 빠져\n2 : 양양 가면 서핑하는 사람들 많아\n2 : 너도 가서 해봐 진짜 꿀잼\n1 : 아 그치 키키 거기서 얼마나 배웠어?\n2 : 웅 진짜 여자친구는 항상 델꼬 다니지 키키\n2 : 10분 배웠어\n1 : 10분 배워서 바로 탈 수 있는 거야?\n2 : 진짜 금방 배워 너도 가서 해봐 !\n2 : 몸치여도 상관없어\n1 : 아 그래? 키키 내년 여름을 기약 해야지\n2 : 웅 웨이크 보드도 좋아하는데 진짜 재미있어\n2 : 물이라면 난 너무 좋아\n1 : 아 그래? 나는 물 무서워서 고민 돼\n2 : 겨울에도 타는 사람 너무 많더라\n1 : 헐 키키 저체온증으로 죽을 것 같은데 ㅠㅠ\n2 : 나도 물 무서워했었는데 극복했다",
        "lines": [
          {
            "id": 1,
            "text": "1 : 오빠 서핑 해본 적 있어?",
            "norm_text": "오빠 서핑 해본 적 있어?",
            "speaker": {
              "id": "1번",
              "sex": "여성",
              "age": "20대"
            },
            "speechAct": "(지시) 질문하기",
            "morpheme": "오빠/NNG+서핑/NNG+해/XSV+EC+본/VX+ETM+적/NNB+있/VA+어/EF"
          },
          {
            "id": 2,
            "text": "2 : 웅 나 해본 적 있지 졸잼",
            "norm_text": "웅 나 해본 적 있지 졸잼",
            "speaker": {
              "id": "2번",
              "sex": "남성",
              "age": "20대"
            },
            "speechAct": "(단언) 진술하기",
            "morpheme": "웅/IC+나/NP+해/VV+EC+본/VX+ETM+적/NNB+있/VA+지/EC+졸/VV+ETM+잼/NNG"
          },
          {
            "id": 3,
            "text": "1 : 오 서핑 어디 가서 해본 거야?",
            "norm_text": "오 서핑 어디 가서 해본 거야?",
            "speaker": {
              "id": "1번",
              "sex": "여성",
              "age": "20대"
            },
            "speechAct": "(지시) 질문하기",
            "morpheme": "오/NR+서핑/NNG+어디/NP+가/JKS+서해/NNP+본/VV+ETM+거/NNB+야/VCP+EF"
          },
          {
            "id": 4,
            "text": "2 : 진짜 여자친구랑 가서 했는데 너무 좋아하더라",
            "norm_text": "진짜 여자친구랑 가서 했는데 너무 좋아하더라",
            "speaker": {
              "id": "2번",
              "sex": "남성",
              "age": "20대"
            },
            "speechAct": "(단언) 주장하기",
            "morpheme": "진짜/MAG+여자/NNG+친구/NNG+랑/JKB+가/VV+서/EC+했/VX+EP+는데/EC+너무/MAG+좋/VA+아/EC+하/VV+더라/EC"
          },
          {
            "id": 5,
            "text": "2 : 양양 가서 했어",
            "norm_text": "양양 가서 했어",
            "speaker": {
              "id": "2번",
              "sex": "남성",
              "age": "20대"
            },
            "speechAct": "(단언) 진술하기",
            "morpheme": "양양가/NNG+서/JKB+했/VV+EP+어/EC"
          },
          {
            "id": 6,
            "text": "1 : 키키 여자친구 사랑이 대단하네 정말 어디 가든 안 빠져",
            "norm_text": "키키 여자친구 사랑이 대단하네 정말 어디 가든 안 빠져",
            "speaker": {
              "id": "1번",
              "sex": "여성",
              "age": "20대"
            },
            "speechAct": "(단언) 주장하기",
            "morpheme": "키/NNG+키/NNG+여자/NNG+친구/NNG+사랑/NNG+이/JKS+대단/XR+하/XSA+네/EF+정말/MAG+어디/NP+가/JKS+든/VV+ETM+안/MAG+빠져/VV+EC"
          },
          {
            "id": 7,
            "text": "2 : 양양 가면 서핑하는 사람들 많아",
            "norm_text": "양양 가면 서핑하는 사람들 많아",
            "speaker": {
              "id": "2번",
              "sex": "남성",
              "age": "20대"
            },
            "speechAct": "(단언) 진술하기",
            "morpheme": "양양가/NNG+면/VCP+EC+서핑/NNG+하/XSV+는/ETM+사람/NNG+들/XSN+많/VA+아/EC"
          },
          {
            "id": 8,
            "text": "2 : 너도 가서 해봐 진짜 꿀잼",
            "norm_text": "너도 가서 해봐 진짜 꿀잼",
            "speaker": {
              "id": "2번",
              "sex": "남성",
              "age": "20대"
            },
            "speechAct": "(단언) 주장하기",
            "morpheme": "너/NP+도/JX+가/VV+서/EC+해/VV+EC+봐/VX+EF+진짜/MAG+꿀/VV+ETM+잼/NNG"
          },
          {
            "id": 9,
            "text": "1 : 아 그치 키키 거기서 얼마나 배웠어?",
            "norm_text": "아 그치 키키 거기서 얼마나 배웠어?",
            "speaker": {
              "id": "1번",
              "sex": "여성",
              "age": "20대"
            },
            "speechAct": "(지시) 질문하기",
            "morpheme": "아/IC+그치/IC+키/NNG+키/XSV+ETN+거기/NP+서/JKB+얼마나/MAG+배웠/VV+EP+어/EF"
          },
          {
            "id": 10,
            "text": "2 : 웅 진짜 여자친구는 항상 델꼬 다니지 키키",
            "norm_text": "웅 진짜 여자친구는 항상 델꼬 다니지 키키",
            "speaker": {
              "id": "2번",
              "sex": "남성",
              "age": "20대"
            },
            "speechAct": "(단언) 주장하기",
            "morpheme": "웅/IC+진짜/MAG+여자/NNG+친구/NNG+는/JX+항상/MAG+델/VV+꼬/EC+다니/VV+지/EC+키/NNG+키/XSV+ETN"
          },
          {
            "id": 11,
            "text": "2 : 10분 배웠어",
            "norm_text": "10분 배웠어",
            "speaker": {
              "id": "2번",
              "sex": "남성",
              "age": "20대"
            },
            "speechAct": "(단언) 진술하기",
            "morpheme": "10/SN+분/NNBC+배웠/VV+EP+어/EC"
          },
          {
            "id": 12,
            "text": "1 : 10분 배워서 바로 탈 수 있는 거야?",
            "norm_text": "10분 배워서 바로 탈 수 있는 거야?",
            "speaker": {
              "id": "1번",
              "sex": "여성",
              "age": "20대"
            },
            "speechAct": "(지시) 질문하기",
            "morpheme": "10/SN+분/NNBC+배워서/VV+EC+바로/MAG+탈/VV+ETM+수/NNB+있/VV+는/ETM+거/NNB+야/VCP+EF"
          },
          {
            "id": 13,
            "text": "2 : 진짜 금방 배워 너도 가서 해봐 !",
            "norm_text": "진짜 금방 배워 너도 가서 해봐 !",
            "speaker": {
              "id": "2번",
              "sex": "남성",
              "age": "20대"
            },
            "speechAct": "(단언) 주장하기",
            "morpheme": "진짜/MAG+금방/MAG+배워/VV+EC+너/NP+도/JX+가/VV+서/EC+해/VV+EC+봐/VX+EF"
          },
          {
            "id": 14,
            "text": "2 : 몸치여도 상관없어",
            "norm_text": "몸치여도 상관없어",
            "speaker": {
              "id": "2번",
              "sex": "남성",
              "age": "20대"
            },
            "speechAct": "(단언) 주장하기",
            "morpheme": "몸치/NNG+여도/VCP+EC+상관없/VA+어/EC"
          },
          {
            "id": 15,
            "text": "1 : 아 그래? 키키 내년 여름을 기약 해야지",
            "norm_text": "아 그래? 키키 내년 여름을 기약 해야지",
            "speaker": {
              "id": "1번",
              "sex": "여성",
              "age": "20대"
            },
            "speechAct": "(단언) 주장하기",
            "morpheme": "아/IC+그래/IC+키/NNG+키/NNG+내년/NNG+여름/NNG+을/JKO+기약/NNG+해야지/XSV+EC"
          },
          {
            "id": 16,
            "text": "2 : 웅 웨이크 보드도 좋아하는데 진짜 재미있어",
            "norm_text": "웅 웨이크 보드도 좋아하는데 진짜 재미있어",
            "speaker": {
              "id": "2번",
              "sex": "남성",
              "age": "20대"
            },
            "speechAct": "(단언) 진술하기",
            "morpheme": "웅/IC+웨이크/NNP+보드/NNP+도/JX+좋/VA+아/EC+하/VV+는데/EC+진짜/MAG+재미있/VA+어/EC"
          },
          {
            "id": 17,
            "text": "2 : 물이라면 난 너무 좋아",
            "norm_text": "물이라면 난 너무 좋아",
            "speaker": {
              "id": "2번",
              "sex": "남성",
              "age": "20대"
            },
            "speechAct": "(단언) 진술하기",
            "morpheme": "물/NNG+이/VCP+라면/EC+난/NP+JX+너무/MAG+좋/VA+아/EC"
          },
          {
            "id": 18,
            "text": "1 : 아 그래? 나는 물 무서워서 고민 돼",
            "norm_text": "아 그래? 나는 물 무서워서 고민 돼",
            "speaker": {
              "id": "1번",
              "sex": "여성",
              "age": "20대"
            },
            "speechAct": "(단언) 주장하기",
            "morpheme": "아/IC+그래/IC+나/NP+는/JX+물/NNG+무서워서/VA+EC+고민/NNG+돼/XSV+EC"
          },
          {
            "id": 19,
            "text": "2 : 겨울에도 타는 사람 너무 많더라",
            "norm_text": "겨울에도 타는 사람 너무 많더라",
            "speaker": {
              "id": "2번",
              "sex": "남성",
              "age": "20대"
            },
            "speechAct": "(단언) 진술하기",
            "morpheme": "겨울/NNG+에/JKB+도/JX+타/VV+는/ETM+사람/NNG+너무/MAG+많/VA+더라/EC"
          },
          {
            "id": 20,
            "text": "1 : 헐 키키 저체온증으로 죽을 것 같은데 ㅠㅠ",
            "norm_text": "헐 키키 저체온증으로 죽을 것 같은데 ㅠㅠ",
            "speaker": {
              "id": "1번",
              "sex": "여성",
              "age": "20대"
            },
            "speechAct": "(단언) 주장하기",
            "morpheme": "헐/IC+키/NNG+키/NNG+저체온증/NNG+으로/JKB+죽/VV+을/ETM+것/NNB+같/VA+은데/EC+ㅠㅠ/UNKNOWN"
          },
          {
            "id": 21,
            "text": "2 : 나도 물 무서워했었는데 극복했다",
            "norm_text": "나도 물 무서워했었는데 극복했다",
            "speaker": {
              "id": "2번",
              "sex": "남성",
              "age": "20대"
            },
            "speechAct": "(단언) 주장하기",
            "morpheme": "나/NP+도/JX+물/NNG+무서워/VA+EC+했었/VX+EP+는데/EC+극복/NNG+했/XSV+EP+다/EC"
          }
        ]
      }
    }
  ]
}