{
  "dataset": {
    "identifier": 117290,
    "name": "FACEBOOK_117_12_set",
    "src_path": "/data/file/cubeManager/PROJECT001/80/txt20211102103331037882/FACEBOOK_117_12_set/",
    "label_path": "/data/file/cubeManager/PROJECT001/80/txt20211102103331037882/FACEBOOK_117_12_set/",
    "category": 2,
    "type": 0
  },
  "licenses": {
    "name": "Apache License 1.0",
    "url": "http://www.apache.org/licenses/LICENSE-1.0"
  },
  "info": [
    {
      "id": 129655,
      "filename": "FACEBOOK_117_12.txt",
      "title": "FACEBOOK_117_12",
      "mediatype": "SNS",
      "medianame": "페이스북",
      "category": "일상대화",
      "date": "2021-11-02",
      "size": 508,
      "annotations": {
        "subject": "여행",
        "speaker_type": "1:1",
        "size": 508,
        "word_size": 168,
        "text": "1 : 언니는 여행의 묘미는 뭐라고 생각해?\n2 : 키키 묘미는 관광이지 아무래도? 아닌가\n1 : 키키 맞아 근데 내 주변 사람들은 펜션이나 숙박을 제일 중요하게 생각하더라!\n2 : 근데 요새는 어딜 가나 좋은 데가 너무 많아\n1 : 맞아 키키 근데 나는 어렸을 때는 관광이었는데 요즘에는 맛집이랑 숙박을 제일 잘 보는 거 같아!\n2 : 난 지금은 인생샷 건지는 거\n2 : 사진 천 장씩 찍는 듯\n1 : 키키 아 맞아! 미술관도 사진 찍으러 다니잖아 요즘에는!\n2 : 맞아 미술엔 관심도 없고 키키\n1 : 키키 맞아 사직 엄청 찍고\n1 : 키키 그 강릉에 있는 미술관 갔다 왔어?\n2 : 아니 나 강릉 갈 거야 이번에\n1 : 거기 내가 가봤는데! 일단 입장료만 12000원이야!\n2 : 싼 거 아냐? 아닌가?\n2 : 추천 좀 키키\n1 : 나는 처음 가봐서 모르겠어\n1 : 근데 그 미술관 자체가 유명해서 가는 게 아니야!\n2 : 어때 볼 만했어?\n2 : 사람 많지?\n1 : 어 사람이 많았는데 왜 많았는지 알아?\n2 : 왜? 다 사진 찍겠지 뭐",
        "lines": [
          {
            "id": 1,
            "text": "1 : 언니는 여행의 묘미는 뭐라고 생각해?",
            "norm_text": "언니는 여행의 묘미는 뭐라고 생각해?",
            "speaker": {
              "id": "1번",
              "sex": "여성",
              "age": "20대"
            },
            "speechAct": "(지시) 질문하기",
            "morpheme": "언니/NNG+는/JX+여행/NNG+의/JKG+묘미/NNG+는/JX+뭐/NP+라고/VCP+EC+생각/NNG+해/XSV+EF"
          },
          {
            "id": 2,
            "text": "2 : 키키 묘미는 관광이지 아무래도? 아닌가",
            "norm_text": "키키 묘미는 관광이지 아무래도? 아닌가",
            "speaker": {
              "id": "2번",
              "sex": "여성",
              "age": "20대"
            },
            "speechAct": "(지시) 질문하기",
            "morpheme": "키/NNG+키/NNG+묘미/NNG+는/JX+관광/NNG+이/VCP+지/EF+아무래도/MAG+아닌가/VCN+EC"
          },
          {
            "id": 3,
            "text": "1 : 키키 맞아 근데 내 주변 사람들은 펜션이나 숙박을 제일 중요하게 생각하더라!",
            "norm_text": "키키 맞아 근데 내 주변 사람들은 펜션이나 숙박을 제일 중요하게 생각하더라!",
            "speaker": {
              "id": "1번",
              "sex": "여성",
              "age": "20대"
            },
            "speechAct": "(단언) 진술하기",
            "morpheme": "키/NNG+키/XSV+ETN+맞/VV+아/EC+근데/MAJ+내/MM+주변/NNG+사람/NNG+들/XSN+은/JX+펜션/NNG+이나/JC+숙박/NNG+을/JKO+제일/MAG+중요/NNG+하/XSV+게/EC+생각/NNG+하/XSA+더라/EF"
          },
          {
            "id": 4,
            "text": "2 : 근데 요새는 어딜 가나 좋은 데가 너무 많아",
            "norm_text": "근데 요새는 어딜 가나 좋은 데가 너무 많아",
            "speaker": {
              "id": "2번",
              "sex": "여성",
              "age": "20대"
            },
            "speechAct": "(단언) 주장하기",
            "morpheme": "근데/MAJ+요새/NNG+는/JX+어딜/NP+JKO+가/VV+나/EC+좋/VA+은/ETM+데/NNB+가/JKS+너무/MAG+많/VA+아/EC"
          },
          {
            "id": 5,
            "text": "1 : 맞아 키키 근데 나는 어렸을 때는 관광이었는데 요즘에는 맛집이랑 숙박을 제일 잘 보는 거 같아!",
            "norm_text": "맞아 키키 근데 나는 어렸을 때는 관광이었는데 요즘에는 맛집이랑 숙박을 제일 잘 보는 거 같아!",
            "speaker": {
              "id": "1번",
              "sex": "여성",
              "age": "20대"
            },
            "speechAct": "(단언) 주장하기",
            "morpheme": "맞/VV+아/EC+키/NNG+키/XSV+ETN+근데/MAJ+나/NP+는/JX+어렸/VA+EP+을/ETM+때/NNG+는/JX+관광/NNG+이/VCP+었/EP+는데/EC+요즘/NNG+에/JKB+는/JX+맛집/NNG+이랑/JKB+숙박/NNG+을/JKO+제일/MAG+잘/MAG+보/VV+는/ETM+거/NNB+같/VA+아/EF"
          },
          {
            "id": 6,
            "text": "2 : 난 지금은 인생샷 건지는 거",
            "norm_text": "난 지금은 인생샷 건지는 거",
            "speaker": {
              "id": "2번",
              "sex": "여성",
              "age": "20대"
            },
            "speechAct": "(단언) 주장하기",
            "morpheme": "난/NP+JX+지금/MAG+은/JX+인생/NNG+샷/NNG+건지/VV+는/ETM+거/NNB"
          },
          {
            "id": 7,
            "text": "2 : 사진 천 장씩 찍는 듯",
            "norm_text": "사진 천 장씩 찍는 듯",
            "speaker": {
              "id": "2번",
              "sex": "여성",
              "age": "20대"
            },
            "speechAct": "(단언) 주장하기",
            "morpheme": "사진/NNG+천장/NNG+씩/XSN+찍/VV+는/ETM+듯/NNB"
          },
          {
            "id": 8,
            "text": "1 : 키키 아 맞아! 미술관도 사진 찍으러 다니잖아 요즘에는!",
            "norm_text": "키키 아 맞아! 미술관도 사진 찍으러 다니잖아 요즘에는!",
            "speaker": {
              "id": "1번",
              "sex": "여성",
              "age": "20대"
            },
            "speechAct": "(단언) 진술하기",
            "morpheme": "키/NNG+키/VV+아/EC+맞/VV+아/EF+미술관/NNG+도/JX+사진/NNG+찍/VV+으러/EC+다니/VV+잖아/EC+요즘/NNG+에/JKB+는/JX"
          },
          {
            "id": 9,
            "text": "2 : 맞아 미술엔 관심도 없고 키키",
            "norm_text": "맞아 미술엔 관심도 없고 키키",
            "speaker": {
              "id": "2번",
              "sex": "여성",
              "age": "20대"
            },
            "speechAct": "(단언) 주장하기",
            "morpheme": "맞/VV+아/EC+미술/NNG+엔/JKB+JX+관심/NNG+도/JX+없/VA+고/EC+키/NNG+키/XSV+ETN"
          },
          {
            "id": 10,
            "text": "1 : 키키 맞아 사직 엄청 찍고",
            "norm_text": "키키 맞아 사직 엄청 찍고",
            "speaker": {
              "id": "1번",
              "sex": "여성",
              "age": "20대"
            },
            "speechAct": "(단언) 주장하기",
            "morpheme": "키/NNG+키/XSV+ETN+맞/VV+아/EC+사직/NNG+엄청/MAG+찍/VV+고/EC"
          },
          {
            "id": 11,
            "text": "1 : 키키 그 강릉에 있는 미술관 갔다 왔어?",
            "norm_text": "키키 그 강릉에 있는 미술관 갔다 왔어?",
            "speaker": {
              "id": "1번",
              "sex": "여성",
              "age": "20대"
            },
            "speechAct": "(지시) 질문하기",
            "morpheme": "키키/NNP+그/MM+강릉/NNP+에/JKB+있/VV+는/ETM+미술관/NNG+갔다왔/VV+EP+어/EF"
          },
          {
            "id": 12,
            "text": "2 : 아니 나 강릉 갈 거야 이번에",
            "norm_text": "아니 나 강릉 갈 거야 이번에",
            "speaker": {
              "id": "2번",
              "sex": "여성",
              "age": "20대"
            },
            "speechAct": "(단언) 주장하기",
            "morpheme": "아니/IC+나강/NNP+릉/NNG+갈/VV+ETM+거/NNB+야/VCP+EF+이번/NNG+에/JKB"
          },
          {
            "id": 13,
            "text": "1 : 거기 내가 가봤는데! 일단 입장료만 12000원이야!",
            "norm_text": "거기 내가 가봤는데! 일단 입장료만 12000원이야!",
            "speaker": {
              "id": "1번",
              "sex": "여성",
              "age": "20대"
            },
            "speechAct": "(단언) 진술하기",
            "morpheme": "거기/NP+내가/NNP+가/JKS+봤/VV+EP+는데/EF+일단/MAG+입장료/NNG+만/JX+12000/SN+원/NNBC+이/VCP+야/EF"
          },
          {
            "id": 14,
            "text": "2 : 싼 거 아냐? 아닌가?",
            "norm_text": "싼 거 아냐? 아닌가?",
            "speaker": {
              "id": "2번",
              "sex": "여성",
              "age": "20대"
            },
            "speechAct": "(단언) 주장하기",
            "morpheme": "싼/VA+ETM+거/NNB+아냐/VCN+EF+아닌가/VCN+EF"
          },
          {
            "id": 15,
            "text": "2 : 추천 좀 키키",
            "norm_text": "추천 좀 키키",
            "speaker": {
              "id": "2번",
              "sex": "여성",
              "age": "20대"
            },
            "speechAct": "(단언) 주장하기",
            "morpheme": "추천/NNG+좀/MAG+키/NNG+키/XSV+ETN"
          },
          {
            "id": 16,
            "text": "1 : 나는 처음 가봐서 모르겠어",
            "norm_text": "나는 처음 가봐서 모르겠어",
            "speaker": {
              "id": "1번",
              "sex": "여성",
              "age": "20대"
            },
            "speechAct": "(단언) 주장하기",
            "morpheme": "나/NP+는/JX+처음/NNG+가/JKC+봐서/VV+EC+모르/VV+겠/EP+어/EC"
          },
          {
            "id": 17,
            "text": "1 : 근데 그 미술관 자체가 유명해서 가는 게 아니야!",
            "norm_text": "근데 그 미술관 자체가 유명해서 가는 게 아니야!",
            "speaker": {
              "id": "1번",
              "sex": "여성",
              "age": "20대"
            },
            "speechAct": "(단언) 주장하기",
            "morpheme": "근데/MAJ+그/MM+미술관/NNG+자체/NNG+가/JKS+유명/NNG+해서/XSV+EC+가/VX+는/ETM+게/NNB+JKC+아니/VCN+야/EF"
          },
          {
            "id": 18,
            "text": "2 : 어때 볼 만했어?",
            "norm_text": "어때 볼 만했어?",
            "speaker": {
              "id": "2번",
              "sex": "여성",
              "age": "20대"
            },
            "speechAct": "(지시) 질문하기",
            "morpheme": "어때/VA+EC+볼/VX+ETM+만/NNB+했/XSA+EP+어/EF"
          },
          {
            "id": 19,
            "text": "2 : 사람 많지?",
            "norm_text": "사람 많지?",
            "speaker": {
              "id": "2번",
              "sex": "여성",
              "age": "20대"
            },
            "speechAct": "(지시) 질문하기",
            "morpheme": "사람/NNG+많/VA+지/EF"
          },
          {
            "id": 20,
            "text": "1 : 어 사람이 많았는데 왜 많았는지 알아?",
            "norm_text": "어 사람이 많았는데 왜 많았는지 알아?",
            "speaker": {
              "id": "1번",
              "sex": "여성",
              "age": "20대"
            },
            "speechAct": "(지시) 질문하기",
            "morpheme": "어/IC+사람/NNG+이/JKS+많/VA+았/EP+는데/EC+왜/MAG+많/VA+았/EP+는지/EC+알/VV+아/EF"
          },
          {
            "id": 21,
            "text": "2 : 왜? 다 사진 찍겠지 뭐",
            "norm_text": "왜? 다 사진 찍겠지 뭐",
            "speaker": {
              "id": "2번",
              "sex": "여성",
              "age": "20대"
            },
            "speechAct": "(단언) 주장하기",
            "morpheme": "왜/MAG+다/MAG+사진/NNG+찍/VV+겠/EP+지/EF+뭐/IC"
          }
        ]
      }
    }
  ]
}