{
  "dataset": {
    "identifier": 99902,
    "name": "FACEBOOK_104_07_set",
    "src_path": "/data/file/cubeManager/PROJECT001/77/txt20211028145511015925/FACEBOOK_104_07_set/",
    "label_path": "/data/file/cubeManager/PROJECT001/77/txt20211028145511015925/FACEBOOK_104_07_set/",
    "category": 2,
    "type": 0
  },
  "licenses": {
    "name": "Apache License 1.0",
    "url": "http://www.apache.org/licenses/LICENSE-1.0"
  },
  "info": [
    {
      "id": 100492,
      "filename": "FACEBOOK_104_07.txt",
      "title": "FACEBOOK_104_07",
      "mediatype": "SNS",
      "medianame": "페이스북",
      "category": "일상대화",
      "date": "2021-10-28",
      "size": 447,
      "annotations": {
        "subject": "가족",
        "speaker_type": "1:1",
        "size": 447,
        "word_size": 154,
        "text": "1 : 너네는 사촌끼리 어디 여행 안 감?\n2 : 어 우리는 사촌들이랑 그렇게 살갑진 않아\n1 : 그렇구나\n1 : 우리는 이번에 만나서 놀기로 했어!\n2 : 헐 좋겠다\n2 : 어디로 가기로 했어?\n1 : 내가 지금 서울 살잖아!\n1 : 서울투어 하기로 했어!\n2 : 서울 좋지 볼 것도 많고 ㅠㅠ 재밌겠다\n1 : 맞아\n1 : 지금 롯데월드 갈까 생각 중이야!\n2 : 롯데월드 너무 좋지 근데 사람 많을 수 도 있겠다\n1 : 이제 평일을 노려서 가야지!\n2 : 키키 눈치 성공 꼭 하길 바랭!\n1 : 맞아 키키\n1 : 나 롯데월드 만약에 가면 8년 만에 가는 거라 떨려!\n2 : 와 진짜 오랜만에 가는 거네 완전 설레겠다!\n1 : 어 맞아\n1 : 고등학교 소풍으로 간 게 마지막이었어!\n2 : 그러고 보니까 나도 롯데월드는 안간지 오래된거 같아\n1 : 키키 아 진짜?\n1 : 너는 몇 년 됐어?\n2 : 나도 한 4년 정도 되지 않았나 싶네!",
        "lines": [
          {
            "id": 1,
            "text": "1 : 너네는 사촌끼리 어디 여행 안 감?",
            "norm_text": "너네는 사촌끼리 어디 여행 안 감?",
            "speaker": {
              "id": "1번",
              "sex": "여성",
              "age": "20대"
            },
            "speechAct": "(지시) 질문하기",
            "morpheme": "너/NP+네/XSN+는/JX+사촌/NNG+끼리/XSN+어디/NP+여행/NNG+안감/NNG"
          },
          {
            "id": 2,
            "text": "2 : 어 우리는 사촌들이랑 그렇게 살갑진 않아",
            "norm_text": "어 우리는 사촌들이랑 그렇게 살갑진 않아",
            "speaker": {
              "id": "2번",
              "sex": "여성",
              "age": "20대"
            },
            "speechAct": "(단언) 주장하기",
            "morpheme": "어/IC+우리/NP+는/JX+사촌/NNG+들/XSN+이랑/JKB+그렇게/MAG+살갑/VA+진/EC+JX+않/VX+아/EC"
          },
          {
            "id": 3,
            "text": "1 : 그렇구나",
            "norm_text": "그렇구나",
            "speaker": {
              "id": "1번",
              "sex": "여성",
              "age": "20대"
            },
            "speechAct": "(단언) 주장하기",
            "morpheme": "그렇/VA+구나/EC"
          },
          {
            "id": 4,
            "text": "1 : 우리는 이번에 만나서 놀기로 했어!",
            "norm_text": "우리는 이번에 만나서 놀기로 했어!",
            "speaker": {
              "id": "1번",
              "sex": "여성",
              "age": "20대"
            },
            "speechAct": "(단언) 주장하기",
            "morpheme": "우리/NP+는/JX+이번/NNG+에/JKB+만나/VV+서/EC+놀/VV+기/ETN+로/JKB+했/VV+EP+어/EF"
          },
          {
            "id": 5,
            "text": "2 : 헐 좋겠다",
            "norm_text": "헐 좋겠다",
            "speaker": {
              "id": "2번",
              "sex": "여성",
              "age": "20대"
            },
            "speechAct": "(단언) 주장하기",
            "morpheme": "헐/VV+JKO+좋/VA+겠/EP+다/EC"
          },
          {
            "id": 6,
            "text": "2 : 어디로 가기로 했어?",
            "norm_text": "어디로 가기로 했어?",
            "speaker": {
              "id": "2번",
              "sex": "여성",
              "age": "20대"
            },
            "speechAct": "(지시) 질문하기",
            "morpheme": "어디/NP+로/JKB+가/VV+기/ETN+로/JKB+했/VV+EP+어/EF"
          },
          {
            "id": 7,
            "text": "1 : 내가 지금 서울 살잖아!",
            "norm_text": "내가 지금 서울 살잖아!",
            "speaker": {
              "id": "1번",
              "sex": "여성",
              "age": "20대"
            },
            "speechAct": "(단언) 진술하기",
            "morpheme": "내/NP+가/JKS+지금/MAG+서울/NNP+살/VV+잖아/EF"
          },
          {
            "id": 8,
            "text": "1 : 서울투어 하기로 했어!",
            "norm_text": "서울투어 하기로 했어!",
            "speaker": {
              "id": "1번",
              "sex": "여성",
              "age": "20대"
            },
            "speechAct": "(단언) 주장하기",
            "morpheme": "서울/NNP+투어/NNG+하/XSV+기/ETN+로/JKB+했/VV+EP+어/EF"
          },
          {
            "id": 9,
            "text": "2 : 서울 좋지 볼 것도 많고 ㅠㅠ 재밌겠다",
            "norm_text": "서울 좋지 볼 것도 많고 ㅠㅠ 재밌겠다",
            "speaker": {
              "id": "2번",
              "sex": "여성",
              "age": "20대"
            },
            "speechAct": "(단언) 주장하기",
            "morpheme": "서울/NNP+좋/VA+지/EC+볼/VX+ETM+것/NNB+도/JX+많/VA+고/EC+ㅠㅠ/UNKNOWN+재밌/VA+겠/EP+다/EC"
          },
          {
            "id": 10,
            "text": "1 : 맞아",
            "norm_text": "맞아",
            "speaker": {
              "id": "1번",
              "sex": "여성",
              "age": "20대"
            },
            "speechAct": "(단언) 주장하기",
            "morpheme": "맞/VV+아/EC"
          },
          {
            "id": 11,
            "text": "1 : 지금 롯데월드 갈까 생각 중이야!",
            "norm_text": "지금 롯데월드 갈까 생각 중이야!",
            "speaker": {
              "id": "1번",
              "sex": "여성",
              "age": "20대"
            },
            "speechAct": "(단언) 주장하기",
            "morpheme": "지금/MAG+롯데월드/NNP+갈까/VV+EC+생각/NNG+중/NNB+이/VCP+야/EF"
          },
          {
            "id": 12,
            "text": "2 : 롯데월드 너무 좋지 근데 사람 많을 수 도 있겠다",
            "norm_text": "롯데월드 너무 좋지 근데 사람 많을 수 도 있겠다",
            "speaker": {
              "id": "2번",
              "sex": "여성",
              "age": "20대"
            },
            "speechAct": "(단언) 주장하기",
            "morpheme": "롯데월드/NNP+너무/MAG+좋/VA+지/EF+근데/MAJ+사람/NNG+많/VA+을/ETM+수/NNB+도/JX+있/VA+겠/EP+다/EC"
          },
          {
            "id": 13,
            "text": "1 : 이제 평일을 노려서 가야지!",
            "norm_text": "이제 평일을 노려서 가야지!",
            "speaker": {
              "id": "1번",
              "sex": "여성",
              "age": "20대"
            },
            "speechAct": "(단언) 주장하기",
            "morpheme": "이제/MAG+평일/NNG+을/JKO+노려서/VV+EC+가/VX+야지/EF"
          },
          {
            "id": 14,
            "text": "2 : 키키 눈치 성공 꼭 하길 바랭!",
            "norm_text": "키키 눈치 성공 꼭 하길 바랭!",
            "speaker": {
              "id": "2번",
              "sex": "여성",
              "age": "20대"
            },
            "speechAct": "(단언) 주장하기",
            "morpheme": "키/NNG+키/NNG+눈치/NNG+성공/NNG+꼭/MAG+하/VV+길/ETN+JKO+바랭/NNP"
          },
          {
            "id": 15,
            "text": "1 : 맞아 키키",
            "norm_text": "맞아 키키",
            "speaker": {
              "id": "1번",
              "sex": "여성",
              "age": "20대"
            },
            "speechAct": "(단언) 주장하기",
            "morpheme": "맞/VV+아/EC+키/NNG+키/XSV+ETN"
          },
          {
            "id": 16,
            "text": "1 : 나 롯데월드 만약에 가면 8년 만에 가는 거라 떨려!",
            "norm_text": "나 롯데월드 만약에 가면 8년 만에 가는 거라 떨려!",
            "speaker": {
              "id": "1번",
              "sex": "여성",
              "age": "20대"
            },
            "speechAct": "(단언) 주장하기",
            "morpheme": "나/NP+롯데월드/NNP+만약/NNG+에/JKB+가/VV+면/EC+8/SN+년/NNBC+만/NNB+에/JKB+가/VV+는/ETM+거/NNB+라/VCP+EC+떨려/VV+EF"
          },
          {
            "id": 17,
            "text": "2 : 와 진짜 오랜만에 가는 거네 완전 설레겠다!",
            "norm_text": "와 진짜 오랜만에 가는 거네 완전 설레겠다!",
            "speaker": {
              "id": "2번",
              "sex": "여성",
              "age": "20대"
            },
            "speechAct": "(단언) 주장하기",
            "morpheme": "와/IC+진짜/MAG+오랜만/NNG+에/JKB+가/VV+는/ETM+거/NNB+네/VCP+EF+완전/MAG+설레/VV+겠/EP+다/EF"
          },
          {
            "id": 18,
            "text": "1 : 어 맞아",
            "norm_text": "어 맞아",
            "speaker": {
              "id": "1번",
              "sex": "여성",
              "age": "20대"
            },
            "speechAct": "(단언) 주장하기",
            "morpheme": "어/IC+맞/VV+아/EC"
          },
          {
            "id": 19,
            "text": "1 : 고등학교 소풍으로 간 게 마지막이었어!",
            "norm_text": "고등학교 소풍으로 간 게 마지막이었어!",
            "speaker": {
              "id": "1번",
              "sex": "여성",
              "age": "20대"
            },
            "speechAct": "(단언) 진술하기",
            "morpheme": "고등/NNG+학교/NNG+소풍/NNG+으로/JKB+간/VV+ETM+게/NNB+JKS+마지막/NNG+이/VCP+었/EP+어/EF"
          },
          {
            "id": 20,
            "text": "2 : 그러고 보니까 나도 롯데월드는 안간지 오래된거 같아",
            "norm_text": "그러고 보니까 나도 롯데월드는 안간지 오래된거 같아",
            "speaker": {
              "id": "2번",
              "sex": "여성",
              "age": "20대"
            },
            "speechAct": "(단언) 주장하기",
            "morpheme": "그러/VV+고/EC+보/VX+니까/EC+나/NP+도/JX+롯데월드/NNP+는/JX+안/MAG+간지/VV+EC+오래/MAG+된/VV+ETM+거/NNB+같/VA+아/EC"
          },
          {
            "id": 21,
            "text": "1 : 키키 아 진짜?",
            "norm_text": "키키 아 진짜?",
            "speaker": {
              "id": "1번",
              "sex": "여성",
              "age": "20대"
            },
            "speechAct": "(지시) 질문하기",
            "morpheme": "키/NNG+키/VV+아/EC+진짜/MAG"
          },
          {
            "id": 22,
            "text": "1 : 너는 몇 년 됐어?",
            "norm_text": "너는 몇 년 됐어?",
            "speaker": {
              "id": "1번",
              "sex": "여성",
              "age": "20대"
            },
            "speechAct": "(지시) 질문하기",
            "morpheme": "너/NP+는/JX+몇/MM+년/NNBC+됐/VV+EP+어/EF"
          },
          {
            "id": 23,
            "text": "2 : 나도 한 4년 정도 되지 않았나 싶네!",
            "norm_text": "나도 한 4년 정도 되지 않았나 싶네!",
            "speaker": {
              "id": "2번",
              "sex": "여성",
              "age": "20대"
            },
            "speechAct": "(단언) 주장하기",
            "morpheme": "나/NP+도/JX+한/MM+4/SN+년/NNBC+정도/NNG+되/XSV+지/EC+않/VX+았/EP+나/EC+싶/VX+네/EF"
          }
        ]
      }
    }
  ]
}