{
  "dataset": {
    "identifier": 125285,
    "name": "FACEBOOK_125_02_set",
    "src_path": "/data/file/cubeManager/PROJECT001/84/txt20211105160906097831/FACEBOOK_125_02_set/",
    "label_path": "/data/file/cubeManager/PROJECT001/84/txt20211105160906097831/FACEBOOK_125_02_set/",
    "category": 2,
    "type": 0
  },
  "licenses": {
    "name": "Apache License 1.0",
    "url": "http://www.apache.org/licenses/LICENSE-1.0"
  },
  "info": [
    {
      "id": 140159,
      "filename": "FACEBOOK_125_02.txt",
      "title": "FACEBOOK_125_02",
      "mediatype": "SNS",
      "medianame": "페이스북",
      "category": "일상대화",
      "date": "2021-11-05",
      "size": 422,
      "annotations": {
        "subject": "주거와 생활",
        "speaker_type": "1:1",
        "size": 422,
        "word_size": 138,
        "text": "1 : 우리 집 엘리베이터 없는 게 너무 불편해 ㅠㅠ\n2 : 아 진짜 엘리베이터 없음 어떻게\n1 : 그니까... 요즘 발 다치고 나니 느껴지네\n2 : 몇 층이야 집이?\n2 : 걸어다닐라면 힘들겠다\n1 : 우리집 4층인데 요즘 힘들어 키키\n2 : 아 진짜 힘들긴 하겠다 키키 올라가기\n1 : 오빠 집에는 엘리베이터 있어?\n2 : 나는 삼 층만 올라가도 헥헥 거리는데 키키\n1 : 에이 완전 저질 체력이네!\n1 : 걸어 다니자 키키\n2 : 아니 엘리베이터 없지 우리 집에도 키키\n2 : 걸어 다녀 나도\n1 : 3층 정도면 당연히 걸어 다녀야지!\n2 : 나 진짜 힘들어... 체력 저질이야\n1 : 그런 거 같아 나도 요즘 계단 힘들어\n2 : 아 그래도 나는 엘리베이터 있는 집으로 이사 가고 싶어\n1 : 그것도 맞아 근데 이사하기 부담스럽다 ㅠㅠ\n2 : 아직 계약 끝날라면 멀었어 나는 ...",
        "lines": [
          {
            "id": 1,
            "text": "1 : 우리 집 엘리베이터 없는 게 너무 불편해 ㅠㅠ",
            "norm_text": "우리 집 엘리베이터 없는 게 너무 불편해 ㅠㅠ",
            "speaker": {
              "id": "1번",
              "sex": "여성",
              "age": "20대"
            },
            "speechAct": "(단언) 주장하기",
            "morpheme": "우리/NP+집/NNG+엘리베이터/NNG+없/VA+는/ETM+게/NNB+JKS+너무/MAG+불편/NNG+해/XSV+EC+ㅠㅠ/UNKNOWN"
          },
          {
            "id": 2,
            "text": "2 : 아 진짜 엘리베이터 없음 어떻게",
            "norm_text": "아 진짜 엘리베이터 없음 어떻게",
            "speaker": {
              "id": "2번",
              "sex": "남성",
              "age": "20대"
            },
            "speechAct": "(단언) 주장하기",
            "morpheme": "아/IC+진짜/MAG+엘리베이터/NNG+없/VA+음/ETN+어떻/VA+게/EC"
          },
          {
            "id": 3,
            "text": "1 : 그니까... 요즘 발 다치고 나니 느껴지네",
            "norm_text": "그니까... 요즘 발 다치고 나니 느껴지네",
            "speaker": {
              "id": "1번",
              "sex": "여성",
              "age": "20대"
            },
            "speechAct": "(단언) 주장하기",
            "morpheme": "그니까/MAJ+./SY+요즘발다치고나니느껴지네/UNKNOWN"
          },
          {
            "id": 4,
            "text": "2 : 몇 층이야 집이?",
            "norm_text": "몇 층이야 집이?",
            "speaker": {
              "id": "2번",
              "sex": "남성",
              "age": "20대"
            },
            "speechAct": "(지시) 질문하기",
            "morpheme": "몇/MM+층/NNG+이/JKS+야집/NNG+이/JKS"
          },
          {
            "id": 5,
            "text": "2 : 걸어다닐라면 힘들겠다",
            "norm_text": "걸어다닐라면 힘들겠다",
            "speaker": {
              "id": "2번",
              "sex": "남성",
              "age": "20대"
            },
            "speechAct": "(단언) 주장하기",
            "morpheme": "걸/VV+어/EC+다닐/VV+ETM+라면/NNG+힘들/VA+겠/EP+다/EC"
          },
          {
            "id": 6,
            "text": "1 : 우리집 4층인데 요즘 힘들어 키키",
            "norm_text": "우리집 4층인데 요즘 힘들어 키키",
            "speaker": {
              "id": "1번",
              "sex": "여성",
              "age": "20대"
            },
            "speechAct": "(단언) 주장하기",
            "morpheme": "우리/NP+집/NNG+4/SN+층/NNG+인데/VCP+EC+요즘/MAG+힘들/VA+어/EC+키/NNG+키/XSV+ETN"
          },
          {
            "id": 7,
            "text": "2 : 아 진짜 힘들긴 하겠다 키키 올라가기",
            "norm_text": "아 진짜 힘들긴 하겠다 키키 올라가기",
            "speaker": {
              "id": "2번",
              "sex": "남성",
              "age": "20대"
            },
            "speechAct": "(단언) 주장하기",
            "morpheme": "아/IC+진짜/MAG+힘들/VA+긴/ETN+JX+하/VX+겠/EP+다키키/NNP+올라가/VV+기/ETN"
          },
          {
            "id": 8,
            "text": "1 : 오빠 집에는 엘리베이터 있어?",
            "norm_text": "오빠 집에는 엘리베이터 있어?",
            "speaker": {
              "id": "1번",
              "sex": "여성",
              "age": "20대"
            },
            "speechAct": "(지시) 질문하기",
            "morpheme": "오빠/NNG+집/NNG+에/JKB+는/JX+엘리베이터/NNG+있/VA+어/EF"
          },
          {
            "id": 9,
            "text": "2 : 나는 삼 층만 올라가도 헥헥 거리는데 키키",
            "norm_text": "나는 삼 층만 올라가도 헥헥 거리는데 키키",
            "speaker": {
              "id": "2번",
              "sex": "남성",
              "age": "20대"
            },
            "speechAct": "(단언) 주장하기",
            "morpheme": "나/NP+는/JX+삼/NR+층/NNG+만/JX+올라가/VV+도/EC+헥헥거리/VV+는데/EC+키/NNG+키/XSV+ETN"
          },
          {
            "id": 10,
            "text": "1 : 에이 완전 저질 체력이네!",
            "norm_text": "에이 완전 저질 체력이네!",
            "speaker": {
              "id": "1번",
              "sex": "여성",
              "age": "20대"
            },
            "speechAct": "(단언) 주장하기",
            "morpheme": "에이/NNG+완전/NNG+저질/NNG+체력/NNG+이/VCP+네/EF"
          },
          {
            "id": 11,
            "text": "1 : 걸어 다니자 키키",
            "norm_text": "걸어 다니자 키키",
            "speaker": {
              "id": "1번",
              "sex": "여성",
              "age": "20대"
            },
            "speechAct": "(단언) 주장하기",
            "morpheme": "걸/VV+어/EC+다니자키/NNP+키/NNG"
          },
          {
            "id": 12,
            "text": "2 : 아니 엘리베이터 없지 우리 집에도 키키",
            "norm_text": "아니 엘리베이터 없지 우리 집에도 키키",
            "speaker": {
              "id": "2번",
              "sex": "남성",
              "age": "20대"
            },
            "speechAct": "(단언) 주장하기",
            "morpheme": "아니/IC+엘리베이터/NNG+없/VA+지/EF+우리/NP+집/NNG+에/JKB+도/JX+키/NNG+키/XSV+ETN"
          },
          {
            "id": 13,
            "text": "2 : 걸어 다녀 나도",
            "norm_text": "걸어 다녀 나도",
            "speaker": {
              "id": "2번",
              "sex": "남성",
              "age": "20대"
            },
            "speechAct": "(단언) 주장하기",
            "morpheme": "걸/VV+어/EC+다녀/VV+EF+나/NP+도/JX"
          },
          {
            "id": 14,
            "text": "1 : 3층 정도면 당연히 걸어 다녀야지!",
            "norm_text": "3층 정도면 당연히 걸어 다녀야지!",
            "speaker": {
              "id": "1번",
              "sex": "여성",
              "age": "20대"
            },
            "speechAct": "(단언) 주장하기",
            "morpheme": "3/SN+층/NNG+정도/NNG+면/VCP+EC+당연히/MAG+걸/VV+어/EC+다녀야지/VV+EF"
          },
          {
            "id": 15,
            "text": "2 : 나 진짜 힘들어... 체력 저질이야",
            "norm_text": "나 진짜 힘들어... 체력 저질이야",
            "speaker": {
              "id": "2번",
              "sex": "남성",
              "age": "20대"
            },
            "speechAct": "(단언) 주장하기",
            "morpheme": "나/NP+진짜/MAG+힘들/VA+어/EF+./SY+체력/NNG+저질/NNG+이/VCP+야/EC"
          },
          {
            "id": 16,
            "text": "1 : 그런 거 같아 나도 요즘 계단 힘들어",
            "norm_text": "그런 거 같아 나도 요즘 계단 힘들어",
            "speaker": {
              "id": "1번",
              "sex": "여성",
              "age": "20대"
            },
            "speechAct": "(단언) 주장하기",
            "morpheme": "그런/MM+거/NNB+같/VA+아/EC+나/NP+도/JX+요즘/NNG+계단/NNG+힘들/VA+어/EC"
          },
          {
            "id": 17,
            "text": "2 : 아 그래도 나는 엘리베이터 있는 집으로 이사 가고 싶어",
            "norm_text": "아 그래도 나는 엘리베이터 있는 집으로 이사 가고 싶어",
            "speaker": {
              "id": "2번",
              "sex": "남성",
              "age": "20대"
            },
            "speechAct": "(단언) 주장하기",
            "morpheme": "아/IC+그래도/MAJ+나/NP+는/JX+엘리베이터/NNG+있/VA+는/ETM+집/NNG+으로/JKB+이사/NNG+가/VV+고/EC+싶/VX+어/EC"
          },
          {
            "id": 18,
            "text": "1 : 그것도 맞아 근데 이사하기 부담스럽다 ㅠㅠ",
            "norm_text": "그것도 맞아 근데 이사하기 부담스럽다 ㅠㅠ",
            "speaker": {
              "id": "1번",
              "sex": "여성",
              "age": "20대"
            },
            "speechAct": "(단언) 주장하기",
            "morpheme": "그것/NP+도/JX+맞/VV+아/EC+근데/MAJ+이사/NNG+하/XSV+기/ETN+부담/NNG+스럽/XSA+다/EF+ㅠㅠ/UNKNOWN"
          },
          {
            "id": 19,
            "text": "2 : 아직 계약 끝날라면 멀었어 나는 ...",
            "norm_text": "아직 계약 끝날라면 멀었어 나는 ...",
            "speaker": {
              "id": "2번",
              "sex": "남성",
              "age": "20대"
            },
            "speechAct": "(단언) 주장하기",
            "morpheme": "아직/MAG+계약/NNG+끝/NNG+날/NNG+라면/VCP+EC+멀/VA+었/EP+어/EF+나/NP+는/JX+./SY"
          }
        ]
      }
    }
  ]
}