{
  "dataset": {
    "identifier": 104545,
    "name": "FACEBOOK_109_14_set",
    "src_path": "/data/file/cubeManager/PROJECT001/77/txt202110291608050652102/FACEBOOK_109_14_set/",
    "label_path": "/data/file/cubeManager/PROJECT001/77/txt202110291608050652102/FACEBOOK_109_14_set/",
    "category": 2,
    "type": 0
  },
  "licenses": {
    "name": "Apache License 1.0",
    "url": "http://www.apache.org/licenses/LICENSE-1.0"
  },
  "info": [
    {
      "id": 111322,
      "filename": "FACEBOOK_109_14.txt",
      "title": "FACEBOOK_109_14",
      "mediatype": "SNS",
      "medianame": "페이스북",
      "category": "일상대화",
      "date": "2021-10-29",
      "size": 417,
      "annotations": {
        "subject": "사회이슈",
        "speaker_type": "1:1",
        "size": 417,
        "word_size": 130,
        "text": "1 : 헐 이번에 어떤 생수병에 든 물을 마시고 한 명이 죽었대!\n2 : 헐! 그런 기사는 어디서 떠?\n1 : 이거 네이버 뉴스라고 알아?\n2 : 와 근데 진짜 충격이다...\n1 : 그니까 이거 회사에 있던 생수 마신 거래!\n2 : 그 회사에서 책임져줘야 하는거 아니야?\n1 : 근데 아직 원인을 몰라서 부검한대!\n2 : 헐ㅠㅠ 유가족들 진짜 억울하겠어\n1 : 그니까, 직원 남자 1명 여자 1명이 마셨는데 남자가 죽었대 ㅜ\n2 : 와... 세상 너무 무섭다\n1 : 그니까, 아침에 둘 다 결근해서 소식 물어봤더니 다들 병원에 있다고 하더래!\n2 : 너도 항상 밖에서 조심해야 돼ㅠㅠ\n1 : 맞아\n1 : 지금 여자는 아직도 혼수상태래!\n2 : 얘기 들으니까 진짜 마음이 아프다ㅠㅠ\n1 : 그러니까, 그 생수병 안에 뭐가 들은 걸까?\n2 : 음 아무래도 독극물일 거 같은데ㅠㅠ",
        "lines": [
          {
            "id": 1,
            "text": "1 : 헐 이번에 어떤 생수병에 든 물을 마시고 한 명이 죽었대!",
            "norm_text": "헐 이번에 어떤 생수병에 든 물을 마시고 한 명이 죽었대!",
            "speaker": {
              "id": "1번",
              "sex": "여성",
              "age": "20대"
            },
            "speechAct": "(단언) 진술하기",
            "morpheme": "헐/IC+이번/NNG+에/JKB+어떤/MM+생수병/NNG+에/JKB+든물/NNG+을/JKO+마시/VV+고/EC+한/MM+명/NNBC+이/JKS+죽/VV+었/EP+대/EF"
          },
          {
            "id": 2,
            "text": "2 : 헐! 그런 기사는 어디서 떠?",
            "norm_text": "헐! 그런 기사는 어디서 떠?",
            "speaker": {
              "id": "2번",
              "sex": "여성",
              "age": "20대"
            },
            "speechAct": "(지시) 질문하기",
            "morpheme": "헐/IC+그런/MM+기사/NNG+는/JX+어디/NP+서/JKB+떠/VV+EF"
          },
          {
            "id": 3,
            "text": "1 : 이거 네이버 뉴스라고 알아?",
            "norm_text": "이거 네이버 뉴스라고 알아?",
            "speaker": {
              "id": "1번",
              "sex": "여성",
              "age": "20대"
            },
            "speechAct": "(지시) 질문하기",
            "morpheme": "이거/NP+네이버/NNP+뉴스/NNG+라고/VCP+EC+알/VV+아/EF"
          },
          {
            "id": 4,
            "text": "2 : 와 근데 진짜 충격이다...",
            "norm_text": "와 근데 진짜 충격이다...",
            "speaker": {
              "id": "2번",
              "sex": "여성",
              "age": "20대"
            },
            "speechAct": "(단언) 주장하기",
            "morpheme": "와/IC+근데/MAJ+진짜/MAG+충격/NNG+이/VCP+다/EF+./SY"
          },
          {
            "id": 5,
            "text": "1 : 그니까 이거 회사에 있던 생수 마신 거래!",
            "norm_text": "그니까 이거 회사에 있던 생수 마신 거래!",
            "speaker": {
              "id": "1번",
              "sex": "여성",
              "age": "20대"
            },
            "speechAct": "(단언) 진술하기",
            "morpheme": "그니까/MAJ+이거/NP+회사/NNG+에/JKB+있/VV+던/ETM+생수/NNG+마신/VV+ETM+거/NNB+래/VCP+EF"
          },
          {
            "id": 6,
            "text": "2 : 그 회사에서 책임져줘야 하는거 아니야?",
            "norm_text": "그 회사에서 책임져줘야 하는거 아니야?",
            "speaker": {
              "id": "2번",
              "sex": "여성",
              "age": "20대"
            },
            "speechAct": "(지시) 질문하기",
            "morpheme": "그/MM+회사/NNG+에서/JKB+책임져/VV+EC+줘야/VX+EC+하/VV+는/ETM+거/NNB+아니/VCN+야/EF"
          },
          {
            "id": 7,
            "text": "1 : 근데 아직 원인을 몰라서 부검한대!",
            "norm_text": "근데 아직 원인을 몰라서 부검한대!",
            "speaker": {
              "id": "1번",
              "sex": "여성",
              "age": "20대"
            },
            "speechAct": "(단언) 진술하기",
            "morpheme": "근데/MAJ+아직/MAG+원인/NNG+을/JKO+몰라서/VV+EC+부검/NNG+한대/XSV+EF"
          },
          {
            "id": 8,
            "text": "2 : 헐ㅠㅠ 유가족들 진짜 억울하겠어",
            "norm_text": "헐ㅠㅠ 유가족들 진짜 억울하겠어",
            "speaker": {
              "id": "2번",
              "sex": "여성",
              "age": "20대"
            },
            "speechAct": "(단언) 주장하기",
            "morpheme": "헐/VV+JKO+ㅠㅠ/UNKNOWN+유가족/NNG+들/XSN+진짜/MAG+억울/XR+하/XSA+겠/EP+어/EC"
          },
          {
            "id": 9,
            "text": "1 : 그니까, 직원 남자 1명 여자 1명이 마셨는데 남자가 죽었대 ㅜ",
            "norm_text": "그니까, 직원 남자 1명 여자 1명이 마셨는데 남자가 죽었대 ㅜ",
            "speaker": {
              "id": "1번",
              "sex": "여성",
              "age": "20대"
            },
            "speechAct": "(단언) 진술하기",
            "morpheme": "그니까/MAJ+,/SC+직원/NNG+남자/NNG+1/SN+명/NNBC+여자/NNG+1/SN+명/NNBC+이/JKS+마셨/VV+EP+는데/EC+남자/NNG+가/JKS+죽/VV+었/EP+대ㅜ/UNKNOWN"
          },
          {
            "id": 10,
            "text": "2 : 와... 세상 너무 무섭다",
            "norm_text": "와... 세상 너무 무섭다",
            "speaker": {
              "id": "2번",
              "sex": "여성",
              "age": "20대"
            },
            "speechAct": "(단언) 주장하기",
            "morpheme": "와/IC+./SY+세상/NNG+너무/MAG+무섭/VA+다/EC"
          },
          {
            "id": 11,
            "text": "1 : 그니까, 아침에 둘 다 결근해서 소식 물어봤더니 다들 병원에 있다고 하더래!",
            "norm_text": "그니까, 아침에 둘 다 결근해서 소식 물어봤더니 다들 병원에 있다고 하더래!",
            "speaker": {
              "id": "1번",
              "sex": "여성",
              "age": "20대"
            },
            "speechAct": "(단언) 진술하기",
            "morpheme": "그니까/MAJ+,/SC+아침/NNG+에/JKB+둘/NR+다/MAG+결근/NNG+해서/XSV+EC+소식/NNG+물/VV+어/EC+봤/VX+EP+더니/EC+다/MAG+들/XSN+병원/NNG+에/JKB+있/VV+다고/EC+하/VX+더래/EF"
          },
          {
            "id": 12,
            "text": "2 : 너도 항상 밖에서 조심해야 돼ㅠㅠ",
            "norm_text": "너도 항상 밖에서 조심해야 돼ㅠㅠ",
            "speaker": {
              "id": "2번",
              "sex": "여성",
              "age": "20대"
            },
            "speechAct": "(단언) 주장하기",
            "morpheme": "너/NP+도/JX+항상/MAG+밖/NNG+에서/JKB+조심/NNG+해야/XSV+EC+돼/VV+EF+ㅠㅠ/UNKNOWN"
          },
          {
            "id": 13,
            "text": "1 : 맞아",
            "norm_text": "맞아",
            "speaker": {
              "id": "1번",
              "sex": "여성",
              "age": "20대"
            },
            "speechAct": "(단언) 주장하기",
            "morpheme": "맞/VV+아/EC"
          },
          {
            "id": 14,
            "text": "1 : 지금 여자는 아직도 혼수상태래!",
            "norm_text": "지금 여자는 아직도 혼수상태래!",
            "speaker": {
              "id": "1번",
              "sex": "여성",
              "age": "20대"
            },
            "speechAct": "(단언) 진술하기",
            "morpheme": "지금/MAG+여자/NNG+는/JX+아직/MAG+도/JX+혼수/NNG+상태/NNG+래/VCP+EF"
          },
          {
            "id": 15,
            "text": "2 : 얘기 들으니까 진짜 마음이 아프다ㅠㅠ",
            "norm_text": "얘기 들으니까 진짜 마음이 아프다ㅠㅠ",
            "speaker": {
              "id": "2번",
              "sex": "여성",
              "age": "20대"
            },
            "speechAct": "(단언) 주장하기",
            "morpheme": "얘기/NNG+들으니까/VV+EC+진짜/MAG+마음/NNG+이/JKS+아프/VA+다/EF+ㅠㅠ/UNKNOWN"
          },
          {
            "id": 16,
            "text": "1 : 그러니까, 그 생수병 안에 뭐가 들은 걸까?",
            "norm_text": "그러니까, 그 생수병 안에 뭐가 들은 걸까?",
            "speaker": {
              "id": "1번",
              "sex": "여성",
              "age": "20대"
            },
            "speechAct": "(지시) 질문하기",
            "morpheme": "그러니까/MAJ+,/SC+그/MM+생수병/NNG+안/NNG+에/JKB+뭐/NP+가/JKS+들/VV+은/ETM+걸까/NNB+VCP+EF"
          },
          {
            "id": 17,
            "text": "2 : 음 아무래도 독극물일 거 같은데ㅠㅠ",
            "norm_text": "음 아무래도 독극물일 거 같은데ㅠㅠ",
            "speaker": {
              "id": "2번",
              "sex": "여성",
              "age": "20대"
            },
            "speechAct": "(단언) 주장하기",
            "morpheme": "음/IC+아무래도/MAG+독극물/NNG+일/VCP+ETM+거/NNB+같/VA+은데/EC+ㅠㅠ/UNKNOWN"
          }
        ]
      }
    }
  ]
}