{
  "dataset": {
    "identifier": 118462,
    "name": "FACEBOOK_120_12_set",
    "src_path": "/data/file/cubeManager/PROJECT001/80/txt20211102113528093480/FACEBOOK_120_12_set/",
    "label_path": "/data/file/cubeManager/PROJECT001/80/txt20211102113528093480/FACEBOOK_120_12_set/",
    "category": 2,
    "type": 0
  },
  "licenses": {
    "name": "Apache License 1.0",
    "url": "http://www.apache.org/licenses/LICENSE-1.0"
  },
  "info": [
    {
      "id": 129895,
      "filename": "FACEBOOK_120_12.txt",
      "title": "FACEBOOK_120_12",
      "mediatype": "SNS",
      "medianame": "페이스북",
      "category": "일상대화",
      "date": "2021-11-02",
      "size": 463,
      "annotations": {
        "subject": "여행",
        "speaker_type": "1:1",
        "size": 463,
        "word_size": 161,
        "text": "1 : 요즘에 핑크뮬리가 진짜 예쁘게 피더라?\n2 : 맞아\n2 : 제주도 가서 보고 왔지 난 키키\n1 : 아 진짜?\n1 : 제주도에도 핑크뮬리가 있어?\n2 : 원래 핑크뮬리 첫 시작이 제주도 아니였어?\n1 : 아 진짜?\n1 : 나는 고창에 핑크뮬리 맛집이 있다고 그래서!\n2 : 아아 나는 국내 생긴 거 이번에 알았어 키키\n1 : 키키 아 진짜?\n1 :  나는 당진 가서 보고 왔지~\n2 : 당진도 이쁘게 잘 해 둔 곳 많더라 키키\n1 : 맞아\n1 : 근데 내가 갔을 때는 핑크뮬리 말고 볼 게 없었어!\n2 : 그 학교?\n2 : 미술관?\n2 : 그런 거 해 놓지 않아?\n1 : 아 어디인지 알아!\n1 : 거기 말고 다른 곳으로 갔어!\n2 : 그래도 당진도 바다가 보였었나?\n1 : 아니\n1 : 당진은 바다 안 보일걸?\n2 : 왜 나는 바닷가가 보인다고 생각하고 있었지... 흠\n1 : 아니야 키키\n1 : 거기 논산보다 밑에 지방이야!\n2 : 밑에 지방 군산은 바다 있다고!",
        "lines": [
          {
            "id": 1,
            "text": "1 : 요즘에 핑크뮬리가 진짜 예쁘게 피더라?",
            "norm_text": "요즘에 핑크뮬리가 진짜 예쁘게 피더라?",
            "speaker": {
              "id": "1번",
              "sex": "여성",
              "age": "20대"
            },
            "speechAct": "(지시) 질문하기",
            "morpheme": "요즘/NNG+에/JKB+핑크/NNG+뮬/NNG+리/NNB+가/JKS+진짜/MAG+예쁘/VA+게/EC+피/VV+더라/EF"
          },
          {
            "id": 2,
            "text": "2 : 맞아",
            "norm_text": "맞아",
            "speaker": {
              "id": "2번",
              "sex": "여성",
              "age": "20대"
            },
            "speechAct": "(단언) 주장하기",
            "morpheme": "맞/VV+아/EC"
          },
          {
            "id": 3,
            "text": "2 : 제주도 가서 보고 왔지 난 키키",
            "norm_text": "제주도 가서 보고 왔지 난 키키",
            "speaker": {
              "id": "2번",
              "sex": "여성",
              "age": "20대"
            },
            "speechAct": "(단언) 진술하기",
            "morpheme": "제주/NNP+도/JX+가/VV+서/EC+보/VX+고/EC+왔/VX+EP+지난/VV+ETM+키/NNG+키/XSV+ETN"
          },
          {
            "id": 4,
            "text": "1 : 아 진짜?",
            "norm_text": "아 진짜?",
            "speaker": {
              "id": "1번",
              "sex": "여성",
              "age": "20대"
            },
            "speechAct": "(지시) 질문하기",
            "morpheme": "아/IC+진짜/MAG"
          },
          {
            "id": 5,
            "text": "1 : 제주도에도 핑크뮬리가 있어?",
            "norm_text": "제주도에도 핑크뮬리가 있어?",
            "speaker": {
              "id": "1번",
              "sex": "여성",
              "age": "20대"
            },
            "speechAct": "(지시) 질문하기",
            "morpheme": "제주도/NNP+에/JKB+도/JX+핑크/NNG+뮬/NNG+리/NNB+가/JKS+있/VA+어/EF"
          },
          {
            "id": 6,
            "text": "2 : 원래 핑크뮬리 첫 시작이 제주도 아니였어?",
            "norm_text": "원래 핑크뮬리 첫 시작이 제주도 아니였어?",
            "speaker": {
              "id": "2번",
              "sex": "여성",
              "age": "20대"
            },
            "speechAct": "(지시) 질문하기",
            "morpheme": "원래/MAG+핑크/NNG+뮬/NNG+리/VCP+EC+첫/MM+시작/NNG+이/JKS+제주/NNP+도/JX+아니/VCN+였/EP+어/EF"
          },
          {
            "id": 7,
            "text": "1 : 아 진짜?",
            "norm_text": "아 진짜?",
            "speaker": {
              "id": "1번",
              "sex": "여성",
              "age": "20대"
            },
            "speechAct": "(지시) 질문하기",
            "morpheme": "아/IC+진짜/MAG"
          },
          {
            "id": 8,
            "text": "1 : 나는 고창에 핑크뮬리 맛집이 있다고 그래서!",
            "norm_text": "나는 고창에 핑크뮬리 맛집이 있다고 그래서!",
            "speaker": {
              "id": "1번",
              "sex": "여성",
              "age": "20대"
            },
            "speechAct": "(단언) 진술하기",
            "morpheme": "나/NP+는/JX+고창/NNG+에/JKB+핑크/NNG+뮬/NNG+리/NNG+맛집/NNG+이/JKS+있/VV+다고/EC+그래서/MAJ"
          },
          {
            "id": 9,
            "text": "2 : 아아 나는 국내 생긴 거 이번에 알았어 키키",
            "norm_text": "아아 나는 국내 생긴 거 이번에 알았어 키키",
            "speaker": {
              "id": "2번",
              "sex": "여성",
              "age": "20대"
            },
            "speechAct": "(단언) 진술하기",
            "morpheme": "아아나/NNP+는/JX+국내/NNG+생긴/VV+ETM+거/NNB+이번/NNG+에/JKB+알/VV+았/EP+어/EC+키/NNG+키/XSV+ETN"
          },
          {
            "id": 10,
            "text": "1 : 키키 아 진짜?",
            "norm_text": "키키 아 진짜?",
            "speaker": {
              "id": "1번",
              "sex": "여성",
              "age": "20대"
            },
            "speechAct": "(지시) 질문하기",
            "morpheme": "키/NNG+키/VV+아/EC+진짜/MAG"
          },
          {
            "id": 11,
            "text": "1 :  나는 당진 가서 보고 왔지~",
            "norm_text": "나는 당진 가서 보고 왔지~",
            "speaker": {
              "id": "1번",
              "sex": "여성",
              "age": "20대"
            },
            "speechAct": "(단언) 진술하기",
            "morpheme": "나/NP+는/JX+당진/NNP+가/VV+서/EC+보/VX+고/EC+왔/VX+EP+지/EC+~/SY"
          },
          {
            "id": 12,
            "text": "2 : 당진도 이쁘게 잘 해 둔 곳 많더라 키키",
            "norm_text": "당진도 이쁘게 잘 해 둔 곳 많더라 키키",
            "speaker": {
              "id": "2번",
              "sex": "여성",
              "age": "20대"
            },
            "speechAct": "(단언) 진술하기",
            "morpheme": "당진/NNP+도/JX+이쁘/VA+게/EC+잘/MAG+해/VV+EC+둔/VX+ETM+곳/NNB+많/VA+더라/EC+키/NNG+키/XSV+ETN"
          },
          {
            "id": 13,
            "text": "1 : 맞아",
            "norm_text": "맞아",
            "speaker": {
              "id": "1번",
              "sex": "여성",
              "age": "20대"
            },
            "speechAct": "(단언) 주장하기",
            "morpheme": "맞/VV+아/EC"
          },
          {
            "id": 14,
            "text": "1 : 근데 내가 갔을 때는 핑크뮬리 말고 볼 게 없었어!",
            "norm_text": "근데 내가 갔을 때는 핑크뮬리 말고 볼 게 없었어!",
            "speaker": {
              "id": "1번",
              "sex": "여성",
              "age": "20대"
            },
            "speechAct": "(단언) 주장하기",
            "morpheme": "근데/MAJ+내/NP+가/JKS+갔/VV+EP+을/ETM+때/NNG+는/JX+핑크/NNG+뮬/NNG+리/VCP+EC+말/VX+고/EC+볼/VX+ETM+게/NNB+JKS+없/VA+었/EP+어/EF"
          },
          {
            "id": 15,
            "text": "2 : 그 학교?",
            "norm_text": "그 학교?",
            "speaker": {
              "id": "2번",
              "sex": "여성",
              "age": "20대"
            },
            "speechAct": "(지시) 질문하기",
            "morpheme": "그/MM+학교/NNG"
          },
          {
            "id": 16,
            "text": "2 : 미술관?",
            "norm_text": "미술관?",
            "speaker": {
              "id": "2번",
              "sex": "여성",
              "age": "20대"
            },
            "speechAct": "(지시) 질문하기",
            "morpheme": "미술관/NNG"
          },
          {
            "id": 17,
            "text": "2 : 그런 거 해 놓지 않아?",
            "norm_text": "그런 거 해 놓지 않아?",
            "speaker": {
              "id": "2번",
              "sex": "여성",
              "age": "20대"
            },
            "speechAct": "(지시) 질문하기",
            "morpheme": "그런/MM+거/NNB+해/VV+EC+놓/VX+지/EC+않/VX+아/EF"
          },
          {
            "id": 18,
            "text": "1 : 아 어디인지 알아!",
            "norm_text": "아 어디인지 알아!",
            "speaker": {
              "id": "1번",
              "sex": "여성",
              "age": "20대"
            },
            "speechAct": "(단언) 주장하기",
            "morpheme": "아/IC+어디/NP+인지/VCP+EC+알/VV+아/EF"
          },
          {
            "id": 19,
            "text": "1 : 거기 말고 다른 곳으로 갔어!",
            "norm_text": "거기 말고 다른 곳으로 갔어!",
            "speaker": {
              "id": "1번",
              "sex": "여성",
              "age": "20대"
            },
            "speechAct": "(단언) 진술하기",
            "morpheme": "거기/NP+말/VV+고/EC+다른/MM+곳/NNG+으로/JKB+갔/VV+EP+어/EF"
          },
          {
            "id": 20,
            "text": "2 : 그래도 당진도 바다가 보였었나?",
            "norm_text": "그래도 당진도 바다가 보였었나?",
            "speaker": {
              "id": "2번",
              "sex": "여성",
              "age": "20대"
            },
            "speechAct": "(지시) 질문하기",
            "morpheme": "그래도/MAJ+당진/NNP+도/JX+바다/NNG+가/JKS+보였었/VV+EP+나/EF"
          },
          {
            "id": 21,
            "text": "1 : 아니",
            "norm_text": "아니",
            "speaker": {
              "id": "1번",
              "sex": "여성",
              "age": "20대"
            },
            "speechAct": "(단언) 반박하기",
            "morpheme": "아니/IC"
          },
          {
            "id": 22,
            "text": "1 : 당진은 바다 안 보일걸?",
            "norm_text": "당진은 바다 안 보일걸?",
            "speaker": {
              "id": "1번",
              "sex": "여성",
              "age": "20대"
            },
            "speechAct": "(지시) 질문하기",
            "morpheme": "당진/NNP+은/JX+바다/NNG+안/MAG+보일/VV+ETM+걸/NNB+JKO"
          },
          {
            "id": 23,
            "text": "2 : 왜 나는 바닷가가 보인다고 생각하고 있었지... 흠",
            "norm_text": "왜 나는 바닷가가 보인다고 생각하고 있었지... 흠",
            "speaker": {
              "id": "2번",
              "sex": "여성",
              "age": "20대"
            },
            "speechAct": "(단언) 주장하기",
            "morpheme": "왜/MAG+나/NP+는/JX+바닷가/NNG+가/JKS+보인다고/VV+EC+생각/NNG+하/XSV+고/EC+있/VX+었/EP+지/EF+./SY+흠/NNG"
          },
          {
            "id": 24,
            "text": "1 : 아니야 키키",
            "norm_text": "아니야 키키",
            "speaker": {
              "id": "1번",
              "sex": "여성",
              "age": "20대"
            },
            "speechAct": "(단언) 반박하기",
            "morpheme": "아니야/IC+키/NNG+키/XSV+ETN"
          },
          {
            "id": 25,
            "text": "1 : 거기 논산보다 밑에 지방이야!",
            "norm_text": "거기 논산보다 밑에 지방이야!",
            "speaker": {
              "id": "1번",
              "sex": "여성",
              "age": "20대"
            },
            "speechAct": "(단언) 진술하기",
            "morpheme": "거기/NP+논산/NNP+보다/JKB+밑/NNG+에/JKB+지방/NNG+이/VCP+야/EF"
          },
          {
            "id": 26,
            "text": "2 : 밑에 지방 군산은 바다 있다고!",
            "norm_text": "밑에 지방 군산은 바다 있다고!",
            "speaker": {
              "id": "2번",
              "sex": "여성",
              "age": "20대"
            },
            "speechAct": "(단언) 진술하기",
            "morpheme": "밑/NNG+에/JKB+지방/NNG+군산/NNG+은/JX+바다/NNG+있/VA+다고/EF"
          }
        ]
      }
    }
  ]
}