{
  "dataset": {
    "identifier": 124827,
    "name": "FACEBOOK_123_11_set",
    "src_path": "/data/file/cubeManager/PROJECT001/84/txt20211105092819065160/FACEBOOK_123_11_set/",
    "label_path": "/data/file/cubeManager/PROJECT001/84/txt20211105092819065160/FACEBOOK_123_11_set/",
    "category": 2,
    "type": 0
  },
  "licenses": {
    "name": "Apache License 1.0",
    "url": "http://www.apache.org/licenses/LICENSE-1.0"
  },
  "info": [
    {
      "id": 138080,
      "filename": "FACEBOOK_123_11.txt",
      "title": "FACEBOOK_123_11",
      "mediatype": "SNS",
      "medianame": "페이스북",
      "category": "일상대화",
      "date": "2021-11-05",
      "size": 387,
      "annotations": {
        "subject": "게임",
        "speaker_type": "1:1",
        "size": 387,
        "word_size": 144,
        "text": "1 : 나랑 내기 한판 할래?\n1 : 묵찌빠라는 게임이야\n2 : 나  게임 잘 못해 키키 왜 그래\n1 : 주먹 가위 보자기로 사용 하는 게임이지\n2 : 묵찌빠 진짜 못해 나 키키 아 진짜\n1 : 그럼 딱지 치기 게임은 잘해? 하하\n2 : 나 이길 수 있겠어?\n2 : 한번 해봐? 키키\n1 : 당연하지 내가 묵찌빠 고수거든\n2 : 딱지 내 전문이야 왜 이래 키키\n1 : 아 그럼 게임 두 개 다 해보자\n2 : 아 그럼 둘 다 한번 뜨자 키키\n1 : 빙수 내기 어때 키키 설빙\n2 : 빙수 내기 좋지 거기에 붕어빵까지\n1 : 지면 나랑 언니 붕어빵에 빙수 사줘\n2 : 진짜 내가 이길 수 있어 여자친구 내가 다 이겨 키키\n1 : 아 정말?\n1 : 오빠 여친이랑 나랑 편 먹고 뜰 거임 하하\n2 : 너가 지면 나 다 사줘라 알겠지",
        "lines": [
          {
            "id": 1,
            "text": "1 : 나랑 내기 한판 할래?",
            "norm_text": "나랑 내기 한판 할래?",
            "speaker": {
              "id": "1번",
              "sex": "여성",
              "age": "20대"
            },
            "speechAct": "(지시) 질문하기",
            "morpheme": "나/NP+랑/JC+내기/NNP+한판/NNG+할래/XSV+EF"
          },
          {
            "id": 2,
            "text": "1 : 묵찌빠라는 게임이야",
            "norm_text": "묵찌빠라는 게임이야",
            "speaker": {
              "id": "1번",
              "sex": "여성",
              "age": "20대"
            },
            "speechAct": "(단언) 진술하기",
            "morpheme": "묵찌빠/NNG+라는/VCP+ETM+게임/NNG+이/VCP+야/EC"
          },
          {
            "id": 3,
            "text": "2 : 나  게임 잘 못해 키키 왜 그래",
            "norm_text": "나  게임 잘 못해 키키 왜 그래",
            "speaker": {
              "id": "2번",
              "sex": "남성",
              "age": "20대"
            },
            "speechAct": "(단언) 주장하기",
            "morpheme": "나/NP+게임/NNG+잘못/MAG+해/VV+EC+키/NNG+키/XSV+ETN+왜/MAG+그래/VA+EC"
          },
          {
            "id": 4,
            "text": "1 : 주먹 가위 보자기로 사용 하는 게임이지",
            "norm_text": "주먹 가위 보자기로 사용 하는 게임이지",
            "speaker": {
              "id": "1번",
              "sex": "여성",
              "age": "20대"
            },
            "speechAct": "(단언) 진술하기",
            "morpheme": "주먹/NNG+가위/NNG+보자기/NNG+로/JKB+사용/NNG+하/XSV+는/ETM+게임/NNG+이/VCP+지/EC"
          },
          {
            "id": 5,
            "text": "2 : 묵찌빠 진짜 못해 나 키키 아 진짜",
            "norm_text": "묵찌빠 진짜 못해 나 키키 아 진짜",
            "speaker": {
              "id": "2번",
              "sex": "남성",
              "age": "20대"
            },
            "speechAct": "(단언) 주장하기",
            "morpheme": "묵찌빠/NNG+진짜/MAG+못/MAG+해/VV+EC+나/NP+키/NNG+키/VV+아/EC+진짜/MAG"
          },
          {
            "id": 6,
            "text": "1 : 그럼 딱지 치기 게임은 잘해? 하하",
            "norm_text": "그럼 딱지 치기 게임은 잘해? 하하",
            "speaker": {
              "id": "1번",
              "sex": "여성",
              "age": "20대"
            },
            "speechAct": "(지시) 질문하기",
            "morpheme": "그럼/MAJ+딱지치기/NNG+게임/NNG+은/JX+잘/MAG+해/VV+EF+하하/MAG"
          },
          {
            "id": 7,
            "text": "2 : 나 이길 수 있겠어?",
            "norm_text": "나 이길 수 있겠어?",
            "speaker": {
              "id": "2번",
              "sex": "남성",
              "age": "20대"
            },
            "speechAct": "(지시) 질문하기",
            "morpheme": "나/NP+이길/VV+ETM+수/NNB+있/VV+겠/EP+어/EF"
          },
          {
            "id": 8,
            "text": "2 : 한번 해봐? 키키",
            "norm_text": "한번 해봐? 키키",
            "speaker": {
              "id": "2번",
              "sex": "남성",
              "age": "20대"
            },
            "speechAct": "(지시) 질문하기",
            "morpheme": "한/MM+번/NNBC+해/VV+EC+봐/VX+EF+키/NNG+키/XSV+ETN"
          },
          {
            "id": 9,
            "text": "1 : 당연하지 내가 묵찌빠 고수거든",
            "norm_text": "당연하지 내가 묵찌빠 고수거든",
            "speaker": {
              "id": "1번",
              "sex": "여성",
              "age": "20대"
            },
            "speechAct": "(단언) 주장하기",
            "morpheme": "당연/XR+하/XSA+지/EF+내/NP+가/JKS+묵찌빠/NNG+고수/NNG+거든/VCP+EC"
          },
          {
            "id": 10,
            "text": "2 : 딱지 내 전문이야 왜 이래 키키",
            "norm_text": "딱지 내 전문이야 왜 이래 키키",
            "speaker": {
              "id": "2번",
              "sex": "남성",
              "age": "20대"
            },
            "speechAct": "(단언) 주장하기",
            "morpheme": "딱/MAG+지내/VV+EC+전문/NNG+이/VCP+야/EF+왜/MAG+이래/MAG+키/NNG+키/XSV+ETN"
          },
          {
            "id": 11,
            "text": "1 : 아 그럼 게임 두 개 다 해보자",
            "norm_text": "아 그럼 게임 두 개 다 해보자",
            "speaker": {
              "id": "1번",
              "sex": "여성",
              "age": "20대"
            },
            "speechAct": "(단언) 주장하기",
            "morpheme": "아/IC+그럼/MAJ+게임/NNG+두/MM+개/NNBC+다/MAG+해/VV+EC+보/VX+자/EC"
          },
          {
            "id": 12,
            "text": "2 : 아 그럼 둘 다 한번 뜨자 키키",
            "norm_text": "아 그럼 둘 다 한번 뜨자 키키",
            "speaker": {
              "id": "2번",
              "sex": "남성",
              "age": "20대"
            },
            "speechAct": "(단언) 주장하기",
            "morpheme": "아/IC+그럼/MAJ+둘/NR+다/MAG+한/MM+번/NNBC+뜨/VV+자/EC+키/NNG+키/XSV+ETN"
          },
          {
            "id": 13,
            "text": "1 : 빙수 내기 어때 키키 설빙",
            "norm_text": "빙수 내기 어때 키키 설빙",
            "speaker": {
              "id": "1번",
              "sex": "여성",
              "age": "20대"
            },
            "speechAct": "(지시) 질문하기",
            "morpheme": "빙수/NNG+내/VV+기/ETN+어때/VA+EC+키/NNG+키/NNG+설빙/NNG"
          },
          {
            "id": 14,
            "text": "2 : 빙수 내기 좋지 거기에 붕어빵까지",
            "norm_text": "빙수 내기 좋지 거기에 붕어빵까지",
            "speaker": {
              "id": "2번",
              "sex": "남성",
              "age": "20대"
            },
            "speechAct": "(단언) 주장하기",
            "morpheme": "빙수/NNG+내/VV+기/ETN+좋/VA+지/EF+거기/NP+에/JKB+붕어빵/NNG+까지/JX"
          },
          {
            "id": 15,
            "text": "1 : 지면 나랑 언니 붕어빵에 빙수 사줘",
            "norm_text": "지면 나랑 언니 붕어빵에 빙수 사줘",
            "speaker": {
              "id": "1번",
              "sex": "여성",
              "age": "20대"
            },
            "speechAct": "(단언) 주장하기",
            "morpheme": "지/VV+면/EC+나/NP+랑/JKB+언니/NNG+붕어빵/NNG+에/JKB+빙/MAG+수사/NNG+줘/VV+EC"
          },
          {
            "id": 16,
            "text": "2 : 진짜 내가 이길 수 있어 여자친구 내가 다 이겨 키키",
            "norm_text": "진짜 내가 이길 수 있어 여자친구 내가 다 이겨 키키",
            "speaker": {
              "id": "2번",
              "sex": "남성",
              "age": "20대"
            },
            "speechAct": "(단언) 주장하기",
            "morpheme": "진짜/MAG+내/NP+가/JKS+이길/VV+ETM+수/NNB+있/VV+어/EC+여자/NNG+친구/NNG+내/NP+가/JKS+다/MAG+이겨/VV+EC+키/NNG+키/XSV+ETN"
          },
          {
            "id": 17,
            "text": "1 : 아 정말?",
            "norm_text": "아 정말?",
            "speaker": {
              "id": "1번",
              "sex": "여성",
              "age": "20대"
            },
            "speechAct": "(지시) 질문하기",
            "morpheme": "아/IC+정말/MAG"
          },
          {
            "id": 18,
            "text": "1 : 오빠 여친이랑 나랑 편 먹고 뜰 거임 하하",
            "norm_text": "오빠 여친이랑 나랑 편 먹고 뜰 거임 하하",
            "speaker": {
              "id": "1번",
              "sex": "여성",
              "age": "20대"
            },
            "speechAct": "(단언) 주장하기",
            "morpheme": "오빠/NNG+여친/NNG+이랑/JC+나/NP+랑/JKB+편/NNG+먹/VV+고/EC+뜰/VV+ETM+거/NNB+임하/NNG+하/XSV"
          },
          {
            "id": 19,
            "text": "2 : 너가 지면 나 다 사줘라 알겠지",
            "norm_text": "너가 지면 나 다 사줘라 알겠지",
            "speaker": {
              "id": "2번",
              "sex": "남성",
              "age": "20대"
            },
            "speechAct": "(지시) 질문하기",
            "morpheme": "너/NP+가지/VV+면/EC+나/VX+다/EC+사/VV+EC+줘라/VX+EC+알/VV+겠/EP+지/EC"
          }
        ]
      }
    }
  ]
}