{
  "dataset": {
    "identifier": 101152,
    "name": "FACEBOOK_106_03_set",
    "src_path": "/data/file/cubeManager/PROJECT001/77/txt20211028145511027995/FACEBOOK_106_03_set/",
    "label_path": "/data/file/cubeManager/PROJECT001/77/txt20211028145511027995/FACEBOOK_106_03_set/",
    "category": 2,
    "type": 0
  },
  "licenses": {
    "name": "Apache License 1.0",
    "url": "http://www.apache.org/licenses/LICENSE-1.0"
  },
  "info": [
    {
      "id": 100508,
      "filename": "FACEBOOK_106_03.txt",
      "title": "FACEBOOK_106_03",
      "mediatype": "SNS",
      "medianame": "페이스북",
      "category": "일상대화",
      "date": "2021-10-28",
      "size": 361,
      "annotations": {
        "subject": "교통",
        "speaker_type": "1:1",
        "size": 361,
        "word_size": 129,
        "text": "1 : 언니 운전면허 가지고 있어?\n2 : 나 있지 나 운전 고수\n1 : 오~ 레이서야~?\n1 : 운전 잘 해~?\n2 : 웅 근데 차가 없어 너는?\n1 : 나는 있었는데 우리 언니한테 넘겼어!\n2 : 에?\n2 : 왜?\n2 : 있음 좋잖아\n1 : 나 서울에 와서 쓸 일이 없거든 ㅜ\n2 : 서울  간지 얼마나 됐어?\n1 : 나 이제 10개월 서울 어린이야!\n2 : 그럼 어디에 있었어 원래?\n1 : 나 원래 계속 논산에 있었거든!\n1 : 언니는 조치원에 있다가 논산으로 내려갔어!\n2 : 논산이 살기 좋지 않아?\n1 : 나 진짜?\n1 : 지금도 논산 가고 싶어 죽겠어!\n2 : 서울 살면 돈도 잘 못 모으지\n1 : 키키 하, 그래서 나 맨날 알바 해,\n2 : 진짜 살기 힘든 세상이다",
        "lines": [
          {
            "id": 1,
            "text": "1 : 언니 운전면허 가지고 있어?",
            "norm_text": "언니 운전면허 가지고 있어?",
            "speaker": {
              "id": "1번",
              "sex": "여성",
              "age": "20대"
            },
            "speechAct": "(지시) 질문하기",
            "morpheme": "언니/NNG+운전/NNG+면허/NNG+가지/VV+고/EC+있/VX+어/EF"
          },
          {
            "id": 2,
            "text": "2 : 나 있지 나 운전 고수",
            "norm_text": "나 있지 나 운전 고수",
            "speaker": {
              "id": "2번",
              "sex": "여성",
              "age": "20대"
            },
            "speechAct": "(단언) 진술하기",
            "morpheme": "나/NP+있/VA+지나/EC+운전/NNG+고수/NNG"
          },
          {
            "id": 3,
            "text": "1 : 오~ 레이서야~?",
            "norm_text": "오~ 레이서야~?",
            "speaker": {
              "id": "1번",
              "sex": "여성",
              "age": "20대"
            },
            "speechAct": "(지시) 질문하기",
            "morpheme": "오/NR+~/SY+레이서/NNP+야/JKV+~/SY"
          },
          {
            "id": 4,
            "text": "1 : 운전 잘 해~?",
            "norm_text": "운전 잘 해~?",
            "speaker": {
              "id": "1번",
              "sex": "여성",
              "age": "20대"
            },
            "speechAct": "(지시) 질문하기",
            "morpheme": "운전/NNG+잘/MAG+해/VV+EC+~/SY"
          },
          {
            "id": 5,
            "text": "2 : 웅 근데 차가 없어 너는?",
            "norm_text": "웅 근데 차가 없어 너는?",
            "speaker": {
              "id": "2번",
              "sex": "여성",
              "age": "20대"
            },
            "speechAct": "(지시) 질문하기",
            "morpheme": "웅/IC+근데/MAJ+차/NNG+가/JKS+없/VA+어/EC+너/NP+는/JX"
          },
          {
            "id": 6,
            "text": "1 : 나는 있었는데 우리 언니한테 넘겼어!",
            "norm_text": "나는 있었는데 우리 언니한테 넘겼어!",
            "speaker": {
              "id": "1번",
              "sex": "여성",
              "age": "20대"
            },
            "speechAct": "(단언) 진술하기",
            "morpheme": "나/NP+는/JX+있/VX+었/EP+는데/EC+우리/NP+언니/NNG+한테/JKB+넘겼/VV+EP+어/EF"
          },
          {
            "id": 7,
            "text": "2 : 에?",
            "norm_text": "에?",
            "speaker": {
              "id": "2번",
              "sex": "여성",
              "age": "20대"
            },
            "speechAct": "턴토크 사인(관습적 반응)",
            "morpheme": "에/IC"
          },
          {
            "id": 8,
            "text": "2 : 왜?",
            "norm_text": "왜?",
            "speaker": {
              "id": "2번",
              "sex": "여성",
              "age": "20대"
            },
            "speechAct": "(지시) 질문하기",
            "morpheme": "왜/MAG"
          },
          {
            "id": 9,
            "text": "2 : 있음 좋잖아",
            "norm_text": "있음 좋잖아",
            "speaker": {
              "id": "2번",
              "sex": "여성",
              "age": "20대"
            },
            "speechAct": "(단언) 주장하기",
            "morpheme": "있/VA+음/ETN+좋/VA+잖아/EC"
          },
          {
            "id": 10,
            "text": "1 : 나 서울에 와서 쓸 일이 없거든 ㅜ",
            "norm_text": "나 서울에 와서 쓸 일이 없거든 ㅜ",
            "speaker": {
              "id": "1번",
              "sex": "여성",
              "age": "20대"
            },
            "speechAct": "(단언) 주장하기",
            "morpheme": "나/NP+서울/NNP+에/JKB+와서/VV+EC+쓸/VV+ETM+일/NNG+이/JKS+없/VA+거든/EF+ㅜ/UNKNOWN"
          },
          {
            "id": 11,
            "text": "2 : 서울  간지 얼마나 됐어?",
            "norm_text": "서울  간지 얼마나 됐어?",
            "speaker": {
              "id": "2번",
              "sex": "여성",
              "age": "20대"
            },
            "speechAct": "(지시) 질문하기",
            "morpheme": "서울/NNP+간지/NNG+얼마나/MAG+됐/VV+EP+어/EF"
          },
          {
            "id": 12,
            "text": "1 : 나 이제 10개월 서울 어린이야!",
            "norm_text": "나 이제 10개월 서울 어린이야!",
            "speaker": {
              "id": "1번",
              "sex": "여성",
              "age": "20대"
            },
            "speechAct": "(단언) 주장하기",
            "morpheme": "나/NP+이제/MAG+10/SN+개월/NNBC+서울/NNP+어린이/NNG+야/VCP+EF"
          },
          {
            "id": 13,
            "text": "2 : 그럼 어디에 있었어 원래?",
            "norm_text": "그럼 어디에 있었어 원래?",
            "speaker": {
              "id": "2번",
              "sex": "여성",
              "age": "20대"
            },
            "speechAct": "(지시) 질문하기",
            "morpheme": "그럼/MAJ+어디/NP+에/JKB+있/VV+었/EP+어/EF+원래/MAG"
          },
          {
            "id": 14,
            "text": "1 : 나 원래 계속 논산에 있었거든!",
            "norm_text": "나 원래 계속 논산에 있었거든!",
            "speaker": {
              "id": "1번",
              "sex": "여성",
              "age": "20대"
            },
            "speechAct": "(단언) 주장하기",
            "morpheme": "나/NP+원래/MAG+계속/MAG+논산/NNP+에/JKB+있/VV+었/EP+거든/EF"
          },
          {
            "id": 15,
            "text": "1 : 언니는 조치원에 있다가 논산으로 내려갔어!",
            "norm_text": "언니는 조치원에 있다가 논산으로 내려갔어!",
            "speaker": {
              "id": "1번",
              "sex": "여성",
              "age": "20대"
            },
            "speechAct": "(단언) 주장하기",
            "morpheme": "언니/NNG+는/JX+조치원/NNG+에/JKB+있/VV+다가/EC+논/VX+ETM+산/NNG+으로/JKB+내려갔/VV+EP+어/EF"
          },
          {
            "id": 16,
            "text": "2 : 논산이 살기 좋지 않아?",
            "norm_text": "논산이 살기 좋지 않아?",
            "speaker": {
              "id": "2번",
              "sex": "여성",
              "age": "20대"
            },
            "speechAct": "(지시) 질문하기",
            "morpheme": "논산/NNP+이/JKS+살/VV+기/ETN+좋/VA+지/EC+않/VX+아/EF"
          },
          {
            "id": 17,
            "text": "1 : 나 진짜?",
            "norm_text": "나 진짜?",
            "speaker": {
              "id": "1번",
              "sex": "여성",
              "age": "20대"
            },
            "speechAct": "(지시) 질문하기",
            "morpheme": "나/NP+진짜/MAG"
          },
          {
            "id": 18,
            "text": "1 : 지금도 논산 가고 싶어 죽겠어!",
            "norm_text": "지금도 논산 가고 싶어 죽겠어!",
            "speaker": {
              "id": "1번",
              "sex": "여성",
              "age": "20대"
            },
            "speechAct": "(단언) 주장하기",
            "morpheme": "지금/NNG+도/JX+논산/NNP+가/VV+고/EC+싶/VX+어/EC+죽/VV+겠/EP+어/EF"
          },
          {
            "id": 19,
            "text": "2 : 서울 살면 돈도 잘 못 모으지",
            "norm_text": "서울 살면 돈도 잘 못 모으지",
            "speaker": {
              "id": "2번",
              "sex": "여성",
              "age": "20대"
            },
            "speechAct": "(단언) 주장하기",
            "morpheme": "서울/NNP+살/VV+면/EC+돈/NNG+도/JX+잘못/MAG+모으/VV+지/EC"
          },
          {
            "id": 20,
            "text": "1 : 키키 하, 그래서 나 맨날 알바 해,",
            "norm_text": "키키 하, 그래서 나 맨날 알바 해,",
            "speaker": {
              "id": "1번",
              "sex": "여성",
              "age": "20대"
            },
            "speechAct": "(단언) 주장하기",
            "morpheme": "키/NNG+키/NNG+하/XSV+,/SC+그래서/MAJ+나/NP+맨날/MAG+알/VV+ETM+바/NNB+해/VV+EF+,/SC"
          },
          {
            "id": 21,
            "text": "2 : 진짜 살기 힘든 세상이다",
            "norm_text": "진짜 살기 힘든 세상이다",
            "speaker": {
              "id": "2번",
              "sex": "여성",
              "age": "20대"
            },
            "speechAct": "(단언) 주장하기",
            "morpheme": "진짜/MAG+살/VV+기/ETN+힘든/VA+ETM+세상/NNG+이/VCP+다/EC"
          }
        ]
      }
    }
  ]
}