{
  "dataset": {
    "identifier": 118106,
    "name": "FACEBOOK_117_11_set",
    "src_path": "/data/file/cubeManager/PROJECT001/80/txt202111021033310371107/FACEBOOK_117_11_set/",
    "label_path": "/data/file/cubeManager/PROJECT001/80/txt202111021033310371107/FACEBOOK_117_11_set/",
    "category": 2,
    "type": 0
  },
  "licenses": {
    "name": "Apache License 1.0",
    "url": "http://www.apache.org/licenses/LICENSE-1.0"
  },
  "info": [
    {
      "id": 129654,
      "filename": "FACEBOOK_117_11.txt",
      "title": "FACEBOOK_117_11",
      "mediatype": "SNS",
      "medianame": "페이스북",
      "category": "일상대화",
      "date": "2021-11-02",
      "size": 415,
      "annotations": {
        "subject": "게임",
        "speaker_type": "1:1",
        "size": 415,
        "word_size": 147,
        "text": "1 : 언니 온라인 게임 좋아해?\n2 : 나 게임 이런 건 한번 빠지면 잘해\n1 : 아 진짜? 언니 배그 좋아해?\n2 : 난 근데 총 게임은 멀미해 ㅜㅜ\n1 : 아 키키 나도 그런데 언니 그러면 슈 게임 해 봤어?\n2 : 슈 게임 라면 많이 끓였지 키키\n1 : 키키 언니 맨날 설거지만 했던 거 아니야?\n2 : 키키 아니야 슈 게임 재밌는데 진짜\n1 : 키키 맞아 나는 슈 아바타 만들기 했었어!\n1 : 이거 알아?\n2 : 알아 알아 웃겨 때밀이 알아?\n1 : 키키 때밀이?\n1 : 그거는 슈 게임 아니잖아!\n2 : 아닌가 그거 슈 게임?\n2 : 그쪽 계통 아닌가\n1 : 근데 그거 알바생 엄청 뽑아서 나 부루주아처럼 했던 거 같아!\n2 : 키키 근데 재밌었지 그때는 그게?\n1 : 맞아 키키 그거 하면 기본 몇 시간 했던 거 같아!\n2 : 가끔 해 나도 추억 회상으로 키키",
        "lines": [
          {
            "id": 1,
            "text": "1 : 언니 온라인 게임 좋아해?",
            "norm_text": "언니 온라인 게임 좋아해?",
            "speaker": {
              "id": "1번",
              "sex": "여성",
              "age": "20대"
            },
            "speechAct": "(지시) 질문하기",
            "morpheme": "언니/NNG+온라인/NNG+게임/NNG+좋/VA+아/EC+해/VX+EF"
          },
          {
            "id": 2,
            "text": "2 : 나 게임 이런 건 한번 빠지면 잘해",
            "norm_text": "나 게임 이런 건 한번 빠지면 잘해",
            "speaker": {
              "id": "2번",
              "sex": "여성",
              "age": "20대"
            },
            "speechAct": "(단언) 주장하기",
            "morpheme": "나/NP+게임/NNG+이런/MM+건/NNB+JX+한/MM+번/NNBC+빠지/VV+면/EC+잘/MAG+해/VV+EC"
          },
          {
            "id": 3,
            "text": "1 : 아 진짜? 언니 배그 좋아해?",
            "norm_text": "아 진짜? 언니 배그 좋아해?",
            "speaker": {
              "id": "1번",
              "sex": "여성",
              "age": "20대"
            },
            "speechAct": "(지시) 질문하기",
            "morpheme": "아/IC+진짜/MAG+언니/NNG+배/NNG+그/MM+좋/VA+아/EC+해/VX+EF"
          },
          {
            "id": 4,
            "text": "2 : 난 근데 총 게임은 멀미해 ㅜㅜ",
            "norm_text": "난 근데 총 게임은 멀미해 ㅜㅜ",
            "speaker": {
              "id": "2번",
              "sex": "여성",
              "age": "20대"
            },
            "speechAct": "(단언) 주장하기",
            "morpheme": "난/NP+JX+근데/MAJ+총/MM+게임/NNG+은/JX+멀미/NNG+해/XSV+EC+ㅜㅜ/UNKNOWN"
          },
          {
            "id": 5,
            "text": "1 : 아 키키 나도 그런데 언니 그러면 슈 게임 해 봤어?",
            "norm_text": "아 키키 나도 그런데 언니 그러면 슈 게임 해 봤어?",
            "speaker": {
              "id": "1번",
              "sex": "여성",
              "age": "20대"
            },
            "speechAct": "(지시) 질문하기",
            "morpheme": "아키/NNP+키나/NNG+도/JX+그런데/MAJ+언니/NNG+그러/VV+면/EC+슈/NNP+게임/NNG+해/XSV+EC+봤/VX+EP+어/EF"
          },
          {
            "id": 6,
            "text": "2 : 슈 게임 라면 많이 끓였지 키키",
            "norm_text": "슈 게임 라면 많이 끓였지 키키",
            "speaker": {
              "id": "2번",
              "sex": "여성",
              "age": "20대"
            },
            "speechAct": "(단언) 진술하기",
            "morpheme": "슈/NNP+게임/NNG+라면/VCP+EC+많이/MAG+끓였/VV+EP+지/EC+키/NNG+키/XSV+ETN"
          },
          {
            "id": 7,
            "text": "1 : 키키 언니 맨날 설거지만 했던 거 아니야?",
            "norm_text": "키키 언니 맨날 설거지만 했던 거 아니야?",
            "speaker": {
              "id": "1번",
              "sex": "여성",
              "age": "20대"
            },
            "speechAct": "(단언) 주장하기",
            "morpheme": "키/NNG+키/NNG+언니/NNG+맨날/MAG+설거지/NNG+만/JX+했/VV+EP+던/ETM+거/NNB+아니/VCN+야/EF"
          },
          {
            "id": 8,
            "text": "2 : 키키 아니야 슈 게임 재밌는데 진짜",
            "norm_text": "키키 아니야 슈 게임 재밌는데 진짜",
            "speaker": {
              "id": "2번",
              "sex": "여성",
              "age": "20대"
            },
            "speechAct": "(단언) 주장하기",
            "morpheme": "키/NNG+키/XSV+ETN+아니/VCN+야/EC+VX+슈/EC+게임/NNG+재밌/VA+는데/EC+진짜/MAG"
          },
          {
            "id": 9,
            "text": "1 : 키키 맞아 나는 슈 아바타 만들기 했었어!",
            "norm_text": "키키 맞아 나는 슈 아바타 만들기 했었어!",
            "speaker": {
              "id": "1번",
              "sex": "여성",
              "age": "20대"
            },
            "speechAct": "(단언) 진술하기",
            "morpheme": "키/NNG+키/XSV+ETN+맞/VV+아/EC+나/NP+는/JX+슈/NNP+아바타/NNP+만들/VV+기/ETN+했었/VV+EP+어/EF"
          },
          {
            "id": 10,
            "text": "1 : 이거 알아?",
            "norm_text": "이거 알아?",
            "speaker": {
              "id": "1번",
              "sex": "여성",
              "age": "20대"
            },
            "speechAct": "(지시) 질문하기",
            "morpheme": "이거/NP+알/VV+아/EF"
          },
          {
            "id": 11,
            "text": "2 : 알아 알아 웃겨 때밀이 알아?",
            "norm_text": "알아 알아 웃겨 때밀이 알아?",
            "speaker": {
              "id": "2번",
              "sex": "여성",
              "age": "20대"
            },
            "speechAct": "(지시) 질문하기",
            "morpheme": "알/VV+아/EC+알/VV+아/EC+웃겨/VV+EC+때밀이/NNG+알/VV+아/EF"
          },
          {
            "id": 12,
            "text": "1 : 키키 때밀이?",
            "norm_text": "키키 때밀이?",
            "speaker": {
              "id": "1번",
              "sex": "여성",
              "age": "20대"
            },
            "speechAct": "(단언) 주장하기",
            "morpheme": "키/NNG+키/NNG+때밀이/NNG"
          },
          {
            "id": 13,
            "text": "1 : 그거는 슈 게임 아니잖아!",
            "norm_text": "그거는 슈 게임 아니잖아!",
            "speaker": {
              "id": "1번",
              "sex": "여성",
              "age": "20대"
            },
            "speechAct": "(단언) 주장하기",
            "morpheme": "그거/NP+는/JX+슈/NNP+게임/NNG+아니/VCN+잖아/EC+VX+EF"
          },
          {
            "id": 14,
            "text": "2 : 아닌가 그거 슈 게임?",
            "norm_text": "아닌가 그거 슈 게임?",
            "speaker": {
              "id": "2번",
              "sex": "여성",
              "age": "20대"
            },
            "speechAct": "(단언) 주장하기",
            "morpheme": "아닌가/VCN+EC+그거/NP+VCP+슈/EC+게임/NNG"
          },
          {
            "id": 15,
            "text": "2 : 그쪽 계통 아닌가",
            "norm_text": "그쪽 계통 아닌가",
            "speaker": {
              "id": "2번",
              "sex": "여성",
              "age": "20대"
            },
            "speechAct": "(단언) 주장하기",
            "morpheme": "그쪽/NP+계통/NNG+아닌가/VCN+EC"
          },
          {
            "id": 16,
            "text": "1 : 근데 그거 알바생 엄청 뽑아서 나 부루주아처럼 했던 거 같아!",
            "norm_text": "근데 그거 알바생 엄청 뽑아서 나 부루주아처럼 했던 거 같아!",
            "speaker": {
              "id": "1번",
              "sex": "여성",
              "age": "20대"
            },
            "speechAct": "(단언) 진술하기",
            "morpheme": "근데/MAJ+그거/NP+알/VV+ETM+바/NNB+생/XSN+엄청/MAG+뽑/VV+아서/EC+나부/NNG+루/JKB+주아/NNG+처럼/JKB+했/VV+EP+던/ETM+거/NNB+같/VA+아/EF"
          },
          {
            "id": 17,
            "text": "2 : 키키 근데 재밌었지 그때는 그게?",
            "norm_text": "키키 근데 재밌었지 그때는 그게?",
            "speaker": {
              "id": "2번",
              "sex": "여성",
              "age": "20대"
            },
            "speechAct": "(단언) 주장하기",
            "morpheme": "키/NNG+키/XSV+ETN+근데/MAJ+재밌/VA+었/EP+지/EC+그때/NNG+는/JX+그게/NP+JKS"
          },
          {
            "id": 18,
            "text": "1 : 맞아 키키 그거 하면 기본 몇 시간 했던 거 같아!",
            "norm_text": "맞아 키키 그거 하면 기본 몇 시간 했던 거 같아!",
            "speaker": {
              "id": "1번",
              "sex": "여성",
              "age": "20대"
            },
            "speechAct": "(단언) 진술하기",
            "morpheme": "맞/VV+아/EC+키/NNG+키/XSV+ETN+그거/NP+하/VV+면/EC+기본/NNG+몇/MM+시간/NNG+했/XSV+EP+던/ETM+거/NNB+같/VA+아/EF"
          },
          {
            "id": 19,
            "text": "2 : 가끔 해 나도 추억 회상으로 키키",
            "norm_text": "가끔 해 나도 추억 회상으로 키키",
            "speaker": {
              "id": "2번",
              "sex": "여성",
              "age": "20대"
            },
            "speechAct": "(단언) 진술하기",
            "morpheme": "가끔/MAG+해/VV+EC+나/NP+도/JX+추억/NNG+회상/NNG+으로/JKB+키/NNG+키/XSV+ETN"
          }
        ]
      }
    }
  ]
}