{
  "dataset": {
    "identifier": 112112,
    "name": "FACEBOOK_112_18_set",
    "src_path": "/data/file/cubeManager/PROJECT001/80/txt20211103154237035173/FACEBOOK_112_18_set/",
    "label_path": "/data/file/cubeManager/PROJECT001/80/txt20211103154237035173/FACEBOOK_112_18_set/",
    "category": 2,
    "type": 0
  },
  "licenses": {
    "name": "Apache License 1.0",
    "url": "http://www.apache.org/licenses/LICENSE-1.0"
  },
  "info": [
    {
      "id": 135353,
      "filename": "FACEBOOK_112_18.txt",
      "title": "FACEBOOK_112_18",
      "mediatype": "SNS",
      "medianame": "페이스북",
      "category": "일상대화",
      "date": "2021-11-03",
      "size": 381,
      "annotations": {
        "subject": "상거래 전반",
        "speaker_type": "1:1",
        "size": 381,
        "word_size": 129,
        "text": "1 : 나 이번에 당근마켓 거리하고 왔는데 꿀템 얻음!\n2 : 뭐?\n2 : 나도 당근 마켓 두번 해봄 키키\n1 : 키키 나 이번에 오트밀 샀는데 완전 싸게 주고 샀어!\n2 : 오트밀은 왜!\n2 : 뭐하게? 그걸루\n1 : 아침이나 저녁에 간편식으로 먹으려고!\n2 : 올 얼마나 샀어?\n2 : 만나서?\n1 : 나 일단 두 박스 사왔어!\n2 : 당근 마켓 근데 진짜 신기하더라\n1 : 키키 맞아!\n1 ; 언니는 뭐 사왔어?\n2 : 난 내꺼 팔았어 사진 않고\n1 : 아 진짜?\n1 ; 어떤 거 팔았어?\n2 : 전 남자친구 주려던 방향제랑 필름 키키\n1 : 아 그거는 당연히 팔아야지~\n2 : 맞아 주려다가 그냥 팔았어\n1 : 키키 잘했어 가지고 있으면 뭐혀~ 애물단지여~\n2 : 맞아 다음 남자친구 생기면 주려고 했는데 키키",
        "lines": [
          {
            "id": 1,
            "text": "1 : 나 이번에 당근마켓 거리하고 왔는데 꿀템 얻음!",
            "norm_text": "나 이번에 당근마켓 거리하고 왔는데 꿀템 얻음!",
            "speaker": {
              "id": "1번",
              "sex": "여성",
              "age": "20대"
            },
            "speechAct": "(단언) 진술하기",
            "morpheme": "나/NP+이번/NNG+에/JKB+당근/MAG+마켓/NNP+거리/NNG+하/XSV+고/EC+왔/VX+EP+는데/EC+꿀/VV+ETM+템/NNG+얻/VV+음/ETN"
          },
          {
            "id": 2,
            "text": "2 : 뭐?",
            "norm_text": "뭐?",
            "speaker": {
              "id": "2번",
              "sex": "여성",
              "age": "20대"
            },
            "speechAct": "(지시) 질문하기",
            "morpheme": "뭐/IC"
          },
          {
            "id": 3,
            "text": "2 : 나도 당근 마켓 두번 해봄 키키",
            "norm_text": "나도 당근 마켓 두번 해봄 키키",
            "speaker": {
              "id": "2번",
              "sex": "여성",
              "age": "20대"
            },
            "speechAct": "(단언) 진술하기",
            "morpheme": "나/NP+도/JX+당근/MAG+마켓/NNP+두/MM+번/NNBC+해봄/VV+EC+VX+ETN+키/NNG+키/XSV+ETN"
          },
          {
            "id": 4,
            "text": "1 : 키키 나 이번에 오트밀 샀는데 완전 싸게 주고 샀어!",
            "norm_text": "키키 나 이번에 오트밀 샀는데 완전 싸게 주고 샀어!",
            "speaker": {
              "id": "1번",
              "sex": "여성",
              "age": "20대"
            },
            "speechAct": "(단언) 진술하기",
            "morpheme": "키/NNG+키나/XSA+ETN+JX+이번/NNG+에/JKB+오트밀/NNG+샀/VV+EP+는데/EC+완전/MAG+싸/VV+게/EC+주/VX+고/EC+샀/VV+EP+어/EF"
          },
          {
            "id": 5,
            "text": "2 : 오트밀은 왜!",
            "norm_text": "오트밀은 왜!",
            "speaker": {
              "id": "2번",
              "sex": "여성",
              "age": "20대"
            },
            "speechAct": "(지시) 질문하기",
            "morpheme": "오트밀/NNG+은/JX+왜/MAG"
          },
          {
            "id": 6,
            "text": "2 : 뭐하게? 그걸루",
            "norm_text": "뭐하게? 그걸루",
            "speaker": {
              "id": "2번",
              "sex": "여성",
              "age": "20대"
            },
            "speechAct": "(지시) 질문하기",
            "morpheme": "뭐/IC+하/VV+게/EC+그걸루/NP+JKB"
          },
          {
            "id": 7,
            "text": "1 : 아침이나 저녁에 간편식으로 먹으려고!",
            "norm_text": "아침이나 저녁에 간편식으로 먹으려고!",
            "speaker": {
              "id": "1번",
              "sex": "여성",
              "age": "20대"
            },
            "speechAct": "(단언) 진술하기",
            "morpheme": "아침/NNG+이나/JC+저녁/NNG+에/JKB+간/VV+ETM+편식/NNG+으로/JKB+먹/VV+으려고/EF"
          },
          {
            "id": 8,
            "text": "2 : 올 얼마나 샀어?",
            "norm_text": "올 얼마나 샀어?",
            "speaker": {
              "id": "2번",
              "sex": "여성",
              "age": "20대"
            },
            "speechAct": "(지시) 질문하기",
            "morpheme": "올/MM+얼마나/MAG+샀/VV+EP+어/EF"
          },
          {
            "id": 9,
            "text": "2 : 만나서?",
            "norm_text": "만나서?",
            "speaker": {
              "id": "2번",
              "sex": "여성",
              "age": "20대"
            },
            "speechAct": "턴토크 사인(관습적 반응)",
            "morpheme": "만나/VV+서/EC"
          },
          {
            "id": 10,
            "text": "1 : 나 일단 두 박스 사왔어!",
            "norm_text": "나 일단 두 박스 사왔어!",
            "speaker": {
              "id": "1번",
              "sex": "여성",
              "age": "20대"
            },
            "speechAct": "(단언) 진술하기",
            "morpheme": "나/NP+일단/MAG+두/MM+박스/NNG+사/VV+EC+왔/VX+EP+어/EF"
          },
          {
            "id": 11,
            "text": "2 : 당근 마켓 근데 진짜 신기하더라",
            "norm_text": "당근 마켓 근데 진짜 신기하더라",
            "speaker": {
              "id": "2번",
              "sex": "여성",
              "age": "20대"
            },
            "speechAct": "(단언) 진술하기",
            "morpheme": "당근/MAG+마켓/NNP+근데/MAJ+진짜/MAG+신기/XR+하/XSA+더라/EC"
          },
          {
            "id": 12,
            "text": "1 : 키키 맞아!",
            "norm_text": "키키 맞아!",
            "speaker": {
              "id": "1번",
              "sex": "여성",
              "age": "20대"
            },
            "speechAct": "턴토크 사인(관습적 반응)",
            "morpheme": "키/NNG+키/XSV+ETN+맞/VV+아/EF"
          },
          {
            "id": 13,
            "text": "1 ; 언니는 뭐 사왔어?",
            "norm_text": "언니는 뭐 사왔어?",
            "speaker": {
              "id": "1번",
              "sex": "여성",
              "age": "20대"
            },
            "speechAct": "(지시) 질문하기",
            "morpheme": "언니/NNG+는/JX+뭐/IC+사/VV+EC+왔/VX+EP+어/EF"
          },
          {
            "id": 14,
            "text": "2 : 난 내꺼 팔았어 사진 않고",
            "norm_text": "난 내꺼 팔았어 사진 않고",
            "speaker": {
              "id": "2번",
              "sex": "여성",
              "age": "20대"
            },
            "speechAct": "(단언) 진술하기",
            "morpheme": "난/NP+JX+내/NP+꺼/VV+EC+팔/VV+았/EP+어/EC+사/VV+진/EC+JX+않/VX+고/EC"
          },
          {
            "id": 15,
            "text": "1 : 아 진짜?",
            "norm_text": "아 진짜?",
            "speaker": {
              "id": "1번",
              "sex": "여성",
              "age": "20대"
            },
            "speechAct": "턴토크 사인(관습적 반응)",
            "morpheme": "아/IC+진짜/MAG"
          },
          {
            "id": 16,
            "text": "1 ; 어떤 거 팔았어?",
            "norm_text": "어떤 거 팔았어?",
            "speaker": {
              "id": "1번",
              "sex": "여성",
              "age": "20대"
            },
            "speechAct": "(지시) 질문하기",
            "morpheme": "어떤/MM+거/NNB+팔/VV+았/EP+어/EF"
          },
          {
            "id": 17,
            "text": "2 : 전 남자친구 주려던 방향제랑 필름 키키",
            "norm_text": "전 남자친구 주려던 방향제랑 필름 키키",
            "speaker": {
              "id": "2번",
              "sex": "여성",
              "age": "20대"
            },
            "speechAct": "(단언) 진술하기",
            "morpheme": "전/MM+남자/NNG+친구/NNG+주/VV+려던/ETM+방향/NNG+제/XSN+랑/JC+필름/NNG+키/NNG+키/XSV+ETN"
          },
          {
            "id": 18,
            "text": "1 : 아 그거는 당연히 팔아야지~",
            "norm_text": "아 그거는 당연히 팔아야지~",
            "speaker": {
              "id": "1번",
              "sex": "여성",
              "age": "20대"
            },
            "speechAct": "(단언) 주장하기",
            "morpheme": "아/IC+그거/NP+는/JX+당연히/MAG+팔/VV+아야지/EC+~/SY"
          },
          {
            "id": 19,
            "text": "2 : 맞아 주려다가 그냥 팔았어",
            "norm_text": "맞아 주려다가 그냥 팔았어",
            "speaker": {
              "id": "2번",
              "sex": "여성",
              "age": "20대"
            },
            "speechAct": "(단언) 진술하기",
            "morpheme": "맞/VV+아/EC+주/VX+려다가/EC+그냥/MAG+팔/VV+았/EP+어/EC"
          },
          {
            "id": 20,
            "text": "1 : 키키 잘했어 가지고 있으면 뭐혀~ 애물단지여~",
            "norm_text": "키키 잘했어 가지고 있으면 뭐혀~ 애물단지여~",
            "speaker": {
              "id": "1번",
              "sex": "여성",
              "age": "20대"
            },
            "speechAct": "(단언) 주장하기",
            "morpheme": "키/NNG+키/XSV+ETN+잘/MAG+했/VV+EP+어/EC+가지/VX+고/EC+있/VX+으면/EC+뭐/IC+혀/NNG+~/SY+애물단지/NNG+여/JKV+~/SY"
          },
          {
            "id": 21,
            "text": "2 : 맞아 다음 남자친구 생기면 주려고 했는데 키키",
            "norm_text": "맞아 다음 남자친구 생기면 주려고 했는데 키키",
            "speaker": {
              "id": "2번",
              "sex": "여성",
              "age": "20대"
            },
            "speechAct": "(단언) 진술하기",
            "morpheme": "맞/VV+아/EC+다음/NNG+남자/NNG+친구/NNG+생기/VV+면/EC+주/VX+려고/EC+했/VX+EP+는데/EC+키/NNG+키/XSV+ETN"
          }
        ]
      }
    }
  ]
}