{
  "dataset": {
    "identifier": 127787,
    "name": "FACEBOOK_121_12_set",
    "src_path": "/data/file/cubeManager/PROJECT001/84/txt20211108155848034963/FACEBOOK_121_12_set/",
    "label_path": "/data/file/cubeManager/PROJECT001/84/txt20211108155848034963/FACEBOOK_121_12_set/",
    "category": 2,
    "type": 0
  },
  "licenses": {
    "name": "Apache License 1.0",
    "url": "http://www.apache.org/licenses/LICENSE-1.0"
  },
  "info": [
    {
      "id": 141736,
      "filename": "FACEBOOK_121_12.txt",
      "title": "FACEBOOK_121_12",
      "mediatype": "SNS",
      "medianame": "페이스북",
      "category": "일상대화",
      "date": "2021-11-08",
      "size": 445,
      "annotations": {
        "subject": "여행",
        "speaker_type": "1:1",
        "size": 445,
        "word_size": 152,
        "text": "1 : 여친이랑 여행 어디 어디 가봤어\n2 : 나 여자친구랑 많이 놀러 가봤지 키키\n1 : 국내 여행 자주 다녔겠다 키키\n2 : 군산 한번 가봐 진짜 재미있어 철도길 키키\n1 : 아 철길 마을? 거기 이미 가봤지 키키\n2 : 웅 가서 맛있는 것도 먹고 놀다 왔어\n2 : 너는 남자친구랑 어디 놀러 가봤어?\n1 : 나는 제주도 자주 갔던 것 같아\n2 : 아 진짜 제주도 좋지 키키\n1 : 이번에 내 생일 때 또 가려고 키키\n2 : 제주도 가서 고사리 해장국 먹어봤어?\n1 : 고사리 해장국 알지~ 은희네 개꿀\n2 : 진짜 생일 때 가면 좋겠네\n2 : 남자친구랑 고등어회 꼭 먹어라\n1 : 고등어회는 저번에 잔뜩 먹고 와서 이번에 흑돼지 먹을려고\n2 : 은희네 거긴 안 가봤는데 거기도 맛있어?\n1 : 응 키키 내 생일 3달 남았어 곧이야 곧~\n2 : 아 진짜 흑돼지 웨이팅 진짜 심해 ㅠㅠ\n2 : 나 갔을 때 18팀 기다렸어 ㅠㅠ",
        "lines": [
          {
            "id": 1,
            "text": "1 : 여친이랑 여행 어디 어디 가봤어",
            "norm_text": "여친이랑 여행 어디 어디 가봤어",
            "speaker": {
              "id": "1번",
              "sex": "여성",
              "age": "20대"
            },
            "speechAct": "(지시) 질문하기",
            "morpheme": "여친/NNG+이랑/JKB+여행/NNG+어디/NP+어디/NP+가/JKS+봤/VV+EP+어/EC"
          },
          {
            "id": 2,
            "text": "2 : 나 여자친구랑 많이 놀러 가봤지 키키",
            "norm_text": "나 여자친구랑 많이 놀러 가봤지 키키",
            "speaker": {
              "id": "2번",
              "sex": "남성",
              "age": "20대"
            },
            "speechAct": "(단언) 진술하기",
            "morpheme": "나/NP+여자/NNG+친구/NNG+랑/JKB+많이/MAG+놀러/NNP+가/JKS+봤/VV+EP+지/EC+키/NNG+키/XSV+ETN"
          },
          {
            "id": 3,
            "text": "1 : 국내 여행 자주 다녔겠다 키키",
            "norm_text": "국내 여행 자주 다녔겠다 키키",
            "speaker": {
              "id": "1번",
              "sex": "여성",
              "age": "20대"
            },
            "speechAct": "(단언) 주장하기",
            "morpheme": "국내/NNG+여행/NNG+자주/MAG+다녔/VV+VX+겠/EP+다키키/NNP"
          },
          {
            "id": 4,
            "text": "2 : 군산 한번 가봐 진짜 재미있어 철도길 키키",
            "norm_text": "군산 한번 가봐 진짜 재미있어 철도길 키키",
            "speaker": {
              "id": "2번",
              "sex": "남성",
              "age": "20대"
            },
            "speechAct": "(단언) 진술하기",
            "morpheme": "군산/NNP+한/MM+번/NNBC+가/VV+EC+봐/VX+EF+진짜/MAG+재미있/VA+어/EC+철도/NNG+길/NNG+키/NNG+키/XSV+ETN"
          },
          {
            "id": 5,
            "text": "1 : 아 철길 마을? 거기 이미 가봤지 키키",
            "norm_text": "아 철길 마을? 거기 이미 가봤지 키키",
            "speaker": {
              "id": "1번",
              "sex": "여성",
              "age": "20대"
            },
            "speechAct": "(단언) 주장하기",
            "morpheme": "아/IC+철길/NNG+마을/NNG+거기/NP+이미/MAG+가/VV+EC+봤/VX+EP+지/EC+키/NNG+키/XSV+ETN"
          },
          {
            "id": 6,
            "text": "2 : 웅 가서 맛있는 것도 먹고 놀다 왔어",
            "norm_text": "웅 가서 맛있는 것도 먹고 놀다 왔어",
            "speaker": {
              "id": "2번",
              "sex": "남성",
              "age": "20대"
            },
            "speechAct": "(단언) 진술하기",
            "morpheme": "웅/MAG+가/VV+서/EC+맛있/VA+는/ETM+것/NNB+도/JX+먹/VV+고/EC+놀/VV+다/EC+왔/VX+EP+어/EC"
          },
          {
            "id": 7,
            "text": "2 : 너는 남자친구랑 어디 놀러 가봤어?",
            "norm_text": "너는 남자친구랑 어디 놀러 가봤어?",
            "speaker": {
              "id": "2번",
              "sex": "남성",
              "age": "20대"
            },
            "speechAct": "(지시) 질문하기",
            "morpheme": "너/NP+는/JX+남자/NNG+친구/NNG+랑/JC+어디/NP+놀러/NNP+가/JKS+봤/VV+EP+어/EF"
          },
          {
            "id": 8,
            "text": "1 : 나는 제주도 자주 갔던 것 같아",
            "norm_text": "나는 제주도 자주 갔던 것 같아",
            "speaker": {
              "id": "1번",
              "sex": "여성",
              "age": "20대"
            },
            "speechAct": "(단언) 진술하기",
            "morpheme": "나/NP+는/JX+제주/NNP+도/JX+자주/MAG+갔/VV+EP+던/ETM+것/NNB+같/VA+아/EC"
          },
          {
            "id": 9,
            "text": "2 : 아 진짜 제주도 좋지 키키",
            "norm_text": "아 진짜 제주도 좋지 키키",
            "speaker": {
              "id": "2번",
              "sex": "남성",
              "age": "20대"
            },
            "speechAct": "(단언) 진술하기",
            "morpheme": "아/IC+진짜/MAG+제주/NNP+도/JX+좋/VA+지/EC+키/NNG+키/XSV+ETN"
          },
          {
            "id": 10,
            "text": "1 : 이번에 내 생일 때 또 가려고 키키",
            "norm_text": "이번에 내 생일 때 또 가려고 키키",
            "speaker": {
              "id": "1번",
              "sex": "여성",
              "age": "20대"
            },
            "speechAct": "(단언) 주장하기",
            "morpheme": "이번/NNG+에/JKB+내/NP+JKG+생일/NNG+때/NNG+또/MAG+가/VV+려고/EC+키/NNG+키/XSV+ETN"
          },
          {
            "id": 11,
            "text": "2 : 제주도 가서 고사리 해장국 먹어봤어?",
            "norm_text": "제주도 가서 고사리 해장국 먹어봤어?",
            "speaker": {
              "id": "2번",
              "sex": "남성",
              "age": "20대"
            },
            "speechAct": "(지시) 질문하기",
            "morpheme": "제주도/NNP+가/JKS+서/VV+고/EC+사리/NNG+해장국/NNG+먹/VV+어/EC+봤/VX+EP+어/EF"
          },
          {
            "id": 12,
            "text": "1 : 고사리 해장국 알지~ 은희네 개꿀",
            "norm_text": "고사리 해장국 알지~ 은희네 개꿀",
            "speaker": {
              "id": "1번",
              "sex": "여성",
              "age": "20대"
            },
            "speechAct": "(단언) 주장하기",
            "morpheme": "고사리/NNG+해장국/NNG+알/VV+지/EC+~/SY+은희/NNP+네/XSN+개꿀/NNG"
          },
          {
            "id": 13,
            "text": "2 : 진짜 생일 때 가면 좋겠네",
            "norm_text": "진짜 생일 때 가면 좋겠네",
            "speaker": {
              "id": "2번",
              "sex": "남성",
              "age": "20대"
            },
            "speechAct": "(단언) 주장하기",
            "morpheme": "진짜/MAG+생일/NNG+때가/VV+면/EC+좋/VA+겠/EP+네/EF"
          },
          {
            "id": 14,
            "text": "2 : 남자친구랑 고등어회 꼭 먹어라",
            "norm_text": "남자친구랑 고등어회 꼭 먹어라",
            "speaker": {
              "id": "2번",
              "sex": "남성",
              "age": "20대"
            },
            "speechAct": "(단언) 주장하기",
            "morpheme": "남자/NNG+친구/NNG+랑/JKB+고등/NNG+어회/NNG+꼭/MAG+먹/VV+어라/EC"
          },
          {
            "id": 15,
            "text": "1 : 고등어회는 저번에 잔뜩 먹고 와서 이번에 흑돼지 먹을려고",
            "norm_text": "고등어회는 저번에 잔뜩 먹고 와서 이번에 흑돼지 먹을려고",
            "speaker": {
              "id": "1번",
              "sex": "여성",
              "age": "20대"
            },
            "speechAct": "(단언) 주장하기",
            "morpheme": "고등/NNG+어회/NNG+는/JX+저번/NNG+에/JKB+잔뜩/MAG+먹/VV+고/EC+와서/VV+EC+이번/NNG+에/JKB+흑/IC+돼지/NNG+먹/VV+을려고/EC"
          },
          {
            "id": 16,
            "text": "2 : 은희네 거긴 안 가봤는데 거기도 맛있어?",
            "norm_text": "은희네 거긴 안 가봤는데 거기도 맛있어?",
            "speaker": {
              "id": "2번",
              "sex": "남성",
              "age": "20대"
            },
            "speechAct": "(지시) 질문하기",
            "morpheme": "은희/NNP+네/XSN+거긴/NP+JX+안/MAG+가/VV+EC+봤/VX+EP+는데/EC+거기/NP+도/JX+맛있/VA+어/EF"
          },
          {
            "id": 17,
            "text": "1 : 응 키키 내 생일 3달 남았어 곧이야 곧~",
            "norm_text": "응 키키 내 생일 3달 남았어 곧이야 곧~",
            "speaker": {
              "id": "1번",
              "sex": "여성",
              "age": "20대"
            },
            "speechAct": "(단언) 주장하기",
            "morpheme": "응/IC+키/NNG+키/XSV+ETN+내/NP+JKG+생일/NNG+3/SN+달남았어곧이야곧/UNKNOWN+~/SY"
          },
          {
            "id": 18,
            "text": "2 : 아 진짜 흑돼지 웨이팅 진짜 심해 ㅠㅠ",
            "norm_text": "아 진짜 흑돼지 웨이팅 진짜 심해 ㅠㅠ",
            "speaker": {
              "id": "2번",
              "sex": "남성",
              "age": "20대"
            },
            "speechAct": "(단언) 주장하기",
            "morpheme": "아/IC+진짜/MAG+흑/IC+돼지/NNG+웨이팅/NNG+진짜/MAG+심해/VA+EC+ㅠㅠ/UNKNOWN"
          },
          {
            "id": 19,
            "text": "2 : 나 갔을 때 18팀 기다렸어 ㅠㅠ",
            "norm_text": "나 갔을 때 18팀 기다렸어 ㅠㅠ",
            "speaker": {
              "id": "2번",
              "sex": "남성",
              "age": "20대"
            },
            "speechAct": "(단언) 주장하기",
            "morpheme": "나갔/VV+EP+을/ETM+때/NNG+18/SN+팀기다렸어ㅠㅠ/UNKNOWN"
          }
        ]
      }
    }
  ]
}