{
  "dataset": {
    "identifier": 99437,
    "name": "FACEBOOK_108_06_set",
    "src_path": "/data/file/cubeManager/PROJECT001/77/txt20211029160805042355/FACEBOOK_108_06_set/",
    "label_path": "/data/file/cubeManager/PROJECT001/77/txt20211029160805042355/FACEBOOK_108_06_set/",
    "category": 2,
    "type": 0
  },
  "licenses": {
    "name": "Apache License 1.0",
    "url": "http://www.apache.org/licenses/LICENSE-1.0"
  },
  "info": [
    {
      "id": 111294,
      "filename": "FACEBOOK_108_06.txt",
      "title": "FACEBOOK_108_06",
      "mediatype": "SNS",
      "medianame": "페이스북",
      "category": "일상대화",
      "date": "2021-10-29",
      "size": 555,
      "annotations": {
        "subject": "교육",
        "speaker_type": "1:1",
        "size": 555,
        "word_size": 182,
        "text": "1 : 너는 어렸을 때 보컬 쪽에 관심 없었어?\n2 : 있었어\n2 : 노래 부르는 거 좋아하거든!\n1 : 나도!\n1 : 지금은 보컬학원 다닐 생각 없어?\n2 : 난 나중에 돈 좀 벌면 취미로 다녀보고 싶긴 해\n1 : 나도 ㅜㅜ\n1 : 그렇게 생각했는데 이미 3년이 훌쩍 지나버리더라!\n2 : 맞아\n2 : 뭐든 시작하는 게 어렵긴 하지...\n2 : 나도 그럴 거 같아\n1 : 맞아\n1 : 차라리 지금 하고 싶을 때 하는 게 맞아!\n1 : 지금부터 시작해!\n2 : 그런가...?\n2 : 근데 지금은 못 다니고 진짜 나중에 다녀야지... 하하\n1 : 키키 근데 그때 되면 보컬 학원 비용 많이 오를 걸,?\n2 : 아 그럼 지금 딱 세일 기간인가?!\n1 : 왜냐하면 내가 알아봤을 때 20만 원이었는데 지금 40만 원이래!\n2 : 와 두배 뛰었네 ㅠㅠ\n1 : 요즘에 보컬 쪽에 일반인들이 많이 배우러 와서 포화상태래!\n2 : 그래서 값을 올렸구나 ㅠㅠㅠ\n2 : 이번에 많이 배웠으면 다음엔 덜 배우러 오지 않을까?\n1 : 키키 모르겠어\n1 : 유튜브에 보컬 강사라고 유튜버 있는데 그 사람꺼나 봐야겠어!\n2 : 헐 나도 유튜브 한 번 봐야겠다!",
        "lines": [
          {
            "id": 1,
            "text": "1 : 너는 어렸을 때 보컬 쪽에 관심 없었어?",
            "norm_text": "너는 어렸을 때 보컬 쪽에 관심 없었어?",
            "speaker": {
              "id": "1번",
              "sex": "여성",
              "age": "20대"
            },
            "speechAct": "(지시) 질문하기",
            "morpheme": "너/NP+는/JX+어렸/VA+EP+을/ETM+때/NNG+보컬/NNG+쪽/NNB+에/JKB+관심없/VV+었/EP+어/EF"
          },
          {
            "id": 2,
            "text": "2 : 있었어",
            "norm_text": "있었어",
            "speaker": {
              "id": "2번",
              "sex": "여성",
              "age": "20대"
            },
            "speechAct": "(단언) 주장하기",
            "morpheme": "있/VA+었/EP+어/EC"
          },
          {
            "id": 3,
            "text": "2 : 노래 부르는 거 좋아하거든!",
            "norm_text": "노래 부르는 거 좋아하거든!",
            "speaker": {
              "id": "2번",
              "sex": "여성",
              "age": "20대"
            },
            "speechAct": "(단언) 주장하기",
            "morpheme": "노래/NNG+부르/VV+는/ETM+거/NNB+좋/VA+아/EC+하/VX+거든/EF"
          },
          {
            "id": 4,
            "text": "1 : 나도!",
            "norm_text": "나도!",
            "speaker": {
              "id": "1번",
              "sex": "여성",
              "age": "20대"
            },
            "speechAct": "(단언) 주장하기",
            "morpheme": "나/NP+도/JX"
          },
          {
            "id": 5,
            "text": "1 : 지금은 보컬학원 다닐 생각 없어?",
            "norm_text": "지금은 보컬학원 다닐 생각 없어?",
            "speaker": {
              "id": "1번",
              "sex": "여성",
              "age": "20대"
            },
            "speechAct": "(지시) 질문하기",
            "morpheme": "지금/MAG+은/JX+보컬/NNG+학원/NNG+다닐/VV+ETM+생각/NNG+없/VA+어/EF"
          },
          {
            "id": 6,
            "text": "2 : 난 나중에 돈 좀 벌면 취미로 다녀보고 싶긴 해",
            "norm_text": "난 나중에 돈 좀 벌면 취미로 다녀보고 싶긴 해",
            "speaker": {
              "id": "2번",
              "sex": "여성",
              "age": "20대"
            },
            "speechAct": "(단언) 주장하기",
            "morpheme": "난/NP+JX+나중/NNG+에/JKB+돈/NNG+좀/MAG+벌/VV+면/EC+취미/NNG+로/JKB+다녀/VV+EC+보/VX+고/EC+싶/VX+긴/ETN+JX+해/VX+EC"
          },
          {
            "id": 7,
            "text": "1 : 나도 ㅜㅜ",
            "norm_text": "나도 ㅜㅜ",
            "speaker": {
              "id": "1번",
              "sex": "여성",
              "age": "20대"
            },
            "speechAct": "(단언) 주장하기",
            "morpheme": "나/NP+도/JX+ㅜㅜ/UNKNOWN"
          },
          {
            "id": 8,
            "text": "1 : 그렇게 생각했는데 이미 3년이 훌쩍 지나버리더라!",
            "norm_text": "그렇게 생각했는데 이미 3년이 훌쩍 지나버리더라!",
            "speaker": {
              "id": "1번",
              "sex": "여성",
              "age": "20대"
            },
            "speechAct": "(단언) 주장하기",
            "morpheme": "그렇게/MAG+생각/NNG+했/XSV+EP+는데/EC+이미/MAG+3/SN+년/NNBC+이/JKS+훌쩍/MAG+지나/VV+EC+버리/VX+더라/EF"
          },
          {
            "id": 9,
            "text": "2 : 맞아",
            "norm_text": "맞아",
            "speaker": {
              "id": "2번",
              "sex": "여성",
              "age": "20대"
            },
            "speechAct": "(단언) 주장하기",
            "morpheme": "맞/VV+아/EC"
          },
          {
            "id": 10,
            "text": "2 : 뭐든 시작하는 게 어렵긴 하지...",
            "norm_text": "뭐든 시작하는 게 어렵긴 하지...",
            "speaker": {
              "id": "2번",
              "sex": "여성",
              "age": "20대"
            },
            "speechAct": "(단언) 주장하기",
            "morpheme": "뭐/NP+든/VCP+EC+시작/NNG+하/XSV+는/ETM+게/NNB+JKS+어렵/VA+긴/ETN+JX+하/VX+지/EF+./SY"
          },
          {
            "id": 11,
            "text": "2 : 나도 그럴 거 같아",
            "norm_text": "나도 그럴 거 같아",
            "speaker": {
              "id": "2번",
              "sex": "여성",
              "age": "20대"
            },
            "speechAct": "(단언) 주장하기",
            "morpheme": "나/NP+도/JX+그럴/VA+ETM+거/NNB+같/VA+아/EC"
          },
          {
            "id": 12,
            "text": "1 : 맞아",
            "norm_text": "맞아",
            "speaker": {
              "id": "1번",
              "sex": "여성",
              "age": "20대"
            },
            "speechAct": "(단언) 주장하기",
            "morpheme": "맞/VV+아/EC"
          },
          {
            "id": 13,
            "text": "1 : 차라리 지금 하고 싶을 때 하는 게 맞아!",
            "norm_text": "차라리 지금 하고 싶을 때 하는 게 맞아!",
            "speaker": {
              "id": "1번",
              "sex": "여성",
              "age": "20대"
            },
            "speechAct": "(단언) 주장하기",
            "morpheme": "차라리/MAG+지금/NNG+하/XSV+고/EC+싶/VX+을/ETM+때/NNG+하/XSV+는/ETM+게/NNB+JKS+맞/VV+아/EF"
          },
          {
            "id": 14,
            "text": "1 : 지금부터 시작해!",
            "norm_text": "지금부터 시작해!",
            "speaker": {
              "id": "1번",
              "sex": "여성",
              "age": "20대"
            },
            "speechAct": "(지시) 충고/제안하기",
            "morpheme": "지금/NNG+부터/JX+시작/NNG+해/XSV+EF"
          },
          {
            "id": 15,
            "text": "2 : 그런가...?",
            "norm_text": "그런가...?",
            "speaker": {
              "id": "2번",
              "sex": "여성",
              "age": "20대"
            },
            "speechAct": "(지시) 질문하기",
            "morpheme": "그런가/VA+EF+./SY+./SY"
          },
          {
            "id": 16,
            "text": "2 : 근데 지금은 못 다니고 진짜 나중에 다녀야지... 하하",
            "norm_text": "근데 지금은 못 다니고 진짜 나중에 다녀야지... 하하",
            "speaker": {
              "id": "2번",
              "sex": "여성",
              "age": "20대"
            },
            "speechAct": "(단언) 주장하기",
            "morpheme": "근데/MAJ+지금/MAG+은/JX+못/MAG+다니/VV+고/EC+진짜/MAG+나중/NNG+에/JKB+다녀야지/VV+EF+./SY+하하/MAG"
          },
          {
            "id": 17,
            "text": "1 : 키키 근데 그때 되면 보컬 학원 비용 많이 오를 걸,?",
            "norm_text": "키키 근데 그때 되면 보컬 학원 비용 많이 오를 걸,?",
            "speaker": {
              "id": "1번",
              "sex": "여성",
              "age": "20대"
            },
            "speechAct": "(단언) 주장하기",
            "morpheme": "키키근데그때되면보컬학원비용많이오를걸/UNKNOWN+,/SY"
          },
          {
            "id": 18,
            "text": "2 : 아 그럼 지금 딱 세일 기간인가?!",
            "norm_text": "아 그럼 지금 딱 세일 기간인가?!",
            "speaker": {
              "id": "2번",
              "sex": "여성",
              "age": "20대"
            },
            "speechAct": "(지시) 질문하기",
            "morpheme": "아/IC+그럼/MAJ+지금/MAG+딱/MAG+세일/NNG+기간/NNG+인가/VCP+EC+?/SY"
          },
          {
            "id": 19,
            "text": "1 : 왜냐하면 내가 알아봤을 때 20만 원이었는데 지금 40만 원이래!",
            "norm_text": "왜냐하면 내가 알아봤을 때 20만 원이었는데 지금 40만 원이래!",
            "speaker": {
              "id": "1번",
              "sex": "여성",
              "age": "20대"
            },
            "speechAct": "(단언) 진술하기",
            "morpheme": "왜냐하면/MAJ+내/NP+가/JKS+알/VV+아/EC+봤/VX+EP+을/ETM+때/NNG+20/SN+만/NR+원/NNBC+이/VCP+었/EP+는데/EC+지금/MAG+40/SN+만/NR+원/NNBC+이/VCP+래/EF"
          },
          {
            "id": 20,
            "text": "2 : 와 두배 뛰었네 ㅠㅠ",
            "norm_text": "와 두배 뛰었네 ㅠㅠ",
            "speaker": {
              "id": "2번",
              "sex": "여성",
              "age": "20대"
            },
            "speechAct": "(단언) 주장하기",
            "morpheme": "와두배뛰었네ㅠㅠ/UNKNOWN"
          },
          {
            "id": 21,
            "text": "1 : 요즘에 보컬 쪽에 일반인들이 많이 배우러 와서 포화상태래!",
            "norm_text": "요즘에 보컬 쪽에 일반인들이 많이 배우러 와서 포화상태래!",
            "speaker": {
              "id": "1번",
              "sex": "여성",
              "age": "20대"
            },
            "speechAct": "(단언) 주장하기",
            "morpheme": "요즘/NNG+에/JKB+보컬/NNG+쪽/NNB+에/JKB+일반인/NNG+들/XSN+이/JKS+많이/MAG+배우/VV+러/EC+와서/VV+EC+포화/NNG+상태/NNG+래/VCP+EF"
          },
          {
            "id": 22,
            "text": "2 : 그래서 값을 올렸구나 ㅠㅠㅠ",
            "norm_text": "그래서 값을 올렸구나 ㅠㅠㅠ",
            "speaker": {
              "id": "2번",
              "sex": "여성",
              "age": "20대"
            },
            "speechAct": "(단언) 주장하기",
            "morpheme": "그래서/MAJ+값/NNG+을/JKO+올렸/VV+EP+구나/EF+ㅠ/UNKNOWN+ㅠㅠ/UNKNOWN"
          },
          {
            "id": 23,
            "text": "2 : 이번에 많이 배웠으면 다음엔 덜 배우러 오지 않을까?",
            "norm_text": "이번에 많이 배웠으면 다음엔 덜 배우러 오지 않을까?",
            "speaker": {
              "id": "2번",
              "sex": "여성",
              "age": "20대"
            },
            "speechAct": "(지시) 질문하기",
            "morpheme": "이번/NNG+에/JKB+많이/MAG+배웠으면/VV+EP+EC+다음/NNG+엔/JKB+JX+덜/MAG+배우/VV+러/EC+오/VV+지/EC+않/VX+을까/EF"
          },
          {
            "id": 24,
            "text": "1 : 키키 모르겠어",
            "norm_text": "키키 모르겠어",
            "speaker": {
              "id": "1번",
              "sex": "여성",
              "age": "20대"
            },
            "speechAct": "(단언) 주장하기",
            "morpheme": "키/NNG+키/XSV+ETN+모르/VV+겠/EP+어/EC"
          },
          {
            "id": 25,
            "text": "1 : 유튜브에 보컬 강사라고 유튜버 있는데 그 사람꺼나 봐야겠어!",
            "norm_text": "유튜브에 보컬 강사라고 유튜버 있는데 그 사람꺼나 봐야겠어!",
            "speaker": {
              "id": "1번",
              "sex": "여성",
              "age": "20대"
            },
            "speechAct": "(단언) 주장하기",
            "morpheme": "유튜브/NNP+에/JKB+보컬/NNG+강사/NNG+라고/VCP+EC+유/NNP+튜버/NNP+있/VA+는데/EC+그/MM+사람/NNG+꺼/NNB+VCP+나/EC+봐야/VX+EC+VV+겠/EP+어/EF"
          },
          {
            "id": 26,
            "text": "2 : 헐 나도 유튜브 한 번 봐야겠다!",
            "norm_text": "헐 나도 유튜브 한 번 봐야겠다!",
            "speaker": {
              "id": "2번",
              "sex": "여성",
              "age": "20대"
            },
            "speechAct": "(단언) 주장하기",
            "morpheme": "헐/IC+나/NP+도/JX+유튜브/NNP+한/MM+번/NNBC+봐야겠다/VV+EC+VX+EP+EF"
          }
        ]
      }
    }
  ]
}