{
  "dataset": {
    "identifier": 117685,
    "name": "FACEBOOK_105_09_set",
    "src_path": "/data/file/cubeManager/PROJECT001/77/txt20211028144832036142/FACEBOOK_105_09_set/",
    "label_path": "/data/file/cubeManager/PROJECT001/77/txt20211028144832036142/FACEBOOK_105_09_set/",
    "category": 2,
    "type": 0
  },
  "licenses": {
    "name": "Apache License 1.0",
    "url": "http://www.apache.org/licenses/LICENSE-1.0"
  },
  "info": [
    {
      "id": 100334,
      "filename": "FACEBOOK_105_09.txt",
      "title": "FACEBOOK_105_09",
      "mediatype": "SNS",
      "medianame": "페이스북",
      "category": "일상대화",
      "date": "2021-10-28",
      "size": 553,
      "annotations": {
        "subject": "반려동물",
        "speaker_type": "1:1",
        "size": 553,
        "word_size": 187,
        "text": "1 : 고양이 아메리칸 숏헤어라고 했나?\n2 : 응 너가 그때 사진 보고 그거라고 하지 않았어?\n1 : 맞아 키키\n1 : 친구한테 물어봤어? ?\n1 : 고양이 종류 뭐냐고\n2 : 아니\n2 : 지금 연락 안하고 있어서 안 물어봤어 키키\n1 : 친구네 고양이가 교미 해서 낳은 애기야?\n2 : 응 맞아\n2 : 친구네 고양이가 낳아서 지금 여러 마리 있는 거 같더라고 키키\n1 : 그 고양이가 몇 마리 정도 낳았는데?\n2 : 다섯 마리라고 했나?\n2 : 그 정도 되었던 거 같아 키키\n1 : 그러면 또 그 고양이 중성화 수술 안 시키고 교배 시킬 거래?\n2 : 글쎄 그런 거까지는 서로 말하진 않았어 키키\n2 : 안 시키지 않을까?\n1 : 그러면 오빠가 데리고 올 냥냥이 아빠는 누구인지 모르겠네?\n2 : 왜? 거기 고양이 두 마린데 왜?\n1 : 아 친구네 냥냥이 두 마리가 서로 사랑해서 낳은 애기들이야?\n2 : 응 맞아\n2 : 개네 둘이 사랑해서 낳은 건데 왜 아빠가 달라...\n1 : 아니 키키\n1 : 나는 어디 데려가서 일부러 교배 시켜온 줄 알았지!\n2 : 아니야\n2 : 그건 아닌 거 같더라고 키키\n2 : 개가 두 마리 키우거든",
        "lines": [
          {
            "id": 1,
            "text": "1 : 고양이 아메리칸 숏헤어라고 했나?",
            "norm_text": "고양이 아메리칸 숏헤어라고 했나?",
            "speaker": {
              "id": "1번",
              "sex": "여성",
              "age": "20대"
            },
            "speechAct": "(지시) 질문하기",
            "morpheme": "고양이/NNG+아메리칸/NNG+숏/NNG+헤어/NNG+라고/VCP+EC+했/VX+EP+나/EF"
          },
          {
            "id": 2,
            "text": "2 : 응 너가 그때 사진 보고 그거라고 하지 않았어?",
            "norm_text": "응 너가 그때 사진 보고 그거라고 하지 않았어?",
            "speaker": {
              "id": "2번",
              "sex": "남성",
              "age": "20대"
            },
            "speechAct": "(지시) 질문하기",
            "morpheme": "응/IC+너/NP+가/JKS+그때/NNG+사진/NNG+보/VV+고/EC+그거/NP+라고/VCP+EC+하/VV+지/EC+않/VX+았/EP+어/EF"
          },
          {
            "id": 3,
            "text": "1 : 맞아 키키",
            "norm_text": "맞아 키키",
            "speaker": {
              "id": "1번",
              "sex": "여성",
              "age": "20대"
            },
            "speechAct": "(단언) 주장하기",
            "morpheme": "맞/VV+아/EC+키/NNG+키/XSV+ETN"
          },
          {
            "id": 4,
            "text": "1 : 친구한테 물어봤어? ?",
            "norm_text": "친구한테 물어봤어? ?",
            "speaker": {
              "id": "1번",
              "sex": "여성",
              "age": "20대"
            },
            "speechAct": "(지시) 질문하기",
            "morpheme": "친구/NNG+한테/JKB+물/VV+어/EC+봤/VX+EP+어/EC+?/SY"
          },
          {
            "id": 5,
            "text": "1 : 고양이 종류 뭐냐고",
            "norm_text": "고양이 종류 뭐냐고",
            "speaker": {
              "id": "1번",
              "sex": "여성",
              "age": "20대"
            },
            "speechAct": "(지시) 질문하기",
            "morpheme": "고양이/NNG+종류/NNG+뭐/NP+냐고/VCP+EC"
          },
          {
            "id": 6,
            "text": "2 : 아니",
            "norm_text": "아니",
            "speaker": {
              "id": "2번",
              "sex": "남성",
              "age": "20대"
            },
            "speechAct": "(단언) 진술하기",
            "morpheme": "아니/IC"
          },
          {
            "id": 7,
            "text": "2 : 지금 연락 안하고 있어서 안 물어봤어 키키",
            "norm_text": "지금 연락 안하고 있어서 안 물어봤어 키키",
            "speaker": {
              "id": "2번",
              "sex": "남성",
              "age": "20대"
            },
            "speechAct": "(단언) 진술하기",
            "morpheme": "지금/MAG+연락/NNG+안/MAG+하/VV+고/EC+있/VX+어서/EC+안/MAG+물/VV+어/EC+봤/VX+EP+어/EC+키/NNG+키/XSV+ETN"
          },
          {
            "id": 8,
            "text": "1 : 친구네 고양이가 교미 해서 낳은 애기야?",
            "norm_text": "친구네 고양이가 교미 해서 낳은 애기야?",
            "speaker": {
              "id": "1번",
              "sex": "여성",
              "age": "20대"
            },
            "speechAct": "(지시) 질문하기",
            "morpheme": "친구/NNG+네/XSN+고양이/NNG+가/JKS+교미/NNG+해서/XSV+EC+낳/VV+은/ETM+애기/NNG+야/VCP+EF"
          },
          {
            "id": 9,
            "text": "2 : 응 맞아",
            "norm_text": "응 맞아",
            "speaker": {
              "id": "2번",
              "sex": "남성",
              "age": "20대"
            },
            "speechAct": "(단언) 주장하기",
            "morpheme": "응/IC+맞/VV+아/EC"
          },
          {
            "id": 10,
            "text": "2 : 친구네 고양이가 낳아서 지금 여러 마리 있는 거 같더라고 키키",
            "norm_text": "친구네 고양이가 낳아서 지금 여러 마리 있는 거 같더라고 키키",
            "speaker": {
              "id": "2번",
              "sex": "남성",
              "age": "20대"
            },
            "speechAct": "(단언) 진술하기",
            "morpheme": "친구/NNG+네/XSN+고양이/NNG+가/JKS+낳/VV+아서/EC+지금/MAG+여러/MM+마리/NNBC+있/VV+는/ETM+거/NNB+같/VA+더라고/EC+키/NNG+키/XSV+ETN"
          },
          {
            "id": 11,
            "text": "1 : 그 고양이가 몇 마리 정도 낳았는데?",
            "norm_text": "그 고양이가 몇 마리 정도 낳았는데?",
            "speaker": {
              "id": "1번",
              "sex": "여성",
              "age": "20대"
            },
            "speechAct": "(지시) 질문하기",
            "morpheme": "그/MM+고양이/NNG+가/JKS+몇/MM+마리/NNBC+정도/NNG+낳/VV+았/EP+는데/EF"
          },
          {
            "id": 12,
            "text": "2 : 다섯 마리라고 했나?",
            "norm_text": "다섯 마리라고 했나?",
            "speaker": {
              "id": "2번",
              "sex": "남성",
              "age": "20대"
            },
            "speechAct": "(지시) 질문하기",
            "morpheme": "다섯/NR+마리/NNBC+라고/VCP+EC+했/VX+EP+나/EF"
          },
          {
            "id": 13,
            "text": "2 : 그 정도 되었던 거 같아 키키",
            "norm_text": "그 정도 되었던 거 같아 키키",
            "speaker": {
              "id": "2번",
              "sex": "남성",
              "age": "20대"
            },
            "speechAct": "(단언) 진술하기",
            "morpheme": "그/MM+정도/NNG+되/XSV+었/EP+던/ETM+거/NNB+같/VA+아/EC+키/NNG+키/XSV+ETN"
          },
          {
            "id": 14,
            "text": "1 : 그러면 또 그 고양이 중성화 수술 안 시키고 교배 시킬 거래?",
            "norm_text": "그러면 또 그 고양이 중성화 수술 안 시키고 교배 시킬 거래?",
            "speaker": {
              "id": "1번",
              "sex": "여성",
              "age": "20대"
            },
            "speechAct": "(지시) 질문하기",
            "morpheme": "그러면/MAJ+또/MAG+그/MM+고양이/NNG+중성화/NNG+수술/NNG+안/MAG+시키/VV+고/EC+교배/NNG+시킬/XSV+ETM+거/NNB+래/VCP+EF"
          },
          {
            "id": 15,
            "text": "2 : 글쎄 그런 거까지는 서로 말하진 않았어 키키",
            "norm_text": "글쎄 그런 거까지는 서로 말하진 않았어 키키",
            "speaker": {
              "id": "2번",
              "sex": "남성",
              "age": "20대"
            },
            "speechAct": "(단언) 진술하기",
            "morpheme": "글쎄/IC+그런/MM+거/NNB+까지/JX+는/JX+서로/MAG+말/NNG+하/XSV+진/EC+JX+않/VX+았/EP+어/EC+키/NNG+키/XSV+ETN"
          },
          {
            "id": 16,
            "text": "2 : 안 시키지 않을까?",
            "norm_text": "안 시키지 않을까?",
            "speaker": {
              "id": "2번",
              "sex": "남성",
              "age": "20대"
            },
            "speechAct": "(단언) 주장하기",
            "morpheme": "안/MAG+시키/VV+지/EC+않/VX+을까/EF"
          },
          {
            "id": 17,
            "text": "1 : 그러면 오빠가 데리고 올 냥냥이 아빠는 누구인지 모르겠네?",
            "norm_text": "그러면 오빠가 데리고 올 냥냥이 아빠는 누구인지 모르겠네?",
            "speaker": {
              "id": "1번",
              "sex": "여성",
              "age": "20대"
            },
            "speechAct": "(단언) 주장하기",
            "morpheme": "그러면/MAJ+오빠/NNG+가/JKS+데리/VV+고/EC+올/MM+냥/NNBC+냥/NNBC+이/JKS+아빠/NNG+는/JX+누구/NP+인지/VCP+EC+모르/VV+겠/EP+네/EF"
          },
          {
            "id": 18,
            "text": "2 : 왜? 거기 고양이 두 마린데 왜?",
            "norm_text": "왜? 거기 고양이 두 마린데 왜?",
            "speaker": {
              "id": "2번",
              "sex": "남성",
              "age": "20대"
            },
            "speechAct": "(지시) 질문하기",
            "morpheme": "왜/MAG+거기/NP+고양이/NNG+두/JX+마린/NNG+데/NNB+왜/MAG"
          },
          {
            "id": 19,
            "text": "1 : 아 친구네 냥냥이 두 마리가 서로 사랑해서 낳은 애기들이야?",
            "norm_text": "아 친구네 냥냥이 두 마리가 서로 사랑해서 낳은 애기들이야?",
            "speaker": {
              "id": "1번",
              "sex": "여성",
              "age": "20대"
            },
            "speechAct": "(지시) 질문하기",
            "morpheme": "아/IC+친구/NNG+네/MM+냥/NNBC+냥/NNBC+이/JKS+두/MM+마리/NNBC+가/JKS+서로/MAG+사랑/NNG+해서/XSV+EC+낳/VV+은/ETM+애기/NNG+들/XSN+이/VCP+야/EF"
          },
          {
            "id": 20,
            "text": "2 : 응 맞아",
            "norm_text": "응 맞아",
            "speaker": {
              "id": "2번",
              "sex": "남성",
              "age": "20대"
            },
            "speechAct": "(단언) 주장하기",
            "morpheme": "응/IC+맞/VV+아/EC"
          },
          {
            "id": 21,
            "text": "2 : 개네 둘이 사랑해서 낳은 건데 왜 아빠가 달라...",
            "norm_text": "개네 둘이 사랑해서 낳은 건데 왜 아빠가 달라...",
            "speaker": {
              "id": "2번",
              "sex": "남성",
              "age": "20대"
            },
            "speechAct": "(단언) 주장하기",
            "morpheme": "개/NP+네/XSN+둘/NR+이/NR+사랑/NNG+해서/XSV+EC+낳/VV+은/ETM+건데/NNB+VCP+EC+왜/MAG+아빠/NNG+가/JKS+달라/VA+EF+./SY"
          },
          {
            "id": 22,
            "text": "1 : 아니 키키",
            "norm_text": "아니 키키",
            "speaker": {
              "id": "1번",
              "sex": "여성",
              "age": "20대"
            },
            "speechAct": "(단언) 주장하기",
            "morpheme": "아니/IC+키/NNG+키/XSV+ETN"
          },
          {
            "id": 23,
            "text": "1 : 나는 어디 데려가서 일부러 교배 시켜온 줄 알았지!",
            "norm_text": "나는 어디 데려가서 일부러 교배 시켜온 줄 알았지!",
            "speaker": {
              "id": "1번",
              "sex": "여성",
              "age": "20대"
            },
            "speechAct": "(단언) 진술하기",
            "morpheme": "나/NP+는/JX+어디/NP+데려가/VV+서/EC+일부러/MAG+교배/NNG+시켜/XSV+EC+온/VX+ETM+줄/NNB+알/VV+았/EP+지/EF"
          },
          {
            "id": 24,
            "text": "2 : 아니야",
            "norm_text": "아니야",
            "speaker": {
              "id": "2번",
              "sex": "남성",
              "age": "20대"
            },
            "speechAct": "(단언) 주장하기",
            "morpheme": "아니/VCN+야/EC"
          },
          {
            "id": 25,
            "text": "2 : 그건 아닌 거 같더라고 키키",
            "norm_text": "그건 아닌 거 같더라고 키키",
            "speaker": {
              "id": "2번",
              "sex": "남성",
              "age": "20대"
            },
            "speechAct": "(단언) 주장하기",
            "morpheme": "그건/NP+JX+아닌/VCN+ETM+거/NNB+같/VA+더라고/EC+키/NNG+키/XSV+ETN"
          },
          {
            "id": 26,
            "text": "2 : 개가 두 마리 키우거든",
            "norm_text": "개가 두 마리 키우거든",
            "speaker": {
              "id": "2번",
              "sex": "남성",
              "age": "20대"
            },
            "speechAct": "(단언) 진술하기",
            "morpheme": "개/NNG+가/JKS+두/MM+마리/NNBC+키우/VV+거든/EC"
          }
        ]
      }
    }
  ]
}