{
  "dataset": {
    "identifier": 124158,
    "name": "FACEBOOK_125_12_set",
    "src_path": "/data/file/cubeManager/PROJECT001/84/txt20211105160907006297/FACEBOOK_125_12_set/",
    "label_path": "/data/file/cubeManager/PROJECT001/84/txt20211105160907006297/FACEBOOK_125_12_set/",
    "category": 2,
    "type": 0
  },
  "licenses": {
    "name": "Apache License 1.0",
    "url": "http://www.apache.org/licenses/LICENSE-1.0"
  },
  "info": [
    {
      "id": 140169,
      "filename": "FACEBOOK_125_12.txt",
      "title": "FACEBOOK_125_12",
      "mediatype": "SNS",
      "medianame": "페이스북",
      "category": "일상대화",
      "date": "2021-11-05",
      "size": 433,
      "annotations": {
        "subject": "여행",
        "speaker_type": "1:1",
        "size": 433,
        "word_size": 146,
        "text": "1 : 나 남친이랑 다담주 제주도 간다!\n2 : 우리 더블로 여행 같이 가자\n1 : 응...? 더블 데이트 하잔 거야?\n2 : 제주도 나도 가고 싶은데 ㅠㅠ 제주도 델고 가\n1 : 안돼 오빤 여친이랑 다른 곳 가~ 하하\n2 : 왜 나 제주도 가고 싶단 말야\n1 : 요즘 제주도 억새가 이쁘다 해서 가긴 가야 해\n2 : 키키 아 진짜 억새가 이쁘대?\n2 : 난 모르겠다\n1 : 맞아 억새가 요즘 이쁘긴 하더라고~  sns 억새 도배야\n2 : 진짜 억새 보러 거기까지 간다고?\n2 : 난 라면 먹으러 일본 가고 싶다\n1 : 지금 해외여행 가지도 못하는데 뭘...\n2 : 제주도 가면 진짜 흑돼지 꼭 먹고 와\n1 : 당연하지 이번에 흑돼지 맛집 예약하려고!\n2 : 고사리 해장국이랑 그거 고기 국수 알지 먹어야 하는 거\n1 : 알지 키키 나 제주도 매니아라서 다 알아\n2 : 아 제주도는 맛집이 너무 많아 좋아",
        "lines": [
          {
            "id": 1,
            "text": "1 : 나 남친이랑 다담주 제주도 간다!",
            "norm_text": "나 남친이랑 다담주 제주도 간다!",
            "speaker": {
              "id": "1번",
              "sex": "여성",
              "age": "20대"
            },
            "speechAct": "(단언) 진술하기",
            "morpheme": "나/NP+남친/NNG+이랑/JKB+다담/NNG+주제/NNG+주도/NNG+간다/VV+EF"
          },
          {
            "id": 2,
            "text": "2 : 우리 더블로 여행 같이 가자",
            "norm_text": "우리 더블로 여행 같이 가자",
            "speaker": {
              "id": "2번",
              "sex": "남성",
              "age": "20대"
            },
            "speechAct": "(언약) 약속하기(제3자와)/(개인적 수준)",
            "morpheme": "우리/NP+더블/NNG+로/JKB+여행/NNG+같이/JKB+가/VV+자/EC"
          },
          {
            "id": 3,
            "text": "1 : 응...? 더블 데이트 하잔 거야?",
            "norm_text": "응...? 더블 데이트 하잔 거야?",
            "speaker": {
              "id": "1번",
              "sex": "여성",
              "age": "20대"
            },
            "speechAct": "(지시) 질문하기",
            "morpheme": "응/IC+./SY+./SY+더블데이트/NNG+하/XSV+잔/ETM+거/NNB+야/VCP+EF"
          },
          {
            "id": 4,
            "text": "2 : 제주도 나도 가고 싶은데 ㅠㅠ 제주도 델고 가",
            "norm_text": "제주도 나도 가고 싶은데 ㅠㅠ 제주도 델고 가",
            "speaker": {
              "id": "2번",
              "sex": "남성",
              "age": "20대"
            },
            "speechAct": "(지시) 부탁하기",
            "morpheme": "제주도/NNP+나/NP+도/JX+가/VV+고/EC+싶/VX+은데/EC+ㅠㅠ/UNKNOWN+제주도/NNP+델/NNB+JKO+고가/NNG"
          },
          {
            "id": 5,
            "text": "1 : 안돼 오빤 여친이랑 다른 곳 가~ 하하",
            "norm_text": "안돼 오빤 여친이랑 다른 곳 가~ 하하",
            "speaker": {
              "id": "1번",
              "sex": "여성",
              "age": "20대"
            },
            "speechAct": "(지시) 명령/요구하기",
            "morpheme": "안/MAG+돼/VV+EC+오빤/NNG+VCP+JX+여친/NNG+이랑/JC+다른/MM+곳/NNB+가/JKS+~/SY+하하/NNP"
          },
          {
            "id": 6,
            "text": "2 : 왜 나 제주도 가고 싶단 말야",
            "norm_text": "왜 나 제주도 가고 싶단 말야",
            "speaker": {
              "id": "2번",
              "sex": "남성",
              "age": "20대"
            },
            "speechAct": "(단언) 주장하기",
            "morpheme": "왜/MAG+나/NP+제주/NNP+도/JX+가/VV+고/EC+싶/VX+단/EC+말/VX+야/EC"
          },
          {
            "id": 7,
            "text": "1 : 요즘 제주도 억새가 이쁘다 해서 가긴 가야 해",
            "norm_text": "요즘 제주도 억새가 이쁘다 해서 가긴 가야 해",
            "speaker": {
              "id": "1번",
              "sex": "여성",
              "age": "20대"
            },
            "speechAct": "(단언) 주장하기",
            "morpheme": "요즘/MAG+제주도/NNP+억새/NNG+가/JKS+이쁘/VA+다/EC+해서/VV+EC+가/VX+긴가/ETN+VCP+EC+야해/VA+EC"
          },
          {
            "id": 8,
            "text": "2 : 키키 아 진짜 억새가 이쁘대?",
            "norm_text": "키키 아 진짜 억새가 이쁘대?",
            "speaker": {
              "id": "2번",
              "sex": "남성",
              "age": "20대"
            },
            "speechAct": "(지시) 질문하기",
            "morpheme": "키/NNG+키/VV+아/EC+진짜/MAG+억새/NNG+가/JKS+이쁘/VA+대/EF"
          },
          {
            "id": 9,
            "text": "2 : 난 모르겠다",
            "norm_text": "난 모르겠다",
            "speaker": {
              "id": "2번",
              "sex": "남성",
              "age": "20대"
            },
            "speechAct": "(단언) 주장하기",
            "morpheme": "난/NP+JX+모르/VV+겠/EP+다/EC"
          },
          {
            "id": 10,
            "text": "1 : 맞아 억새가 요즘 이쁘긴 하더라고~  sns 억새 도배야",
            "norm_text": "맞아 억새가 요즘 이쁘긴 하더라고~  sns 억새 도배야",
            "speaker": {
              "id": "1번",
              "sex": "여성",
              "age": "20대"
            },
            "speechAct": "(단언) 진술하기",
            "morpheme": "맞아억새가요즘이쁘긴하더라고/UNKNOWN+~/SY+sns/SL+억새/NNG+도/JX+배/VA+야/EC"
          },
          {
            "id": 11,
            "text": "2 : 진짜 억새 보러 거기까지 간다고?",
            "norm_text": "진짜 억새 보러 거기까지 간다고?",
            "speaker": {
              "id": "2번",
              "sex": "남성",
              "age": "20대"
            },
            "speechAct": "(지시) 질문하기",
            "morpheme": "진짜/MAG+억새/NNG+보러/JKB+거기/NP+까지/JX+간다고/VV+EF"
          },
          {
            "id": 12,
            "text": "2 : 난 라면 먹으러 일본 가고 싶다",
            "norm_text": "난 라면 먹으러 일본 가고 싶다",
            "speaker": {
              "id": "2번",
              "sex": "남성",
              "age": "20대"
            },
            "speechAct": "(단언) 주장하기",
            "morpheme": "난/NP+JX+라면/VCP+EC+먹/VV+으러/EC+일본/NNP+가/VV+고/EC+싶/VX+다/EC"
          },
          {
            "id": 13,
            "text": "1 : 지금 해외여행 가지도 못하는데 뭘...",
            "norm_text": "지금 해외여행 가지도 못하는데 뭘...",
            "speaker": {
              "id": "1번",
              "sex": "여성",
              "age": "20대"
            },
            "speechAct": "(단언) 주장하기",
            "morpheme": "지금/MAG+해외여행/NNG+가지/VV+도/EC+못하/VX+는데/EC+뭘/NP+JKO+./SY"
          },
          {
            "id": 14,
            "text": "2 : 제주도 가면 진짜 흑돼지 꼭 먹고 와",
            "norm_text": "제주도 가면 진짜 흑돼지 꼭 먹고 와",
            "speaker": {
              "id": "2번",
              "sex": "남성",
              "age": "20대"
            },
            "speechAct": "(지시) 명령/요구하기",
            "morpheme": "제주/NNP+도/JX+가/VV+면/EC+진짜/MAG+흑/IC+돼지/NNG+꼭/MAG+먹/VV+고/EC+와/VV+EC"
          },
          {
            "id": 15,
            "text": "1 : 당연하지 이번에 흑돼지 맛집 예약하려고!",
            "norm_text": "당연하지 이번에 흑돼지 맛집 예약하려고!",
            "speaker": {
              "id": "1번",
              "sex": "여성",
              "age": "20대"
            },
            "speechAct": "(단언) 진술하기",
            "morpheme": "당연/XR+하/XSA+지/EC+이번/NNG+에/JKB+흑/IC+돼지/NNG+맛집/NNG+예약/NNG+하/XSA+려고/EF"
          },
          {
            "id": 16,
            "text": "2 : 고사리 해장국이랑 그거 고기 국수 알지 먹어야 하는 거",
            "norm_text": "고사리 해장국이랑 그거 고기 국수 알지 먹어야 하는 거",
            "speaker": {
              "id": "2번",
              "sex": "남성",
              "age": "20대"
            },
            "speechAct": "(단언) 주장하기",
            "morpheme": "고사리/NNG+해장국/NNG+이랑/JC+그거/NP+고기/NNG+국수/NNG+알/VV+지/EC+먹/VV+어야/EC+하/VV+는/ETM+거/NNB"
          },
          {
            "id": 17,
            "text": "1 : 알지 키키 나 제주도 매니아라서 다 알아",
            "norm_text": "알지 키키 나 제주도 매니아라서 다 알아",
            "speaker": {
              "id": "1번",
              "sex": "여성",
              "age": "20대"
            },
            "speechAct": "(단언) 주장하기",
            "morpheme": "알/VV+지/EC+키/NNG+키나/XSA+ETN+JX+제주도/NNP+매니아/NNP+라서/VCP+EC+다/MAG+알/VV+아/EC"
          },
          {
            "id": 18,
            "text": "2 : 아 제주도는 맛집이 너무 많아 좋아",
            "norm_text": "아 제주도는 맛집이 너무 많아 좋아",
            "speaker": {
              "id": "2번",
              "sex": "남성",
              "age": "20대"
            },
            "speechAct": "(단언) 주장하기",
            "morpheme": "아/IC+제주도/NNP+는/JX+맛집/NNG+이/JKS+너무/MAG+많/VA+아/EC+좋/VA+아/EC"
          }
        ]
      }
    }
  ]
}