{
  "dataset": {
    "identifier": 126944,
    "name": "FACEBOOK_122_10_set",
    "src_path": "/data/file/cubeManager/PROJECT001/84/txt202111041818320065100/FACEBOOK_122_10_set/",
    "label_path": "/data/file/cubeManager/PROJECT001/84/txt202111041818320065100/FACEBOOK_122_10_set/",
    "category": 2,
    "type": 0
  },
  "licenses": {
    "name": "Apache License 1.0",
    "url": "http://www.apache.org/licenses/LICENSE-1.0"
  },
  "info": [
    {
      "id": 137578,
      "filename": "FACEBOOK_122_10.txt",
      "title": "FACEBOOK_122_10",
      "mediatype": "SNS",
      "medianame": "페이스북",
      "category": "일상대화",
      "date": "2021-11-04",
      "size": 390,
      "annotations": {
        "subject": "스포츠/레저",
        "speaker_type": "1:1",
        "size": 390,
        "word_size": 140,
        "text": "1 : 오빠 낚시 가는 거 좋아함?\n2 : 웅 나 낚시 좋아하지 엄청\n1 : 나 낚시 한번 도전해 보고 싶어 키키\n2 : 진짜 배 통통 낚시 좋아해\n1 : 무슨 낚시 좋아해? 민물 아니면 바다\n2 : 낚시 한번 따라 가볼래? 키키 바다\n1 : 나는 바다 낚시 궁금하더라고 키키\n2 : 진짜 바다에서 하는 낚시가 젤 재밌어\n1 : 얼마 전에 유튜브로 쭈꾸미 잡는 거 봤어\n2 : 그대신 멀미 많이 하면 너 못 간다 키키\n1 : 아 그래? 배 멀미 엄청 심한데 키키\n2 : 진짜 배에서 먹는 회 맛이라~ 꿀맛\n1 : 헐 ㅠ 바로 썰어 먹는 게 또 기가 막히지 키키\n2 : 진짜 나 같이 간 아주머니 있는데 배에서 그냥 쓰러져있었어 키키\n1 : 헐~ 나도 그렇게 될 거 같네 ㅠㅠ\n2 : 진짜 아 날 잡고 배 낚시나 가야겠다 키키",
        "lines": [
          {
            "id": 1,
            "text": "1 : 오빠 낚시 가는 거 좋아함?",
            "norm_text": "오빠 낚시 가는 거 좋아함?",
            "speaker": {
              "id": "1번",
              "sex": "여성",
              "age": "20대"
            },
            "speechAct": "(지시) 질문하기",
            "morpheme": "오빠/NNG+낚시/NNG+가/VV+는/ETM+거/NNB+좋/VA+아함/IC+ETN"
          },
          {
            "id": 2,
            "text": "2 : 웅 나 낚시 좋아하지 엄청",
            "norm_text": "웅 나 낚시 좋아하지 엄청",
            "speaker": {
              "id": "2번",
              "sex": "남성",
              "age": "20대"
            },
            "speechAct": "(단언) 주장하기",
            "morpheme": "웅/IC+나/NP+낚/VV+시/EP+좋/VA+아/EC+하/VV+지/EC+엄청/MAG"
          },
          {
            "id": 3,
            "text": "1 : 나 낚시 한번 도전해 보고 싶어 키키",
            "norm_text": "나 낚시 한번 도전해 보고 싶어 키키",
            "speaker": {
              "id": "1번",
              "sex": "여성",
              "age": "20대"
            },
            "speechAct": "(단언) 주장하기",
            "morpheme": "나/NP+낚/VV+시/EP+한/MM+번/NNBC+도/JX+전해/VV+EC+보/VX+고/EC+싶/VX+어/EC+키/NNG+키/XSV+ETN"
          },
          {
            "id": 4,
            "text": "2 : 진짜 배 통통 낚시 좋아해",
            "norm_text": "진짜 배 통통 낚시 좋아해",
            "speaker": {
              "id": "2번",
              "sex": "남성",
              "age": "20대"
            },
            "speechAct": "(단언) 주장하기",
            "morpheme": "진짜/MAG+배/NNG+통통/MAG+낚/VV+시/EP+좋/VA+아/EC+해/VV+EC"
          },
          {
            "id": 5,
            "text": "1 : 무슨 낚시 좋아해? 민물 아니면 바다",
            "norm_text": "무슨 낚시 좋아해? 민물 아니면 바다",
            "speaker": {
              "id": "1번",
              "sex": "여성",
              "age": "20대"
            },
            "speechAct": "(지시) 질문하기",
            "morpheme": "무슨/MM+낚시/NNG+좋/VA+아/EC+해/VX+EF+민물/NNG+아니/VCN+면/EC+바다/NNG"
          },
          {
            "id": 6,
            "text": "2 : 낚시 한번 따라 가볼래? 키키 바다",
            "norm_text": "낚시 한번 따라 가볼래? 키키 바다",
            "speaker": {
              "id": "2번",
              "sex": "남성",
              "age": "20대"
            },
            "speechAct": "(지시) 충고/제안하기",
            "morpheme": "낚시/NNG+한/MM+번/NNBC+따라가/VV+볼래/EC+VX+EF+키/NNG+키/NNG+바다/NNG"
          },
          {
            "id": 7,
            "text": "1 : 나는 바다 낚시 궁금하더라고 키키",
            "norm_text": "나는 바다 낚시 궁금하더라고 키키",
            "speaker": {
              "id": "1번",
              "sex": "여성",
              "age": "20대"
            },
            "speechAct": "(단언) 주장하기",
            "morpheme": "나/NP+는/JX+바다낚시/NNG+궁금/XR+하/XSA+더라고/EC+키/NNG+키/XSV+ETN"
          },
          {
            "id": 8,
            "text": "2 : 진짜 바다에서 하는 낚시가 젤 재밌어",
            "norm_text": "진짜 바다에서 하는 낚시가 젤 재밌어",
            "speaker": {
              "id": "2번",
              "sex": "남성",
              "age": "20대"
            },
            "speechAct": "(단언) 주장하기",
            "morpheme": "진짜/MAG+바다/NNG+에서/JKB+하/VV+는/ETM+낚시/NNG+가/JKS+젤/MAG+재밌/VA+어/EC"
          },
          {
            "id": 9,
            "text": "1 : 얼마 전에 유튜브로 쭈꾸미 잡는 거 봤어",
            "norm_text": "얼마 전에 유튜브로 쭈꾸미 잡는 거 봤어",
            "speaker": {
              "id": "1번",
              "sex": "여성",
              "age": "20대"
            },
            "speechAct": "(단언) 주장하기",
            "morpheme": "얼마/NNG+전/NNG+에/JKB+유튜브/NNP+로쭈/UNKNOWN+꾸미/NNG+잡/VV+는/ETM+거/NNB+봤/VV+EP+어/EC"
          },
          {
            "id": 10,
            "text": "2 : 그대신 멀미 많이 하면 너 못 간다 키키",
            "norm_text": "그대신 멀미 많이 하면 너 못 간다 키키",
            "speaker": {
              "id": "2번",
              "sex": "남성",
              "age": "20대"
            },
            "speechAct": "(단언) 주장하기",
            "morpheme": "그/MM+대신/NNG+멀미/NNG+많이/MAG+하/VV+면/EC+너/NP+못/MAG+간/VV+ETM+다키키/NNP"
          },
          {
            "id": 11,
            "text": "1 : 아 그래? 배 멀미 엄청 심한데 키키",
            "norm_text": "아 그래? 배 멀미 엄청 심한데 키키",
            "speaker": {
              "id": "1번",
              "sex": "여성",
              "age": "20대"
            },
            "speechAct": "(단언) 주장하기",
            "morpheme": "아/IC+그래/IC+배멀미엄청심한데키키/UNKNOWN"
          },
          {
            "id": 12,
            "text": "2 : 진짜 배에서 먹는 회 맛이라~ 꿀맛",
            "norm_text": "진짜 배에서 먹는 회 맛이라~ 꿀맛",
            "speaker": {
              "id": "2번",
              "sex": "남성",
              "age": "20대"
            },
            "speechAct": "(단언) 주장하기",
            "morpheme": "진짜/MAG+배/NNG+에서/JKB+먹/VV+는/ETM+회/NNG+맛/NNG+이/VCP+라/EC+~/SY+꿀맛/NNG"
          },
          {
            "id": 13,
            "text": "1 : 헐 ㅠ 바로 썰어 먹는 게 또 기가 막히지 키키",
            "norm_text": "헐 ㅠ 바로 썰어 먹는 게 또 기가 막히지 키키",
            "speaker": {
              "id": "1번",
              "sex": "여성",
              "age": "20대"
            },
            "speechAct": "(단언) 주장하기",
            "morpheme": "헐ㅠ/UNKNOWN+바로/MAG+썰/VV+어/EC+먹/VV+는/ETM+게/NNB+JKS+또/MAG+기/NNG+가/JKS+막히/VV+지/EC+키/NNG+키/XSV+ETN"
          },
          {
            "id": 14,
            "text": "2 : 진짜 나 같이 간 아주머니 있는데 배에서 그냥 쓰러져있었어 키키",
            "norm_text": "진짜 나 같이 간 아주머니 있는데 배에서 그냥 쓰러져있었어 키키",
            "speaker": {
              "id": "2번",
              "sex": "남성",
              "age": "20대"
            },
            "speechAct": "(단언) 주장하기",
            "morpheme": "진짜/MAG+나/NP+같이/MAG+간/VV+ETM+아주머니/NNG+있/VV+는데/EC+배/NNG+에서/JKB+그냥/MAG+쓰러져/VV+EC+있/VX+었/EP+어/EC+키/NNG+키/XSV+ETN"
          },
          {
            "id": 15,
            "text": "1 : 헐~ 나도 그렇게 될 거 같네 ㅠㅠ",
            "norm_text": "헐~ 나도 그렇게 될 거 같네 ㅠㅠ",
            "speaker": {
              "id": "1번",
              "sex": "여성",
              "age": "20대"
            },
            "speechAct": "(단언) 주장하기",
            "morpheme": "헐/NNP+~/SY+나/NP+도/JX+그렇게/MAG+될/VV+ETM+거/NNB+같/VA+네/EF+ㅠㅠ/UNKNOWN"
          },
          {
            "id": 16,
            "text": "2 : 진짜 아 날 잡고 배 낚시나 가야겠다 키키",
            "norm_text": "진짜 아 날 잡고 배 낚시나 가야겠다 키키",
            "speaker": {
              "id": "2번",
              "sex": "남성",
              "age": "20대"
            },
            "speechAct": "(단언) 주장하기",
            "morpheme": "진짜/MAG+아날/NNG+잡/VV+고/EC+배낚시/NNG+나가/VV+야/EC+VX+겠/EP+다키키/NNP"
          }
        ]
      }
    }
  ]
}