{
  "dataset": {
    "identifier": 102243,
    "name": "FACEBOOK_108_17_set",
    "src_path": "/data/file/cubeManager/PROJECT001/77/txt20211029160805051022/FACEBOOK_108_17_set/",
    "label_path": "/data/file/cubeManager/PROJECT001/77/txt20211029160805051022/FACEBOOK_108_17_set/",
    "category": 2,
    "type": 0
  },
  "licenses": {
    "name": "Apache License 1.0",
    "url": "http://www.apache.org/licenses/LICENSE-1.0"
  },
  "info": [
    {
      "id": 111305,
      "filename": "FACEBOOK_108_17.txt",
      "title": "FACEBOOK_108_17",
      "mediatype": "SNS",
      "medianame": "페이스북",
      "category": "일상대화",
      "date": "2021-10-29",
      "size": 472,
      "annotations": {
        "subject": "건강",
        "speaker_type": "1:1",
        "size": 472,
        "word_size": 173,
        "text": "1 : 너는 시력이 좋은 편이야?\n2 : 아니\n2 : 별로 안 좋아\n2 : 핸드폰을 많이 해서 그런가 봐\n1 : 너 지금 안경 쓰고 있어?\n2 : 어 맞아\n2 : 지금 딱 안경 쓰고 있어 하하\n1 : 키키 어떤 안경 쓰고 있어?\n1 : 뿔테안경?\n2 : 아니\n2 : 똥그란 안경 쓰고 있어\n1 : 그래도 그렇게 나쁘진 않네\n1 : 진짜 나쁜 애들은 똥그란 거 못 끼잖아!\n2 : 어 맞아\n2 : 태가 얇아서 렌즈가 다 튀어나오더라\n1 : 맞아 키키\n1 : 내 친구는 기본 6번 압축해!\n2 : 와 그 정도면 눈이 장식인 거 아닐까...\n1 : 키키 맞아\n1 : 그래서 얘 이번에 라색수술 한다고 했어!\n2 : 헐 라섹 하면 좋겠다 편하고\n1 : 맞아\n1 : 대신에 이것도 수술이니까 부작용 감수하는 하는 거래!\n2 : 맞아 맞아\n2 : 근데 눈이 많이 좋으면 하는 게 좋은 거 같기도 해\n1 : 맞아 키키\n1 : 어차피 안 좋은 거 그냥 한대!\n2 : 키키 맞아 내 친구도 한다고 하더라 하하",
        "lines": [
          {
            "id": 1,
            "text": "1 : 너는 시력이 좋은 편이야?",
            "norm_text": "너는 시력이 좋은 편이야?",
            "speaker": {
              "id": "1번",
              "sex": "여성",
              "age": "20대"
            },
            "speechAct": "(지시) 질문하기",
            "morpheme": "너/NP+는/JX+시력/NNG+이/JKS+좋/VA+은/ETM+편/NNB+이/VCP+야/EF"
          },
          {
            "id": 2,
            "text": "2 : 아니",
            "norm_text": "아니",
            "speaker": {
              "id": "2번",
              "sex": "여성",
              "age": "20대"
            },
            "speechAct": "(단언) 진술하기",
            "morpheme": "아니/IC"
          },
          {
            "id": 3,
            "text": "2 : 별로 안 좋아",
            "norm_text": "별로 안 좋아",
            "speaker": {
              "id": "2번",
              "sex": "여성",
              "age": "20대"
            },
            "speechAct": "(단언) 주장하기",
            "morpheme": "별로/MAG+안/MAG+좋/VA+아/EC"
          },
          {
            "id": 4,
            "text": "2 : 핸드폰을 많이 해서 그런가 봐",
            "norm_text": "핸드폰을 많이 해서 그런가 봐",
            "speaker": {
              "id": "2번",
              "sex": "여성",
              "age": "20대"
            },
            "speechAct": "(단언) 주장하기",
            "morpheme": "핸드폰/NNG+을/JKO+많이/MAG+해서/VV+EC+그런가/VA+EC+봐/VX+EC"
          },
          {
            "id": 5,
            "text": "1 : 너 지금 안경 쓰고 있어?",
            "norm_text": "너 지금 안경 쓰고 있어?",
            "speaker": {
              "id": "1번",
              "sex": "여성",
              "age": "20대"
            },
            "speechAct": "(지시) 질문하기",
            "morpheme": "너/NP+지금/MAG+안경/NNG+쓰/VV+고/EC+있/VX+어/EF"
          },
          {
            "id": 6,
            "text": "2 : 어 맞아",
            "norm_text": "어 맞아",
            "speaker": {
              "id": "2번",
              "sex": "여성",
              "age": "20대"
            },
            "speechAct": "(단언) 진술하기",
            "morpheme": "어/IC+맞/VV+아/EC"
          },
          {
            "id": 7,
            "text": "2 : 지금 딱 안경 쓰고 있어 하하",
            "norm_text": "지금 딱 안경 쓰고 있어 하하",
            "speaker": {
              "id": "2번",
              "sex": "여성",
              "age": "20대"
            },
            "speechAct": "(단언) 진술하기",
            "morpheme": "지금/MAG+딱/MAG+안경/NNG+쓰/VV+고/EC+있/VX+어/EC+하하/MAG"
          },
          {
            "id": 8,
            "text": "1 : 키키 어떤 안경 쓰고 있어?",
            "norm_text": "키키 어떤 안경 쓰고 있어?",
            "speaker": {
              "id": "1번",
              "sex": "여성",
              "age": "20대"
            },
            "speechAct": "(지시) 질문하기",
            "morpheme": "키키/NNP+어떤/MM+안경/NNG+쓰/VV+고/EC+있/VX+어/EF"
          },
          {
            "id": 9,
            "text": "1 : 뿔테안경?",
            "norm_text": "뿔테안경?",
            "speaker": {
              "id": "1번",
              "sex": "여성",
              "age": "20대"
            },
            "speechAct": "(지시) 질문하기",
            "morpheme": "뿔테/NNG+안경/NNG"
          },
          {
            "id": 10,
            "text": "2 : 아니",
            "norm_text": "아니",
            "speaker": {
              "id": "2번",
              "sex": "여성",
              "age": "20대"
            },
            "speechAct": "(단언) 주장하기",
            "morpheme": "아니/IC"
          },
          {
            "id": 11,
            "text": "2 : 똥그란 안경 쓰고 있어",
            "norm_text": "똥그란 안경 쓰고 있어",
            "speaker": {
              "id": "2번",
              "sex": "여성",
              "age": "20대"
            },
            "speechAct": "(단언) 진술하기",
            "morpheme": "똥그란/VA+ETM+안경/NNG+쓰/VV+고/EC+있/VX+어/EC"
          },
          {
            "id": 12,
            "text": "1 : 그래도 그렇게 나쁘진 않네",
            "norm_text": "그래도 그렇게 나쁘진 않네",
            "speaker": {
              "id": "1번",
              "sex": "여성",
              "age": "20대"
            },
            "speechAct": "(단언) 주장하기",
            "morpheme": "그래도/MAJ+그렇게/MAG+나쁘/VA+진/EC+JX+않/VX+네/EC"
          },
          {
            "id": 13,
            "text": "1 : 진짜 나쁜 애들은 똥그란 거 못 끼잖아!",
            "norm_text": "진짜 나쁜 애들은 똥그란 거 못 끼잖아!",
            "speaker": {
              "id": "1번",
              "sex": "여성",
              "age": "20대"
            },
            "speechAct": "(단언) 주장하기",
            "morpheme": "진짜/MAG+나쁜/VA+ETM+애/NNG+들/XSN+은/JX+똥그란/VA+ETM+거/NNB+못/MAG+끼/VV+잖아/EF"
          },
          {
            "id": 14,
            "text": "2 : 어 맞아",
            "norm_text": "어 맞아",
            "speaker": {
              "id": "2번",
              "sex": "여성",
              "age": "20대"
            },
            "speechAct": "(단언) 주장하기",
            "morpheme": "어/IC+맞/VV+아/EC"
          },
          {
            "id": 15,
            "text": "2 : 태가 얇아서 렌즈가 다 튀어나오더라",
            "norm_text": "태가 얇아서 렌즈가 다 튀어나오더라",
            "speaker": {
              "id": "2번",
              "sex": "여성",
              "age": "20대"
            },
            "speechAct": "(단언) 진술하기",
            "morpheme": "태/NNG+가/JKS+얇/VA+아서/EC+렌즈/NNG+가/JKS+다/MAG+튀어나오/VV+더라/EC"
          },
          {
            "id": 16,
            "text": "1 : 맞아 키키",
            "norm_text": "맞아 키키",
            "speaker": {
              "id": "1번",
              "sex": "여성",
              "age": "20대"
            },
            "speechAct": "(단언) 주장하기",
            "morpheme": "맞/VV+아/EC+키/NNG+키/XSV+ETN"
          },
          {
            "id": 17,
            "text": "1 : 내 친구는 기본 6번 압축해!",
            "norm_text": "내 친구는 기본 6번 압축해!",
            "speaker": {
              "id": "1번",
              "sex": "여성",
              "age": "20대"
            },
            "speechAct": "(단언) 진술하기",
            "morpheme": "내/NP+JKG+친구/NNG+는/JX+기본/NNG+6/SN+번/NNBC+압축/NNG+해/XSV+EF"
          },
          {
            "id": 18,
            "text": "2 : 와 그 정도면 눈이 장식인 거 아닐까...",
            "norm_text": "와 그 정도면 눈이 장식인 거 아닐까...",
            "speaker": {
              "id": "2번",
              "sex": "여성",
              "age": "20대"
            },
            "speechAct": "(단언) 주장하기",
            "morpheme": "와/IC+그/MM+정도/NNG+면/VCP+EC+눈/NNG+이/JKS+장식/NNG+인/VCP+ETM+거/NNB+아닐까/VCN+EF+./SY"
          },
          {
            "id": 19,
            "text": "1 : 키키 맞아",
            "norm_text": "키키 맞아",
            "speaker": {
              "id": "1번",
              "sex": "여성",
              "age": "20대"
            },
            "speechAct": "(단언) 주장하기",
            "morpheme": "키/NNG+키/XSV+ETN+맞/VV+아/EC"
          },
          {
            "id": 20,
            "text": "1 : 그래서 얘 이번에 라색수술 한다고 했어!",
            "norm_text": "그래서 얘 이번에 라색수술 한다고 했어!",
            "speaker": {
              "id": "1번",
              "sex": "여성",
              "age": "20대"
            },
            "speechAct": "(단언) 진술하기",
            "morpheme": "그래서/MAJ+얘/IC+이번/NNG+에/JKB+라색/UNKNOWN+수술/NNG+한다고/XSV+EC+했/VX+EP+어/EF"
          },
          {
            "id": 21,
            "text": "2 : 헐 라섹 하면 좋겠다 편하고",
            "norm_text": "헐 라섹 하면 좋겠다 편하고",
            "speaker": {
              "id": "2번",
              "sex": "여성",
              "age": "20대"
            },
            "speechAct": "(단언) 주장하기",
            "morpheme": "헐라/VV+EC+섹/NNG+하/XSV+면/EC+좋/VA+겠/EP+다/EF+편하/VA+고/EC"
          },
          {
            "id": 22,
            "text": "1 : 맞아",
            "norm_text": "맞아",
            "speaker": {
              "id": "1번",
              "sex": "여성",
              "age": "20대"
            },
            "speechAct": "(단언) 주장하기",
            "morpheme": "맞/VV+아/EC"
          },
          {
            "id": 23,
            "text": "1 : 대신에 이것도 수술이니까 부작용 감수하는 하는 거래!",
            "norm_text": "대신에 이것도 수술이니까 부작용 감수하는 하는 거래!",
            "speaker": {
              "id": "1번",
              "sex": "여성",
              "age": "20대"
            },
            "speechAct": "(단언) 진술하기",
            "morpheme": "대신/NNG+에/JKB+이것/NP+도/JX+수술/NNG+이/VCP+니까/EC+부작용/NNG+감수/NNG+하/XSV+는/ETM+하/VV+는/ETM+거/NNB+래/VCP+EF"
          },
          {
            "id": 24,
            "text": "2 : 맞아 맞아",
            "norm_text": "맞아 맞아",
            "speaker": {
              "id": "2번",
              "sex": "여성",
              "age": "20대"
            },
            "speechAct": "(단언) 주장하기",
            "morpheme": "맞/VV+아/EC+맞/VV+아/EC"
          },
          {
            "id": 25,
            "text": "2 : 근데 눈이 많이 좋으면 하는 게 좋은 거 같기도 해",
            "norm_text": "근데 눈이 많이 좋으면 하는 게 좋은 거 같기도 해",
            "speaker": {
              "id": "2번",
              "sex": "여성",
              "age": "20대"
            },
            "speechAct": "(단언) 주장하기",
            "morpheme": "근데/MAJ+눈/NNG+이/JKS+많이/MAG+좋/VA+으면/EC+하/VV+는/ETM+게/NNB+JKS+좋/VA+은/ETM+거/NNB+같/VA+기/ETN+도/JX+해/VV+EC"
          },
          {
            "id": 26,
            "text": "1 : 맞아 키키",
            "norm_text": "맞아 키키",
            "speaker": {
              "id": "1번",
              "sex": "여성",
              "age": "20대"
            },
            "speechAct": "(단언) 주장하기",
            "morpheme": "맞/VV+아/EC+키/NNG+키/XSV+ETN"
          },
          {
            "id": 27,
            "text": "1 : 어차피 안 좋은 거 그냥 한대!",
            "norm_text": "어차피 안 좋은 거 그냥 한대!",
            "speaker": {
              "id": "1번",
              "sex": "여성",
              "age": "20대"
            },
            "speechAct": "(단언) 진술하기",
            "morpheme": "어차피/MAG+안/MAG+좋/VA+은/ETM+거/NNB+그냥/MAG+한대/VV+EF"
          },
          {
            "id": 28,
            "text": "2 : 키키 맞아 내 친구도 한다고 하더라 하하",
            "norm_text": "키키 맞아 내 친구도 한다고 하더라 하하",
            "speaker": {
              "id": "2번",
              "sex": "여성",
              "age": "20대"
            },
            "speechAct": "(단언) 진술하기",
            "morpheme": "키/NNG+키/XSV+ETN+맞/VV+아/EC+내/NP+JKG+친구/NNG+도/JX+한다고/VV+EC+하/VV+더라/EC+하하/MAG"
          }
        ]
      }
    }
  ]
}