{
  "dataset": {
    "identifier": 99636,
    "name": "FACEBOOK_107_03_set",
    "src_path": "/data/file/cubeManager/PROJECT001/77/txt20211029160805023791/FACEBOOK_107_03_set/",
    "label_path": "/data/file/cubeManager/PROJECT001/77/txt20211029160805023791/FACEBOOK_107_03_set/",
    "category": 2,
    "type": 0
  },
  "licenses": {
    "name": "Apache License 1.0",
    "url": "http://www.apache.org/licenses/LICENSE-1.0"
  },
  "info": [
    {
      "id": 111271,
      "filename": "FACEBOOK_107_03.txt",
      "title": "FACEBOOK_107_03",
      "mediatype": "SNS",
      "medianame": "페이스북",
      "category": "일상대화",
      "date": "2021-10-29",
      "size": 386,
      "annotations": {
        "subject": "교통",
        "speaker_type": "1:1",
        "size": 386,
        "word_size": 131,
        "text": "1 : 언니는 교통사고 나본 적 있어?\n2 : 웅 나는 딱 한번 친구 차로\n1 : 헐! 그때 누가 잘못한 거야!\n2 : 택시 기사였는데 그래서 입원했어 넷이\n1 : 헐 ㅜㅜ 대박 ㅜㅜ 어느  병원 갔었어?\n2 : 재밌었어 백제병원 키키\n2 : 합의 힘들었지\n1 : 그 택시 기사는 왜 사고 낸 거래?\n2 : 사차로에서 신호 무시 하고 달렸지 뭐\n1 : 헐랭, 이래서 택시가 진짜 위험해!\n2 : 택시 보험도 엄청 짜\n1 : 택시 보험?\n1 : 그냥 보험사에서 해 주는 거 아니야?\n2 : 근데도 택시 회사랑은 원래 어렵데 버스도\n1 : 아 택시 회사랑도 합의를 보는 거야?\n2 : 그게 모르겠는데 그쪽이랑 연결돼있음 어렵데\n1 : 헐랭, 그래서  합의금 제대로 못 받았어?\n2 : 그냥 그럭저럭?\n2 : 그래도 좋았지 꽁돈",
        "lines": [
          {
            "id": 1,
            "text": "1 : 언니는 교통사고 나본 적 있어?",
            "norm_text": "언니는 교통사고 나본 적 있어?",
            "speaker": {
              "id": "1번",
              "sex": "여성",
              "age": "20대"
            },
            "speechAct": "(지시) 질문하기",
            "morpheme": "언니/NNG+는/JX+교통사고/NNG+나/JX+본/VV+ETM+적/NNB+있/VA+어/EF"
          },
          {
            "id": 2,
            "text": "2 : 웅 나는 딱 한번 친구 차로",
            "norm_text": "웅 나는 딱 한번 친구 차로",
            "speaker": {
              "id": "2번",
              "sex": "여성",
              "age": "20대"
            },
            "speechAct": "(단언) 진술하기",
            "morpheme": "웅/IC+나/NP+는/JX+딱/MAG+한번/MAG+친구/NNG+차/NNG+로/JKB"
          },
          {
            "id": 3,
            "text": "1 : 헐! 그때 누가 잘못한 거야!",
            "norm_text": "헐! 그때 누가 잘못한 거야!",
            "speaker": {
              "id": "1번",
              "sex": "여성",
              "age": "20대"
            },
            "speechAct": "(지시) 질문하기",
            "morpheme": "헐/IC+그때/NNG+누가/NP+JKS+잘못/MAG+한/XSA+ETM+거/NNB+야/VCP+EF"
          },
          {
            "id": 4,
            "text": "2 : 택시 기사였는데 그래서 입원했어 넷이",
            "norm_text": "택시 기사였는데 그래서 입원했어 넷이",
            "speaker": {
              "id": "2번",
              "sex": "여성",
              "age": "20대"
            },
            "speechAct": "(단언) 주장하기",
            "morpheme": "택시/NNG+기사/NNG+였/VCP+EP+는데/EC+그래서/MAJ+입원/NNG+했/XSV+EP+어/EF+넷/NR+이/JKS"
          },
          {
            "id": 5,
            "text": "1 : 헐 ㅜㅜ 대박 ㅜㅜ 어느  병원 갔었어?",
            "norm_text": "헐 ㅜㅜ 대박 ㅜㅜ 어느  병원 갔었어?",
            "speaker": {
              "id": "1번",
              "sex": "여성",
              "age": "20대"
            },
            "speechAct": "(지시) 질문하기",
            "morpheme": "헐/VV+JKO+ㅜㅜ/UNKNOWN+대박/NNG+ㅜㅜ/UNKNOWN+어느/MM+병원/NNG+갔었/VV+EP+어/EF"
          },
          {
            "id": 6,
            "text": "2 : 재밌었어 백제병원 키키",
            "norm_text": "재밌었어 백제병원 키키",
            "speaker": {
              "id": "2번",
              "sex": "여성",
              "age": "20대"
            },
            "speechAct": "(단언) 주장하기",
            "morpheme": "재밌/VA+었/EP+어/EC+백제/NNG+병원/NNG+키/NNG+키/XSV+ETN"
          },
          {
            "id": 7,
            "text": "2 : 합의 힘들었지",
            "norm_text": "합의 힘들었지",
            "speaker": {
              "id": "2번",
              "sex": "여성",
              "age": "20대"
            },
            "speechAct": "(단언) 주장하기",
            "morpheme": "합의/NNG+힘들/VA+었/EP+지/EC"
          },
          {
            "id": 8,
            "text": "1 : 그 택시 기사는 왜 사고 낸 거래?",
            "norm_text": "그 택시 기사는 왜 사고 낸 거래?",
            "speaker": {
              "id": "1번",
              "sex": "여성",
              "age": "20대"
            },
            "speechAct": "(지시) 질문하기",
            "morpheme": "그/MM+택시/NNG+기사/NNG+는/JX+왜/MAG+사/VV+고/EC+낸/VX+ETM+거/NNB+래/VCP+EF"
          },
          {
            "id": 9,
            "text": "2 : 사차로에서 신호 무시 하고 달렸지 뭐",
            "norm_text": "사차로에서 신호 무시 하고 달렸지 뭐",
            "speaker": {
              "id": "2번",
              "sex": "여성",
              "age": "20대"
            },
            "speechAct": "(단언) 진술하기",
            "morpheme": "사/NR+차로/NNG+에서/JKB+신호/NNG+무시/NNG+하/XSV+고/EC+달렸/VV+EP+지/EF+뭐/IC"
          },
          {
            "id": 10,
            "text": "1 : 헐랭, 이래서 택시가 진짜 위험해!",
            "norm_text": "헐랭, 이래서 택시가 진짜 위험해!",
            "speaker": {
              "id": "1번",
              "sex": "여성",
              "age": "20대"
            },
            "speechAct": "(단언) 주장하기",
            "morpheme": "헐랭/NNP+,/SC+이래서/VV+EC+택시/NNG+가/JKS+진짜/MAG+위험/NNG+해/XSV+EF"
          },
          {
            "id": 11,
            "text": "2 : 택시 보험도 엄청 짜",
            "norm_text": "택시 보험도 엄청 짜",
            "speaker": {
              "id": "2번",
              "sex": "여성",
              "age": "20대"
            },
            "speechAct": "(단언) 주장하기",
            "morpheme": "택시/NNG+보험/NNG+도/JX+엄청/MAG+짜/VV+EC"
          },
          {
            "id": 12,
            "text": "1 : 택시 보험?",
            "norm_text": "택시 보험?",
            "speaker": {
              "id": "1번",
              "sex": "여성",
              "age": "20대"
            },
            "speechAct": "(지시) 질문하기",
            "morpheme": "택시/NNG+보험/NNG"
          },
          {
            "id": 13,
            "text": "1 : 그냥 보험사에서 해 주는 거 아니야?",
            "norm_text": "그냥 보험사에서 해 주는 거 아니야?",
            "speaker": {
              "id": "1번",
              "sex": "여성",
              "age": "20대"
            },
            "speechAct": "(지시) 질문하기",
            "morpheme": "그냥/MAG+보험/NNG+사/NNG+에서/JKB+해/VV+EC+주/VX+는/ETM+거/NNB+아니/VCN+야/EF"
          },
          {
            "id": 14,
            "text": "2 : 근데도 택시 회사랑은 원래 어렵데 버스도",
            "norm_text": "근데도 택시 회사랑은 원래 어렵데 버스도",
            "speaker": {
              "id": "2번",
              "sex": "여성",
              "age": "20대"
            },
            "speechAct": "(단언) 주장하기",
            "morpheme": "근데도/MAJ+택시/NNG+회사/NNG+랑/JKB+은/JX+원래/MAG+어렵/VA+데/EC+버스/NNG+도/JX"
          },
          {
            "id": 15,
            "text": "1 : 아 택시 회사랑도 합의를 보는 거야?",
            "norm_text": "아 택시 회사랑도 합의를 보는 거야?",
            "speaker": {
              "id": "1번",
              "sex": "여성",
              "age": "20대"
            },
            "speechAct": "(지시) 질문하기",
            "morpheme": "아/IC+택시/NNG+회사/NNG+랑/JKB+도/JX+합의/NNG+를/JKO+보/VV+는/ETM+거/NNB+야/VCP+EF"
          },
          {
            "id": 16,
            "text": "2 : 그게 모르겠는데 그쪽이랑 연결돼있음 어렵데",
            "norm_text": "그게 모르겠는데 그쪽이랑 연결돼있음 어렵데",
            "speaker": {
              "id": "2번",
              "sex": "여성",
              "age": "20대"
            },
            "speechAct": "(단언) 진술하기",
            "morpheme": "그게/NP+JKS+모르/VV+겠/EP+는데/EC+그쪽/NP+이랑/JKB+연결/NNG+돼/XSV+EC+있/VX+음/ETN+어렵/VA+데/EC"
          },
          {
            "id": 17,
            "text": "1 : 헐랭, 그래서  합의금 제대로 못 받았어?",
            "norm_text": "헐랭, 그래서  합의금 제대로 못 받았어?",
            "speaker": {
              "id": "1번",
              "sex": "여성",
              "age": "20대"
            },
            "speechAct": "(지시) 질문하기",
            "morpheme": "헐랭/NNP+,/SC+그래서/MAJ+합의금/NNG+제대로/MAG+못/MAG+받/VV+았/EP+어/EF"
          },
          {
            "id": 18,
            "text": "2 : 그냥 그럭저럭?",
            "norm_text": "그냥 그럭저럭?",
            "speaker": {
              "id": "2번",
              "sex": "여성",
              "age": "20대"
            },
            "speechAct": "(지시) 질문하기",
            "morpheme": "그냥/MAG+그럭저럭/MAG"
          },
          {
            "id": 19,
            "text": "2 : 그래도 좋았지 꽁돈",
            "norm_text": "그래도 좋았지 꽁돈",
            "speaker": {
              "id": "2번",
              "sex": "여성",
              "age": "20대"
            },
            "speechAct": "(단언) 주장하기",
            "morpheme": "그래도/MAJ+좋/VA+았/EP+지/EF+꽁/MAG+돈/NNG"
          }
        ]
      }
    }
  ]
}