{
  "dataset": {
    "identifier": 102008,
    "name": "FACEBOOK_103_12_set",
    "src_path": "/data/file/cubeManager/PROJECT001/77/txt20211028145511004486/FACEBOOK_103_12_set/",
    "label_path": "/data/file/cubeManager/PROJECT001/77/txt20211028145511004486/FACEBOOK_103_12_set/",
    "category": 2,
    "type": 0
  },
  "licenses": {
    "name": "Apache License 1.0",
    "url": "http://www.apache.org/licenses/LICENSE-1.0"
  },
  "info": [
    {
      "id": 100477,
      "filename": "FACEBOOK_103_12.txt",
      "title": "FACEBOOK_103_12",
      "mediatype": "SNS",
      "medianame": "페이스북",
      "category": "일상대화",
      "date": "2021-10-28",
      "size": 514,
      "annotations": {
        "subject": "여행",
        "speaker_type": "1:1",
        "size": 514,
        "word_size": 173,
        "text": "1 : 너 해외여행 갈 때 여행사 끼고가는 편이야?\n2 : 가족끼리 가면 여행사 끼고 가는 편이야\n1 : 가족여행으로 어디어디 가 봤어?\n2 : 일본이랑 베트남 코타키나발루 등 많이 가본 거 같아\n1 : 코타키나발루 바다가 그렇게 예쁘다며?\n2 : 맞아\n2 : 내가 가본 곳 중에 제일 이뻤어\n1 : 여행사도 잘 선정해서 가야한다던데 마음에는 들었어?\n2 : 우리는 정말 쉬려고 가서 활동 다 취소하고 시장 갈 때만 같이 갔오\n1 : 아 취소도 돼?\n1 : 내가 아는 사람은 취소가 안 돼서 피곤한데 다 따라갔었대 ㅜ\n2 : 진짜 힘들었겠다 여행사도 잘 골라야 해\n1 : 맞아 ㅜㅜ\n1 : 그래서 여행 가이드랑 엄청 싸우고 와서 여행사 안 끼고 다닌대!\n2 : 그니까 여행사 안 끼고 가도 충분히 즐길 수 있는 거 같아\n1 : 맞아\n1 : 뭐든 장단점이 있는 거 같아!\n2 : 맞아\n2 : 친구랑 갈 때는 여행사 안 끼는 게 좋은 거 같아\n1 : 맞아 그거는 인정!\n1 : 나도 친구랑 갈 때는 여행사 안 껴!\n2 : 빨리 코로나 끝나서 해외여행 가고 싶어",
        "lines": [
          {
            "id": 1,
            "text": "1 : 너 해외여행 갈 때 여행사 끼고가는 편이야?",
            "norm_text": "너 해외여행 갈 때 여행사 끼고가는 편이야?",
            "speaker": {
              "id": "1번",
              "sex": "여성",
              "age": "20대"
            },
            "speechAct": "(지시) 질문하기",
            "morpheme": "너/NP+해외여행/NNG+갈/VV+ETM+때/NNG+여행사/NNG+끼/VV+고/EC+가/VX+는/ETM+편/NNB+이/VCP+야/EF"
          },
          {
            "id": 2,
            "text": "2 : 가족끼리 가면 여행사 끼고 가는 편이야",
            "norm_text": "가족끼리 가면 여행사 끼고 가는 편이야",
            "speaker": {
              "id": "2번",
              "sex": "여성",
              "age": "20대"
            },
            "speechAct": "(단언) 진술하기",
            "morpheme": "가족/NNG+끼리/XSN+가/VV+면/EC+여행사/NNG+끼/VV+고/EC+가/VX+는/ETM+편/NNB+이/VCP+야/EC"
          },
          {
            "id": 3,
            "text": "1 : 가족여행으로 어디어디 가 봤어?",
            "norm_text": "가족여행으로 어디어디 가 봤어?",
            "speaker": {
              "id": "1번",
              "sex": "여성",
              "age": "20대"
            },
            "speechAct": "(지시) 질문하기",
            "morpheme": "가족/NNG+여행/NNG+으로/JKB+어디/NP+어디/NP+가/JKS+봤/VV+EP+어/EF"
          },
          {
            "id": 4,
            "text": "2 : 일본이랑 베트남 코타키나발루 등 많이 가본 거 같아",
            "norm_text": "일본이랑 베트남 코타키나발루 등 많이 가본 거 같아",
            "speaker": {
              "id": "2번",
              "sex": "여성",
              "age": "20대"
            },
            "speechAct": "(단언) 진술하기",
            "morpheme": "일본/NNP+이랑/JC+베트남/NNP+코타키나발루/NNP+등/NNB+많이/MAG+가/VV+EC+본/VX+ETM+거/NNB+같/VA+아/EC"
          },
          {
            "id": 5,
            "text": "1 : 코타키나발루 바다가 그렇게 예쁘다며?",
            "norm_text": "코타키나발루 바다가 그렇게 예쁘다며?",
            "speaker": {
              "id": "1번",
              "sex": "여성",
              "age": "20대"
            },
            "speechAct": "(지시) 질문하기",
            "morpheme": "코타키나발루/NNP+바다/NNG+가/JKS+그렇게/MAG+예쁘/VA+다며/EF"
          },
          {
            "id": 6,
            "text": "2 : 맞아",
            "norm_text": "맞아",
            "speaker": {
              "id": "2번",
              "sex": "여성",
              "age": "20대"
            },
            "speechAct": "(단언) 주장하기",
            "morpheme": "맞/VV+아/EC"
          },
          {
            "id": 7,
            "text": "2 : 내가 가본 곳 중에 제일 이뻤어",
            "norm_text": "내가 가본 곳 중에 제일 이뻤어",
            "speaker": {
              "id": "2번",
              "sex": "여성",
              "age": "20대"
            },
            "speechAct": "(단언) 주장하기",
            "morpheme": "내가/NNP+가/JKS+본곳/NNG+중/NNB+에/JKB+제일/MAG+이뻤/VA+EP+어/EC"
          },
          {
            "id": 8,
            "text": "1 : 여행사도 잘 선정해서 가야한다던데 마음에는 들었어?",
            "norm_text": "여행사도 잘 선정해서 가야한다던데 마음에는 들었어?",
            "speaker": {
              "id": "1번",
              "sex": "여성",
              "age": "20대"
            },
            "speechAct": "(지시) 질문하기",
            "morpheme": "여행사/NNG+도/JX+잘/MAG+선정/NNG+해서/XSV+EC+가/VX+야/EC+한다던데/VX+EC+마음/NNG+에/JKB+는/JX+들/VV+었/EP+어/EF"
          },
          {
            "id": 9,
            "text": "2 : 우리는 정말 쉬려고 가서 활동 다 취소하고 시장 갈 때만 같이 갔오",
            "norm_text": "우리는 정말 쉬려고 가서 활동 다 취소하고 시장 갈 때만 같이 갔오",
            "speaker": {
              "id": "2번",
              "sex": "여성",
              "age": "20대"
            },
            "speechAct": "(단언) 진술하기",
            "morpheme": "우리/NP+는/JX+정말/MAG+쉬/VV+려고/EC+가/VX+서/EC+활동/NNG+다/MAG+취소/NNG+하/XSV+고/EC+시장/NNG+갈/VV+ETM+때/NNG+만/JX+같이/MAG+갔/VV+EP+오/EC"
          },
          {
            "id": 10,
            "text": "1 : 아 취소도 돼?",
            "norm_text": "아 취소도 돼?",
            "speaker": {
              "id": "1번",
              "sex": "여성",
              "age": "20대"
            },
            "speechAct": "(지시) 질문하기",
            "morpheme": "아/IC+취소/NNG+도/JX+돼/VV+EF"
          },
          {
            "id": 11,
            "text": "1 : 내가 아는 사람은 취소가 안 돼서 피곤한데 다 따라갔었대 ㅜ",
            "norm_text": "내가 아는 사람은 취소가 안 돼서 피곤한데 다 따라갔었대 ㅜ",
            "speaker": {
              "id": "1번",
              "sex": "여성",
              "age": "20대"
            },
            "speechAct": "(단언) 진술하기",
            "morpheme": "내/NP+가/JKS+아/VV+는/ETM+사람/NNG+은/JX+취소/NNG+가/JKS+안/MAG+돼서/VV+EC+피곤/NNG+한/XSA+ETM+데/NNB+다/JX+따라갔었/VV+EP+대ㅜ/UNKNOWN"
          },
          {
            "id": 12,
            "text": "2 : 진짜 힘들었겠다 여행사도 잘 골라야 해",
            "norm_text": "진짜 힘들었겠다 여행사도 잘 골라야 해",
            "speaker": {
              "id": "2번",
              "sex": "여성",
              "age": "20대"
            },
            "speechAct": "(단언) 주장하기",
            "morpheme": "진짜/MAG+힘들/VA+었/EP+겠/EP+다/EC+여행사/NNG+도/JX+잘/MAG+골라야/VV+EC+해/VV+EC"
          },
          {
            "id": 13,
            "text": "1 : 맞아 ㅜㅜ",
            "norm_text": "맞아 ㅜㅜ",
            "speaker": {
              "id": "1번",
              "sex": "여성",
              "age": "20대"
            },
            "speechAct": "(단언) 주장하기",
            "morpheme": "맞아ㅜㅜ/UNKNOWN"
          },
          {
            "id": 14,
            "text": "1 : 그래서 여행 가이드랑 엄청 싸우고 와서 여행사 안 끼고 다닌대!",
            "norm_text": "그래서 여행 가이드랑 엄청 싸우고 와서 여행사 안 끼고 다닌대!",
            "speaker": {
              "id": "1번",
              "sex": "여성",
              "age": "20대"
            },
            "speechAct": "(단언) 진술하기",
            "morpheme": "그래서/MAJ+여행/NNG+가이드/NNG+랑/JKB+엄청/MAG+싸우/VV+고/EC+와서/VV+EC+여행사/NNG+안/MAG+끼/VV+고/EC+다닌대/VV+EF"
          },
          {
            "id": 15,
            "text": "2 : 그니까 여행사 안 끼고 가도 충분히 즐길 수 있는 거 같아",
            "norm_text": "그니까 여행사 안 끼고 가도 충분히 즐길 수 있는 거 같아",
            "speaker": {
              "id": "2번",
              "sex": "여성",
              "age": "20대"
            },
            "speechAct": "(단언) 주장하기",
            "morpheme": "그니까/MAJ+여행사/NNG+안/MAG+끼/VV+고/EC+가/VX+도/EC+충분히/MAG+즐길/VV+ETM+수/NNB+있/VV+는/ETM+거/NNB+같/VA+아/EC"
          },
          {
            "id": 16,
            "text": "1 : 맞아",
            "norm_text": "맞아",
            "speaker": {
              "id": "1번",
              "sex": "여성",
              "age": "20대"
            },
            "speechAct": "(단언) 주장하기",
            "morpheme": "맞/VV+아/EC"
          },
          {
            "id": 17,
            "text": "1 : 뭐든 장단점이 있는 거 같아!",
            "norm_text": "뭐든 장단점이 있는 거 같아!",
            "speaker": {
              "id": "1번",
              "sex": "여성",
              "age": "20대"
            },
            "speechAct": "(단언) 주장하기",
            "morpheme": "뭐/NP+든/VCP+EC+장단점/NNG+이/JKS+있/VA+는/ETM+거/NNB+같/VA+아/EF"
          },
          {
            "id": 18,
            "text": "2 : 맞아",
            "norm_text": "맞아",
            "speaker": {
              "id": "2번",
              "sex": "여성",
              "age": "20대"
            },
            "speechAct": "(단언) 주장하기",
            "morpheme": "맞/VV+아/EC"
          },
          {
            "id": 19,
            "text": "2 : 친구랑 갈 때는 여행사 안 끼는 게 좋은 거 같아",
            "norm_text": "친구랑 갈 때는 여행사 안 끼는 게 좋은 거 같아",
            "speaker": {
              "id": "2번",
              "sex": "여성",
              "age": "20대"
            },
            "speechAct": "(단언) 주장하기",
            "morpheme": "친구/NNG+랑/JKB+갈/VV+ETM+때/NNG+는/JX+여행사/NNG+안/MAG+끼/VV+는/ETM+게/NNB+JKS+좋/VA+은/ETM+거/NNB+같/VA+아/EC"
          },
          {
            "id": 20,
            "text": "1 : 맞아 그거는 인정!",
            "norm_text": "맞아 그거는 인정!",
            "speaker": {
              "id": "1번",
              "sex": "여성",
              "age": "20대"
            },
            "speechAct": "(단언) 주장하기",
            "morpheme": "맞/VV+아/EC+그거/NP+는/JX+인정/NNG"
          },
          {
            "id": 21,
            "text": "1 : 나도 친구랑 갈 때는 여행사 안 껴!",
            "norm_text": "나도 친구랑 갈 때는 여행사 안 껴!",
            "speaker": {
              "id": "1번",
              "sex": "여성",
              "age": "20대"
            },
            "speechAct": "(단언) 진술하기",
            "morpheme": "나/NP+도/JX+친구/NNG+랑/JKB+갈/VV+ETM+때/NNG+는/JX+여행사/NNG+안/MAG+껴/VV+EF"
          },
          {
            "id": 22,
            "text": "2 : 빨리 코로나 끝나서 해외여행 가고 싶어",
            "norm_text": "빨리 코로나 끝나서 해외여행 가고 싶어",
            "speaker": {
              "id": "2번",
              "sex": "여성",
              "age": "20대"
            },
            "speechAct": "(단언) 주장하기",
            "morpheme": "빨리/MAG+코로나/NNG+끝/NNG+나/NP+서/JKB+해외여행/NNG+가/VV+고/EC+싶/VX+어/EC"
          }
        ]
      }
    }
  ]
}