{
  "dataset": {
    "identifier": 117325,
    "name": "FACEBOOK_105_11_set",
    "src_path": "/data/file/cubeManager/PROJECT001/77/txt20211028144832039670/FACEBOOK_105_11_set/",
    "label_path": "/data/file/cubeManager/PROJECT001/77/txt20211028144832039670/FACEBOOK_105_11_set/",
    "category": 2,
    "type": 0
  },
  "licenses": {
    "name": "Apache License 1.0",
    "url": "http://www.apache.org/licenses/LICENSE-1.0"
  },
  "info": [
    {
      "id": 100336,
      "filename": "FACEBOOK_105_11.txt",
      "title": "FACEBOOK_105_11",
      "mediatype": "SNS",
      "medianame": "페이스북",
      "category": "일상대화",
      "date": "2021-10-28",
      "size": 502,
      "annotations": {
        "subject": "게임",
        "speaker_type": "1:1",
        "size": 502,
        "word_size": 171,
        "text": "1 : 오빠 마피아 게임 해봤어?\n2 : 응 예전에 고개 숙이고 친구들이랑 했었지\n1 : 키키 그거 사회자가 제일 꿀잼인 거 알지?\n2 : 아니\n2 : 근데 나는 시민이 꿀잼인데 키키\n1 : 아 진짜?\n1 : 시민 울화통 터져서 죽잖아 키키\n2 : 시민인데 마피아인 척하면서 하는 거지 키키\n2 : 웃겨\n1 : 아 진짜? 키키\n1 : 마피아인 척하면 바로 죽을 텐데?\n2 : 그니까 혼동을 주면서 하는 거지\n2 : 시민인 척 마피아 인 척\n1 : 그러면 오빠는 마피아 게임 빌런이었네 키키\n2 : 그래야 마피아들도 헷갈려서 나를 살릴 거 아니야 키키\n1 : 키키 아 그렇겠다\n1 : 고도의 전술이 있었네!\n2 : 응 근데 항상 지더라고 키키\n2 : 나랑은 안 맞아\n1 : 키키 이유를 알겠다~\n1 : 오빠 때도 의사 있었어?\n2 : 아 그거 껴서 하는 애들도 있는데 그건 우리 나중에 나온 거라 우린 안 했어 키키\n1 : 그렇구나\n1 : 라떼는 마피아 시민 의사 간호사도 있었음 키키\n2 : 와 그거 하려면 굉장히 사람 많이 필요하겠다 키키",
        "lines": [
          {
            "id": 1,
            "text": "1 : 오빠 마피아 게임 해봤어?",
            "norm_text": "오빠 마피아 게임 해봤어?",
            "speaker": {
              "id": "1번",
              "sex": "여성",
              "age": "20대"
            },
            "speechAct": "(지시) 질문하기",
            "morpheme": "오빠/NNG+마피아/NNG+게임/NNG+해/XSV+EC+봤/VX+EP+어/EF"
          },
          {
            "id": 2,
            "text": "2 : 응 예전에 고개 숙이고 친구들이랑 했었지",
            "norm_text": "응 예전에 고개 숙이고 친구들이랑 했었지",
            "speaker": {
              "id": "2번",
              "sex": "남성",
              "age": "20대"
            },
            "speechAct": "(단언) 주장하기",
            "morpheme": "응/IC+예전/NNG+에/JKB+고개/NNG+숙이/VV+고/EC+친구/NNG+들/XSN+이랑/JKB+했었/VV+EP+지/EC"
          },
          {
            "id": 3,
            "text": "1 : 키키 그거 사회자가 제일 꿀잼인 거 알지?",
            "norm_text": "키키 그거 사회자가 제일 꿀잼인 거 알지?",
            "speaker": {
              "id": "1번",
              "sex": "여성",
              "age": "20대"
            },
            "speechAct": "(단언) 주장하기",
            "morpheme": "키/NNG+키/XSV+ETN+그거/NP+사회/NNG+자/XSN+가/JKS+제일/MAG+꿀/VV+ETM+잼/NNG+인/VCP+ETM+거/NNB+알/VV+지/EF"
          },
          {
            "id": 4,
            "text": "2 : 아니",
            "norm_text": "아니",
            "speaker": {
              "id": "2번",
              "sex": "남성",
              "age": "20대"
            },
            "speechAct": "(단언) 반박하기",
            "morpheme": "아니/IC"
          },
          {
            "id": 5,
            "text": "2 : 근데 나는 시민이 꿀잼인데 키키",
            "norm_text": "근데 나는 시민이 꿀잼인데 키키",
            "speaker": {
              "id": "2번",
              "sex": "남성",
              "age": "20대"
            },
            "speechAct": "(단언) 주장하기",
            "morpheme": "근데/MAJ+나/NP+는/JX+시민/NNG+이/JKS+꿀/VV+ETM+잼/NNG+인데/VCP+EC+키/NNG+키/XSV+ETN"
          },
          {
            "id": 6,
            "text": "1 : 아 진짜?",
            "norm_text": "아 진짜?",
            "speaker": {
              "id": "1번",
              "sex": "여성",
              "age": "20대"
            },
            "speechAct": "(단언) 주장하기",
            "morpheme": "아/IC+진짜/MAG"
          },
          {
            "id": 7,
            "text": "1 : 시민 울화통 터져서 죽잖아 키키",
            "norm_text": "시민 울화통 터져서 죽잖아 키키",
            "speaker": {
              "id": "1번",
              "sex": "여성",
              "age": "20대"
            },
            "speechAct": "(단언) 주장하기",
            "morpheme": "시민/NNG+울화통/NNG+터져서/VV+EC+죽/VV+잖아/EC+키/NNG+키/XSV+ETN"
          },
          {
            "id": 8,
            "text": "2 : 시민인데 마피아인 척하면서 하는 거지 키키",
            "norm_text": "시민인데 마피아인 척하면서 하는 거지 키키",
            "speaker": {
              "id": "2번",
              "sex": "남성",
              "age": "20대"
            },
            "speechAct": "(단언) 주장하기",
            "morpheme": "시민/NNG+인데/VCP+EC+마피아/NNG+인척/NNG+하/XSV+면서/EC+하/VV+는/ETM+거/NNB+지/VCP+EC+키/NNG+키/XSV+ETN"
          },
          {
            "id": 9,
            "text": "2 : 웃겨",
            "norm_text": "웃겨",
            "speaker": {
              "id": "2번",
              "sex": "남성",
              "age": "20대"
            },
            "speechAct": "(단언) 주장하기",
            "morpheme": "웃겨/VV+EC"
          },
          {
            "id": 10,
            "text": "1 : 아 진짜? 키키",
            "norm_text": "아 진짜? 키키",
            "speaker": {
              "id": "1번",
              "sex": "여성",
              "age": "20대"
            },
            "speechAct": "(단언) 주장하기",
            "morpheme": "아/IC+진짜/MAG+키/NNG+키/XSV+ETN"
          },
          {
            "id": 11,
            "text": "1 : 마피아인 척하면 바로 죽을 텐데?",
            "norm_text": "마피아인 척하면 바로 죽을 텐데?",
            "speaker": {
              "id": "1번",
              "sex": "여성",
              "age": "20대"
            },
            "speechAct": "(단언) 주장하기",
            "morpheme": "마피아/NNG+인척/NNG+하/XSV+면/EC+바로/MAG+죽/VV+을/ETM+텐데/NNB+VCP+EF"
          },
          {
            "id": 12,
            "text": "2 : 그니까 혼동을 주면서 하는 거지",
            "norm_text": "그니까 혼동을 주면서 하는 거지",
            "speaker": {
              "id": "2번",
              "sex": "남성",
              "age": "20대"
            },
            "speechAct": "(단언) 주장하기",
            "morpheme": "그니까/MAJ+혼동/NNG+을/JKO+주/VV+면서/EC+하/VV+는/ETM+거/NNB+지/VCP+EC"
          },
          {
            "id": 13,
            "text": "2 : 시민인 척 마피아 인 척",
            "norm_text": "시민인 척 마피아 인 척",
            "speaker": {
              "id": "2번",
              "sex": "남성",
              "age": "20대"
            },
            "speechAct": "(단언) 주장하기",
            "morpheme": "시민/NNG+인척/NNG+마피아/NNG+인척/NNG"
          },
          {
            "id": 14,
            "text": "1 : 그러면 오빠는 마피아 게임 빌런이었네 키키",
            "norm_text": "그러면 오빠는 마피아 게임 빌런이었네 키키",
            "speaker": {
              "id": "1번",
              "sex": "여성",
              "age": "20대"
            },
            "speechAct": "(단언) 주장하기",
            "morpheme": "그러면/MAJ+오빠/NNG+는/JX+마피아/NNP+게임빌/NNP+런/NNG+이/VCP+었/EP+네/EF+키/NNG+키/XSV+ETN"
          },
          {
            "id": 15,
            "text": "2 : 그래야 마피아들도 헷갈려서 나를 살릴 거 아니야 키키",
            "norm_text": "그래야 마피아들도 헷갈려서 나를 살릴 거 아니야 키키",
            "speaker": {
              "id": "2번",
              "sex": "남성",
              "age": "20대"
            },
            "speechAct": "(단언) 주장하기",
            "morpheme": "그래야/MAJ+마피아/NNG+들/XSN+도/JX+헷갈려서/VV+EC+나/NP+를/JKO+살릴/VV+ETM+거/NNB+아니/VCN+야/EC+키/NNG+키/XSV+ETN"
          },
          {
            "id": 16,
            "text": "1 : 키키 아 그렇겠다",
            "norm_text": "키키 아 그렇겠다",
            "speaker": {
              "id": "1번",
              "sex": "여성",
              "age": "20대"
            },
            "speechAct": "(단언) 주장하기",
            "morpheme": "키/NNG+키/VV+아/EC+그렇/VA+겠/EP+다/EC"
          },
          {
            "id": 17,
            "text": "1 : 고도의 전술이 있었네!",
            "norm_text": "고도의 전술이 있었네!",
            "speaker": {
              "id": "1번",
              "sex": "여성",
              "age": "20대"
            },
            "speechAct": "(단언) 주장하기",
            "morpheme": "고도/NNG+의/JKG+전술/NNG+이/JKS+있/VA+었/EP+네/EF"
          },
          {
            "id": 18,
            "text": "2 : 응 근데 항상 지더라고 키키",
            "norm_text": "응 근데 항상 지더라고 키키",
            "speaker": {
              "id": "2번",
              "sex": "남성",
              "age": "20대"
            },
            "speechAct": "(단언) 주장하기",
            "morpheme": "응/IC+근데/MAJ+항상/MAG+지/VV+더라고/EC+키/NNG+키/XSV+ETN"
          },
          {
            "id": 19,
            "text": "2 : 나랑은 안 맞아",
            "norm_text": "나랑은 안 맞아",
            "speaker": {
              "id": "2번",
              "sex": "남성",
              "age": "20대"
            },
            "speechAct": "(단언) 주장하기",
            "morpheme": "나/NP+랑/JKB+은/JX+안/MAG+맞/VV+아/EC"
          },
          {
            "id": 20,
            "text": "1 : 키키 이유를 알겠다~",
            "norm_text": "키키 이유를 알겠다~",
            "speaker": {
              "id": "1번",
              "sex": "여성",
              "age": "20대"
            },
            "speechAct": "(단언) 주장하기",
            "morpheme": "키/NNG+키/NNG+이유/NNG+를/JKO+알/VV+겠/EP+다/EC+~/SY"
          },
          {
            "id": 21,
            "text": "1 : 오빠 때도 의사 있었어?",
            "norm_text": "오빠 때도 의사 있었어?",
            "speaker": {
              "id": "1번",
              "sex": "여성",
              "age": "20대"
            },
            "speechAct": "(지시) 질문하기",
            "morpheme": "오빠/NNG+때/NNG+도/JX+의사/NNG+있/VV+었/EP+어/EF"
          },
          {
            "id": 22,
            "text": "2 : 아 그거 껴서 하는 애들도 있는데 그건 우리 나중에 나온 거라 우린 안 했어 키키",
            "norm_text": "아 그거 껴서 하는 애들도 있는데 그건 우리 나중에 나온 거라 우린 안 했어 키키",
            "speaker": {
              "id": "2번",
              "sex": "남성",
              "age": "20대"
            },
            "speechAct": "(단언) 주장하기",
            "morpheme": "아/IC+그거/NP+껴서/VV+EC+하/VV+는/ETM+애/NNG+들/XSN+도/JX+있/VA+는데/EC+그건/NP+JX+우리/NP+나중/NNG+에/JKB+나온/VV+ETM+거/NNB+라/VCP+EC+우린/NP+JX+안/MAG+했/VV+EP+어/EC+키/NNG+키/XSV+ETN"
          },
          {
            "id": 23,
            "text": "1 : 그렇구나",
            "norm_text": "그렇구나",
            "speaker": {
              "id": "1번",
              "sex": "여성",
              "age": "20대"
            },
            "speechAct": "(단언) 주장하기",
            "morpheme": "그렇/VA+구나/EC"
          },
          {
            "id": 24,
            "text": "1 : 라떼는 마피아 시민 의사 간호사도 있었음 키키",
            "norm_text": "라떼는 마피아 시민 의사 간호사도 있었음 키키",
            "speaker": {
              "id": "1번",
              "sex": "여성",
              "age": "20대"
            },
            "speechAct": "(단언) 주장하기",
            "morpheme": "라떼/NNG+는/JX+마피아/NNG+시민/NNG+의사/NNG+간호사/NNG+도/JX+있/VA+었/EP+음/ETN+키/NNG+키/XSV+ETN"
          },
          {
            "id": 25,
            "text": "2 : 와 그거 하려면 굉장히 사람 많이 필요하겠다 키키",
            "norm_text": "와 그거 하려면 굉장히 사람 많이 필요하겠다 키키",
            "speaker": {
              "id": "2번",
              "sex": "남성",
              "age": "20대"
            },
            "speechAct": "(단언) 주장하기",
            "morpheme": "와/IC+그거/NP+하/VV+려면/EC+굉장히/MAG+사람/NNG+많이/MAG+필요/NNG+하/XSV+겠/EP+다키키/NNP"
          }
        ]
      }
    }
  ]
}