{
  "dataset": {
    "identifier": 114141,
    "name": "FACEBOOK_113_10_set",
    "src_path": "/data/file/cubeManager/PROJECT001/80/txt20211103154237042925/FACEBOOK_113_10_set/",
    "label_path": "/data/file/cubeManager/PROJECT001/80/txt20211103154237042925/FACEBOOK_113_10_set/",
    "category": 2,
    "type": 0
  },
  "licenses": {
    "name": "Apache License 1.0",
    "url": "http://www.apache.org/licenses/LICENSE-1.0"
  },
  "info": [
    {
      "id": 135365,
      "filename": "FACEBOOK_113_10.txt",
      "title": "FACEBOOK_113_10",
      "mediatype": "SNS",
      "medianame": "페이스북",
      "category": "일상대화",
      "date": "2021-11-03",
      "size": 400,
      "annotations": {
        "subject": "스포츠/레저",
        "speaker_type": "1:1",
        "size": 400,
        "word_size": 140,
        "text": "1 : 언니는 낚시해본 적 있어?\n2 : 나 낚시 해 본 적은 없어\n1 : 진짜?\n1 : 우리 한 2년 전에는 실내낚시가 되게 유행이었잖아!\n2 : 맞아 키키\n2 : 그게 벌써 이년 전이야?\n1 : 어 논산에 하나 있었던 거 기억나?\n2 : 맞아\n2 : 어디 지하에 있던 거 맞지?\n1 : 맞아 키키 나 거기 3번이나 가 봄!\n2 : 키키 비린내 엄청 난다며? 맞지\n1 : 어 맞아,\n1 : 근데 또 가서 하면 괜찮아져!\n2 : 키키 남자친구랑 가본 거야?\n2 : 재밌겠다\n1 : 아니 내 사촌동생이랑 키키 초딩이야\n2 : 그거 잡으면 뭐 줘? 근데?\n1 : 어 그 키로수 끝자리를 어떤 점수로 맞추면 상품을 줘!\n2 : 키키 상품 뭐였어?\n2 : 좋았어? 오\n1 : 일단 우리는 휴지각이랑 신라면 1봉지 가져옴 키키\n2 : 키키 오 웃기다 그래도 탔네",
        "lines": [
          {
            "id": 1,
            "text": "1 : 언니는 낚시해본 적 있어?",
            "norm_text": "언니는 낚시해본 적 있어?",
            "speaker": {
              "id": "1번",
              "sex": "여성",
              "age": "20대"
            },
            "speechAct": "(지시) 질문하기",
            "morpheme": "언니/NNG+는/JX+낚시/NNG+해/XSV+EC+본/VX+ETM+적/NNB+있/VA+어/EF"
          },
          {
            "id": 2,
            "text": "2 : 나 낚시 해 본 적은 없어",
            "norm_text": "나 낚시 해 본 적은 없어",
            "speaker": {
              "id": "2번",
              "sex": "여성",
              "age": "20대"
            },
            "speechAct": "(단언) 진술하기",
            "morpheme": "나/NP+낚시/NNG+해/XSV+EC+본/VX+ETM+적/NNB+은/JX+없/VA+어/EC"
          },
          {
            "id": 3,
            "text": "1 : 진짜?",
            "norm_text": "진짜?",
            "speaker": {
              "id": "1번",
              "sex": "여성",
              "age": "20대"
            },
            "speechAct": "턴토크 사인(관습적 반응)",
            "morpheme": "진짜/MAG"
          },
          {
            "id": 4,
            "text": "1 : 우리 한 2년 전에는 실내낚시가 되게 유행이었잖아!",
            "norm_text": "우리 한 2년 전에는 실내낚시가 되게 유행이었잖아!",
            "speaker": {
              "id": "1번",
              "sex": "여성",
              "age": "20대"
            },
            "speechAct": "(단언) 진술하기",
            "morpheme": "우리/NP+한/MM+2/SN+년/NNBC+전/NNG+에/JKB+는/JX+실내/NNG+낚시/NNG+가/JKS+되게/MAG+유행/NNG+이/VCP+었/EP+잖아/EF"
          },
          {
            "id": 5,
            "text": "2 : 맞아 키키",
            "norm_text": "맞아 키키",
            "speaker": {
              "id": "2번",
              "sex": "여성",
              "age": "20대"
            },
            "speechAct": "(단언) 주장하기",
            "morpheme": "맞/VV+아/EC+키/NNG+키/XSV+ETN"
          },
          {
            "id": 6,
            "text": "2 : 그게 벌써 이년 전이야?",
            "norm_text": "그게 벌써 이년 전이야?",
            "speaker": {
              "id": "2번",
              "sex": "여성",
              "age": "20대"
            },
            "speechAct": "(지시) 질문하기",
            "morpheme": "그게/NP+JKS+벌써/MAG+이/NR+년/NNBC+전이/NNG+야/VCP+EF"
          },
          {
            "id": 7,
            "text": "1 : 어 논산에 하나 있었던 거 기억나?",
            "norm_text": "어 논산에 하나 있었던 거 기억나?",
            "speaker": {
              "id": "1번",
              "sex": "여성",
              "age": "20대"
            },
            "speechAct": "(지시) 질문하기",
            "morpheme": "어/IC+논산/NNP+에/JKB+하/VV+나/EC+있/VX+었/EP+던/ETM+거/NNB+기억나/VV+EF"
          },
          {
            "id": 8,
            "text": "2 : 맞아",
            "norm_text": "맞아",
            "speaker": {
              "id": "2번",
              "sex": "여성",
              "age": "20대"
            },
            "speechAct": "(단언) 주장하기",
            "morpheme": "맞/VV+아/EC"
          },
          {
            "id": 9,
            "text": "2 : 어디 지하에 있던 거 맞지?",
            "norm_text": "어디 지하에 있던 거 맞지?",
            "speaker": {
              "id": "2번",
              "sex": "여성",
              "age": "20대"
            },
            "speechAct": "(지시) 질문하기",
            "morpheme": "어디/NP+지하/NNG+에/JKB+있/VV+던/ETM+거/NNB+맞/VV+지/EF"
          },
          {
            "id": 10,
            "text": "1 : 맞아 키키 나 거기 3번이나 가 봄!",
            "norm_text": "맞아 키키 나 거기 3번이나 가 봄!",
            "speaker": {
              "id": "1번",
              "sex": "여성",
              "age": "20대"
            },
            "speechAct": "(단언) 진술하기",
            "morpheme": "맞/VV+아/EC+키/NNG+키나/XSA+ETN+JX+거기/NP+3/SN+번/NNBC+이/JKS+나가/VV+EC+봄/VX+ETN"
          },
          {
            "id": 11,
            "text": "2 : 키키 비린내 엄청 난다며? 맞지",
            "norm_text": "키키 비린내 엄청 난다며? 맞지",
            "speaker": {
              "id": "2번",
              "sex": "여성",
              "age": "20대"
            },
            "speechAct": "(지시) 질문하기",
            "morpheme": "키키비린내엄청난다며/UNKNOWN+맞/VV+지/EC"
          },
          {
            "id": 12,
            "text": "1 : 어 맞아,",
            "norm_text": "어 맞아,",
            "speaker": {
              "id": "1번",
              "sex": "여성",
              "age": "20대"
            },
            "speechAct": "(단언) 주장하기",
            "morpheme": "어/IC+맞아/IC+,/SC"
          },
          {
            "id": 13,
            "text": "1 : 근데 또 가서 하면 괜찮아져!",
            "norm_text": "근데 또 가서 하면 괜찮아져!",
            "speaker": {
              "id": "1번",
              "sex": "여성",
              "age": "20대"
            },
            "speechAct": "(단언) 주장하기",
            "morpheme": "근데/MAJ+또/MAG+가/VV+서/EC+하/VV+면/EC+괜찮/VA+아/EC+져/VX+EF"
          },
          {
            "id": 14,
            "text": "2 : 키키 남자친구랑 가본 거야?",
            "norm_text": "키키 남자친구랑 가본 거야?",
            "speaker": {
              "id": "2번",
              "sex": "여성",
              "age": "20대"
            },
            "speechAct": "(지시) 질문하기",
            "morpheme": "키/NNG+키/NNG+남자/NNG+친구/NNG+랑/JKB+가/VV+EC+본/VX+ETM+거/NNB+야/VCP+EF"
          },
          {
            "id": 15,
            "text": "2 : 재밌겠다",
            "norm_text": "재밌겠다",
            "speaker": {
              "id": "2번",
              "sex": "여성",
              "age": "20대"
            },
            "speechAct": "(단언) 주장하기",
            "morpheme": "재밌/VA+겠/EP+다/EC"
          },
          {
            "id": 16,
            "text": "1 : 아니 내 사촌동생이랑 키키 초딩이야",
            "norm_text": "아니 내 사촌동생이랑 키키 초딩이야",
            "speaker": {
              "id": "1번",
              "sex": "여성",
              "age": "20대"
            },
            "speechAct": "(단언) 진술하기",
            "morpheme": "아니/IC+내사/NNP+촌동/NNG+생/XSN+이랑/JC+키키/NNP+초딩/NNG+이/VCP+야/EC"
          },
          {
            "id": 17,
            "text": "2 : 그거 잡으면 뭐 줘? 근데?",
            "norm_text": "그거 잡으면 뭐 줘? 근데?",
            "speaker": {
              "id": "2번",
              "sex": "여성",
              "age": "20대"
            },
            "speechAct": "(지시) 질문하기",
            "morpheme": "그거/NP+잡/VV+으면/EC+뭐/IC+줘/VV+EF+근데/MAJ"
          },
          {
            "id": 18,
            "text": "1 : 어 그 키로수 끝자리를 어떤 점수로 맞추면 상품을 줘!",
            "norm_text": "어 그 키로수 끝자리를 어떤 점수로 맞추면 상품을 줘!",
            "speaker": {
              "id": "1번",
              "sex": "여성",
              "age": "20대"
            },
            "speechAct": "(단언) 진술하기",
            "morpheme": "어/IC+그/MM+키/NNG+로/JKB+수/NNG+끝/NNG+자리/NNG+를/JKO+어떤/MM+점수/NNG+로/JKB+맞추/VV+면/EC+상품/NNG+을/JKO+줘/VV+EF"
          },
          {
            "id": 19,
            "text": "2 : 키키 상품 뭐였어?",
            "norm_text": "키키 상품 뭐였어?",
            "speaker": {
              "id": "2번",
              "sex": "여성",
              "age": "20대"
            },
            "speechAct": "(지시) 질문하기",
            "morpheme": "키/NNG+키/NNG+상품/NNG+뭐/NP+였/VCP+EP+어/EF"
          },
          {
            "id": 20,
            "text": "2 : 좋았어? 오",
            "norm_text": "좋았어? 오",
            "speaker": {
              "id": "2번",
              "sex": "여성",
              "age": "20대"
            },
            "speechAct": "(지시) 질문하기",
            "morpheme": "좋/VA+았/EP+어/EF+오/EC"
          },
          {
            "id": 21,
            "text": "1 : 일단 우리는 휴지각이랑 신라면 1봉지 가져옴 키키",
            "norm_text": "일단 우리는 휴지각이랑 신라면 1봉지 가져옴 키키",
            "speaker": {
              "id": "1번",
              "sex": "여성",
              "age": "20대"
            },
            "speechAct": "(단언) 진술하기",
            "morpheme": "일단/MAG+우리/NP+는/JX+휴/IC+지각/NNG+이랑/JC+신라면/NNP+1/SN+봉지/NNBC+가져옴/VV+ETN+키/NNG+키/XSV+ETN"
          },
          {
            "id": 22,
            "text": "2 : 키키 오 웃기다 그래도 탔네",
            "norm_text": "키키 오 웃기다 그래도 탔네",
            "speaker": {
              "id": "2번",
              "sex": "여성",
              "age": "20대"
            },
            "speechAct": "(단언) 주장하기",
            "morpheme": "키/NNG+키/VV+오/EC+웃기/VV+다/EC+그래도/VV+EC+탔/VV+EP+네/EF"
          }
        ]
      }
    }
  ]
}