{
  "dataset": {
    "identifier": 125298,
    "name": "FACEBOOK_125_17_set",
    "src_path": "/data/file/cubeManager/PROJECT001/84/txt20211105160907010036/FACEBOOK_125_17_set/",
    "label_path": "/data/file/cubeManager/PROJECT001/84/txt20211105160907010036/FACEBOOK_125_17_set/",
    "category": 2,
    "type": 0
  },
  "licenses": {
    "name": "Apache License 1.0",
    "url": "http://www.apache.org/licenses/LICENSE-1.0"
  },
  "info": [
    {
      "id": 140174,
      "filename": "FACEBOOK_125_17.txt",
      "title": "FACEBOOK_125_17",
      "mediatype": "SNS",
      "medianame": "페이스북",
      "category": "일상대화",
      "date": "2021-11-05",
      "size": 440,
      "annotations": {
        "subject": "건강",
        "speaker_type": "1:1",
        "size": 440,
        "word_size": 157,
        "text": "1 : 오빠 요즘 건강제 챙겨 먹어?\n2 : 나 그거 뭐지 갑자기 이름이 생각이 안 나네\n1 : 정관장 뭐 이런 거 먹는 거 아니지 키키?\n2 : 콜라겐 챙겨 먹고 있어 나 지금 키키\n1 : 콜라겐이 뭐야 그 족발에 들어 있는 거?\n2 : 알로에 맛나는 거 있는데 진짜 맛있어\n1 : 오 그래? 키키\n1 : 나 건강 보조제 사려고 고민 중이야\n2 : 씹어 먹는 거거든? 젤리로 되어 가지고\n1 : 먹기도 편하네!\n1 : 그거 어디서 샀어\n2 : 너는 우르사 이런 거 먹어야 하는 거 아니야?\n1 : 말을 말자 키키\n1 : 괜히 물어 본 거 같아\n2 : 너 술 맨날 먹어서 간 때문이야~ 먹어야 하잖아\n1 : 그렇긴 하지 키키\n1 : 요즘 몸이 말을 안 들어서 그래\n2 : 너 간이 안 좋아서 맨날 피곤한 거야 알지?\n1 : 너무 팩폭 하지 마 알고 있으니까... ㅠㅠ\n2 : 너 우르사 꼭 챙겨 먹어라 진짜 내가 강추한다",
        "lines": [
          {
            "id": 1,
            "text": "1 : 오빠 요즘 건강제 챙겨 먹어?",
            "norm_text": "오빠 요즘 건강제 챙겨 먹어?",
            "speaker": {
              "id": "1번",
              "sex": "여성",
              "age": "20대"
            },
            "speechAct": "(지시) 질문하기",
            "morpheme": "오빠/NNG+요즘/NNG+건강제/NNG+챙겨/VV+EC+먹/VV+어/EF"
          },
          {
            "id": 2,
            "text": "2 : 나 그거 뭐지 갑자기 이름이 생각이 안 나네",
            "norm_text": "나 그거 뭐지 갑자기 이름이 생각이 안 나네",
            "speaker": {
              "id": "2번",
              "sex": "남성",
              "age": "20대"
            },
            "speechAct": "(단언) 주장하기",
            "morpheme": "나/NP+그거/NP+뭐/NP+지/VCP+EF+갑자기/MAG+이름/NNG+이/JKS+생각/NNG+이/JKS+안/MAG+나/NP+네/XSN"
          },
          {
            "id": 3,
            "text": "1 : 정관장 뭐 이런 거 먹는 거 아니지 키키?",
            "norm_text": "정관장 뭐 이런 거 먹는 거 아니지 키키?",
            "speaker": {
              "id": "1번",
              "sex": "여성",
              "age": "20대"
            },
            "speechAct": "(지시) 질문하기",
            "morpheme": "정관/NNG+장/NNG+뭐/IC+이런/MM+거/NNB+먹/VV+는/ETM+거/NNB+아니/VCN+지/EC+키/NNG+키/XSV+ETN"
          },
          {
            "id": 4,
            "text": "2 : 콜라겐 챙겨 먹고 있어 나 지금 키키",
            "norm_text": "콜라겐 챙겨 먹고 있어 나 지금 키키",
            "speaker": {
              "id": "2번",
              "sex": "남성",
              "age": "20대"
            },
            "speechAct": "(단언) 주장하기",
            "morpheme": "콜라겐/NNG+챙겨/VV+EC+먹/VV+고/EC+있/VX+어/EC+나/NP+지금/MAG+키/NNG+키/XSV+ETN"
          },
          {
            "id": 5,
            "text": "1 : 콜라겐이 뭐야 그 족발에 들어 있는 거?",
            "norm_text": "콜라겐이 뭐야 그 족발에 들어 있는 거?",
            "speaker": {
              "id": "1번",
              "sex": "여성",
              "age": "20대"
            },
            "speechAct": "(지시) 질문하기",
            "morpheme": "콜라겐/NNG+이/JKS+뭐/NP+야/VCP+EF+그/MM+족발/NNG+에/JKB+들/VV+어/EC+있/VX+는/ETM+거/NNB"
          },
          {
            "id": 6,
            "text": "2 : 알로에 맛나는 거 있는데 진짜 맛있어",
            "norm_text": "알로에 맛나는 거 있는데 진짜 맛있어",
            "speaker": {
              "id": "2번",
              "sex": "남성",
              "age": "20대"
            },
            "speechAct": "(단언) 주장하기",
            "morpheme": "알로에/NNG+맛나/VA+는/ETM+거/NNB+있/VA+는데/EC+진짜/MAG+맛있/VA+어/EC"
          },
          {
            "id": 7,
            "text": "1 : 오 그래? 키키",
            "norm_text": "오 그래? 키키",
            "speaker": {
              "id": "1번",
              "sex": "여성",
              "age": "20대"
            },
            "speechAct": "(지시) 질문하기",
            "morpheme": "오/IC+그래/IC+키/NNG+키/XSV+ETN"
          },
          {
            "id": 8,
            "text": "1 : 나 건강 보조제 사려고 고민 중이야",
            "norm_text": "나 건강 보조제 사려고 고민 중이야",
            "speaker": {
              "id": "1번",
              "sex": "여성",
              "age": "20대"
            },
            "speechAct": "(단언) 주장하기",
            "morpheme": "나/NP+건강/NNG+보조제/NNG+사/VV+려고/EC+고민/NNG+중/NNB+이/VCP+야/EC"
          },
          {
            "id": 9,
            "text": "2 : 씹어 먹는 거거든? 젤리로 되어 가지고",
            "norm_text": "씹어 먹는 거거든? 젤리로 되어 가지고",
            "speaker": {
              "id": "2번",
              "sex": "남성",
              "age": "20대"
            },
            "speechAct": "(단언) 주장하기",
            "morpheme": "씹/VV+어/EC+먹/VV+는/ETM+거/NNB+거든/VCP+EF+젤리/NNG+로/JKB+되/VV+어/EC+가지/VX+고/EC"
          },
          {
            "id": 10,
            "text": "1 : 먹기도 편하네!",
            "norm_text": "먹기도 편하네!",
            "speaker": {
              "id": "1번",
              "sex": "여성",
              "age": "20대"
            },
            "speechAct": "(단언) 주장하기",
            "morpheme": "먹/VV+기/ETN+도/JX+편하/VA+네/EF"
          },
          {
            "id": 11,
            "text": "1 : 그거 어디서 샀어",
            "norm_text": "그거 어디서 샀어",
            "speaker": {
              "id": "1번",
              "sex": "여성",
              "age": "20대"
            },
            "speechAct": "(지시) 질문하기",
            "morpheme": "그거/NP+어디/NP+서/JKB+샀/VV+EP+어/EC"
          },
          {
            "id": 12,
            "text": "2 : 너는 우르사 이런 거 먹어야 하는 거 아니야?",
            "norm_text": "너는 우르사 이런 거 먹어야 하는 거 아니야?",
            "speaker": {
              "id": "2번",
              "sex": "남성",
              "age": "20대"
            },
            "speechAct": "(지시) 질문하기",
            "morpheme": "너/NP+는/JX+우르/VV+사/EC+이런/MM+거/NNB+먹/VV+어야/EC+하/VV+는/ETM+거/NNB+아니/VCN+야/EF"
          },
          {
            "id": 13,
            "text": "1 : 말을 말자 키키",
            "norm_text": "말을 말자 키키",
            "speaker": {
              "id": "1번",
              "sex": "여성",
              "age": "20대"
            },
            "speechAct": "(단언) 주장하기",
            "morpheme": "말/NNG+을/JKO+말/NNG+자키/NNG+키/XSV+ETN"
          },
          {
            "id": 14,
            "text": "1 : 괜히 물어 본 거 같아",
            "norm_text": "괜히 물어 본 거 같아",
            "speaker": {
              "id": "1번",
              "sex": "여성",
              "age": "20대"
            },
            "speechAct": "(단언) 주장하기",
            "morpheme": "괜히/MAG+물어본/VV+ETM+거/NNB+같/VA+아/EC"
          },
          {
            "id": 15,
            "text": "2 : 너 술 맨날 먹어서 간 때문이야~ 먹어야 하잖아",
            "norm_text": "너 술 맨날 먹어서 간 때문이야~ 먹어야 하잖아",
            "speaker": {
              "id": "2번",
              "sex": "남성",
              "age": "20대"
            },
            "speechAct": "(단언) 주장하기",
            "morpheme": "너/NP+술/NNG+맨날/MAG+먹/VV+어서/EC+간/VV+ETM+때문/NNB+이/VCP+야/EC+~/SY+먹/VV+어야/EC+하/VV+잖아/EC"
          },
          {
            "id": 16,
            "text": "1 : 그렇긴 하지 키키",
            "norm_text": "그렇긴 하지 키키",
            "speaker": {
              "id": "1번",
              "sex": "여성",
              "age": "20대"
            },
            "speechAct": "(단언) 주장하기",
            "morpheme": "그렇/VA+긴/ETN+JX+하/VX+지/EC+키/NNG+키/XSV+ETN"
          },
          {
            "id": 17,
            "text": "1 : 요즘 몸이 말을 안 들어서 그래",
            "norm_text": "요즘 몸이 말을 안 들어서 그래",
            "speaker": {
              "id": "1번",
              "sex": "여성",
              "age": "20대"
            },
            "speechAct": "(단언) 주장하기",
            "morpheme": "요즘/NNG+몸/NNG+이/JKS+말/NNG+을/JKO+안/MAG+들/VV+어서/EC+그래/VV+EC"
          },
          {
            "id": 18,
            "text": "2 : 너 간이 안 좋아서 맨날 피곤한 거야 알지?",
            "norm_text": "너 간이 안 좋아서 맨날 피곤한 거야 알지?",
            "speaker": {
              "id": "2번",
              "sex": "남성",
              "age": "20대"
            },
            "speechAct": "(지시) 질문하기",
            "morpheme": "너/NP+간이/JKB+안/MAG+좋/VA+아서/EC+맨날/MAG+피곤/NNG+한/XSA+ETM+거/NNB+야/VCP+EF+알/VV+지/EF"
          },
          {
            "id": 19,
            "text": "1 : 너무 팩폭 하지 마 알고 있으니까... ㅠㅠ",
            "norm_text": "너무 팩폭 하지 마 알고 있으니까... ㅠㅠ",
            "speaker": {
              "id": "1번",
              "sex": "여성",
              "age": "20대"
            },
            "speechAct": "(단언) 주장하기",
            "morpheme": "너무/MAG+팩/MAG+폭/NNG+하/XSV+지/EC+마/VX+EC+알/VV+고/EC+있/VX+으니까/EC+./SY+./SY+ㅠㅠ/UNKNOWN"
          },
          {
            "id": 20,
            "text": "2 : 너 우르사 꼭 챙겨 먹어라 진짜 내가 강추한다",
            "norm_text": "너 우르사 꼭 챙겨 먹어라 진짜 내가 강추한다",
            "speaker": {
              "id": "2번",
              "sex": "남성",
              "age": "20대"
            },
            "speechAct": "(단언) 주장하기",
            "morpheme": "너/NP+우르/VV+사/EC+꼭/MAG+챙겨/VV+EC+먹/VV+어라/EF+진짜/MAG+내/NP+가/JKS+강추/NNG+한다/XSV+EC"
          }
        ]
      }
    }
  ]
}