{
  "dataset": {
    "identifier": 98120,
    "name": "FACEBOOK_104_16_set",
    "src_path": "/data/file/cubeManager/PROJECT001/77/txt20211028145511022565/FACEBOOK_104_16_set/",
    "label_path": "/data/file/cubeManager/PROJECT001/77/txt20211028145511022565/FACEBOOK_104_16_set/",
    "category": 2,
    "type": 0
  },
  "licenses": {
    "name": "Apache License 1.0",
    "url": "http://www.apache.org/licenses/LICENSE-1.0"
  },
  "info": [
    {
      "id": 100501,
      "filename": "FACEBOOK_104_16.txt",
      "title": "FACEBOOK_104_16",
      "mediatype": "SNS",
      "medianame": "페이스북",
      "category": "일상대화",
      "date": "2021-10-28",
      "size": 458,
      "annotations": {
        "subject": "미용",
        "speaker_type": "1:1",
        "size": 458,
        "word_size": 160,
        "text": "1 : 너는 립스틱을 잘 쓰는 편이야?\n2 : 립스틱은 잘 안쓰는거 같아 매트해서 ㅠㅠ\n1 : 그러면 너는 티트 종류 잘 쓰겠네?\n2 : 어 맞아\n2 : 틴트가 덜 부각되는 거 같아 하하\n1 : 맞아 키키\n1 : 나도 각질이 많아서 립스틱은 못 쓰겠더라~\n2 : 그치?\n2 : 립스틱은 너무 잘 떠서 못 바르겠어\n1 : 맞아 키키\n1 : 근데 각질 제거를 잘 해 주면 립스틱이 발색은 더 예쁘긴 한데!\n2 : 맞아 맞아\n2 : 그래서 나 이번에 입술 슬리핑 팩 샀어\n1 : 아 진짜?\n1 : 나는 러쉬에서 입술 각질제거제 샀어!\n2 : 러쉬꺼는 어때 사용하기 좋아?\n1 : 역시 비싼 거는 비싼 값을 하는 거 같아!\n2 : 그치 비싼건 웬만하면 다 좋더라 ㅎ\n1 : 키키 맞아\n1 : 이거 진짜 작은데 얼마인 줄 알아?\n2 : 헐 왜 얼만데?\n2 : 많이 비싸?\n1 : 이거 10그람인데 2만 원이야!\n1 : 대박이지!?\n2 : 와 10g? 좀 심하긴 하네...",
        "lines": [
          {
            "id": 1,
            "text": "1 : 너는 립스틱을 잘 쓰는 편이야?",
            "norm_text": "너는 립스틱을 잘 쓰는 편이야?",
            "speaker": {
              "id": "1번",
              "sex": "여성",
              "age": "20대"
            },
            "speechAct": "(지시) 질문하기",
            "morpheme": "너/NP+는/JX+립스틱/NNG+을/JKO+잘/MAG+쓰/VV+는/ETM+편/NNB+이/VCP+야/EF"
          },
          {
            "id": 2,
            "text": "2 : 립스틱은 잘 안쓰는거 같아 매트해서 ㅠㅠ",
            "norm_text": "립스틱은 잘 안쓰는거 같아 매트해서 ㅠㅠ",
            "speaker": {
              "id": "2번",
              "sex": "여성",
              "age": "20대"
            },
            "speechAct": "(단언) 주장하기",
            "morpheme": "립스틱/NNG+은/JX+잘/MAG+안/MAG+쓰/VV+는/ETM+거/NNB+같/VA+아/EC+매트/NNG+해서/XSV+EC+ㅠㅠ/UNKNOWN"
          },
          {
            "id": 3,
            "text": "1 : 그러면 너는 티트 종류 잘 쓰겠네?",
            "norm_text": "그러면 너는 티트 종류 잘 쓰겠네?",
            "speaker": {
              "id": "1번",
              "sex": "여성",
              "age": "20대"
            },
            "speechAct": "(지시) 질문하기",
            "morpheme": "그러면/MAJ+너/NP+는/JX+티트/NNP+종류/NNG+잘/MAG+쓰/VV+겠/EP+네/EF"
          },
          {
            "id": 4,
            "text": "2 : 어 맞아",
            "norm_text": "어 맞아",
            "speaker": {
              "id": "2번",
              "sex": "여성",
              "age": "20대"
            },
            "speechAct": "(단언) 주장하기",
            "morpheme": "어/IC+맞/VV+아/EC"
          },
          {
            "id": 5,
            "text": "2 : 틴트가 덜 부각되는 거 같아 하하",
            "norm_text": "틴트가 덜 부각되는 거 같아 하하",
            "speaker": {
              "id": "2번",
              "sex": "여성",
              "age": "20대"
            },
            "speechAct": "(단언) 주장하기",
            "morpheme": "틴트/NNG+가/JKS+덜/MAG+부각/NNG+되/XSV+는/ETM+거/NNB+같/VA+아/EC+하하/MAG"
          },
          {
            "id": 6,
            "text": "1 : 맞아 키키",
            "norm_text": "맞아 키키",
            "speaker": {
              "id": "1번",
              "sex": "여성",
              "age": "20대"
            },
            "speechAct": "(단언) 주장하기",
            "morpheme": "맞/VV+아/EC+키/NNG+키/XSV+ETN"
          },
          {
            "id": 7,
            "text": "1 : 나도 각질이 많아서 립스틱은 못 쓰겠더라~",
            "norm_text": "나도 각질이 많아서 립스틱은 못 쓰겠더라~",
            "speaker": {
              "id": "1번",
              "sex": "여성",
              "age": "20대"
            },
            "speechAct": "(단언) 진술하기",
            "morpheme": "나/NP+도/JX+각질/NNG+이/JKS+많/VA+아서/EC+립스틱/NNG+은/JX+못/MAG+쓰/VV+겠/EP+더라/EC+~/SY"
          },
          {
            "id": 8,
            "text": "2 : 그치?",
            "norm_text": "그치?",
            "speaker": {
              "id": "2번",
              "sex": "여성",
              "age": "20대"
            },
            "speechAct": "(지시) 질문하기",
            "morpheme": "그치/IC"
          },
          {
            "id": 9,
            "text": "2 : 립스틱은 너무 잘 떠서 못 바르겠어",
            "norm_text": "립스틱은 너무 잘 떠서 못 바르겠어",
            "speaker": {
              "id": "2번",
              "sex": "여성",
              "age": "20대"
            },
            "speechAct": "(단언) 진술하기",
            "morpheme": "립스틱/NNG+은/JX+너무/MAG+잘/MAG+떠서/VV+EC+못/MAG+바르/VV+겠/EP+어/EC"
          },
          {
            "id": 10,
            "text": "1 : 맞아 키키",
            "norm_text": "맞아 키키",
            "speaker": {
              "id": "1번",
              "sex": "여성",
              "age": "20대"
            },
            "speechAct": "(단언) 주장하기",
            "morpheme": "맞/VV+아/EC+키/NNG+키/XSV+ETN"
          },
          {
            "id": 11,
            "text": "1 : 근데 각질 제거를 잘 해 주면 립스틱이 발색은 더 예쁘긴 한데!",
            "norm_text": "근데 각질 제거를 잘 해 주면 립스틱이 발색은 더 예쁘긴 한데!",
            "speaker": {
              "id": "1번",
              "sex": "여성",
              "age": "20대"
            },
            "speechAct": "(단언) 진술하기",
            "morpheme": "근데/MAJ+각질/NNG+제거/NNG+를/JKO+잘/MAG+해/VV+EC+주/VX+면/EC+립스틱/NNG+이/JKS+발색/NNG+은/JX+더/MAG+예쁘/VA+긴/ETN+JX+한데/VX+EF"
          },
          {
            "id": 12,
            "text": "2 : 맞아 맞아",
            "norm_text": "맞아 맞아",
            "speaker": {
              "id": "2번",
              "sex": "여성",
              "age": "20대"
            },
            "speechAct": "(단언) 주장하기",
            "morpheme": "맞/VV+아/EC+맞/VV+아/EC"
          },
          {
            "id": 13,
            "text": "2 : 그래서 나 이번에 입술 슬리핑 팩 샀어",
            "norm_text": "그래서 나 이번에 입술 슬리핑 팩 샀어",
            "speaker": {
              "id": "2번",
              "sex": "여성",
              "age": "20대"
            },
            "speechAct": "(단언) 진술하기",
            "morpheme": "그래서/MAJ+나/NP+이번/NNG+에/JKB+입술/NNG+슬/VV+ETM+리핑/NNP+팩/MAG+샀/VV+EP+어/EC"
          },
          {
            "id": 14,
            "text": "1 : 아 진짜?",
            "norm_text": "아 진짜?",
            "speaker": {
              "id": "1번",
              "sex": "여성",
              "age": "20대"
            },
            "speechAct": "(지시) 질문하기",
            "morpheme": "아/IC+진짜/MAG"
          },
          {
            "id": 15,
            "text": "1 : 나는 러쉬에서 입술 각질제거제 샀어!",
            "norm_text": "나는 러쉬에서 입술 각질제거제 샀어!",
            "speaker": {
              "id": "1번",
              "sex": "여성",
              "age": "20대"
            },
            "speechAct": "(단언) 진술하기",
            "morpheme": "나/NP+는/JX+러쉬/NNP+에서/JKB+입술/NNG+각질/NNG+제거/NNG+제/XSN+샀/VV+EP+어/EF"
          },
          {
            "id": 16,
            "text": "2 : 러쉬꺼는 어때 사용하기 좋아?",
            "norm_text": "러쉬꺼는 어때 사용하기 좋아?",
            "speaker": {
              "id": "2번",
              "sex": "여성",
              "age": "20대"
            },
            "speechAct": "(지시) 질문하기",
            "morpheme": "러쉬/NNP+꺼/VV+는/ETM+어때/VA+EC+사용/NNG+하/XSV+기/ETN+좋/VA+아/EF"
          },
          {
            "id": 17,
            "text": "1 : 역시 비싼 거는 비싼 값을 하는 거 같아!",
            "norm_text": "역시 비싼 거는 비싼 값을 하는 거 같아!",
            "speaker": {
              "id": "1번",
              "sex": "여성",
              "age": "20대"
            },
            "speechAct": "(단언) 주장하기",
            "morpheme": "역시/MAJ+비싼/VA+ETM+거/NNB+는/JX+비싼/VA+ETM+값/NNG+을/JKO+하/VV+는/ETM+거/NNB+같/VA+아/EF"
          },
          {
            "id": 18,
            "text": "2 : 그치 비싼건 웬만하면 다 좋더라 ㅎ",
            "norm_text": "그치 비싼건 웬만하면 다 좋더라 ㅎ",
            "speaker": {
              "id": "2번",
              "sex": "여성",
              "age": "20대"
            },
            "speechAct": "(단언) 주장하기",
            "morpheme": "그치/IC+비싼/VA+ETM+건/NNB+JX+웬만/XR+하/XSA+면/EC+다/MAG+좋/VA+더라/EF+ㅎ/XSA"
          },
          {
            "id": 19,
            "text": "1 : 키키 맞아",
            "norm_text": "키키 맞아",
            "speaker": {
              "id": "1번",
              "sex": "여성",
              "age": "20대"
            },
            "speechAct": "(단언) 주장하기",
            "morpheme": "키/NNG+키/XSV+ETN+맞/VV+아/EC"
          },
          {
            "id": 20,
            "text": "1 : 이거 진짜 작은데 얼마인 줄 알아?",
            "norm_text": "이거 진짜 작은데 얼마인 줄 알아?",
            "speaker": {
              "id": "1번",
              "sex": "여성",
              "age": "20대"
            },
            "speechAct": "(지시) 질문하기",
            "morpheme": "이거/NP+진짜/MAG+작/VA+은데/EC+얼마/NNG+인/VCP+ETM+줄/NNB+알/VV+아/EF"
          },
          {
            "id": 21,
            "text": "2 : 헐 왜 얼만데?",
            "norm_text": "헐 왜 얼만데?",
            "speaker": {
              "id": "2번",
              "sex": "여성",
              "age": "20대"
            },
            "speechAct": "(지시) 질문하기",
            "morpheme": "헐/IC+왜/MAG+얼만데/NNG+VCP+EF"
          },
          {
            "id": 22,
            "text": "2 : 많이 비싸?",
            "norm_text": "많이 비싸?",
            "speaker": {
              "id": "2번",
              "sex": "여성",
              "age": "20대"
            },
            "speechAct": "(지시) 질문하기",
            "morpheme": "많이/MAG+비싸/VA+EF"
          },
          {
            "id": 23,
            "text": "1 : 이거 10그람인데 2만 원이야!",
            "norm_text": "이거 10그람인데 2만 원이야!",
            "speaker": {
              "id": "1번",
              "sex": "여성",
              "age": "20대"
            },
            "speechAct": "(단언) 진술하기",
            "morpheme": "이거/NP+10/SN+그람/NNP+인데/VCP+EC+2/SN+만/NR+원/NNBC+이/VCP+야/EF"
          },
          {
            "id": 24,
            "text": "1 : 대박이지!?",
            "norm_text": "대박이지!?",
            "speaker": {
              "id": "1번",
              "sex": "여성",
              "age": "20대"
            },
            "speechAct": "(지시) 질문하기",
            "morpheme": "대박/NNG+이/VCP+지/EC+!/SY"
          },
          {
            "id": 25,
            "text": "2 : 와 10g? 좀 심하긴 하네...",
            "norm_text": "와 10g? 좀 심하긴 하네...",
            "speaker": {
              "id": "2번",
              "sex": "여성",
              "age": "20대"
            },
            "speechAct": "(단언) 주장하기",
            "morpheme": "와/VV+EC+10/SN+g/SL+좀/MAG+심하/VA+긴/ETN+JX+하/VX+네/EF+./SY"
          }
        ]
      }
    }
  ]
}