{
  "dataset": {
    "identifier": 102110,
    "name": "FACEBOOK_106_09_set",
    "src_path": "/data/file/cubeManager/PROJECT001/77/txt20211028145511031729/FACEBOOK_106_09_set/",
    "label_path": "/data/file/cubeManager/PROJECT001/77/txt20211028145511031729/FACEBOOK_106_09_set/",
    "category": 2,
    "type": 0
  },
  "licenses": {
    "name": "Apache License 1.0",
    "url": "http://www.apache.org/licenses/LICENSE-1.0"
  },
  "info": [
    {
      "id": 100514,
      "filename": "FACEBOOK_106_09.txt",
      "title": "FACEBOOK_106_09",
      "mediatype": "SNS",
      "medianame": "페이스북",
      "category": "일상대화",
      "date": "2021-10-28",
      "size": 494,
      "annotations": {
        "subject": "반려동물",
        "speaker_type": "1:1",
        "size": 494,
        "word_size": 161,
        "text": "1 : 언니는 진봉이 어디서 데리고 왔어?\n2 : 진봉이 엄마친구 딸이 키우던 개가 새끼 낳았어\n1 : 헐 키키 대박 진봉이 견종이 어떻게 돼?\n2 : 진봉이 말티즈야 이쁘 겠지?\n2 : 이뻐\n1 : 헐 ㅜㅜ 완전 귀엽겠다 우리도 말티즈 한 마리 키웠었어!\n2 : 본 집에서?\n2 : 어딨어 지금?\n2 :이쁘지\n1 : 웅 맞아\n1 : 아파서 하늘나라 갔어 ㅜㅜ\n2 : 대박... 얼마나 키웠어?\n2 : 울었어?\n1 : 우리 3년 키웠는데 원인을 아예 모르고 떠나보냈어 ㅜ\n2 : 근데 강아지 그렇게 급성으로 많이 죽는데ㅜㅜ\n1 : 그니까, 너무 안 좋아져서 충남대 병원 가려고 예약까지 해 놨는데 가기 전날 하늘나라 갔어 ㅜ\n2 : 나도 갑자기 그렇게 되면 미칠 거 같아\n1 : 맞아 ㅜㅜ\n1 : 언니도 진봉이를 위해서 병원비 같은 거 조금씩 모아 놔!\n2 : 나도 그러고 싶은데 생각만 해 매일...\n1 : 근데 진짜 우리가 병원비로만 300 넘게 썼거든!\n1 : 금방 지출 돼!\n2 : 그래서 강아지 보험이 있어야 된데",
        "lines": [
          {
            "id": 1,
            "text": "1 : 언니는 진봉이 어디서 데리고 왔어?",
            "norm_text": "언니는 진봉이 어디서 데리고 왔어?",
            "speaker": {
              "id": "1번",
              "sex": "여성",
              "age": "20대"
            },
            "speechAct": "(지시) 질문하기",
            "morpheme": "언니/NNG+는/JX+진봉/NNG+이/JKS+어디/NP+서/JKB+데리/VV+고/EC+왔/VX+EP+어/EF"
          },
          {
            "id": 2,
            "text": "2 : 진봉이 엄마친구 딸이 키우던 개가 새끼 낳았어",
            "norm_text": "진봉이 엄마친구 딸이 키우던 개가 새끼 낳았어",
            "speaker": {
              "id": "2번",
              "sex": "여성",
              "age": "20대"
            },
            "speechAct": "(단언) 진술하기",
            "morpheme": "진봉/NNG+이/JKS+엄마/NNG+친구/NNG+딸/NNG+이/JKS+키우/VV+던/ETM+개/NNG+가/JKS+새끼/NNG+낳/VV+았/EP+어/EC"
          },
          {
            "id": 3,
            "text": "1 : 헐 키키 대박 진봉이 견종이 어떻게 돼?",
            "norm_text": "헐 키키 대박 진봉이 견종이 어떻게 돼?",
            "speaker": {
              "id": "1번",
              "sex": "여성",
              "age": "20대"
            },
            "speechAct": "(지시) 질문하기",
            "morpheme": "헐/IC+키/NNG+키대/NNG+박진봉/NNP+이견/NNG+종이/NNG+어떻게/MAG+돼/VV+EF"
          },
          {
            "id": 4,
            "text": "2 : 진봉이 말티즈야 이쁘 겠지?",
            "norm_text": "진봉이 말티즈야 이쁘 겠지?",
            "speaker": {
              "id": "2번",
              "sex": "여성",
              "age": "20대"
            },
            "speechAct": "(지시) 질문하기",
            "morpheme": "진봉/NNG+이/JKS+말/NNG+티즈/NNP+야/JKV+이쁘/VA+겠/EP+지/EF"
          },
          {
            "id": 5,
            "text": "2 : 이뻐",
            "norm_text": "이뻐",
            "speaker": {
              "id": "2번",
              "sex": "여성",
              "age": "20대"
            },
            "speechAct": "(단언) 주장하기",
            "morpheme": "이뻐/VA+EC"
          },
          {
            "id": 6,
            "text": "1 : 헐 ㅜㅜ 완전 귀엽겠다 우리도 말티즈 한 마리 키웠었어!",
            "norm_text": "헐 ㅜㅜ 완전 귀엽겠다 우리도 말티즈 한 마리 키웠었어!",
            "speaker": {
              "id": "1번",
              "sex": "여성",
              "age": "20대"
            },
            "speechAct": "(단언) 진술하기",
            "morpheme": "헐/VV+JKO+ㅜㅜ/UNKNOWN+완전/MAG+귀엽/VA+겠/EP+다/EF+우리/NP+도/JX+말/NNG+티즈/NNP+한/MM+마리/NNBC+키웠었/VV+EP+어/EF"
          },
          {
            "id": 7,
            "text": "2 : 본 집에서?",
            "norm_text": "본 집에서?",
            "speaker": {
              "id": "2번",
              "sex": "여성",
              "age": "20대"
            },
            "speechAct": "(지시) 질문하기",
            "morpheme": "본집/NNG+에서/JKB"
          },
          {
            "id": 8,
            "text": "2 : 어딨어 지금?",
            "norm_text": "어딨어 지금?",
            "speaker": {
              "id": "2번",
              "sex": "여성",
              "age": "20대"
            },
            "speechAct": "(지시) 질문하기",
            "morpheme": "어딨어/NP+VV+EF+지금/MAG"
          },
          {
            "id": 9,
            "text": "2 :이쁘지",
            "norm_text": "이쁘지",
            "speaker": {
              "id": "2번",
              "sex": "여성",
              "age": "20대"
            },
            "speechAct": "N/A",
            "morpheme": "이쁘/VA+지/EC"
          },
          {
            "id": 10,
            "text": "1 : 웅 맞아",
            "norm_text": "웅 맞아",
            "speaker": {
              "id": "1번",
              "sex": "여성",
              "age": "20대"
            },
            "speechAct": "(단언) 주장하기",
            "morpheme": "웅/MAG+맞/VV+아/EC"
          },
          {
            "id": 11,
            "text": "1 : 아파서 하늘나라 갔어 ㅜㅜ",
            "norm_text": "아파서 하늘나라 갔어 ㅜㅜ",
            "speaker": {
              "id": "1번",
              "sex": "여성",
              "age": "20대"
            },
            "speechAct": "(단언) 진술하기",
            "morpheme": "아파서/VA+EC+하늘/NNG+나라/NNG+갔/VV+EP+어/EF+ㅜㅜ/UNKNOWN"
          },
          {
            "id": 12,
            "text": "2 : 대박... 얼마나 키웠어?",
            "norm_text": "대박... 얼마나 키웠어?",
            "speaker": {
              "id": "2번",
              "sex": "여성",
              "age": "20대"
            },
            "speechAct": "(지시) 질문하기",
            "morpheme": "대박/NNG+./SY+./SY+얼마나/MAG+키웠/VV+EP+어/EF"
          },
          {
            "id": 13,
            "text": "2 : 울었어?",
            "norm_text": "울었어?",
            "speaker": {
              "id": "2번",
              "sex": "여성",
              "age": "20대"
            },
            "speechAct": "(지시) 질문하기",
            "morpheme": "울/VV+었/EP+어/EF"
          },
          {
            "id": 14,
            "text": "1 : 우리 3년 키웠는데 원인을 아예 모르고 떠나보냈어 ㅜ",
            "norm_text": "우리 3년 키웠는데 원인을 아예 모르고 떠나보냈어 ㅜ",
            "speaker": {
              "id": "1번",
              "sex": "여성",
              "age": "20대"
            },
            "speechAct": "(단언) 진술하기",
            "morpheme": "우리/NP+3/SN+년키웠는데원인을아예모르고떠나보냈어ㅜ/UNKNOWN"
          },
          {
            "id": 15,
            "text": "2 : 근데 강아지 그렇게 급성으로 많이 죽는데ㅜㅜ",
            "norm_text": "근데 강아지 그렇게 급성으로 많이 죽는데ㅜㅜ",
            "speaker": {
              "id": "2번",
              "sex": "여성",
              "age": "20대"
            },
            "speechAct": "(단언) 진술하기",
            "morpheme": "근데/MAJ+강아지/NNG+그렇게/MAG+급성/NNG+으로/JKB+많이/MAG+죽/VV+는데/EC+ㅜㅜ/UNKNOWN"
          },
          {
            "id": 16,
            "text": "1 : 그니까, 너무 안 좋아져서 충남대 병원 가려고 예약까지 해 놨는데 가기 전날 하늘나라 갔어 ㅜ",
            "norm_text": "그니까, 너무 안 좋아져서 충남대 병원 가려고 예약까지 해 놨는데 가기 전날 하늘나라 갔어 ㅜ",
            "speaker": {
              "id": "1번",
              "sex": "여성",
              "age": "20대"
            },
            "speechAct": "(단언) 진술하기",
            "morpheme": "그니까/MAJ+,/SC+너무안좋아져서충남대병원가려고예약까지해놨는데가기전날하늘나라갔어ㅜ/UNKNOWN"
          },
          {
            "id": 17,
            "text": "2 : 나도 갑자기 그렇게 되면 미칠 거 같아",
            "norm_text": "나도 갑자기 그렇게 되면 미칠 거 같아",
            "speaker": {
              "id": "2번",
              "sex": "여성",
              "age": "20대"
            },
            "speechAct": "(단언) 주장하기",
            "morpheme": "나/NP+도/JX+갑자기/MAG+그렇게/MAG+되/VV+면/EC+미칠/VV+ETM+거/NNB+같/VA+아/EC"
          },
          {
            "id": 18,
            "text": "1 : 맞아 ㅜㅜ",
            "norm_text": "맞아 ㅜㅜ",
            "speaker": {
              "id": "1번",
              "sex": "여성",
              "age": "20대"
            },
            "speechAct": "(단언) 주장하기",
            "morpheme": "맞아ㅜㅜ/UNKNOWN"
          },
          {
            "id": 19,
            "text": "1 : 언니도 진봉이를 위해서 병원비 같은 거 조금씩 모아 놔!",
            "norm_text": "언니도 진봉이를 위해서 병원비 같은 거 조금씩 모아 놔!",
            "speaker": {
              "id": "1번",
              "sex": "여성",
              "age": "20대"
            },
            "speechAct": "(지시) 충고/제안하기",
            "morpheme": "언니/NNG+도진/VV+ETM+봉이/NNG+를/JKO+위해서/VV+EC+병원/NNG+비/NNG+같/VA+은/ETM+거/NNB+조금/MAG+씩/XSN+모아/VV+EC+놔/VX+EF"
          },
          {
            "id": 20,
            "text": "2 : 나도 그러고 싶은데 생각만 해 매일...",
            "norm_text": "나도 그러고 싶은데 생각만 해 매일...",
            "speaker": {
              "id": "2번",
              "sex": "여성",
              "age": "20대"
            },
            "speechAct": "(단언) 주장하기",
            "morpheme": "나/NP+도/JX+그러/VV+고/EC+싶/VX+은데/EC+생각/NNG+만/JX+해/VV+EC+매일/MAG+./SY"
          },
          {
            "id": 21,
            "text": "1 : 근데 진짜 우리가 병원비로만 300 넘게 썼거든!",
            "norm_text": "근데 진짜 우리가 병원비로만 300 넘게 썼거든!",
            "speaker": {
              "id": "1번",
              "sex": "여성",
              "age": "20대"
            },
            "speechAct": "(단언) 진술하기",
            "morpheme": "근데/MAJ+진짜/MAG+우리/NP+가/JKS+병원/NNG+비/NNG+로/JKB+만/JX+300/SN+넘/VV+게/EC+썼/VV+EP+거든/EF"
          },
          {
            "id": 22,
            "text": "1 : 금방 지출 돼!",
            "norm_text": "금방 지출 돼!",
            "speaker": {
              "id": "1번",
              "sex": "여성",
              "age": "20대"
            },
            "speechAct": "(단언) 주장하기",
            "morpheme": "금방/MAG+지출/NNG+돼/XSV+EF"
          },
          {
            "id": 23,
            "text": "2 : 그래서 강아지 보험이 있어야 된데",
            "norm_text": "그래서 강아지 보험이 있어야 된데",
            "speaker": {
              "id": "2번",
              "sex": "여성",
              "age": "20대"
            },
            "speechAct": "(단언) 주장하기",
            "morpheme": "그래서/MAJ+강아지/NNG+보험/NNG+이/JKS+있/VV+어야/EC+된/VV+ETM+데/NNB"
          }
        ]
      }
    }
  ]
}