{
  "dataset": {
    "identifier": 98543,
    "name": "FACEBOOK_107_12_set",
    "src_path": "/data/file/cubeManager/PROJECT001/77/txt202110291608050310103/FACEBOOK_107_12_set/",
    "label_path": "/data/file/cubeManager/PROJECT001/77/txt202110291608050310103/FACEBOOK_107_12_set/",
    "category": 2,
    "type": 0
  },
  "licenses": {
    "name": "Apache License 1.0",
    "url": "http://www.apache.org/licenses/LICENSE-1.0"
  },
  "info": [
    {
      "id": 111280,
      "filename": "FACEBOOK_107_12.txt",
      "title": "FACEBOOK_107_12",
      "mediatype": "SNS",
      "medianame": "페이스북",
      "category": "일상대화",
      "date": "2021-10-29",
      "size": 486,
      "annotations": {
        "subject": "여행",
        "speaker_type": "1:1",
        "size": 486,
        "word_size": 170,
        "text": "1 : 언니는 펜션 잡고 노는 게 좋아 호텔에서 노는 게 좋아?\n2 : 나는 펜션 파야 고기 꾸워 먹는 거지\n1 : 아 키키 맞아 고기 최고지!\n1 : 최근에 어디로 갔어?\n2 : 최근에 아니고 다음주에 가지롱\n1 : 홀 대박!\n1 : 어디로 갈 예정이야!?\n1 : 나 빼놓고!\n2 : 지역은 기억 안 나는데 풀빌라 빌렸엉\n1 : 헐 대박 풀빌라면 수영장도 있겠네!?\n2 : 맞아\n2 : 수영장 밖에도 안에도 있대 온수 풀 키키\n1 : 와 대박 몇 명이서 가?\n1 : 그거 비쌀텐데!\n2 : 여섯명 키키 응 좀 비쌌던 거 같아 육십 넘었던 듯\n1 : 맞아\n1 : 그 정도 할 거 같아!\n1 :온수 기본 비용만 30만 원이던데!?\n2 : 와 대박 그렇다고?\n2 : 빨랑 가고 싶다\n1 : 근데 펜션마다 가격은 다르긴 하지!\n1 : 부럽다!\n1 : 후기 좀 알려줘!\n2 : 키키 나중에 내가 다녀와서 알려줄게\n1 : 키키 오 좋아 나는 부여로 캠핑 가는데 언니네로 슝 가고 싶다!\n2 : 키키 캠핑 감기 조심히 다녀와",
        "lines": [
          {
            "id": 1,
            "text": "1 : 언니는 펜션 잡고 노는 게 좋아 호텔에서 노는 게 좋아?",
            "norm_text": "언니는 펜션 잡고 노는 게 좋아 호텔에서 노는 게 좋아?",
            "speaker": {
              "id": "1번",
              "sex": "여성",
              "age": "20대"
            },
            "speechAct": "(지시) 질문하기",
            "morpheme": "언니/NNG+는/JX+펜션/NNG+잡/VV+고/EC+노/VX+는/ETM+게/NNB+JKS+좋/VA+아/EC+호텔/NNG+에서/JKB+노/VV+는/ETM+게/NNB+JKS+좋/VA+아/EF"
          },
          {
            "id": 2,
            "text": "2 : 나는 펜션 파야 고기 꾸워 먹는 거지",
            "norm_text": "나는 펜션 파야 고기 꾸워 먹는 거지",
            "speaker": {
              "id": "2번",
              "sex": "여성",
              "age": "20대"
            },
            "speechAct": "(단언) 진술하기",
            "morpheme": "나/NP+는/JX+펜션/NNG+파/VV+야/EC+고기/NNG+꾸워/UNKNOWN+먹/VV+는/ETM+거/NNB+지/VCP+EC"
          },
          {
            "id": 3,
            "text": "1 : 아 키키 맞아 고기 최고지!",
            "norm_text": "아 키키 맞아 고기 최고지!",
            "speaker": {
              "id": "1번",
              "sex": "여성",
              "age": "20대"
            },
            "speechAct": "(단언) 주장하기",
            "morpheme": "아키/NNP+키/NNG+맞/VV+아/EC+고기/NNG+최고/NNG+지/VCP+EF"
          },
          {
            "id": 4,
            "text": "1 : 최근에 어디로 갔어?",
            "norm_text": "최근에 어디로 갔어?",
            "speaker": {
              "id": "1번",
              "sex": "여성",
              "age": "20대"
            },
            "speechAct": "(지시) 질문하기",
            "morpheme": "최근/NNG+에/JKB+어디/NP+로/JKB+갔/VV+EP+어/EF"
          },
          {
            "id": 5,
            "text": "2 : 최근에 아니고 다음주에 가지롱",
            "norm_text": "최근에 아니고 다음주에 가지롱",
            "speaker": {
              "id": "2번",
              "sex": "여성",
              "age": "20대"
            },
            "speechAct": "(단언) 진술하기",
            "morpheme": "최근/NNG+에/JKB+아니/VCN+고/EC+다음/NNG+주/NNG+에/JKB+가/VV+지롱/EC"
          },
          {
            "id": 6,
            "text": "1 : 홀 대박!",
            "norm_text": "홀 대박!",
            "speaker": {
              "id": "1번",
              "sex": "여성",
              "age": "20대"
            },
            "speechAct": "(표현) 긍정감정 표현하기",
            "morpheme": "홀/NNP+대박/NNG"
          },
          {
            "id": 7,
            "text": "1 : 어디로 갈 예정이야!?",
            "norm_text": "어디로 갈 예정이야!?",
            "speaker": {
              "id": "1번",
              "sex": "여성",
              "age": "20대"
            },
            "speechAct": "(지시) 질문하기",
            "morpheme": "어디/NP+로/JKB+갈/VV+ETM+예정/NNG+이/VCP+야/EC+!/SY"
          },
          {
            "id": 8,
            "text": "1 : 나 빼놓고!",
            "norm_text": "나 빼놓고!",
            "speaker": {
              "id": "1번",
              "sex": "여성",
              "age": "20대"
            },
            "speechAct": "(단언) 진술하기",
            "morpheme": "나/NP+빼놓/VV+고/EC"
          },
          {
            "id": 9,
            "text": "2 : 지역은 기억 안 나는데 풀빌라 빌렸엉",
            "norm_text": "지역은 기억 안 나는데 풀빌라 빌렸엉",
            "speaker": {
              "id": "2번",
              "sex": "여성",
              "age": "20대"
            },
            "speechAct": "(단언) 진술하기",
            "morpheme": "지역/NNG+은/JX+기억/NNG+안/MAG+나/VV+는/ETM+데/NNB+풀/VV+ETM+빌라/NNG+빌렸/VV+EP+엉/EC"
          },
          {
            "id": 10,
            "text": "1 : 헐 대박 풀빌라면 수영장도 있겠네!?",
            "norm_text": "헐 대박 풀빌라면 수영장도 있겠네!?",
            "speaker": {
              "id": "1번",
              "sex": "여성",
              "age": "20대"
            },
            "speechAct": "(지시) 질문하기",
            "morpheme": "헐대박풀빌라면수영장도있겠네/UNKNOWN+!/SY"
          },
          {
            "id": 11,
            "text": "2 : 맞아",
            "norm_text": "맞아",
            "speaker": {
              "id": "2번",
              "sex": "여성",
              "age": "20대"
            },
            "speechAct": "(단언) 주장하기",
            "morpheme": "맞/VV+아/EC"
          },
          {
            "id": 12,
            "text": "2 : 수영장 밖에도 안에도 있대 온수 풀 키키",
            "norm_text": "수영장 밖에도 안에도 있대 온수 풀 키키",
            "speaker": {
              "id": "2번",
              "sex": "여성",
              "age": "20대"
            },
            "speechAct": "(단언) 진술하기",
            "morpheme": "수영장/NNG+밖에/JX+도/JX+안/NNG+에/JKB+도/JX+있/VA+대/EF+온수풀/NNG+키/NNG+키/XSV+ETN"
          },
          {
            "id": 13,
            "text": "1 : 와 대박 몇 명이서 가?",
            "norm_text": "와 대박 몇 명이서 가?",
            "speaker": {
              "id": "1번",
              "sex": "여성",
              "age": "20대"
            },
            "speechAct": "(지시) 질문하기",
            "morpheme": "와/IC+대박/NNG+몇/MM+명/NNBC+이/XSN+서/JKS+가/VV+EF"
          },
          {
            "id": 14,
            "text": "1 : 그거 비쌀텐데!",
            "norm_text": "그거 비쌀텐데!",
            "speaker": {
              "id": "1번",
              "sex": "여성",
              "age": "20대"
            },
            "speechAct": "(단언) 진술하기",
            "morpheme": "그거/NP+비쌀텐데/VA+ETM+NNB+VCP+EF"
          },
          {
            "id": 15,
            "text": "2 : 여섯명 키키 응 좀 비쌌던 거 같아 육십 넘었던 듯",
            "norm_text": "여섯명 키키 응 좀 비쌌던 거 같아 육십 넘었던 듯",
            "speaker": {
              "id": "2번",
              "sex": "여성",
              "age": "20대"
            },
            "speechAct": "(단언) 진술하기",
            "morpheme": "여섯/NR+명/NNBC+키/NNG+키/XSV+ETN+응/IC+좀/MAG+비쌌/VA+EP+던/ETM+거/NNB+같/VA+아/EC+육/NR+십/NR+넘/VV+었/EP+던/ETM+듯/NNB"
          },
          {
            "id": 16,
            "text": "1 : 맞아",
            "norm_text": "맞아",
            "speaker": {
              "id": "1번",
              "sex": "여성",
              "age": "20대"
            },
            "speechAct": "(단언) 주장하기",
            "morpheme": "맞/VV+아/EC"
          },
          {
            "id": 17,
            "text": "1 : 그 정도 할 거 같아!",
            "norm_text": "그 정도 할 거 같아!",
            "speaker": {
              "id": "1번",
              "sex": "여성",
              "age": "20대"
            },
            "speechAct": "(단언) 진술하기",
            "morpheme": "그/MM+정도/NNG+할/XSV+ETM+거/NNB+같/VA+아/EF"
          },
          {
            "id": 18,
            "text": "1 :온수 기본 비용만 30만 원이던데!?",
            "norm_text": "온수 기본 비용만 30만 원이던데!?",
            "speaker": {
              "id": "1번",
              "sex": "여성",
              "age": "20대"
            },
            "speechAct": "(단언) 진술하기",
            "morpheme": "온수/NNG+기본/NNG+비용/NNG+만/JX+30/SN+만/NR+원/NNBC+이/VCP+던데/EC+!/SY"
          },
          {
            "id": 19,
            "text": "2 : 와 대박 그렇다고?",
            "norm_text": "와 대박 그렇다고?",
            "speaker": {
              "id": "2번",
              "sex": "여성",
              "age": "20대"
            },
            "speechAct": "(지시) 질문하기",
            "morpheme": "와/IC+대박/NNG+그렇/VA+다고/EF"
          },
          {
            "id": 20,
            "text": "2 : 빨랑 가고 싶다",
            "norm_text": "빨랑 가고 싶다",
            "speaker": {
              "id": "2번",
              "sex": "여성",
              "age": "20대"
            },
            "speechAct": "(단언) 주장하기",
            "morpheme": "빨랑/MAG+가/VV+고/EC+싶/VX+다/EC"
          },
          {
            "id": 21,
            "text": "1 : 근데 펜션마다 가격은 다르긴 하지!",
            "norm_text": "근데 펜션마다 가격은 다르긴 하지!",
            "speaker": {
              "id": "1번",
              "sex": "여성",
              "age": "20대"
            },
            "speechAct": "(단언) 진술하기",
            "morpheme": "근데/MAJ+펜션/NNG+마다/JX+가격/NNG+은/JX+다르/VA+긴/ETN+JX+하/VX+지/EF"
          },
          {
            "id": 22,
            "text": "1 : 부럽다!",
            "norm_text": "부럽다!",
            "speaker": {
              "id": "1번",
              "sex": "여성",
              "age": "20대"
            },
            "speechAct": "(단언) 진술하기",
            "morpheme": "부럽/VA+다/EF"
          },
          {
            "id": 23,
            "text": "1 : 후기 좀 알려줘!",
            "norm_text": "후기 좀 알려줘!",
            "speaker": {
              "id": "1번",
              "sex": "여성",
              "age": "20대"
            },
            "speechAct": "(지시) 명령/요구하기",
            "morpheme": "후기/NNG+좀/MAG+알려/VV+EC+줘/VX+EF"
          },
          {
            "id": 24,
            "text": "2 : 키키 나중에 내가 다녀와서 알려줄게",
            "norm_text": "키키 나중에 내가 다녀와서 알려줄게",
            "speaker": {
              "id": "2번",
              "sex": "여성",
              "age": "20대"
            },
            "speechAct": "(언약) 약속하기(제3자와)/(개인적 수준)",
            "morpheme": "키/NNG+키/NNG+나중/NNG+에/JKB+내/NP+가/JKS+다녀와서/VV+EC+알려/VV+EC+줄/VX+ETM+게/NNB+JKS"
          },
          {
            "id": 25,
            "text": "1 : 키키 오 좋아 나는 부여로 캠핑 가는데 언니네로 슝 가고 싶다!",
            "norm_text": "키키 오 좋아 나는 부여로 캠핑 가는데 언니네로 슝 가고 싶다!",
            "speaker": {
              "id": "1번",
              "sex": "여성",
              "age": "20대"
            },
            "speechAct": "(단언) 주장하기",
            "morpheme": "키/NNG+키/XSV+ETN+오/VV+좋아/EC+나/NP+는/JX+부여/NNG+로/JKB+캠핑/NNG+가/VV+는데/EC+언니네/NNP+로/JKB+슝/MAG+가/VV+고/EC+싶/VX+다/EF"
          },
          {
            "id": 26,
            "text": "2 : 키키 캠핑 감기 조심히 다녀와",
            "norm_text": "키키 캠핑 감기 조심히 다녀와",
            "speaker": {
              "id": "2번",
              "sex": "여성",
              "age": "20대"
            },
            "speechAct": "(단언) 진술하기",
            "morpheme": "키/NNG+키/NNG+캠핑/NNG+감기/NNG+조심히/MAG+다녀와/VV+EC"
          }
        ]
      }
    }
  ]
}