{
  "dataset": {
    "identifier": 113447,
    "name": "FACEBOOK_112_07_set",
    "src_path": "/data/file/cubeManager/PROJECT001/80/txt20211103154237028446/FACEBOOK_112_07_set/",
    "label_path": "/data/file/cubeManager/PROJECT001/80/txt20211103154237028446/FACEBOOK_112_07_set/",
    "category": 2,
    "type": 0
  },
  "licenses": {
    "name": "Apache License 1.0",
    "url": "http://www.apache.org/licenses/LICENSE-1.0"
  },
  "info": [
    {
      "id": 135342,
      "filename": "FACEBOOK_112_07.txt",
      "title": "FACEBOOK_112_07",
      "mediatype": "SNS",
      "medianame": "페이스북",
      "category": "일상대화",
      "date": "2021-11-03",
      "size": 416,
      "annotations": {
        "subject": "가족",
        "speaker_type": "1:1",
        "size": 416,
        "word_size": 142,
        "text": "1 : 코시국에 부모님 건강은 어떠셔?\n2 : 건강?\n2 : 건강 뭐 어디 아프다 아프다 하는데 괜찮은 듯?\n1 : 그렇구먼 키키\n1 : 지금 두 분 다 환갑 넘으셨어?\n2 : 아니 아직 키키\n2 : 내년이 환갑일껄\n1 : 헐 아부지가 내년에 환갑이셔?\n2 : 웅 맞아 아빠 내년 환갑 너넨?\n1 : 우리는 내후년에 환갑이야!\n1 : 언니네는 뭐 할 생각이야?\n2 : 그니까 환갑 때 뭐해주냐\n1 : 아, 예산부터 정해야 하는데, 어떻게 해야 하지,?\n2 : 크게 해줘야 되는 거 아냐? 부담\n1 : 근데 요즘에 환갑 잔치 이런 거 안 하잖아!\n2 : 키키 그래도 선물은 주고 받지\n1 : 맞아 키키\n1 ; 아 돈방석 이런 거 해 줘야 하나?\n2 : 키키 얼마 생각하는 데? 많이?\n1 : 일단 언니랑 얘기해서 인당 50만 원씩?\n2 : 맞아 나도 외동이라 백 생각하고 있음 덜덜",
        "lines": [
          {
            "id": 1,
            "text": "1 : 코시국에 부모님 건강은 어떠셔?",
            "norm_text": "코시국에 부모님 건강은 어떠셔?",
            "speaker": {
              "id": "1번",
              "sex": "여성",
              "age": "20대"
            },
            "speechAct": "(지시) 질문하기",
            "morpheme": "코/NNG+시국/NNG+에/JKB+부모/NNG+님/XSN+건강/NNG+은/JX+어떠/VA+셔/EP+EF"
          },
          {
            "id": 2,
            "text": "2 : 건강?",
            "norm_text": "건강?",
            "speaker": {
              "id": "2번",
              "sex": "여성",
              "age": "20대"
            },
            "speechAct": "(지시) 질문하기",
            "morpheme": "건강/NNG"
          },
          {
            "id": 3,
            "text": "2 : 건강 뭐 어디 아프다 아프다 하는데 괜찮은 듯?",
            "norm_text": "건강 뭐 어디 아프다 아프다 하는데 괜찮은 듯?",
            "speaker": {
              "id": "2번",
              "sex": "여성",
              "age": "20대"
            },
            "speechAct": "(지시) 질문하기",
            "morpheme": "건강/NNG+뭐/IC+어디/NP+아프/VA+다/EC+아프/VA+다/EC+하/VV+는/ETM+데/NNB+괜찮/VA+은/ETM+듯/NNB"
          },
          {
            "id": 4,
            "text": "1 : 그렇구먼 키키",
            "norm_text": "그렇구먼 키키",
            "speaker": {
              "id": "1번",
              "sex": "여성",
              "age": "20대"
            },
            "speechAct": "(단언) 주장하기",
            "morpheme": "그렇/VA+구/EC+먼/VA+ETM+키/NNG+키/XSV+ETN"
          },
          {
            "id": 5,
            "text": "1 : 지금 두 분 다 환갑 넘으셨어?",
            "norm_text": "지금 두 분 다 환갑 넘으셨어?",
            "speaker": {
              "id": "1번",
              "sex": "여성",
              "age": "20대"
            },
            "speechAct": "(지시) 질문하기",
            "morpheme": "지금/MAG+두/MM+분/NNBC+다/MAG+환갑/NNG+넘/VV+으셨/EP+EP+어/EF"
          },
          {
            "id": 6,
            "text": "2 : 아니 아직 키키",
            "norm_text": "아니 아직 키키",
            "speaker": {
              "id": "2번",
              "sex": "여성",
              "age": "20대"
            },
            "speechAct": "(단언) 진술하기",
            "morpheme": "아니/IC+아직/MAG+키/NNG+키/XSV+ETN"
          },
          {
            "id": 7,
            "text": "2 : 내년이 환갑일껄",
            "norm_text": "내년이 환갑일껄",
            "speaker": {
              "id": "2번",
              "sex": "여성",
              "age": "20대"
            },
            "speechAct": "(단언) 주장하기",
            "morpheme": "내년이환갑일껄/UNKNOWN"
          },
          {
            "id": 8,
            "text": "1 : 헐 아부지가 내년에 환갑이셔?",
            "norm_text": "헐 아부지가 내년에 환갑이셔?",
            "speaker": {
              "id": "1번",
              "sex": "여성",
              "age": "20대"
            },
            "speechAct": "(지시) 질문하기",
            "morpheme": "헐/IC+아부지/NNG+가/JKS+내년/NNG+에/JKB+환갑/NNG+이/VCP+셔/EP+EF"
          },
          {
            "id": 9,
            "text": "2 : 웅 맞아 아빠 내년 환갑 너넨?",
            "norm_text": "웅 맞아 아빠 내년 환갑 너넨?",
            "speaker": {
              "id": "2번",
              "sex": "여성",
              "age": "20대"
            },
            "speechAct": "(지시) 질문하기",
            "morpheme": "웅/MAG+맞/VV+아/EC+아빠/NNG+내년/NNG+환갑/NNG+너/NP+넨/XPN+JX"
          },
          {
            "id": 10,
            "text": "1 : 우리는 내후년에 환갑이야!",
            "norm_text": "우리는 내후년에 환갑이야!",
            "speaker": {
              "id": "1번",
              "sex": "여성",
              "age": "20대"
            },
            "speechAct": "(단언) 진술하기",
            "morpheme": "우리/NP+는/JX+내후년/NNG+에/JKB+환갑/NNG+이/VCP+야/EF"
          },
          {
            "id": 11,
            "text": "1 : 언니네는 뭐 할 생각이야?",
            "norm_text": "언니네는 뭐 할 생각이야?",
            "speaker": {
              "id": "1번",
              "sex": "여성",
              "age": "20대"
            },
            "speechAct": "(지시) 질문하기",
            "morpheme": "언니네/NNP+는/JX+뭐/IC+할/VV+ETM+생각/NNG+이/VCP+야/EF"
          },
          {
            "id": 12,
            "text": "2 : 그니까 환갑 때 뭐해주냐",
            "norm_text": "그니까 환갑 때 뭐해주냐",
            "speaker": {
              "id": "2번",
              "sex": "여성",
              "age": "20대"
            },
            "speechAct": "(단언) 주장하기",
            "morpheme": "그니까/MAJ+환갑/NNG+때/NNG+뭐/IC+해/VV+EC+주/VX+냐/EC"
          },
          {
            "id": 13,
            "text": "1 : 아, 예산부터 정해야 하는데, 어떻게 해야 하지,?",
            "norm_text": "아, 예산부터 정해야 하는데, 어떻게 해야 하지,?",
            "speaker": {
              "id": "1번",
              "sex": "여성",
              "age": "20대"
            },
            "speechAct": "(지시) 질문하기",
            "morpheme": "아/IC+,/SC+예산/NNG+부터/JX+정해야/VV+EC+하/VV+는데/EC+,/SC+어떻게/MAG+해야/VV+EC+하/VV+지/EC+,/SY"
          },
          {
            "id": 14,
            "text": "2 : 크게 해줘야 되는 거 아냐? 부담",
            "norm_text": "크게 해줘야 되는 거 아냐? 부담",
            "speaker": {
              "id": "2번",
              "sex": "여성",
              "age": "20대"
            },
            "speechAct": "(지시) 질문하기",
            "morpheme": "크/VA+게/EC+해/VV+EC+줘야/VX+EC+되/VV+는/ETM+거/NNB+아냐/VCN+EF+부담/NNG"
          },
          {
            "id": 15,
            "text": "1 : 근데 요즘에 환갑 잔치 이런 거 안 하잖아!",
            "norm_text": "근데 요즘에 환갑 잔치 이런 거 안 하잖아!",
            "speaker": {
              "id": "1번",
              "sex": "여성",
              "age": "20대"
            },
            "speechAct": "(단언) 진술하기",
            "morpheme": "근데/MAJ+요즘/NNG+에/JKB+환갑잔치/NNG+이런/MM+거/NNB+안/MAG+하/VV+잖아/EF"
          },
          {
            "id": 16,
            "text": "2 : 키키 그래도 선물은 주고 받지",
            "norm_text": "키키 그래도 선물은 주고 받지",
            "speaker": {
              "id": "2번",
              "sex": "여성",
              "age": "20대"
            },
            "speechAct": "(단언) 주장하기",
            "morpheme": "키/NNG+키/XSV+ETN+그래도/MAJ+선물/NNG+은/JX+주고받/VV+지/EC"
          },
          {
            "id": 17,
            "text": "1 : 맞아 키키",
            "norm_text": "맞아 키키",
            "speaker": {
              "id": "1번",
              "sex": "여성",
              "age": "20대"
            },
            "speechAct": "(단언) 주장하기",
            "morpheme": "맞/VV+아/EC+키/NNG+키/XSV+ETN"
          },
          {
            "id": 18,
            "text": "1 ; 아 돈방석 이런 거 해 줘야 하나?",
            "norm_text": "아 돈방석 이런 거 해 줘야 하나?",
            "speaker": {
              "id": "1번",
              "sex": "여성",
              "age": "20대"
            },
            "speechAct": "(지시) 질문하기",
            "morpheme": "아/IC+돈방석/NNG+이런/MM+거/NNB+해/VV+EC+줘야/VX+EC+하나/NR"
          },
          {
            "id": 19,
            "text": "2 : 키키 얼마 생각하는 데? 많이?",
            "norm_text": "키키 얼마 생각하는 데? 많이?",
            "speaker": {
              "id": "2번",
              "sex": "여성",
              "age": "20대"
            },
            "speechAct": "(지시) 질문하기",
            "morpheme": "키/NNG+키/NNG+얼마/NNG+생각/NNG+하/XSV+는데/EC+많이/MAG"
          },
          {
            "id": 20,
            "text": "1 : 일단 언니랑 얘기해서 인당 50만 원씩?",
            "norm_text": "일단 언니랑 얘기해서 인당 50만 원씩?",
            "speaker": {
              "id": "1번",
              "sex": "여성",
              "age": "20대"
            },
            "speechAct": "(지시) 질문하기",
            "morpheme": "일단/MAG+언니/NNG+랑/JKB+얘기/NNG+해서인/XSA+EC+VCP+ETM+당/NNG+50/SN+만/NR+원/NNBC+씩/XSN"
          },
          {
            "id": 21,
            "text": "2 : 맞아 나도 외동이라 백 생각하고 있음 덜덜",
            "norm_text": "맞아 나도 외동이라 백 생각하고 있음 덜덜",
            "speaker": {
              "id": "2번",
              "sex": "여성",
              "age": "20대"
            },
            "speechAct": "(단언) 주장하기",
            "morpheme": "맞/VV+아/EC+나/NP+도/JX+외동/NNG+이/VCP+라/EC+백/NR+생각/NNG+하/XSV+고/EC+있/VX+음/ETN+덜/VV+덜/EC"
          }
        ]
      }
    }
  ]
}