{
  "dataset": {
    "identifier": 98540,
    "name": "FACEBOOK_104_19_set",
    "src_path": "/data/file/cubeManager/PROJECT001/77/txt20211028145511024877/FACEBOOK_104_19_set/",
    "label_path": "/data/file/cubeManager/PROJECT001/77/txt20211028145511024877/FACEBOOK_104_19_set/",
    "category": 2,
    "type": 0
  },
  "licenses": {
    "name": "Apache License 1.0",
    "url": "http://www.apache.org/licenses/LICENSE-1.0"
  },
  "info": [
    {
      "id": 100504,
      "filename": "FACEBOOK_104_19.txt",
      "title": "FACEBOOK_104_19",
      "mediatype": "SNS",
      "medianame": "페이스북",
      "category": "일상대화",
      "date": "2021-10-28",
      "size": 447,
      "annotations": {
        "subject": "방송/연예",
        "speaker_type": "1:1",
        "size": 447,
        "word_size": 163,
        "text": "1 : 너 요즘에 아는형님 보고 있어?\n2 : 아니 아는형님은 잘 안 보게 되더라\n1 : 그러면 너 한 번도 안 봤어?\n2 : 아니\n2 : 초반에는 많이 봤는데 요즘에는 잘 안보게 돼\n1 : 너가 봤을 때 게스트 누구 나왔어?\n2 : 어 나는 카이 나왔었어!\n1 : 카이?\n1 : 그 엑소 나왔을 때 얘기하는 건가?\n2 : 어 맞아\n2 : 그 바지 속에 두 글자!\n1 : 키키 아 나 그거 봤어 배 찢어지는 줄 키키\n2 : 어 나도 키키 너무 웃겨서 몇 번을 돌려봤어 ㅠㅠ\n1 : 키키 나도 그게 게임 제목이 고요 속의 외침이었나?\n2 : 어 맞는 거 같아!\n2 : 그거 맞아!\n1 : 그때 카이의 표정을 잊을 수 없다!\n2 : 맞아 키키\n2 :  당황스러운 그 표정 키키 진심이더라\n1 : 키키 맞아\n1 : 근데 내가 생각해도 그게 너무 역대급이라 그 다음 게스트가 별로 안 웃겼어!\n2 : 어 맞아\n2 : 약간 그런 것도 있는 거 같아",
        "lines": [
          {
            "id": 1,
            "text": "1 : 너 요즘에 아는형님 보고 있어?",
            "norm_text": "너 요즘에 아는형님 보고 있어?",
            "speaker": {
              "id": "1번",
              "sex": "여성",
              "age": "20대"
            },
            "speechAct": "(지시) 질문하기",
            "morpheme": "너/NP+요즘/NNG+에/JKB+아/VV+는/ETM+형/NNG+님/XSN+보/VV+고/EC+있/VX+어/EF"
          },
          {
            "id": 2,
            "text": "2 : 아니 아는형님은 잘 안 보게 되더라",
            "norm_text": "아니 아는형님은 잘 안 보게 되더라",
            "speaker": {
              "id": "2번",
              "sex": "여성",
              "age": "20대"
            },
            "speechAct": "(단언) 진술하기",
            "morpheme": "아니/MAG+아/VV+는/ETM+형/NNG+님/XSN+은/JX+잘/MAG+안/MAG+보/VV+게/EC+되/VV+더라/EC"
          },
          {
            "id": 3,
            "text": "1 : 그러면 너 한 번도 안 봤어?",
            "norm_text": "그러면 너 한 번도 안 봤어?",
            "speaker": {
              "id": "1번",
              "sex": "여성",
              "age": "20대"
            },
            "speechAct": "(지시) 질문하기",
            "morpheme": "그러면/MAJ+너/NP+한/MM+번/NNBC+도/JX+안/MAG+봤/VV+EP+어/EF"
          },
          {
            "id": 4,
            "text": "2 : 아니",
            "norm_text": "아니",
            "speaker": {
              "id": "2번",
              "sex": "여성",
              "age": "20대"
            },
            "speechAct": "(단언) 주장하기",
            "morpheme": "아니/IC"
          },
          {
            "id": 5,
            "text": "2 : 초반에는 많이 봤는데 요즘에는 잘 안보게 돼",
            "norm_text": "초반에는 많이 봤는데 요즘에는 잘 안보게 돼",
            "speaker": {
              "id": "2번",
              "sex": "여성",
              "age": "20대"
            },
            "speechAct": "(단언) 진술하기",
            "morpheme": "초반/NNG+에/JKB+는/JX+많이/MAG+봤/VV+EP+는데/EC+요즘/NNG+에/JKB+는/JX+잘/MAG+안/MAG+보/VV+게/EC+돼/VV+EC"
          },
          {
            "id": 6,
            "text": "1 : 너가 봤을 때 게스트 누구 나왔어?",
            "norm_text": "너가 봤을 때 게스트 누구 나왔어?",
            "speaker": {
              "id": "1번",
              "sex": "여성",
              "age": "20대"
            },
            "speechAct": "(지시) 질문하기",
            "morpheme": "너/NP+가/JKS+봤/VV+EP+을/ETM+때/NNG+게스트/NNG+누구/NP+나왔/VV+EP+어/EF"
          },
          {
            "id": 7,
            "text": "2 : 어 나는 카이 나왔었어!",
            "norm_text": "어 나는 카이 나왔었어!",
            "speaker": {
              "id": "2번",
              "sex": "여성",
              "age": "20대"
            },
            "speechAct": "(단언) 진술하기",
            "morpheme": "어/IC+나/NP+는/JX+카이/NNP+나왔었/VV+EP+어/EF"
          },
          {
            "id": 8,
            "text": "1 : 카이?",
            "norm_text": "카이?",
            "speaker": {
              "id": "1번",
              "sex": "여성",
              "age": "20대"
            },
            "speechAct": "(지시) 질문하기",
            "morpheme": "카이/NNP"
          },
          {
            "id": 9,
            "text": "1 : 그 엑소 나왔을 때 얘기하는 건가?",
            "norm_text": "그 엑소 나왔을 때 얘기하는 건가?",
            "speaker": {
              "id": "1번",
              "sex": "여성",
              "age": "20대"
            },
            "speechAct": "(단언) 진술하기",
            "morpheme": "그/MM+엑소/NNP+나왔/VV+EP+을/ETM+때/NNG+얘기/NNG+하/XSV+는/ETM+건가/NNB+VCP+EF"
          },
          {
            "id": 10,
            "text": "2 : 어 맞아",
            "norm_text": "어 맞아",
            "speaker": {
              "id": "2번",
              "sex": "여성",
              "age": "20대"
            },
            "speechAct": "(단언) 주장하기",
            "morpheme": "어/IC+맞/VV+아/EC"
          },
          {
            "id": 11,
            "text": "2 : 그 바지 속에 두 글자!",
            "norm_text": "그 바지 속에 두 글자!",
            "speaker": {
              "id": "2번",
              "sex": "여성",
              "age": "20대"
            },
            "speechAct": "(단언) 진술하기",
            "morpheme": "그/MM+바지/NNG+속/NNG+에/JKB+두/MM+글자/NNG"
          },
          {
            "id": 12,
            "text": "1 : 키키 아 나 그거 봤어 배 찢어지는 줄 키키",
            "norm_text": "키키 아 나 그거 봤어 배 찢어지는 줄 키키",
            "speaker": {
              "id": "1번",
              "sex": "여성",
              "age": "20대"
            },
            "speechAct": "(단언) 진술하기",
            "morpheme": "키/NNG+키아나/NNP+그거/NP+봤/VV+EP+어/EC+배/NNG+찢어지/VV+는/ETM+줄/NNB+키/NNG+키/XSV+ETN"
          },
          {
            "id": 13,
            "text": "2 : 어 나도 키키 너무 웃겨서 몇 번을 돌려봤어 ㅠㅠ",
            "norm_text": "어 나도 키키 너무 웃겨서 몇 번을 돌려봤어 ㅠㅠ",
            "speaker": {
              "id": "2번",
              "sex": "여성",
              "age": "20대"
            },
            "speechAct": "(단언) 진술하기",
            "morpheme": "어/IC+나/NP+도/JX+키/NNG+키/NNG+너무/MAG+웃겨서/VV+EC+몇/MM+번/NNBC+을/JKO+돌려/VV+EC+봤/VX+EP+어/EF+ㅠㅠ/UNKNOWN"
          },
          {
            "id": 14,
            "text": "1 : 키키 나도 그게 게임 제목이 고요 속의 외침이었나?",
            "norm_text": "키키 나도 그게 게임 제목이 고요 속의 외침이었나?",
            "speaker": {
              "id": "1번",
              "sex": "여성",
              "age": "20대"
            },
            "speechAct": "(지시) 질문하기",
            "morpheme": "키/NNG+키나/XSA+ETN+JX+도/JX+그게/NP+JKS+게임/NNG+제목/NNG+이/VCP+고/EC+요속/NNG+의/JKG+외침/NNG+이/VCP+었/EP+나/EF"
          },
          {
            "id": 15,
            "text": "2 : 어 맞는 거 같아!",
            "norm_text": "어 맞는 거 같아!",
            "speaker": {
              "id": "2번",
              "sex": "여성",
              "age": "20대"
            },
            "speechAct": "(단언) 진술하기",
            "morpheme": "어/IC+맞/VV+는/ETM+거/NNB+같/VA+아/EF"
          },
          {
            "id": 16,
            "text": "2 : 그거 맞아!",
            "norm_text": "그거 맞아!",
            "speaker": {
              "id": "2번",
              "sex": "여성",
              "age": "20대"
            },
            "speechAct": "(단언) 진술하기",
            "morpheme": "그거/NP+맞/VV+아/EF"
          },
          {
            "id": 17,
            "text": "1 : 그때 카이의 표정을 잊을 수 없다!",
            "norm_text": "그때 카이의 표정을 잊을 수 없다!",
            "speaker": {
              "id": "1번",
              "sex": "여성",
              "age": "20대"
            },
            "speechAct": "(단언) 진술하기",
            "morpheme": "그때/NNG+카이/NNP+의/JKG+표정/NNG+을/JKO+잊/VV+을/ETM+수/NNB+없/VA+다/EF"
          },
          {
            "id": 18,
            "text": "2 : 맞아 키키",
            "norm_text": "맞아 키키",
            "speaker": {
              "id": "2번",
              "sex": "여성",
              "age": "20대"
            },
            "speechAct": "(단언) 주장하기",
            "morpheme": "맞/VV+아/EC+키/NNG+키/XSV+ETN"
          },
          {
            "id": 19,
            "text": "2 :  당황스러운 그 표정 키키 진심이더라",
            "norm_text": "당황스러운 그 표정 키키 진심이더라",
            "speaker": {
              "id": "2번",
              "sex": "여성",
              "age": "20대"
            },
            "speechAct": "(단언) 진술하기",
            "morpheme": "당황/NNG+스러운/XSA+ETM+그/MM+표정/NNG+키/NNG+키/NNG+진심/NNG+이/VCP+더라/EC"
          },
          {
            "id": 20,
            "text": "1 : 키키 맞아",
            "norm_text": "키키 맞아",
            "speaker": {
              "id": "1번",
              "sex": "여성",
              "age": "20대"
            },
            "speechAct": "(단언) 주장하기",
            "morpheme": "키/NNG+키/XSV+ETN+맞/VV+아/EC"
          },
          {
            "id": 21,
            "text": "1 : 근데 내가 생각해도 그게 너무 역대급이라 그 다음 게스트가 별로 안 웃겼어!",
            "norm_text": "근데 내가 생각해도 그게 너무 역대급이라 그 다음 게스트가 별로 안 웃겼어!",
            "speaker": {
              "id": "1번",
              "sex": "여성",
              "age": "20대"
            },
            "speechAct": "(단언) 진술하기",
            "morpheme": "근데/MAJ+내/NP+가/JKS+생각/NNG+해도/XSV+EC+그게/NP+JKS+너무/MAG+역대/NNG+급/NNG+이/VCP+라/EC+그/MM+다음/NNG+게스트/NNG+가/JKS+별로/MAG+안/MAG+웃겼/VV+EP+어/EF"
          },
          {
            "id": 22,
            "text": "2 : 어 맞아",
            "norm_text": "어 맞아",
            "speaker": {
              "id": "2번",
              "sex": "여성",
              "age": "20대"
            },
            "speechAct": "(단언) 주장하기",
            "morpheme": "어/IC+맞/VV+아/EC"
          },
          {
            "id": 23,
            "text": "2 : 약간 그런 것도 있는 거 같아",
            "norm_text": "약간 그런 것도 있는 거 같아",
            "speaker": {
              "id": "2번",
              "sex": "여성",
              "age": "20대"
            },
            "speechAct": "(단언) 진술하기",
            "morpheme": "약간/MAG+그런/MM+것/NNB+도/JX+있/VX+는/ETM+거/NNB+같/VA+아/EC"
          }
        ]
      }
    }
  ]
}