{
  "dataset": {
    "identifier": 104348,
    "name": "FACEBOOK_108_10_set",
    "src_path": "/data/file/cubeManager/PROJECT001/77/txt20211029160805045472/FACEBOOK_108_10_set/",
    "label_path": "/data/file/cubeManager/PROJECT001/77/txt20211029160805045472/FACEBOOK_108_10_set/",
    "category": 2,
    "type": 0
  },
  "licenses": {
    "name": "Apache License 1.0",
    "url": "http://www.apache.org/licenses/LICENSE-1.0"
  },
  "info": [
    {
      "id": 111298,
      "filename": "FACEBOOK_108_10.txt",
      "title": "FACEBOOK_108_10",
      "mediatype": "SNS",
      "medianame": "페이스북",
      "category": "일상대화",
      "date": "2021-10-29",
      "size": 457,
      "annotations": {
        "subject": "스포츠/레저",
        "speaker_type": "1:1",
        "size": 457,
        "word_size": 154,
        "text": "1 : 너는 자전거 타는 걸 좋아하는 편이야?\n2 : 어 나 자전거 잘타!\n1 : 그래?\n1 : 수원에서는 자전거 탈 곳이 있어?\n2 : 어 월드컵 경기장도 있고 앞에 문화 센터도 있어!\n1 : 그렇구나\n1 : 나는 한강으로 자전거 타러 자주 가!\n2 : 헐 진짜?\n2 : 한강이랑 가까운 가보네\n1 : 아니 키키 !\n1 : 우리 집에서 자전거로 한강까지 40분 정도 걸리거든\n2 : 어? 엄청 먼데?\n2 : 그게 한강에서 자전거를 타는 거야?\n2 : 한강으로 가는 거야...?\n1 : 키키 겸사겸사 나는 노을 보는 걸 좋아해서 시간 맞춰서 가!\n2 : 와 자전거 엄청 오래 타는구나?\n1 : 나 기본 두 시간은 타는 거 같아!\n2 : 헐 그렇게 타면 허벅지 터지겠다...\n1 : 키키 맞아\n1 : 나 초반에 허벅지 터졌잖아,\n2 : 헐 뭐야 진짜 터졌었어? ㅠㅠ\n1 : 엌 키키 나 2주 정도는 제대로 못 걸었어!\n2 : 와... 조심해서 자전거 타 ㅠㅠ",
        "lines": [
          {
            "id": 1,
            "text": "1 : 너는 자전거 타는 걸 좋아하는 편이야?",
            "norm_text": "너는 자전거 타는 걸 좋아하는 편이야?",
            "speaker": {
              "id": "1번",
              "sex": "여성",
              "age": "20대"
            },
            "speechAct": "(지시) 질문하기",
            "morpheme": "너/NP+는/JX+자전거/NNG+타/VV+는/ETM+걸/NNB+JKO+좋/VA+아/EC+하/VV+는/ETM+편/NNB+이/VCP+야/EF"
          },
          {
            "id": 2,
            "text": "2 : 어 나 자전거 잘타!",
            "norm_text": "어 나 자전거 잘타!",
            "speaker": {
              "id": "2번",
              "sex": "여성",
              "age": "20대"
            },
            "speechAct": "(단언) 주장하기",
            "morpheme": "어/IC+나/NP+자전거/NNG+잘/MAG+타/VV+EF"
          },
          {
            "id": 3,
            "text": "1 : 그래?",
            "norm_text": "그래?",
            "speaker": {
              "id": "1번",
              "sex": "여성",
              "age": "20대"
            },
            "speechAct": "(단언) 주장하기",
            "morpheme": "그래/IC"
          },
          {
            "id": 4,
            "text": "1 : 수원에서는 자전거 탈 곳이 있어?",
            "norm_text": "수원에서는 자전거 탈 곳이 있어?",
            "speaker": {
              "id": "1번",
              "sex": "여성",
              "age": "20대"
            },
            "speechAct": "(지시) 질문하기",
            "morpheme": "수원/NNP+에서/JKB+는/JX+자전거/NNG+탈/XPN+곳/NNG+이/JKS+있/VA+어/EF"
          },
          {
            "id": 5,
            "text": "2 : 어 월드컵 경기장도 있고 앞에 문화 센터도 있어!",
            "norm_text": "어 월드컵 경기장도 있고 앞에 문화 센터도 있어!",
            "speaker": {
              "id": "2번",
              "sex": "여성",
              "age": "20대"
            },
            "speechAct": "(단언) 진술하기",
            "morpheme": "어/IC+월드컵/NNG+경기장/NNG+도/JX+있/VA+고/EC+앞/NNG+에/JKB+문화/NNG+센터/NNG+도/JX+있/VA+어/EF"
          },
          {
            "id": 6,
            "text": "1 : 그렇구나",
            "norm_text": "그렇구나",
            "speaker": {
              "id": "1번",
              "sex": "여성",
              "age": "20대"
            },
            "speechAct": "(단언) 주장하기",
            "morpheme": "그렇/VA+구나/EC"
          },
          {
            "id": 7,
            "text": "1 : 나는 한강으로 자전거 타러 자주 가!",
            "norm_text": "나는 한강으로 자전거 타러 자주 가!",
            "speaker": {
              "id": "1번",
              "sex": "여성",
              "age": "20대"
            },
            "speechAct": "(단언) 진술하기",
            "morpheme": "나/NP+는/JX+한강/NNP+으로/JKB+자전거/NNG+타/VV+러/EC+자주/NNG+가/JKS"
          },
          {
            "id": 8,
            "text": "2 : 헐 진짜?",
            "norm_text": "헐 진짜?",
            "speaker": {
              "id": "2번",
              "sex": "여성",
              "age": "20대"
            },
            "speechAct": "(지시) 질문하기",
            "morpheme": "헐/IC+진짜/MAG"
          },
          {
            "id": 9,
            "text": "2 : 한강이랑 가까운 가보네",
            "norm_text": "한강이랑 가까운 가보네",
            "speaker": {
              "id": "2번",
              "sex": "여성",
              "age": "20대"
            },
            "speechAct": "(단언) 진술하기",
            "morpheme": "한강/NNP+이랑/JKB+가까운가/VA+EC+보/VX+네/EC"
          },
          {
            "id": 10,
            "text": "1 : 아니 키키 !",
            "norm_text": "아니 키키 !",
            "speaker": {
              "id": "1번",
              "sex": "여성",
              "age": "20대"
            },
            "speechAct": "(단언) 주장하기",
            "morpheme": "아니/IC+키/NNG+키/XSV+ETN"
          },
          {
            "id": 11,
            "text": "1 : 우리 집에서 자전거로 한강까지 40분 정도 걸리거든",
            "norm_text": "우리 집에서 자전거로 한강까지 40분 정도 걸리거든",
            "speaker": {
              "id": "1번",
              "sex": "여성",
              "age": "20대"
            },
            "speechAct": "(단언) 진술하기",
            "morpheme": "우리/NP+집/NNG+에서/JKB+자전거/NNG+로/JKB+한강/NNP+까지/JX+40/SN+분/NNBC+정도/NNG+걸리/VV+거든/EC"
          },
          {
            "id": 12,
            "text": "2 : 어? 엄청 먼데?",
            "norm_text": "어? 엄청 먼데?",
            "speaker": {
              "id": "2번",
              "sex": "여성",
              "age": "20대"
            },
            "speechAct": "(단언) 진술하기",
            "morpheme": "어/IC+엄청/MAG+먼데/VA+EF"
          },
          {
            "id": 13,
            "text": "2 : 그게 한강에서 자전거를 타는 거야?",
            "norm_text": "그게 한강에서 자전거를 타는 거야?",
            "speaker": {
              "id": "2번",
              "sex": "여성",
              "age": "20대"
            },
            "speechAct": "(지시) 질문하기",
            "morpheme": "그게/NP+JKS+한강/NNP+에서/JKB+자전거/NNG+를/JKO+타/VV+는/ETM+거/NNB+야/VCP+EF"
          },
          {
            "id": 14,
            "text": "2 : 한강으로 가는 거야...?",
            "norm_text": "한강으로 가는 거야...?",
            "speaker": {
              "id": "2번",
              "sex": "여성",
              "age": "20대"
            },
            "speechAct": "(지시) 질문하기",
            "morpheme": "한강/NNP+으로/JKB+가/VV+는/ETM+거/NNB+야/VCP+EF+./SY+./SY"
          },
          {
            "id": 15,
            "text": "1 : 키키 겸사겸사 나는 노을 보는 걸 좋아해서 시간 맞춰서 가!",
            "norm_text": "키키 겸사겸사 나는 노을 보는 걸 좋아해서 시간 맞춰서 가!",
            "speaker": {
              "id": "1번",
              "sex": "여성",
              "age": "20대"
            },
            "speechAct": "(단언) 진술하기",
            "morpheme": "키/NNG+키/NNG+겸사겸사/MAG+나/NP+는/JX+노/NNP+을/JKO+보/VV+는/ETM+걸/NNB+JKO+좋/VA+아/EC+해서/VV+EC+시간/NNG+맞춰서/VV+EC+가/VX+EF"
          },
          {
            "id": 16,
            "text": "2 : 와 자전거 엄청 오래 타는구나?",
            "norm_text": "와 자전거 엄청 오래 타는구나?",
            "speaker": {
              "id": "2번",
              "sex": "여성",
              "age": "20대"
            },
            "speechAct": "(지시) 질문하기",
            "morpheme": "와/IC+자전거/NNG+엄청/MAG+오래/MAG+타/VV+는구나/EF"
          },
          {
            "id": 17,
            "text": "1 : 나 기본 두 시간은 타는 거 같아!",
            "norm_text": "나 기본 두 시간은 타는 거 같아!",
            "speaker": {
              "id": "1번",
              "sex": "여성",
              "age": "20대"
            },
            "speechAct": "(단언) 진술하기",
            "morpheme": "나/NP+기본/NNG+두/JX+시간/NNG+은/JX+타/VV+는/ETM+거/NNB+같/VA+아/EF"
          },
          {
            "id": 18,
            "text": "2 : 헐 그렇게 타면 허벅지 터지겠다...",
            "norm_text": "헐 그렇게 타면 허벅지 터지겠다...",
            "speaker": {
              "id": "2번",
              "sex": "여성",
              "age": "20대"
            },
            "speechAct": "(단언) 진술하기",
            "morpheme": "헐/IC+그렇게/MAG+타/VV+면/EC+허벅지/NNG+터지/VV+겠/EP+다/EF+./SY"
          },
          {
            "id": 19,
            "text": "1 : 키키 맞아",
            "norm_text": "키키 맞아",
            "speaker": {
              "id": "1번",
              "sex": "여성",
              "age": "20대"
            },
            "speechAct": "(단언) 주장하기",
            "morpheme": "키/NNG+키/XSV+ETN+맞/VV+아/EC"
          },
          {
            "id": 20,
            "text": "1 : 나 초반에 허벅지 터졌잖아,",
            "norm_text": "나 초반에 허벅지 터졌잖아,",
            "speaker": {
              "id": "1번",
              "sex": "여성",
              "age": "20대"
            },
            "speechAct": "(단언) 진술하기",
            "morpheme": "나/NP+초반/NNG+에/JKB+허벅지/NNG+터졌/VV+EP+잖아/EF+,/SC"
          },
          {
            "id": 21,
            "text": "2 : 헐 뭐야 진짜 터졌었어? ㅠㅠ",
            "norm_text": "헐 뭐야 진짜 터졌었어? ㅠㅠ",
            "speaker": {
              "id": "2번",
              "sex": "여성",
              "age": "20대"
            },
            "speechAct": "(지시) 질문하기",
            "morpheme": "헐/IC+뭐/NP+야/VCP+EF+진짜/MAG+터졌었/VV+EP+어/EF+ㅠㅠ/UNKNOWN"
          },
          {
            "id": 22,
            "text": "1 : 엌 키키 나 2주 정도는 제대로 못 걸었어!",
            "norm_text": "엌 키키 나 2주 정도는 제대로 못 걸었어!",
            "speaker": {
              "id": "1번",
              "sex": "여성",
              "age": "20대"
            },
            "speechAct": "(단언) 진술하기",
            "morpheme": "엌키키나/UNKNOWN+2/SN+주/NNBC+정도/NNG+는/JX+제대로/MAG+못/MAG+걸/VV+었/EP+어/EF"
          },
          {
            "id": 23,
            "text": "2 : 와... 조심해서 자전거 타 ㅠㅠ",
            "norm_text": "와... 조심해서 자전거 타 ㅠㅠ",
            "speaker": {
              "id": "2번",
              "sex": "여성",
              "age": "20대"
            },
            "speechAct": "(지시) 충고/제안하기",
            "morpheme": "와/IC+./SY+조심해서자전거타ㅠㅠ/UNKNOWN"
          }
        ]
      }
    }
  ]
}