{
  "dataset": {
    "identifier": 125301,
    "name": "FACEBOOK_125_20_set",
    "src_path": "/data/file/cubeManager/PROJECT001/84/txt20211105160907012587/FACEBOOK_125_20_set/",
    "label_path": "/data/file/cubeManager/PROJECT001/84/txt20211105160907012587/FACEBOOK_125_20_set/",
    "category": 2,
    "type": 0
  },
  "licenses": {
    "name": "Apache License 1.0",
    "url": "http://www.apache.org/licenses/LICENSE-1.0"
  },
  "info": [
    {
      "id": 140177,
      "filename": "FACEBOOK_125_20.txt",
      "title": "FACEBOOK_125_20",
      "mediatype": "SNS",
      "medianame": "페이스북",
      "category": "일상대화",
      "date": "2021-11-05",
      "size": 439,
      "annotations": {
        "subject": "영화/만화",
        "speaker_type": "1:1",
        "size": 439,
        "word_size": 163,
        "text": "1 : 요즘 볼 만 한 영화 있어?\n2 : 요즘 영화는 나도 잘 모르겠다?\n1 : 그럼 오빤 주로 뭐 보는데? 키키\n2 : 나 늑대 유혹 나 닮은 애 나오잖아\n1 : 늑대 유혹 그 영화 제목 아니야?\n2 : 나 닮은 애 알지? 나오는 거 늑대 유혹\n1 : 누구 나오는데 사실 잘 몰라 하하\n2 : 아 그래? 내 입으로 말하기 좀 ... 강... 동원 하하\n1 : 와 강동원이랑 오빠랑 지금 비교한다고?\n1 : 어이가 없네\n2 : 강동원 하하 나 닮은 애 키키\n2 : 알지? 늑대 유혹\n1 : 늑대 유혹 한 번 보고 와 볼게...\n2 : 진짜 재밌게 봤는데 그 영화 하하 다시 한번 봐 바\n1 : 그러려고 키키\n1 : 나 본 적 없긴 한데 재밌을 거 같아\n2 : 내 생각 날 거다 아마도 키키\n2 : 깜짝 놀라지마\n1 : 절대 그럴 일 없을 거니 걱정 하지 말고~\n2 : 아니야 그럴 수 있어 키키\n2 : 영화나 보러 가자",
        "lines": [
          {
            "id": 1,
            "text": "1 : 요즘 볼 만 한 영화 있어?",
            "norm_text": "요즘 볼 만 한 영화 있어?",
            "speaker": {
              "id": "1번",
              "sex": "여성",
              "age": "20대"
            },
            "speechAct": "(지시) 질문하기",
            "morpheme": "요즘/MAG+볼/VV+ETM+만/NNB+한/XSA+ETM+영화/NNG+있/VA+어/EF"
          },
          {
            "id": 2,
            "text": "2 : 요즘 영화는 나도 잘 모르겠다?",
            "norm_text": "요즘 영화는 나도 잘 모르겠다?",
            "speaker": {
              "id": "2번",
              "sex": "남성",
              "age": "20대"
            },
            "speechAct": "(단언) 주장하기",
            "morpheme": "요즘/NNG+영화/NNG+는/JX+나/NP+도/JX+잘/MAG+모르/VV+겠/EP+다/EF"
          },
          {
            "id": 3,
            "text": "1 : 그럼 오빤 주로 뭐 보는데? 키키",
            "norm_text": "그럼 오빤 주로 뭐 보는데? 키키",
            "speaker": {
              "id": "1번",
              "sex": "여성",
              "age": "20대"
            },
            "speechAct": "(지시) 질문하기",
            "morpheme": "그럼/MAJ+오빤/NNG+VCP+JX+주로/MAG+뭐/IC+보/VV+는데/EC+?/SY+키/NNG+키/XSV+ETN"
          },
          {
            "id": 4,
            "text": "2 : 나 늑대 유혹 나 닮은 애 나오잖아",
            "norm_text": "나 늑대 유혹 나 닮은 애 나오잖아",
            "speaker": {
              "id": "2번",
              "sex": "남성",
              "age": "20대"
            },
            "speechAct": "(단언) 주장하기",
            "morpheme": "나/NP+늑대/NNG+유혹/NNG+나/NP+닮/VV+은/ETM+애/NNG+나오/VV+잖아/EC"
          },
          {
            "id": 5,
            "text": "1 : 늑대 유혹 그 영화 제목 아니야?",
            "norm_text": "늑대 유혹 그 영화 제목 아니야?",
            "speaker": {
              "id": "1번",
              "sex": "여성",
              "age": "20대"
            },
            "speechAct": "(지시) 질문하기",
            "morpheme": "늑대/NNG+유혹/NNG+그/MM+영화/NNG+제목/NNG+아니/VCN+야/EF"
          },
          {
            "id": 6,
            "text": "2 : 나 닮은 애 알지? 나오는 거 늑대 유혹",
            "norm_text": "나 닮은 애 알지? 나오는 거 늑대 유혹",
            "speaker": {
              "id": "2번",
              "sex": "남성",
              "age": "20대"
            },
            "speechAct": "(단언) 주장하기",
            "morpheme": "나/NP+닮/VV+은/ETM+애/NNG+알/VV+지/EF+나오/VV+는/ETM+거/NNB+늑대/NNG+유혹/NNG"
          },
          {
            "id": 7,
            "text": "1 : 누구 나오는데 사실 잘 몰라 하하",
            "norm_text": "누구 나오는데 사실 잘 몰라 하하",
            "speaker": {
              "id": "1번",
              "sex": "여성",
              "age": "20대"
            },
            "speechAct": "(단언) 주장하기",
            "morpheme": "누구/NP+나오/VV+는데/EC+사실/MAG+잘/MAG+몰라/VV+EC+하하/MAG"
          },
          {
            "id": 8,
            "text": "2 : 아 그래? 내 입으로 말하기 좀 ... 강... 동원 하하",
            "norm_text": "아 그래? 내 입으로 말하기 좀 ... 강... 동원 하하",
            "speaker": {
              "id": "2번",
              "sex": "남성",
              "age": "20대"
            },
            "speechAct": "(단언) 주장하기",
            "morpheme": "아/IC+그래/IC+내/NP+JKG+입/NNG+으로/JKB+말/NNG+하/XSV+기/ETN+좀/MAG+./SY+강/NNG+./SY+./SY+동원/NNP+하하/NNP"
          },
          {
            "id": 9,
            "text": "1 : 와 강동원이랑 오빠랑 지금 비교한다고?",
            "norm_text": "와 강동원이랑 오빠랑 지금 비교한다고?",
            "speaker": {
              "id": "1번",
              "sex": "여성",
              "age": "20대"
            },
            "speechAct": "(지시) 질문하기",
            "morpheme": "와/IC+강동원/NNP+이랑/JC+오빠/NNG+랑/JKB+지금/MAG+비교/NNG+한다고/XSV+EF"
          },
          {
            "id": 10,
            "text": "1 : 어이가 없네",
            "norm_text": "어이가 없네",
            "speaker": {
              "id": "1번",
              "sex": "여성",
              "age": "20대"
            },
            "speechAct": "(단언) 주장하기",
            "morpheme": "어/IC+이/NP+가/JKS+없/VA+네/EC"
          },
          {
            "id": 11,
            "text": "2 : 강동원 하하 나 닮은 애 키키",
            "norm_text": "강동원 하하 나 닮은 애 키키",
            "speaker": {
              "id": "2번",
              "sex": "남성",
              "age": "20대"
            },
            "speechAct": "(단언) 주장하기",
            "morpheme": "강/NNG+동원/NNG+하/XSV+하나/NR+닮/VV+은/ETM+애/NNG+키/NNG+키/XSV+ETN"
          },
          {
            "id": 12,
            "text": "2 : 알지? 늑대 유혹",
            "norm_text": "알지? 늑대 유혹",
            "speaker": {
              "id": "2번",
              "sex": "남성",
              "age": "20대"
            },
            "speechAct": "(지시) 질문하기",
            "morpheme": "알/VV+지/EF+늑대/NNG+유혹/NNG"
          },
          {
            "id": 13,
            "text": "1 : 늑대 유혹 한 번 보고 와 볼게...",
            "norm_text": "늑대 유혹 한 번 보고 와 볼게...",
            "speaker": {
              "id": "1번",
              "sex": "여성",
              "age": "20대"
            },
            "speechAct": "(단언) 주장하기",
            "morpheme": "늑대/NNG+유혹/NNG+한/MM+번/NNBC+보/VV+고/EC+와볼/VV+EC+VX+ETM+게/NNB+JKS+./SY"
          },
          {
            "id": 14,
            "text": "2 : 진짜 재밌게 봤는데 그 영화 하하 다시 한번 봐 바",
            "norm_text": "진짜 재밌게 봤는데 그 영화 하하 다시 한번 봐 바",
            "speaker": {
              "id": "2번",
              "sex": "남성",
              "age": "20대"
            },
            "speechAct": "(단언) 주장하기",
            "morpheme": "진짜/MAG+재밌/VA+게/EC+봤/VX+EP+는데/EC+그/MM+영화/NNG+하하/MAG+다시/MAG+한/MM+번/NNBC+봐/VV+바/EC"
          },
          {
            "id": 15,
            "text": "1 : 그러려고 키키",
            "norm_text": "그러려고 키키",
            "speaker": {
              "id": "1번",
              "sex": "여성",
              "age": "20대"
            },
            "speechAct": "(단언) 주장하기",
            "morpheme": "그러/VV+려고/EC+키/NNG+키/XSV+ETN"
          },
          {
            "id": 16,
            "text": "1 : 나 본 적 없긴 한데 재밌을 거 같아",
            "norm_text": "나 본 적 없긴 한데 재밌을 거 같아",
            "speaker": {
              "id": "1번",
              "sex": "여성",
              "age": "20대"
            },
            "speechAct": "(단언) 주장하기",
            "morpheme": "나/NP+본/VV+ETM+적/NNB+없/VA+긴/ETN+JX+한데/VX+EC+재밌/VA+을/ETM+거/NNB+같/VA+아/EC"
          },
          {
            "id": 17,
            "text": "2 : 내 생각 날 거다 아마도 키키",
            "norm_text": "내 생각 날 거다 아마도 키키",
            "speaker": {
              "id": "2번",
              "sex": "남성",
              "age": "20대"
            },
            "speechAct": "(단언) 주장하기",
            "morpheme": "내/NP+JKG+생각/NNG+날/VV+ETM+거/NNB+다/VCP+EF+아마도/MAG+키/NNG+키/XSV+ETN"
          },
          {
            "id": 18,
            "text": "2 : 깜짝 놀라지마",
            "norm_text": "깜짝 놀라지마",
            "speaker": {
              "id": "2번",
              "sex": "남성",
              "age": "20대"
            },
            "speechAct": "(단언) 주장하기",
            "morpheme": "깜짝/MAG+놀라/VV+지/EC+마/VX+EC"
          },
          {
            "id": 19,
            "text": "1 : 절대 그럴 일 없을 거니 걱정 하지 말고~",
            "norm_text": "절대 그럴 일 없을 거니 걱정 하지 말고~",
            "speaker": {
              "id": "1번",
              "sex": "여성",
              "age": "20대"
            },
            "speechAct": "(단언) 주장하기",
            "morpheme": "절대/MAG+그럴/VA+ETM+일/NNG+없/VA+을/ETM+거/NNB+니/VCP+EC+걱정/NNG+하/XSV+지/EC+말/VX+고/EC+~/SY"
          },
          {
            "id": 20,
            "text": "2 : 아니야 그럴 수 있어 키키",
            "norm_text": "아니야 그럴 수 있어 키키",
            "speaker": {
              "id": "2번",
              "sex": "남성",
              "age": "20대"
            },
            "speechAct": "(단언) 주장하기",
            "morpheme": "아니야/IC+그럴/VA+ETM+수/NNB+있/VV+어/EC+키/NNG+키/XSV+ETN"
          },
          {
            "id": 21,
            "text": "2 : 영화나 보러 가자",
            "norm_text": "영화나 보러 가자",
            "speaker": {
              "id": "2번",
              "sex": "남성",
              "age": "20대"
            },
            "speechAct": "(지시) 충고/제안하기",
            "morpheme": "영화/NNG+나/JX+보/VV+러/EC+가/VX+자/EC"
          }
        ]
      }
    }
  ]
}