{
  "dataset": {
    "identifier": 104469,
    "name": "FACEBOOK_104_14_set",
    "src_path": "/data/file/cubeManager/PROJECT001/77/txt20211028145511021127/FACEBOOK_104_14_set/",
    "label_path": "/data/file/cubeManager/PROJECT001/77/txt20211028145511021127/FACEBOOK_104_14_set/",
    "category": 2,
    "type": 0
  },
  "licenses": {
    "name": "Apache License 1.0",
    "url": "http://www.apache.org/licenses/LICENSE-1.0"
  },
  "info": [
    {
      "id": 100499,
      "filename": "FACEBOOK_104_14.txt",
      "title": "FACEBOOK_104_14",
      "mediatype": "SNS",
      "medianame": "페이스북",
      "category": "일상대화",
      "date": "2021-10-28",
      "size": 541,
      "annotations": {
        "subject": "사회이슈",
        "speaker_type": "1:1",
        "size": 541,
        "word_size": 173,
        "text": "1 : 이번에 어떤  여자가 남편이 늦게 들어왔다고 불을 질렀다네?\n2 : 그 사람 사람 아니야?\n2 : 와...\n1 : 이걸 분노조절 장애라고 하나?\n1 : 키키 거지!\n2 : 그거 맞는 거 같아 무슨 불을 지르냐...\n1 : 심지어 50대 여성이래, 나이도 지긋하신 분이,\n2 : 와 진짜 주변 사람들 다쳤으면 어떡할뻔했어,\n1 : 키키 그니까 그래서 1년 6개월 징역 선고 받았대!\n2 : 이번 기회에 정신 좀 차렸으면 좋겠다 진짜\n1 : 그러게 말이야\n1 : 이 아줌마 진짜 이상한 거 같아 부적을 넣어둔 방석을 가스레인지에 올려서 불을 붙혔대!\n1 : 미신도 믿나 봐!\n2 : 와 진짜 무서운 아주머니네 근데 남편은 괜찮대?\n1 : 근데 또 법적인 남편은 아니야 사실혼 관계래!\n2 : 아 진짜?\n2 : 그럼 그 동거인 분은 안 다치셨고?\n1 : 어 다행히도 안 다쳤대 근데 여기가 주상복합 아파트라 이웃 주민만 피해를 봤지!\n2 : 와 진짜 민폐다 다친 사람 없어서 다행이네\n1 : 키키 맞아 ㅜㅜ\n1 : 그래도 불 지르는 건 진짜 못된 짓이야!\n2 : 진짜 인정ㅠㅠ 불은 안 났으면 좋겠다.,",
        "lines": [
          {
            "id": 1,
            "text": "1 : 이번에 어떤  여자가 남편이 늦게 들어왔다고 불을 질렀다네?",
            "norm_text": "이번에 어떤  여자가 남편이 늦게 들어왔다고 불을 질렀다네?",
            "speaker": {
              "id": "1번",
              "sex": "여성",
              "age": "20대"
            },
            "speechAct": "(단언) 진술하기",
            "morpheme": "이번/NNG+에/JKB+어떤/MM+여자/NNG+가/JKS+남편/NNG+이/JKS+늦/VA+게/EC+들어왔/VV+EP+다고/EC+불/NNG+을/JKO+질렀/VV+EP+다네/EF"
          },
          {
            "id": 2,
            "text": "2 : 그 사람 사람 아니야?",
            "norm_text": "그 사람 사람 아니야?",
            "speaker": {
              "id": "2번",
              "sex": "여성",
              "age": "20대"
            },
            "speechAct": "(지시) 질문하기",
            "morpheme": "그/MM+사람/NNG+사람/NNG+아니/VCN+야/EF"
          },
          {
            "id": 3,
            "text": "2 : 와...",
            "norm_text": "와...",
            "speaker": {
              "id": "2번",
              "sex": "여성",
              "age": "20대"
            },
            "speechAct": "(단언) 주장하기",
            "morpheme": "와/IC+./SY"
          },
          {
            "id": 4,
            "text": "1 : 이걸 분노조절 장애라고 하나?",
            "norm_text": "이걸 분노조절 장애라고 하나?",
            "speaker": {
              "id": "1번",
              "sex": "여성",
              "age": "20대"
            },
            "speechAct": "(지시) 질문하기",
            "morpheme": "이걸/NP+JKO+분노/NNG+조절/NNG+장애/NNG+라고/VCP+EC+하나/NR"
          },
          {
            "id": 5,
            "text": "1 : 키키 거지!",
            "norm_text": "키키 거지!",
            "speaker": {
              "id": "1번",
              "sex": "여성",
              "age": "20대"
            },
            "speechAct": "(단언) 진술하기",
            "morpheme": "키/NNG+키/XSV+ETN+거/NNB+지/VCP+EF"
          },
          {
            "id": 6,
            "text": "2 : 그거 맞는 거 같아 무슨 불을 지르냐...",
            "norm_text": "그거 맞는 거 같아 무슨 불을 지르냐...",
            "speaker": {
              "id": "2번",
              "sex": "여성",
              "age": "20대"
            },
            "speechAct": "(단언) 진술하기",
            "morpheme": "그거/NP+맞/VV+는/ETM+거/NNB+같/VA+아/EC+무슨/MM+불/NNG+을/JKO+지르/VV+냐/EF+./SY"
          },
          {
            "id": 7,
            "text": "1 : 심지어 50대 여성이래, 나이도 지긋하신 분이,",
            "norm_text": "심지어 50대 여성이래, 나이도 지긋하신 분이,",
            "speaker": {
              "id": "1번",
              "sex": "여성",
              "age": "20대"
            },
            "speechAct": "(단언) 진술하기",
            "morpheme": "심지어/MAG+50/SN+대/NNBC+여성/NNG+이/VCP+래/EF+,/SC+나이/NNG+도/JX+지긋/XR+하/XSA+신/EP+ETM+분/NNB+이/JKS+,/SC"
          },
          {
            "id": 8,
            "text": "2 : 와 진짜 주변 사람들 다쳤으면 어떡할뻔했어,",
            "norm_text": "와 진짜 주변 사람들 다쳤으면 어떡할뻔했어,",
            "speaker": {
              "id": "2번",
              "sex": "여성",
              "age": "20대"
            },
            "speechAct": "(단언) 진술하기",
            "morpheme": "와/IC+진짜/MAG+주변/NNG+사람/NNG+들/XSN+다쳤으면/VV+EP+EC+어떡/XR+할/XSA+ETM+뻔/NNB+했/XSA+EP+어/EF+,/SC"
          },
          {
            "id": 9,
            "text": "1 : 키키 그니까 그래서 1년 6개월 징역 선고 받았대!",
            "norm_text": "키키 그니까 그래서 1년 6개월 징역 선고 받았대!",
            "speaker": {
              "id": "1번",
              "sex": "여성",
              "age": "20대"
            },
            "speechAct": "(단언) 진술하기",
            "morpheme": "키/NNG+키/XSV+ETN+그니까/MAJ+그래서/MAJ+1/SN+년/NNBC+6/SN+개월/NNBC+징역/NNG+선고/NNG+받/VV+았/EP+대/EF"
          },
          {
            "id": 10,
            "text": "2 : 이번 기회에 정신 좀 차렸으면 좋겠다 진짜",
            "norm_text": "이번 기회에 정신 좀 차렸으면 좋겠다 진짜",
            "speaker": {
              "id": "2번",
              "sex": "여성",
              "age": "20대"
            },
            "speechAct": "(단언) 주장하기",
            "morpheme": "이번/NNG+기회/NNG+에/JKB+정신/NNG+좀/MAG+차렸으면/VV+EP+EC+좋/VA+겠/EP+다/EF+진짜/MAG"
          },
          {
            "id": 11,
            "text": "1 : 그러게 말이야",
            "norm_text": "그러게 말이야",
            "speaker": {
              "id": "1번",
              "sex": "여성",
              "age": "20대"
            },
            "speechAct": "(단언) 주장하기",
            "morpheme": "그러/VV+게/EC+말/NNG+이/VCP+야/EC"
          },
          {
            "id": 12,
            "text": "1 : 이 아줌마 진짜 이상한 거 같아 부적을 넣어둔 방석을 가스레인지에 올려서 불을 붙혔대!",
            "norm_text": "이 아줌마 진짜 이상한 거 같아 부적을 넣어둔 방석을 가스레인지에 올려서 불을 붙혔대!",
            "speaker": {
              "id": "1번",
              "sex": "여성",
              "age": "20대"
            },
            "speechAct": "(단언) 진술하기",
            "morpheme": "이/MM+아줌마/NNG+진짜/MAG+이상/NNG+한/XSA+ETM+거/NNB+같/VA+아/EC+부적/NNG+을/JKO+넣/VV+어/EC+둔/VX+ETM+방석/NNG+을/JKO+가스레인지/NNG+에/JKB+올려서/VV+EC+불/NNG+을/JKO+붙/VV+혔/XSV+EP+대/EF"
          },
          {
            "id": 13,
            "text": "1 : 미신도 믿나 봐!",
            "norm_text": "미신도 믿나 봐!",
            "speaker": {
              "id": "1번",
              "sex": "여성",
              "age": "20대"
            },
            "speechAct": "(단언) 진술하기",
            "morpheme": "미신/NNG+도/JX+믿/VV+나/EC+봐/VX+EF"
          },
          {
            "id": 14,
            "text": "2 : 와 진짜 무서운 아주머니네 근데 남편은 괜찮대?",
            "norm_text": "와 진짜 무서운 아주머니네 근데 남편은 괜찮대?",
            "speaker": {
              "id": "2번",
              "sex": "여성",
              "age": "20대"
            },
            "speechAct": "(지시) 질문하기",
            "morpheme": "와/IC+진짜/MAG+무서운/VA+ETM+아주머니/NNG+네/XSN+근데/MAJ+남편/NNG+은/JX+괜찮/VA+대/EF"
          },
          {
            "id": 15,
            "text": "1 : 근데 또 법적인 남편은 아니야 사실혼 관계래!",
            "norm_text": "근데 또 법적인 남편은 아니야 사실혼 관계래!",
            "speaker": {
              "id": "1번",
              "sex": "여성",
              "age": "20대"
            },
            "speechAct": "(단언) 진술하기",
            "morpheme": "근데/MAJ+또/MAG+법/NNG+적/XSN+인/VCP+ETM+남편/NNG+은/JX+아니/VCN+야/EF+사실/MAG+혼/NNG+관계/NNG+래/VCP+EF"
          },
          {
            "id": 16,
            "text": "2 : 아 진짜?",
            "norm_text": "아 진짜?",
            "speaker": {
              "id": "2번",
              "sex": "여성",
              "age": "20대"
            },
            "speechAct": "(지시) 질문하기",
            "morpheme": "아/IC+진짜/MAG"
          },
          {
            "id": 17,
            "text": "2 : 그럼 그 동거인 분은 안 다치셨고?",
            "norm_text": "그럼 그 동거인 분은 안 다치셨고?",
            "speaker": {
              "id": "2번",
              "sex": "여성",
              "age": "20대"
            },
            "speechAct": "(지시) 질문하기",
            "morpheme": "그럼/MAJ+그/MM+동거/NNG+인/VCP+ETM+분/NNB+은/JX+안/MAG+다치/VV+셨/EP+EP+고/EC"
          },
          {
            "id": 18,
            "text": "1 : 어 다행히도 안 다쳤대 근데 여기가 주상복합 아파트라 이웃 주민만 피해를 봤지!",
            "norm_text": "어 다행히도 안 다쳤대 근데 여기가 주상복합 아파트라 이웃 주민만 피해를 봤지!",
            "speaker": {
              "id": "1번",
              "sex": "여성",
              "age": "20대"
            },
            "speechAct": "(단언) 진술하기",
            "morpheme": "어/IC+다행히/MAG+도/JX+안/MAG+다쳤/VV+EP+대/EF+근데/MAJ+여기/NP+가/JKS+주상/NNG+복합/NNG+아파트/NNG+라/VCP+EC+이웃/NNG+주민/NNG+만/JX+피해/NNG+를/JKO+봤/VV+EP+지/EF"
          },
          {
            "id": 19,
            "text": "2 : 와 진짜 민폐다 다친 사람 없어서 다행이네",
            "norm_text": "와 진짜 민폐다 다친 사람 없어서 다행이네",
            "speaker": {
              "id": "2번",
              "sex": "여성",
              "age": "20대"
            },
            "speechAct": "(단언) 주장하기",
            "morpheme": "와/IC+진짜/MAG+민폐/NNG+다/MAG+다친/VV+ETM+사람/NNG+없/VA+어서/EC+다행/NNG+이/VCP+네/EC"
          },
          {
            "id": 20,
            "text": "1 : 키키 맞아 ㅜㅜ",
            "norm_text": "키키 맞아 ㅜㅜ",
            "speaker": {
              "id": "1번",
              "sex": "여성",
              "age": "20대"
            },
            "speechAct": "(단언) 주장하기",
            "morpheme": "키키맞아ㅜㅜ/UNKNOWN"
          },
          {
            "id": 21,
            "text": "1 : 그래도 불 지르는 건 진짜 못된 짓이야!",
            "norm_text": "그래도 불 지르는 건 진짜 못된 짓이야!",
            "speaker": {
              "id": "1번",
              "sex": "여성",
              "age": "20대"
            },
            "speechAct": "(단언) 주장하기",
            "morpheme": "그래도/MAJ+불지르/VV+는/ETM+건/NNB+JX+진짜/MAG+못/MAG+된/VV+ETM+짓/NNG+이/VCP+야/EF"
          },
          {
            "id": 22,
            "text": "2 : 진짜 인정ㅠㅠ 불은 안 났으면 좋겠다.,",
            "norm_text": "진짜 인정ㅠㅠ 불은 안 났으면 좋겠다.,",
            "speaker": {
              "id": "2번",
              "sex": "여성",
              "age": "20대"
            },
            "speechAct": "(단언) 주장하기",
            "morpheme": "진짜인정ㅠㅠ불은안났으면좋겠다/UNKNOWN+./SY+,/SC"
          }
        ]
      }
    }
  ]
}