{
  "dataset": {
    "identifier": 100649,
    "name": "FACEBOOK_109_10_set",
    "src_path": "/data/file/cubeManager/PROJECT001/77/txt202110291608050615101/FACEBOOK_109_10_set/",
    "label_path": "/data/file/cubeManager/PROJECT001/77/txt202110291608050615101/FACEBOOK_109_10_set/",
    "category": 2,
    "type": 0
  },
  "licenses": {
    "name": "Apache License 1.0",
    "url": "http://www.apache.org/licenses/LICENSE-1.0"
  },
  "info": [
    {
      "id": 111318,
      "filename": "FACEBOOK_109_10.txt",
      "title": "FACEBOOK_109_10",
      "mediatype": "SNS",
      "medianame": "페이스북",
      "category": "일상대화",
      "date": "2021-10-29",
      "size": 409,
      "annotations": {
        "subject": "스포츠/레저",
        "speaker_type": "1:1",
        "size": 409,
        "word_size": 139,
        "text": "1 : 언니는 어떤 종목이든 잘하는 운동 있어?\n2 : 나는 종목 운동은 없고 헬스 다니고 있는데\n1 : 아 진짜?\n1 : 헬스는 몇 시에 가?\n2 : 보통은 10시 넘어서 가는데?\n1 : 언니 헬스 좋아하는 사람 좋아해?\n2 : 그냥 자기관리 열심히 하는사람 좋아 하하\n1 : 음~ 내가 아는 분이 계시는데 대구 사람이야 어때!!\n2 : 헐 대구 키키 너무 먼 거 아니야?\n1 : 부산에서 대구 먼 곳이야!?\n2 : 가깝긴한데 기차 타야 하잖아ㅠㅠ\n1 : 아 그렇구나 ㅜㅜ\n1 : 나는 바로  옆동네인 줄 알았어!\n2 : 너는 좋아하는 운동 있어?\n1 : 나는 숨쉬기 걷기 살기 운동,?\n2 : 아니\n2 : 숨쉬기가 무슨 운동이야 키키\n1 : 아니야\n1 : 이게 호흡도 배에 힘을 주고 하는 호흡이 있어!\n1 : 난 그걸 하지!\n2 : 나 따라서 운동 새로 배우자!",
        "lines": [
          {
            "id": 1,
            "text": "1 : 언니는 어떤 종목이든 잘하는 운동 있어?",
            "norm_text": "언니는 어떤 종목이든 잘하는 운동 있어?",
            "speaker": {
              "id": "1번",
              "sex": "여성",
              "age": "20대"
            },
            "speechAct": "(지시) 질문하기",
            "morpheme": "언니/NNG+는/JX+어떤/MM+종목/NNG+이/VCP+든/EC+잘/MAG+하/VV+는/ETM+운동/NNG+있/VA+어/EF"
          },
          {
            "id": 2,
            "text": "2 : 나는 종목 운동은 없고 헬스 다니고 있는데",
            "norm_text": "나는 종목 운동은 없고 헬스 다니고 있는데",
            "speaker": {
              "id": "2번",
              "sex": "여성",
              "age": "20대"
            },
            "speechAct": "(단언) 진술하기",
            "morpheme": "나/NP+는/JX+종목/NNG+운동/NNG+은/JX+없/VA+고/EC+헬스/NNG+다니/VV+고/EC+있/VX+는데/EC"
          },
          {
            "id": 3,
            "text": "1 : 아 진짜?",
            "norm_text": "아 진짜?",
            "speaker": {
              "id": "1번",
              "sex": "여성",
              "age": "20대"
            },
            "speechAct": "(지시) 질문하기",
            "morpheme": "아/IC+진짜/MAG"
          },
          {
            "id": 4,
            "text": "1 : 헬스는 몇 시에 가?",
            "norm_text": "헬스는 몇 시에 가?",
            "speaker": {
              "id": "1번",
              "sex": "여성",
              "age": "20대"
            },
            "speechAct": "(지시) 질문하기",
            "morpheme": "헬스/NNG+는/JX+몇/MM+시/NNBC+에/JKB+가/VV+EF"
          },
          {
            "id": 5,
            "text": "2 : 보통은 10시 넘어서 가는데?",
            "norm_text": "보통은 10시 넘어서 가는데?",
            "speaker": {
              "id": "2번",
              "sex": "여성",
              "age": "20대"
            },
            "speechAct": "(단언) 진술하기",
            "morpheme": "보통/NNG+은/JX+10/SN+시/NNBC+넘/VV+어서/EC+가/VX+는데/EC"
          },
          {
            "id": 6,
            "text": "1 : 언니 헬스 좋아하는 사람 좋아해?",
            "norm_text": "언니 헬스 좋아하는 사람 좋아해?",
            "speaker": {
              "id": "1번",
              "sex": "여성",
              "age": "20대"
            },
            "speechAct": "(지시) 질문하기",
            "morpheme": "언니/NNG+헬스/NNG+좋/VA+아/EC+하/VV+는/ETM+사람/NNG+좋/VA+아/EC+해/VX+EF"
          },
          {
            "id": 7,
            "text": "2 : 그냥 자기관리 열심히 하는사람 좋아 하하",
            "norm_text": "그냥 자기관리 열심히 하는사람 좋아 하하",
            "speaker": {
              "id": "2번",
              "sex": "여성",
              "age": "20대"
            },
            "speechAct": "(단언) 주장하기",
            "morpheme": "그냥/MAG+자기/NP+관리/NNG+열심히/MAG+하/VV+는/ETM+사람/NNG+좋/VA+아/EC+하하/MAG"
          },
          {
            "id": 8,
            "text": "1 : 음~ 내가 아는 분이 계시는데 대구 사람이야 어때!!",
            "norm_text": "음~ 내가 아는 분이 계시는데 대구 사람이야 어때!!",
            "speaker": {
              "id": "1번",
              "sex": "여성",
              "age": "20대"
            },
            "speechAct": "(단언) 주장하기",
            "morpheme": "음/IC+~/SY+내/NP+가/JKS+아/VV+는/ETM+분/NNB+이/JKS+계시/VV+는데/EC+대/VX+구/EC+사람/NNG+이/VCP+야/EF+어/IC+때/NNG+!/SY"
          },
          {
            "id": 9,
            "text": "2 : 헐 대구 키키 너무 먼 거 아니야?",
            "norm_text": "헐 대구 키키 너무 먼 거 아니야?",
            "speaker": {
              "id": "2번",
              "sex": "여성",
              "age": "20대"
            },
            "speechAct": "(지시) 질문하기",
            "morpheme": "헐/IC+대구/NNP+키/NNG+키/NNG+너무/MAG+먼/VA+ETM+거/NNB+아니/VCN+야/EF"
          },
          {
            "id": 10,
            "text": "1 : 부산에서 대구 먼 곳이야!?",
            "norm_text": "부산에서 대구 먼 곳이야!?",
            "speaker": {
              "id": "1번",
              "sex": "여성",
              "age": "20대"
            },
            "speechAct": "(지시) 질문하기",
            "morpheme": "부산/NNP+에서/JKB+대구/NNP+먼곳이/VA+ETM+NNG+VCP+야/EC+!/SY"
          },
          {
            "id": 11,
            "text": "2 : 가깝긴한데 기차 타야 하잖아ㅠㅠ",
            "norm_text": "가깝긴한데 기차 타야 하잖아ㅠㅠ",
            "speaker": {
              "id": "2번",
              "sex": "여성",
              "age": "20대"
            },
            "speechAct": "(단언) 주장하기",
            "morpheme": "가깝/VA+긴/ETN+JX+한데/VX+EC+기차/NNG+타/VV+야/EC+하/VX+잖아/EF+ㅠㅠ/UNKNOWN"
          },
          {
            "id": 12,
            "text": "1 : 아 그렇구나 ㅜㅜ",
            "norm_text": "아 그렇구나 ㅜㅜ",
            "speaker": {
              "id": "1번",
              "sex": "여성",
              "age": "20대"
            },
            "speechAct": "(단언) 주장하기",
            "morpheme": "아그렇구나ㅜㅜ/UNKNOWN"
          },
          {
            "id": 13,
            "text": "1 : 나는 바로  옆동네인 줄 알았어!",
            "norm_text": "나는 바로  옆동네인 줄 알았어!",
            "speaker": {
              "id": "1번",
              "sex": "여성",
              "age": "20대"
            },
            "speechAct": "(단언) 주장하기",
            "morpheme": "나/NP+는/JX+바로/MAG+옆/NNG+동네/NNG+인/VCP+ETM+줄/NNB+알/VV+았/EP+어/EF"
          },
          {
            "id": 14,
            "text": "2 : 너는 좋아하는 운동 있어?",
            "norm_text": "너는 좋아하는 운동 있어?",
            "speaker": {
              "id": "2번",
              "sex": "여성",
              "age": "20대"
            },
            "speechAct": "(지시) 질문하기",
            "morpheme": "너/NP+는/JX+좋/VA+아/EC+하/VV+는/ETM+운동/NNG+있/VA+어/EF"
          },
          {
            "id": 15,
            "text": "1 : 나는 숨쉬기 걷기 살기 운동,?",
            "norm_text": "나는 숨쉬기 걷기 살기 운동,?",
            "speaker": {
              "id": "1번",
              "sex": "여성",
              "age": "20대"
            },
            "speechAct": "(단언) 주장하기",
            "morpheme": "나/NP+는/JX+숨쉬기/NNG+걷/VV+기/ETN+살/VV+기/ETN+운동/NNG+,/SY"
          },
          {
            "id": 16,
            "text": "2 : 아니",
            "norm_text": "아니",
            "speaker": {
              "id": "2번",
              "sex": "여성",
              "age": "20대"
            },
            "speechAct": "(단언) 주장하기",
            "morpheme": "아니/IC"
          },
          {
            "id": 17,
            "text": "2 : 숨쉬기가 무슨 운동이야 키키",
            "norm_text": "숨쉬기가 무슨 운동이야 키키",
            "speaker": {
              "id": "2번",
              "sex": "여성",
              "age": "20대"
            },
            "speechAct": "(단언) 주장하기",
            "morpheme": "숨쉬기/NNG+가/JKS+무슨/MM+운동/NNG+이/VCP+야/EC+키/NNG+키/XSV+ETN"
          },
          {
            "id": 18,
            "text": "1 : 아니야",
            "norm_text": "아니야",
            "speaker": {
              "id": "1번",
              "sex": "여성",
              "age": "20대"
            },
            "speechAct": "(단언) 주장하기",
            "morpheme": "아니/VCN+야/EC"
          },
          {
            "id": 19,
            "text": "1 : 이게 호흡도 배에 힘을 주고 하는 호흡이 있어!",
            "norm_text": "이게 호흡도 배에 힘을 주고 하는 호흡이 있어!",
            "speaker": {
              "id": "1번",
              "sex": "여성",
              "age": "20대"
            },
            "speechAct": "(단언) 주장하기",
            "morpheme": "이게/NP+JKS+호흡/NNG+도/JX+배/NNG+에/JKB+힘/NNG+을/JKO+주/VV+고/EC+하/VV+는/ETM+호흡/NNG+이/JKS+있/VA+어/EF"
          },
          {
            "id": 20,
            "text": "1 : 난 그걸 하지!",
            "norm_text": "난 그걸 하지!",
            "speaker": {
              "id": "1번",
              "sex": "여성",
              "age": "20대"
            },
            "speechAct": "(단언) 주장하기",
            "morpheme": "난/NP+JX+그걸/NP+JKO+하/VV+지/EF"
          },
          {
            "id": 21,
            "text": "2 : 나 따라서 운동 새로 배우자!",
            "norm_text": "나 따라서 운동 새로 배우자!",
            "speaker": {
              "id": "2번",
              "sex": "여성",
              "age": "20대"
            },
            "speechAct": "(단언) 주장하기",
            "morpheme": "나/NP+따라서/VV+EC+운동/NNG+새로/MAG+배우/VV+자/EF"
          }
        ]
      }
    }
  ]
}