{
  "dataset": {
    "identifier": 98387,
    "name": "FACEBOOK_109_01_set",
    "src_path": "/data/file/cubeManager/PROJECT001/77/txt20211029160805054331/FACEBOOK_109_01_set/",
    "label_path": "/data/file/cubeManager/PROJECT001/77/txt20211029160805054331/FACEBOOK_109_01_set/",
    "category": 2,
    "type": 0
  },
  "licenses": {
    "name": "Apache License 1.0",
    "url": "http://www.apache.org/licenses/LICENSE-1.0"
  },
  "info": [
    {
      "id": 111309,
      "filename": "FACEBOOK_109_01.txt",
      "title": "FACEBOOK_109_01",
      "mediatype": "SNS",
      "medianame": "페이스북",
      "category": "일상대화",
      "date": "2021-10-29",
      "size": 391,
      "annotations": {
        "subject": "식음료",
        "speaker_type": "1:1",
        "size": 391,
        "word_size": 134,
        "text": "1 : 와 맘터 신상 존맛!\n2 : 맘터 신상?\n2 : 그게 뭔데?\n1 : 아 맘터!\n1 : 맘스터치 몰라~?\n2 : 맘스터치는 아는데 신상이 뭐야?\n1 : 키키 아 신상이 텍사스 버거라고 소스 존맛인 거 있어!\n2 : 헐 나 얼마 전에 그거 시켜 먹었는데\n1 : 아 진짜?\n1 : 이거 오늘 SK 할인 들어갔는데!\n2 : 아 나 할인은 못 받은 거 같은데\n1 : 음하하 나는 50% 할인 받았지~\n2 : 키키 50퍼나?\n2 : 그렇게 할인해줘?\n1 : 오늘 티데이라고 있잖아 그거 몰라?\n2 : 나는 kt라서 잘 몰라\n1 : 아앗 키키 SK는 티데이 할인이라고 브랜드별로 각자 할인 받을 수 있는 거 있음!\n2 : Kt는 브랜드 더블할인만 되더라\n1 : 아 진짜?\n1 : KT는 베라 할인이 잘 됐나?\n2 : 응 아니면 스벅도 괜찮고",
        "lines": [
          {
            "id": 1,
            "text": "1 : 와 맘터 신상 존맛!",
            "norm_text": "와 맘터 신상 존맛!",
            "speaker": {
              "id": "1번",
              "sex": "여성",
              "age": "20대"
            },
            "speechAct": "(단언) 주장하기",
            "morpheme": "와맘터신상존맛/UNKNOWN"
          },
          {
            "id": 2,
            "text": "2 : 맘터 신상?",
            "norm_text": "맘터 신상?",
            "speaker": {
              "id": "2번",
              "sex": "여성",
              "age": "20대"
            },
            "speechAct": "(지시) 질문하기",
            "morpheme": "맘/NNG+터/NNG+신상/NNG"
          },
          {
            "id": 3,
            "text": "2 : 그게 뭔데?",
            "norm_text": "그게 뭔데?",
            "speaker": {
              "id": "2번",
              "sex": "여성",
              "age": "20대"
            },
            "speechAct": "(지시) 질문하기",
            "morpheme": "그게/NP+JKS+뭔데/NP+VCP+EF"
          },
          {
            "id": 4,
            "text": "1 : 아 맘터!",
            "norm_text": "아 맘터!",
            "speaker": {
              "id": "1번",
              "sex": "여성",
              "age": "20대"
            },
            "speechAct": "(단언) 주장하기",
            "morpheme": "아/IC+맘/NNG+터/NNG"
          },
          {
            "id": 5,
            "text": "1 : 맘스터치 몰라~?",
            "norm_text": "맘스터치 몰라~?",
            "speaker": {
              "id": "1번",
              "sex": "여성",
              "age": "20대"
            },
            "speechAct": "(지시) 질문하기",
            "morpheme": "맘스터치몰라/UNKNOWN+~/SY"
          },
          {
            "id": 6,
            "text": "2 : 맘스터치는 아는데 신상이 뭐야?",
            "norm_text": "맘스터치는 아는데 신상이 뭐야?",
            "speaker": {
              "id": "2번",
              "sex": "여성",
              "age": "20대"
            },
            "speechAct": "(지시) 질문하기",
            "morpheme": "맘/NNG+스/XSN+터치/NNG+는/JX+아/VV+는데/EC+신상/NNG+이/JKS+뭐/NP+야/VCP+EF"
          },
          {
            "id": 7,
            "text": "1 : 키키 아 신상이 텍사스 버거라고 소스 존맛인 거 있어!",
            "norm_text": "키키 아 신상이 텍사스 버거라고 소스 존맛인 거 있어!",
            "speaker": {
              "id": "1번",
              "sex": "여성",
              "age": "20대"
            },
            "speechAct": "(단언) 주장하기",
            "morpheme": "키/NNG+키/VV+아/EC+신상/NNG+이/JKS+텍사스/NNP+버거/NNG+라고/VCP+EC+소스/NNG+존/NNP+맛/NNG+인/VCP+ETM+거/NNB+있/VA+어/EF"
          },
          {
            "id": 8,
            "text": "2 : 헐 나 얼마 전에 그거 시켜 먹었는데",
            "norm_text": "헐 나 얼마 전에 그거 시켜 먹었는데",
            "speaker": {
              "id": "2번",
              "sex": "여성",
              "age": "20대"
            },
            "speechAct": "(단언) 주장하기",
            "morpheme": "헐/IC+나/NP+얼마/NNG+전/NNG+에/JKB+그거/NP+시켜/VV+EC+먹/VV+었/EP+는데/EC"
          },
          {
            "id": 9,
            "text": "1 : 아 진짜?",
            "norm_text": "아 진짜?",
            "speaker": {
              "id": "1번",
              "sex": "여성",
              "age": "20대"
            },
            "speechAct": "(지시) 질문하기",
            "morpheme": "아/IC+진짜/MAG"
          },
          {
            "id": 10,
            "text": "1 : 이거 오늘 SK 할인 들어갔는데!",
            "norm_text": "이거 오늘 SK 할인 들어갔는데!",
            "speaker": {
              "id": "1번",
              "sex": "여성",
              "age": "20대"
            },
            "speechAct": "(단언) 진술하기",
            "morpheme": "이거/NP+오늘/MAG+SK/SL+할인/NNG+들어갔/VV+EP+는데/EF"
          },
          {
            "id": 11,
            "text": "2 : 아 나 할인은 못 받은 거 같은데",
            "norm_text": "아 나 할인은 못 받은 거 같은데",
            "speaker": {
              "id": "2번",
              "sex": "여성",
              "age": "20대"
            },
            "speechAct": "(단언) 주장하기",
            "morpheme": "아/IC+나/NP+할인/NNG+은/JX+못/MAG+받/VV+은/ETM+거/NNB+같/VA+은데/EC"
          },
          {
            "id": 12,
            "text": "1 : 음하하 나는 50% 할인 받았지~",
            "norm_text": "음하하 나는 50% 할인 받았지~",
            "speaker": {
              "id": "1번",
              "sex": "여성",
              "age": "20대"
            },
            "speechAct": "(단언) 주장하기",
            "morpheme": "음/IC+하하/MAG+나/NP+는/JX+50/SN+%/SY+할인/NNG+받/VV+았/EP+지/EC+~/SY"
          },
          {
            "id": 13,
            "text": "2 : 키키 50퍼나?",
            "norm_text": "키키 50퍼나?",
            "speaker": {
              "id": "2번",
              "sex": "여성",
              "age": "20대"
            },
            "speechAct": "(지시) 질문하기",
            "morpheme": "키/NNG+키/XSV+ETN+50/SN+퍼/NNG+나/JC"
          },
          {
            "id": 14,
            "text": "2 : 그렇게 할인해줘?",
            "norm_text": "그렇게 할인해줘?",
            "speaker": {
              "id": "2번",
              "sex": "여성",
              "age": "20대"
            },
            "speechAct": "(지시) 질문하기",
            "morpheme": "그렇게/MAG+할인/NNG+해/XSV+EC+줘/VX+EF"
          },
          {
            "id": 15,
            "text": "1 : 오늘 티데이라고 있잖아 그거 몰라?",
            "norm_text": "오늘 티데이라고 있잖아 그거 몰라?",
            "speaker": {
              "id": "1번",
              "sex": "여성",
              "age": "20대"
            },
            "speechAct": "(지시) 질문하기",
            "morpheme": "오늘/MAG+티/NNG+데이/VV+라고/EC+있/VX+잖아/EF+그거/NP+몰라/VV+EF"
          },
          {
            "id": 16,
            "text": "2 : 나는 kt라서 잘 몰라",
            "norm_text": "나는 kt라서 잘 몰라",
            "speaker": {
              "id": "2번",
              "sex": "여성",
              "age": "20대"
            },
            "speechAct": "(단언) 주장하기",
            "morpheme": "나/NP+는/JX+kt/SL+라서/VCP+EC+잘/MAG+몰라/VV+EC"
          },
          {
            "id": 17,
            "text": "1 : 아앗 키키 SK는 티데이 할인이라고 브랜드별로 각자 할인 받을 수 있는 거 있음!",
            "norm_text": "아앗 키키 SK는 티데이 할인이라고 브랜드별로 각자 할인 받을 수 있는 거 있음!",
            "speaker": {
              "id": "1번",
              "sex": "여성",
              "age": "20대"
            },
            "speechAct": "(단언) 주장하기",
            "morpheme": "아앗/IC+키/NNG+키/XSV+ETN+SK/SL+는티데이할인이라고브랜드별로각자할인받을수있는거있음/UNKNOWN"
          },
          {
            "id": 18,
            "text": "2 : Kt는 브랜드 더블할인만 되더라",
            "norm_text": "Kt는 브랜드 더블할인만 되더라",
            "speaker": {
              "id": "2번",
              "sex": "여성",
              "age": "20대"
            },
            "speechAct": "(단언) 주장하기",
            "morpheme": "Kt/SL+는/JX+브랜드/NNG+더블/NNG+할/XSV+ETM+인만/NNG+되/XSV+더라/EC"
          },
          {
            "id": 19,
            "text": "1 : 아 진짜?",
            "norm_text": "아 진짜?",
            "speaker": {
              "id": "1번",
              "sex": "여성",
              "age": "20대"
            },
            "speechAct": "(지시) 질문하기",
            "morpheme": "아/IC+진짜/MAG"
          },
          {
            "id": 20,
            "text": "1 : KT는 베라 할인이 잘 됐나?",
            "norm_text": "KT는 베라 할인이 잘 됐나?",
            "speaker": {
              "id": "1번",
              "sex": "여성",
              "age": "20대"
            },
            "speechAct": "(지시) 질문하기",
            "morpheme": "KT/SL+는/JX+베라/NNP+할인/NNG+이/JKS+잘/MAG+됐/VV+EP+나/EF"
          },
          {
            "id": 21,
            "text": "2 : 응 아니면 스벅도 괜찮고",
            "norm_text": "응 아니면 스벅도 괜찮고",
            "speaker": {
              "id": "2번",
              "sex": "여성",
              "age": "20대"
            },
            "speechAct": "(단언) 주장하기",
            "morpheme": "응/IC+아니면/MAJ+스/IC+벅/MAG+도/JX+괜찮/VA+고/EC"
          }
        ]
      }
    }
  ]
}