{
  "dataset": {
    "identifier": 116744,
    "name": "FACEBOOK_118_09_set",
    "src_path": "/data/file/cubeManager/PROJECT001/80/txt20211102103331050899/FACEBOOK_118_09_set/",
    "label_path": "/data/file/cubeManager/PROJECT001/80/txt20211102103331050899/FACEBOOK_118_09_set/",
    "category": 2,
    "type": 0
  },
  "licenses": {
    "name": "Apache License 1.0",
    "url": "http://www.apache.org/licenses/LICENSE-1.0"
  },
  "info": [
    {
      "id": 129672,
      "filename": "FACEBOOK_118_09.txt",
      "title": "FACEBOOK_118_09",
      "mediatype": "SNS",
      "medianame": "페이스북",
      "category": "일상대화",
      "date": "2021-11-02",
      "size": 424,
      "annotations": {
        "subject": "반려동물",
        "speaker_type": "1:1",
        "size": 424,
        "word_size": 145,
        "text": "1 : 우리 냥냥이가 아프니까 뭔가 마음이 안 좋음 ㅜ\n2 : 고양이 어디가 많이 아파?\n1 : 어 나이가 드니까 하나 둘씩 아픈 곳이 생기기 시작했어 ㅜ\n2 : 고양이 동물 병원 맨날 가겠네 ㅠ\n1 : 어 2년에 한 번씩 건강 검진도 받고 있어 ㅜ\n2 : 검진 받으면 비용 많이 나오지?\n1 : 어 그거 금액 얼마인 줄 알아?\n2 : 얼만데?\n2 : 엄청 많이 나올 거 같아\n1 : 우리 처음에는 아예 차트가 없어서 다 했거든?\n1 : 그때는 60만 원\n2 : 와, 사람 검진이랑 거의 똑같네\n1 : 맞아 ㅜㅜ 그러고 이제 두 번째부터는 50만 원씩 나오더라!\n2 : 그래도 비용이 너무 비싸다 ㅠ\n1 : 맞아 ㅜㅜ 우리 언니가 그래서 돈 열심히 모으고 있어!\n2 : 키키 그게 돈 모으는 이유구나~\n1 : 키키 그럼 그럼 우리 애기 아프면 안 돼!\n2 : 맞아! 사랑으로 보살펴 줘야지",
        "lines": [
          {
            "id": 1,
            "text": "1 : 우리 냥냥이가 아프니까 뭔가 마음이 안 좋음 ㅜ",
            "norm_text": "우리 냥냥이가 아프니까 뭔가 마음이 안 좋음 ㅜ",
            "speaker": {
              "id": "1번",
              "sex": "여성",
              "age": "20대"
            },
            "speechAct": "(단언) 주장하기",
            "morpheme": "우리/NP+냥냥/UNKNOWN+이/NP+가/JKS+아프/VA+니까/EC+뭔가/NP+VCP+EC+마음/NNG+이/JKS+안/MAG+좋/VA+음ㅜ/UNKNOWN"
          },
          {
            "id": 2,
            "text": "2 : 고양이 어디가 많이 아파?",
            "norm_text": "고양이 어디가 많이 아파?",
            "speaker": {
              "id": "2번",
              "sex": "여성",
              "age": "20대"
            },
            "speechAct": "(지시) 질문하기",
            "morpheme": "고양이/NNG+어디/NP+가/JKS+많이/MAG+아파/VA+EF"
          },
          {
            "id": 3,
            "text": "1 : 어 나이가 드니까 하나 둘씩 아픈 곳이 생기기 시작했어 ㅜ",
            "norm_text": "어 나이가 드니까 하나 둘씩 아픈 곳이 생기기 시작했어 ㅜ",
            "speaker": {
              "id": "1번",
              "sex": "여성",
              "age": "20대"
            },
            "speechAct": "(단언) 진술하기",
            "morpheme": "어/IC+나이/NNG+가/JKS+드/VV+니까/EC+하나/NR+둘/NR+씩/XSN+아픈/VA+ETM+곳/NNG+이/JKS+생기/VV+기/ETN+시작/NNG+했/XSV+EP+어ㅜ/UNKNOWN"
          },
          {
            "id": 4,
            "text": "2 : 고양이 동물 병원 맨날 가겠네 ㅠ",
            "norm_text": "고양이 동물 병원 맨날 가겠네 ㅠ",
            "speaker": {
              "id": "2번",
              "sex": "여성",
              "age": "20대"
            },
            "speechAct": "(단언) 주장하기",
            "morpheme": "고양이/NNG+동물/NNG+병원/NNG+맨날/MAG+가/VV+겠/EP+네ㅠ/UNKNOWN"
          },
          {
            "id": 5,
            "text": "1 : 어 2년에 한 번씩 건강 검진도 받고 있어 ㅜ",
            "norm_text": "어 2년에 한 번씩 건강 검진도 받고 있어 ㅜ",
            "speaker": {
              "id": "1번",
              "sex": "여성",
              "age": "20대"
            },
            "speechAct": "(단언) 진술하기",
            "morpheme": "어/IC+2/SN+년/NNBC+에/JKB+한/MM+번/NNBC+씩/XSN+건강/NNG+검진/NNG+도/JX+받/VV+고/EC+있/VX+어/EC+ㅜ/UNKNOWN"
          },
          {
            "id": 6,
            "text": "2 : 검진 받으면 비용 많이 나오지?",
            "norm_text": "검진 받으면 비용 많이 나오지?",
            "speaker": {
              "id": "2번",
              "sex": "여성",
              "age": "20대"
            },
            "speechAct": "(지시) 질문하기",
            "morpheme": "검진/NNG+받/VV+으면/EC+비용/NNG+많이/MAG+나오/VV+지/EF"
          },
          {
            "id": 7,
            "text": "1 : 어 그거 금액 얼마인 줄 알아?",
            "norm_text": "어 그거 금액 얼마인 줄 알아?",
            "speaker": {
              "id": "1번",
              "sex": "여성",
              "age": "20대"
            },
            "speechAct": "(지시) 질문하기",
            "morpheme": "어/IC+그거/NP+금액/NNG+얼마/NNG+인/VCP+ETM+줄/NNB+알/VV+아/EF"
          },
          {
            "id": 8,
            "text": "2 : 얼만데?",
            "norm_text": "얼만데?",
            "speaker": {
              "id": "2번",
              "sex": "여성",
              "age": "20대"
            },
            "speechAct": "(지시) 질문하기",
            "morpheme": "얼만데/NNG+VCP+EF"
          },
          {
            "id": 9,
            "text": "2 : 엄청 많이 나올 거 같아",
            "norm_text": "엄청 많이 나올 거 같아",
            "speaker": {
              "id": "2번",
              "sex": "여성",
              "age": "20대"
            },
            "speechAct": "(단언) 주장하기",
            "morpheme": "엄청/MAG+많이/MAG+나올/VV+ETM+거/NNB+같/VA+아/EC"
          },
          {
            "id": 10,
            "text": "1 : 우리 처음에는 아예 차트가 없어서 다 했거든?",
            "norm_text": "우리 처음에는 아예 차트가 없어서 다 했거든?",
            "speaker": {
              "id": "1번",
              "sex": "여성",
              "age": "20대"
            },
            "speechAct": "(단언) 진술하기",
            "morpheme": "우리/NP+처음/NNG+에/JKB+는/JX+아예/MAG+차트/NNG+가/JKS+없/VA+어서/EC+다/MAG+했/VV+EP+거든/EF"
          },
          {
            "id": 11,
            "text": "1 : 그때는 60만 원",
            "norm_text": "그때는 60만 원",
            "speaker": {
              "id": "1번",
              "sex": "여성",
              "age": "20대"
            },
            "speechAct": "(단언) 진술하기",
            "morpheme": "그때/NNG+는/JX+60/SN+만/NR+원/NNBC"
          },
          {
            "id": 12,
            "text": "2 : 와, 사람 검진이랑 거의 똑같네",
            "norm_text": "와, 사람 검진이랑 거의 똑같네",
            "speaker": {
              "id": "2번",
              "sex": "여성",
              "age": "20대"
            },
            "speechAct": "(단언) 주장하기",
            "morpheme": "와/IC+,/SC+사람/NNG+검진/NNG+이랑/JKB+거의/MAG+똑같/VA+네/EC"
          },
          {
            "id": 13,
            "text": "1 : 맞아 ㅜㅜ 그러고 이제 두 번째부터는 50만 원씩 나오더라!",
            "norm_text": "맞아 ㅜㅜ 그러고 이제 두 번째부터는 50만 원씩 나오더라!",
            "speaker": {
              "id": "1번",
              "sex": "여성",
              "age": "20대"
            },
            "speechAct": "(단언) 진술하기",
            "morpheme": "맞/VV+아/EC+ㅜㅜ/UNKNOWN+그러/VV+고/EC+이제/MAG+두/MM+번/NNBC+째/XSN+부터/JX+는/JX+50/SN+만/NR+원/NNBC+씩/XSN+나오/VV+더라/EF"
          },
          {
            "id": 14,
            "text": "2 : 그래도 비용이 너무 비싸다 ㅠ",
            "norm_text": "그래도 비용이 너무 비싸다 ㅠ",
            "speaker": {
              "id": "2번",
              "sex": "여성",
              "age": "20대"
            },
            "speechAct": "(단언) 주장하기",
            "morpheme": "그래도/MAJ+비용/NNG+이/JKS+너무/MAG+비싸/VA+다/EF+ㅠ/UNKNOWN"
          },
          {
            "id": 15,
            "text": "1 : 맞아 ㅜㅜ 우리 언니가 그래서 돈 열심히 모으고 있어!",
            "norm_text": "맞아 ㅜㅜ 우리 언니가 그래서 돈 열심히 모으고 있어!",
            "speaker": {
              "id": "1번",
              "sex": "여성",
              "age": "20대"
            },
            "speechAct": "(단언) 진술하기",
            "morpheme": "맞/VV+아/EC+ㅜㅜ/UNKNOWN+우리/NP+언니/NNG+가/JKS+그래서/MAJ+돈/NNG+열심히/MAG+모으/VV+고/EC+있/VX+어/EF"
          },
          {
            "id": 16,
            "text": "2 : 키키 그게 돈 모으는 이유구나~",
            "norm_text": "키키 그게 돈 모으는 이유구나~",
            "speaker": {
              "id": "2번",
              "sex": "여성",
              "age": "20대"
            },
            "speechAct": "(단언) 주장하기",
            "morpheme": "키/NNG+키/XSV+ETN+그게/NP+JKS+돈/NNG+모으/VV+는/ETM+이유/NNG+구나/VCP+EC+~/SY"
          },
          {
            "id": 17,
            "text": "1 : 키키 그럼 그럼 우리 애기 아프면 안 돼!",
            "norm_text": "키키 그럼 그럼 우리 애기 아프면 안 돼!",
            "speaker": {
              "id": "1번",
              "sex": "여성",
              "age": "20대"
            },
            "speechAct": "(단언) 주장하기",
            "morpheme": "키/NNG+키/XSV+ETN+그럼/MAJ+그럼/MAJ+우리/NP+애기/NNG+아프/VA+면/EC+안/MAG+돼/VV+EF"
          },
          {
            "id": 18,
            "text": "2 : 맞아! 사랑으로 보살펴 줘야지",
            "norm_text": "맞아! 사랑으로 보살펴 줘야지",
            "speaker": {
              "id": "2번",
              "sex": "여성",
              "age": "20대"
            },
            "speechAct": "(단언) 주장하기",
            "morpheme": "맞/VV+아/EF+사랑/NNG+으로/JKB+보살펴/VV+EC+줘야지/VX+EC"
          }
        ]
      }
    }
  ]
}