{
  "dataset": {
    "identifier": 99327,
    "name": "FACEBOOK_116_05_set",
    "src_path": "/data/file/cubeManager/PROJECT001/77/txt20211029153356040445/FACEBOOK_116_05_set/",
    "label_path": "/data/file/cubeManager/PROJECT001/77/txt20211029153356040445/FACEBOOK_116_05_set/",
    "category": 2,
    "type": 0
  },
  "licenses": {
    "name": "Apache License 1.0",
    "url": "http://www.apache.org/licenses/LICENSE-1.0"
  },
  "info": [
    {
      "id": 110973,
      "filename": "FACEBOOK_116_05.txt",
      "title": "FACEBOOK_116_05",
      "mediatype": "SNS",
      "medianame": "페이스북",
      "category": "일상대화",
      "date": "2021-10-29",
      "size": 482,
      "annotations": {
        "subject": "군대",
        "speaker_type": "1:1",
        "size": 482,
        "word_size": 159,
        "text": "1 : 그 직업 군인이라는 친구는 평생 직군한데?\n2 : 그건 아니고 돈만 좀 모으면 그만두겠지?\n1 : 키키 그 친구는 결혼하면 나중에 집 나오겠다!\n2 : 맞아 키키\n2 : 근데 부인이 좀 고생하겠지~\n1 : 그치 키키\n1 : 진짜 직군들은 부인한테 잘 해야 해!\n2 : 맞아\n2 : 맨날 이사 다니던데 ㅠ\n1 : 맞아\n1 : 그리고 우리 언니 남친도 직군이어서 언니 사정 잘 보임 ㅜ\n2 : 결혼까지 생각하려면 심각하게 고민해야겠다~\n1 : 맞아\n1 : 지금 서로 부모님 뵙고 인사하는 중이야!\n2 : 언니는 이사하는 걸 감수하겠다는 거네?\n1 : 키키 모르겠어\n1 : 나 언니랑 창업해야 하는데!  걔가 우리 언니 뺏을라 함!\n2 : 키키 헐 그건 또 무슨 소리~\n1 : 키키 만약에 걔랑 결혼하면 우리 창업은 물거품이 되는 거야!\n2 : 그건 맞아,\n2 : 언니한테 잘 얘기해봐 키키\n1 : 그래야것어 키키\n1 : 일단 30살 넘을 때까지는 가지 말라고 해야지!\n2 : 너 같이 이사 다녀야겠네",
        "lines": [
          {
            "id": 1,
            "text": "1 : 그 직업 군인이라는 친구는 평생 직군한데?",
            "norm_text": "그 직업 군인이라는 친구는 평생 직군한데?",
            "speaker": {
              "id": "1번",
              "sex": "여성",
              "age": "20대"
            },
            "speechAct": "(지시) 질문하기",
            "morpheme": "그/MM+직업/NNG+군인/NNG+이/VCP+라는/ETM+친구/NNG+는/JX+평생/NNG+직군/NNG+한데/XSA+EF"
          },
          {
            "id": 2,
            "text": "2 : 그건 아니고 돈만 좀 모으면 그만두겠지?",
            "norm_text": "그건 아니고 돈만 좀 모으면 그만두겠지?",
            "speaker": {
              "id": "2번",
              "sex": "여성",
              "age": "20대"
            },
            "speechAct": "(단언) 주장하기",
            "morpheme": "그건/NP+JX+아니/VCN+고/EC+돈/NNG+만/JX+좀/MAG+모으/VV+면/EC+그만두/VV+겠/EP+지/EF"
          },
          {
            "id": 3,
            "text": "1 : 키키 그 친구는 결혼하면 나중에 집 나오겠다!",
            "norm_text": "키키 그 친구는 결혼하면 나중에 집 나오겠다!",
            "speaker": {
              "id": "1번",
              "sex": "여성",
              "age": "20대"
            },
            "speechAct": "(단언) 주장하기",
            "morpheme": "키키/NNP+그/MM+친구/NNG+는/JX+결혼/NNG+하/XSV+면/EC+나중/NNG+에/JKB+집/NNG+나오/VV+겠/EP+다/EF"
          },
          {
            "id": 4,
            "text": "2 : 맞아 키키",
            "norm_text": "맞아 키키",
            "speaker": {
              "id": "2번",
              "sex": "여성",
              "age": "20대"
            },
            "speechAct": "(단언) 주장하기",
            "morpheme": "맞/VV+아/EC+키/NNG+키/XSV+ETN"
          },
          {
            "id": 5,
            "text": "2 : 근데 부인이 좀 고생하겠지~",
            "norm_text": "근데 부인이 좀 고생하겠지~",
            "speaker": {
              "id": "2번",
              "sex": "여성",
              "age": "20대"
            },
            "speechAct": "(단언) 주장하기",
            "morpheme": "근데/MAJ+부인/NNG+이/JKS+좀/MAG+고생/NNG+하/XSV+겠/EP+지/EC+~/SY"
          },
          {
            "id": 6,
            "text": "1 : 그치 키키",
            "norm_text": "그치 키키",
            "speaker": {
              "id": "1번",
              "sex": "여성",
              "age": "20대"
            },
            "speechAct": "(단언) 주장하기",
            "morpheme": "그치/IC+키/NNG+키/XSV+ETN"
          },
          {
            "id": 7,
            "text": "1 : 진짜 직군들은 부인한테 잘 해야 해!",
            "norm_text": "진짜 직군들은 부인한테 잘 해야 해!",
            "speaker": {
              "id": "1번",
              "sex": "여성",
              "age": "20대"
            },
            "speechAct": "(단언) 주장하기",
            "morpheme": "진짜/MAG+직군/NNG+들/XSN+은/JX+부인/NNG+한테/JKB+잘/MAG+해야/VV+EC+해/VX+EF"
          },
          {
            "id": 8,
            "text": "2 : 맞아",
            "norm_text": "맞아",
            "speaker": {
              "id": "2번",
              "sex": "여성",
              "age": "20대"
            },
            "speechAct": "(단언) 주장하기",
            "morpheme": "맞/VV+아/EC"
          },
          {
            "id": 9,
            "text": "2 : 맨날 이사 다니던데 ㅠ",
            "norm_text": "맨날 이사 다니던데 ㅠ",
            "speaker": {
              "id": "2번",
              "sex": "여성",
              "age": "20대"
            },
            "speechAct": "(단언) 주장하기",
            "morpheme": "맨날/MAG+이사/NNG+다니/VV+던/ETM+데ㅠ/UNKNOWN"
          },
          {
            "id": 10,
            "text": "1 : 맞아",
            "norm_text": "맞아",
            "speaker": {
              "id": "1번",
              "sex": "여성",
              "age": "20대"
            },
            "speechAct": "(단언) 주장하기",
            "morpheme": "맞/VV+아/EC"
          },
          {
            "id": 11,
            "text": "1 : 그리고 우리 언니 남친도 직군이어서 언니 사정 잘 보임 ㅜ",
            "norm_text": "그리고 우리 언니 남친도 직군이어서 언니 사정 잘 보임 ㅜ",
            "speaker": {
              "id": "1번",
              "sex": "여성",
              "age": "20대"
            },
            "speechAct": "(단언) 진술하기",
            "morpheme": "그리고/MAJ+우리/NP+언니/NNG+남친/NNG+도/JX+직군/NNG+이/VCP+어서/EC+언니/NNG+사정/NNG+잘/VA+보임/EC+VV+ETN+ㅜ/UNKNOWN"
          },
          {
            "id": 12,
            "text": "2 : 결혼까지 생각하려면 심각하게 고민해야겠다~",
            "norm_text": "결혼까지 생각하려면 심각하게 고민해야겠다~",
            "speaker": {
              "id": "2번",
              "sex": "여성",
              "age": "20대"
            },
            "speechAct": "(단언) 주장하기",
            "morpheme": "결혼/NNG+까지/JX+생각/NNG+하/XSV+려면/EC+심각/XR+하/XSA+게/EC+고민/NNG+해야/XSV+EC+VX+겠/EP+다/EC+~/SY"
          },
          {
            "id": 13,
            "text": "1 : 맞아",
            "norm_text": "맞아",
            "speaker": {
              "id": "1번",
              "sex": "여성",
              "age": "20대"
            },
            "speechAct": "(단언) 주장하기",
            "morpheme": "맞/VV+아/EC"
          },
          {
            "id": 14,
            "text": "1 : 지금 서로 부모님 뵙고 인사하는 중이야!",
            "norm_text": "지금 서로 부모님 뵙고 인사하는 중이야!",
            "speaker": {
              "id": "1번",
              "sex": "여성",
              "age": "20대"
            },
            "speechAct": "(단언) 진술하기",
            "morpheme": "지금/MAG+서로/MAG+부모/NNG+님/XSN+뵙/VV+고/EC+인사/NNG+하/XSV+는/ETM+중/NNB+이/VCP+야/EF"
          },
          {
            "id": 15,
            "text": "2 : 언니는 이사하는 걸 감수하겠다는 거네?",
            "norm_text": "언니는 이사하는 걸 감수하겠다는 거네?",
            "speaker": {
              "id": "2번",
              "sex": "여성",
              "age": "20대"
            },
            "speechAct": "(지시) 질문하기",
            "morpheme": "언니/NNG+는/JX+이사/NNG+하/XSV+는/ETM+걸/NNB+JKO+감수/NNG+하/XSV+겠/EP+다는/ETM+거/NNB+네/VCP+EF"
          },
          {
            "id": 16,
            "text": "1 : 키키 모르겠어",
            "norm_text": "키키 모르겠어",
            "speaker": {
              "id": "1번",
              "sex": "여성",
              "age": "20대"
            },
            "speechAct": "(단언) 주장하기",
            "morpheme": "키/NNG+키/XSV+ETN+모르/VV+겠/EP+어/EC"
          },
          {
            "id": 17,
            "text": "1 : 나 언니랑 창업해야 하는데!  걔가 우리 언니 뺏을라 함!",
            "norm_text": "나 언니랑 창업해야 하는데!  걔가 우리 언니 뺏을라 함!",
            "speaker": {
              "id": "1번",
              "sex": "여성",
              "age": "20대"
            },
            "speechAct": "(단언) 주장하기",
            "morpheme": "나/NP+언니/NNG+랑/JKB+창업/NNG+해야/XSV+EC+하/VV+는데/EC+걔/NP+가/JKS+우리/NP+언니/NNG+뺏/VV+을라/EC+함/VX+ETN"
          },
          {
            "id": 18,
            "text": "2 : 키키 헐 그건 또 무슨 소리~",
            "norm_text": "키키 헐 그건 또 무슨 소리~",
            "speaker": {
              "id": "2번",
              "sex": "여성",
              "age": "20대"
            },
            "speechAct": "(단언) 주장하기",
            "morpheme": "키/NNG+키/NNG+헐/XSV+JKO+그건/NP+JX+또/MAG+무슨/MM+소리/NNG+~/SY"
          },
          {
            "id": 19,
            "text": "1 : 키키 만약에 걔랑 결혼하면 우리 창업은 물거품이 되는 거야!",
            "norm_text": "키키 만약에 걔랑 결혼하면 우리 창업은 물거품이 되는 거야!",
            "speaker": {
              "id": "1번",
              "sex": "여성",
              "age": "20대"
            },
            "speechAct": "(단언) 주장하기",
            "morpheme": "키/NNG+키/NNG+만약/NNG+에/JKB+걔/NP+랑/JKB+결혼/NNG+하/XSV+면/EC+우리/NP+창업/NNG+은/JX+물거품/NNG+이/JKS+되/VV+는/ETM+거/NNB+야/VCP+EF"
          },
          {
            "id": 20,
            "text": "2 : 그건 맞아,",
            "norm_text": "그건 맞아,",
            "speaker": {
              "id": "2번",
              "sex": "여성",
              "age": "20대"
            },
            "speechAct": "(단언) 주장하기",
            "morpheme": "그건/NP+JX+맞/VV+아/EC+,/SC"
          },
          {
            "id": 21,
            "text": "2 : 언니한테 잘 얘기해봐 키키",
            "norm_text": "언니한테 잘 얘기해봐 키키",
            "speaker": {
              "id": "2번",
              "sex": "여성",
              "age": "20대"
            },
            "speechAct": "(단언) 주장하기",
            "morpheme": "언니/NNG+한테/JKB+잘/MAG+얘기/NNG+해/XSV+EC+봐/VX+EF+키/NNG+키/XSV+ETN"
          },
          {
            "id": 22,
            "text": "1 : 그래야것어 키키",
            "norm_text": "그래야것어 키키",
            "speaker": {
              "id": "1번",
              "sex": "여성",
              "age": "20대"
            },
            "speechAct": "(단언) 주장하기",
            "morpheme": "그래야/VV+EC+것어/VX+EP+EF+키/NNG+키/XSV+ETN"
          },
          {
            "id": 23,
            "text": "1 : 일단 30살 넘을 때까지는 가지 말라고 해야지!",
            "norm_text": "일단 30살 넘을 때까지는 가지 말라고 해야지!",
            "speaker": {
              "id": "1번",
              "sex": "여성",
              "age": "20대"
            },
            "speechAct": "(단언) 주장하기",
            "morpheme": "일단/MAG+30/SN+살/NNBC+넘/VV+을/ETM+때/NNG+까지/JX+는/JX+가/VV+지/EC+말/VX+라고/EC+해야지/VV+EF"
          },
          {
            "id": 24,
            "text": "2 : 너 같이 이사 다녀야겠네",
            "norm_text": "너 같이 이사 다녀야겠네",
            "speaker": {
              "id": "2번",
              "sex": "여성",
              "age": "20대"
            },
            "speechAct": "(단언) 주장하기",
            "morpheme": "너/NP+같이/MAG+이사/NNG+다녀야/VV+EC+겠/EP+네/EF"
          }
        ]
      }
    }
  ]
}