{
  "dataset": {
    "identifier": 104149,
    "name": "FACEBOOK_107_14_set",
    "src_path": "/data/file/cubeManager/PROJECT001/77/txt20211029160805032453/FACEBOOK_107_14_set/",
    "label_path": "/data/file/cubeManager/PROJECT001/77/txt20211029160805032453/FACEBOOK_107_14_set/",
    "category": 2,
    "type": 0
  },
  "licenses": {
    "name": "Apache License 1.0",
    "url": "http://www.apache.org/licenses/LICENSE-1.0"
  },
  "info": [
    {
      "id": 111282,
      "filename": "FACEBOOK_107_14.txt",
      "title": "FACEBOOK_107_14",
      "mediatype": "SNS",
      "medianame": "페이스북",
      "category": "일상대화",
      "date": "2021-10-29",
      "size": 496,
      "annotations": {
        "subject": "사회이슈",
        "speaker_type": "1:1",
        "size": 496,
        "word_size": 164,
        "text": "1 : 와 요즘에 교권이 진짜 무너진 게 보이는 거 같아!\n2 : 왜?\n2 : 또 뭐 봤어?\n1 : 어떤 고등 교사가 글을 쓴 걸 봤는데 알려줄까?\n2 : 웅 뭔데?\n2 : 무슨 내용?\n1 : 이 분이 키도 작고 나이도 아직 어려서 애들이 엄청 무시한대!\n2 : 맞아\n2 : 요새 애들 진짜 버르장 머리 키키\n1 : 어 이 쌤한테 대놓고 쌍욕을 하고 반말도 한대!\n2 : 성추행 하는 애들도 진짜 많잖아\n1 : 어우 ㅜㅜ 진짜 그래서 쌤이 애들이랑 친해지려고 고기도 사주고 아이스크림도 사주고 그랬는데 그때 뿐이래 ㅜ\n2 : 요새 애들은 머리가 너무 커, 무서웡\n1 : 맞아 ㅜㅜ\n1 : 그리고 심지어 발표하라고 했더니 못생긴 게 뭐래 이러더래!\n2 : 와 그런 애들은 징계 안 먹어?\n1 : 그러니까 이게 문제야 체벌만 없애면 뭐해 제대로 된 징계나 체벌을 만들어야지!\n2 : 그런 애들은 맞아도 싸 키키\n1 : 맞아\n1 : 미국 같은 경우는 선생님한테 대들면 그냥 퇴학이라던데!\n2 : 우리도 그렇게 해야 돼 버릇 없어",
        "lines": [
          {
            "id": 1,
            "text": "1 : 와 요즘에 교권이 진짜 무너진 게 보이는 거 같아!",
            "norm_text": "와 요즘에 교권이 진짜 무너진 게 보이는 거 같아!",
            "speaker": {
              "id": "1번",
              "sex": "여성",
              "age": "20대"
            },
            "speechAct": "(단언) 주장하기",
            "morpheme": "와/IC+요즘/NNG+에/JKB+교권/NNG+이/JKS+진짜/MAG+무너진/VV+ETM+게/NNB+JKS+보이/VV+는/ETM+거/NNB+같/VA+아/EF"
          },
          {
            "id": 2,
            "text": "2 : 왜?",
            "norm_text": "왜?",
            "speaker": {
              "id": "2번",
              "sex": "여성",
              "age": "20대"
            },
            "speechAct": "(지시) 질문하기",
            "morpheme": "왜/MAG"
          },
          {
            "id": 3,
            "text": "2 : 또 뭐 봤어?",
            "norm_text": "또 뭐 봤어?",
            "speaker": {
              "id": "2번",
              "sex": "여성",
              "age": "20대"
            },
            "speechAct": "(지시) 질문하기",
            "morpheme": "또/MAG+뭐/IC+봤/VV+EP+어/EF"
          },
          {
            "id": 4,
            "text": "1 : 어떤 고등 교사가 글을 쓴 걸 봤는데 알려줄까?",
            "norm_text": "어떤 고등 교사가 글을 쓴 걸 봤는데 알려줄까?",
            "speaker": {
              "id": "1번",
              "sex": "여성",
              "age": "20대"
            },
            "speechAct": "(지시) 질문하기",
            "morpheme": "어떤/MM+고등/NNG+교사/NNG+가/JKS+글/NNG+을/JKO+쓴/VV+ETM+걸/NNB+JKO+봤/VV+EP+는데/EC+알려줄까/VV+EC+VX+EF"
          },
          {
            "id": 5,
            "text": "2 : 웅 뭔데?",
            "norm_text": "웅 뭔데?",
            "speaker": {
              "id": "2번",
              "sex": "여성",
              "age": "20대"
            },
            "speechAct": "(지시) 질문하기",
            "morpheme": "웅/IC+뭔데/NP+VCP+EF"
          },
          {
            "id": 6,
            "text": "2 : 무슨 내용?",
            "norm_text": "무슨 내용?",
            "speaker": {
              "id": "2번",
              "sex": "여성",
              "age": "20대"
            },
            "speechAct": "(지시) 질문하기",
            "morpheme": "무슨/MM+내용/NNG"
          },
          {
            "id": 7,
            "text": "1 : 이 분이 키도 작고 나이도 아직 어려서 애들이 엄청 무시한대!",
            "norm_text": "이 분이 키도 작고 나이도 아직 어려서 애들이 엄청 무시한대!",
            "speaker": {
              "id": "1번",
              "sex": "여성",
              "age": "20대"
            },
            "speechAct": "(단언) 주장하기",
            "morpheme": "이분/NP+이/JKS+키/NNG+도/JX+작/VA+고/EC+나이/NNG+도/JX+아직/MAG+어려서/VA+EC+애/NNG+들/XSN+이/JKS+엄청/MAG+무시/NNG+한대/XSV+EF"
          },
          {
            "id": 8,
            "text": "2 : 맞아",
            "norm_text": "맞아",
            "speaker": {
              "id": "2번",
              "sex": "여성",
              "age": "20대"
            },
            "speechAct": "(단언) 주장하기",
            "morpheme": "맞/VV+아/EC"
          },
          {
            "id": 9,
            "text": "2 : 요새 애들 진짜 버르장 머리 키키",
            "norm_text": "요새 애들 진짜 버르장 머리 키키",
            "speaker": {
              "id": "2번",
              "sex": "여성",
              "age": "20대"
            },
            "speechAct": "(단언) 주장하기",
            "morpheme": "요새/NNG+애/NNG+들/XSN+진짜/MAG+버르장머리/NNG+키/NNG+키/XSV+ETN"
          },
          {
            "id": 10,
            "text": "1 : 어 이 쌤한테 대놓고 쌍욕을 하고 반말도 한대!",
            "norm_text": "어 이 쌤한테 대놓고 쌍욕을 하고 반말도 한대!",
            "speaker": {
              "id": "1번",
              "sex": "여성",
              "age": "20대"
            },
            "speechAct": "(단언) 주장하기",
            "morpheme": "어/IC+이/MM+쌤/NNG+한테/JKB+대놓고/MAG+쌍욕/NNG+을/JKO+하/VV+고/EC+반말/NNG+도/JX+한대/VV+EF"
          },
          {
            "id": 11,
            "text": "2 : 성추행 하는 애들도 진짜 많잖아",
            "norm_text": "성추행 하는 애들도 진짜 많잖아",
            "speaker": {
              "id": "2번",
              "sex": "여성",
              "age": "20대"
            },
            "speechAct": "(단언) 주장하기",
            "morpheme": "성추행/NNG+하/XSV+는/ETM+애/NNG+들/XSN+도/JX+진짜/MAG+많/VA+잖아/EC"
          },
          {
            "id": 12,
            "text": "1 : 어우 ㅜㅜ 진짜 그래서 쌤이 애들이랑 친해지려고 고기도 사주고 아이스크림도 사주고 그랬는데 그때 뿐이래 ㅜ",
            "norm_text": "어우 ㅜㅜ 진짜 그래서 쌤이 애들이랑 친해지려고 고기도 사주고 아이스크림도 사주고 그랬는데 그때 뿐이래 ㅜ",
            "speaker": {
              "id": "1번",
              "sex": "여성",
              "age": "20대"
            },
            "speechAct": "(단언) 주장하기",
            "morpheme": "어우/IC+ㅜㅜ/UNKNOWN+진짜/MAG+그래서/MAJ+쌤/NNG+이/JKS+애/NNG+들/XSN+이랑/JKB+친해/VA+EC+지/VX+려고/EC+고기/NNG+도/JX+사/VV+EC+주/VX+고/EC+아이스크림/NNG+도/JX+사/VV+EC+주/VX+고/EC+그랬/VV+EP+는데/EC+그때/NNG+뿐이/JX+래ㅜ/UNKNOWN"
          },
          {
            "id": 13,
            "text": "2 : 요새 애들은 머리가 너무 커, 무서웡",
            "norm_text": "요새 애들은 머리가 너무 커, 무서웡",
            "speaker": {
              "id": "2번",
              "sex": "여성",
              "age": "20대"
            },
            "speechAct": "(단언) 주장하기",
            "morpheme": "요새/NNG+애/NNG+들/XSN+은/JX+머리/NNG+가/JKS+너무/MAG+커/VA+EF+,/SC+무서/VA+EF+웡/NNP"
          },
          {
            "id": 14,
            "text": "1 : 맞아 ㅜㅜ",
            "norm_text": "맞아 ㅜㅜ",
            "speaker": {
              "id": "1번",
              "sex": "여성",
              "age": "20대"
            },
            "speechAct": "(단언) 주장하기",
            "morpheme": "맞아ㅜㅜ/UNKNOWN"
          },
          {
            "id": 15,
            "text": "1 : 그리고 심지어 발표하라고 했더니 못생긴 게 뭐래 이러더래!",
            "norm_text": "그리고 심지어 발표하라고 했더니 못생긴 게 뭐래 이러더래!",
            "speaker": {
              "id": "1번",
              "sex": "여성",
              "age": "20대"
            },
            "speechAct": "(단언) 주장하기",
            "morpheme": "그리고/MAJ+심지어/MAG+발표/NNG+하/XSV+라고/EC+했/VX+EP+더니/EC+못생긴/VA+ETM+게/NNB+JKS+뭐/NP+래/VCP+EC+이러/VV+더래/EF"
          },
          {
            "id": 16,
            "text": "2 : 와 그런 애들은 징계 안 먹어?",
            "norm_text": "와 그런 애들은 징계 안 먹어?",
            "speaker": {
              "id": "2번",
              "sex": "여성",
              "age": "20대"
            },
            "speechAct": "(지시) 질문하기",
            "morpheme": "와/IC+그런/MM+애/NNG+들/XSN+은/JX+징계/NNG+안/MAG+먹/VV+어/EF"
          },
          {
            "id": 17,
            "text": "1 : 그러니까 이게 문제야 체벌만 없애면 뭐해 제대로 된 징계나 체벌을 만들어야지!",
            "norm_text": "그러니까 이게 문제야 체벌만 없애면 뭐해 제대로 된 징계나 체벌을 만들어야지!",
            "speaker": {
              "id": "1번",
              "sex": "여성",
              "age": "20대"
            },
            "speechAct": "(단언) 주장하기",
            "morpheme": "그러니까/MAJ+이게/NP+JKS+문제/NNG+야/VCP+EF+체벌/NNG+만/JX+없애/VV+면/EC+뭐/IC+해/VV+EC+제대로/MAG+된/VV+ETM+징계/NNG+나/JC+체벌/NNG+을/JKO+만들/VV+어야지/EF"
          },
          {
            "id": 18,
            "text": "2 : 그런 애들은 맞아도 싸 키키",
            "norm_text": "그런 애들은 맞아도 싸 키키",
            "speaker": {
              "id": "2번",
              "sex": "여성",
              "age": "20대"
            },
            "speechAct": "(단언) 주장하기",
            "morpheme": "그런/MM+애/NNG+들/XSN+은/JX+맞/VV+아도/EC+싸/VV+EC+키/NNG+키/XSV+ETN"
          },
          {
            "id": 19,
            "text": "1 : 맞아",
            "norm_text": "맞아",
            "speaker": {
              "id": "1번",
              "sex": "여성",
              "age": "20대"
            },
            "speechAct": "(단언) 주장하기",
            "morpheme": "맞/VV+아/EC"
          },
          {
            "id": 20,
            "text": "1 : 미국 같은 경우는 선생님한테 대들면 그냥 퇴학이라던데!",
            "norm_text": "미국 같은 경우는 선생님한테 대들면 그냥 퇴학이라던데!",
            "speaker": {
              "id": "1번",
              "sex": "여성",
              "age": "20대"
            },
            "speechAct": "(단언) 주장하기",
            "morpheme": "미국/NNP+같/VA+은/ETM+경우/NNG+는/JX+선생/NNG+님/XSN+한테/JKB+대들/VV+면/EC+그냥/MAG+퇴학/NNG+이/VCP+라던데/EF"
          },
          {
            "id": 21,
            "text": "2 : 우리도 그렇게 해야 돼 버릇 없어",
            "norm_text": "우리도 그렇게 해야 돼 버릇 없어",
            "speaker": {
              "id": "2번",
              "sex": "여성",
              "age": "20대"
            },
            "speechAct": "(단언) 주장하기",
            "morpheme": "우리/NP+도/JX+그렇게/MAG+해야/VV+EC+돼/VV+EC+버릇없/VA+어/EC"
          }
        ]
      }
    }
  ]
}