{
  "dataset": {
    "identifier": 97808,
    "name": "FACEBOOK_115_18_set",
    "src_path": "/data/file/cubeManager/PROJECT001/77/txt20211029153356036118/FACEBOOK_115_18_set/",
    "label_path": "/data/file/cubeManager/PROJECT001/77/txt20211029153356036118/FACEBOOK_115_18_set/",
    "category": 2,
    "type": 0
  },
  "licenses": {
    "name": "Apache License 1.0",
    "url": "http://www.apache.org/licenses/LICENSE-1.0"
  },
  "info": [
    {
      "id": 110966,
      "filename": "FACEBOOK_115_18.txt",
      "title": "FACEBOOK_115_18",
      "mediatype": "SNS",
      "medianame": "페이스북",
      "category": "일상대화",
      "date": "2021-10-29",
      "size": 391,
      "annotations": {
        "subject": "상거래 전반",
        "speaker_type": "1:1",
        "size": 391,
        "word_size": 137,
        "text": "1 : 언니 요즘에 좋은 어플 있어?\n2 : 무슨 어플 말하는 거야?\n1 : 음 쇼핑 좀 하고 싶은데 핸드폰으로 하고 싶어서!\n2 : 난 지그재그 아니면 걍 인스타로 봐\n1 : 인스타?\n1 : 인스타도 쇼핑몰이 있어?\n2 : 웅 거기서 옷 파는 사람들 많잖아\n1 : 아 진짜?\n1 : 거기서 어떤 옷을 팔아?\n2 : 거기서 올려놓으면 홈페이지 연결되게 해 놓잖아\n1 : 아 진짜?\n1 : 신기하네?\n1 : 실패한 적 없어?\n2 : 실패하면 환불 하지 고민하다 키키\n1 : 키키 그거 결제 시스템은 어떻게 돼?\n2 : 그냥 똑같아\n2 : 무통장 아님 카드로 바로 키키\n1 : 무통장 하면 현금영수증 다 끊어 줘?\n2 : 해주지\n2 : 요샌 다 해주더라\n1 : 오 개꿀 키키\n1 : 가격은 안 비싸?\n2 : 비교하면서 해바야지\n2 : 너도 해봐",
        "lines": [
          {
            "id": 1,
            "text": "1 : 언니 요즘에 좋은 어플 있어?",
            "norm_text": "언니 요즘에 좋은 어플 있어?",
            "speaker": {
              "id": "1번",
              "sex": "여성",
              "age": "20대"
            },
            "speechAct": "(지시) 질문하기",
            "morpheme": "언니/NNG+요즘/NNG+에/JKB+좋/VA+은/ETM+어/IC+플/NNG+있/VA+어/EF"
          },
          {
            "id": 2,
            "text": "2 : 무슨 어플 말하는 거야?",
            "norm_text": "무슨 어플 말하는 거야?",
            "speaker": {
              "id": "2번",
              "sex": "여성",
              "age": "20대"
            },
            "speechAct": "(지시) 질문하기",
            "morpheme": "무슨/MM+어/EC+플/VX+ETM+말/NNG+하/XSV+는/ETM+거/NNB+야/VCP+EF"
          },
          {
            "id": 3,
            "text": "1 : 음 쇼핑 좀 하고 싶은데 핸드폰으로 하고 싶어서!",
            "norm_text": "음 쇼핑 좀 하고 싶은데 핸드폰으로 하고 싶어서!",
            "speaker": {
              "id": "1번",
              "sex": "여성",
              "age": "20대"
            },
            "speechAct": "(단언) 주장하기",
            "morpheme": "음/IC+쇼핑/NNG+좀/MAG+하/VV+고/EC+싶/VX+은데/EC+핸드폰/NNG+으로/JKB+하/VV+고/EC+싶/VX+어서/EC"
          },
          {
            "id": 4,
            "text": "2 : 난 지그재그 아니면 걍 인스타로 봐",
            "norm_text": "난 지그재그 아니면 걍 인스타로 봐",
            "speaker": {
              "id": "2번",
              "sex": "여성",
              "age": "20대"
            },
            "speechAct": "(단언) 진술하기",
            "morpheme": "난/NP+JX+지그재그/MAG+아니/VCN+면/EC+걍인/UNKNOWN+스타/NNG+로/JKB+봐/VV+EC"
          },
          {
            "id": 5,
            "text": "1 : 인스타?",
            "norm_text": "인스타?",
            "speaker": {
              "id": "1번",
              "sex": "여성",
              "age": "20대"
            },
            "speechAct": "턴토크 사인(관습적 반응)",
            "morpheme": "인/NNG+스타/NNG"
          },
          {
            "id": 6,
            "text": "1 : 인스타도 쇼핑몰이 있어?",
            "norm_text": "인스타도 쇼핑몰이 있어?",
            "speaker": {
              "id": "1번",
              "sex": "여성",
              "age": "20대"
            },
            "speechAct": "(지시) 질문하기",
            "morpheme": "인/NNG+스타/NNG+도/JX+쇼핑몰/NNG+이/JKS+있/VA+어/EF"
          },
          {
            "id": 7,
            "text": "2 : 웅 거기서 옷 파는 사람들 많잖아",
            "norm_text": "웅 거기서 옷 파는 사람들 많잖아",
            "speaker": {
              "id": "2번",
              "sex": "여성",
              "age": "20대"
            },
            "speechAct": "(단언) 진술하기",
            "morpheme": "웅/IC+거기/NP+서/JKB+옷파/NNP+는/JX+사람/NNG+들/XSN+많/VA+잖아/EC"
          },
          {
            "id": 8,
            "text": "1 : 아 진짜?",
            "norm_text": "아 진짜?",
            "speaker": {
              "id": "1번",
              "sex": "여성",
              "age": "20대"
            },
            "speechAct": "턴토크 사인(관습적 반응)",
            "morpheme": "아/IC+진짜/MAG"
          },
          {
            "id": 9,
            "text": "1 : 거기서 어떤 옷을 팔아?",
            "norm_text": "거기서 어떤 옷을 팔아?",
            "speaker": {
              "id": "1번",
              "sex": "여성",
              "age": "20대"
            },
            "speechAct": "(지시) 질문하기",
            "morpheme": "거기/NP+서/JKB+어떤/MM+옷/NNG+을/JKO+팔/VV+아/EF"
          },
          {
            "id": 10,
            "text": "2 : 거기서 올려놓으면 홈페이지 연결되게 해 놓잖아",
            "norm_text": "거기서 올려놓으면 홈페이지 연결되게 해 놓잖아",
            "speaker": {
              "id": "2번",
              "sex": "여성",
              "age": "20대"
            },
            "speechAct": "(단언) 진술하기",
            "morpheme": "거기/NP+서/JKB+올려놓/VV+으면/EC+홈페이지/NNG+연결/NNG+되게/MAG+해/VV+EC+놓/VX+잖아/EC"
          },
          {
            "id": 11,
            "text": "1 : 아 진짜?",
            "norm_text": "아 진짜?",
            "speaker": {
              "id": "1번",
              "sex": "여성",
              "age": "20대"
            },
            "speechAct": "턴토크 사인(관습적 반응)",
            "morpheme": "아/IC+진짜/MAG"
          },
          {
            "id": 12,
            "text": "1 : 신기하네?",
            "norm_text": "신기하네?",
            "speaker": {
              "id": "1번",
              "sex": "여성",
              "age": "20대"
            },
            "speechAct": "(단언) 주장하기",
            "morpheme": "신기/XR+하/XSA+네/EF"
          },
          {
            "id": 13,
            "text": "1 : 실패한 적 없어?",
            "norm_text": "실패한 적 없어?",
            "speaker": {
              "id": "1번",
              "sex": "여성",
              "age": "20대"
            },
            "speechAct": "(지시) 질문하기",
            "morpheme": "실패/NNG+한/XSA+ETM+적/NNB+없/VA+어/EF"
          },
          {
            "id": 14,
            "text": "2 : 실패하면 환불 하지 고민하다 키키",
            "norm_text": "실패하면 환불 하지 고민하다 키키",
            "speaker": {
              "id": "2번",
              "sex": "여성",
              "age": "20대"
            },
            "speechAct": "(단언) 진술하기",
            "morpheme": "실패/NNG+하/XSV+면/EC+환불/NNG+하/XSV+지/EC+고민/NNG+하/XSV+다키키/NNP"
          },
          {
            "id": 15,
            "text": "1 : 키키 그거 결제 시스템은 어떻게 돼?",
            "norm_text": "키키 그거 결제 시스템은 어떻게 돼?",
            "speaker": {
              "id": "1번",
              "sex": "여성",
              "age": "20대"
            },
            "speechAct": "(지시) 질문하기",
            "morpheme": "키/NNG+키/XSV+ETN+그거/NP+결제/NNG+시스템/NNG+은/JX+어떻게/MAG+돼/VV+EF"
          },
          {
            "id": 16,
            "text": "2 : 그냥 똑같아",
            "norm_text": "그냥 똑같아",
            "speaker": {
              "id": "2번",
              "sex": "여성",
              "age": "20대"
            },
            "speechAct": "(단언) 진술하기",
            "morpheme": "그냥/MAG+똑같/VA+아/EC"
          },
          {
            "id": 17,
            "text": "2 : 무통장 아님 카드로 바로 키키",
            "norm_text": "무통장 아님 카드로 바로 키키",
            "speaker": {
              "id": "2번",
              "sex": "여성",
              "age": "20대"
            },
            "speechAct": "(단언) 진술하기",
            "morpheme": "무/XPN+통장/NNG+아님/VCN+ETN+카드/NNG+로/JKB+바로/MAG+키/NNG+키/XSV+ETN"
          },
          {
            "id": 18,
            "text": "1 : 무통장 하면 현금영수증 다 끊어 줘?",
            "norm_text": "무통장 하면 현금영수증 다 끊어 줘?",
            "speaker": {
              "id": "1번",
              "sex": "여성",
              "age": "20대"
            },
            "speechAct": "(지시) 질문하기",
            "morpheme": "무/XPN+통장/NNG+하/XSV+면/EC+현금영수증/NNP+다/MAG+끊/VV+어/EC+줘/VX+EF"
          },
          {
            "id": 19,
            "text": "2 : 해주지",
            "norm_text": "해주지",
            "speaker": {
              "id": "2번",
              "sex": "여성",
              "age": "20대"
            },
            "speechAct": "(단언) 진술하기",
            "morpheme": "해/VV+EC+주/VX+지/EC"
          },
          {
            "id": 20,
            "text": "2 : 요샌 다 해주더라",
            "norm_text": "요샌 다 해주더라",
            "speaker": {
              "id": "2번",
              "sex": "여성",
              "age": "20대"
            },
            "speechAct": "(단언) 진술하기",
            "morpheme": "요샌/MAG+JX+다/MAG+해/VV+EC+주/VX+더라/EC"
          },
          {
            "id": 21,
            "text": "1 : 오 개꿀 키키",
            "norm_text": "오 개꿀 키키",
            "speaker": {
              "id": "1번",
              "sex": "여성",
              "age": "20대"
            },
            "speechAct": "(단언) 주장하기",
            "morpheme": "오/NR+개꿀/NNG+키/NNG+키/XSV+ETN"
          },
          {
            "id": 22,
            "text": "1 : 가격은 안 비싸?",
            "norm_text": "가격은 안 비싸?",
            "speaker": {
              "id": "1번",
              "sex": "여성",
              "age": "20대"
            },
            "speechAct": "(지시) 질문하기",
            "morpheme": "가격/NNG+은/JX+안/MAG+비싸/VA+EF"
          },
          {
            "id": 23,
            "text": "2 : 비교하면서 해바야지",
            "norm_text": "비교하면서 해바야지",
            "speaker": {
              "id": "2번",
              "sex": "여성",
              "age": "20대"
            },
            "speechAct": "(단언) 주장하기",
            "morpheme": "비교/NNG+하/XSV+면/EC+서해/NNP+바야/NNP+지/NNP"
          },
          {
            "id": 24,
            "text": "2 : 너도 해봐",
            "norm_text": "너도 해봐",
            "speaker": {
              "id": "2번",
              "sex": "여성",
              "age": "20대"
            },
            "speechAct": "(지시) 충고/제안하기",
            "morpheme": "너/NP+도/JX+해/VV+EC+봐/VX+EC"
          }
        ]
      }
    }
  ]
}