{
  "dataset": {
    "identifier": 118591,
    "name": "FACEBOOK_118_06_set",
    "src_path": "/data/file/cubeManager/PROJECT001/80/txt20211102103331048552/FACEBOOK_118_06_set/",
    "label_path": "/data/file/cubeManager/PROJECT001/80/txt20211102103331048552/FACEBOOK_118_06_set/",
    "category": 2,
    "type": 0
  },
  "licenses": {
    "name": "Apache License 1.0",
    "url": "http://www.apache.org/licenses/LICENSE-1.0"
  },
  "info": [
    {
      "id": 129669,
      "filename": "FACEBOOK_118_06.txt",
      "title": "FACEBOOK_118_06",
      "mediatype": "SNS",
      "medianame": "페이스북",
      "category": "일상대화",
      "date": "2021-11-02",
      "size": 442,
      "annotations": {
        "subject": "교육",
        "speaker_type": "1:1",
        "size": 442,
        "word_size": 144,
        "text": "1 : 언니는 학생 때 싫어했던 쌤 있었어?\n2 : 나는 일본어 선생님 싫어했어 키키\n1 : 일본어 쌤? 언니 일본어 과목이 있었구나?\n1 : 나는 중국어!\n2 : 응 키키 그때 일본어 수업 있었어\n1 : 그렇구나 일본어 쌤이 왜 싫었어!\n2 : 아 맨날 이상한 소리 해서 키키\n1 : 왜 어떤 소리를 쌤이 했는데?\n2 : 그냥 수업만 하면 되는데 아재 개그 하고 키키\n1 : 키키 쌤이 학생들이랑 가까워지고 싶었나 봐!\n2 : 근데 별로 가까워지지 않았어 키키\n1 : 키키 나 고딩 때도 그런 쌤 있었는데 우리는 다 그 쌤 좋아했음!\n2 : 오오, 아마 선생님마다 다른가 봐~\n1 : 그러니까 그 쌤도 아재 개그 많이 했는데 항상 밝게 우리한테 대해주셔서 다 좋아했어!\n2 : 우리 일본어 선생님 나이가 있어서 그런가 봐\n1 : 키키 아니야 이 쌤도 내가 알기론 50대였음!\n2 : 그럼 우리 학교가 이상한 건가 봐~",
        "lines": [
          {
            "id": 1,
            "text": "1 : 언니는 학생 때 싫어했던 쌤 있었어?",
            "norm_text": "언니는 학생 때 싫어했던 쌤 있었어?",
            "speaker": {
              "id": "1번",
              "sex": "여성",
              "age": "20대"
            },
            "speechAct": "(지시) 질문하기",
            "morpheme": "언니/NNG+는/JX+학생/NNG+때/NNG+싫/VA+어/EC+했/VX+EP+던/ETM+쌤/NNG+있/VV+었/EP+어/EF"
          },
          {
            "id": 2,
            "text": "2 : 나는 일본어 선생님 싫어했어 키키",
            "norm_text": "나는 일본어 선생님 싫어했어 키키",
            "speaker": {
              "id": "2번",
              "sex": "여성",
              "age": "20대"
            },
            "speechAct": "(단언) 주장하기",
            "morpheme": "나/NP+는/JX+일본어/NNG+선생/NNG+님/XSN+싫/VA+어/EC+했/VX+EP+어/EC+키/NNG+키/XSV+ETN"
          },
          {
            "id": 3,
            "text": "1 : 일본어 쌤? 언니 일본어 과목이 있었구나?",
            "norm_text": "일본어 쌤? 언니 일본어 과목이 있었구나?",
            "speaker": {
              "id": "1번",
              "sex": "여성",
              "age": "20대"
            },
            "speechAct": "(지시) 질문하기",
            "morpheme": "일본어/NNG+쌤/NNG+?/SY+언니/NNG+일본어/NNG+과목/NNG+이/JKS+있/VA+었/EP+구나/EF"
          },
          {
            "id": 4,
            "text": "1 : 나는 중국어!",
            "norm_text": "나는 중국어!",
            "speaker": {
              "id": "1번",
              "sex": "여성",
              "age": "20대"
            },
            "speechAct": "(단언) 진술하기",
            "morpheme": "나/NP+는/JX+중국/NNP+어/IC"
          },
          {
            "id": 5,
            "text": "2 : 응 키키 그때 일본어 수업 있었어",
            "norm_text": "응 키키 그때 일본어 수업 있었어",
            "speaker": {
              "id": "2번",
              "sex": "여성",
              "age": "20대"
            },
            "speechAct": "(단언) 진술하기",
            "morpheme": "응/IC+키/NNG+키/NNG+그때/NNG+일본어/NNG+수업/NNG+있/VV+었/EP+어/EC"
          },
          {
            "id": 6,
            "text": "1 : 그렇구나 일본어 쌤이 왜 싫었어!",
            "norm_text": "그렇구나 일본어 쌤이 왜 싫었어!",
            "speaker": {
              "id": "1번",
              "sex": "여성",
              "age": "20대"
            },
            "speechAct": "(지시) 질문하기",
            "morpheme": "그렇/VA+구나/EF+일본어/NNG+쌤/NNG+이/JKS+왜/MAG+싫/VA+었/EP+어/EF"
          },
          {
            "id": 7,
            "text": "2 : 아 맨날 이상한 소리 해서 키키",
            "norm_text": "아 맨날 이상한 소리 해서 키키",
            "speaker": {
              "id": "2번",
              "sex": "여성",
              "age": "20대"
            },
            "speechAct": "(단언) 주장하기",
            "morpheme": "아/IC+맨날/MAG+이상/NNG+한/XSA+ETM+소리/NNG+해서/XSV+EC+키/NNG+키/XSV+ETN"
          },
          {
            "id": 8,
            "text": "1 : 왜 어떤 소리를 쌤이 했는데?",
            "norm_text": "왜 어떤 소리를 쌤이 했는데?",
            "speaker": {
              "id": "1번",
              "sex": "여성",
              "age": "20대"
            },
            "speechAct": "(지시) 질문하기",
            "morpheme": "왜/MAG+어떤/MM+소리/NNG+를/JKO+쌤/NNG+이/JKS+했/VV+EP+는데/EF"
          },
          {
            "id": 9,
            "text": "2 : 그냥 수업만 하면 되는데 아재 개그 하고 키키",
            "norm_text": "그냥 수업만 하면 되는데 아재 개그 하고 키키",
            "speaker": {
              "id": "2번",
              "sex": "여성",
              "age": "20대"
            },
            "speechAct": "(단언) 주장하기",
            "morpheme": "그냥/MAG+수업/NNG+만/JX+하/VV+면/EC+되/VV+는데/EC+아재/NNG+개그/NNG+하/XSV+고/EC+키/NNG+키/XSV+ETN"
          },
          {
            "id": 10,
            "text": "1 : 키키 쌤이 학생들이랑 가까워지고 싶었나 봐!",
            "norm_text": "키키 쌤이 학생들이랑 가까워지고 싶었나 봐!",
            "speaker": {
              "id": "1번",
              "sex": "여성",
              "age": "20대"
            },
            "speechAct": "(단언) 주장하기",
            "morpheme": "키/NNG+키/NNG+쌤/NNG+이/JKS+학생/NNG+들/XSN+이랑/JKB+가까워/VA+EC+지/VX+고/EC+싶/VX+었/EP+나/EC+봐/VX+EF"
          },
          {
            "id": 11,
            "text": "2 : 근데 별로 가까워지지 않았어 키키",
            "norm_text": "근데 별로 가까워지지 않았어 키키",
            "speaker": {
              "id": "2번",
              "sex": "여성",
              "age": "20대"
            },
            "speechAct": "(단언) 주장하기",
            "morpheme": "근데/MAJ+별로/MAG+가까워/VA+EC+지/VX+지/EC+않/VX+았/EP+어/EC+키/NNG+키/XSV+ETN"
          },
          {
            "id": 12,
            "text": "1 : 키키 나 고딩 때도 그런 쌤 있었는데 우리는 다 그 쌤 좋아했음!",
            "norm_text": "키키 나 고딩 때도 그런 쌤 있었는데 우리는 다 그 쌤 좋아했음!",
            "speaker": {
              "id": "1번",
              "sex": "여성",
              "age": "20대"
            },
            "speechAct": "(단언) 주장하기",
            "morpheme": "키/NNG+키나/XSA+ETN+JX+고딩/NNP+때/NNG+도/JX+그런/MM+쌤/NNG+있/VV+었/EP+는데/EC+우리/NP+는/JX+다/MAG+그/MM+쌤/NNG+좋/VA+아/EC+했/VX+EP+음/ETN"
          },
          {
            "id": 13,
            "text": "2 : 오오, 아마 선생님마다 다른가 봐~",
            "norm_text": "오오, 아마 선생님마다 다른가 봐~",
            "speaker": {
              "id": "2번",
              "sex": "여성",
              "age": "20대"
            },
            "speechAct": "(단언) 주장하기",
            "morpheme": "오오/IC+,/SC+아마/MAG+선생/NNG+님/XSN+마다/JX+다른가/VA+EC+봐/VX+EC+~/SY"
          },
          {
            "id": 14,
            "text": "1 : 그러니까 그 쌤도 아재 개그 많이 했는데 항상 밝게 우리한테 대해주셔서 다 좋아했어!",
            "norm_text": "그러니까 그 쌤도 아재 개그 많이 했는데 항상 밝게 우리한테 대해주셔서 다 좋아했어!",
            "speaker": {
              "id": "1번",
              "sex": "여성",
              "age": "20대"
            },
            "speechAct": "(단언) 주장하기",
            "morpheme": "그러니까/MAJ+그/MM+쌤/NNG+도/JX+아재/NNG+개그/NNG+많이/MAG+했/VV+EP+는데/EC+항상/MAG+밝/VA+게/EC+우리/NP+한테/JKB+대해/VV+EC+주/VX+셔서/EP+EC+다/MAG+좋/VA+아/EC+했/VX+EP+어/EF"
          },
          {
            "id": 15,
            "text": "2 : 우리 일본어 선생님 나이가 있어서 그런가 봐",
            "norm_text": "우리 일본어 선생님 나이가 있어서 그런가 봐",
            "speaker": {
              "id": "2번",
              "sex": "여성",
              "age": "20대"
            },
            "speechAct": "(단언) 주장하기",
            "morpheme": "우리/NP+일본어/NNG+선생/NNG+님/XSN+나이/NNG+가/JKS+있/VA+어서/EC+그런가/VA+EC+봐/VX+EC"
          },
          {
            "id": 16,
            "text": "1 : 키키 아니야 이 쌤도 내가 알기론 50대였음!",
            "norm_text": "키키 아니야 이 쌤도 내가 알기론 50대였음!",
            "speaker": {
              "id": "1번",
              "sex": "여성",
              "age": "20대"
            },
            "speechAct": "(단언) 주장하기",
            "morpheme": "키키아니야이쌤도내가알기론/UNKNOWN+50/SN+대/NNBC+였/VCP+EP+음/ETN"
          },
          {
            "id": 17,
            "text": "2 : 그럼 우리 학교가 이상한 건가 봐~",
            "norm_text": "그럼 우리 학교가 이상한 건가 봐~",
            "speaker": {
              "id": "2번",
              "sex": "여성",
              "age": "20대"
            },
            "speechAct": "(단언) 주장하기",
            "morpheme": "그럼/MAJ+우리/NP+학교/NNG+가/JKS+이상/NNG+한/XSA+ETM+건가/NNB+VCP+EC+봐/VX+EC+~/SY"
          }
        ]
      }
    }
  ]
}