{
  "dataset": {
    "identifier": 100510,
    "name": "FACEBOOK_116_04_set",
    "src_path": "/data/file/cubeManager/PROJECT001/77/txt202110291533560398102/FACEBOOK_116_04_set/",
    "label_path": "/data/file/cubeManager/PROJECT001/77/txt202110291533560398102/FACEBOOK_116_04_set/",
    "category": 2,
    "type": 0
  },
  "licenses": {
    "name": "Apache License 1.0",
    "url": "http://www.apache.org/licenses/LICENSE-1.0"
  },
  "info": [
    {
      "id": 110972,
      "filename": "FACEBOOK_116_04.txt",
      "title": "FACEBOOK_116_04",
      "mediatype": "SNS",
      "medianame": "페이스북",
      "category": "일상대화",
      "date": "2021-10-29",
      "size": 419,
      "annotations": {
        "subject": "회사/아르바이트",
        "speaker_type": "1:1",
        "size": 419,
        "word_size": 149,
        "text": "1 : 우리 언니 이번에 카페 알바 시작했거든?\n2 : 카페 알바 꿈의 알바다 ㅠㅠ\n1 : 맞아 키키\n1 : 근데 우리 언니 첫 알바 하는 거란 말이야!\n2 : 아 그럼 좀 미숙하시겠네?\n1 : 어 맞아\n1 : 초반에 엄청 울었음 키키\n2 : 키키 아 사장님이 뭐라고 하셔서?\n1 : 아니\n1 : 손님이 엄청 많아서 키키\n2 : 키키 카페에 손님 많으면 미쳐 ㅠㅠ\n1 : 맞아\n1 : 언니네는 특히 어린 손님들이 많대!\n2 : 개인 카페 아니고 프랜차이즈 카페야?\n1 : 어 맞아\n1 : 그 저려미 카페 있잖아 양도 많고 가격도 싸고!\n2 : 더 벤티?\n2 : 그건가?\n2 : 어떤 카페지?\n1 : 아니\n1 : 기억이 안 나는데 약간 그런 곳!\n2 : 저렴한 카페는 사람이 엄청 많아\n1 : 맞아\n1 : 한 사람이 들어오는데 기본 10잔 시켜서 간대 키키\n2 : 아 그거 생각만 해도 최악이다",
        "lines": [
          {
            "id": 1,
            "text": "1 : 우리 언니 이번에 카페 알바 시작했거든?",
            "norm_text": "우리 언니 이번에 카페 알바 시작했거든?",
            "speaker": {
              "id": "1번",
              "sex": "여성",
              "age": "20대"
            },
            "speechAct": "(단언) 진술하기",
            "morpheme": "우리/NP+언니/NNG+이번/NNG+에/JKB+카페/NNG+알바/NNP+시작/NNG+했/XSV+EP+거든/EF"
          },
          {
            "id": 2,
            "text": "2 : 카페 알바 꿈의 알바다 ㅠㅠ",
            "norm_text": "카페 알바 꿈의 알바다 ㅠㅠ",
            "speaker": {
              "id": "2번",
              "sex": "여성",
              "age": "20대"
            },
            "speechAct": "(단언) 주장하기",
            "morpheme": "카페/NNP+알바/NNP+꿈/NNG+의/JKG+알/NNG+바다/NNG+ㅠㅠ/UNKNOWN"
          },
          {
            "id": 3,
            "text": "1 : 맞아 키키",
            "norm_text": "맞아 키키",
            "speaker": {
              "id": "1번",
              "sex": "여성",
              "age": "20대"
            },
            "speechAct": "(단언) 주장하기",
            "morpheme": "맞/VV+아/EC+키/NNG+키/XSV+ETN"
          },
          {
            "id": 4,
            "text": "1 : 근데 우리 언니 첫 알바 하는 거란 말이야!",
            "norm_text": "근데 우리 언니 첫 알바 하는 거란 말이야!",
            "speaker": {
              "id": "1번",
              "sex": "여성",
              "age": "20대"
            },
            "speechAct": "(단언) 주장하기",
            "morpheme": "근데/MAJ+우리/NP+언니/NNG+첫/MM+알/VV+ETM+바/NNB+하/VV+는/ETM+거/NNB+란/VCP+ETM+말/NNG+이/VCP+야/EF"
          },
          {
            "id": 5,
            "text": "2 : 아 그럼 좀 미숙하시겠네?",
            "norm_text": "아 그럼 좀 미숙하시겠네?",
            "speaker": {
              "id": "2번",
              "sex": "여성",
              "age": "20대"
            },
            "speechAct": "(지시) 질문하기",
            "morpheme": "아/IC+그럼/MAJ+좀/MAG+미숙/NNG+하/XSV+시/EP+겠/EP+네/EF"
          },
          {
            "id": 6,
            "text": "1 : 어 맞아",
            "norm_text": "어 맞아",
            "speaker": {
              "id": "1번",
              "sex": "여성",
              "age": "20대"
            },
            "speechAct": "(단언) 주장하기",
            "morpheme": "어/IC+맞/VV+아/EC"
          },
          {
            "id": 7,
            "text": "1 : 초반에 엄청 울었음 키키",
            "norm_text": "초반에 엄청 울었음 키키",
            "speaker": {
              "id": "1번",
              "sex": "여성",
              "age": "20대"
            },
            "speechAct": "(단언) 진술하기",
            "morpheme": "초반/NNG+에/JKB+엄청/MAG+울/VV+었/EP+음/ETN+키/NNG+키/XSV+ETN"
          },
          {
            "id": 8,
            "text": "2 : 키키 아 사장님이 뭐라고 하셔서?",
            "norm_text": "키키 아 사장님이 뭐라고 하셔서?",
            "speaker": {
              "id": "2번",
              "sex": "여성",
              "age": "20대"
            },
            "speechAct": "(지시) 질문하기",
            "morpheme": "키/NNG+키/VV+아/EC+사장/NNG+님/XSN+이/JKS+뭐/NP+라고/VCP+EC+하/VX+셔서/EP+EF"
          },
          {
            "id": 9,
            "text": "1 : 아니",
            "norm_text": "아니",
            "speaker": {
              "id": "1번",
              "sex": "여성",
              "age": "20대"
            },
            "speechAct": "(단언) 주장하기",
            "morpheme": "아니/IC"
          },
          {
            "id": 10,
            "text": "1 : 손님이 엄청 많아서 키키",
            "norm_text": "손님이 엄청 많아서 키키",
            "speaker": {
              "id": "1번",
              "sex": "여성",
              "age": "20대"
            },
            "speechAct": "(단언) 주장하기",
            "morpheme": "손/NNG+님/XSN+이/JKS+엄청/MAG+많/VA+아서/EC+키/NNG+키/XSV+ETN"
          },
          {
            "id": 11,
            "text": "2 : 키키 카페에 손님 많으면 미쳐 ㅠㅠ",
            "norm_text": "키키 카페에 손님 많으면 미쳐 ㅠㅠ",
            "speaker": {
              "id": "2번",
              "sex": "여성",
              "age": "20대"
            },
            "speechAct": "(단언) 주장하기",
            "morpheme": "키/NNG+키/NNG+카페/NNG+에/JKB+손/NNG+님/XSN+많/VA+으면/EC+미쳐/VV+EC+ㅠㅠ/UNKNOWN"
          },
          {
            "id": 12,
            "text": "1 : 맞아",
            "norm_text": "맞아",
            "speaker": {
              "id": "1번",
              "sex": "여성",
              "age": "20대"
            },
            "speechAct": "(단언) 주장하기",
            "morpheme": "맞/VV+아/EC"
          },
          {
            "id": 13,
            "text": "1 : 언니네는 특히 어린 손님들이 많대!",
            "norm_text": "언니네는 특히 어린 손님들이 많대!",
            "speaker": {
              "id": "1번",
              "sex": "여성",
              "age": "20대"
            },
            "speechAct": "(단언) 주장하기",
            "morpheme": "언니네/NNP+는/JX+특히/MAG+어린/VA+ETM+손님/NNG+들/XSN+이/JKS+많/VA+대/EF"
          },
          {
            "id": 14,
            "text": "2 : 개인 카페 아니고 프랜차이즈 카페야?",
            "norm_text": "개인 카페 아니고 프랜차이즈 카페야?",
            "speaker": {
              "id": "2번",
              "sex": "여성",
              "age": "20대"
            },
            "speechAct": "(지시) 질문하기",
            "morpheme": "개인/NNG+카페/NNG+아니/VCN+고/EC+프랜차이즈/NNG+카페/NNG+야/VCP+EF"
          },
          {
            "id": 15,
            "text": "1 : 어 맞아",
            "norm_text": "어 맞아",
            "speaker": {
              "id": "1번",
              "sex": "여성",
              "age": "20대"
            },
            "speechAct": "(단언) 주장하기",
            "morpheme": "어/IC+맞/VV+아/EC"
          },
          {
            "id": 16,
            "text": "1 : 그 저려미 카페 있잖아 양도 많고 가격도 싸고!",
            "norm_text": "그 저려미 카페 있잖아 양도 많고 가격도 싸고!",
            "speaker": {
              "id": "1번",
              "sex": "여성",
              "age": "20대"
            },
            "speechAct": "(단언) 주장하기",
            "morpheme": "그/MM+저려/NNG+미/NNP+카페/NNG+있/VV+잖/EC+아양/NNG+도/JX+많/VA+고/EC+가격/NNG+도/JX+싸/VA+고/EC"
          },
          {
            "id": 17,
            "text": "2 : 더 벤티?",
            "norm_text": "더 벤티?",
            "speaker": {
              "id": "2번",
              "sex": "여성",
              "age": "20대"
            },
            "speechAct": "(지시) 질문하기",
            "morpheme": "더/MAG+벤/VV+ETM+티/NNG"
          },
          {
            "id": 18,
            "text": "2 : 그건가?",
            "norm_text": "그건가?",
            "speaker": {
              "id": "2번",
              "sex": "여성",
              "age": "20대"
            },
            "speechAct": "(지시) 질문하기",
            "morpheme": "그건가/NP+VCP+EF"
          },
          {
            "id": 19,
            "text": "2 : 어떤 카페지?",
            "norm_text": "어떤 카페지?",
            "speaker": {
              "id": "2번",
              "sex": "여성",
              "age": "20대"
            },
            "speechAct": "(지시) 질문하기",
            "morpheme": "어떤/MM+카페/NNG+지/VCP+EF"
          },
          {
            "id": 20,
            "text": "1 : 아니",
            "norm_text": "아니",
            "speaker": {
              "id": "1번",
              "sex": "여성",
              "age": "20대"
            },
            "speechAct": "(단언) 주장하기",
            "morpheme": "아니/IC"
          },
          {
            "id": 21,
            "text": "1 : 기억이 안 나는데 약간 그런 곳!",
            "norm_text": "기억이 안 나는데 약간 그런 곳!",
            "speaker": {
              "id": "1번",
              "sex": "여성",
              "age": "20대"
            },
            "speechAct": "(단언) 주장하기",
            "morpheme": "기억/NNG+이/JKS+안/MAG+나/VV+는데/EC+약간/MAG+그런/MM+곳/NNB"
          },
          {
            "id": 22,
            "text": "2 : 저렴한 카페는 사람이 엄청 많아",
            "norm_text": "저렴한 카페는 사람이 엄청 많아",
            "speaker": {
              "id": "2번",
              "sex": "여성",
              "age": "20대"
            },
            "speechAct": "(단언) 주장하기",
            "morpheme": "저렴/XR+한/XSA+ETM+카페/NNG+는/JX+사람/NNG+이/JKS+엄청/MAG+많/VA+아/EC"
          },
          {
            "id": 23,
            "text": "1 : 맞아",
            "norm_text": "맞아",
            "speaker": {
              "id": "1번",
              "sex": "여성",
              "age": "20대"
            },
            "speechAct": "(단언) 주장하기",
            "morpheme": "맞/VV+아/EC"
          },
          {
            "id": 24,
            "text": "1 : 한 사람이 들어오는데 기본 10잔 시켜서 간대 키키",
            "norm_text": "한 사람이 들어오는데 기본 10잔 시켜서 간대 키키",
            "speaker": {
              "id": "1번",
              "sex": "여성",
              "age": "20대"
            },
            "speechAct": "(단언) 진술하기",
            "morpheme": "한/MM+사람/NNG+이/JKS+들어오/VV+는데/EC+기본/NNG+10/SN+잔/NNG+시켜서/XSV+EC+간대/VV+EC+키/NNG+키/XSV+ETN"
          },
          {
            "id": 25,
            "text": "2 : 아 그거 생각만 해도 최악이다",
            "norm_text": "아 그거 생각만 해도 최악이다",
            "speaker": {
              "id": "2번",
              "sex": "여성",
              "age": "20대"
            },
            "speechAct": "(단언) 주장하기",
            "morpheme": "아/IC+그거/NP+생각/NNG+만/JX+해도/VV+EC+최악/NNG+이/VCP+다/EC"
          }
        ]
      }
    }
  ]
}