{
  "dataset": {
    "identifier": 112296,
    "name": "FACEBOOK_112_20_set",
    "src_path": "/data/file/cubeManager/PROJECT001/80/txt20211103154237036392/FACEBOOK_112_20_set/",
    "label_path": "/data/file/cubeManager/PROJECT001/80/txt20211103154237036392/FACEBOOK_112_20_set/",
    "category": 2,
    "type": 0
  },
  "licenses": {
    "name": "Apache License 1.0",
    "url": "http://www.apache.org/licenses/LICENSE-1.0"
  },
  "info": [
    {
      "id": 135355,
      "filename": "FACEBOOK_112_20.txt",
      "title": "FACEBOOK_112_20",
      "mediatype": "SNS",
      "medianame": "페이스북",
      "category": "일상대화",
      "date": "2021-11-03",
      "size": 422,
      "annotations": {
        "subject": "영화/만화",
        "speaker_type": "1:1",
        "size": 422,
        "word_size": 138,
        "text": "1 : 넷플에 이누야샤가 사라졌다니! 이럴 수는 없어!\n2 : 진짜 너무해\n2 : 있다며 찾았는뎅...\n1 : 근데 어제 분명히 내가 1기~4기 이런 거 봤단 말이야!\n2 : 거짓말! 나 진짜 바로 찾았다고\n1 : 키키 나는 어제 언니랑 얘기하면서 찾았다규!\n2 : 근데 다시 올려질라고 하는 거 같긴 하더라\n1 : 그때까지 존버를 해 보자 나올 거야!\n2 : 알겠어 꼭 보고 말꺼야 설렜는데 키키\n1 : 키키 그거 보고 이제 이누야샤 2기편 보면 진짜 찐행복!\n2 : 맞아 우리 후기 공유하자 키키\n1 : 오 좋지 키키\n1 ; 지금 이누야샤 애들 나오는 건 1기 방영 다 끝났대!\n2 : 근데 너 2기편 다봤어?\n1 : 아니 그거는 아직 애니로 안 나왔대!\n2 : 애니 아니면 지금 뭐야?\n1 : 아 지금은 휴식기?\n1 : 이제 2기 만드는 중이겠지?\n2 : 빨리 나왔음 좋겠다 기대돼",
        "lines": [
          {
            "id": 1,
            "text": "1 : 넷플에 이누야샤가 사라졌다니! 이럴 수는 없어!",
            "norm_text": "넷플에 이누야샤가 사라졌다니! 이럴 수는 없어!",
            "speaker": {
              "id": "1번",
              "sex": "여성",
              "age": "20대"
            },
            "speechAct": "(단언) 진술하기",
            "morpheme": "넷/NR+플/NNG+에/JKB+이누야샤/NNP+가/JKS+사라졌/VV+EP+다니/EF+이럴/VA+ETM+수/NNB+는/JX+없/VA+어/EF"
          },
          {
            "id": 2,
            "text": "2 : 진짜 너무해",
            "norm_text": "진짜 너무해",
            "speaker": {
              "id": "2번",
              "sex": "여성",
              "age": "20대"
            },
            "speechAct": "(단언) 주장하기",
            "morpheme": "진짜/MAG+너무/MAG+해/VV+EC"
          },
          {
            "id": 3,
            "text": "2 : 있다며 찾았는뎅...",
            "norm_text": "있다며 찾았는뎅...",
            "speaker": {
              "id": "2번",
              "sex": "여성",
              "age": "20대"
            },
            "speechAct": "(단언) 주장하기",
            "morpheme": "있/VA+다며/EC+찾/VV+았/EP+는/ETM+뎅/MAG+./SY"
          },
          {
            "id": 4,
            "text": "1 : 근데 어제 분명히 내가 1기~4기 이런 거 봤단 말이야!",
            "norm_text": "근데 어제 분명히 내가 1기~4기 이런 거 봤단 말이야!",
            "speaker": {
              "id": "1번",
              "sex": "여성",
              "age": "20대"
            },
            "speechAct": "(단언) 진술하기",
            "morpheme": "근데/MAJ+어제/MAG+분명히/MAG+내/NP+가/JKS+1/SN+기/ETN+~/SY+4/SN+기/NNBC+이런/MM+거/NNB+봤/VV+EP+단/ETM+말/NNG+이/VCP+야/EF"
          },
          {
            "id": 5,
            "text": "2 : 거짓말! 나 진짜 바로 찾았다고",
            "norm_text": "거짓말! 나 진짜 바로 찾았다고",
            "speaker": {
              "id": "2번",
              "sex": "여성",
              "age": "20대"
            },
            "speechAct": "(단언) 진술하기",
            "morpheme": "거짓말/NNG+나/NP+진짜/MAG+바로/MAG+찾/VV+았/EP+다고/EC"
          },
          {
            "id": 6,
            "text": "1 : 키키 나는 어제 언니랑 얘기하면서 찾았다규!",
            "norm_text": "키키 나는 어제 언니랑 얘기하면서 찾았다규!",
            "speaker": {
              "id": "1번",
              "sex": "여성",
              "age": "20대"
            },
            "speechAct": "(단언) 주장하기",
            "morpheme": "키/NNG+키나/XSA+ETN+JX+는/JX+어제/MAG+언니/NNG+랑/JKB+얘기/NNG+하/XSV+면서/EC+찾/VV+았/EP+다/EC+규/NNG"
          },
          {
            "id": 7,
            "text": "2 : 근데 다시 올려질라고 하는 거 같긴 하더라",
            "norm_text": "근데 다시 올려질라고 하는 거 같긴 하더라",
            "speaker": {
              "id": "2번",
              "sex": "여성",
              "age": "20대"
            },
            "speechAct": "(단언) 주장하기",
            "morpheme": "근데/MAJ+다시/MAG+올려질/VV+EC+라고/JKQ+하/VV+는/ETM+거/NNB+같/VA+긴/ETN+JX+하/VX+더라/EC"
          },
          {
            "id": 8,
            "text": "1 : 그때까지 존버를 해 보자 나올 거야!",
            "norm_text": "그때까지 존버를 해 보자 나올 거야!",
            "speaker": {
              "id": "1번",
              "sex": "여성",
              "age": "20대"
            },
            "speechAct": "(단언) 주장하기",
            "morpheme": "그때/NNG+까지/JX+존/NNP+버/NNP+를/JKO+해/VV+EC+보/VX+자/EC+나올/VV+ETM+거/NNB+야/VCP+EF"
          },
          {
            "id": 9,
            "text": "2 : 알겠어 꼭 보고 말꺼야 설렜는데 키키",
            "norm_text": "알겠어 꼭 보고 말꺼야 설렜는데 키키",
            "speaker": {
              "id": "2번",
              "sex": "여성",
              "age": "20대"
            },
            "speechAct": "(단언) 주장하기",
            "morpheme": "알/VV+겠/EP+어/EF+꼭/MAG+보/VV+고/EC+말/NNG+꺼야/VV+EC+설렜/VV+EP+는데/EC+키/NNG+키/XSV+ETN"
          },
          {
            "id": 10,
            "text": "1 : 키키 그거 보고 이제 이누야샤 2기편 보면 진짜 찐행복!",
            "norm_text": "키키 그거 보고 이제 이누야샤 2기편 보면 진짜 찐행복!",
            "speaker": {
              "id": "1번",
              "sex": "여성",
              "age": "20대"
            },
            "speechAct": "(단언) 진술하기",
            "morpheme": "키/NNG+키/XSV+ETN+그거/NP+보고/JKB+이제/MAG+이누야샤/NNP+2/SN+기편/NNG+보/VV+면/EC+진짜/MAG+찐/VV+ETM+행복/NNG"
          },
          {
            "id": 11,
            "text": "2 : 맞아 우리 후기 공유하자 키키",
            "norm_text": "맞아 우리 후기 공유하자 키키",
            "speaker": {
              "id": "2번",
              "sex": "여성",
              "age": "20대"
            },
            "speechAct": "(단언) 주장하기",
            "morpheme": "맞/VV+아/EC+우리/NP+후기/NNG+공유/NNG+하/XSV+자/EC+키/NNG+키/XSV+ETN"
          },
          {
            "id": 12,
            "text": "1 : 오 좋지 키키",
            "norm_text": "오 좋지 키키",
            "speaker": {
              "id": "1번",
              "sex": "여성",
              "age": "20대"
            },
            "speechAct": "턴토크 사인(관습적 반응)",
            "morpheme": "오/NR+좋/VA+지/EC+키/NNG+키/XSV+ETN"
          },
          {
            "id": 13,
            "text": "1 ; 지금 이누야샤 애들 나오는 건 1기 방영 다 끝났대!",
            "norm_text": "지금 이누야샤 애들 나오는 건 1기 방영 다 끝났대!",
            "speaker": {
              "id": "1번",
              "sex": "여성",
              "age": "20대"
            },
            "speechAct": "(단언) 진술하기",
            "morpheme": "지금/MAG+이누야샤/NNP+애/NNG+들/XSN+나오/VV+는/ETM+건/NNB+JX+1/SN+기/NNBC+방영/NNG+다/MAG+끝/NNG+났/VV+EP+대/EF"
          },
          {
            "id": 14,
            "text": "2 : 근데 너 2기편 다봤어?",
            "norm_text": "근데 너 2기편 다봤어?",
            "speaker": {
              "id": "2번",
              "sex": "여성",
              "age": "20대"
            },
            "speechAct": "(지시) 질문하기",
            "morpheme": "근데/MAJ+너/NP+2/SN+기편/NNG+다/MAG+봤/VV+EP+어/EF"
          },
          {
            "id": 15,
            "text": "1 : 아니 그거는 아직 애니로 안 나왔대!",
            "norm_text": "아니 그거는 아직 애니로 안 나왔대!",
            "speaker": {
              "id": "1번",
              "sex": "여성",
              "age": "20대"
            },
            "speechAct": "(단언) 진술하기",
            "morpheme": "아니/IC+그거/NP+는/JX+아직/MAG+애니/NNP+로/JKB+안/MAG+나왔/VV+EP+대/EF"
          },
          {
            "id": 16,
            "text": "2 : 애니 아니면 지금 뭐야?",
            "norm_text": "애니 아니면 지금 뭐야?",
            "speaker": {
              "id": "2번",
              "sex": "여성",
              "age": "20대"
            },
            "speechAct": "(지시) 질문하기",
            "morpheme": "애/NNG+니/VCP+EC+아니/VCN+면/EC+지금/MAG+뭐/NP+야/VCP+EF"
          },
          {
            "id": 17,
            "text": "1 : 아 지금은 휴식기?",
            "norm_text": "아 지금은 휴식기?",
            "speaker": {
              "id": "1번",
              "sex": "여성",
              "age": "20대"
            },
            "speechAct": "(지시) 질문하기",
            "morpheme": "아/IC+지금/MAG+은/JX+휴식기/NNG"
          },
          {
            "id": 18,
            "text": "1 : 이제 2기 만드는 중이겠지?",
            "norm_text": "이제 2기 만드는 중이겠지?",
            "speaker": {
              "id": "1번",
              "sex": "여성",
              "age": "20대"
            },
            "speechAct": "(단언) 주장하기",
            "morpheme": "이제/MAG+2/SN+기/ETN+만드/VV+는/ETM+중/NNB+이/VCP+겠/EP+지/EF"
          },
          {
            "id": 19,
            "text": "2 : 빨리 나왔음 좋겠다 기대돼",
            "norm_text": "빨리 나왔음 좋겠다 기대돼",
            "speaker": {
              "id": "2번",
              "sex": "여성",
              "age": "20대"
            },
            "speechAct": "(단언) 진술하기",
            "morpheme": "빨리/MAG+나왔/VV+EP+음/ETN+좋/VA+겠/EP+다/EC+기대/NNG+돼/XSV+EC"
          }
        ]
      }
    }
  ]
}