{
  "dataset": {
    "identifier": 98039,
    "name": "FACEBOOK_101_10_set",
    "src_path": "/data/file/cubeManager/PROJECT001/77/txt202110271522100464105/FACEBOOK_101_10_set/",
    "label_path": "/data/file/cubeManager/PROJECT001/77/txt202110271522100464105/FACEBOOK_101_10_set/",
    "category": 2,
    "type": 0
  },
  "licenses": {
    "name": "Apache License 1.0",
    "url": "http://www.apache.org/licenses/LICENSE-1.0"
  },
  "info": [
    {
      "id": 99351,
      "filename": "FACEBOOK_101_10.txt",
      "title": "FACEBOOK_101_10",
      "mediatype": "SNS",
      "medianame": "페이스북",
      "category": "일상대화",
      "date": "2021-10-27",
      "size": 446,
      "annotations": {
        "subject": "스포츠/레저",
        "speaker_type": "1:1",
        "size": 446,
        "word_size": 157,
        "text": "1 : 언니 요즘 운동하고 있는 거 맞아?\n2 : 나 요새 운동 안 해\n2 : 살 엄청 찜\n1 : 키키 근데 겨울에는 많이 먹어줘야 해~\n2 : 근데 운동 해야지\n2 : 요가라도 해야지..\n1 : 키키 언니 요가 배운 적 있어?\n2 : 그치\n2 : 난 요가 아님 필라테스만 해\n1 : 와 진짜?\n1 : 요가랑 필테랑 뭐가 더 좋아?\n2 : 필라테스가 더 좋다는데 시간대가 안 맞아ㅠ\n1 : 그렇구나 ㅜㅜ\n1 : 필테는 몇 시에 시작하는데?\n2 : 필테는 여덟시\n2 : 나 퇴근 일곱시라 안 맞아\n1 : 그렇구나\n1 : 언니가 다녔던 필테는 기구 이용해서 하는 곳이야?\n2 : 기구도 있었고 최근에 했던 데는 기구 아니었어\n1 : 근데 필테는 기구 운동으로 거의 다 하는 거 아니야?\n2 : 마져\n2 : 기구가 좋은 거 같은데 안 맞네 시간이\n1 : 키키 그렇구나 ㅜㅜ\n1 : 언니 필테 언제부터 배웠어?\n2 : 나는 필테는 거의 삼년 정도?",
        "lines": [
          {
            "id": 1,
            "text": "1 : 언니 요즘 운동하고 있는 거 맞아?",
            "norm_text": "언니 요즘 운동하고 있는 거 맞아?",
            "speaker": {
              "id": "1번",
              "sex": "여성",
              "age": "20대"
            },
            "speechAct": "(지시) 질문하기",
            "morpheme": "언니/NNG+요즘/NNG+운동/NNG+하/XSV+고/EC+있/VX+는/ETM+거/NNB+맞/VV+아/EF"
          },
          {
            "id": 2,
            "text": "2 : 나 요새 운동 안 해",
            "norm_text": "나 요새 운동 안 해",
            "speaker": {
              "id": "2번",
              "sex": "여성",
              "age": "20대"
            },
            "speechAct": "(단언) 진술하기",
            "morpheme": "나/NP+요/JX+새운/VV+ETM+동안/NNG+해/XSV+EC"
          },
          {
            "id": 3,
            "text": "2 : 살 엄청 찜",
            "norm_text": "살 엄청 찜",
            "speaker": {
              "id": "2번",
              "sex": "여성",
              "age": "20대"
            },
            "speechAct": "(단언) 주장하기",
            "morpheme": "살/NNG+엄청/MAG+찜/NNG"
          },
          {
            "id": 4,
            "text": "1 : 키키 근데 겨울에는 많이 먹어줘야 해~",
            "norm_text": "키키 근데 겨울에는 많이 먹어줘야 해~",
            "speaker": {
              "id": "1번",
              "sex": "여성",
              "age": "20대"
            },
            "speechAct": "(단언) 주장하기",
            "morpheme": "키/NNG+키/XSV+ETN+근데/MAJ+겨울/NNG+에/JKB+는/JX+많이/MAG+먹/VV+어/EC+줘야해/VX+EC+VX+EC+~/SY"
          },
          {
            "id": 5,
            "text": "2 : 근데 운동 해야지",
            "norm_text": "근데 운동 해야지",
            "speaker": {
              "id": "2번",
              "sex": "여성",
              "age": "20대"
            },
            "speechAct": "(단언) 주장하기",
            "morpheme": "근데/MAJ+운동/NNG+해야지/XSV+EC"
          },
          {
            "id": 6,
            "text": "2 : 요가라도 해야지..",
            "norm_text": "요가라도 해야지..",
            "speaker": {
              "id": "2번",
              "sex": "여성",
              "age": "20대"
            },
            "speechAct": "(단언) 주장하기",
            "morpheme": "요가/NNG+라도/VCP+EC+해야지/VX+EC+./SY"
          },
          {
            "id": 7,
            "text": "1 : 키키 언니 요가 배운 적 있어?",
            "norm_text": "키키 언니 요가 배운 적 있어?",
            "speaker": {
              "id": "1번",
              "sex": "여성",
              "age": "20대"
            },
            "speechAct": "(지시) 질문하기",
            "morpheme": "키/NNG+키/NNG+언니/NNG+요가/NNG+배운/VV+ETM+적/NNB+있/VA+어/EF"
          },
          {
            "id": 8,
            "text": "2 : 그치",
            "norm_text": "그치",
            "speaker": {
              "id": "2번",
              "sex": "여성",
              "age": "20대"
            },
            "speechAct": "(단언) 주장하기",
            "morpheme": "그치/IC"
          },
          {
            "id": 9,
            "text": "2 : 난 요가 아님 필라테스만 해",
            "norm_text": "난 요가 아님 필라테스만 해",
            "speaker": {
              "id": "2번",
              "sex": "여성",
              "age": "20대"
            },
            "speechAct": "(단언) 진술하기",
            "morpheme": "난요/NNP+가/JKC+아님/VCN+ETN+필라테스/NNP+만/JX+해/VV+EC"
          },
          {
            "id": 10,
            "text": "1 : 와 진짜?",
            "norm_text": "와 진짜?",
            "speaker": {
              "id": "1번",
              "sex": "여성",
              "age": "20대"
            },
            "speechAct": "턴토크 사인(관습적 반응)",
            "morpheme": "와/IC+진짜/MAG"
          },
          {
            "id": 11,
            "text": "1 : 요가랑 필테랑 뭐가 더 좋아?",
            "norm_text": "요가랑 필테랑 뭐가 더 좋아?",
            "speaker": {
              "id": "1번",
              "sex": "여성",
              "age": "20대"
            },
            "speechAct": "(지시) 질문하기",
            "morpheme": "요가/NNG+랑/JKB+필/VV+ETM+테/NNB+VCP+랑/EC+뭐/NP+가/JKS+더/MAG+좋/VA+아/EF"
          },
          {
            "id": 12,
            "text": "2 : 필라테스가 더 좋다는데 시간대가 안 맞아ㅠ",
            "norm_text": "필라테스가 더 좋다는데 시간대가 안 맞아ㅠ",
            "speaker": {
              "id": "2번",
              "sex": "여성",
              "age": "20대"
            },
            "speechAct": "(단언) 주장하기",
            "morpheme": "필라테스/NNP+가/JKS+더/MAG+좋/VA+다는데/EC+시간대/NNG+가/JKS+안/MAG+맞/VV+아/EC+ㅠ/UNKNOWN"
          },
          {
            "id": 13,
            "text": "1 : 그렇구나 ㅜㅜ",
            "norm_text": "그렇구나 ㅜㅜ",
            "speaker": {
              "id": "1번",
              "sex": "여성",
              "age": "20대"
            },
            "speechAct": "(단언) 주장하기",
            "morpheme": "그렇구나ㅜㅜ/UNKNOWN"
          },
          {
            "id": 14,
            "text": "1 : 필테는 몇 시에 시작하는데?",
            "norm_text": "필테는 몇 시에 시작하는데?",
            "speaker": {
              "id": "1번",
              "sex": "여성",
              "age": "20대"
            },
            "speechAct": "(지시) 질문하기",
            "morpheme": "필/VV+ETM+테/NNB+는/JX+몇/MM+시/NNBC+에/JKB+시작/NNG+하/XSV+는데/EC"
          },
          {
            "id": 15,
            "text": "2 : 필테는 여덟시",
            "norm_text": "필테는 여덟시",
            "speaker": {
              "id": "2번",
              "sex": "여성",
              "age": "20대"
            },
            "speechAct": "(단언) 주장하기",
            "morpheme": "필/VV+ETM+테/NNB+는/JX+여덟/NR+시/NNBC"
          },
          {
            "id": 16,
            "text": "2 : 나 퇴근 일곱시라 안 맞아",
            "norm_text": "나 퇴근 일곱시라 안 맞아",
            "speaker": {
              "id": "2번",
              "sex": "여성",
              "age": "20대"
            },
            "speechAct": "(단언) 주장하기",
            "morpheme": "나/NP+퇴근/NNG+일곱/NR+시/NNBC+라/VCP+EC+안/MAG+맞/VV+아/EC"
          },
          {
            "id": 17,
            "text": "1 : 그렇구나",
            "norm_text": "그렇구나",
            "speaker": {
              "id": "1번",
              "sex": "여성",
              "age": "20대"
            },
            "speechAct": "(단언) 주장하기",
            "morpheme": "그렇/VA+구나/EC"
          },
          {
            "id": 18,
            "text": "1 : 언니가 다녔던 필테는 기구 이용해서 하는 곳이야?",
            "norm_text": "언니가 다녔던 필테는 기구 이용해서 하는 곳이야?",
            "speaker": {
              "id": "1번",
              "sex": "여성",
              "age": "20대"
            },
            "speechAct": "(지시) 질문하기",
            "morpheme": "언니/NNG+가/JKS+다녔/VV+EP+던/ETM+필/NNG+테/NNG+는/JX+기구/NNG+이용/NNG+해서/XSV+EC+하/VV+는/ETM+곳/NNG+이/VCP+야/EF"
          },
          {
            "id": 19,
            "text": "2 : 기구도 있었고 최근에 했던 데는 기구 아니었어",
            "norm_text": "기구도 있었고 최근에 했던 데는 기구 아니었어",
            "speaker": {
              "id": "2번",
              "sex": "여성",
              "age": "20대"
            },
            "speechAct": "(단언) 주장하기",
            "morpheme": "기구/NNG+도/JX+있/VA+었/EP+고/EC+최근/NNG+에/JKB+했/VV+EP+던/ETM+데/NNB+는/JX+기구/NNG+아니/VCN+었/EP+어/EC"
          },
          {
            "id": 20,
            "text": "1 : 근데 필테는 기구 운동으로 거의 다 하는 거 아니야?",
            "norm_text": "근데 필테는 기구 운동으로 거의 다 하는 거 아니야?",
            "speaker": {
              "id": "1번",
              "sex": "여성",
              "age": "20대"
            },
            "speechAct": "(지시) 질문하기",
            "morpheme": "근데/MAJ+필/VV+ETM+테/NNB+는/JX+기구/NNG+운동/NNG+으로/JKB+거의/MAG+다/MAG+하/VV+는/ETM+거/NNB+아니/VCN+야/EF"
          },
          {
            "id": 21,
            "text": "2 : 마져",
            "norm_text": "마져",
            "speaker": {
              "id": "2번",
              "sex": "여성",
              "age": "20대"
            },
            "speechAct": "(단언) 주장하기",
            "morpheme": "마져/MAG"
          },
          {
            "id": 22,
            "text": "2 : 기구가 좋은 거 같은데 안 맞네 시간이",
            "norm_text": "기구가 좋은 거 같은데 안 맞네 시간이",
            "speaker": {
              "id": "2번",
              "sex": "여성",
              "age": "20대"
            },
            "speechAct": "(단언) 주장하기",
            "morpheme": "기구/NNG+가/JKS+좋/VA+은/ETM+거/NNB+같/VA+은데/EC+안/MAG+맞/VV+네/EF+시간/NNG+이/JKS"
          },
          {
            "id": 23,
            "text": "1 : 키키 그렇구나 ㅜㅜ",
            "norm_text": "키키 그렇구나 ㅜㅜ",
            "speaker": {
              "id": "1번",
              "sex": "여성",
              "age": "20대"
            },
            "speechAct": "(단언) 주장하기",
            "morpheme": "키키그렇구나ㅜㅜ/UNKNOWN"
          },
          {
            "id": 24,
            "text": "1 : 언니 필테 언제부터 배웠어?",
            "norm_text": "언니 필테 언제부터 배웠어?",
            "speaker": {
              "id": "1번",
              "sex": "여성",
              "age": "20대"
            },
            "speechAct": "(지시) 질문하기",
            "morpheme": "언니/NNG+필/VV+ETM+테/NNB+VCP+언제/NP+부터/JX+배웠/VV+EP+어/EF"
          },
          {
            "id": 25,
            "text": "2 : 나는 필테는 거의 삼년 정도?",
            "norm_text": "나는 필테는 거의 삼년 정도?",
            "speaker": {
              "id": "2번",
              "sex": "여성",
              "age": "20대"
            },
            "speechAct": "(단언) 진술하기",
            "morpheme": "나/NP+는/JX+필/VV+ETM+테/NNB+는/JX+거의/MAG+삼/NR+년/NNBC+정도/NNG"
          }
        ]
      }
    }
  ]
}