{
  "dataset": {
    "identifier": 117011,
    "name": "FACEBOOK_119_08_set",
    "src_path": "/data/file/cubeManager/PROJECT001/80/txt20211102103850071086/FACEBOOK_119_08_set/",
    "label_path": "/data/file/cubeManager/PROJECT001/80/txt20211102103850071086/FACEBOOK_119_08_set/",
    "category": 2,
    "type": 0
  },
  "licenses": {
    "name": "Apache License 1.0",
    "url": "http://www.apache.org/licenses/LICENSE-1.0"
  },
  "info": [
    {
      "id": 129771,
      "filename": "FACEBOOK_119_08.txt",
      "title": "FACEBOOK_119_08",
      "mediatype": "SNS",
      "medianame": "페이스북",
      "category": "일상대화",
      "date": "2021-11-02",
      "size": 462,
      "annotations": {
        "subject": "연애/결혼",
        "speaker_type": "1:1",
        "size": 462,
        "word_size": 153,
        "text": "1 : 언니는 지금 만나는 사람 어때~?\n2 : 지금 만나는 사람 마음에 안 들지만 괜찮아\n1 : 키키 나도 남친 마음에 안 드는데 괜찮아~!\n2 : 너 지금 남친이랑 같이 있다고 하지 않았어?\n1 : 키키 응 지금 목욕하러 갔어~\n2 : 아 그래서 지금 욕 하는 거구나?\n1 : 키키 아니야~ 욕이라니~ 나는 그런 거 할 줄 몰라~\n2 : 무슨 소리야 방금 마음에 안 든다고 한 거 같은데~\n1 : 키키 결국에 괜찮다고 얘기했잖아~ 좋다는 거지~\n2 : 키키 그래도 너 오래 만나서 애인 없으면 이상할 듯\n1 : 맞아 ㅜㅜ 이제 애인 없으면 더 우울해질 거 같아 ㅜ\n2 : 너는 그냥 애인이 아니라 가족 아니야? 키키\n1 : 맞아 ㅜㅜ 맨날 우리집에서 빤스만 입고 돌아다녀도 괜찮아~\n2 : 그럼 너가 오빠 등짝 날리면 되겠다 키키\n1 : 키키 대신에 맨날 오빠 등짝에 있는 여드름 내가 짜줌\n2 : 여드름 키키\n2 : 아 오빠 열심히 씻으라고 해 키키",
        "lines": [
          {
            "id": 1,
            "text": "1 : 언니는 지금 만나는 사람 어때~?",
            "norm_text": "언니는 지금 만나는 사람 어때~?",
            "speaker": {
              "id": "1번",
              "sex": "여성",
              "age": "20대"
            },
            "speechAct": "(지시) 질문하기",
            "morpheme": "언니/NNG+는/JX+지금/MAG+만나/VV+는/ETM+사람/NNG+어때/VA+EC+~/SY"
          },
          {
            "id": 2,
            "text": "2 : 지금 만나는 사람 마음에 안 들지만 괜찮아",
            "norm_text": "지금 만나는 사람 마음에 안 들지만 괜찮아",
            "speaker": {
              "id": "2번",
              "sex": "여성",
              "age": "20대"
            },
            "speechAct": "(단언) 주장하기",
            "morpheme": "지금/MAG+만나/VV+는/ETM+사람/NNG+마음/NNG+에/JKB+안/MAG+들/VV+지만/EC+괜찮/VA+아/EC"
          },
          {
            "id": 3,
            "text": "1 : 키키 나도 남친 마음에 안 드는데 괜찮아~!",
            "norm_text": "키키 나도 남친 마음에 안 드는데 괜찮아~!",
            "speaker": {
              "id": "1번",
              "sex": "여성",
              "age": "20대"
            },
            "speechAct": "(단언) 주장하기",
            "morpheme": "키/NNG+키나/XSA+ETN+JX+도/JX+남친/NNG+마음/NNG+에/JKB+안/MAG+드/VV+는/ETM+데/NNB+괜찮/VA+아/EC+~/SY"
          },
          {
            "id": 4,
            "text": "2 : 너 지금 남친이랑 같이 있다고 하지 않았어?",
            "norm_text": "너 지금 남친이랑 같이 있다고 하지 않았어?",
            "speaker": {
              "id": "2번",
              "sex": "여성",
              "age": "20대"
            },
            "speechAct": "(지시) 질문하기",
            "morpheme": "너/NP+지금/MAG+남친/NNG+이랑/JKB+같이/MAG+있/VV+다고/EC+하/VV+지/EC+않/VX+았/EP+어/EF"
          },
          {
            "id": 5,
            "text": "1 : 키키 응 지금 목욕하러 갔어~",
            "norm_text": "키키 응 지금 목욕하러 갔어~",
            "speaker": {
              "id": "1번",
              "sex": "여성",
              "age": "20대"
            },
            "speechAct": "(단언) 진술하기",
            "morpheme": "키/NNG+키/XSV+ETN+응/IC+지금/MAG+목욕/NNG+하/XSV+러/EC+갔/VV+EP+어/EC+~/SY"
          },
          {
            "id": 6,
            "text": "2 : 아 그래서 지금 욕 하는 거구나?",
            "norm_text": "아 그래서 지금 욕 하는 거구나?",
            "speaker": {
              "id": "2번",
              "sex": "여성",
              "age": "20대"
            },
            "speechAct": "(지시) 질문하기",
            "morpheme": "아/IC+그래서/MAJ+지금/MAG+욕/NNG+하/XSV+는/ETM+거/NNB+구나/VCP+EF"
          },
          {
            "id": 7,
            "text": "1 : 키키 아니야~ 욕이라니~ 나는 그런 거 할 줄 몰라~",
            "norm_text": "키키 아니야~ 욕이라니~ 나는 그런 거 할 줄 몰라~",
            "speaker": {
              "id": "1번",
              "sex": "여성",
              "age": "20대"
            },
            "speechAct": "(단언) 주장하기",
            "morpheme": "키/NNG+키/XSV+ETN+아니/VCN+야/EC+~/SY+욕/NNG+이/VCP+라니/EC+~/SY+나/NP+는/JX+그런/MM+거/NNB+할/VV+ETM+줄/NNB+몰라/VV+EC+~/SY"
          },
          {
            "id": 8,
            "text": "2 : 무슨 소리야 방금 마음에 안 든다고 한 거 같은데~",
            "norm_text": "무슨 소리야 방금 마음에 안 든다고 한 거 같은데~",
            "speaker": {
              "id": "2번",
              "sex": "여성",
              "age": "20대"
            },
            "speechAct": "(단언) 주장하기",
            "morpheme": "무슨/MM+소리/NNG+야/VCP+EF+방금/MAG+마음/NNG+에/JKB+안/MAG+든다고/VV+EC+한/VX+ETM+거/NNB+같/VA+은데/EC+~/SY"
          },
          {
            "id": 9,
            "text": "1 : 키키 결국에 괜찮다고 얘기했잖아~ 좋다는 거지~",
            "norm_text": "키키 결국에 괜찮다고 얘기했잖아~ 좋다는 거지~",
            "speaker": {
              "id": "1번",
              "sex": "여성",
              "age": "20대"
            },
            "speechAct": "(단언) 주장하기",
            "morpheme": "키/NNG+키/NNG+결국/NNG+에/JKB+괜찮/VA+다고/EC+얘기/NNG+했잖아/XSV+EP+EC+VX+EF+~/SY+좋/VA+다는/ETM+거/NNB+지/VCP+EC+~/SY"
          },
          {
            "id": 10,
            "text": "2 : 키키 그래도 너 오래 만나서 애인 없으면 이상할 듯",
            "norm_text": "키키 그래도 너 오래 만나서 애인 없으면 이상할 듯",
            "speaker": {
              "id": "2번",
              "sex": "여성",
              "age": "20대"
            },
            "speechAct": "(단언) 주장하기",
            "morpheme": "키/NNG+키/XSV+ETN+그래도/MAJ+너/NP+오래/MAG+만나/VV+서/EC+애인/NNG+없/VA+으면/EC+이상/NNG+할/XSV+ETM+듯/NNB"
          },
          {
            "id": 11,
            "text": "1 : 맞아 ㅜㅜ 이제 애인 없으면 더 우울해질 거 같아 ㅜ",
            "norm_text": "맞아 ㅜㅜ 이제 애인 없으면 더 우울해질 거 같아 ㅜ",
            "speaker": {
              "id": "1번",
              "sex": "여성",
              "age": "20대"
            },
            "speechAct": "(단언) 주장하기",
            "morpheme": "맞/VV+아/EC+ㅜㅜ/UNKNOWN+이제/MAG+애인/NNG+없/VA+으면/EC+더/MAG+우울해질/VV+EC+VX+ETM+거/NNB+같/VA+아/EC+ㅜ/UNKNOWN"
          },
          {
            "id": 12,
            "text": "2 : 너는 그냥 애인이 아니라 가족 아니야? 키키",
            "norm_text": "너는 그냥 애인이 아니라 가족 아니야? 키키",
            "speaker": {
              "id": "2번",
              "sex": "여성",
              "age": "20대"
            },
            "speechAct": "(지시) 질문하기",
            "morpheme": "너/NP+는/JX+그냥/MAG+애인/NNG+이/JKC+아니/VCN+라/EC+가족/NNG+아니/VCN+야/EF+키/NNG+키/XSV+ETN"
          },
          {
            "id": 13,
            "text": "1 : 맞아 ㅜㅜ 맨날 우리집에서 빤스만 입고 돌아다녀도 괜찮아~",
            "norm_text": "맞아 ㅜㅜ 맨날 우리집에서 빤스만 입고 돌아다녀도 괜찮아~",
            "speaker": {
              "id": "1번",
              "sex": "여성",
              "age": "20대"
            },
            "speechAct": "(단언) 주장하기",
            "morpheme": "맞아ㅜㅜ맨날우리집에서빤스만입고돌아다녀도괜찮아/UNKNOWN+~/SY"
          },
          {
            "id": 14,
            "text": "2 : 그럼 너가 오빠 등짝 날리면 되겠다 키키",
            "norm_text": "그럼 너가 오빠 등짝 날리면 되겠다 키키",
            "speaker": {
              "id": "2번",
              "sex": "여성",
              "age": "20대"
            },
            "speechAct": "(단언) 주장하기",
            "morpheme": "그럼/MAJ+너/NP+가/JKS+오빠/NNG+등/NNB+짝/MAG+날리/VV+면/EC+되/VV+겠/EP+다키키/NNP"
          },
          {
            "id": 15,
            "text": "1 : 키키 대신에 맨날 오빠 등짝에 있는 여드름 내가 짜줌",
            "norm_text": "키키 대신에 맨날 오빠 등짝에 있는 여드름 내가 짜줌",
            "speaker": {
              "id": "1번",
              "sex": "여성",
              "age": "20대"
            },
            "speechAct": "(단언) 주장하기",
            "morpheme": "키/NNG+키/NNG+대신/NNG+에/JKB+맨날/MAG+오빠/NNG+등/NNB+짝/NNG+에/JKB+있/VV+는/ETM+여드름/NNG+내/NP+가/JKS+짜/VV+줌/EC+VX+ETN"
          },
          {
            "id": 16,
            "text": "2 : 여드름 키키",
            "norm_text": "여드름 키키",
            "speaker": {
              "id": "2번",
              "sex": "여성",
              "age": "20대"
            },
            "speechAct": "(단언) 주장하기",
            "morpheme": "여드름/NNG+키/NNG+키/XSV+ETN"
          },
          {
            "id": 17,
            "text": "2 : 아 오빠 열심히 씻으라고 해 키키",
            "norm_text": "아 오빠 열심히 씻으라고 해 키키",
            "speaker": {
              "id": "2번",
              "sex": "여성",
              "age": "20대"
            },
            "speechAct": "(지시) 명령/요구하기",
            "morpheme": "아/IC+오빠/NNG+열심히/MAG+씻/VV+으라고/EC+해/VV+EC+키/NNG+키/XSV+ETN"
          }
        ]
      }
    }
  ]
}