{
  "dataset": {
    "identifier": 98653,
    "name": "FACEBOOK_108_07_set",
    "src_path": "/data/file/cubeManager/PROJECT001/77/txt20211029160805043169/FACEBOOK_108_07_set/",
    "label_path": "/data/file/cubeManager/PROJECT001/77/txt20211029160805043169/FACEBOOK_108_07_set/",
    "category": 2,
    "type": 0
  },
  "licenses": {
    "name": "Apache License 1.0",
    "url": "http://www.apache.org/licenses/LICENSE-1.0"
  },
  "info": [
    {
      "id": 111295,
      "filename": "FACEBOOK_108_07.txt",
      "title": "FACEBOOK_108_07",
      "mediatype": "SNS",
      "medianame": "페이스북",
      "category": "일상대화",
      "date": "2021-10-29",
      "size": 586,
      "annotations": {
        "subject": "가족",
        "speaker_type": "1:1",
        "size": 586,
        "word_size": 193,
        "text": "1 : 너네는 가족끼리 영상통화 자주 해?\n2 : 아니\n2 : 자주는 안하고 정말 가끔 한 번씩 해!\n1 : 나는 사촌끼리 그룹 영상통화 자주 하는데 지금 흑역사 생성 오지게 되는 중 키키\n2 : 키키 왜?\n2 : 생얼로 영상통화 받았어?!\n1 : 어 생얼도 그런데 웃긴 표정 지을 때 있잖아!\n1 : 그때다 캡처함!\n2 : 역시 손은 눈보다 빠르다... 나도 캡쳐 많이 당했어...\n1 : 맞앜 키키\n1 : 이거 도용 아니냐!?\n1 : 우리의 초상권을 지켜야 해!\n2 : 키키 이거 실수로 퍼지기만 해!\n2 : 근데 누군지 못 알아보는 거 아니겠지..?\n1 : 키키 나 쫌 있다 또 영상통화 하기로 했는데 나 이틀째 머리 안 감았거든?\n1 : 목욕 좀 하고 전화해야겠지?\n2 : 키키 에이 뭐 어때 머리는 3일 국룰 아니야!?\n1 : 키키 맞아 너무 자주 감아도 머리 두피에 안 좋아~\n2 : 그러니까 말이야 나도 그래서 안 감는 거지 귀찮아서 그런 건 아니야 ㅎ\n1 : 키키 맞아 맞아\n1 : 그러면 니 말 듣고 그냥 통화해야겠다~\n2 : 좋은 생각이야\n2 : 오늘 씻기 말기!\n1 : 키키 오늘은 우리 언니랑 사촌언니랑 셋이서 하기로 했어!\n2 : 재밌겠다 ㅠㅠ\n2 : 통화하고 알려줘!",
        "lines": [
          {
            "id": 1,
            "text": "1 : 너네는 가족끼리 영상통화 자주 해?",
            "norm_text": "너네는 가족끼리 영상통화 자주 해?",
            "speaker": {
              "id": "1번",
              "sex": "여성",
              "age": "20대"
            },
            "speechAct": "(지시) 질문하기",
            "morpheme": "너/NP+네/XSN+는/JX+가족/NNG+끼리/XSN+영상/NNG+통화/NNG+자주/MAG+해/VV+EF"
          },
          {
            "id": 2,
            "text": "2 : 아니",
            "norm_text": "아니",
            "speaker": {
              "id": "2번",
              "sex": "여성",
              "age": "20대"
            },
            "speechAct": "(단언) 주장하기",
            "morpheme": "아니/IC"
          },
          {
            "id": 3,
            "text": "2 : 자주는 안하고 정말 가끔 한 번씩 해!",
            "norm_text": "자주는 안하고 정말 가끔 한 번씩 해!",
            "speaker": {
              "id": "2번",
              "sex": "여성",
              "age": "20대"
            },
            "speechAct": "(단언) 진술하기",
            "morpheme": "자주/NNG+는/JX+안/MAG+하/VV+고/EC+정말/MAG+가끔/MAG+한/MM+번/NNBC+씩/XSN+해/VV+EF"
          },
          {
            "id": 4,
            "text": "1 : 나는 사촌끼리 그룹 영상통화 자주 하는데 지금 흑역사 생성 오지게 되는 중 키키",
            "norm_text": "나는 사촌끼리 그룹 영상통화 자주 하는데 지금 흑역사 생성 오지게 되는 중 키키",
            "speaker": {
              "id": "1번",
              "sex": "여성",
              "age": "20대"
            },
            "speechAct": "(단언) 주장하기",
            "morpheme": "나/NP+는/JX+사촌/NNG+끼리/XSN+그룹/NNG+영상/NNG+통화/NNG+자주/MAG+하/VV+는데/EC+지금/MAG+흑/IC+역사/NNG+생성/NNG+오지/VV+게/EC+되/VV+는/ETM+중키/NNG+키/XSV+ETN"
          },
          {
            "id": 5,
            "text": "2 : 키키 왜?",
            "norm_text": "키키 왜?",
            "speaker": {
              "id": "2번",
              "sex": "여성",
              "age": "20대"
            },
            "speechAct": "(지시) 질문하기",
            "morpheme": "키/NNG+키/XSV+ETN+왜/MAG"
          },
          {
            "id": 6,
            "text": "2 : 생얼로 영상통화 받았어?!",
            "norm_text": "생얼로 영상통화 받았어?!",
            "speaker": {
              "id": "2번",
              "sex": "여성",
              "age": "20대"
            },
            "speechAct": "(지시) 질문하기",
            "morpheme": "생얼로영상통화받았어/UNKNOWN+?/SY"
          },
          {
            "id": 7,
            "text": "1 : 어 생얼도 그런데 웃긴 표정 지을 때 있잖아!",
            "norm_text": "어 생얼도 그런데 웃긴 표정 지을 때 있잖아!",
            "speaker": {
              "id": "1번",
              "sex": "여성",
              "age": "20대"
            },
            "speechAct": "(단언) 진술하기",
            "morpheme": "어/IC+생/XPN+얼도/NNG+그런데/MAJ+웃긴/VV+ETM+표/NNG+정지/NNG+을/JKO+때/VV+EC+있/VX+잖아/EF"
          },
          {
            "id": 8,
            "text": "1 : 그때다 캡처함!",
            "norm_text": "그때다 캡처함!",
            "speaker": {
              "id": "1번",
              "sex": "여성",
              "age": "20대"
            },
            "speechAct": "(단언) 진술하기",
            "morpheme": "그때/NNG+다/VCP+EF+캡/MAG+처함/VV+ETN"
          },
          {
            "id": 9,
            "text": "2 : 역시 손은 눈보다 빠르다... 나도 캡쳐 많이 당했어...",
            "norm_text": "역시 손은 눈보다 빠르다... 나도 캡쳐 많이 당했어...",
            "speaker": {
              "id": "2번",
              "sex": "여성",
              "age": "20대"
            },
            "speechAct": "(단언) 진술하기",
            "morpheme": "역시/MAJ+손/NNG+은/JX+눈/NNG+보다/JKB+빠르/VA+다/EF+./SY+나/NP+도/JX+캡쳐/NNP+많이/MAG+당했/VV+EP+어/EF+./SY"
          },
          {
            "id": 10,
            "text": "1 : 맞앜 키키",
            "norm_text": "맞앜 키키",
            "speaker": {
              "id": "1번",
              "sex": "여성",
              "age": "20대"
            },
            "speechAct": "(단언) 주장하기",
            "morpheme": "맞앜키키/UNKNOWN"
          },
          {
            "id": 11,
            "text": "1 : 이거 도용 아니냐!?",
            "norm_text": "이거 도용 아니냐!?",
            "speaker": {
              "id": "1번",
              "sex": "여성",
              "age": "20대"
            },
            "speechAct": "(지시) 질문하기",
            "morpheme": "이거/NP+도용/NNG+아니/VCN+냐/EC+!/SY"
          },
          {
            "id": 12,
            "text": "1 : 우리의 초상권을 지켜야 해!",
            "norm_text": "우리의 초상권을 지켜야 해!",
            "speaker": {
              "id": "1번",
              "sex": "여성",
              "age": "20대"
            },
            "speechAct": "(지시) 충고/제안하기",
            "morpheme": "우리/NP+의/JKG+초상권/NNG+을/JKO+지켜야/VV+EC+해/VX+EF"
          },
          {
            "id": 13,
            "text": "2 : 키키 이거 실수로 퍼지기만 해!",
            "norm_text": "키키 이거 실수로 퍼지기만 해!",
            "speaker": {
              "id": "2번",
              "sex": "여성",
              "age": "20대"
            },
            "speechAct": "(지시) 충고/제안하기",
            "morpheme": "키/NNG+키/XSV+ETN+이거/NP+실수/NNG+로/JKB+퍼지/VV+기/ETN+만/JX+해/VV+EF"
          },
          {
            "id": 14,
            "text": "2 : 근데 누군지 못 알아보는 거 아니겠지..?",
            "norm_text": "근데 누군지 못 알아보는 거 아니겠지..?",
            "speaker": {
              "id": "2번",
              "sex": "여성",
              "age": "20대"
            },
            "speechAct": "(지시) 질문하기",
            "morpheme": "근데/MAJ+누군지/NP+VCP+EC+못/MAG+알아보/VV+는/ETM+거/NNB+아니/VCN+겠/EP+지/EF+./SY"
          },
          {
            "id": 15,
            "text": "1 : 키키 나 쫌 있다 또 영상통화 하기로 했는데 나 이틀째 머리 안 감았거든?",
            "norm_text": "키키 나 쫌 있다 또 영상통화 하기로 했는데 나 이틀째 머리 안 감았거든?",
            "speaker": {
              "id": "1번",
              "sex": "여성",
              "age": "20대"
            },
            "speechAct": "(단언) 진술하기",
            "morpheme": "키/NNG+키나/XSA+ETN+JX+쫌/MAG+있/VV+다/EF+또/MAG+영상/NNG+통화/NNG+하/XSV+기/ETN+로/JKB+했/VV+EP+는데/EC+나/NP+이틀/NNG+째/XSN+머리/NNG+안/MAG+감/VV+았/EP+거든/EF"
          },
          {
            "id": 16,
            "text": "1 : 목욕 좀 하고 전화해야겠지?",
            "norm_text": "목욕 좀 하고 전화해야겠지?",
            "speaker": {
              "id": "1번",
              "sex": "여성",
              "age": "20대"
            },
            "speechAct": "(지시) 질문하기",
            "morpheme": "목욕/NNG+좀/MAG+하/VV+고/EC+전화/NNG+해야/XSV+EC+겠지/VX+EP+EF"
          },
          {
            "id": 17,
            "text": "2 : 키키 에이 뭐 어때 머리는 3일 국룰 아니야!?",
            "norm_text": "키키 에이 뭐 어때 머리는 3일 국룰 아니야!?",
            "speaker": {
              "id": "2번",
              "sex": "여성",
              "age": "20대"
            },
            "speechAct": "(지시) 질문하기",
            "morpheme": "키/NNG+키/NNG+에/JKB+이/IC+뭐/IC+어/IC+때머리/NNG+는/JX+3/SN+일국/NNG+룰/NNG+아니/VCN+야/EC+!/SY"
          },
          {
            "id": 18,
            "text": "1 : 키키 맞아 너무 자주 감아도 머리 두피에 안 좋아~",
            "norm_text": "키키 맞아 너무 자주 감아도 머리 두피에 안 좋아~",
            "speaker": {
              "id": "1번",
              "sex": "여성",
              "age": "20대"
            },
            "speechAct": "(단언) 주장하기",
            "morpheme": "키키맞아너무자주감아도머리두피에안좋아/UNKNOWN+~/SY"
          },
          {
            "id": 19,
            "text": "2 : 그러니까 말이야 나도 그래서 안 감는 거지 귀찮아서 그런 건 아니야 ㅎ",
            "norm_text": "그러니까 말이야 나도 그래서 안 감는 거지 귀찮아서 그런 건 아니야 ㅎ",
            "speaker": {
              "id": "2번",
              "sex": "여성",
              "age": "20대"
            },
            "speechAct": "(단언) 주장하기",
            "morpheme": "그러니까/MAJ+말/NNG+이/VCP+야/EF+나/NP+도/JX+그래서/MAJ+안/MAG+감/VV+는/ETM+거/NNB+지/VCP+EF+귀찮/VA+아서/EC+그런/MM+건/NNB+JX+아니/VCN+야/EF+ㅎ/XSA"
          },
          {
            "id": 20,
            "text": "1 : 키키 맞아 맞아",
            "norm_text": "키키 맞아 맞아",
            "speaker": {
              "id": "1번",
              "sex": "여성",
              "age": "20대"
            },
            "speechAct": "(단언) 주장하기",
            "morpheme": "키/NNG+키/XSV+ETN+맞/VV+아/EC+맞/VV+아/EC"
          },
          {
            "id": 21,
            "text": "1 : 그러면 니 말 듣고 그냥 통화해야겠다~",
            "norm_text": "그러면 니 말 듣고 그냥 통화해야겠다~",
            "speaker": {
              "id": "1번",
              "sex": "여성",
              "age": "20대"
            },
            "speechAct": "(단언) 주장하기",
            "morpheme": "그러면/MAJ+니/MM+말/NNG+듣/VV+고/EC+그냥/MAG+통화/NNG+해야/XSV+EC+VX+겠/EP+다/EC+~/SY"
          },
          {
            "id": 22,
            "text": "2 : 좋은 생각이야",
            "norm_text": "좋은 생각이야",
            "speaker": {
              "id": "2번",
              "sex": "여성",
              "age": "20대"
            },
            "speechAct": "(단언) 주장하기",
            "morpheme": "좋/VA+은/ETM+생각/NNG+이/VCP+야/EC"
          },
          {
            "id": 23,
            "text": "2 : 오늘 씻기 말기!",
            "norm_text": "오늘 씻기 말기!",
            "speaker": {
              "id": "2번",
              "sex": "여성",
              "age": "20대"
            },
            "speechAct": "(지시) 충고/제안하기",
            "morpheme": "오늘/MAG+씻/VV+기/ETN+말/VV+기/ETN"
          },
          {
            "id": 24,
            "text": "1 : 키키 오늘은 우리 언니랑 사촌언니랑 셋이서 하기로 했어!",
            "norm_text": "키키 오늘은 우리 언니랑 사촌언니랑 셋이서 하기로 했어!",
            "speaker": {
              "id": "1번",
              "sex": "여성",
              "age": "20대"
            },
            "speechAct": "(단언) 진술하기",
            "morpheme": "키/NNG+키/NNG+오늘/NNG+은/JX+우리/NP+언니/NNG+랑/JKB+사촌/NNG+언니/NNG+랑/JC+셋/NR+이/XSN+서/JKS+하/VV+기/ETN+로/JKB+했/VV+EP+어/EF"
          },
          {
            "id": 25,
            "text": "2 : 재밌겠다 ㅠㅠ",
            "norm_text": "재밌겠다 ㅠㅠ",
            "speaker": {
              "id": "2번",
              "sex": "여성",
              "age": "20대"
            },
            "speechAct": "(단언) 주장하기",
            "morpheme": "재밌/VA+겠/EP+다/EF+ㅠㅠ/UNKNOWN"
          },
          {
            "id": 26,
            "text": "2 : 통화하고 알려줘!",
            "norm_text": "통화하고 알려줘!",
            "speaker": {
              "id": "2번",
              "sex": "여성",
              "age": "20대"
            },
            "speechAct": "(지시) 부탁하기",
            "morpheme": "통화/NNG+하/XSV+고/EC+알려/VV+EC+줘/VX+EF"
          }
        ]
      }
    }
  ]
}