{
  "dataset": {
    "identifier": 117320,
    "name": "FACEBOOK_119_18_set",
    "src_path": "/data/file/cubeManager/PROJECT001/80/txt20211102103850096954/FACEBOOK_119_18_set/",
    "label_path": "/data/file/cubeManager/PROJECT001/80/txt20211102103850096954/FACEBOOK_119_18_set/",
    "category": 2,
    "type": 0
  },
  "licenses": {
    "name": "Apache License 1.0",
    "url": "http://www.apache.org/licenses/LICENSE-1.0"
  },
  "info": [
    {
      "id": 129781,
      "filename": "FACEBOOK_119_18.txt",
      "title": "FACEBOOK_119_18",
      "mediatype": "SNS",
      "medianame": "페이스북",
      "category": "일상대화",
      "date": "2021-11-02",
      "size": 468,
      "annotations": {
        "subject": "상거래 전반",
        "speaker_type": "1:1",
        "size": 468,
        "word_size": 161,
        "text": "1 : 요즘에 키오스크 이용하는 매장이 생기는 거 같아!\n2 : 키오스크? 그건 또 뭐야 키키\n1 : 언니 햄버거 집이나 카페 가면 사람한테 주문 안 하고 기계로 주문하잖아!\n2 : 아 셀프 주문대 말하는 거구나?\n1 : 어 맞아 그걸 키오스크라고 해!\n2 : 키키 그건 처음 알았네\n2 : 맞아 나도 그거 많이 해\n1 : 키키 그니까\n1 : 나 오늘 김밥집 갔는데 이거 있더라?\n2 : 와 김밥 집에 그게 있다고? 키키\n2 : 거기 되게 큰 데야?\n1 : 어 키키 대박이지 어 근데 브랜드 집이야 키키\n2 : 뭐 뭐 천국 이런데 말 하는 거야?\n1 : 키키 어 맞아~ 그런 곳 말하는 거야~\n2 : 키키 와 나도 한번 김밥 집 가봐야겠다 키키\n1 : 키키 진짜 신기해 거기서 시키면 주문서 나오고 그치?\n2 : 응 그러고 번호 울리면 찾으면 되잖아 키키\n1 : 맞아! 아 근데 현금 결제는 안 돼서 그건 좀 아쉬움!\n2 : 근데 동전을 거슬러 줄 수가 없어서 그런 듯",
        "lines": [
          {
            "id": 1,
            "text": "1 : 요즘에 키오스크 이용하는 매장이 생기는 거 같아!",
            "norm_text": "요즘에 키오스크 이용하는 매장이 생기는 거 같아!",
            "speaker": {
              "id": "1번",
              "sex": "여성",
              "age": "20대"
            },
            "speechAct": "(단언) 진술하기",
            "morpheme": "요즘/NNG+에/JKB+키오스/NNP+크/NNP+이용/NNG+하/XSV+는/ETM+매장/NNG+이/JKS+생기/VV+는/ETM+거/NNB+같/VA+아/EF"
          },
          {
            "id": 2,
            "text": "2 : 키오스크? 그건 또 뭐야 키키",
            "norm_text": "키오스크? 그건 또 뭐야 키키",
            "speaker": {
              "id": "2번",
              "sex": "여성",
              "age": "20대"
            },
            "speechAct": "(지시) 질문하기",
            "morpheme": "키오스/NNP+크/IC+그건/NP+JX+또/MAG+뭐/IC+야키/NNP+키/NNG"
          },
          {
            "id": 3,
            "text": "1 : 언니 햄버거 집이나 카페 가면 사람한테 주문 안 하고 기계로 주문하잖아!",
            "norm_text": "언니 햄버거 집이나 카페 가면 사람한테 주문 안 하고 기계로 주문하잖아!",
            "speaker": {
              "id": "1번",
              "sex": "여성",
              "age": "20대"
            },
            "speechAct": "(단언) 진술하기",
            "morpheme": "언니/NNG+햄버거/NNG+집/NNG+이나/JC+카페/NNG+가/VV+면/EC+사람/NNG+한테/JKB+주문/NNG+안/MAG+하/VV+고/EC+기계/NNG+로/JKB+주문/NNG+하/XSV+잖아/EC+VX+EF"
          },
          {
            "id": 4,
            "text": "2 : 아 셀프 주문대 말하는 거구나?",
            "norm_text": "아 셀프 주문대 말하는 거구나?",
            "speaker": {
              "id": "2번",
              "sex": "여성",
              "age": "20대"
            },
            "speechAct": "(지시) 질문하기",
            "morpheme": "아/IC+셀프/NNG+주문/NNG+대말/NNG+하/XSV+는/ETM+거/NNB+구나/VCP+EF"
          },
          {
            "id": 5,
            "text": "1 : 어 맞아 그걸 키오스크라고 해!",
            "norm_text": "어 맞아 그걸 키오스크라고 해!",
            "speaker": {
              "id": "1번",
              "sex": "여성",
              "age": "20대"
            },
            "speechAct": "(단언) 진술하기",
            "morpheme": "어/IC+맞아/IC+그걸/NP+JKO+키오스/NNP+크/VA+라고/EC+해/VX+EF"
          },
          {
            "id": 6,
            "text": "2 : 키키 그건 처음 알았네",
            "norm_text": "키키 그건 처음 알았네",
            "speaker": {
              "id": "2번",
              "sex": "여성",
              "age": "20대"
            },
            "speechAct": "(단언) 주장하기",
            "morpheme": "키/NNG+키/XSV+ETN+그건/NP+JX+처음/MAG+알/VV+았/EP+네/EF"
          },
          {
            "id": 7,
            "text": "2 : 맞아 나도 그거 많이 해",
            "norm_text": "맞아 나도 그거 많이 해",
            "speaker": {
              "id": "2번",
              "sex": "여성",
              "age": "20대"
            },
            "speechAct": "(단언) 진술하기",
            "morpheme": "맞/VV+아/EC+나/NP+도/JX+그거/NP+많이/MAG+해/VV+EC"
          },
          {
            "id": 8,
            "text": "1 : 키키 그니까",
            "norm_text": "키키 그니까",
            "speaker": {
              "id": "1번",
              "sex": "여성",
              "age": "20대"
            },
            "speechAct": "(단언) 주장하기",
            "morpheme": "키/NNG+키/XSV+ETN+그니까/MAJ"
          },
          {
            "id": 9,
            "text": "1 : 나 오늘 김밥집 갔는데 이거 있더라?",
            "norm_text": "나 오늘 김밥집 갔는데 이거 있더라?",
            "speaker": {
              "id": "1번",
              "sex": "여성",
              "age": "20대"
            },
            "speechAct": "(단언) 진술하기",
            "morpheme": "나/NP+오늘/MAG+김밥/NNG+집/NNG+갔/VV+EP+는데/EC+이거/NP+있/VA+더라/EF"
          },
          {
            "id": 10,
            "text": "2 : 와 김밥 집에 그게 있다고? 키키",
            "norm_text": "와 김밥 집에 그게 있다고? 키키",
            "speaker": {
              "id": "2번",
              "sex": "여성",
              "age": "20대"
            },
            "speechAct": "(지시) 질문하기",
            "morpheme": "와/IC+김밥/NNG+집/NNG+에/JKB+그게/NP+JKS+있/VA+다고/EC+?/SY+키/NNG+키/XSV+ETN"
          },
          {
            "id": 11,
            "text": "2 : 거기 되게 큰 데야?",
            "norm_text": "거기 되게 큰 데야?",
            "speaker": {
              "id": "2번",
              "sex": "여성",
              "age": "20대"
            },
            "speechAct": "(지시) 질문하기",
            "morpheme": "거기/NP+되게/MAG+큰/VA+ETM+데/NNB+야/VCP+EF"
          },
          {
            "id": 12,
            "text": "1 : 어 키키 대박이지 어 근데 브랜드 집이야 키키",
            "norm_text": "어 키키 대박이지 어 근데 브랜드 집이야 키키",
            "speaker": {
              "id": "1번",
              "sex": "여성",
              "age": "20대"
            },
            "speechAct": "(단언) 진술하기",
            "morpheme": "어/IC+키/NNG+키/NNG+대박/NNG+이/VCP+지/EF+어/IC+근데/MAJ+브랜드/NNG+집/NNG+이/VCP+야/EC+키/NNG+키/XSV+ETN"
          },
          {
            "id": 13,
            "text": "2 : 뭐 뭐 천국 이런데 말 하는 거야?",
            "norm_text": "뭐 뭐 천국 이런데 말 하는 거야?",
            "speaker": {
              "id": "2번",
              "sex": "여성",
              "age": "20대"
            },
            "speechAct": "(지시) 질문하기",
            "morpheme": "뭐/IC+뭐/IC+천국/NNG+이런/MM+데/NNB+말/NNG+하/XSV+는/ETM+거/NNB+야/VCP+EF"
          },
          {
            "id": 14,
            "text": "1 : 키키 어 맞아~ 그런 곳 말하는 거야~",
            "norm_text": "키키 어 맞아~ 그런 곳 말하는 거야~",
            "speaker": {
              "id": "1번",
              "sex": "여성",
              "age": "20대"
            },
            "speechAct": "(단언) 진술하기",
            "morpheme": "키/NNG+키/VV+어/EC+맞/VV+아/EC+~/SY+그런/MM+곳/NNG+말/NNG+하/XSV+는/ETM+거/NNB+야/VCP+EF+~/SY"
          },
          {
            "id": 15,
            "text": "2 : 키키 와 나도 한번 김밥 집 가봐야겠다 키키",
            "norm_text": "키키 와 나도 한번 김밥 집 가봐야겠다 키키",
            "speaker": {
              "id": "2번",
              "sex": "여성",
              "age": "20대"
            },
            "speechAct": "(단언) 주장하기",
            "morpheme": "키/NNG+키/XSV+ETN+와/JC+나/NP+도/JX+한/MM+번/NNBC+김밥/NNG+집/NNG+가/VV+봐야/EC+VX+EC+VX+겠/EP+다키키/NNP"
          },
          {
            "id": 16,
            "text": "1 : 키키 진짜 신기해 거기서 시키면 주문서 나오고 그치?",
            "norm_text": "키키 진짜 신기해 거기서 시키면 주문서 나오고 그치?",
            "speaker": {
              "id": "1번",
              "sex": "여성",
              "age": "20대"
            },
            "speechAct": "(단언) 주장하기",
            "morpheme": "키/NNG+키/XSV+ETN+진짜/MAG+신기/XR+해/XSA+EC+거기/NP+서/JKB+시키/VV+면/EC+주/VX+문서/EC+나오/VV+고/EC+그치/IC"
          },
          {
            "id": 17,
            "text": "2 : 응 그러고 번호 울리면 찾으면 되잖아 키키",
            "norm_text": "응 그러고 번호 울리면 찾으면 되잖아 키키",
            "speaker": {
              "id": "2번",
              "sex": "여성",
              "age": "20대"
            },
            "speechAct": "(단언) 진술하기",
            "morpheme": "응/IC+그러/VV+고/EC+번호/NNG+울리/VV+면/EC+찾/VV+으면/EC+되/VV+잖아/EC+키/NNG+키/XSV+ETN"
          },
          {
            "id": 18,
            "text": "1 : 맞아! 아 근데 현금 결제는 안 돼서 그건 좀 아쉬움!",
            "norm_text": "맞아! 아 근데 현금 결제는 안 돼서 그건 좀 아쉬움!",
            "speaker": {
              "id": "1번",
              "sex": "여성",
              "age": "20대"
            },
            "speechAct": "(단언) 주장하기",
            "morpheme": "맞/VV+아/EF+아/IC+근데/MAJ+현금/NNG+결제/NNG+는/JX+안/MAG+돼서/VV+EC+그건/NP+JX+좀/MAG+아쉬움/VA+ETN"
          },
          {
            "id": 19,
            "text": "2 : 근데 동전을 거슬러 줄 수가 없어서 그런 듯",
            "norm_text": "근데 동전을 거슬러 줄 수가 없어서 그런 듯",
            "speaker": {
              "id": "2번",
              "sex": "여성",
              "age": "20대"
            },
            "speechAct": "(단언) 주장하기",
            "morpheme": "근데/MAJ+동전/NNG+을/JKO+거슬러/VV+EC+줄/VX+ETM+수/NNB+가/JKS+없/VA+어서/EC+그런/MM+듯/NNB"
          }
        ]
      }
    }
  ]
}