{
  "dataset": {
    "identifier": 116747,
    "name": "FACEBOOK_111_18_set",
    "src_path": "/data/file/cubeManager/PROJECT001/80/txt20211102153319057375/FACEBOOK_111_18_set/",
    "label_path": "/data/file/cubeManager/PROJECT001/80/txt20211102153319057375/FACEBOOK_111_18_set/",
    "category": 2,
    "type": 0
  },
  "licenses": {
    "name": "Apache License 1.0",
    "url": "http://www.apache.org/licenses/LICENSE-1.0"
  },
  "info": [
    {
      "id": 130042,
      "filename": "FACEBOOK_111_18.txt",
      "title": "FACEBOOK_111_18",
      "mediatype": "SNS",
      "medianame": "페이스북",
      "category": "일상대화",
      "date": "2021-11-02",
      "size": 415,
      "annotations": {
        "subject": "상거래 전반",
        "speaker_type": "1:1",
        "size": 415,
        "word_size": 139,
        "text": "1 : 요즘에는 장작도 인터넷 쇼핑으로 살 수 있더라?\n2 : 장작? 내가 아는 그 장작?\n1 : 어 맞아 나무 장작!\n1 : 그거 인터넷으로 살 수 있어!\n2 : 키키 어떤 사람이 그걸 인터넷으로 사?\n1 : 요즘에 캠핑이 완전 인기잖아!\n2 : 아... 다들 그 불멍 하려고?\n1 : 어 맞아!  1키로인가 10키로에 만 원이래!\n2 : 와 그거 싼 건지 비싼 건지 모르겠다 키키\n1 : 나도 키키 가늠이 안 되긴 하는데 2만 원이면 하루 종일 불 땔 수 있대!\n2 : 키키 그래도 장작을 인터넷으로 사긴 싫어\n1 : 왜? 되게 편리한 방법 같지 않아?\n2 : 응 진짜 편리한 방법이긴 해\n1 : 키키 그니까 나 다음 주에 캠핑 가거든! 음하하하하\n2 : 그럼 그거 사고 후기 알려줘~\n1 : 오 좋지 이거랑 도깨비불도 살 거야~\n2 : 너도 점점 캠핑에 빠지는구나~",
        "lines": [
          {
            "id": 1,
            "text": "1 : 요즘에는 장작도 인터넷 쇼핑으로 살 수 있더라?",
            "norm_text": "요즘에는 장작도 인터넷 쇼핑으로 살 수 있더라?",
            "speaker": {
              "id": "1번",
              "sex": "여성",
              "age": "20대"
            },
            "speechAct": "(단언) 진술하기",
            "morpheme": "요즘/NNG+에/JKB+는/JX+장작/NNG+도/JX+인터넷/NNG+쇼핑/NNG+으로/JKB+살/VV+ETM+수/NNB+있/VV+더라/EF"
          },
          {
            "id": 2,
            "text": "2 : 장작? 내가 아는 그 장작?",
            "norm_text": "장작? 내가 아는 그 장작?",
            "speaker": {
              "id": "2번",
              "sex": "여성",
              "age": "20대"
            },
            "speechAct": "(지시) 질문하기",
            "morpheme": "장작/NNG+내/NP+가/JKS+아/VV+는/ETM+그/MM+장작/NNG"
          },
          {
            "id": 3,
            "text": "1 : 어 맞아 나무 장작!",
            "norm_text": "어 맞아 나무 장작!",
            "speaker": {
              "id": "1번",
              "sex": "여성",
              "age": "20대"
            },
            "speechAct": "(단언) 진술하기",
            "morpheme": "어/IC+맞/VV+아/EC+나무/NNG+장작/NNG"
          },
          {
            "id": 4,
            "text": "1 : 그거 인터넷으로 살 수 있어!",
            "norm_text": "그거 인터넷으로 살 수 있어!",
            "speaker": {
              "id": "1번",
              "sex": "여성",
              "age": "20대"
            },
            "speechAct": "(단언) 진술하기",
            "morpheme": "그거/NP+인터넷/NNG+으로/JKB+살/VV+ETM+수/NNB+있/VV+어/EF"
          },
          {
            "id": 5,
            "text": "2 : 키키 어떤 사람이 그걸 인터넷으로 사?",
            "norm_text": "키키 어떤 사람이 그걸 인터넷으로 사?",
            "speaker": {
              "id": "2번",
              "sex": "여성",
              "age": "20대"
            },
            "speechAct": "(지시) 질문하기",
            "morpheme": "키키/NNP+어떤/MM+사람/NNG+이/JKS+그걸/NP+JKO+인터넷/NNG+으로/JKB+사/VV+EF"
          },
          {
            "id": 6,
            "text": "1 : 요즘에 캠핑이 완전 인기잖아!",
            "norm_text": "요즘에 캠핑이 완전 인기잖아!",
            "speaker": {
              "id": "1번",
              "sex": "여성",
              "age": "20대"
            },
            "speechAct": "(단언) 진술하기",
            "morpheme": "요즘/NNG+에/JKB+캠핑/NNG+이/JKS+완전/MAG+인기/NNG+잖아/VCP+EC+VX+EF"
          },
          {
            "id": 7,
            "text": "2 : 아... 다들 그 불멍 하려고?",
            "norm_text": "아... 다들 그 불멍 하려고?",
            "speaker": {
              "id": "2번",
              "sex": "여성",
              "age": "20대"
            },
            "speechAct": "(지시) 질문하기",
            "morpheme": "아/IC+./SY+다/MAG+들/XSN+그/MM+불/XPN+멍/XR+하/XSA+려고/EF"
          },
          {
            "id": 8,
            "text": "1 : 어 맞아!  1키로인가 10키로에 만 원이래!",
            "norm_text": "어 맞아!  1키로인가 10키로에 만 원이래!",
            "speaker": {
              "id": "1번",
              "sex": "여성",
              "age": "20대"
            },
            "speechAct": "(단언) 진술하기",
            "morpheme": "어/IC+맞/VV+아/EC+!/SY+1/SN+키로/XSV+ETN+JKB+인가/VCP+EC+10/SN+키로/XSV+ETN+JKB+에/JKG+만/NR+원/NNBC+이/VCP+래/EF"
          },
          {
            "id": 9,
            "text": "2 : 와 그거 싼 건지 비싼 건지 모르겠다 키키",
            "norm_text": "와 그거 싼 건지 비싼 건지 모르겠다 키키",
            "speaker": {
              "id": "2번",
              "sex": "여성",
              "age": "20대"
            },
            "speechAct": "(단언) 주장하기",
            "morpheme": "와/IC+그거/NP+싼/VA+ETM+건지/NNB+VCP+EC+비싼/VA+ETM+건지/NNB+VCP+EC+모르/VV+겠/EP+다키키/NNP"
          },
          {
            "id": 10,
            "text": "1 : 나도 키키 가늠이 안 되긴 하는데 2만 원이면 하루 종일 불 땔 수 있대!",
            "norm_text": "나도 키키 가늠이 안 되긴 하는데 2만 원이면 하루 종일 불 땔 수 있대!",
            "speaker": {
              "id": "1번",
              "sex": "여성",
              "age": "20대"
            },
            "speechAct": "(단언) 진술하기",
            "morpheme": "나/NP+도/JX+키/NNG+키가/XSV+ETN+JKS+늠/NNG+이/JKS+안/MAG+되/VV+긴/ETN+JX+하/VX+는데/EC+2/SN+만/NR+원/NNBC+이/VCP+면/EC+하루/NNG+종일/NNG+불/XPN+땔/NNG+VCP+ETM+수/NNB+있/VV+대/EF"
          },
          {
            "id": 11,
            "text": "2 : 키키 그래도 장작을 인터넷으로 사긴 싫어",
            "norm_text": "키키 그래도 장작을 인터넷으로 사긴 싫어",
            "speaker": {
              "id": "2번",
              "sex": "여성",
              "age": "20대"
            },
            "speechAct": "(단언) 주장하기",
            "morpheme": "키/NNG+키/XSV+ETN+그래도/MAJ+장작/NNG+을/JKO+인터넷/NNG+으로/JKB+사/VV+긴/ETN+JX+싫/VA+어/EC"
          },
          {
            "id": 12,
            "text": "1 : 왜? 되게 편리한 방법 같지 않아?",
            "norm_text": "왜? 되게 편리한 방법 같지 않아?",
            "speaker": {
              "id": "1번",
              "sex": "여성",
              "age": "20대"
            },
            "speechAct": "(지시) 질문하기",
            "morpheme": "왜/MAG+되게/MAG+편리/NNG+한/XSA+ETM+방법/NNG+같/VA+지/EC+않/VX+아/EF"
          },
          {
            "id": 13,
            "text": "2 : 응 진짜 편리한 방법이긴 해",
            "norm_text": "응 진짜 편리한 방법이긴 해",
            "speaker": {
              "id": "2번",
              "sex": "여성",
              "age": "20대"
            },
            "speechAct": "(단언) 주장하기",
            "morpheme": "응/IC+진짜/MAG+편리/NNG+한/XSA+ETM+방법/NNG+이/VCP+긴/ETN+JX+해/VX+EC"
          },
          {
            "id": 14,
            "text": "1 : 키키 그니까 나 다음 주에 캠핑 가거든! 음하하하하",
            "norm_text": "키키 그니까 나 다음 주에 캠핑 가거든! 음하하하하",
            "speaker": {
              "id": "1번",
              "sex": "여성",
              "age": "20대"
            },
            "speechAct": "(단언) 주장하기",
            "morpheme": "키키그니까나다음주에캠핑가거든/UNKNOWN+음/IC+하하하하/MAG"
          },
          {
            "id": 15,
            "text": "2 : 그럼 그거 사고 후기 알려줘~",
            "norm_text": "그럼 그거 사고 후기 알려줘~",
            "speaker": {
              "id": "2번",
              "sex": "여성",
              "age": "20대"
            },
            "speechAct": "(지시) 부탁하기",
            "morpheme": "그럼/MAJ+그거/NP+사고/NNG+후기/NNG+알려줘/VV+EC+VX+EC+~/SY"
          },
          {
            "id": 16,
            "text": "1 : 오 좋지 이거랑 도깨비불도 살 거야~",
            "norm_text": "오 좋지 이거랑 도깨비불도 살 거야~",
            "speaker": {
              "id": "1번",
              "sex": "여성",
              "age": "20대"
            },
            "speechAct": "(단언) 주장하기",
            "morpheme": "오/NR+좋/VA+지/EF+이거/NP+랑/JKB+도깨비불/NNG+도/JX+살/VV+ETM+거/NNB+야/VCP+EF+~/SY"
          },
          {
            "id": 17,
            "text": "2 : 너도 점점 캠핑에 빠지는구나~",
            "norm_text": "너도 점점 캠핑에 빠지는구나~",
            "speaker": {
              "id": "2번",
              "sex": "여성",
              "age": "20대"
            },
            "speechAct": "(단언) 주장하기",
            "morpheme": "너/NP+도/JX+점점/MAG+캠핑/NNG+에/JKB+빠지/VV+는구나/EC+~/SY"
          }
        ]
      }
    }
  ]
}