{
  "dataset": {
    "identifier": 114105,
    "name": "FACEBOOK_113_02_set",
    "src_path": "/data/file/cubeManager/PROJECT001/80/txt20211103154237037623/FACEBOOK_113_02_set/",
    "label_path": "/data/file/cubeManager/PROJECT001/80/txt20211103154237037623/FACEBOOK_113_02_set/",
    "category": 2,
    "type": 0
  },
  "licenses": {
    "name": "Apache License 1.0",
    "url": "http://www.apache.org/licenses/LICENSE-1.0"
  },
  "info": [
    {
      "id": 135357,
      "filename": "FACEBOOK_113_02.txt",
      "title": "FACEBOOK_113_02",
      "mediatype": "SNS",
      "medianame": "페이스북",
      "category": "일상대화",
      "date": "2021-11-03",
      "size": 405,
      "annotations": {
        "subject": "주거와 생활",
        "speaker_type": "1:1",
        "size": 405,
        "word_size": 139,
        "text": "1 : 언니는 주말에 집에서 밥 해먹어?\n2 : 웅 나 거의 해먹지\n1 : 와 진짜?\n1 : 안 귀찮아?\n2 : 그래도 사먹음 돈 쓰고 남기고 살찌고\n1 : 나는 하루에 한끼 먹으니까 만들어 먹으면 남은 재료가 상하더라 ㅜ\n2 : 너 하루에 한끼 먹어?\n1 : 어 집에서 안 움직이까 배가 안 고파!\n2 : 그래서 나도 한번만 먹을 수 있는 거 먹지\n1 : 그러면 재료가 남아서 썩지 않아?\n2 : 근데 막 국 이런 거 먹는 거 아니고 그냥 간단한거 ㅜㅜ\n1 : 언니 진짜 내가 좋은 꿀띱 알려줄까?\n2 : 키키 또 뭔데 뭔데? 뭐지요?\n1 : 그 해찬들에서 나오는 고기볶음 약고추장이라고 있거든?\n2 : 어 나 알 것 같아 키키\n2 : 그거 누구한테 받았던 거 같은데\n1 : 그거면 웬만한 볶음요리 맛있게 먹을 수 있음!\n2 : 오 인터넷 뒤지러 갑니다",
        "lines": [
          {
            "id": 1,
            "text": "1 : 언니는 주말에 집에서 밥 해먹어?",
            "norm_text": "언니는 주말에 집에서 밥 해먹어?",
            "speaker": {
              "id": "1번",
              "sex": "여성",
              "age": "20대"
            },
            "speechAct": "(지시) 질문하기",
            "morpheme": "언니/NNG+는/JX+주말/NNG+에/JKB+집/NNG+에서/JKB+밥/NNG+해/XSV+EC+먹/VV+어/EF"
          },
          {
            "id": 2,
            "text": "2 : 웅 나 거의 해먹지",
            "norm_text": "웅 나 거의 해먹지",
            "speaker": {
              "id": "2번",
              "sex": "여성",
              "age": "20대"
            },
            "speechAct": "(단언) 진술하기",
            "morpheme": "웅/IC+나/NP+거의/MAG+해/VV+EC+먹/VV+지/EC"
          },
          {
            "id": 3,
            "text": "1 : 와 진짜?",
            "norm_text": "와 진짜?",
            "speaker": {
              "id": "1번",
              "sex": "여성",
              "age": "20대"
            },
            "speechAct": "턴토크 사인(관습적 반응)",
            "morpheme": "와/IC+진짜/MAG"
          },
          {
            "id": 4,
            "text": "1 : 안 귀찮아?",
            "norm_text": "안 귀찮아?",
            "speaker": {
              "id": "1번",
              "sex": "여성",
              "age": "20대"
            },
            "speechAct": "(지시) 질문하기",
            "morpheme": "안/MAG+귀찮/VA+아/EF"
          },
          {
            "id": 5,
            "text": "2 : 그래도 사먹음 돈 쓰고 남기고 살찌고",
            "norm_text": "그래도 사먹음 돈 쓰고 남기고 살찌고",
            "speaker": {
              "id": "2번",
              "sex": "여성",
              "age": "20대"
            },
            "speechAct": "(단언) 진술하기",
            "morpheme": "그래도/MAJ+사먹/VV+음/ETN+돈/NNG+쓰/VV+고/EC+남기/VV+고/EC+살찌/VV+고/EC"
          },
          {
            "id": 6,
            "text": "1 : 나는 하루에 한끼 먹으니까 만들어 먹으면 남은 재료가 상하더라 ㅜ",
            "norm_text": "나는 하루에 한끼 먹으니까 만들어 먹으면 남은 재료가 상하더라 ㅜ",
            "speaker": {
              "id": "1번",
              "sex": "여성",
              "age": "20대"
            },
            "speechAct": "(단언) 진술하기",
            "morpheme": "나/NP+는/JX+하루/NNG+에/JKB+한/MM+끼/NNBC+먹/VV+으니까/EC+만들/VV+어/EC+먹/VV+으면/EC+남/VV+은/ETM+재료/NNG+가/JKS+상하/VV+더라/EF+ㅜ/UNKNOWN"
          },
          {
            "id": 7,
            "text": "2 : 너 하루에 한끼 먹어?",
            "norm_text": "너 하루에 한끼 먹어?",
            "speaker": {
              "id": "2번",
              "sex": "여성",
              "age": "20대"
            },
            "speechAct": "(지시) 질문하기",
            "morpheme": "너/NP+하루/NNG+에/JKB+한/MM+끼/NNBC+먹/VV+어/EF"
          },
          {
            "id": 8,
            "text": "1 : 어 집에서 안 움직이까 배가 안 고파!",
            "norm_text": "어 집에서 안 움직이까 배가 안 고파!",
            "speaker": {
              "id": "1번",
              "sex": "여성",
              "age": "20대"
            },
            "speechAct": "(단언) 진술하기",
            "morpheme": "어집/NNG+에서/JKB+안/MAG+움직이/VV+까/EC+배/NNG+가/JKS+안/MAG+고파/VA+EF"
          },
          {
            "id": 9,
            "text": "2 : 그래서 나도 한번만 먹을 수 있는 거 먹지",
            "norm_text": "그래서 나도 한번만 먹을 수 있는 거 먹지",
            "speaker": {
              "id": "2번",
              "sex": "여성",
              "age": "20대"
            },
            "speechAct": "(단언) 진술하기",
            "morpheme": "그래서/MAJ+나/NP+도/JX+한/MM+번/NNBC+만/JX+먹/VV+을/ETM+수/NNB+있/VV+는/ETM+거/NNB+먹/VV+지/EC"
          },
          {
            "id": 10,
            "text": "1 : 그러면 재료가 남아서 썩지 않아?",
            "norm_text": "그러면 재료가 남아서 썩지 않아?",
            "speaker": {
              "id": "1번",
              "sex": "여성",
              "age": "20대"
            },
            "speechAct": "(지시) 질문하기",
            "morpheme": "그러면/MAJ+재료/NNG+가/JKS+남/VV+아서/EC+썩/VV+지/EC+않/VX+아/EF"
          },
          {
            "id": 11,
            "text": "2 : 근데 막 국 이런 거 먹는 거 아니고 그냥 간단한거 ㅜㅜ",
            "norm_text": "근데 막 국 이런 거 먹는 거 아니고 그냥 간단한거 ㅜㅜ",
            "speaker": {
              "id": "2번",
              "sex": "여성",
              "age": "20대"
            },
            "speechAct": "(단언) 진술하기",
            "morpheme": "근데/MAJ+막/MAJ+국/NNG+이런/MM+거/NNB+먹/VV+는/ETM+거/NNB+아니/VCN+고/EC+그냥/MAG+간단/XR+한/XSA+ETM+거/NNB+ㅜㅜ/UNKNOWN"
          },
          {
            "id": 12,
            "text": "1 : 언니 진짜 내가 좋은 꿀띱 알려줄까?",
            "norm_text": "언니 진짜 내가 좋은 꿀띱 알려줄까?",
            "speaker": {
              "id": "1번",
              "sex": "여성",
              "age": "20대"
            },
            "speechAct": "(지시) 질문하기",
            "morpheme": "언니/NNG+진짜/MAG+내/NP+가/JKS+좋/VA+은/ETM+꿀띱/UNKNOWN+알려줄까/VV+EC+VX+EF"
          },
          {
            "id": 13,
            "text": "2 : 키키 또 뭔데 뭔데? 뭐지요?",
            "norm_text": "키키 또 뭔데 뭔데? 뭐지요?",
            "speaker": {
              "id": "2번",
              "sex": "여성",
              "age": "20대"
            },
            "speechAct": "(지시) 질문하기",
            "morpheme": "키/NNG+키/NNG+또/MAG+뭔데/NP+VCP+EC+뭔데/NP+VCP+EF+뭐/NP+지요/VCP+EF"
          },
          {
            "id": 14,
            "text": "1 : 그 해찬들에서 나오는 고기볶음 약고추장이라고 있거든?",
            "norm_text": "그 해찬들에서 나오는 고기볶음 약고추장이라고 있거든?",
            "speaker": {
              "id": "1번",
              "sex": "여성",
              "age": "20대"
            },
            "speechAct": "(단언) 진술하기",
            "morpheme": "그/MM+해찬들/NNP+에서/JKB+나오/VV+는/ETM+고기볶음/NNG+약고추장/NNG+이/VCP+라고/EC+있/VX+거든/EF"
          },
          {
            "id": 15,
            "text": "2 : 어 나 알 것 같아 키키",
            "norm_text": "어 나 알 것 같아 키키",
            "speaker": {
              "id": "2번",
              "sex": "여성",
              "age": "20대"
            },
            "speechAct": "(단언) 진술하기",
            "morpheme": "어/IC+나/NP+알/VV+ETM+것/NNB+같/VA+아/EC+키/NNG+키/XSV+ETN"
          },
          {
            "id": 16,
            "text": "2 : 그거 누구한테 받았던 거 같은데",
            "norm_text": "그거 누구한테 받았던 거 같은데",
            "speaker": {
              "id": "2번",
              "sex": "여성",
              "age": "20대"
            },
            "speechAct": "(단언) 진술하기",
            "morpheme": "그거/NP+누구/NP+한테/JKB+받/VV+았/EP+던/ETM+거/NNB+같/VA+은데/EC"
          },
          {
            "id": 17,
            "text": "1 : 그거면 웬만한 볶음요리 맛있게 먹을 수 있음!",
            "norm_text": "그거면 웬만한 볶음요리 맛있게 먹을 수 있음!",
            "speaker": {
              "id": "1번",
              "sex": "여성",
              "age": "20대"
            },
            "speechAct": "(단언) 주장하기",
            "morpheme": "그거/NP+VCP+면/EC+웬만/XR+한/XSA+ETM+볶음/NNG+요리/NNG+맛있/VA+게/EC+먹/VV+을/ETM+수/NNB+있/VV+음/ETN"
          },
          {
            "id": 18,
            "text": "2 : 오 인터넷 뒤지러 갑니다",
            "norm_text": "오 인터넷 뒤지러 갑니다",
            "speaker": {
              "id": "2번",
              "sex": "여성",
              "age": "20대"
            },
            "speechAct": "(단언) 주장하기",
            "morpheme": "오/NR+인터넷/NNG+뒤지/VV+러/EC+갑니다/VX+EC"
          }
        ]
      }
    }
  ]
}