{
  "dataset": {
    "identifier": 127778,
    "name": "FACEBOOK_121_03_set",
    "src_path": "/data/file/cubeManager/PROJECT001/84/txt20211108155848027813/FACEBOOK_121_03_set/",
    "label_path": "/data/file/cubeManager/PROJECT001/84/txt20211108155848027813/FACEBOOK_121_03_set/",
    "category": 2,
    "type": 0
  },
  "licenses": {
    "name": "Apache License 1.0",
    "url": "http://www.apache.org/licenses/LICENSE-1.0"
  },
  "info": [
    {
      "id": 141727,
      "filename": "FACEBOOK_121_03.txt",
      "title": "FACEBOOK_121_03",
      "mediatype": "SNS",
      "medianame": "페이스북",
      "category": "일상대화",
      "date": "2021-11-08",
      "size": 400,
      "annotations": {
        "subject": "교통",
        "speaker_type": "1:1",
        "size": 400,
        "word_size": 145,
        "text": "1 : 오빠 여행 갈 때 뭐 타고 가 ?\n2 : 나는 내 자가용 타고 가는 편이야\n1 : 아 정말?\n1 : 장거리도 자가용 타?\n2 : 너는 여행 갈 때 뭐 타고 다니는데?\n1 : 나는 기차랑 버스 자주 타는 것 같아\n2 : 웅 장거리 갈 때도 나는 그냥 자가용 끌고 가는 편이야\n1 : 아 정말?\n1 : 자가용 타고 다니면 힘들지 않아?\n2 : 기차랑 버스가 편하긴 하지 키키\n1 : 맞아 키키 대신 돈이 좀 많이 들어가\n2 : 그래도 가서 또 택시 타고 다닐라면 힘들어서\n1 : 맞아~ 아님 짧게 렌트하거나 그래\n2 : 그냥 여자친구랑 내 차 타고 여행 다니는 게 편해\n1 : 그치 여자친구도 그걸 더 선호할 듯\n2 : 짧은 렌트도 나쁘진 않다\n1 : 응 그래서 쏘카나 그린카 잠깐 씩 빌려 타\n2 : 아 진짜 나도 그런 거 많이 빌렸어 키키",
        "lines": [
          {
            "id": 1,
            "text": "1 : 오빠 여행 갈 때 뭐 타고 가 ?",
            "norm_text": "오빠 여행 갈 때 뭐 타고 가 ?",
            "speaker": {
              "id": "1번",
              "sex": "여성",
              "age": "20대"
            },
            "speechAct": "(지시) 질문하기",
            "morpheme": "오빠/NNG+여행/NNG+갈/VV+ETM+때/NNG+뭐/IC+타/VV+고/EC+가/VX+EF"
          },
          {
            "id": 2,
            "text": "2 : 나는 내 자가용 타고 가는 편이야",
            "norm_text": "나는 내 자가용 타고 가는 편이야",
            "speaker": {
              "id": "2번",
              "sex": "남성",
              "age": "20대"
            },
            "speechAct": "(단언) 주장하기",
            "morpheme": "나/NP+는/JX+내자/NNP+가용/NNG+타/VV+고/EC+가/VX+는/ETM+편/NNB+이/VCP+야/EC"
          },
          {
            "id": 3,
            "text": "1 : 아 정말?",
            "norm_text": "아 정말?",
            "speaker": {
              "id": "1번",
              "sex": "여성",
              "age": "20대"
            },
            "speechAct": "턴토크 사인(관습적 반응)",
            "morpheme": "아/IC+정말/MAG"
          },
          {
            "id": 4,
            "text": "1 : 장거리도 자가용 타?",
            "norm_text": "장거리도 자가용 타?",
            "speaker": {
              "id": "1번",
              "sex": "여성",
              "age": "20대"
            },
            "speechAct": "(지시) 질문하기",
            "morpheme": "장거리/NNG+도자/NNG+가/JKS+용타/NNG"
          },
          {
            "id": 5,
            "text": "2 : 너는 여행 갈 때 뭐 타고 다니는데?",
            "norm_text": "너는 여행 갈 때 뭐 타고 다니는데?",
            "speaker": {
              "id": "2번",
              "sex": "남성",
              "age": "20대"
            },
            "speechAct": "(지시) 질문하기",
            "morpheme": "너/NP+는/JX+여행/NNG+갈/VV+ETM+때/NNG+뭐/IC+타/VV+고/EC+다니/VV+는데/EC"
          },
          {
            "id": 6,
            "text": "1 : 나는 기차랑 버스 자주 타는 것 같아",
            "norm_text": "나는 기차랑 버스 자주 타는 것 같아",
            "speaker": {
              "id": "1번",
              "sex": "여성",
              "age": "20대"
            },
            "speechAct": "(단언) 진술하기",
            "morpheme": "나/NP+는/JX+기차/NNG+랑/JKB+버스/NNG+자주/MAG+타/VV+는/ETM+것/NNB+같/VA+아/EC"
          },
          {
            "id": 7,
            "text": "2 : 웅 장거리 갈 때도 나는 그냥 자가용 끌고 가는 편이야",
            "norm_text": "웅 장거리 갈 때도 나는 그냥 자가용 끌고 가는 편이야",
            "speaker": {
              "id": "2번",
              "sex": "남성",
              "age": "20대"
            },
            "speechAct": "(단언) 진술하기",
            "morpheme": "웅장/NNG+거리/XSV+갈/EC+VX+ETM+때/NNG+도/JX+나/NP+는/JX+그냥/MAG+자가용/NNG+끌/VV+고/EC+가/VX+는/ETM+편/NNB+이/VCP+야/EC"
          },
          {
            "id": 8,
            "text": "1 : 아 정말?",
            "norm_text": "아 정말?",
            "speaker": {
              "id": "1번",
              "sex": "여성",
              "age": "20대"
            },
            "speechAct": "턴토크 사인(관습적 반응)",
            "morpheme": "아/IC+정말/MAG"
          },
          {
            "id": 9,
            "text": "1 : 자가용 타고 다니면 힘들지 않아?",
            "norm_text": "자가용 타고 다니면 힘들지 않아?",
            "speaker": {
              "id": "1번",
              "sex": "여성",
              "age": "20대"
            },
            "speechAct": "(지시) 질문하기",
            "morpheme": "자가용/NNG+타/VV+고/EC+다니/VV+면/EC+힘들/VA+지/EC+않/VX+아/EF"
          },
          {
            "id": 10,
            "text": "2 : 기차랑 버스가 편하긴 하지 키키",
            "norm_text": "기차랑 버스가 편하긴 하지 키키",
            "speaker": {
              "id": "2번",
              "sex": "남성",
              "age": "20대"
            },
            "speechAct": "(단언) 진술하기",
            "morpheme": "기차/NNG+랑/JKB+버스/NNG+가/JKS+편하/VA+긴/ETN+JX+하/VX+지/EC+키/NNG+키/XSV+ETN"
          },
          {
            "id": 11,
            "text": "1 : 맞아 키키 대신 돈이 좀 많이 들어가",
            "norm_text": "맞아 키키 대신 돈이 좀 많이 들어가",
            "speaker": {
              "id": "1번",
              "sex": "여성",
              "age": "20대"
            },
            "speechAct": "(단언) 진술하기",
            "morpheme": "맞/VV+아/EC+키/NNG+키/NNG+대신/NNG+돈/NNG+이/JKS+좀/MAG+많이/MAG+들어가/VV+EC"
          },
          {
            "id": 12,
            "text": "2 : 그래도 가서 또 택시 타고 다닐라면 힘들어서",
            "norm_text": "그래도 가서 또 택시 타고 다닐라면 힘들어서",
            "speaker": {
              "id": "2번",
              "sex": "남성",
              "age": "20대"
            },
            "speechAct": "(단언) 진술하기",
            "morpheme": "그래도/VV+EC+가/VX+서/EC+또/MAG+택시/NNG+타/VV+고/EC+다닐/VV+ETM+라면/NNG+힘들/VA+어서/EC"
          },
          {
            "id": 13,
            "text": "1 : 맞아~ 아님 짧게 렌트하거나 그래",
            "norm_text": "맞아~ 아님 짧게 렌트하거나 그래",
            "speaker": {
              "id": "1번",
              "sex": "여성",
              "age": "20대"
            },
            "speechAct": "(단언) 주장하기",
            "morpheme": "맞/VV+아/EC+~/SY+아님/VCN+ETN+짧/VA+게/EC+렌트/NNG+하/XSV+거나/EC+그래/VV+EC"
          },
          {
            "id": 14,
            "text": "2 : 그냥 여자친구랑 내 차 타고 여행 다니는 게 편해",
            "norm_text": "그냥 여자친구랑 내 차 타고 여행 다니는 게 편해",
            "speaker": {
              "id": "2번",
              "sex": "남성",
              "age": "20대"
            },
            "speechAct": "(단언) 주장하기",
            "morpheme": "그냥/MAG+여자/NNG+친구/NNG+랑/JC+내/NP+JKG+차/NNG+타/VV+고/EC+여행/NNG+다니/VV+는/ETM+게/NNB+JKS+편해/VA+EC"
          },
          {
            "id": 15,
            "text": "1 : 그치 여자친구도 그걸 더 선호할 듯",
            "norm_text": "그치 여자친구도 그걸 더 선호할 듯",
            "speaker": {
              "id": "1번",
              "sex": "여성",
              "age": "20대"
            },
            "speechAct": "(단언) 주장하기",
            "morpheme": "그치/IC+여자/NNG+친구/NNG+도/JX+그걸/NP+JKO+더/MAG+선호/NNG+할/XSV+ETM+듯/NNB"
          },
          {
            "id": 16,
            "text": "2 : 짧은 렌트도 나쁘진 않다",
            "norm_text": "짧은 렌트도 나쁘진 않다",
            "speaker": {
              "id": "2번",
              "sex": "남성",
              "age": "20대"
            },
            "speechAct": "(단언) 주장하기",
            "morpheme": "짧/VA+은/ETM+렌트/NNG+도/JX+나쁘/VA+진/EC+JX+않/VX+다/EC"
          },
          {
            "id": 17,
            "text": "1 : 응 그래서 쏘카나 그린카 잠깐 씩 빌려 타",
            "norm_text": "응 그래서 쏘카나 그린카 잠깐 씩 빌려 타",
            "speaker": {
              "id": "1번",
              "sex": "여성",
              "age": "20대"
            },
            "speechAct": "(단언) 주장하기",
            "morpheme": "응/IC+그래서/MAJ+쏘/NNP+카나/NNP+그/MM+린카/NNP+잠깐/NNG+씩/XSN+빌려/VV+EC+타/VV+EC"
          },
          {
            "id": 18,
            "text": "2 : 아 진짜 나도 그런 거 많이 빌렸어 키키",
            "norm_text": "아 진짜 나도 그런 거 많이 빌렸어 키키",
            "speaker": {
              "id": "2번",
              "sex": "남성",
              "age": "20대"
            },
            "speechAct": "(단언) 주장하기",
            "morpheme": "아/IC+진짜/MAG+나/NP+도/JX+그런/MM+거/NNB+많이/MAG+빌렸/VV+EP+어/EC+키/NNG+키/XSV+ETN"
          }
        ]
      }
    }
  ]
}