{
  "dataset": {
    "identifier": 102375,
    "name": "FACEBOOK_115_07_set",
    "src_path": "/data/file/cubeManager/PROJECT001/77/txt20211029153356029593/FACEBOOK_115_07_set/",
    "label_path": "/data/file/cubeManager/PROJECT001/77/txt20211029153356029593/FACEBOOK_115_07_set/",
    "category": 2,
    "type": 0
  },
  "licenses": {
    "name": "Apache License 1.0",
    "url": "http://www.apache.org/licenses/LICENSE-1.0"
  },
  "info": [
    {
      "id": 110955,
      "filename": "FACEBOOK_115_07.txt",
      "title": "FACEBOOK_115_07",
      "mediatype": "SNS",
      "medianame": "페이스북",
      "category": "일상대화",
      "date": "2021-10-29",
      "size": 392,
      "annotations": {
        "subject": "가족",
        "speaker_type": "1:1",
        "size": 392,
        "word_size": 139,
        "text": "1 : 언니네 가족끼리 따로 단톡방 만들었어?\n2 : 웅 우리 대가족이잖아\n2 : 단톡방 있지\n1 : 아 진짜?\n1 : 할아버지랑 할머니도 같이 들어가 계셔?\n2 : 웅 할머니만 하고 있어\n2 : 웃겨\n1 : 아 진짜?\n1 : 할머니가 어떻게 웃긴데?\n2 : 할머니 그래도 신세대야\n2 : 이모티콘 씀\n1 : 키키 오 대박\n1 : 효자폰 사드림?\n2 : 웅 맞아\n2 : 폴더 근데 터치도 돼 키키\n1 : 키키 오 대박\n1 : 그게 바로 스마트폰인 거지!\n2 : 맞아\n2 : 근데 폴더폰 웃겨 키키\n1 : 헐머니 오늘도 문자 보내셨어?\n2 : 아니\n2 : 요새는 뜸 하네?\n1 : 키키 왜 요즘에 다른 공부하시나?\n2 : 우리도 말 잘 안하니까 키키\n1 : 키키 말벗을 해드려야지~\n1 : 그래야 타자가 늘지~\n2 : 나도 바쁘잖아 요새 일하기 ㅜㅜ",
        "lines": [
          {
            "id": 1,
            "text": "1 : 언니네 가족끼리 따로 단톡방 만들었어?",
            "norm_text": "언니네 가족끼리 따로 단톡방 만들었어?",
            "speaker": {
              "id": "1번",
              "sex": "여성",
              "age": "20대"
            },
            "speechAct": "(지시) 질문하기",
            "morpheme": "언니네/NNP+가족/NNG+끼리/XSN+따로/MAG+단/VA+ETM+톡/NNG+방/NNG+만들/VV+었/EP+어/EF"
          },
          {
            "id": 2,
            "text": "2 : 웅 우리 대가족이잖아",
            "norm_text": "웅 우리 대가족이잖아",
            "speaker": {
              "id": "2번",
              "sex": "여성",
              "age": "20대"
            },
            "speechAct": "(단언) 진술하기",
            "morpheme": "웅/IC+우리/NP+대/XPN+가족/NNG+이/VCP+잖아/EC"
          },
          {
            "id": 3,
            "text": "2 : 단톡방 있지",
            "norm_text": "단톡방 있지",
            "speaker": {
              "id": "2번",
              "sex": "여성",
              "age": "20대"
            },
            "speechAct": "(단언) 진술하기",
            "morpheme": "단/MM+톡/NNG+방/NNG+있/VV+지/EC"
          },
          {
            "id": 4,
            "text": "1 : 아 진짜?",
            "norm_text": "아 진짜?",
            "speaker": {
              "id": "1번",
              "sex": "여성",
              "age": "20대"
            },
            "speechAct": "(지시) 질문하기",
            "morpheme": "아/IC+진짜/MAG"
          },
          {
            "id": 5,
            "text": "1 : 할아버지랑 할머니도 같이 들어가 계셔?",
            "norm_text": "할아버지랑 할머니도 같이 들어가 계셔?",
            "speaker": {
              "id": "1번",
              "sex": "여성",
              "age": "20대"
            },
            "speechAct": "(지시) 질문하기",
            "morpheme": "할아버지/NNG+랑/JKB+할머니/NNG+도/JX+같이/MAG+들어가/VV+EC+계셔/VX+EF"
          },
          {
            "id": 6,
            "text": "2 : 웅 할머니만 하고 있어",
            "norm_text": "웅 할머니만 하고 있어",
            "speaker": {
              "id": "2번",
              "sex": "여성",
              "age": "20대"
            },
            "speechAct": "(단언) 진술하기",
            "morpheme": "웅/IC+할머니/NNG+만/JX+하/VV+고/EC+있/VX+어/EC"
          },
          {
            "id": 7,
            "text": "2 : 웃겨",
            "norm_text": "웃겨",
            "speaker": {
              "id": "2번",
              "sex": "여성",
              "age": "20대"
            },
            "speechAct": "(단언) 주장하기",
            "morpheme": "웃겨/VV+EC"
          },
          {
            "id": 8,
            "text": "1 : 아 진짜?",
            "norm_text": "아 진짜?",
            "speaker": {
              "id": "1번",
              "sex": "여성",
              "age": "20대"
            },
            "speechAct": "(지시) 질문하기",
            "morpheme": "아/IC+진짜/MAG"
          },
          {
            "id": 9,
            "text": "1 : 할머니가 어떻게 웃긴데?",
            "norm_text": "할머니가 어떻게 웃긴데?",
            "speaker": {
              "id": "1번",
              "sex": "여성",
              "age": "20대"
            },
            "speechAct": "(지시) 질문하기",
            "morpheme": "할머니/NNG+가/JKS+어떻게/MAG+웃긴데/VV+EF"
          },
          {
            "id": 10,
            "text": "2 : 할머니 그래도 신세대야",
            "norm_text": "할머니 그래도 신세대야",
            "speaker": {
              "id": "2번",
              "sex": "여성",
              "age": "20대"
            },
            "speechAct": "(단언) 주장하기",
            "morpheme": "할머니/NNG+그래도/VV+EC+신/XPN+세대/NNG+야/VCP+EF"
          },
          {
            "id": 11,
            "text": "2 : 이모티콘 씀",
            "norm_text": "이모티콘 씀",
            "speaker": {
              "id": "2번",
              "sex": "여성",
              "age": "20대"
            },
            "speechAct": "(단언) 진술하기",
            "morpheme": "이모티콘/NNG+씀/VV+ETN"
          },
          {
            "id": 12,
            "text": "1 : 키키 오 대박",
            "norm_text": "키키 오 대박",
            "speaker": {
              "id": "1번",
              "sex": "여성",
              "age": "20대"
            },
            "speechAct": "(단언) 주장하기",
            "morpheme": "키/NNG+키/XSV+ETN+오/NR+대박/NNG"
          },
          {
            "id": 13,
            "text": "1 : 효자폰 사드림?",
            "norm_text": "효자폰 사드림?",
            "speaker": {
              "id": "1번",
              "sex": "여성",
              "age": "20대"
            },
            "speechAct": "(지시) 질문하기",
            "morpheme": "효자폰사드림/UNKNOWN"
          },
          {
            "id": 14,
            "text": "2 : 웅 맞아",
            "norm_text": "웅 맞아",
            "speaker": {
              "id": "2번",
              "sex": "여성",
              "age": "20대"
            },
            "speechAct": "(단언) 주장하기",
            "morpheme": "웅/MAG+맞/VV+아/EC"
          },
          {
            "id": 15,
            "text": "2 : 폴더 근데 터치도 돼 키키",
            "norm_text": "폴더 근데 터치도 돼 키키",
            "speaker": {
              "id": "2번",
              "sex": "여성",
              "age": "20대"
            },
            "speechAct": "(단언) 진술하기",
            "morpheme": "폴더/NNG+근데/MAJ+터치/NNG+도/JX+돼/VV+EC+키/NNG+키/XSV+ETN"
          },
          {
            "id": 16,
            "text": "1 : 키키 오 대박",
            "norm_text": "키키 오 대박",
            "speaker": {
              "id": "1번",
              "sex": "여성",
              "age": "20대"
            },
            "speechAct": "(단언) 주장하기",
            "morpheme": "키/NNG+키/XSV+ETN+오/NR+대박/NNG"
          },
          {
            "id": 17,
            "text": "1 : 그게 바로 스마트폰인 거지!",
            "norm_text": "그게 바로 스마트폰인 거지!",
            "speaker": {
              "id": "1번",
              "sex": "여성",
              "age": "20대"
            },
            "speechAct": "(단언) 주장하기",
            "morpheme": "그게/NP+JKS+바로/MAG+스마트폰/NNP+인/VCP+ETM+거/NNB+지/VCP+EF"
          },
          {
            "id": 18,
            "text": "2 : 맞아",
            "norm_text": "맞아",
            "speaker": {
              "id": "2번",
              "sex": "여성",
              "age": "20대"
            },
            "speechAct": "(단언) 주장하기",
            "morpheme": "맞/VV+아/EC"
          },
          {
            "id": 19,
            "text": "2 : 근데 폴더폰 웃겨 키키",
            "norm_text": "근데 폴더폰 웃겨 키키",
            "speaker": {
              "id": "2번",
              "sex": "여성",
              "age": "20대"
            },
            "speechAct": "(단언) 주장하기",
            "morpheme": "근데/MAJ+폴더/NNG+폰/NNG+웃겨/VV+EC+키/NNG+키/XSV+ETN"
          },
          {
            "id": 20,
            "text": "1 : 헐머니 오늘도 문자 보내셨어?",
            "norm_text": "헐머니 오늘도 문자 보내셨어?",
            "speaker": {
              "id": "1번",
              "sex": "여성",
              "age": "20대"
            },
            "speechAct": "(지시) 질문하기",
            "morpheme": "헐/IC+머니/NNG+오늘/NNG+도/JX+문자/NNG+보내/VV+셨/EP+EP+어/EF"
          },
          {
            "id": 21,
            "text": "2 : 아니",
            "norm_text": "아니",
            "speaker": {
              "id": "2번",
              "sex": "여성",
              "age": "20대"
            },
            "speechAct": "(단언) 진술하기",
            "morpheme": "아니/IC"
          },
          {
            "id": 22,
            "text": "2 : 요새는 뜸 하네?",
            "norm_text": "요새는 뜸 하네?",
            "speaker": {
              "id": "2번",
              "sex": "여성",
              "age": "20대"
            },
            "speechAct": "(단언) 진술하기",
            "morpheme": "요새/NNG+는/JX+뜸/XR+하/XSA+네/EF"
          },
          {
            "id": 23,
            "text": "1 : 키키 왜 요즘에 다른 공부하시나?",
            "norm_text": "키키 왜 요즘에 다른 공부하시나?",
            "speaker": {
              "id": "1번",
              "sex": "여성",
              "age": "20대"
            },
            "speechAct": "(지시) 질문하기",
            "morpheme": "키/NNG+키/XSV+ETN+왜/MAG+요즘/NNG+에/JKB+다른/MM+공부/NNG+하/XSV+시/EP+나/EF"
          },
          {
            "id": 24,
            "text": "2 : 우리도 말 잘 안하니까 키키",
            "norm_text": "우리도 말 잘 안하니까 키키",
            "speaker": {
              "id": "2번",
              "sex": "여성",
              "age": "20대"
            },
            "speechAct": "(단언) 진술하기",
            "morpheme": "우리/NP+도/JX+말/NNG+잘/MAG+안/MAG+하/VV+니까/EC+키/NNG+키/XSV+ETN"
          },
          {
            "id": 25,
            "text": "1 : 키키 말벗을 해드려야지~",
            "norm_text": "키키 말벗을 해드려야지~",
            "speaker": {
              "id": "1번",
              "sex": "여성",
              "age": "20대"
            },
            "speechAct": "(단언) 주장하기",
            "morpheme": "키/NNG+키/NNG+말벗/NNG+을/JKO+해드려야/VV+EC+VX+EC+VX+지/EC+~/SY"
          },
          {
            "id": 26,
            "text": "1 : 그래야 타자가 늘지~",
            "norm_text": "그래야 타자가 늘지~",
            "speaker": {
              "id": "1번",
              "sex": "여성",
              "age": "20대"
            },
            "speechAct": "(단언) 주장하기",
            "morpheme": "그래야/MAJ+타자/NNG+가/JKS+늘/VV+지/EC+~/SY"
          },
          {
            "id": 27,
            "text": "2 : 나도 바쁘잖아 요새 일하기 ㅜㅜ",
            "norm_text": "나도 바쁘잖아 요새 일하기 ㅜㅜ",
            "speaker": {
              "id": "2번",
              "sex": "여성",
              "age": "20대"
            },
            "speechAct": "(단언) 주장하기",
            "morpheme": "나/NP+도/JX+바쁘/VA+잖아요/EF+새/MM+일/NNG+하/XSV+기/ETN+ㅜㅜ/UNKNOWN"
          }
        ]
      }
    }
  ]
}