{
  "dataset": {
    "identifier": 118412,
    "name": "FACEBOOK_110_08_set",
    "src_path": "/data/file/cubeManager/PROJECT001/80/txt20211102153319033259/FACEBOOK_110_08_set/",
    "label_path": "/data/file/cubeManager/PROJECT001/80/txt20211102153319033259/FACEBOOK_110_08_set/",
    "category": 2,
    "type": 0
  },
  "licenses": {
    "name": "Apache License 1.0",
    "url": "http://www.apache.org/licenses/LICENSE-1.0"
  },
  "info": [
    {
      "id": 130012,
      "filename": "FACEBOOK_110_08.txt",
      "title": "FACEBOOK_110_08",
      "mediatype": "SNS",
      "medianame": "페이스북",
      "category": "일상대화",
      "date": "2021-11-02",
      "size": 405,
      "annotations": {
        "subject": "연애/결혼",
        "speaker_type": "1:1",
        "size": 405,
        "word_size": 142,
        "text": "1 : 언니 나 오늘이 기념일이야,\n2 : 무슨 기념일? 남친이랑? 아님?\n1 : 웅 맞아,\n1 : 7주년이야, 슬프댜,\n2 : 헐 칠주년인데 뭐해? 안 만나,\n1 : 뭐해, 둘 다 일했지 뭐,\n2 : 데이트 안 해?\n2 : 이제 감흥 없는 거야?\n1 : 데이트,? 그런 거 없어,\n1 : 근데 더 슬픈 게 뭔 줄 알아?\n2 : 키키 왜 뭔데 또 별로 듣기 싫다 ㅜㅜ\n1 : 핸드폰이 눈치 없이 작년 이맘 때 사진 올리더라,\n2 : 키키 작년 이맘 때 뭐했는데?\n1 : 작년 이맘 때 남친이랑 6주년으로 여행 간 거,\n2 : 근데 왜 이번엔 뭐 안해?!\n1 : 어, 이번에는 둘 다 바빠서 안 하기로 했어,\n2 : ㅠㅠ 와 칠년 진짜 정이겠네 지금은\n1 : ㅜㅜ 지금은 남친 연락도 안 돼,  야간 근무래,\n2 : 아이고 ㅜ 그래도 축하해 내가 해줄게 키키",
        "lines": [
          {
            "id": 1,
            "text": "1 : 언니 나 오늘이 기념일이야,",
            "norm_text": "언니 나 오늘이 기념일이야,",
            "speaker": {
              "id": "1번",
              "sex": "여성",
              "age": "20대"
            },
            "speechAct": "(단언) 진술하기",
            "morpheme": "언니/NNG+나/JC+오늘/NNG+이/JKS+기념일/NNG+이/VCP+야/EF+,/SC"
          },
          {
            "id": 2,
            "text": "2 : 무슨 기념일? 남친이랑? 아님?",
            "norm_text": "무슨 기념일? 남친이랑? 아님?",
            "speaker": {
              "id": "2번",
              "sex": "여성",
              "age": "20대"
            },
            "speechAct": "(지시) 질문하기",
            "morpheme": "무슨/MM+기념일/NNG+?/SY+남친/NNG+이랑/JC+아님/VCN+ETN"
          },
          {
            "id": 3,
            "text": "1 : 웅 맞아,",
            "norm_text": "웅 맞아,",
            "speaker": {
              "id": "1번",
              "sex": "여성",
              "age": "20대"
            },
            "speechAct": "(단언) 진술하기",
            "morpheme": "웅/MAG+맞/VV+아/EC+,/SC"
          },
          {
            "id": 4,
            "text": "1 : 7주년이야, 슬프댜,",
            "norm_text": "7주년이야, 슬프댜,",
            "speaker": {
              "id": "1번",
              "sex": "여성",
              "age": "20대"
            },
            "speechAct": "(단언) 주장하기",
            "morpheme": "7/SN+주년/NNBC+이/VCP+야/EF+,/SC+슬프/VA+댜/EF+,/SC"
          },
          {
            "id": 5,
            "text": "2 : 헐 칠주년인데 뭐해? 안 만나,",
            "norm_text": "헐 칠주년인데 뭐해? 안 만나,",
            "speaker": {
              "id": "2번",
              "sex": "여성",
              "age": "20대"
            },
            "speechAct": "(지시) 질문하기",
            "morpheme": "헐/IC+칠/NR+주년/NNBC+인데/VCP+EC+뭐/IC+해/VV+EF+안/MAG+만나/VV+EC+,/SC"
          },
          {
            "id": 6,
            "text": "1 : 뭐해, 둘 다 일했지 뭐,",
            "norm_text": "뭐해, 둘 다 일했지 뭐,",
            "speaker": {
              "id": "1번",
              "sex": "여성",
              "age": "20대"
            },
            "speechAct": "(단언) 진술하기",
            "morpheme": "뭐/IC+해/VV+EF+,/SC+둘/NR+다일/NNG+했/XSV+EP+지/EF+뭐/IC+,/SC"
          },
          {
            "id": 7,
            "text": "2 : 데이트 안 해?",
            "norm_text": "데이트 안 해?",
            "speaker": {
              "id": "2번",
              "sex": "여성",
              "age": "20대"
            },
            "speechAct": "(지시) 질문하기",
            "morpheme": "데이트/NNG+안/MAG+해/VV+EF"
          },
          {
            "id": 8,
            "text": "2 : 이제 감흥 없는 거야?",
            "norm_text": "이제 감흥 없는 거야?",
            "speaker": {
              "id": "2번",
              "sex": "여성",
              "age": "20대"
            },
            "speechAct": "(지시) 질문하기",
            "morpheme": "이제/MAG+감흥/NNG+없/VA+는/ETM+거/NNB+야/VCP+EF"
          },
          {
            "id": 9,
            "text": "1 : 데이트,? 그런 거 없어,",
            "norm_text": "데이트,? 그런 거 없어,",
            "speaker": {
              "id": "1번",
              "sex": "여성",
              "age": "20대"
            },
            "speechAct": "(단언) 진술하기",
            "morpheme": "데이트/NNG+,/SC+?/SY+그런/MM+거/NNB+없/VA+어/EF+,/SC"
          },
          {
            "id": 10,
            "text": "1 : 근데 더 슬픈 게 뭔 줄 알아?",
            "norm_text": "근데 더 슬픈 게 뭔 줄 알아?",
            "speaker": {
              "id": "1번",
              "sex": "여성",
              "age": "20대"
            },
            "speechAct": "(지시) 질문하기",
            "morpheme": "근데/MAJ+더/MAG+슬픈/VA+ETM+게/NNB+JKS+뭔줄/NP+JX+NNB+알/VV+아/EF"
          },
          {
            "id": 11,
            "text": "2 : 키키 왜 뭔데 또 별로 듣기 싫다 ㅜㅜ",
            "norm_text": "키키 왜 뭔데 또 별로 듣기 싫다 ㅜㅜ",
            "speaker": {
              "id": "2번",
              "sex": "여성",
              "age": "20대"
            },
            "speechAct": "(단언) 주장하기",
            "morpheme": "키/NNG+키/XSV+ETN+왜/MAG+뭔데/NP+VCP+EC+또/MAG+별로/MAG+듣/VV+기/ETN+싫/VA+다/EF+ㅜㅜ/UNKNOWN"
          },
          {
            "id": 12,
            "text": "1 : 핸드폰이 눈치 없이 작년 이맘 때 사진 올리더라,",
            "norm_text": "핸드폰이 눈치 없이 작년 이맘 때 사진 올리더라,",
            "speaker": {
              "id": "1번",
              "sex": "여성",
              "age": "20대"
            },
            "speechAct": "(단언) 진술하기",
            "morpheme": "핸드폰이눈치없이작년이맘때사진올리더라/UNKNOWN+,/SC"
          },
          {
            "id": 13,
            "text": "2 : 키키 작년 이맘 때 뭐했는데?",
            "norm_text": "키키 작년 이맘 때 뭐했는데?",
            "speaker": {
              "id": "2번",
              "sex": "여성",
              "age": "20대"
            },
            "speechAct": "(지시) 질문하기",
            "morpheme": "키/NNG+키/NNG+작년/NNG+이맘때/MAG+뭐/IC+했/VV+EP+는데/EF"
          },
          {
            "id": 14,
            "text": "1 : 작년 이맘 때 남친이랑 6주년으로 여행 간 거,",
            "norm_text": "작년 이맘 때 남친이랑 6주년으로 여행 간 거,",
            "speaker": {
              "id": "1번",
              "sex": "여성",
              "age": "20대"
            },
            "speechAct": "(단언) 진술하기",
            "morpheme": "작년/NNG+이맘때/NNG+남친/NNG+이랑/JC+6/SN+주년/NNBC+으로/JKB+여행/NNG+간/VV+ETM+거/NNB+,/SC"
          },
          {
            "id": 15,
            "text": "2 : 근데 왜 이번엔 뭐 안해?!",
            "norm_text": "근데 왜 이번엔 뭐 안해?!",
            "speaker": {
              "id": "2번",
              "sex": "여성",
              "age": "20대"
            },
            "speechAct": "(지시) 질문하기",
            "morpheme": "근데/MAJ+왜/MAG+이번/NNG+엔/JKB+JX+뭐/IC+안/MAG+해/VV+EC+?/SY"
          },
          {
            "id": 16,
            "text": "1 : 어, 이번에는 둘 다 바빠서 안 하기로 했어,",
            "norm_text": "어, 이번에는 둘 다 바빠서 안 하기로 했어,",
            "speaker": {
              "id": "1번",
              "sex": "여성",
              "age": "20대"
            },
            "speechAct": "(단언) 주장하기",
            "morpheme": "어/IC+,/SC+이번/NNG+에/JKB+는/JX+둘/NR+다/MAG+바빠서/VA+EC+안/MAG+하/VV+기/ETN+로/JKB+했/VV+EP+어/EF+,/SC"
          },
          {
            "id": 17,
            "text": "2 : ㅠㅠ 와 칠년 진짜 정이겠네 지금은",
            "norm_text": "ㅠㅠ 와 칠년 진짜 정이겠네 지금은",
            "speaker": {
              "id": "2번",
              "sex": "여성",
              "age": "20대"
            },
            "speechAct": "(단언) 주장하기",
            "morpheme": "ㅠㅠ/UNKNOWN+와/JC+칠/NR+년/NNBC+진짜/MAG+정/NNG+이/VCP+겠/EP+네/EF+지금/MAG+은/JX"
          },
          {
            "id": 18,
            "text": "1 : ㅜㅜ 지금은 남친 연락도 안 돼,  야간 근무래,",
            "norm_text": "ㅜㅜ 지금은 남친 연락도 안 돼,  야간 근무래,",
            "speaker": {
              "id": "1번",
              "sex": "여성",
              "age": "20대"
            },
            "speechAct": "(단언) 진술하기",
            "morpheme": "ㅜㅜ지금은남친연락도안돼/UNKNOWN+,/SC+야간/NNG+근무/NNG+래/VCP+EF+,/SC"
          },
          {
            "id": 19,
            "text": "2 : 아이고 ㅜ 그래도 축하해 내가 해줄게 키키",
            "norm_text": "아이고 ㅜ 그래도 축하해 내가 해줄게 키키",
            "speaker": {
              "id": "2번",
              "sex": "여성",
              "age": "20대"
            },
            "speechAct": "(단언) 주장하기",
            "morpheme": "아이/NNG+고ㅜ/UNKNOWN+그래도/VV+EC+축하/NNG+해/XSV+EC+내/NP+가/JKS+해/VV+EC+줄/VX+ETM+게/NNB+JKS+키/NNG+키/XSV+ETN"
          }
        ]
      }
    }
  ]
}