{
  "dataset": {
    "identifier": 118168,
    "name": "FACEBOOK_117_19_set",
    "src_path": "/data/file/cubeManager/PROJECT001/80/txt20211102103331043285/FACEBOOK_117_19_set/",
    "label_path": "/data/file/cubeManager/PROJECT001/80/txt20211102103331043285/FACEBOOK_117_19_set/",
    "category": 2,
    "type": 0
  },
  "licenses": {
    "name": "Apache License 1.0",
    "url": "http://www.apache.org/licenses/LICENSE-1.0"
  },
  "info": [
    {
      "id": 129662,
      "filename": "FACEBOOK_117_19.txt",
      "title": "FACEBOOK_117_19",
      "mediatype": "SNS",
      "medianame": "페이스북",
      "category": "일상대화",
      "date": "2021-11-02",
      "size": 399,
      "annotations": {
        "subject": "방송/연예",
        "speaker_type": "1:1",
        "size": 399,
        "word_size": 140,
        "text": "1 : 언니 웹툰 잘 안 본다고 했나?\n2 : 웅 나 안 보지 왜?\n1 : 그렇구나 봤다가 안 보는 거야?\n2 : 웅 예전에 봤다가 그거 잘 안 보지\n1 : 예전에는 어떤 웹툰 봤었어?\n2 : 예전에는 강남언 니나 연애 혁명이였나? 맞지\n1 : 언니는 그러면 네이버 웹툰 탑인 노블레스 안 봤어?\n2 : 키키 봤지\n2 : 근데 그거 끝은 났니?\n1 : 어 그거 끝났어 ㅜㅜ\n1 : 완결 났어!\n2 : 끝 어떻게 됐어? 궁금\n1 : 너와 나의 눈높이좌 죽었어 ㅜㅜ\n1 : 아 영면 들었어 ㅜㅜ\n2 : 또? 그거 영면에서 깨어나서 학교 다니는 거 아니였나\n1 : 어 맞아 근데 힘을 다 써서 영면 들고 외전에 다시 깸!\n2 : 그럼 그 노란색 머리는 어떻게 돼?\n1 : 키키 걔는 계속 눈높이좌 기다리고 있었지~\n2 : 와 소름 돋았어 봐야겠다 감사",
        "lines": [
          {
            "id": 1,
            "text": "1 : 언니 웹툰 잘 안 본다고 했나?",
            "norm_text": "언니 웹툰 잘 안 본다고 했나?",
            "speaker": {
              "id": "1번",
              "sex": "여성",
              "age": "20대"
            },
            "speechAct": "(지시) 질문하기",
            "morpheme": "언니/NNG+웹툰/NNP+잘/MAG+안/MAG+본다고/VV+EC+했/VX+EP+나/EF"
          },
          {
            "id": 2,
            "text": "2 : 웅 나 안 보지 왜?",
            "norm_text": "웅 나 안 보지 왜?",
            "speaker": {
              "id": "2번",
              "sex": "여성",
              "age": "20대"
            },
            "speechAct": "(지시) 질문하기",
            "morpheme": "웅/IC+나/NP+안/MAG+보/VV+지/EF+왜/MAG"
          },
          {
            "id": 3,
            "text": "1 : 그렇구나 봤다가 안 보는 거야?",
            "norm_text": "그렇구나 봤다가 안 보는 거야?",
            "speaker": {
              "id": "1번",
              "sex": "여성",
              "age": "20대"
            },
            "speechAct": "(지시) 질문하기",
            "morpheme": "그렇/VA+구나/EC+봤/VX+EP+다가/EC+안/MAG+보/VV+는/ETM+거/NNB+야/VCP+EF"
          },
          {
            "id": 4,
            "text": "2 : 웅 예전에 봤다가 그거 잘 안 보지",
            "norm_text": "웅 예전에 봤다가 그거 잘 안 보지",
            "speaker": {
              "id": "2번",
              "sex": "여성",
              "age": "20대"
            },
            "speechAct": "(단언) 진술하기",
            "morpheme": "웅/IC+예전/NNG+에/JKB+봤/VV+EP+다가/EC+그거/NP+잘/MAG+안/MAG+보/VV+지/EC"
          },
          {
            "id": 5,
            "text": "1 : 예전에는 어떤 웹툰 봤었어?",
            "norm_text": "예전에는 어떤 웹툰 봤었어?",
            "speaker": {
              "id": "1번",
              "sex": "여성",
              "age": "20대"
            },
            "speechAct": "(지시) 질문하기",
            "morpheme": "예전/NNG+에/JKB+는/JX+어떤/MM+웹툰/NNP+봤었/VV+EP+어/EF"
          },
          {
            "id": 6,
            "text": "2 : 예전에는 강남언 니나 연애 혁명이였나? 맞지",
            "norm_text": "예전에는 강남언 니나 연애 혁명이였나? 맞지",
            "speaker": {
              "id": "2번",
              "sex": "여성",
              "age": "20대"
            },
            "speechAct": "(단언) 진술하기",
            "morpheme": "예전/NNG+에/JKB+는/JX+강남/NNP+언니/NNG+나/JC+연애/NNG+혁명/NNG+이/VCP+였/EP+나/EF+맞/VV+지/EC"
          },
          {
            "id": 7,
            "text": "1 : 언니는 그러면 네이버 웹툰 탑인 노블레스 안 봤어?",
            "norm_text": "언니는 그러면 네이버 웹툰 탑인 노블레스 안 봤어?",
            "speaker": {
              "id": "1번",
              "sex": "여성",
              "age": "20대"
            },
            "speechAct": "(지시) 질문하기",
            "morpheme": "언니/NNG+는/JX+그러/VV+면/EC+네이버/NNP+웹툰/NNP+탑/NNG+인/VCP+ETM+노블레스/NNP+안/MAG+봤/VV+EP+어/EF"
          },
          {
            "id": 8,
            "text": "2 : 키키 봤지",
            "norm_text": "키키 봤지",
            "speaker": {
              "id": "2번",
              "sex": "여성",
              "age": "20대"
            },
            "speechAct": "(단언) 진술하기",
            "morpheme": "키/NNG+키/XSV+ETN+봤/VV+EP+지/EC"
          },
          {
            "id": 9,
            "text": "2 : 근데 그거 끝은 났니?",
            "norm_text": "근데 그거 끝은 났니?",
            "speaker": {
              "id": "2번",
              "sex": "여성",
              "age": "20대"
            },
            "speechAct": "(지시) 질문하기",
            "morpheme": "근데/MAJ+그거/NP+끝/NNG+은/JX+났/VV+EP+니/EF"
          },
          {
            "id": 10,
            "text": "1 : 어 그거 끝났어 ㅜㅜ",
            "norm_text": "어 그거 끝났어 ㅜㅜ",
            "speaker": {
              "id": "1번",
              "sex": "여성",
              "age": "20대"
            },
            "speechAct": "(단언) 진술하기",
            "morpheme": "어그거끝났어ㅜㅜ/UNKNOWN"
          },
          {
            "id": 11,
            "text": "1 : 완결 났어!",
            "norm_text": "완결 났어!",
            "speaker": {
              "id": "1번",
              "sex": "여성",
              "age": "20대"
            },
            "speechAct": "(단언) 진술하기",
            "morpheme": "완결/NNG+났/VV+EP+어/EF"
          },
          {
            "id": 12,
            "text": "2 : 끝 어떻게 됐어? 궁금",
            "norm_text": "끝 어떻게 됐어? 궁금",
            "speaker": {
              "id": "2번",
              "sex": "여성",
              "age": "20대"
            },
            "speechAct": "(지시) 질문하기",
            "morpheme": "끝/NNG+어떻게/MAG+됐/VV+EP+어/EF+궁금/XR"
          },
          {
            "id": 13,
            "text": "1 : 너와 나의 눈높이좌 죽었어 ㅜㅜ",
            "norm_text": "너와 나의 눈높이좌 죽었어 ㅜㅜ",
            "speaker": {
              "id": "1번",
              "sex": "여성",
              "age": "20대"
            },
            "speechAct": "(단언) 진술하기",
            "morpheme": "너/NP+와/JKB+나/NP+의/JKG+눈높이/NNG+좌/NNG+죽/VV+었/EP+어/EF+ㅜㅜ/UNKNOWN"
          },
          {
            "id": 14,
            "text": "1 : 아 영면 들었어 ㅜㅜ",
            "norm_text": "아 영면 들었어 ㅜㅜ",
            "speaker": {
              "id": "1번",
              "sex": "여성",
              "age": "20대"
            },
            "speechAct": "(단언) 진술하기",
            "morpheme": "아영면들었어ㅜㅜ/UNKNOWN"
          },
          {
            "id": 15,
            "text": "2 : 또? 그거 영면에서 깨어나서 학교 다니는 거 아니였나",
            "norm_text": "또? 그거 영면에서 깨어나서 학교 다니는 거 아니였나",
            "speaker": {
              "id": "2번",
              "sex": "여성",
              "age": "20대"
            },
            "speechAct": "(단언) 주장하기",
            "morpheme": "또/MAG+그거/NP+영면/NNG+에서/JKB+깨어나/VV+서/EC+학교/NNG+다니/VV+는/ETM+거/NNB+아니/VCN+였/EP+나/EC"
          },
          {
            "id": 16,
            "text": "1 : 어 맞아 근데 힘을 다 써서 영면 들고 외전에 다시 깸!",
            "norm_text": "어 맞아 근데 힘을 다 써서 영면 들고 외전에 다시 깸!",
            "speaker": {
              "id": "1번",
              "sex": "여성",
              "age": "20대"
            },
            "speechAct": "(단언) 진술하기",
            "morpheme": "어/IC+맞아/IC+근데/MAJ+힘/NNG+을/JKO+다/MAG+써서/VV+EC+영면/NNG+들/VV+고/EC+외전/NNG+에/JKB+다시/MAG+깸/VV+ETN"
          },
          {
            "id": 17,
            "text": "2 : 그럼 그 노란색 머리는 어떻게 돼?",
            "norm_text": "그럼 그 노란색 머리는 어떻게 돼?",
            "speaker": {
              "id": "2번",
              "sex": "여성",
              "age": "20대"
            },
            "speechAct": "(지시) 질문하기",
            "morpheme": "그럼/MAJ+그/MM+노란색/NNG+머리/NNG+는/JX+어떻게/MAG+돼/VV+EF"
          },
          {
            "id": 18,
            "text": "1 : 키키 걔는 계속 눈높이좌 기다리고 있었지~",
            "norm_text": "키키 걔는 계속 눈높이좌 기다리고 있었지~",
            "speaker": {
              "id": "1번",
              "sex": "여성",
              "age": "20대"
            },
            "speechAct": "(단언) 진술하기",
            "morpheme": "키키걔는계속눈높이좌기다리고있었지/UNKNOWN+~/SY"
          },
          {
            "id": 19,
            "text": "2 : 와 소름 돋았어 봐야겠다 감사",
            "norm_text": "와 소름 돋았어 봐야겠다 감사",
            "speaker": {
              "id": "2번",
              "sex": "여성",
              "age": "20대"
            },
            "speechAct": "(표현) 감사하기",
            "morpheme": "와/IC+소름/NNG+돋/VV+았/EP+어/EC+봐야/VX+EC+VV+겠/EP+다/EC+감사/NNG"
          }
        ]
      }
    }
  ]
}