{
  "dataset": {
    "identifier": 104190,
    "name": "FACEBOOK_108_09_set",
    "src_path": "/data/file/cubeManager/PROJECT001/77/txt20211029160805044725/FACEBOOK_108_09_set/",
    "label_path": "/data/file/cubeManager/PROJECT001/77/txt20211029160805044725/FACEBOOK_108_09_set/",
    "category": 2,
    "type": 0
  },
  "licenses": {
    "name": "Apache License 1.0",
    "url": "http://www.apache.org/licenses/LICENSE-1.0"
  },
  "info": [
    {
      "id": 111297,
      "filename": "FACEBOOK_108_09.txt",
      "title": "FACEBOOK_108_09",
      "mediatype": "SNS",
      "medianame": "페이스북",
      "category": "일상대화",
      "date": "2021-10-29",
      "size": 455,
      "annotations": {
        "subject": "반려동물",
        "speaker_type": "1:1",
        "size": 455,
        "word_size": 154,
        "text": "1 : 우리 집에는 냥냥이가 한 마리가 있어!\n2 : 헐 진짜?\n2 : 이름은 뭐야?\n1 : 우리 애기 이름은 오복이야 귀엽지!?\n2 : 오복이 사진 많이 찍었겠네 하하\n1 : 응 당연하지 완전 도도해!\n2 : 키키 고양이는 약간 까칠하다던데 오복이는 어때?\n1 : 맞아\n1 : 까칠 오브 까칠이지\n1 : 까질하면 우리 오복이!\n2 : 키키 고양이 케어 하기 힘들겠다\n1 : 키키 아니\n1 : 오히려 케어하기 완전 쉽지!\n1 : 산책도 안 하고 밥도 알아서 잘 먹고!\n2 : 아 그런가 그러고 보니 그런 거 같기도 하다!\n1 : 어 배고프면 우리 깨워 키키 집사야 밥 내놔라 이러면서!\n2 : 키키 완전 똑똑하네 고양이 너무 귀여워 ㅠ\n1 : 그리고 간식 먹고 싶으면 우리한테 애교 부려!\n2 : 키키 완전 영리하잖아 ㅠㅠ 간식 백만번 주고 싶다\n1 : 키키 맞아\n1 : 근데 살찔까 봐 하루에 두 개씩 밖에 못 줘!\n2 : 헐ㅠㅠ 간식 더 주고 싶다",
        "lines": [
          {
            "id": 1,
            "text": "1 : 우리 집에는 냥냥이가 한 마리가 있어!",
            "norm_text": "우리 집에는 냥냥이가 한 마리가 있어!",
            "speaker": {
              "id": "1번",
              "sex": "여성",
              "age": "20대"
            },
            "speechAct": "(단언) 진술하기",
            "morpheme": "우리/NP+집/NNG+에/JKB+는/JX+냥냥/UNKNOWN+이/NP+가/JKS+한/MM+마리/NNBC+가/JKS+있/VA+어/EF"
          },
          {
            "id": 2,
            "text": "2 : 헐 진짜?",
            "norm_text": "헐 진짜?",
            "speaker": {
              "id": "2번",
              "sex": "여성",
              "age": "20대"
            },
            "speechAct": "(지시) 질문하기",
            "morpheme": "헐/IC+진짜/MAG"
          },
          {
            "id": 3,
            "text": "2 : 이름은 뭐야?",
            "norm_text": "이름은 뭐야?",
            "speaker": {
              "id": "2번",
              "sex": "여성",
              "age": "20대"
            },
            "speechAct": "(지시) 질문하기",
            "morpheme": "이름/NNG+은/JX+뭐/NP+야/VCP+EF"
          },
          {
            "id": 4,
            "text": "1 : 우리 애기 이름은 오복이야 귀엽지!?",
            "norm_text": "우리 애기 이름은 오복이야 귀엽지!?",
            "speaker": {
              "id": "1번",
              "sex": "여성",
              "age": "20대"
            },
            "speechAct": "(단언) 주장하기",
            "morpheme": "우리/NP+애기/NNG+이름/NNG+은/JX+오복/NNG+이/VCP+야/EC+귀엽/VA+지/EC+!/SY"
          },
          {
            "id": 5,
            "text": "2 : 오복이 사진 많이 찍었겠네 하하",
            "norm_text": "오복이 사진 많이 찍었겠네 하하",
            "speaker": {
              "id": "2번",
              "sex": "여성",
              "age": "20대"
            },
            "speechAct": "(단언) 진술하기",
            "morpheme": "오복/NNG+이/JKS+사진/NNG+많이/MAG+찍/VV+었/EP+겠/EP+네/EF+하하/MAG"
          },
          {
            "id": 6,
            "text": "1 : 응 당연하지 완전 도도해!",
            "norm_text": "응 당연하지 완전 도도해!",
            "speaker": {
              "id": "1번",
              "sex": "여성",
              "age": "20대"
            },
            "speechAct": "(단언) 진술하기",
            "morpheme": "응/IC+당연/XR+하/XSA+지/EF+완전/MAG+도도/XR+해/XSA+EF"
          },
          {
            "id": 7,
            "text": "2 : 키키 고양이는 약간 까칠하다던데 오복이는 어때?",
            "norm_text": "키키 고양이는 약간 까칠하다던데 오복이는 어때?",
            "speaker": {
              "id": "2번",
              "sex": "여성",
              "age": "20대"
            },
            "speechAct": "(지시) 질문하기",
            "morpheme": "키/NNG+키/NNG+고양이/NNG+는/JX+약간/MAG+까칠/XR+하/XSA+다던데/EC+오복이/MAG+는/JX+어때/VA+EF"
          },
          {
            "id": 8,
            "text": "1 : 맞아",
            "norm_text": "맞아",
            "speaker": {
              "id": "1번",
              "sex": "여성",
              "age": "20대"
            },
            "speechAct": "(단언) 주장하기",
            "morpheme": "맞/VV+아/EC"
          },
          {
            "id": 9,
            "text": "1 : 까칠 오브 까칠이지",
            "norm_text": "까칠 오브 까칠이지",
            "speaker": {
              "id": "1번",
              "sex": "여성",
              "age": "20대"
            },
            "speechAct": "(단언) 진술하기",
            "morpheme": "까칠오브까칠이지/UNKNOWN"
          },
          {
            "id": 10,
            "text": "1 : 까질하면 우리 오복이!",
            "norm_text": "까질하면 우리 오복이!",
            "speaker": {
              "id": "1번",
              "sex": "여성",
              "age": "20대"
            },
            "speechAct": "(단언) 진술하기",
            "morpheme": "까질/VV+ETM+하/VV+면/EC+우리/NP+오복/NNG+이/JKS"
          },
          {
            "id": 11,
            "text": "2 : 키키 고양이 케어 하기 힘들겠다",
            "norm_text": "키키 고양이 케어 하기 힘들겠다",
            "speaker": {
              "id": "2번",
              "sex": "여성",
              "age": "20대"
            },
            "speechAct": "(단언) 주장하기",
            "morpheme": "키/NNG+키/NNG+고양이/NNG+케어/NNG+하/XSV+기/ETN+힘들/VA+겠/EP+다/EC"
          },
          {
            "id": 12,
            "text": "1 : 키키 아니",
            "norm_text": "키키 아니",
            "speaker": {
              "id": "1번",
              "sex": "여성",
              "age": "20대"
            },
            "speechAct": "(단언) 주장하기",
            "morpheme": "키/NNG+키/XSV+ETN+아니/VCN"
          },
          {
            "id": 13,
            "text": "1 : 오히려 케어하기 완전 쉽지!",
            "norm_text": "오히려 케어하기 완전 쉽지!",
            "speaker": {
              "id": "1번",
              "sex": "여성",
              "age": "20대"
            },
            "speechAct": "(단언) 진술하기",
            "morpheme": "오히려/MAJ+케어/NNG+하/XSV+기/ETN+완전/MAG+쉽/VA+지/EF"
          },
          {
            "id": 14,
            "text": "1 : 산책도 안 하고 밥도 알아서 잘 먹고!",
            "norm_text": "산책도 안 하고 밥도 알아서 잘 먹고!",
            "speaker": {
              "id": "1번",
              "sex": "여성",
              "age": "20대"
            },
            "speechAct": "(단언) 진술하기",
            "morpheme": "산책/NNG+도/JX+안/MAG+하/VV+고/EC+밥/NNG+도/JX+알/VV+아서/EC+잘/MAG+먹/VV+고/EC"
          },
          {
            "id": 15,
            "text": "2 : 아 그런가 그러고 보니 그런 거 같기도 하다!",
            "norm_text": "아 그런가 그러고 보니 그런 거 같기도 하다!",
            "speaker": {
              "id": "2번",
              "sex": "여성",
              "age": "20대"
            },
            "speechAct": "(단언) 진술하기",
            "morpheme": "아/IC+그런가/VA+EC+그러/VV+고/EC+보/VX+니/EC+그런/MM+거/NNB+같/VA+기/ETN+도/JX+하/VV+다/EF"
          },
          {
            "id": 16,
            "text": "1 : 어 배고프면 우리 깨워 키키 집사야 밥 내놔라 이러면서!",
            "norm_text": "어 배고프면 우리 깨워 키키 집사야 밥 내놔라 이러면서!",
            "speaker": {
              "id": "1번",
              "sex": "여성",
              "age": "20대"
            },
            "speechAct": "(단언) 진술하기",
            "morpheme": "어/IC+배고프/VA+면/EC+우리/NP+깨워/VV+EC+키/NNG+키/NNG+집사/NNG+야/VCP+EF+밥/NNG+내놔라/VV+EC+이러/VV+면서/EC"
          },
          {
            "id": 17,
            "text": "2 : 키키 완전 똑똑하네 고양이 너무 귀여워 ㅠ",
            "norm_text": "키키 완전 똑똑하네 고양이 너무 귀여워 ㅠ",
            "speaker": {
              "id": "2번",
              "sex": "여성",
              "age": "20대"
            },
            "speechAct": "(단언) 주장하기",
            "morpheme": "키/NNG+키/XSV+ETN+완전/MAG+똑똑/XR+하/XSA+네/EF+고양이/NNG+너무/MAG+귀여워/VA+EC+ㅠ/UNKNOWN"
          },
          {
            "id": 18,
            "text": "1 : 그리고 간식 먹고 싶으면 우리한테 애교 부려!",
            "norm_text": "그리고 간식 먹고 싶으면 우리한테 애교 부려!",
            "speaker": {
              "id": "1번",
              "sex": "여성",
              "age": "20대"
            },
            "speechAct": "(단언) 진술하기",
            "morpheme": "그리고/MAJ+간식/NNG+먹/VV+고/EC+싶/VX+으면/EC+우리/NP+한테/JKB+애교/NNG+부려/VV+EF"
          },
          {
            "id": 19,
            "text": "2 : 키키 완전 영리하잖아 ㅠㅠ 간식 백만번 주고 싶다",
            "norm_text": "키키 완전 영리하잖아 ㅠㅠ 간식 백만번 주고 싶다",
            "speaker": {
              "id": "2번",
              "sex": "여성",
              "age": "20대"
            },
            "speechAct": "(단언) 주장하기",
            "morpheme": "키/NNG+키/NNG+완전/NNG+영리/NNG+하/XSV+잖아/EC+VX+EF+ㅠㅠ/UNKNOWN+간식/NNG+백만/NR+번/NNBC+주/VV+고/EC+싶/VX+다/EC"
          },
          {
            "id": 20,
            "text": "1 : 키키 맞아",
            "norm_text": "키키 맞아",
            "speaker": {
              "id": "1번",
              "sex": "여성",
              "age": "20대"
            },
            "speechAct": "(단언) 주장하기",
            "morpheme": "키/NNG+키/XSV+ETN+맞/VV+아/EC"
          },
          {
            "id": 21,
            "text": "1 : 근데 살찔까 봐 하루에 두 개씩 밖에 못 줘!",
            "norm_text": "근데 살찔까 봐 하루에 두 개씩 밖에 못 줘!",
            "speaker": {
              "id": "1번",
              "sex": "여성",
              "age": "20대"
            },
            "speechAct": "(단언) 진술하기",
            "morpheme": "근데/MAJ+살/NNG+찔까봐/VV+EC+VX+EC+하루/NNG+에/JKB+두/MM+개/NNBC+씩/XSN+밖에/JX+못/MAG+줘/VV+EF"
          },
          {
            "id": 22,
            "text": "2 : 헐ㅠㅠ 간식 더 주고 싶다",
            "norm_text": "헐ㅠㅠ 간식 더 주고 싶다",
            "speaker": {
              "id": "2번",
              "sex": "여성",
              "age": "20대"
            },
            "speechAct": "(단언) 주장하기",
            "morpheme": "헐/VV+JKO+ㅠㅠ/UNKNOWN+간식/NNG+더/MAG+주/VV+고/EC+싶/VX+다/EC"
          }
        ]
      }
    }
  ]
}