{
  "dataset": {
    "identifier": 104652,
    "name": "FACEBOOK_115_13_set",
    "src_path": "/data/file/cubeManager/PROJECT001/77/txt20211029153356033148/FACEBOOK_115_13_set/",
    "label_path": "/data/file/cubeManager/PROJECT001/77/txt20211029153356033148/FACEBOOK_115_13_set/",
    "category": 2,
    "type": 0
  },
  "licenses": {
    "name": "Apache License 1.0",
    "url": "http://www.apache.org/licenses/LICENSE-1.0"
  },
  "info": [
    {
      "id": 110961,
      "filename": "FACEBOOK_115_13.txt",
      "title": "FACEBOOK_115_13",
      "mediatype": "SNS",
      "medianame": "페이스북",
      "category": "일상대화",
      "date": "2021-10-29",
      "size": 425,
      "annotations": {
        "subject": "계절/날씨",
        "speaker_type": "1:1",
        "size": 425,
        "word_size": 146,
        "text": "1 : 아까 언니한테 전화 왔는데 뭐라는 줄 알아?\n2 : 왜 언니가 뭐라는데 ?\n1 : 언니가 날씨 가늠을 못하겠대!\n2 : 키키 그건 나도 맞아\n2 : 겨울 같아...\n1 : 키키 그래서 옷을 사야 하는데 어떤 옷을 사야할지 모르겠대!\n2 : 근데 겨울 옷 사야지 지금은 키키\n1 : 키키 근데 이러다가 풀리면 어떡하지\n2 : 에이\n2 : 풀릴 일 없어 바로 겨울이지\n1 : 키키 진짜?\n1 : 안 그래도 내가 털후리스 사라고 했긴 했는데!\n2 : 패딩 사야지 어차피 겨울이 오는데\n1 : 키키 아앗 키키\n1 : 패딩 이미 샀어?\n2 : 난 작년에 사가지고 이번에 안 살 거야\n1 : 나도 작년에 샀긴 했는데 문제는 논산에 있다는 거,\n2 : 키키 난 있지~\n2 : 언제부터 입을까나\n1 : 키키 아 부럽다,\n1 : 나는 트렌치코트로 다음 주까지 버텨야 해!\n2 : 야 얼른 가져와\n2 : 추워져",
        "lines": [
          {
            "id": 1,
            "text": "1 : 아까 언니한테 전화 왔는데 뭐라는 줄 알아?",
            "norm_text": "아까 언니한테 전화 왔는데 뭐라는 줄 알아?",
            "speaker": {
              "id": "1번",
              "sex": "여성",
              "age": "20대"
            },
            "speechAct": "(지시) 질문하기",
            "morpheme": "아까/MAG+언니/NNG+한테/JKB+전화/NNG+왔/VV+EP+는데/EC+뭐/NP+라는/VCP+ETM+줄/NNB+알/VV+아/EF"
          },
          {
            "id": 2,
            "text": "2 : 왜 언니가 뭐라는데 ?",
            "norm_text": "왜 언니가 뭐라는데 ?",
            "speaker": {
              "id": "2번",
              "sex": "여성",
              "age": "20대"
            },
            "speechAct": "(지시) 질문하기",
            "morpheme": "왜/MAG+언니/NNG+가/JKS+뭐/NP+라는데/VCP+EF"
          },
          {
            "id": 3,
            "text": "1 : 언니가 날씨 가늠을 못하겠대!",
            "norm_text": "언니가 날씨 가늠을 못하겠대!",
            "speaker": {
              "id": "1번",
              "sex": "여성",
              "age": "20대"
            },
            "speechAct": "(단언) 진술하기",
            "morpheme": "언니/NNG+가/JKS+날씨/NNG+가/JKS+늠/NNG+을/JKO+못/MAG+하/VV+겠/EP+대/EF"
          },
          {
            "id": 4,
            "text": "2 : 키키 그건 나도 맞아",
            "norm_text": "키키 그건 나도 맞아",
            "speaker": {
              "id": "2번",
              "sex": "여성",
              "age": "20대"
            },
            "speechAct": "(단언) 주장하기",
            "morpheme": "키/NNG+키/XSV+ETN+그건/NP+JX+나/NP+도/JX+맞/VV+아/EC"
          },
          {
            "id": 5,
            "text": "2 : 겨울 같아...",
            "norm_text": "겨울 같아...",
            "speaker": {
              "id": "2번",
              "sex": "여성",
              "age": "20대"
            },
            "speechAct": "(단언) 주장하기",
            "morpheme": "겨울/NNG+같/VA+아/EF+./SY"
          },
          {
            "id": 6,
            "text": "1 : 키키 그래서 옷을 사야 하는데 어떤 옷을 사야할지 모르겠대!",
            "norm_text": "키키 그래서 옷을 사야 하는데 어떤 옷을 사야할지 모르겠대!",
            "speaker": {
              "id": "1번",
              "sex": "여성",
              "age": "20대"
            },
            "speechAct": "(단언) 진술하기",
            "morpheme": "키/NNG+키/XSV+ETN+그래서/MAJ+옷/NNG+을/JKO+사/VV+야/EC+하/VV+는데/EC+어떤/MM+옷/NNG+을/JKO+사/VV+야/EC+할지/VX+EC+모르/VV+겠/EP+대/EF"
          },
          {
            "id": 7,
            "text": "2 : 근데 겨울 옷 사야지 지금은 키키",
            "norm_text": "근데 겨울 옷 사야지 지금은 키키",
            "speaker": {
              "id": "2번",
              "sex": "여성",
              "age": "20대"
            },
            "speechAct": "(단언) 주장하기",
            "morpheme": "근데/MAJ+겨울옷/NNG+사/VV+야지/EF+지금/MAG+은/JX+키/NNG+키/XSV+ETN"
          },
          {
            "id": 8,
            "text": "1 : 키키 근데 이러다가 풀리면 어떡하지",
            "norm_text": "키키 근데 이러다가 풀리면 어떡하지",
            "speaker": {
              "id": "1번",
              "sex": "여성",
              "age": "20대"
            },
            "speechAct": "(단언) 주장하기",
            "morpheme": "키/NNG+키/XSV+ETN+근데/MAJ+이러/VV+다가/EC+풀리/VV+면/EC+어떡/XR+하/XSA+지/EC"
          },
          {
            "id": 9,
            "text": "2 : 에이",
            "norm_text": "에이",
            "speaker": {
              "id": "2번",
              "sex": "여성",
              "age": "20대"
            },
            "speechAct": "(단언) 주장하기",
            "morpheme": "에이/NNG"
          },
          {
            "id": 10,
            "text": "2 : 풀릴 일 없어 바로 겨울이지",
            "norm_text": "풀릴 일 없어 바로 겨울이지",
            "speaker": {
              "id": "2번",
              "sex": "여성",
              "age": "20대"
            },
            "speechAct": "(단언) 주장하기",
            "morpheme": "풀릴/VV+ETM+일/NNG+없/VA+어/EC+바로/MAG+겨울/NNG+이/VCP+지/EC"
          },
          {
            "id": 11,
            "text": "1 : 키키 진짜?",
            "norm_text": "키키 진짜?",
            "speaker": {
              "id": "1번",
              "sex": "여성",
              "age": "20대"
            },
            "speechAct": "(지시) 질문하기",
            "morpheme": "키/NNG+키/XSV+ETN+진짜/MAG"
          },
          {
            "id": 12,
            "text": "1 : 안 그래도 내가 털후리스 사라고 했긴 했는데!",
            "norm_text": "안 그래도 내가 털후리스 사라고 했긴 했는데!",
            "speaker": {
              "id": "1번",
              "sex": "여성",
              "age": "20대"
            },
            "speechAct": "(단언) 주장하기",
            "morpheme": "안/MAG+그래도/VV+EC+내/NP+가/JKS+털/VV+ETM+후/NNG+리스/NNG+사/VV+라고/EC+했/VX+EP+긴/ETN+JX+했/VX+EP+는데/EF"
          },
          {
            "id": 13,
            "text": "2 : 패딩 사야지 어차피 겨울이 오는데",
            "norm_text": "패딩 사야지 어차피 겨울이 오는데",
            "speaker": {
              "id": "2번",
              "sex": "여성",
              "age": "20대"
            },
            "speechAct": "(단언) 주장하기",
            "morpheme": "패딩/NNG+사/VV+야지/EF+어차피/MAG+겨울/NNG+이/JKS+오/VV+는데/EC"
          },
          {
            "id": 14,
            "text": "1 : 키키 아앗 키키",
            "norm_text": "키키 아앗 키키",
            "speaker": {
              "id": "1번",
              "sex": "여성",
              "age": "20대"
            },
            "speechAct": "(단언) 주장하기",
            "morpheme": "키키아앗키키/UNKNOWN"
          },
          {
            "id": 15,
            "text": "1 : 패딩 이미 샀어?",
            "norm_text": "패딩 이미 샀어?",
            "speaker": {
              "id": "1번",
              "sex": "여성",
              "age": "20대"
            },
            "speechAct": "(지시) 질문하기",
            "morpheme": "패딩/NNG+이미/MAG+샀/VV+EP+어/EF"
          },
          {
            "id": 16,
            "text": "2 : 난 작년에 사가지고 이번에 안 살 거야",
            "norm_text": "난 작년에 사가지고 이번에 안 살 거야",
            "speaker": {
              "id": "2번",
              "sex": "여성",
              "age": "20대"
            },
            "speechAct": "(단언) 주장하기",
            "morpheme": "난/NP+JX+작년/NNG+에/JKB+사/VV+EC+가지/VX+고/EC+이번/NNG+에/JKB+안/MAG+살/VV+ETM+거/NNB+야/VCP+EF"
          },
          {
            "id": 17,
            "text": "1 : 나도 작년에 샀긴 했는데 문제는 논산에 있다는 거,",
            "norm_text": "나도 작년에 샀긴 했는데 문제는 논산에 있다는 거,",
            "speaker": {
              "id": "1번",
              "sex": "여성",
              "age": "20대"
            },
            "speechAct": "(단언) 주장하기",
            "morpheme": "나/NP+도/JX+작년/NNG+에/JKB+샀/VV+EP+긴/ETN+JX+했/VX+EP+는데/EC+문제/NNG+는/JX+논산/NNP+에/JKB+있/VV+다는/ETM+거/NNB+,/SC"
          },
          {
            "id": 18,
            "text": "2 : 키키 난 있지~",
            "norm_text": "키키 난 있지~",
            "speaker": {
              "id": "2번",
              "sex": "여성",
              "age": "20대"
            },
            "speechAct": "(단언) 주장하기",
            "morpheme": "키/NNG+키/XSV+ETN+난/NP+JX+있/VA+지/EC+~/SY"
          },
          {
            "id": 19,
            "text": "2 : 언제부터 입을까나",
            "norm_text": "언제부터 입을까나",
            "speaker": {
              "id": "2번",
              "sex": "여성",
              "age": "20대"
            },
            "speechAct": "(단언) 주장하기",
            "morpheme": "언제/NP+부터/JX+입/NNG+을/JKO+까/VV+나/EC"
          },
          {
            "id": 20,
            "text": "1 : 키키 아 부럽다,",
            "norm_text": "키키 아 부럽다,",
            "speaker": {
              "id": "1번",
              "sex": "여성",
              "age": "20대"
            },
            "speechAct": "(단언) 주장하기",
            "morpheme": "키/NNG+키/VV+아/EC+부럽/VA+다/EF+,/SC"
          },
          {
            "id": 21,
            "text": "1 : 나는 트렌치코트로 다음 주까지 버텨야 해!",
            "norm_text": "나는 트렌치코트로 다음 주까지 버텨야 해!",
            "speaker": {
              "id": "1번",
              "sex": "여성",
              "age": "20대"
            },
            "speechAct": "(단언) 주장하기",
            "morpheme": "나/NP+는/JX+트렌치코트/NNG+로/JKB+다음/NNG+주/NNG+까지/JX+버텨야/VV+EC+해/VX+EF"
          },
          {
            "id": 22,
            "text": "2 : 야 얼른 가져와",
            "norm_text": "야 얼른 가져와",
            "speaker": {
              "id": "2번",
              "sex": "여성",
              "age": "20대"
            },
            "speechAct": "(단언) 주장하기",
            "morpheme": "야/IC+얼른/MAG+가져와/VV+EC"
          },
          {
            "id": 23,
            "text": "2 : 추워져",
            "norm_text": "추워져",
            "speaker": {
              "id": "2번",
              "sex": "여성",
              "age": "20대"
            },
            "speechAct": "(단언) 주장하기",
            "morpheme": "추워져/VA+EC+VX+EC"
          }
        ]
      }
    }
  ]
}