{
  "dataset": {
    "identifier": 99635,
    "name": "FACEBOOK_109_09_set",
    "src_path": "/data/file/cubeManager/PROJECT001/77/txt202110291608050606110/FACEBOOK_109_09_set/",
    "label_path": "/data/file/cubeManager/PROJECT001/77/txt202110291608050606110/FACEBOOK_109_09_set/",
    "category": 2,
    "type": 0
  },
  "licenses": {
    "name": "Apache License 1.0",
    "url": "http://www.apache.org/licenses/LICENSE-1.0"
  },
  "info": [
    {
      "id": 111317,
      "filename": "FACEBOOK_109_09.txt",
      "title": "FACEBOOK_109_09",
      "mediatype": "SNS",
      "medianame": "페이스북",
      "category": "일상대화",
      "date": "2021-10-29",
      "size": 425,
      "annotations": {
        "subject": "반려동물",
        "speaker_type": "1:1",
        "size": 425,
        "word_size": 144,
        "text": "1 : 언니 지금 자취하고 있다고 했나?\n2 : 응 키키 나 지금 혼자 자취하고 있지~\n1 : 언니는 지금 자취방에서 키우는 생명체 없어?\n2 : 응 동물을 못 키우게 해서 못 키워ㅠㅠ\n1 : 아 집에서 동물 자체를 키울 수가 없구나?\n2 : 응 아예 금지되어 있어~\n1 : 그렇구나 ㅜㅜ\n1 : 나중에 키워보고 싶은 동물 있어?\n2 : 나는 강아지 꼭 키워보고싶어~\n1 : 언니는 어떤 강아지 키우고 싶어?\n2 : 종류 상관없이 그냥 강아지!\n1 : 그렇구나 키키\n1 : 나는 나중에 유기견 데리고 와서 키울 거야!\n2 : 그거 진짜 좋은 생각인 거 같은데?\n1 : 근데 한 천만 원쯤 모으고 데려올 거야!\n2 : 맞아\n2 : 돈이 풍족해야 될 거 같아\n1 : 맞아\n1 :  유기견들은 또 어떤 병이 있을지 모르니까 이 정도는 필요한 거 같아!\n2 : 응 그래도 펫샵보다는 훨 나은 거 같아!",
        "lines": [
          {
            "id": 1,
            "text": "1 : 언니 지금 자취하고 있다고 했나?",
            "norm_text": "언니 지금 자취하고 있다고 했나?",
            "speaker": {
              "id": "1번",
              "sex": "여성",
              "age": "20대"
            },
            "speechAct": "(지시) 질문하기",
            "morpheme": "언니/NNG+지금/MAG+자취/NNG+하/XSV+고/EC+있/VX+다고/EC+했/VX+EP+나/EF"
          },
          {
            "id": 2,
            "text": "2 : 응 키키 나 지금 혼자 자취하고 있지~",
            "norm_text": "응 키키 나 지금 혼자 자취하고 있지~",
            "speaker": {
              "id": "2번",
              "sex": "여성",
              "age": "20대"
            },
            "speechAct": "(단언) 진술하기",
            "morpheme": "응/IC+키/NNG+키나/XSA+ETN+JX+지금/MAG+혼자/NNG+자취/NNG+하/XSV+고/EC+있/VX+지/EC+~/SY"
          },
          {
            "id": 3,
            "text": "1 : 언니는 지금 자취방에서 키우는 생명체 없어?",
            "norm_text": "언니는 지금 자취방에서 키우는 생명체 없어?",
            "speaker": {
              "id": "1번",
              "sex": "여성",
              "age": "20대"
            },
            "speechAct": "(지시) 질문하기",
            "morpheme": "언니/NNG+는/JX+지금/MAG+자취방/NNG+에서/JKB+키우/VV+는/ETM+생명체/NNG+없/VA+어/EF"
          },
          {
            "id": 4,
            "text": "2 : 응 동물을 못 키우게 해서 못 키워ㅠㅠ",
            "norm_text": "응 동물을 못 키우게 해서 못 키워ㅠㅠ",
            "speaker": {
              "id": "2번",
              "sex": "여성",
              "age": "20대"
            },
            "speechAct": "(단언) 주장하기",
            "morpheme": "응/IC+동물/NNG+을/JKO+못/MAG+키우/VV+게/EC+해서/VV+EC+못/MAG+키워/VV+EC+ㅠㅠ/UNKNOWN"
          },
          {
            "id": 5,
            "text": "1 : 아 집에서 동물 자체를 키울 수가 없구나?",
            "norm_text": "아 집에서 동물 자체를 키울 수가 없구나?",
            "speaker": {
              "id": "1번",
              "sex": "여성",
              "age": "20대"
            },
            "speechAct": "(지시) 질문하기",
            "morpheme": "아집/NNG+에서/JKB+동물/NNG+자체/NNG+를/JKO+키울/VV+ETM+수/NNB+가/JKS+없/VA+구나/EF"
          },
          {
            "id": 6,
            "text": "2 : 응 아예 금지되어 있어~",
            "norm_text": "응 아예 금지되어 있어~",
            "speaker": {
              "id": "2번",
              "sex": "여성",
              "age": "20대"
            },
            "speechAct": "(단언) 진술하기",
            "morpheme": "응/IC+아예/MAG+금지/NNG+되/XSV+어/EC+있/VX+어/EC+~/SY"
          },
          {
            "id": 7,
            "text": "1 : 그렇구나 ㅜㅜ",
            "norm_text": "그렇구나 ㅜㅜ",
            "speaker": {
              "id": "1번",
              "sex": "여성",
              "age": "20대"
            },
            "speechAct": "(단언) 주장하기",
            "morpheme": "그렇구나ㅜㅜ/UNKNOWN"
          },
          {
            "id": 8,
            "text": "1 : 나중에 키워보고 싶은 동물 있어?",
            "norm_text": "나중에 키워보고 싶은 동물 있어?",
            "speaker": {
              "id": "1번",
              "sex": "여성",
              "age": "20대"
            },
            "speechAct": "(지시) 질문하기",
            "morpheme": "나중/NNG+에/JKB+키워/VV+EC+보/VX+고/EC+싶/VX+은/ETM+동물/NNG+있/VA+어/EF"
          },
          {
            "id": 9,
            "text": "2 : 나는 강아지 꼭 키워보고싶어~",
            "norm_text": "나는 강아지 꼭 키워보고싶어~",
            "speaker": {
              "id": "2번",
              "sex": "여성",
              "age": "20대"
            },
            "speechAct": "(단언) 주장하기",
            "morpheme": "나/NP+는/JX+강아지/NNG+꼭/MAG+키워/VV+EC+보/VX+고/EC+싶/VX+어/EC+~/SY"
          },
          {
            "id": 10,
            "text": "1 : 언니는 어떤 강아지 키우고 싶어?",
            "norm_text": "언니는 어떤 강아지 키우고 싶어?",
            "speaker": {
              "id": "1번",
              "sex": "여성",
              "age": "20대"
            },
            "speechAct": "(지시) 질문하기",
            "morpheme": "언니/NNG+는/JX+어떤/MM+강아지/NNG+키우/VV+고/EC+싶/VX+어/EF"
          },
          {
            "id": 11,
            "text": "2 : 종류 상관없이 그냥 강아지!",
            "norm_text": "종류 상관없이 그냥 강아지!",
            "speaker": {
              "id": "2번",
              "sex": "여성",
              "age": "20대"
            },
            "speechAct": "(단언) 주장하기",
            "morpheme": "종류/NNG+상관없이/MAG+그냥/MAG+강아지/NNG"
          },
          {
            "id": 12,
            "text": "1 : 그렇구나 키키",
            "norm_text": "그렇구나 키키",
            "speaker": {
              "id": "1번",
              "sex": "여성",
              "age": "20대"
            },
            "speechAct": "(단언) 주장하기",
            "morpheme": "그렇/VA+구나/EF+키/NNG+키/XSV+ETN"
          },
          {
            "id": 13,
            "text": "1 : 나는 나중에 유기견 데리고 와서 키울 거야!",
            "norm_text": "나는 나중에 유기견 데리고 와서 키울 거야!",
            "speaker": {
              "id": "1번",
              "sex": "여성",
              "age": "20대"
            },
            "speechAct": "(단언) 주장하기",
            "morpheme": "나/NP+는/JX+나중/NNG+에/JKB+유기/NNG+견/NNG+데리/VV+고/EC+와서/VV+EC+키울/VV+ETM+거/NNB+야/VCP+EF"
          },
          {
            "id": 14,
            "text": "2 : 그거 진짜 좋은 생각인 거 같은데?",
            "norm_text": "그거 진짜 좋은 생각인 거 같은데?",
            "speaker": {
              "id": "2번",
              "sex": "여성",
              "age": "20대"
            },
            "speechAct": "(지시) 질문하기",
            "morpheme": "그거/NP+진짜/MAG+좋/VA+은/ETM+생각/NNG+인/VCP+ETM+거/NNB+같/VA+은데/EF"
          },
          {
            "id": 15,
            "text": "1 : 근데 한 천만 원쯤 모으고 데려올 거야!",
            "norm_text": "근데 한 천만 원쯤 모으고 데려올 거야!",
            "speaker": {
              "id": "1번",
              "sex": "여성",
              "age": "20대"
            },
            "speechAct": "(단언) 주장하기",
            "morpheme": "근데/MAJ+한/MM+천만/NR+원/NNBC+쯤/XSN+모으/VV+고/EC+데려올/VV+ETM+거/NNB+야/VCP+EF"
          },
          {
            "id": 16,
            "text": "2 : 맞아",
            "norm_text": "맞아",
            "speaker": {
              "id": "2번",
              "sex": "여성",
              "age": "20대"
            },
            "speechAct": "(단언) 주장하기",
            "morpheme": "맞/VV+아/EC"
          },
          {
            "id": 17,
            "text": "2 : 돈이 풍족해야 될 거 같아",
            "norm_text": "돈이 풍족해야 될 거 같아",
            "speaker": {
              "id": "2번",
              "sex": "여성",
              "age": "20대"
            },
            "speechAct": "(단언) 주장하기",
            "morpheme": "돈/NNG+이/JKS+풍족/XR+해야/XSA+EC+될/VV+ETM+거/NNB+같/VA+아/EC"
          },
          {
            "id": 18,
            "text": "1 : 맞아",
            "norm_text": "맞아",
            "speaker": {
              "id": "1번",
              "sex": "여성",
              "age": "20대"
            },
            "speechAct": "(단언) 주장하기",
            "morpheme": "맞/VV+아/EC"
          },
          {
            "id": 19,
            "text": "1 :  유기견들은 또 어떤 병이 있을지 모르니까 이 정도는 필요한 거 같아!",
            "norm_text": "유기견들은 또 어떤 병이 있을지 모르니까 이 정도는 필요한 거 같아!",
            "speaker": {
              "id": "1번",
              "sex": "여성",
              "age": "20대"
            },
            "speechAct": "(단언) 주장하기",
            "morpheme": "유기/NNG+견/NNG+들/XSN+은/JX+또/MAG+어떤/MM+병/NNG+이/JKS+있/VV+을지/EC+모르/VV+니까/EC+이/MM+정도/NNG+는/JX+필요/NNG+한/XSA+ETM+거/NNB+같/VA+아/EF"
          },
          {
            "id": 20,
            "text": "2 : 응 그래도 펫샵보다는 훨 나은 거 같아!",
            "norm_text": "응 그래도 펫샵보다는 훨 나은 거 같아!",
            "speaker": {
              "id": "2번",
              "sex": "여성",
              "age": "20대"
            },
            "speechAct": "(단언) 주장하기",
            "morpheme": "응/IC+그래도/MAJ+펫/NNP+샵/NNP+보다/JKB+는/JX+훨/MAG+나/VA+은/ETM+거/NNB+같/VA+아/EF"
          }
        ]
      }
    }
  ]
}