{
  "dataset": {
    "identifier": 103717,
    "name": "FACEBOOK_101_19_set",
    "src_path": "/data/file/cubeManager/PROJECT001/77/txt20211027152210052135/FACEBOOK_101_19_set/",
    "label_path": "/data/file/cubeManager/PROJECT001/77/txt20211027152210052135/FACEBOOK_101_19_set/",
    "category": 2,
    "type": 0
  },
  "licenses": {
    "name": "Apache License 1.0",
    "url": "http://www.apache.org/licenses/LICENSE-1.0"
  },
  "info": [
    {
      "id": 99360,
      "filename": "FACEBOOK_101_19.txt",
      "title": "FACEBOOK_101_19",
      "mediatype": "SNS",
      "medianame": "페이스북",
      "category": "일상대화",
      "date": "2021-10-27",
      "size": 394,
      "annotations": {
        "subject": "방송/연예",
        "speaker_type": "1:1",
        "size": 394,
        "word_size": 139,
        "text": "1 : 언니 이번에 기사 뜬 거 봤어,?\n2 : 무슨 기사?\n2 : 또 무슨 일?\n1 : 언니 겟마을 차차차 봤어?\n2 : 아니 갯마을 어제 끝났다며\n1 : 어 맞아\n1 : 거기 주인공 누구인지 알지?\n2 : 어 근데 왜?\n2 : 누구 죽었다는데?\n1 : 그게 아니라 김선호 이번에 터졌잖아!\n2 : 뭐? 뭐가 터졌어?\n2 : 거짓말\n1 : 김선호가 전여친 낙태 시키고 가스라이팅 했대!\n2 : 와 진짜?\n2 : 언제 터졌어 그게?\n1 : 그거 방금 터졌어!\n1 : 기사 봐봐!\n2 : 오늘 ?\n2 : 와 인스타 가면 보이겠네\n1 : 어 김선호가 선전하는 광고사 다 김선호 얼굴 내렸대!\n2 : 와 갑자기?\n2 : 일박이일 뭔 죄야 ㅠㅜ\n1 : 헐 ㅜㅜ 그 선한 눈망울에 우리가 속다니!\n2 : 그래도 차차차 떴잖아 키키\n2 : 당분간 쉬어도 되지",
        "lines": [
          {
            "id": 1,
            "text": "1 : 언니 이번에 기사 뜬 거 봤어,?",
            "norm_text": "언니 이번에 기사 뜬 거 봤어,?",
            "speaker": {
              "id": "1번",
              "sex": "여성",
              "age": "20대"
            },
            "speechAct": "(지시) 질문하기",
            "morpheme": "언니/NNG+이번/NNG+에/JKB+기사/NNG+뜬/VV+ETM+거/NNB+봤/VV+EP+어/EC+,/SY"
          },
          {
            "id": 2,
            "text": "2 : 무슨 기사?",
            "norm_text": "무슨 기사?",
            "speaker": {
              "id": "2번",
              "sex": "여성",
              "age": "20대"
            },
            "speechAct": "(지시) 질문하기",
            "morpheme": "무슨/MM+기사/NNG"
          },
          {
            "id": 3,
            "text": "2 : 또 무슨 일?",
            "norm_text": "또 무슨 일?",
            "speaker": {
              "id": "2번",
              "sex": "여성",
              "age": "20대"
            },
            "speechAct": "(지시) 질문하기",
            "morpheme": "또/MAG+무슨/MM+일/NNG"
          },
          {
            "id": 4,
            "text": "1 : 언니 겟마을 차차차 봤어?",
            "norm_text": "언니 겟마을 차차차 봤어?",
            "speaker": {
              "id": "1번",
              "sex": "여성",
              "age": "20대"
            },
            "speechAct": "(지시) 질문하기",
            "morpheme": "언니/NNG+겟/NNP+마을/NNG+차차차/MAG+봤/VV+EP+어/EF"
          },
          {
            "id": 5,
            "text": "2 : 아니 갯마을 어제 끝났다며",
            "norm_text": "아니 갯마을 어제 끝났다며",
            "speaker": {
              "id": "2번",
              "sex": "여성",
              "age": "20대"
            },
            "speechAct": "(단언) 진술하기",
            "morpheme": "아니/IC+갯마을/NNG+어제/NNG+끝/NNG+났/VV+EP+다며/EC"
          },
          {
            "id": 6,
            "text": "1 : 어 맞아",
            "norm_text": "어 맞아",
            "speaker": {
              "id": "1번",
              "sex": "여성",
              "age": "20대"
            },
            "speechAct": "(단언) 주장하기",
            "morpheme": "어/IC+맞/VV+아/EC"
          },
          {
            "id": 7,
            "text": "1 : 거기 주인공 누구인지 알지?",
            "norm_text": "거기 주인공 누구인지 알지?",
            "speaker": {
              "id": "1번",
              "sex": "여성",
              "age": "20대"
            },
            "speechAct": "(지시) 질문하기",
            "morpheme": "거기/NP+주인공/NNG+누구/NP+인지/VCP+EC+알/VV+지/EF"
          },
          {
            "id": 8,
            "text": "2 : 어 근데 왜?",
            "norm_text": "어 근데 왜?",
            "speaker": {
              "id": "2번",
              "sex": "여성",
              "age": "20대"
            },
            "speechAct": "(지시) 질문하기",
            "morpheme": "어/IC+근데/MAJ+왜/MAG"
          },
          {
            "id": 9,
            "text": "2 : 누구 죽었다는데?",
            "norm_text": "누구 죽었다는데?",
            "speaker": {
              "id": "2번",
              "sex": "여성",
              "age": "20대"
            },
            "speechAct": "(지시) 질문하기",
            "morpheme": "누구/NP+죽/VV+었/EP+다는데/EF"
          },
          {
            "id": 10,
            "text": "1 : 그게 아니라 김선호 이번에 터졌잖아!",
            "norm_text": "그게 아니라 김선호 이번에 터졌잖아!",
            "speaker": {
              "id": "1번",
              "sex": "여성",
              "age": "20대"
            },
            "speechAct": "(단언) 주장하기",
            "morpheme": "그게/NP+JKC+아니/VCN+라/EC+김선호/NNP+이번/NNG+에/JKB+터졌/VV+EP+잖아/EF"
          },
          {
            "id": 11,
            "text": "2 : 뭐? 뭐가 터졌어?",
            "norm_text": "뭐? 뭐가 터졌어?",
            "speaker": {
              "id": "2번",
              "sex": "여성",
              "age": "20대"
            },
            "speechAct": "(지시) 질문하기",
            "morpheme": "뭐/IC+뭐/NP+가/JKS+터졌/VV+EP+어/EF"
          },
          {
            "id": 12,
            "text": "2 : 거짓말",
            "norm_text": "거짓말",
            "speaker": {
              "id": "2번",
              "sex": "여성",
              "age": "20대"
            },
            "speechAct": "(단언) 주장하기",
            "morpheme": "거짓말/NNG"
          },
          {
            "id": 13,
            "text": "1 : 김선호가 전여친 낙태 시키고 가스라이팅 했대!",
            "norm_text": "김선호가 전여친 낙태 시키고 가스라이팅 했대!",
            "speaker": {
              "id": "1번",
              "sex": "여성",
              "age": "20대"
            },
            "speechAct": "(단언) 진술하기",
            "morpheme": "김선호/NNP+가/JKS+전/MM+여친/NNG+낙태/NNG+시키/XSV+고/EC+가스/NNG+라이팅/NNG+했/XSV+EP+대/EF"
          },
          {
            "id": 14,
            "text": "2 : 와 진짜?",
            "norm_text": "와 진짜?",
            "speaker": {
              "id": "2번",
              "sex": "여성",
              "age": "20대"
            },
            "speechAct": "(지시) 질문하기",
            "morpheme": "와/IC+진짜/MAG"
          },
          {
            "id": 15,
            "text": "2 : 언제 터졌어 그게?",
            "norm_text": "언제 터졌어 그게?",
            "speaker": {
              "id": "2번",
              "sex": "여성",
              "age": "20대"
            },
            "speechAct": "(지시) 질문하기",
            "morpheme": "언제/MAG+터졌/VV+EP+어/EF+그게/NP+JKS"
          },
          {
            "id": 16,
            "text": "1 : 그거 방금 터졌어!",
            "norm_text": "그거 방금 터졌어!",
            "speaker": {
              "id": "1번",
              "sex": "여성",
              "age": "20대"
            },
            "speechAct": "(단언) 진술하기",
            "morpheme": "그거/NP+방금/MAG+터졌/VV+EP+어/EF"
          },
          {
            "id": 17,
            "text": "1 : 기사 봐봐!",
            "norm_text": "기사 봐봐!",
            "speaker": {
              "id": "1번",
              "sex": "여성",
              "age": "20대"
            },
            "speechAct": "(지시) 충고/제안하기",
            "morpheme": "기사/NNG+봐/VV+EC+봐/VX+EF"
          },
          {
            "id": 18,
            "text": "2 : 오늘 ?",
            "norm_text": "오늘 ?",
            "speaker": {
              "id": "2번",
              "sex": "여성",
              "age": "20대"
            },
            "speechAct": "(지시) 질문하기",
            "morpheme": "오늘/MAG"
          },
          {
            "id": 19,
            "text": "2 : 와 인스타 가면 보이겠네",
            "norm_text": "와 인스타 가면 보이겠네",
            "speaker": {
              "id": "2번",
              "sex": "여성",
              "age": "20대"
            },
            "speechAct": "(단언) 주장하기",
            "morpheme": "와인/NNG+스타/NNG+가/VV+면/EC+보이/VV+겠/EP+네/EF"
          },
          {
            "id": 20,
            "text": "1 : 어 김선호가 선전하는 광고사 다 김선호 얼굴 내렸대!",
            "norm_text": "어 김선호가 선전하는 광고사 다 김선호 얼굴 내렸대!",
            "speaker": {
              "id": "1번",
              "sex": "여성",
              "age": "20대"
            },
            "speechAct": "(단언) 진술하기",
            "morpheme": "어/IC+김선호/NNP+가/JKS+선전/NNG+하/XSV+는/ETM+광고/NNG+사다/NNP+김선호/NNP+얼굴/NNG+내렸/VV+EP+대/EF"
          },
          {
            "id": 21,
            "text": "2 : 와 갑자기?",
            "norm_text": "와 갑자기?",
            "speaker": {
              "id": "2번",
              "sex": "여성",
              "age": "20대"
            },
            "speechAct": "(지시) 질문하기",
            "morpheme": "와/IC+갑자기/MAG"
          },
          {
            "id": 22,
            "text": "2 : 일박이일 뭔 죄야 ㅠㅜ",
            "norm_text": "일박이일 뭔 죄야 ㅠㅜ",
            "speaker": {
              "id": "2번",
              "sex": "여성",
              "age": "20대"
            },
            "speechAct": "(단언) 주장하기",
            "morpheme": "일/NR+박/NNBC+이/NR+일/NNBC+뭔/MM+죄/NNG+야/VCP+EF+ㅠㅜ/UNKNOWN"
          },
          {
            "id": 23,
            "text": "1 : 헐 ㅜㅜ 그 선한 눈망울에 우리가 속다니!",
            "norm_text": "헐 ㅜㅜ 그 선한 눈망울에 우리가 속다니!",
            "speaker": {
              "id": "1번",
              "sex": "여성",
              "age": "20대"
            },
            "speechAct": "(단언) 주장하기",
            "morpheme": "헐/VV+JKO+ㅜㅜ/UNKNOWN+그/MM+선한/VA+ETM+눈망울/NNG+에/JKB+우리/NP+가/JKS+속/VV+다니/EF"
          },
          {
            "id": 24,
            "text": "2 : 그래도 차차차 떴잖아 키키",
            "norm_text": "그래도 차차차 떴잖아 키키",
            "speaker": {
              "id": "2번",
              "sex": "여성",
              "age": "20대"
            },
            "speechAct": "(단언) 주장하기",
            "morpheme": "그래도/MAJ+차차차/MAG+떴/VV+EP+잖아/EF+키/NNG+키/XSV+ETN"
          },
          {
            "id": 25,
            "text": "2 : 당분간 쉬어도 되지",
            "norm_text": "당분간 쉬어도 되지",
            "speaker": {
              "id": "2번",
              "sex": "여성",
              "age": "20대"
            },
            "speechAct": "(단언) 주장하기",
            "morpheme": "당분간/MAG+쉬/VV+어도/EC+되/VV+지/EC"
          }
        ]
      }
    }
  ]
}