{
  "dataset": {
    "identifier": 103712,
    "name": "FACEBOOK_104_13_set",
    "src_path": "/data/file/cubeManager/PROJECT001/77/txt202110281455110204102/FACEBOOK_104_13_set/",
    "label_path": "/data/file/cubeManager/PROJECT001/77/txt202110281455110204102/FACEBOOK_104_13_set/",
    "category": 2,
    "type": 0
  },
  "licenses": {
    "name": "Apache License 1.0",
    "url": "http://www.apache.org/licenses/LICENSE-1.0"
  },
  "info": [
    {
      "id": 100498,
      "filename": "FACEBOOK_104_13.txt",
      "title": "FACEBOOK_104_13",
      "mediatype": "SNS",
      "medianame": "페이스북",
      "category": "일상대화",
      "date": "2021-10-28",
      "size": 498,
      "annotations": {
        "subject": "계절/날씨",
        "speaker_type": "1:1",
        "size": 498,
        "word_size": 167,
        "text": "1 : 내일은 다행히도 날씨가 좀 풀릴 거라네!?\n2 : 와 진짜 다행이다 요즘 추워서 어딜 못 나가겠어ㅠ\n1 : 키키 맞아\n1 : 한시적인 한파 주의보가 내려진 거였대!\n2 : 근데 너무 갑작스럽게 한파 주의보 였어 ㅠㅠ\n1 : 키키 맞아\n1 : 이게 주변 태풍 영향 때문인가?\n2 : 어어 맞아\n2 : 그거였을걸 나도 기사 본 거 같아!\n1 : 키키 나도 대충 봐서 잘 모르겠는데 암튼 내일부터 겉옷이나 챙겨야지!\n2 : 하하 그럼 내일 하루 가을이네 어디 놀러 가야 돼!\n1 : 맞아 키키\n1 : 단풍은 10월 말 쯤에 예쁘게 물들 예정이래!\n2 : 단풍 하루만에 다 떨어져 버릴거 같아 ㅠㅠ 날씨가 이래서 ㅠㅠ\n1 : 키키 맞아 ㅜㅜ\n1 : 근데 이제 괜찮아진다니까 빨간단풍 기다려 봅시다!\n2 : 그래 나 기대 좀 하고 있을게 하하\n1 : 키키 우리 돗자리 깔고 피크닉 가자!\n2 : 좋아 좋아!\n2 : 가서 맛있는 것도 먹자 ㅎ\n1 : 키키 내가 삼겹살 김밥 해 가지고 갈게!\n2 : 헐 그럼 나는 치킨 가져갈게 하하",
        "lines": [
          {
            "id": 1,
            "text": "1 : 내일은 다행히도 날씨가 좀 풀릴 거라네!?",
            "norm_text": "내일은 다행히도 날씨가 좀 풀릴 거라네!?",
            "speaker": {
              "id": "1번",
              "sex": "여성",
              "age": "20대"
            },
            "speechAct": "(단언) 진술하기",
            "morpheme": "내일/NNG+은/JX+다행히/MAG+도/JX+날씨/NNG+가/JKS+좀/MAG+풀릴/VV+ETM+거/NNB+라네/VCP+EC+!/SY"
          },
          {
            "id": 2,
            "text": "2 : 와 진짜 다행이다 요즘 추워서 어딜 못 나가겠어ㅠ",
            "norm_text": "와 진짜 다행이다 요즘 추워서 어딜 못 나가겠어ㅠ",
            "speaker": {
              "id": "2번",
              "sex": "여성",
              "age": "20대"
            },
            "speechAct": "(단언) 주장하기",
            "morpheme": "와/IC+진짜/MAG+다행/NNG+이/JKS+다/MAG+요즘/MAG+추워서/VA+EC+어딜/NP+JKO+못/MAG+나가/VV+겠/EP+어ㅠ/UNKNOWN"
          },
          {
            "id": 3,
            "text": "1 : 키키 맞아",
            "norm_text": "키키 맞아",
            "speaker": {
              "id": "1번",
              "sex": "여성",
              "age": "20대"
            },
            "speechAct": "(단언) 주장하기",
            "morpheme": "키/NNG+키/XSV+ETN+맞/VV+아/EC"
          },
          {
            "id": 4,
            "text": "1 : 한시적인 한파 주의보가 내려진 거였대!",
            "norm_text": "한시적인 한파 주의보가 내려진 거였대!",
            "speaker": {
              "id": "1번",
              "sex": "여성",
              "age": "20대"
            },
            "speechAct": "(단언) 진술하기",
            "morpheme": "한시/NNG+적/XSN+인/VCP+ETM+한파/NNG+주의보/NNG+가/JKS+내려진/VV+EC+VX+ETM+거/NNB+였/VCP+EP+대/EF"
          },
          {
            "id": 5,
            "text": "2 : 근데 너무 갑작스럽게 한파 주의보 였어 ㅠㅠ",
            "norm_text": "근데 너무 갑작스럽게 한파 주의보 였어 ㅠㅠ",
            "speaker": {
              "id": "2번",
              "sex": "여성",
              "age": "20대"
            },
            "speechAct": "(단언) 주장하기",
            "morpheme": "근데/MAJ+너무/MAG+갑작스럽/VA+게/EC+한/MM+파주/NNG+의/JKG+보였/VV+EP+어/EF+ㅠㅠ/UNKNOWN"
          },
          {
            "id": 6,
            "text": "1 : 키키 맞아",
            "norm_text": "키키 맞아",
            "speaker": {
              "id": "1번",
              "sex": "여성",
              "age": "20대"
            },
            "speechAct": "(단언) 주장하기",
            "morpheme": "키/NNG+키/XSV+ETN+맞/VV+아/EC"
          },
          {
            "id": 7,
            "text": "1 : 이게 주변 태풍 영향 때문인가?",
            "norm_text": "이게 주변 태풍 영향 때문인가?",
            "speaker": {
              "id": "1번",
              "sex": "여성",
              "age": "20대"
            },
            "speechAct": "(지시) 질문하기",
            "morpheme": "이게/NP+JKS+주변/NNG+태풍/NNG+영향/NNG+때문/NNB+인가/VCP+EF"
          },
          {
            "id": 8,
            "text": "2 : 어어 맞아",
            "norm_text": "어어 맞아",
            "speaker": {
              "id": "2번",
              "sex": "여성",
              "age": "20대"
            },
            "speechAct": "(단언) 주장하기",
            "morpheme": "어/IC+어/IC+맞/VV+아/EC"
          },
          {
            "id": 9,
            "text": "2 : 그거였을걸 나도 기사 본 거 같아!",
            "norm_text": "그거였을걸 나도 기사 본 거 같아!",
            "speaker": {
              "id": "2번",
              "sex": "여성",
              "age": "20대"
            },
            "speechAct": "(단언) 주장하기",
            "morpheme": "그거/NP+였을/VCP+EP+ETM+걸/NNB+JKO+나/NP+도/JX+기사/NNG+본/VV+ETM+거/NNB+같/VA+아/EF"
          },
          {
            "id": 10,
            "text": "1 : 키키 나도 대충 봐서 잘 모르겠는데 암튼 내일부터 겉옷이나 챙겨야지!",
            "norm_text": "키키 나도 대충 봐서 잘 모르겠는데 암튼 내일부터 겉옷이나 챙겨야지!",
            "speaker": {
              "id": "1번",
              "sex": "여성",
              "age": "20대"
            },
            "speechAct": "(단언) 주장하기",
            "morpheme": "키/NNG+키나/XSA+ETN+JX+도/JX+대충/MAG+봐서/VV+EC+잘/MAG+모르/VV+겠/EP+는데/EC+암튼/MAJ+내일/NNG+부터/JX+겉옷/NNG+이나/JX+챙겨야지/VV+EF"
          },
          {
            "id": 11,
            "text": "2 : 하하 그럼 내일 하루 가을이네 어디 놀러 가야 돼!",
            "norm_text": "하하 그럼 내일 하루 가을이네 어디 놀러 가야 돼!",
            "speaker": {
              "id": "2번",
              "sex": "여성",
              "age": "20대"
            },
            "speechAct": "(단언) 주장하기",
            "morpheme": "하하/MAG+그럼/MAJ+내일/MAG+하루/NNG+가을/NNG+이/VCP+네/EF+어디/NP+놀/VV+러/EC+가/VX+야/EC+돼/VV+EF"
          },
          {
            "id": 12,
            "text": "1 : 맞아 키키",
            "norm_text": "맞아 키키",
            "speaker": {
              "id": "1번",
              "sex": "여성",
              "age": "20대"
            },
            "speechAct": "(단언) 주장하기",
            "morpheme": "맞/VV+아/EC+키/NNG+키/XSV+ETN"
          },
          {
            "id": 13,
            "text": "1 : 단풍은 10월 말 쯤에 예쁘게 물들 예정이래!",
            "norm_text": "단풍은 10월 말 쯤에 예쁘게 물들 예정이래!",
            "speaker": {
              "id": "1번",
              "sex": "여성",
              "age": "20대"
            },
            "speechAct": "(단언) 진술하기",
            "morpheme": "단풍/NNG+은/JX+10/SN+월/NNBC+말/NNB+쯤/XSN+에/JKB+예쁘/VA+게/EC+물들/VV+ETM+예정/NNG+이/VCP+래/EF"
          },
          {
            "id": 14,
            "text": "2 : 단풍 하루만에 다 떨어져 버릴거 같아 ㅠㅠ 날씨가 이래서 ㅠㅠ",
            "norm_text": "단풍 하루만에 다 떨어져 버릴거 같아 ㅠㅠ 날씨가 이래서 ㅠㅠ",
            "speaker": {
              "id": "2번",
              "sex": "여성",
              "age": "20대"
            },
            "speechAct": "(단언) 주장하기",
            "morpheme": "단풍/NNG+하루/NNG+만/NNB+에/JKB+다/MAG+떨어져버릴/VV+EC+VX+ETM+거/NNB+같/VA+아/EC+ㅠㅠ/UNKNOWN+날씨/NNG+가/JKS+이래서/VV+EC+ㅠㅠ/UNKNOWN"
          },
          {
            "id": 15,
            "text": "1 : 키키 맞아 ㅜㅜ",
            "norm_text": "키키 맞아 ㅜㅜ",
            "speaker": {
              "id": "1번",
              "sex": "여성",
              "age": "20대"
            },
            "speechAct": "(단언) 주장하기",
            "morpheme": "키키맞아ㅜㅜ/UNKNOWN"
          },
          {
            "id": 16,
            "text": "1 : 근데 이제 괜찮아진다니까 빨간단풍 기다려 봅시다!",
            "norm_text": "근데 이제 괜찮아진다니까 빨간단풍 기다려 봅시다!",
            "speaker": {
              "id": "1번",
              "sex": "여성",
              "age": "20대"
            },
            "speechAct": "(단언) 주장하기",
            "morpheme": "근데/MAJ+이제/MAG+괜찮/VA+아/EC+진다니까/VX+EC+빨간/VA+ETM+단풍/NNG+기다려봅시다/VV+EC+VX+EF"
          },
          {
            "id": 17,
            "text": "2 : 그래 나 기대 좀 하고 있을게 하하",
            "norm_text": "그래 나 기대 좀 하고 있을게 하하",
            "speaker": {
              "id": "2번",
              "sex": "여성",
              "age": "20대"
            },
            "speechAct": "(단언) 주장하기",
            "morpheme": "그래/IC+나/NP+기대/NNG+좀/MAG+하/VV+고/EC+있/VX+을/ETM+게/NNB+JKS+하하/MAG"
          },
          {
            "id": 18,
            "text": "1 : 키키 우리 돗자리 깔고 피크닉 가자!",
            "norm_text": "키키 우리 돗자리 깔고 피크닉 가자!",
            "speaker": {
              "id": "1번",
              "sex": "여성",
              "age": "20대"
            },
            "speechAct": "(지시) 충고/제안하기",
            "morpheme": "키/NNG+키/XSV+ETN+우리/NP+돗자리/NNG+깔/VV+고/EC+피크닉/NNP+가/VV+자/EF"
          },
          {
            "id": 19,
            "text": "2 : 좋아 좋아!",
            "norm_text": "좋아 좋아!",
            "speaker": {
              "id": "2번",
              "sex": "여성",
              "age": "20대"
            },
            "speechAct": "(단언) 주장하기",
            "morpheme": "좋/VA+아/EC+좋/VA+아/EF"
          },
          {
            "id": 20,
            "text": "2 : 가서 맛있는 것도 먹자 ㅎ",
            "norm_text": "가서 맛있는 것도 먹자 ㅎ",
            "speaker": {
              "id": "2번",
              "sex": "여성",
              "age": "20대"
            },
            "speechAct": "(지시) 충고/제안하기",
            "morpheme": "가/VV+서/EC+맛있/VA+는/ETM+것/NNB+도/JX+먹자/NNG+ㅎ/XSA"
          },
          {
            "id": 21,
            "text": "1 : 키키 내가 삼겹살 김밥 해 가지고 갈게!",
            "norm_text": "키키 내가 삼겹살 김밥 해 가지고 갈게!",
            "speaker": {
              "id": "1번",
              "sex": "여성",
              "age": "20대"
            },
            "speechAct": "(언약) 약속하기(제3자와)/(개인적 수준)",
            "morpheme": "키/NNG+키/XSV+ETN+내/NP+가/JKS+삼겹살/NNG+김밥/NNG+해/XSV+EC+가지/VX+고/EC+갈게/VV+EF"
          },
          {
            "id": 22,
            "text": "2 : 헐 그럼 나는 치킨 가져갈게 하하",
            "norm_text": "헐 그럼 나는 치킨 가져갈게 하하",
            "speaker": {
              "id": "2번",
              "sex": "여성",
              "age": "20대"
            },
            "speechAct": "(언약) 약속하기(제3자와)/(개인적 수준)",
            "morpheme": "헐/IC+그럼/MAJ+나/NP+는/JX+치킨/NNG+가져갈/VV+ETM+게/NNB+JKS+하하/MAG"
          }
        ]
      }
    }
  ]
}