{
  "dataset": {
    "identifier": 119518,
    "name": "FACEBOOK_114_01_set",
    "src_path": "/data/file/cubeManager/PROJECT001/80/txt20211103151014081290/FACEBOOK_114_01_set/",
    "label_path": "/data/file/cubeManager/PROJECT001/80/txt20211103151014081290/FACEBOOK_114_01_set/",
    "category": 2,
    "type": 0
  },
  "licenses": {
    "name": "Apache License 1.0",
    "url": "http://www.apache.org/licenses/LICENSE-1.0"
  },
  "info": [
    {
      "id": 134404,
      "filename": "FACEBOOK_114_01.txt",
      "title": "FACEBOOK_114_01",
      "mediatype": "SNS",
      "medianame": "페이스북",
      "category": "일상대화",
      "date": "2021-11-03",
      "size": 395,
      "annotations": {
        "subject": "식음료",
        "speaker_type": "1:1",
        "size": 395,
        "word_size": 132,
        "text": "1 : 어제 케이크를 하루 종일 먹었어!\n2 : 케이크? 나는 떡볶이 시켜 먹었는데\n1 : 헐 키키 나는 금요일에 떡볶이 먹음~\n2 : 헐 ㅠㅠ 엽떡 할인하는데 그거 먹었어?\n1 : 키키 헐 진짜?\n1 : 엽떡이 할인도 해?\n2 : 분모자 새로 나와서 그거만 하더라 ㅜ\n1 : 헐 대박 키키\n1 : 그거 매운 거야?\n2 : 아니 그냥 로제, 크림, 기본 다 되던데?\n1 : 오 키키 기본 떡이랑 분모자랑 무슨 차이야?\n2 : 분모자는 그냥 분모자만 들어가 있어 키키\n1 : 키키 그래서 그거 가격이 얼마야?\n2 : 할인해서 13000원인가? 그래도 비싸 ㅜ\n1 : 할 키키 원래 만 오천 원이었나?\n2 : 응 근데 분모자에 흡수가 아예 안 돼있어 키키\n1 : 맞아 분모자는 양념 흡수가 안 돼!\n2 : 나도 그냥 케이크 시켜 먹을걸 ㅠㅠ",
        "lines": [
          {
            "id": 1,
            "text": "1 : 어제 케이크를 하루 종일 먹었어!",
            "norm_text": "어제 케이크를 하루 종일 먹었어!",
            "speaker": {
              "id": "1번",
              "sex": "여성",
              "age": "20대"
            },
            "speechAct": "(단언) 진술하기",
            "morpheme": "어제/MAG+케이크/NNG+를/JKO+하루/NNG+종일/NNG+먹/VV+었/EP+어/EF"
          },
          {
            "id": 2,
            "text": "2 : 케이크? 나는 떡볶이 시켜 먹었는데",
            "norm_text": "케이크? 나는 떡볶이 시켜 먹었는데",
            "speaker": {
              "id": "2번",
              "sex": "여성",
              "age": "20대"
            },
            "speechAct": "(단언) 진술하기",
            "morpheme": "케이크/NNG+나/NP+는/JX+떡볶이/NNG+시켜/XSV+EC+먹/VV+었/EP+는데/EC"
          },
          {
            "id": 3,
            "text": "1 : 헐 키키 나는 금요일에 떡볶이 먹음~",
            "norm_text": "헐 키키 나는 금요일에 떡볶이 먹음~",
            "speaker": {
              "id": "1번",
              "sex": "여성",
              "age": "20대"
            },
            "speechAct": "(단언) 진술하기",
            "morpheme": "헐/IC+키/NNG+키나/XSA+ETN+JX+는/JX+금요일/NNG+에/JKB+떡볶이/NNG+먹/VV+음/ETN+~/SY"
          },
          {
            "id": 4,
            "text": "2 : 헐 ㅠㅠ 엽떡 할인하는데 그거 먹었어?",
            "norm_text": "헐 ㅠㅠ 엽떡 할인하는데 그거 먹었어?",
            "speaker": {
              "id": "2번",
              "sex": "여성",
              "age": "20대"
            },
            "speechAct": "(지시) 질문하기",
            "morpheme": "헐/VV+JKO+ㅠㅠ/UNKNOWN+엽/NNG+떡/NNG+할인/NNG+하/XSV+는데/EC+그거/NP+먹/VV+었/EP+어/EF"
          },
          {
            "id": 5,
            "text": "1 : 키키 헐 진짜?",
            "norm_text": "키키 헐 진짜?",
            "speaker": {
              "id": "1번",
              "sex": "여성",
              "age": "20대"
            },
            "speechAct": "(지시) 질문하기",
            "morpheme": "키/NNG+키/NNG+헐/XSV+JKO+진짜/MAG"
          },
          {
            "id": 6,
            "text": "1 : 엽떡이 할인도 해?",
            "norm_text": "엽떡이 할인도 해?",
            "speaker": {
              "id": "1번",
              "sex": "여성",
              "age": "20대"
            },
            "speechAct": "(지시) 질문하기",
            "morpheme": "엽/NNG+떡/NNG+이/JKS+할인/NNG+도/JX+해/VV+EF"
          },
          {
            "id": 7,
            "text": "2 : 분모자 새로 나와서 그거만 하더라 ㅜ",
            "norm_text": "분모자 새로 나와서 그거만 하더라 ㅜ",
            "speaker": {
              "id": "2번",
              "sex": "여성",
              "age": "20대"
            },
            "speechAct": "(단언) 진술하기",
            "morpheme": "분모/NNG+자새/NNG+로/JKB+나와서/VV+EC+그거/NP+만/JX+하/VV+더라/EF+ㅜ/UNKNOWN"
          },
          {
            "id": 8,
            "text": "1 : 헐 대박 키키",
            "norm_text": "헐 대박 키키",
            "speaker": {
              "id": "1번",
              "sex": "여성",
              "age": "20대"
            },
            "speechAct": "(단언) 주장하기",
            "morpheme": "헐/IC+대박/NNG+키/NNG+키/XSV+ETN"
          },
          {
            "id": 9,
            "text": "1 : 그거 매운 거야?",
            "norm_text": "그거 매운 거야?",
            "speaker": {
              "id": "1번",
              "sex": "여성",
              "age": "20대"
            },
            "speechAct": "(지시) 질문하기",
            "morpheme": "그거/NP+매운/VA+ETM+거/NNB+야/VCP+EF"
          },
          {
            "id": 10,
            "text": "2 : 아니 그냥 로제, 크림, 기본 다 되던데?",
            "norm_text": "아니 그냥 로제, 크림, 기본 다 되던데?",
            "speaker": {
              "id": "2번",
              "sex": "여성",
              "age": "20대"
            },
            "speechAct": "(지시) 질문하기",
            "morpheme": "아니/IC+그냥/MAG+로제/NNG+,/SC+크림/NNG+,/SC+기본/NNG+다/MAG+되/VV+던데/EF"
          },
          {
            "id": 11,
            "text": "1 : 오 키키 기본 떡이랑 분모자랑 무슨 차이야?",
            "norm_text": "오 키키 기본 떡이랑 분모자랑 무슨 차이야?",
            "speaker": {
              "id": "1번",
              "sex": "여성",
              "age": "20대"
            },
            "speechAct": "(지시) 질문하기",
            "morpheme": "오키/NNP+키/NNG+기본/NNG+떡/NNG+이랑/JKB+분모/NNG+자랑/NNG+무슨/MM+차이/NNG+야/VCP+EF"
          },
          {
            "id": 12,
            "text": "2 : 분모자는 그냥 분모자만 들어가 있어 키키",
            "norm_text": "분모자는 그냥 분모자만 들어가 있어 키키",
            "speaker": {
              "id": "2번",
              "sex": "여성",
              "age": "20대"
            },
            "speechAct": "(단언) 주장하기",
            "morpheme": "분모/NNG+자/XSN+는/JX+그냥/MAG+분모/NNG+자/XSN+만/JX+들어가/VV+EC+있/VX+어/EC+키/NNG+키/XSV+ETN"
          },
          {
            "id": 13,
            "text": "1 : 키키 그래서 그거 가격이 얼마야?",
            "norm_text": "키키 그래서 그거 가격이 얼마야?",
            "speaker": {
              "id": "1번",
              "sex": "여성",
              "age": "20대"
            },
            "speechAct": "(지시) 질문하기",
            "morpheme": "키/NNG+키/XSV+ETN+그래서/MAJ+그거/NP+가격/NNG+이/JKS+얼마/NNG+야/VCP+EF"
          },
          {
            "id": 14,
            "text": "2 : 할인해서 13000원인가? 그래도 비싸 ㅜ",
            "norm_text": "할인해서 13000원인가? 그래도 비싸 ㅜ",
            "speaker": {
              "id": "2번",
              "sex": "여성",
              "age": "20대"
            },
            "speechAct": "(단언) 주장하기",
            "morpheme": "할인/NNG+해서/XSV+EC+13000/SN+원/NNBC+인가/VCP+EF+그래도비싸ㅜ/UNKNOWN"
          },
          {
            "id": 15,
            "text": "1 : 할 키키 원래 만 오천 원이었나?",
            "norm_text": "할 키키 원래 만 오천 원이었나?",
            "speaker": {
              "id": "1번",
              "sex": "여성",
              "age": "20대"
            },
            "speechAct": "(지시) 질문하기",
            "morpheme": "할/VV+ETM+키/NNG+키/NNG+원래/NNG+만/JX+오/NR+천/NR+원/NNBC+이/VCP+었/EP+나/EF"
          },
          {
            "id": 16,
            "text": "2 : 응 근데 분모자에 흡수가 아예 안 돼있어 키키",
            "norm_text": "응 근데 분모자에 흡수가 아예 안 돼있어 키키",
            "speaker": {
              "id": "2번",
              "sex": "여성",
              "age": "20대"
            },
            "speechAct": "(단언) 주장하기",
            "morpheme": "응/IC+근데/MAJ+분모/NNG+자/XSN+에/JKB+흡수/NNG+가/JKS+아예/MAG+안/MAG+돼/VV+EC+있/VX+어/EC+키/NNG+키/XSV+ETN"
          },
          {
            "id": 17,
            "text": "1 : 맞아 분모자는 양념 흡수가 안 돼!",
            "norm_text": "맞아 분모자는 양념 흡수가 안 돼!",
            "speaker": {
              "id": "1번",
              "sex": "여성",
              "age": "20대"
            },
            "speechAct": "(단언) 주장하기",
            "morpheme": "맞/VV+아/EC+분모/NNG+자/XSN+는/JX+양념/NNG+흡수/NNG+가/JKS+안/MAG+돼/VV+EF"
          },
          {
            "id": 18,
            "text": "2 : 나도 그냥 케이크 시켜 먹을걸 ㅠㅠ",
            "norm_text": "나도 그냥 케이크 시켜 먹을걸 ㅠㅠ",
            "speaker": {
              "id": "2번",
              "sex": "여성",
              "age": "20대"
            },
            "speechAct": "(단언) 주장하기",
            "morpheme": "나/NP+도/JX+그냥/MAG+케이크/NNG+시켜/XSV+EC+먹/VV+을/ETM+걸/NNB+JKO+ㅠㅠ/UNKNOWN"
          }
        ]
      }
    }
  ]
}