{
  "dataset": {
    "identifier": 103993,
    "name": "FACEBOOK_108_01_set",
    "src_path": "/data/file/cubeManager/PROJECT001/77/txt20211029160805038283/FACEBOOK_108_01_set/",
    "label_path": "/data/file/cubeManager/PROJECT001/77/txt20211029160805038283/FACEBOOK_108_01_set/",
    "category": 2,
    "type": 0
  },
  "licenses": {
    "name": "Apache License 1.0",
    "url": "http://www.apache.org/licenses/LICENSE-1.0"
  },
  "info": [
    {
      "id": 111289,
      "filename": "FACEBOOK_108_01.txt",
      "title": "FACEBOOK_108_01",
      "mediatype": "SNS",
      "medianame": "페이스북",
      "category": "일상대화",
      "date": "2021-10-29",
      "size": 501,
      "annotations": {
        "subject": "식음료",
        "speaker_type": "1:1",
        "size": 501,
        "word_size": 176,
        "text": "1 : 너는 초밥 좋아해?\n1 : 어떤 초밥 좋아해?\n2 : 나 초밥 완전 좋아해 그 중에서 연어초밥을 제일 좋아해\n1 : 오 키키 나도 연어초밥 위에 소스 올려져 있는 거 제일 좋아해!\n2 : 맞아 맞아\n2 : 그게 진짜 맛있어 ㅠㅠ\n1 : 키키 아 인정 그 양파랑 같이  얹어진 거!\n2 : 맞아 ㅠㅠ\n2 : 그리고 연어 타다끼 초밥도 너무 맛있어 ㅠ\n1 : 아 진짜 존맛이지 ㅜㅜ\n1 : 나는 또 간장새우도 좋아해!\n2 : 나도 간장새우 너무 맛있더라 ㅠ\n1 : 맞아\n1 : 그거 진짜 잘하는 집 가면 그것만 먹게 돼!\n2 : 와 그 정도로 좋아해?\n2 : 난 연어가 그래!\n1 : 그 간장새우 양념을 잘 재운 곳이 있거든?\n1 : 그러면 다른 초밥 저리 가라 야!\n2 : 어 너가 먹어본 초밥집 맛있었던 곳은 어디야?\n1 : 나는 서울에 있는 곳인데 나중에 서울 오면 같이 가자!\n2 : 헐 너무 좋아 나 벌써 떨려!\n1 : 근데 가격대가 좀 있어 1인분에 3만 원!\n2 : 맛있는 곳은 그렇더라 ㅠㅠ\n2 : 그래도 투자해야지 ㅎ",
        "lines": [
          {
            "id": 1,
            "text": "1 : 너는 초밥 좋아해?",
            "norm_text": "너는 초밥 좋아해?",
            "speaker": {
              "id": "1번",
              "sex": "여성",
              "age": "20대"
            },
            "speechAct": "(지시) 질문하기",
            "morpheme": "너/NP+는/JX+초밥/NNG+좋/VA+아/EC+해/VX+EF"
          },
          {
            "id": 2,
            "text": "1 : 어떤 초밥 좋아해?",
            "norm_text": "어떤 초밥 좋아해?",
            "speaker": {
              "id": "1번",
              "sex": "여성",
              "age": "20대"
            },
            "speechAct": "(지시) 질문하기",
            "morpheme": "어떤/MM+초밥/NNG+좋/VA+아/EC+해/VX+EF"
          },
          {
            "id": 3,
            "text": "2 : 나 초밥 완전 좋아해 그 중에서 연어초밥을 제일 좋아해",
            "norm_text": "나 초밥 완전 좋아해 그 중에서 연어초밥을 제일 좋아해",
            "speaker": {
              "id": "2번",
              "sex": "여성",
              "age": "20대"
            },
            "speechAct": "(단언) 주장하기",
            "morpheme": "나/NP+초밥/NNG+완전/MAG+좋아해/VV+EC+그/MM+중/NNB+에서/JKB+연어/NNG+초밥/NNG+을/JKO+제일/MAG+좋아해/VV+EC"
          },
          {
            "id": 4,
            "text": "1 : 오 키키 나도 연어초밥 위에 소스 올려져 있는 거 제일 좋아해!",
            "norm_text": "오 키키 나도 연어초밥 위에 소스 올려져 있는 거 제일 좋아해!",
            "speaker": {
              "id": "1번",
              "sex": "여성",
              "age": "20대"
            },
            "speechAct": "(단언) 주장하기",
            "morpheme": "오키/NNP+키나/NNG+도/JX+연어/NNG+초밥/NNG+위/NNG+에/JKB+소스/NNG+올려져/VV+EC+VX+EC+있/VX+는/ETM+거/NNB+제일/MAG+좋/VA+아/EC+해/VX+EF"
          },
          {
            "id": 5,
            "text": "2 : 맞아 맞아",
            "norm_text": "맞아 맞아",
            "speaker": {
              "id": "2번",
              "sex": "여성",
              "age": "20대"
            },
            "speechAct": "(단언) 주장하기",
            "morpheme": "맞/VV+아/EC+맞/VV+아/EC"
          },
          {
            "id": 6,
            "text": "2 : 그게 진짜 맛있어 ㅠㅠ",
            "norm_text": "그게 진짜 맛있어 ㅠㅠ",
            "speaker": {
              "id": "2번",
              "sex": "여성",
              "age": "20대"
            },
            "speechAct": "(단언) 주장하기",
            "morpheme": "그게/NP+JKS+진짜/MAG+맛있/VA+어/EC+ㅠㅠ/UNKNOWN"
          },
          {
            "id": 7,
            "text": "1 : 키키 아 인정 그 양파랑 같이  얹어진 거!",
            "norm_text": "키키 아 인정 그 양파랑 같이  얹어진 거!",
            "speaker": {
              "id": "1번",
              "sex": "여성",
              "age": "20대"
            },
            "speechAct": "(단언) 주장하기",
            "morpheme": "키/NNG+키/VV+아/EC+인정/NNG+그/MM+양파/NNG+랑/JKB+같이/MAG+얹/VV+어/EC+진/VX+ETM+거/NNB"
          },
          {
            "id": 8,
            "text": "2 : 맞아 ㅠㅠ",
            "norm_text": "맞아 ㅠㅠ",
            "speaker": {
              "id": "2번",
              "sex": "여성",
              "age": "20대"
            },
            "speechAct": "(단언) 주장하기",
            "morpheme": "맞아ㅠㅠ/UNKNOWN"
          },
          {
            "id": 9,
            "text": "2 : 그리고 연어 타다끼 초밥도 너무 맛있어 ㅠ",
            "norm_text": "그리고 연어 타다끼 초밥도 너무 맛있어 ㅠ",
            "speaker": {
              "id": "2번",
              "sex": "여성",
              "age": "20대"
            },
            "speechAct": "(단언) 주장하기",
            "morpheme": "그리고/MAJ+연어/NNG+타/VV+다/EC+끼/NNG+초밥/NNG+도/JX+너무/MAG+맛있/VA+어/EC+ㅠ/UNKNOWN"
          },
          {
            "id": 10,
            "text": "1 : 아 진짜 존맛이지 ㅜㅜ",
            "norm_text": "아 진짜 존맛이지 ㅜㅜ",
            "speaker": {
              "id": "1번",
              "sex": "여성",
              "age": "20대"
            },
            "speechAct": "(단언) 주장하기",
            "morpheme": "아/IC+진짜/MAG+존/NNP+맛/NNG+이/VCP+지/EF+ㅜㅜ/UNKNOWN"
          },
          {
            "id": 11,
            "text": "1 : 나는 또 간장새우도 좋아해!",
            "norm_text": "나는 또 간장새우도 좋아해!",
            "speaker": {
              "id": "1번",
              "sex": "여성",
              "age": "20대"
            },
            "speechAct": "(단언) 주장하기",
            "morpheme": "나/NP+는/JX+또/MAG+간장/NNG+새우/NNG+도/JX+좋/VA+아/EC+해/VX+EF"
          },
          {
            "id": 12,
            "text": "2 : 나도 간장새우 너무 맛있더라 ㅠ",
            "norm_text": "나도 간장새우 너무 맛있더라 ㅠ",
            "speaker": {
              "id": "2번",
              "sex": "여성",
              "age": "20대"
            },
            "speechAct": "(단언) 주장하기",
            "morpheme": "나/NP+도/JX+간장/NNG+새우/NNG+너무/MAG+맛있/VA+더라/EF+ㅠ/UNKNOWN"
          },
          {
            "id": 13,
            "text": "1 : 맞아",
            "norm_text": "맞아",
            "speaker": {
              "id": "1번",
              "sex": "여성",
              "age": "20대"
            },
            "speechAct": "(단언) 주장하기",
            "morpheme": "맞/VV+아/EC"
          },
          {
            "id": 14,
            "text": "1 : 그거 진짜 잘하는 집 가면 그것만 먹게 돼!",
            "norm_text": "그거 진짜 잘하는 집 가면 그것만 먹게 돼!",
            "speaker": {
              "id": "1번",
              "sex": "여성",
              "age": "20대"
            },
            "speechAct": "(단언) 주장하기",
            "morpheme": "그거/NP+진짜/MAG+잘/MAG+하/VV+는/ETM+집/NNG+가/VV+면/EC+그것/NP+만/JX+먹/VV+게/EC+돼/VV+EF"
          },
          {
            "id": 15,
            "text": "2 : 와 그 정도로 좋아해?",
            "norm_text": "와 그 정도로 좋아해?",
            "speaker": {
              "id": "2번",
              "sex": "여성",
              "age": "20대"
            },
            "speechAct": "(지시) 질문하기",
            "morpheme": "와/IC+그/MM+정도/NNG+로/JKB+좋/VA+아/EC+해/VX+EF"
          },
          {
            "id": 16,
            "text": "2 : 난 연어가 그래!",
            "norm_text": "난 연어가 그래!",
            "speaker": {
              "id": "2번",
              "sex": "여성",
              "age": "20대"
            },
            "speechAct": "(단언) 주장하기",
            "morpheme": "난/NP+JX+연어/NNG+가/JKS+그래/VV+EF"
          },
          {
            "id": 17,
            "text": "1 : 그 간장새우 양념을 잘 재운 곳이 있거든?",
            "norm_text": "그 간장새우 양념을 잘 재운 곳이 있거든?",
            "speaker": {
              "id": "1번",
              "sex": "여성",
              "age": "20대"
            },
            "speechAct": "(단언) 주장하기",
            "morpheme": "그/MM+간장/NNG+새우/NNG+양념/NNG+을/JKO+잘/MAG+재운/VV+ETM+곳/NNG+이/JKS+있/VA+거든/EF"
          },
          {
            "id": 18,
            "text": "1 : 그러면 다른 초밥 저리 가라 야!",
            "norm_text": "그러면 다른 초밥 저리 가라 야!",
            "speaker": {
              "id": "1번",
              "sex": "여성",
              "age": "20대"
            },
            "speechAct": "(단언) 주장하기",
            "morpheme": "그러면/MAJ+다른/MM+초밥/NNG+저리/MAG+가라/VV+야/EF"
          },
          {
            "id": 19,
            "text": "2 : 어 너가 먹어본 초밥집 맛있었던 곳은 어디야?",
            "norm_text": "어 너가 먹어본 초밥집 맛있었던 곳은 어디야?",
            "speaker": {
              "id": "2번",
              "sex": "여성",
              "age": "20대"
            },
            "speechAct": "(지시) 질문하기",
            "morpheme": "어/IC+너/NP+가/JKS+먹/VV+어/EC+본/VX+ETM+초밥/NNG+집/NNG+맛있/VA+었/EP+던/ETM+곳/NNG+은/JX+어디/NP+야/VCP+EF"
          },
          {
            "id": 20,
            "text": "1 : 나는 서울에 있는 곳인데 나중에 서울 오면 같이 가자!",
            "norm_text": "나는 서울에 있는 곳인데 나중에 서울 오면 같이 가자!",
            "speaker": {
              "id": "1번",
              "sex": "여성",
              "age": "20대"
            },
            "speechAct": "(언약) 약속하기(제3자와)/(개인적 수준)",
            "morpheme": "나/NP+는/JX+서울/NNP+에/JKB+있/VV+는/ETM+곳/NNB+인데/VCP+EC+나중/NNG+에서/JKB+울/VV+오면/EC+같이/MAG+가/VV+자/EF"
          },
          {
            "id": 21,
            "text": "2 : 헐 너무 좋아 나 벌써 떨려!",
            "norm_text": "헐 너무 좋아 나 벌써 떨려!",
            "speaker": {
              "id": "2번",
              "sex": "여성",
              "age": "20대"
            },
            "speechAct": "(단언) 주장하기",
            "morpheme": "헐/IC+너무/MAG+좋/VA+아나/EC+벌써/MAG+떨려/VV+EF"
          },
          {
            "id": 22,
            "text": "1 : 근데 가격대가 좀 있어 1인분에 3만 원!",
            "norm_text": "근데 가격대가 좀 있어 1인분에 3만 원!",
            "speaker": {
              "id": "1번",
              "sex": "여성",
              "age": "20대"
            },
            "speechAct": "(단언) 진술하기",
            "morpheme": "근데/MAJ+가격대/NNG+가/JKS+좀/MAG+있/VA+어/EC+1/SN+인분/NNG+에/JKB+3/SN+만/NR+원/NNBC"
          },
          {
            "id": 23,
            "text": "2 : 맛있는 곳은 그렇더라 ㅠㅠ",
            "norm_text": "맛있는 곳은 그렇더라 ㅠㅠ",
            "speaker": {
              "id": "2번",
              "sex": "여성",
              "age": "20대"
            },
            "speechAct": "(단언) 주장하기",
            "morpheme": "맛있/VA+는/ETM+곳/NNG+은/JX+그렇/VA+더라/EF+ㅠㅠ/UNKNOWN"
          },
          {
            "id": 24,
            "text": "2 : 그래도 투자해야지 ㅎ",
            "norm_text": "그래도 투자해야지 ㅎ",
            "speaker": {
              "id": "2번",
              "sex": "여성",
              "age": "20대"
            },
            "speechAct": "(단언) 주장하기",
            "morpheme": "그래도/MAJ+투자/NNG+해야/XSV+EC+지/VX+ㅎ/XSA"
          }
        ]
      }
    }
  ]
}