{
  "dataset": {
    "identifier": 117769,
    "name": "FACEBOOK_120_07_set",
    "src_path": "/data/file/cubeManager/PROJECT001/80/txt20211102113528089414/FACEBOOK_120_07_set/",
    "label_path": "/data/file/cubeManager/PROJECT001/80/txt20211102113528089414/FACEBOOK_120_07_set/",
    "category": 2,
    "type": 0
  },
  "licenses": {
    "name": "Apache License 1.0",
    "url": "http://www.apache.org/licenses/LICENSE-1.0"
  },
  "info": [
    {
      "id": 129890,
      "filename": "FACEBOOK_120_07.txt",
      "title": "FACEBOOK_120_07",
      "mediatype": "SNS",
      "medianame": "페이스북",
      "category": "일상대화",
      "date": "2021-11-02",
      "size": 491,
      "annotations": {
        "subject": "가족",
        "speaker_type": "1:1",
        "size": 491,
        "word_size": 173,
        "text": "1 : 우리 언니 남친이랑 싸웠대~\n2 : 뭐야\n2 : 언니 남자친구 언제 생겼대?\n1 : 우리 언니 남친이랑 1년 넘었지~\n2 : 와 꽤 됐구나?\n2 : 전에는 없었던 걸로 기억하는데 키키\n1 : 웅 맞아\n1 : 코로나 터지기 직전에 태국 가서 물어 왔어~\n2 : 와 여행지 가서 만나는 사람들 보면 되게 신기하더라\n2 : 어캐 만나지?\n1 : 그러니까\n1 : 되게 외향적인 성격이라 그런가 봐~\n2 : 역시 만날 사람들은 다 어떻게든 만나나 봐 키키\n2 : 왜 싸웠대?\n1 : 키키 그니까\n1 : 다음 달에 제주도 가기로 했는데 못 간대~\n2 : 에이 사정이 있을 수도 있지 ㅠㅠ\n1 : 맞아\n1 : 근데 남친이 군인이라 두 달에 한 번씩 보는 거였거든~\n2 : 아 그럼 두 달에 한 번 보는데 못 보게 된 거야?\n1 : 어 맞아\n1 : 8월에 보고 이제 만나는 거였는데!\n2 : 기대 했었던 거만큼 실망도 많이 크겠다 ㅠㅠ\n1 : 어 맞아\n1 : 우리 언니 지금 즙 짜는 중~\n2 : 어머 너가 가서 휴지 좀 드려라~",
        "lines": [
          {
            "id": 1,
            "text": "1 : 우리 언니 남친이랑 싸웠대~",
            "norm_text": "우리 언니 남친이랑 싸웠대~",
            "speaker": {
              "id": "1번",
              "sex": "여성",
              "age": "20대"
            },
            "speechAct": "(단언) 진술하기",
            "morpheme": "우리/NP+언니/NNG+남친/NNG+이랑/JKB+싸웠/VV+EP+대/EF+~/SY"
          },
          {
            "id": 2,
            "text": "2 : 뭐야",
            "norm_text": "뭐야",
            "speaker": {
              "id": "2번",
              "sex": "여성",
              "age": "20대"
            },
            "speechAct": "(단언) 주장하기",
            "morpheme": "뭐/NP+야/VCP+EF"
          },
          {
            "id": 3,
            "text": "2 : 언니 남자친구 언제 생겼대?",
            "norm_text": "언니 남자친구 언제 생겼대?",
            "speaker": {
              "id": "2번",
              "sex": "여성",
              "age": "20대"
            },
            "speechAct": "(지시) 질문하기",
            "morpheme": "언니/NNG+남자/NNG+친구/NNG+언제/MAG+생겼/VV+EP+대/EF"
          },
          {
            "id": 4,
            "text": "1 : 우리 언니 남친이랑 1년 넘었지~",
            "norm_text": "우리 언니 남친이랑 1년 넘었지~",
            "speaker": {
              "id": "1번",
              "sex": "여성",
              "age": "20대"
            },
            "speechAct": "(단언) 진술하기",
            "morpheme": "우리/NP+언니/NNG+남친/NNG+이랑/JC+1/SN+년/NNBC+넘/VV+었/EP+지/EC+~/SY"
          },
          {
            "id": 5,
            "text": "2 : 와 꽤 됐구나?",
            "norm_text": "와 꽤 됐구나?",
            "speaker": {
              "id": "2번",
              "sex": "여성",
              "age": "20대"
            },
            "speechAct": "(단언) 주장하기",
            "morpheme": "와/IC+꽤/MAG+됐/VV+EP+구나/EF"
          },
          {
            "id": 6,
            "text": "2 : 전에는 없었던 걸로 기억하는데 키키",
            "norm_text": "전에는 없었던 걸로 기억하는데 키키",
            "speaker": {
              "id": "2번",
              "sex": "여성",
              "age": "20대"
            },
            "speechAct": "(단언) 진술하기",
            "morpheme": "전/NNG+에/JKB+는/JX+없/VA+었/EP+던/ETM+걸로/NNB+JKB+기억/NNG+하/XSV+는/ETM+데/NNB+키/NNG+키/XSV+ETN"
          },
          {
            "id": 7,
            "text": "1 : 웅 맞아",
            "norm_text": "웅 맞아",
            "speaker": {
              "id": "1번",
              "sex": "여성",
              "age": "20대"
            },
            "speechAct": "(단언) 주장하기",
            "morpheme": "웅/MAG+맞/VV+아/EC"
          },
          {
            "id": 8,
            "text": "1 : 코로나 터지기 직전에 태국 가서 물어 왔어~",
            "norm_text": "코로나 터지기 직전에 태국 가서 물어 왔어~",
            "speaker": {
              "id": "1번",
              "sex": "여성",
              "age": "20대"
            },
            "speechAct": "(단언) 진술하기",
            "morpheme": "코로나터지기직전에태국가서물어왔어/UNKNOWN+~/SY"
          },
          {
            "id": 9,
            "text": "2 : 와 여행지 가서 만나는 사람들 보면 되게 신기하더라",
            "norm_text": "와 여행지 가서 만나는 사람들 보면 되게 신기하더라",
            "speaker": {
              "id": "2번",
              "sex": "여성",
              "age": "20대"
            },
            "speechAct": "(단언) 주장하기",
            "morpheme": "와/IC+여행지/NNG+가/VV+서/EC+만나/VV+는/ETM+사람/NNG+들/XSN+보/VV+면/EC+되게/MAG+신기/XR+하/XSA+더라/EC"
          },
          {
            "id": 10,
            "text": "2 : 어캐 만나지?",
            "norm_text": "어캐 만나지?",
            "speaker": {
              "id": "2번",
              "sex": "여성",
              "age": "20대"
            },
            "speechAct": "(단언) 주장하기",
            "morpheme": "어/IC+캐/VV+EC+만나/VV+지/EF"
          },
          {
            "id": 11,
            "text": "1 : 그러니까",
            "norm_text": "그러니까",
            "speaker": {
              "id": "1번",
              "sex": "여성",
              "age": "20대"
            },
            "speechAct": "(단언) 주장하기",
            "morpheme": "그러니까/MAJ"
          },
          {
            "id": 12,
            "text": "1 : 되게 외향적인 성격이라 그런가 봐~",
            "norm_text": "되게 외향적인 성격이라 그런가 봐~",
            "speaker": {
              "id": "1번",
              "sex": "여성",
              "age": "20대"
            },
            "speechAct": "(단언) 주장하기",
            "morpheme": "되게/MAG+외향/NNG+적/XSN+인/VCP+ETM+성격/NNG+이/VCP+라/EC+그런가/VA+EC+봐/VX+EC+~/SY"
          },
          {
            "id": 13,
            "text": "2 : 역시 만날 사람들은 다 어떻게든 만나나 봐 키키",
            "norm_text": "역시 만날 사람들은 다 어떻게든 만나나 봐 키키",
            "speaker": {
              "id": "2번",
              "sex": "여성",
              "age": "20대"
            },
            "speechAct": "(단언) 주장하기",
            "morpheme": "역시/MAJ+만날/VV+ETM+사람/NNG+들/XSN+은/JX+다/MAG+어떻게/MAG+든/JX+만나/VV+나/EC+봐/VX+EF+키/NNG+키/XSV+ETN"
          },
          {
            "id": 14,
            "text": "2 : 왜 싸웠대?",
            "norm_text": "왜 싸웠대?",
            "speaker": {
              "id": "2번",
              "sex": "여성",
              "age": "20대"
            },
            "speechAct": "(지시) 질문하기",
            "morpheme": "왜/MAG+싸웠/VV+EP+대/EF"
          },
          {
            "id": 15,
            "text": "1 : 키키 그니까",
            "norm_text": "키키 그니까",
            "speaker": {
              "id": "1번",
              "sex": "여성",
              "age": "20대"
            },
            "speechAct": "(단언) 주장하기",
            "morpheme": "키/NNG+키/XSV+ETN+그니까/MAJ"
          },
          {
            "id": 16,
            "text": "1 : 다음 달에 제주도 가기로 했는데 못 간대~",
            "norm_text": "다음 달에 제주도 가기로 했는데 못 간대~",
            "speaker": {
              "id": "1번",
              "sex": "여성",
              "age": "20대"
            },
            "speechAct": "(단언) 진술하기",
            "morpheme": "다음/NNG+달/NNG+에/JKB+제주도/NNP+가/JKS+기로/NNG+했/XSV+EP+는데/EC+못/MAG+간대/VV+EC+~/SY"
          },
          {
            "id": 17,
            "text": "2 : 에이 사정이 있을 수도 있지 ㅠㅠ",
            "norm_text": "에이 사정이 있을 수도 있지 ㅠㅠ",
            "speaker": {
              "id": "2번",
              "sex": "여성",
              "age": "20대"
            },
            "speechAct": "(단언) 주장하기",
            "morpheme": "에이/NNG+사정/NNG+이/JKS+있/VV+을/ETM+수/NNB+도/JX+있/VA+지/EC+ㅠㅠ/UNKNOWN"
          },
          {
            "id": 18,
            "text": "1 : 맞아",
            "norm_text": "맞아",
            "speaker": {
              "id": "1번",
              "sex": "여성",
              "age": "20대"
            },
            "speechAct": "(단언) 주장하기",
            "morpheme": "맞/VV+아/EC"
          },
          {
            "id": 19,
            "text": "1 : 근데 남친이 군인이라 두 달에 한 번씩 보는 거였거든~",
            "norm_text": "근데 남친이 군인이라 두 달에 한 번씩 보는 거였거든~",
            "speaker": {
              "id": "1번",
              "sex": "여성",
              "age": "20대"
            },
            "speechAct": "(단언) 진술하기",
            "morpheme": "근데/MAJ+남친/NNG+이/JKS+군인/NNG+이라두/JX+달/NNG+에/JKB+한/MM+번/NNBC+씩/XSN+보/VV+는/ETM+거/NNB+였/VCP+EP+거든/EF+~/SY"
          },
          {
            "id": 20,
            "text": "2 : 아 그럼 두 달에 한 번 보는데 못 보게 된 거야?",
            "norm_text": "아 그럼 두 달에 한 번 보는데 못 보게 된 거야?",
            "speaker": {
              "id": "2번",
              "sex": "여성",
              "age": "20대"
            },
            "speechAct": "(단언) 주장하기",
            "morpheme": "아/IC+그럼/MAJ+두/MM+달/NNG+에/JKB+한/MM+번/NNBC+보/VV+는데/EC+못/MAG+보/VV+게/EC+된/VV+ETM+거/NNB+야/VCP+EF"
          },
          {
            "id": 21,
            "text": "1 : 어 맞아",
            "norm_text": "어 맞아",
            "speaker": {
              "id": "1번",
              "sex": "여성",
              "age": "20대"
            },
            "speechAct": "(단언) 주장하기",
            "morpheme": "어/IC+맞/VV+아/EC"
          },
          {
            "id": 22,
            "text": "1 : 8월에 보고 이제 만나는 거였는데!",
            "norm_text": "8월에 보고 이제 만나는 거였는데!",
            "speaker": {
              "id": "1번",
              "sex": "여성",
              "age": "20대"
            },
            "speechAct": "(단언) 진술하기",
            "morpheme": "8/SN+월/NNBC+에/JKB+보/VV+고/EC+이제/MAG+만나/VV+는/ETM+거/NNB+였/VCP+EP+는데/EF"
          },
          {
            "id": 23,
            "text": "2 : 기대 했었던 거만큼 실망도 많이 크겠다 ㅠㅠ",
            "norm_text": "기대 했었던 거만큼 실망도 많이 크겠다 ㅠㅠ",
            "speaker": {
              "id": "2번",
              "sex": "여성",
              "age": "20대"
            },
            "speechAct": "(단언) 주장하기",
            "morpheme": "기대/NNG+했었/XSV+EP+던/ETM+거/NNB+만큼/JKB+실망/NNG+도/JX+많이/MAG+크/VA+겠/EP+다/EF+ㅠㅠ/UNKNOWN"
          },
          {
            "id": 24,
            "text": "1 : 어 맞아",
            "norm_text": "어 맞아",
            "speaker": {
              "id": "1번",
              "sex": "여성",
              "age": "20대"
            },
            "speechAct": "(단언) 주장하기",
            "morpheme": "어/IC+맞/VV+아/EC"
          },
          {
            "id": 25,
            "text": "1 : 우리 언니 지금 즙 짜는 중~",
            "norm_text": "우리 언니 지금 즙 짜는 중~",
            "speaker": {
              "id": "1번",
              "sex": "여성",
              "age": "20대"
            },
            "speechAct": "(단언) 진술하기",
            "morpheme": "우리/NP+언니/NNG+지금/MAG+즙/NNG+짜/VV+는/ETM+중/NNB+~/SY"
          },
          {
            "id": 26,
            "text": "2 : 어머 너가 가서 휴지 좀 드려라~",
            "norm_text": "어머 너가 가서 휴지 좀 드려라~",
            "speaker": {
              "id": "2번",
              "sex": "여성",
              "age": "20대"
            },
            "speechAct": "(지시) 충고/제안하기",
            "morpheme": "어머/IC+너/NP+가/JKS+가/VV+서/EC+휴지/NNG+좀/MAG+드려라/VV+EC+~/SY"
          }
        ]
      }
    }
  ]
}