{
  "dataset": {
    "identifier": 124174,
    "name": "FACEBOOK_125_05_set",
    "src_path": "/data/file/cubeManager/PROJECT001/84/txt20211105160907000465/FACEBOOK_125_05_set/",
    "label_path": "/data/file/cubeManager/PROJECT001/84/txt20211105160907000465/FACEBOOK_125_05_set/",
    "category": 2,
    "type": 0
  },
  "licenses": {
    "name": "Apache License 1.0",
    "url": "http://www.apache.org/licenses/LICENSE-1.0"
  },
  "info": [
    {
      "id": 140162,
      "filename": "FACEBOOK_125_05.txt",
      "title": "FACEBOOK_125_05",
      "mediatype": "SNS",
      "medianame": "페이스북",
      "category": "일상대화",
      "date": "2021-11-05",
      "size": 454,
      "annotations": {
        "subject": "군대",
        "speaker_type": "1:1",
        "size": 454,
        "word_size": 148,
        "text": "1 : 오빠 육군 출신인가? 기억이 안 나 키키\n2 : 나 육군 출신이잖아 키키\n1 : 맞다 깜빡했네\n1 : 몇 사단 출신이였지?!\n2 : 나 진짜 너무 힘들어 군대 얘기할라 하면 키키\n1 : 군대 얘기 좀 들려줘 궁금해 키키\n2 : 나 5사단에 있었잖아 키키\n2 : 기억 좀 하라고\n1 : 아 5사단! 우리 동생 이제 곧 전역하는데 거기 들어봤어\n2 : 진짜 몇 번 얘기 하냐 내가 정말 지긋지긋하다\n1 : 5사단이 열쇠 부대 아니야? 키키 부대 마크!\n2 : 군대는 밥이 맛있어 너도 한번 맛을 봐야 하는데\n1 : 에이 당연히 밖에 밥이 맛있지...\n2 : 부대에서 내가 제일 잘 생겨서 많이 이쁨 받았다 키키\n1 : 너무 황당해서 조금 전에 혼자 웃었어 키키\n2 : 여자친구 이쁘잖아? 그럼 더 좋아한다 키키 사람들이\n1 : 내 남자친구가 군인이였으면 인기 엄청 많았겠네~\n2 : 여자친구 친구들 소개해 달라고 아주 그냥 난리를 쳐 다들",
        "lines": [
          {
            "id": 1,
            "text": "1 : 오빠 육군 출신인가? 기억이 안 나 키키",
            "norm_text": "오빠 육군 출신인가? 기억이 안 나 키키",
            "speaker": {
              "id": "1번",
              "sex": "여성",
              "age": "20대"
            },
            "speechAct": "(지시) 질문하기",
            "morpheme": "오빠/NNG+육군/NNG+출신/NNG+인가/VCP+EF+기억/NNG+이안나/NNP+키키/NNP"
          },
          {
            "id": 2,
            "text": "2 : 나 육군 출신이잖아 키키",
            "norm_text": "나 육군 출신이잖아 키키",
            "speaker": {
              "id": "2번",
              "sex": "남성",
              "age": "20대"
            },
            "speechAct": "(단언) 진술하기",
            "morpheme": "나/NP+육군/NNG+출신/NNG+이/VCP+잖아/EC+키/NNG+키/XSV+ETN"
          },
          {
            "id": 3,
            "text": "1 : 맞다 깜빡했네",
            "norm_text": "맞다 깜빡했네",
            "speaker": {
              "id": "1번",
              "sex": "여성",
              "age": "20대"
            },
            "speechAct": "(단언) 주장하기",
            "morpheme": "맞/VV+다/EC+깜빡했/VV+EP+네/EF"
          },
          {
            "id": 4,
            "text": "1 : 몇 사단 출신이였지?!",
            "norm_text": "몇 사단 출신이였지?!",
            "speaker": {
              "id": "1번",
              "sex": "여성",
              "age": "20대"
            },
            "speechAct": "(지시) 질문하기",
            "morpheme": "몇/MM+사단/NNG+출신/NNG+이/VCP+였/EP+지/EC+?/SY"
          },
          {
            "id": 5,
            "text": "2 : 나 진짜 너무 힘들어 군대 얘기할라 하면 키키",
            "norm_text": "나 진짜 너무 힘들어 군대 얘기할라 하면 키키",
            "speaker": {
              "id": "2번",
              "sex": "남성",
              "age": "20대"
            },
            "speechAct": "(표현) 부정감정 표현하기",
            "morpheme": "나/NP+진짜/MAG+너무/MAG+힘들/VA+어/EC+군대/NNG+얘기/NNG+할라/XSV+EC+하/VV+면/EC+키/NNG+키/XSV+ETN"
          },
          {
            "id": 6,
            "text": "1 : 군대 얘기 좀 들려줘 궁금해 키키",
            "norm_text": "군대 얘기 좀 들려줘 궁금해 키키",
            "speaker": {
              "id": "1번",
              "sex": "여성",
              "age": "20대"
            },
            "speechAct": "(지시) 부탁하기",
            "morpheme": "군대/NNG+얘기/NNG+좀/MAG+들려줘/VV+EC+VX+EC+궁금/XR+해/XSA+EC+키/NNG+키/XSV+ETN"
          },
          {
            "id": 7,
            "text": "2 : 나 5사단에 있었잖아 키키",
            "norm_text": "나 5사단에 있었잖아 키키",
            "speaker": {
              "id": "2번",
              "sex": "남성",
              "age": "20대"
            },
            "speechAct": "(단언) 진술하기",
            "morpheme": "나/NP+5/SN+사단/NNG+에/JKB+있/VV+었잖/EC+VX+아/EC+키/NNG+키/XSV+ETN"
          },
          {
            "id": 8,
            "text": "2 : 기억 좀 하라고",
            "norm_text": "기억 좀 하라고",
            "speaker": {
              "id": "2번",
              "sex": "남성",
              "age": "20대"
            },
            "speechAct": "(지시) 명령/요구하기",
            "morpheme": "기억/NNG+좀/MAG+하/VV+라고/EC"
          },
          {
            "id": 9,
            "text": "1 : 아 5사단! 우리 동생 이제 곧 전역하는데 거기 들어봤어",
            "norm_text": "아 5사단! 우리 동생 이제 곧 전역하는데 거기 들어봤어",
            "speaker": {
              "id": "1번",
              "sex": "여성",
              "age": "20대"
            },
            "speechAct": "(단언) 진술하기",
            "morpheme": "아/IC+5/SN+사단/NNG+우리/NP+동생/NNG+이제/MAG+곧/MAG+전역/NNG+하/XSV+는데/EC+거기/NP+들/VV+어/EC+봤/VX+EP+어/EC"
          },
          {
            "id": 10,
            "text": "2 : 진짜 몇 번 얘기 하냐 내가 정말 지긋지긋하다",
            "norm_text": "진짜 몇 번 얘기 하냐 내가 정말 지긋지긋하다",
            "speaker": {
              "id": "2번",
              "sex": "남성",
              "age": "20대"
            },
            "speechAct": "(표현) 부정감정 표현하기",
            "morpheme": "진짜/MAG+몇/MM+번/NNBC+얘기/NNG+하/XSV+냐/EC+내/NP+가/JKS+정말/MAG+지긋지긋/XR+하/XSA+다/EC"
          },
          {
            "id": 11,
            "text": "1 : 5사단이 열쇠 부대 아니야? 키키 부대 마크!",
            "norm_text": "5사단이 열쇠 부대 아니야? 키키 부대 마크!",
            "speaker": {
              "id": "1번",
              "sex": "여성",
              "age": "20대"
            },
            "speechAct": "(지시) 질문하기",
            "morpheme": "5/SN+사단/NNG+이/JKS+열쇠/NNG+부대/NNG+아니/VCN+야/EF+키키/NNP+부대마크/NNP"
          },
          {
            "id": 12,
            "text": "2 : 군대는 밥이 맛있어 너도 한번 맛을 봐야 하는데",
            "norm_text": "군대는 밥이 맛있어 너도 한번 맛을 봐야 하는데",
            "speaker": {
              "id": "2번",
              "sex": "남성",
              "age": "20대"
            },
            "speechAct": "(단언) 주장하기",
            "morpheme": "군대/NNG+는/JX+밥/NNG+이/JKS+맛있/VA+어/EC+너/NP+도/JX+한/MM+번/NNBC+맛/NNG+을/JKO+봐야/VV+EC+하/VV+는데/EC"
          },
          {
            "id": 13,
            "text": "1 : 에이 당연히 밖에 밥이 맛있지...",
            "norm_text": "에이 당연히 밖에 밥이 맛있지...",
            "speaker": {
              "id": "1번",
              "sex": "여성",
              "age": "20대"
            },
            "speechAct": "(단언) 주장하기",
            "morpheme": "에이/IC+당연히/MAG+밖/NNG+에/JKB+밥/NNG+이/JKS+맛있/VA+지/EF+./SY"
          },
          {
            "id": 14,
            "text": "2 : 부대에서 내가 제일 잘 생겨서 많이 이쁨 받았다 키키",
            "norm_text": "부대에서 내가 제일 잘 생겨서 많이 이쁨 받았다 키키",
            "speaker": {
              "id": "2번",
              "sex": "남성",
              "age": "20대"
            },
            "speechAct": "(단언) 진술하기",
            "morpheme": "부대/NNG+에서/JKB+내/NP+가/JKS+제일/MAG+잘/MAG+생겨서/VV+EC+많이/MAG+이쁨/VA+ETN+받/VV+았/EP+다키키/NNP"
          },
          {
            "id": 15,
            "text": "1 : 너무 황당해서 조금 전에 혼자 웃었어 키키",
            "norm_text": "너무 황당해서 조금 전에 혼자 웃었어 키키",
            "speaker": {
              "id": "1번",
              "sex": "여성",
              "age": "20대"
            },
            "speechAct": "(단언) 진술하기",
            "morpheme": "너무/MAG+황당/XR+해서/XSA+EC+조금/MAG+전/NNG+에/JKB+혼자/MAG+웃/VV+었/EP+어/EC+키/NNG+키/XSV+ETN"
          },
          {
            "id": 16,
            "text": "2 : 여자친구 이쁘잖아? 그럼 더 좋아한다 키키 사람들이",
            "norm_text": "여자친구 이쁘잖아? 그럼 더 좋아한다 키키 사람들이",
            "speaker": {
              "id": "2번",
              "sex": "남성",
              "age": "20대"
            },
            "speechAct": "(단언) 주장하기",
            "morpheme": "여자/NNG+친구/NNG+이쁘/VA+잖아/EF+그럼/MAJ+더/MAG+좋/VA+아/EC+한/VX+ETM+다키키/NNP+사람/NNG+들/XSN+이/JKS"
          },
          {
            "id": 17,
            "text": "1 : 내 남자친구가 군인이였으면 인기 엄청 많았겠네~",
            "norm_text": "내 남자친구가 군인이였으면 인기 엄청 많았겠네~",
            "speaker": {
              "id": "1번",
              "sex": "여성",
              "age": "20대"
            },
            "speechAct": "(단언) 주장하기",
            "morpheme": "내/NP+JKG+남자/NNG+친구/NNG+가/JKS+군인/NNG+이/VCP+였/EP+으면/EC+인기/NNG+엄청/MAG+많/VA+았/EP+겠/EP+네/EF+~/SY"
          },
          {
            "id": 18,
            "text": "2 : 여자친구 친구들 소개해 달라고 아주 그냥 난리를 쳐 다들",
            "norm_text": "여자친구 친구들 소개해 달라고 아주 그냥 난리를 쳐 다들",
            "speaker": {
              "id": "2번",
              "sex": "남성",
              "age": "20대"
            },
            "speechAct": "(단언) 진술하기",
            "morpheme": "여자/NNG+친구/NNG+친구/NNG+들/XSN+소개/NNG+해/XSV+EC+달/VX+라고/EC+아주/MAG+그냥/MAG+난리/NNG+를/JKO+쳐다/VV+EC+들/XSN"
          }
        ]
      }
    }
  ]
}