{
  "dataset": {
    "identifier": 124826,
    "name": "FACEBOOK_123_09_set",
    "src_path": "/data/file/cubeManager/PROJECT001/84/txt20211105092819063966/FACEBOOK_123_09_set/",
    "label_path": "/data/file/cubeManager/PROJECT001/84/txt20211105092819063966/FACEBOOK_123_09_set/",
    "category": 2,
    "type": 0
  },
  "licenses": {
    "name": "Apache License 1.0",
    "url": "http://www.apache.org/licenses/LICENSE-1.0"
  },
  "info": [
    {
      "id": 138078,
      "filename": "FACEBOOK_123_09.txt",
      "title": "FACEBOOK_123_09",
      "mediatype": "SNS",
      "medianame": "페이스북",
      "category": "일상대화",
      "date": "2021-11-05",
      "size": 397,
      "annotations": {
        "subject": "반려동물",
        "speaker_type": "1:1",
        "size": 397,
        "word_size": 141,
        "text": "1 : 다른 동물 좋아 하는 거 있어?\n2 : 나는 강아지 키우고 싶다 ㅠㅠ 강아지\n1 : 아 강아지? 키키 인정 ㅠㅠ 똥꼬 발랄\n2 : 진짜 강아지 너무 키워 보고 싶어\n1 : 나 전에 키운 적 있어 키키 말티즈\n2 : 웅 근데 키우면 외롭게 할까 봐 ㅠㅠ 못 키우겠어\n1 : 근데 아파서 일찍 죽었어 ㅠㅠ\n2 : 말티즈 엄청 귀엽겠다 ㅠㅠ\n2 : 아 진짜\n1 : 엄청 귀엽고 순해서 짖지도 않아\n2 : 진짜 아파서 마음 아팠겠다 ㅠㅠ\n1 : 언니랑 나랑 열심히 살려 보려 했는데 후\n2 : 아 근데 왜 아픈 거였어?\n1 : 급성 신부전증? 이런 거 걸려서 ㅠㅠ\n2 : 아 진짜 마음 찢어졌겠네 ㅠㅠ\n2 : 불쌍해 애기 ㅠㅠ\n1 : 맞아, 태어난 지 2년 밖에 안 되었는데 ㅠㅠ\n2 : 아 진짜 그래도 열심히 최선을 다했으면 다한 거지 뭐",
        "lines": [
          {
            "id": 1,
            "text": "1 : 다른 동물 좋아 하는 거 있어?",
            "norm_text": "다른 동물 좋아 하는 거 있어?",
            "speaker": {
              "id": "1번",
              "sex": "여성",
              "age": "20대"
            },
            "speechAct": "(지시) 질문하기",
            "morpheme": "다른/MM+동물/NNG+좋/VA+아/EC+하/VV+는/ETM+거/NNB+있/VA+어/EF"
          },
          {
            "id": 2,
            "text": "2 : 나는 강아지 키우고 싶다 ㅠㅠ 강아지",
            "norm_text": "나는 강아지 키우고 싶다 ㅠㅠ 강아지",
            "speaker": {
              "id": "2번",
              "sex": "남성",
              "age": "20대"
            },
            "speechAct": "(단언) 주장하기",
            "morpheme": "나/NP+는/JX+강아지/NNG+키우/VV+고/EC+싶/VX+다/EF+ㅠㅠ/UNKNOWN+강아지/NNG"
          },
          {
            "id": 3,
            "text": "1 : 아 강아지? 키키 인정 ㅠㅠ 똥꼬 발랄",
            "norm_text": "아 강아지? 키키 인정 ㅠㅠ 똥꼬 발랄",
            "speaker": {
              "id": "1번",
              "sex": "여성",
              "age": "20대"
            },
            "speechAct": "(단언) 주장하기",
            "morpheme": "아/IC+강아지/NNG+?/SY+키키인정ㅠㅠ똥꼬발랄/UNKNOWN"
          },
          {
            "id": 4,
            "text": "2 : 진짜 강아지 너무 키워 보고 싶어",
            "norm_text": "진짜 강아지 너무 키워 보고 싶어",
            "speaker": {
              "id": "2번",
              "sex": "남성",
              "age": "20대"
            },
            "speechAct": "(단언) 주장하기",
            "morpheme": "진짜/MAG+강아지/NNG+너무/MAG+키워/VV+EC+보/VX+고/EC+싶/VX+어/EC"
          },
          {
            "id": 5,
            "text": "1 : 나 전에 키운 적 있어 키키 말티즈",
            "norm_text": "나 전에 키운 적 있어 키키 말티즈",
            "speaker": {
              "id": "1번",
              "sex": "여성",
              "age": "20대"
            },
            "speechAct": "(단언) 진술하기",
            "morpheme": "나전/NNG+에/JKB+키운/VV+ETM+적/NNB+있/VA+어/EC+키/NNG+키/NNG+말/NNG+티즈/NNP"
          },
          {
            "id": 6,
            "text": "2 : 웅 근데 키우면 외롭게 할까 봐 ㅠㅠ 못 키우겠어",
            "norm_text": "웅 근데 키우면 외롭게 할까 봐 ㅠㅠ 못 키우겠어",
            "speaker": {
              "id": "2번",
              "sex": "남성",
              "age": "20대"
            },
            "speechAct": "(단언) 주장하기",
            "morpheme": "웅/IC+근데/MAJ+키우/VV+면/EC+외롭/VA+게/EC+할까봐/VX+EC+VX+EC+ㅠㅠ/UNKNOWN+못/MAG+키우/VV+겠/EP+어/EC"
          },
          {
            "id": 7,
            "text": "1 : 근데 아파서 일찍 죽었어 ㅠㅠ",
            "norm_text": "근데 아파서 일찍 죽었어 ㅠㅠ",
            "speaker": {
              "id": "1번",
              "sex": "여성",
              "age": "20대"
            },
            "speechAct": "(단언) 진술하기",
            "morpheme": "근데/MAJ+아파서/VA+EC+일찍/MAG+죽/VV+었/EP+어/EF+ㅠㅠ/UNKNOWN"
          },
          {
            "id": 8,
            "text": "2 : 말티즈 엄청 귀엽겠다 ㅠㅠ",
            "norm_text": "말티즈 엄청 귀엽겠다 ㅠㅠ",
            "speaker": {
              "id": "2번",
              "sex": "남성",
              "age": "20대"
            },
            "speechAct": "(단언) 주장하기",
            "morpheme": "말티/NNP+즈/XSN+엄청/MAG+귀엽/VA+겠/EP+다/EF+ㅠㅠ/UNKNOWN"
          },
          {
            "id": 9,
            "text": "2 : 아 진짜",
            "norm_text": "아 진짜",
            "speaker": {
              "id": "2번",
              "sex": "남성",
              "age": "20대"
            },
            "speechAct": "(단언) 주장하기",
            "morpheme": "아/IC+진짜/MAG"
          },
          {
            "id": 10,
            "text": "1 : 엄청 귀엽고 순해서 짖지도 않아",
            "norm_text": "엄청 귀엽고 순해서 짖지도 않아",
            "speaker": {
              "id": "1번",
              "sex": "여성",
              "age": "20대"
            },
            "speechAct": "(단언) 진술하기",
            "morpheme": "엄청/MAG+귀엽/VA+고/EC+순/NNG+해서/XSV+EC+짖/VV+지/EC+도/JX+않/VX+아/EC"
          },
          {
            "id": 11,
            "text": "2 : 진짜 아파서 마음 아팠겠다 ㅠㅠ",
            "norm_text": "진짜 아파서 마음 아팠겠다 ㅠㅠ",
            "speaker": {
              "id": "2번",
              "sex": "남성",
              "age": "20대"
            },
            "speechAct": "(단언) 주장하기",
            "morpheme": "진짜/MAG+아파서/VA+EC+마음/NNG+아팠/VA+EP+겠/EP+다/EF+ㅠㅠ/UNKNOWN"
          },
          {
            "id": 12,
            "text": "1 : 언니랑 나랑 열심히 살려 보려 했는데 후",
            "norm_text": "언니랑 나랑 열심히 살려 보려 했는데 후",
            "speaker": {
              "id": "1번",
              "sex": "여성",
              "age": "20대"
            },
            "speechAct": "(단언) 주장하기",
            "morpheme": "언니/NNG+랑/JC+나/NP+랑/JKB+열심히/MAG+살려/VV+EC+보/VX+려/EC+했/VX+EP+는데/EC+후/NNG"
          },
          {
            "id": 13,
            "text": "2 : 아 근데 왜 아픈 거였어?",
            "norm_text": "아 근데 왜 아픈 거였어?",
            "speaker": {
              "id": "2번",
              "sex": "남성",
              "age": "20대"
            },
            "speechAct": "(지시) 질문하기",
            "morpheme": "아/IC+근데/MAJ+왜/MAG+아픈/VA+ETM+거/NNB+였/VCP+EP+어/EF"
          },
          {
            "id": 14,
            "text": "1 : 급성 신부전증? 이런 거 걸려서 ㅠㅠ",
            "norm_text": "급성 신부전증? 이런 거 걸려서 ㅠㅠ",
            "speaker": {
              "id": "1번",
              "sex": "여성",
              "age": "20대"
            },
            "speechAct": "(단언) 주장하기",
            "morpheme": "급성/NNG+신부/NNG+전증/NNG+?/SY+이런거걸려서ㅠㅠ/UNKNOWN"
          },
          {
            "id": 15,
            "text": "2 : 아 진짜 마음 찢어졌겠네 ㅠㅠ",
            "norm_text": "아 진짜 마음 찢어졌겠네 ㅠㅠ",
            "speaker": {
              "id": "2번",
              "sex": "남성",
              "age": "20대"
            },
            "speechAct": "(단언) 주장하기",
            "morpheme": "아/IC+진짜/MAG+마음/NNG+찢어졌/VV+EP+겠/EP+네/EF+ㅠㅠ/UNKNOWN"
          },
          {
            "id": 16,
            "text": "2 : 불쌍해 애기 ㅠㅠ",
            "norm_text": "불쌍해 애기 ㅠㅠ",
            "speaker": {
              "id": "2번",
              "sex": "남성",
              "age": "20대"
            },
            "speechAct": "(단언) 주장하기",
            "morpheme": "불쌍해애기ㅠㅠ/UNKNOWN"
          },
          {
            "id": 17,
            "text": "1 : 맞아, 태어난 지 2년 밖에 안 되었는데 ㅠㅠ",
            "norm_text": "맞아, 태어난 지 2년 밖에 안 되었는데 ㅠㅠ",
            "speaker": {
              "id": "1번",
              "sex": "여성",
              "age": "20대"
            },
            "speechAct": "(단언) 진술하기",
            "morpheme": "맞/VV+아/EC+,/SC+태어난지/VV+EC+2/SN+년/NNBC+밖에/JX+안/MAG+되/VV+었/EP+는데/EC+ㅠㅠ/UNKNOWN"
          },
          {
            "id": 18,
            "text": "2 : 아 진짜 그래도 열심히 최선을 다했으면 다한 거지 뭐",
            "norm_text": "아 진짜 그래도 열심히 최선을 다했으면 다한 거지 뭐",
            "speaker": {
              "id": "2번",
              "sex": "남성",
              "age": "20대"
            },
            "speechAct": "(단언) 주장하기",
            "morpheme": "아/IC+진짜/MAG+그래도/VV+EC+열심히/MAG+최선/NNG+을/JKO+다/MAG+했/VV+EP+으면/EC+다한/VV+ETM+거/NNB+지/VCP+EF+뭐/IC"
          }
        ]
      }
    }
  ]
}