{
  "dataset": {
    "identifier": 117099,
    "name": "FACEBOOK_102_01_set",
    "src_path": "/data/file/cubeManager/PROJECT001/77/txt20211028144832004666/FACEBOOK_102_01_set/",
    "label_path": "/data/file/cubeManager/PROJECT001/77/txt20211028144832004666/FACEBOOK_102_01_set/",
    "category": 2,
    "type": 0
  },
  "licenses": {
    "name": "Apache License 1.0",
    "url": "http://www.apache.org/licenses/LICENSE-1.0"
  },
  "info": [
    {
      "id": 100306,
      "filename": "FACEBOOK_102_01.txt",
      "title": "FACEBOOK_102_01",
      "mediatype": "SNS",
      "medianame": "페이스북",
      "category": "일상대화",
      "date": "2021-10-28",
      "size": 458,
      "annotations": {
        "subject": "식음료",
        "speaker_type": "1:1",
        "size": 458,
        "word_size": 158,
        "text": "1 : 작은엄마는 싫어하는 음식 있어?\n2 : 음 동태찌개를 제일 싫어해 ㅠㅠ\n1 : 키키 헐 진짜?\n1 : 왜 그거 맛있지 않아?\n2 : 아 너무 비려서...\n2 : 매운탕도 못 먹어\n1 : 아 진짜?\n1 : 그러면 작은엄마는 생선찌개를 안 좋아하는구나?\n2 : 맞아\n2 : 너는 못 먹는 음식이 버섯 아니였나?\n1 : 맞아 키키\n1 : 나 그 중에서 표고버섯 제일 싫어해!\n2 : 그래서 항상 버섯전이 남아 도는구만\n1 : 키키 아니야\n1 : 나 그 새송이 버섯전은 먹어!\n2 : 새송이나 표고나 똑같은 버섯 아니야?\n1 : 키키 아니\n1 : 표고의 그 특유의 향이 있다규!\n2 : 그래?\n2 : 작은 엄마는 표고버섯 킬러야 키키\n1 : 키키 아 진짜?\n1 : 그러면 내 옆에는 작은엄마가 있어야겠네~\n2 : 내가 다 먹어줄게 키키\n2 : 버섯 좋아\n1 : 키키 오 좋아\n1 : 올해 설에 버섯전 하자고 하자!\n2 : 조금 먹을 거만 하고 나머지 육전 하자 키키",
        "lines": [
          {
            "id": 1,
            "text": "1 : 작은엄마는 싫어하는 음식 있어?",
            "norm_text": "작은엄마는 싫어하는 음식 있어?",
            "speaker": {
              "id": "1번",
              "sex": "여성",
              "age": "20대"
            },
            "speechAct": "(지시) 질문하기",
            "morpheme": "작/VA+은/ETM+엄마/NNG+는/JX+싫/VA+어/EC+하/VV+는/ETM+음식/NNG+있/VA+어/EF"
          },
          {
            "id": 2,
            "text": "2 : 음 동태찌개를 제일 싫어해 ㅠㅠ",
            "norm_text": "음 동태찌개를 제일 싫어해 ㅠㅠ",
            "speaker": {
              "id": "2번",
              "sex": "여성",
              "age": "40대"
            },
            "speechAct": "(단언) 주장하기",
            "morpheme": "음/IC+동태찌개/NNG+를/JKO+제일/MAG+싫/VA+어/EC+해/VV+EC+ㅠㅠ/UNKNOWN"
          },
          {
            "id": 3,
            "text": "1 : 키키 헐 진짜?",
            "norm_text": "키키 헐 진짜?",
            "speaker": {
              "id": "1번",
              "sex": "여성",
              "age": "20대"
            },
            "speechAct": "(지시) 질문하기",
            "morpheme": "키/NNG+키/NNG+헐/XSV+JKO+진짜/MAG"
          },
          {
            "id": 4,
            "text": "1 : 왜 그거 맛있지 않아?",
            "norm_text": "왜 그거 맛있지 않아?",
            "speaker": {
              "id": "1번",
              "sex": "여성",
              "age": "20대"
            },
            "speechAct": "(단언) 주장하기",
            "morpheme": "왜/MAG+그거/NP+맛있/VA+지/EC+않/VX+아/EF"
          },
          {
            "id": 5,
            "text": "2 : 아 너무 비려서...",
            "norm_text": "아 너무 비려서...",
            "speaker": {
              "id": "2번",
              "sex": "여성",
              "age": "40대"
            },
            "speechAct": "(단언) 주장하기",
            "morpheme": "아/IC+너무/MAG+비려/NNP+서/JKB+./SY"
          },
          {
            "id": 6,
            "text": "2 : 매운탕도 못 먹어",
            "norm_text": "매운탕도 못 먹어",
            "speaker": {
              "id": "2번",
              "sex": "여성",
              "age": "40대"
            },
            "speechAct": "(단언) 주장하기",
            "morpheme": "매운탕/NNG+도/JX+못/MAG+먹/VV+어/EC"
          },
          {
            "id": 7,
            "text": "1 : 아 진짜?",
            "norm_text": "아 진짜?",
            "speaker": {
              "id": "1번",
              "sex": "여성",
              "age": "20대"
            },
            "speechAct": "(지시) 질문하기",
            "morpheme": "아/IC+진짜/MAG"
          },
          {
            "id": 8,
            "text": "1 : 그러면 작은엄마는 생선찌개를 안 좋아하는구나?",
            "norm_text": "그러면 작은엄마는 생선찌개를 안 좋아하는구나?",
            "speaker": {
              "id": "1번",
              "sex": "여성",
              "age": "20대"
            },
            "speechAct": "(지시) 질문하기",
            "morpheme": "그러면/MAJ+작/VA+은/ETM+엄마/NNG+는/JX+생선찌개/NNG+를/JKO+안/MAG+좋/VA+아/EC+하/VX+는구나/EF"
          },
          {
            "id": 9,
            "text": "2 : 맞아",
            "norm_text": "맞아",
            "speaker": {
              "id": "2번",
              "sex": "여성",
              "age": "40대"
            },
            "speechAct": "(단언) 주장하기",
            "morpheme": "맞/VV+아/EC"
          },
          {
            "id": 10,
            "text": "2 : 너는 못 먹는 음식이 버섯 아니였나?",
            "norm_text": "너는 못 먹는 음식이 버섯 아니였나?",
            "speaker": {
              "id": "2번",
              "sex": "여성",
              "age": "40대"
            },
            "speechAct": "(지시) 질문하기",
            "morpheme": "너/NP+는/JX+못/MAG+먹/VV+는/ETM+음식/NNG+이/JKS+버섯/NNG+아니/VCN+였/EP+나/EF"
          },
          {
            "id": 11,
            "text": "1 : 맞아 키키",
            "norm_text": "맞아 키키",
            "speaker": {
              "id": "1번",
              "sex": "여성",
              "age": "20대"
            },
            "speechAct": "(단언) 주장하기",
            "morpheme": "맞/VV+아/EC+키/NNG+키/XSV+ETN"
          },
          {
            "id": 12,
            "text": "1 : 나 그 중에서 표고버섯 제일 싫어해!",
            "norm_text": "나 그 중에서 표고버섯 제일 싫어해!",
            "speaker": {
              "id": "1번",
              "sex": "여성",
              "age": "20대"
            },
            "speechAct": "(단언) 주장하기",
            "morpheme": "나/NP+그/MM+중/NNB+에서/JKB+표고버섯/NNG+제일/MAG+싫/VA+어/EC+해/VX+EF"
          },
          {
            "id": 13,
            "text": "2 : 그래서 항상 버섯전이 남아 도는구만",
            "norm_text": "그래서 항상 버섯전이 남아 도는구만",
            "speaker": {
              "id": "2번",
              "sex": "여성",
              "age": "40대"
            },
            "speechAct": "(단언) 주장하기",
            "morpheme": "그래서/MAJ+항상/MAG+버섯/NNG+전/NNG+이/JKS+남아도/VV+는/ETM+구만/NNG"
          },
          {
            "id": 14,
            "text": "1 : 키키 아니야",
            "norm_text": "키키 아니야",
            "speaker": {
              "id": "1번",
              "sex": "여성",
              "age": "20대"
            },
            "speechAct": "(단언) 주장하기",
            "morpheme": "키/NNG+키/XSV+ETN+아니/VCN+야/EC"
          },
          {
            "id": 15,
            "text": "1 : 나 그 새송이 버섯전은 먹어!",
            "norm_text": "나 그 새송이 버섯전은 먹어!",
            "speaker": {
              "id": "1번",
              "sex": "여성",
              "age": "20대"
            },
            "speechAct": "(단언) 주장하기",
            "morpheme": "나/NP+그새/MAG+송이버섯/NNG+전/NNG+은/JX+먹/VV+어/EF"
          },
          {
            "id": 16,
            "text": "2 : 새송이나 표고나 똑같은 버섯 아니야?",
            "norm_text": "새송이나 표고나 똑같은 버섯 아니야?",
            "speaker": {
              "id": "2번",
              "sex": "여성",
              "age": "40대"
            },
            "speechAct": "(지시) 질문하기",
            "morpheme": "새송이/NNP+나/JC+표고/NNG+나/JX+똑같/VA+은/ETM+버섯/NNG+아니/VCN+야/EF"
          },
          {
            "id": 17,
            "text": "1 : 키키 아니",
            "norm_text": "키키 아니",
            "speaker": {
              "id": "1번",
              "sex": "여성",
              "age": "20대"
            },
            "speechAct": "(단언) 주장하기",
            "morpheme": "키/NNG+키/XSV+ETN+아니/VCN"
          },
          {
            "id": 18,
            "text": "1 : 표고의 그 특유의 향이 있다규!",
            "norm_text": "표고의 그 특유의 향이 있다규!",
            "speaker": {
              "id": "1번",
              "sex": "여성",
              "age": "20대"
            },
            "speechAct": "(단언) 주장하기",
            "morpheme": "표고/NNG+의/JKG+그/MM+특유/NNG+의/JKG+향/NNG+이/JKS+있/VV+다/EC+규/NNG"
          },
          {
            "id": 19,
            "text": "2 : 그래?",
            "norm_text": "그래?",
            "speaker": {
              "id": "2번",
              "sex": "여성",
              "age": "40대"
            },
            "speechAct": "(지시) 질문하기",
            "morpheme": "그래/IC"
          },
          {
            "id": 20,
            "text": "2 : 작은 엄마는 표고버섯 킬러야 키키",
            "norm_text": "작은 엄마는 표고버섯 킬러야 키키",
            "speaker": {
              "id": "2번",
              "sex": "여성",
              "age": "40대"
            },
            "speechAct": "(단언) 주장하기",
            "morpheme": "작/VA+은/ETM+엄마/NNG+는/JX+표고버섯/NNG+킬러/NNG+야/VCP+EF+키/NNG+키/XSV+ETN"
          },
          {
            "id": 21,
            "text": "1 : 키키 아 진짜?",
            "norm_text": "키키 아 진짜?",
            "speaker": {
              "id": "1번",
              "sex": "여성",
              "age": "20대"
            },
            "speechAct": "(지시) 질문하기",
            "morpheme": "키/NNG+키/VV+아/EC+진짜/MAG"
          },
          {
            "id": 22,
            "text": "1 : 그러면 내 옆에는 작은엄마가 있어야겠네~",
            "norm_text": "그러면 내 옆에는 작은엄마가 있어야겠네~",
            "speaker": {
              "id": "1번",
              "sex": "여성",
              "age": "20대"
            },
            "speechAct": "(단언) 주장하기",
            "morpheme": "그러면/MAJ+내/MM+옆/NNG+에/JKB+는/JX+작/VA+은/ETM+엄마/NNG+가/JKS+있/VA+어야/EC+겠/EP+네/EF+~/SY"
          },
          {
            "id": 23,
            "text": "2 : 내가 다 먹어줄게 키키",
            "norm_text": "내가 다 먹어줄게 키키",
            "speaker": {
              "id": "2번",
              "sex": "여성",
              "age": "40대"
            },
            "speechAct": "(단언) 주장하기",
            "morpheme": "내/NP+가/JKS+다/MAG+먹/VV+어/EC+줄/VX+ETM+게/NNB+JKS+키/NNG+키/XSV+ETN"
          },
          {
            "id": 24,
            "text": "2 : 버섯 좋아",
            "norm_text": "버섯 좋아",
            "speaker": {
              "id": "2번",
              "sex": "여성",
              "age": "40대"
            },
            "speechAct": "(단언) 주장하기",
            "morpheme": "버섯/NNG+좋/VA+아/EC"
          },
          {
            "id": 25,
            "text": "1 : 키키 오 좋아",
            "norm_text": "키키 오 좋아",
            "speaker": {
              "id": "1번",
              "sex": "여성",
              "age": "20대"
            },
            "speechAct": "(단언) 주장하기",
            "morpheme": "키/NNG+키/XSV+ETN+오/VV+좋아/EC"
          },
          {
            "id": 26,
            "text": "1 : 올해 설에 버섯전 하자고 하자!",
            "norm_text": "올해 설에 버섯전 하자고 하자!",
            "speaker": {
              "id": "1번",
              "sex": "여성",
              "age": "20대"
            },
            "speechAct": "(단언) 주장하기",
            "morpheme": "올/MM+해설/NNG+에/JKB+버섯/NNG+전하/VV+자고/EC+하/VX+자/EF"
          },
          {
            "id": 27,
            "text": "2 : 조금 먹을 거만 하고 나머지 육전 하자 키키",
            "norm_text": "조금 먹을 거만 하고 나머지 육전 하자 키키",
            "speaker": {
              "id": "2번",
              "sex": "여성",
              "age": "40대"
            },
            "speechAct": "(단언) 주장하기",
            "morpheme": "조금/MAG+먹/VV+을/ETM+거/NNB+만/JX+하/VV+고/EC+나머지/NNG+육전/NNG+하/XSV+자/EC+키/NNG+키/XSV+ETN"
          }
        ]
      }
    }
  ]
}