{
  "dataset": {
    "identifier": 116611,
    "name": "FACEBOOK_117_20_set",
    "src_path": "/data/file/cubeManager/PROJECT001/80/txt20211102103331044083/FACEBOOK_117_20_set/",
    "label_path": "/data/file/cubeManager/PROJECT001/80/txt20211102103331044083/FACEBOOK_117_20_set/",
    "category": 2,
    "type": 0
  },
  "licenses": {
    "name": "Apache License 1.0",
    "url": "http://www.apache.org/licenses/LICENSE-1.0"
  },
  "info": [
    {
      "id": 129663,
      "filename": "FACEBOOK_117_20.txt",
      "title": "FACEBOOK_117_20",
      "mediatype": "SNS",
      "medianame": "페이스북",
      "category": "일상대화",
      "date": "2021-11-02",
      "size": 490,
      "annotations": {
        "subject": "영화/만화",
        "speaker_type": "1:1",
        "size": 490,
        "word_size": 172,
        "text": "1 : 언니는 만화 보는 거 좋아했다고 했나?\n2 : 웅 너 달빛 천사 봄?\n1 : 아 당연하쥐~ 그거 콘서트도 했던 거 알아?\n2 : 키키 그거 보면서 어렸을 때 울었다\n2 : 무슨 콘서트?\n1 : 키키 맞아 ㅜㅜ\n1 : 그 루나 목소리 하셨던 분 있잖아 이름이 뭐더라?\n2 : 어 맞아 이용신? 노래? 다시 울지 않을래?\n1 : 어 맞아! 그 분이 하는 콘서트였어!\n1 : 최근에 했어!\n2 : 그거 보고 싶다\n2 : 추억에 젖고 싶다 키키\n1 : 키키 나도 ㅜㅜ 노래방 가면 그거 노래 다 불러야 하는 거 알지?\n2 : 키키 웃기지\n2 : 나도 이번에 친구들이랑 가면 불러야지\n1 : 키키 오 좋지!\n1 : 나는 개인적으로 이터널스 좋아해!\n2 : 불러줘 나도 노래방 가면 키키\n1 : 이게 처음 가사가 이젠 나에게 추억만 남아 있겠죠? 이거야\n1 : 기억 나?\n2 : 키키 기억이 안 나\n2 : 음이 기억 인 나\n1 : 빨리 가서 듣고 와!\n1 : 눈물 난다규~\n2 : 오늘 들어야겠다 키키\n2 : 추억을 회상할게",
        "lines": [
          {
            "id": 1,
            "text": "1 : 언니는 만화 보는 거 좋아했다고 했나?",
            "norm_text": "언니는 만화 보는 거 좋아했다고 했나?",
            "speaker": {
              "id": "1번",
              "sex": "여성",
              "age": "20대"
            },
            "speechAct": "(지시) 질문하기",
            "morpheme": "언니/NNG+는/JX+만화/NNG+보/VV+는/ETM+거/NNB+좋/VA+아/EC+했/VX+EP+다고/EC+했/VX+EP+나/EF"
          },
          {
            "id": 2,
            "text": "2 : 웅 너 달빛 천사 봄?",
            "norm_text": "웅 너 달빛 천사 봄?",
            "speaker": {
              "id": "2번",
              "sex": "여성",
              "age": "20대"
            },
            "speechAct": "(지시) 질문하기",
            "morpheme": "웅/IC+너/NP+달빛천사/NNP+봄/NNG"
          },
          {
            "id": 3,
            "text": "1 : 아 당연하쥐~ 그거 콘서트도 했던 거 알아?",
            "norm_text": "아 당연하쥐~ 그거 콘서트도 했던 거 알아?",
            "speaker": {
              "id": "1번",
              "sex": "여성",
              "age": "20대"
            },
            "speechAct": "(지시) 질문하기",
            "morpheme": "아/IC+당연/XR+하/XSA+쥐/NNG+~/SY+그거/NP+콘서트/NNG+도/JX+했/VV+EP+던/ETM+거/NNB+알/VV+아/EF"
          },
          {
            "id": 4,
            "text": "2 : 키키 그거 보면서 어렸을 때 울었다",
            "norm_text": "키키 그거 보면서 어렸을 때 울었다",
            "speaker": {
              "id": "2번",
              "sex": "여성",
              "age": "20대"
            },
            "speechAct": "(단언) 진술하기",
            "morpheme": "키/NNG+키/XSV+ETN+그거/NP+보/VV+면서/EC+어렸/VA+EP+을/ETM+때/NNG+울/VV+었/EP+다/EC"
          },
          {
            "id": 5,
            "text": "2 : 무슨 콘서트?",
            "norm_text": "무슨 콘서트?",
            "speaker": {
              "id": "2번",
              "sex": "여성",
              "age": "20대"
            },
            "speechAct": "(지시) 질문하기",
            "morpheme": "무슨/MM+콘서트/NNG"
          },
          {
            "id": 6,
            "text": "1 : 키키 맞아 ㅜㅜ",
            "norm_text": "키키 맞아 ㅜㅜ",
            "speaker": {
              "id": "1번",
              "sex": "여성",
              "age": "20대"
            },
            "speechAct": "(단언) 주장하기",
            "morpheme": "키키맞아ㅜㅜ/UNKNOWN"
          },
          {
            "id": 7,
            "text": "1 : 그 루나 목소리 하셨던 분 있잖아 이름이 뭐더라?",
            "norm_text": "그 루나 목소리 하셨던 분 있잖아 이름이 뭐더라?",
            "speaker": {
              "id": "1번",
              "sex": "여성",
              "age": "20대"
            },
            "speechAct": "(지시) 질문하기",
            "morpheme": "그/MM+루나/NNG+목소리/NNG+하/XSV+셨/EP+EP+던/ETM+분/NNB+있/VA+잖아/EC+이름/NNG+이/JKS+뭐/NP+더라/VCP+EF"
          },
          {
            "id": 8,
            "text": "2 : 어 맞아 이용신? 노래? 다시 울지 않을래?",
            "norm_text": "어 맞아 이용신? 노래? 다시 울지 않을래?",
            "speaker": {
              "id": "2번",
              "sex": "여성",
              "age": "20대"
            },
            "speechAct": "(지시) 질문하기",
            "morpheme": "어/IC+맞아/IC+이용신/NNP+노래/VA+EF+다시/MAG+울/VV+지/EC+않/VX+을래/EF"
          },
          {
            "id": 9,
            "text": "1 : 어 맞아! 그 분이 하는 콘서트였어!",
            "norm_text": "어 맞아! 그 분이 하는 콘서트였어!",
            "speaker": {
              "id": "1번",
              "sex": "여성",
              "age": "20대"
            },
            "speechAct": "(단언) 진술하기",
            "morpheme": "어/IC+맞/VV+아/EF+그분/NP+이/JKS+하/VV+는/ETM+콘서트/NNG+였/VCP+EP+어/EF"
          },
          {
            "id": 10,
            "text": "1 : 최근에 했어!",
            "norm_text": "최근에 했어!",
            "speaker": {
              "id": "1번",
              "sex": "여성",
              "age": "20대"
            },
            "speechAct": "(단언) 진술하기",
            "morpheme": "최근/NNG+에/JKB+했/VV+EP+어/EF"
          },
          {
            "id": 11,
            "text": "2 : 그거 보고 싶다",
            "norm_text": "그거 보고 싶다",
            "speaker": {
              "id": "2번",
              "sex": "여성",
              "age": "20대"
            },
            "speechAct": "(단언) 주장하기",
            "morpheme": "그거/NP+보/VV+고/EC+싶/VX+다/EC"
          },
          {
            "id": 12,
            "text": "2 : 추억에 젖고 싶다 키키",
            "norm_text": "추억에 젖고 싶다 키키",
            "speaker": {
              "id": "2번",
              "sex": "여성",
              "age": "20대"
            },
            "speechAct": "(단언) 주장하기",
            "morpheme": "추억/NNG+에/JKB+젖/VV+고/EC+싶/VX+다키키/NNP"
          },
          {
            "id": 13,
            "text": "1 : 키키 나도 ㅜㅜ 노래방 가면 그거 노래 다 불러야 하는 거 알지?",
            "norm_text": "키키 나도 ㅜㅜ 노래방 가면 그거 노래 다 불러야 하는 거 알지?",
            "speaker": {
              "id": "1번",
              "sex": "여성",
              "age": "20대"
            },
            "speechAct": "(지시) 질문하기",
            "morpheme": "키/NNG+키나/XSA+ETN+JX+도/JX+ㅜㅜ/UNKNOWN+노래방/NNG+가/VV+면/EC+그거/NP+노래/VV+다/EC+불러야/VV+EC+하/VV+는/ETM+거/NNB+알/VV+지/EF"
          },
          {
            "id": 14,
            "text": "2 : 키키 웃기지",
            "norm_text": "키키 웃기지",
            "speaker": {
              "id": "2번",
              "sex": "여성",
              "age": "20대"
            },
            "speechAct": "(단언) 주장하기",
            "morpheme": "키/NNG+키/XSV+ETN+웃기/VV+지/EC"
          },
          {
            "id": 15,
            "text": "2 : 나도 이번에 친구들이랑 가면 불러야지",
            "norm_text": "나도 이번에 친구들이랑 가면 불러야지",
            "speaker": {
              "id": "2번",
              "sex": "여성",
              "age": "20대"
            },
            "speechAct": "(단언) 주장하기",
            "morpheme": "나/NP+도/JX+이번/NNG+에/JKB+친구/NNG+들/XSN+이랑/JKB+가/VV+면/EC+불러야/VV+EC+VX+지/EC"
          },
          {
            "id": 16,
            "text": "1 : 키키 오 좋지!",
            "norm_text": "키키 오 좋지!",
            "speaker": {
              "id": "1번",
              "sex": "여성",
              "age": "20대"
            },
            "speechAct": "(단언) 주장하기",
            "morpheme": "키/NNG+키/VV+오/EC+좋/VA+지/EF"
          },
          {
            "id": 17,
            "text": "1 : 나는 개인적으로 이터널스 좋아해!",
            "norm_text": "나는 개인적으로 이터널스 좋아해!",
            "speaker": {
              "id": "1번",
              "sex": "여성",
              "age": "20대"
            },
            "speechAct": "(단언) 주장하기",
            "morpheme": "나/NP+는/JX+개인/NNG+적/XSN+으로/JKB+이터널/NNP+스/XSN+좋/VA+아/EC+해/VX+EF"
          },
          {
            "id": 18,
            "text": "2 : 불러줘 나도 노래방 가면 키키",
            "norm_text": "불러줘 나도 노래방 가면 키키",
            "speaker": {
              "id": "2번",
              "sex": "여성",
              "age": "20대"
            },
            "speechAct": "(단언) 주장하기",
            "morpheme": "불러/VV+EC+줘/VX+EF+나/NP+도/JX+노래방/NNG+가/VV+면/EC+키/NNG+키/XSV+ETN"
          },
          {
            "id": 19,
            "text": "1 : 이게 처음 가사가 이젠 나에게 추억만 남아 있겠죠? 이거야",
            "norm_text": "이게 처음 가사가 이젠 나에게 추억만 남아 있겠죠? 이거야",
            "speaker": {
              "id": "1번",
              "sex": "여성",
              "age": "20대"
            },
            "speechAct": "(단언) 진술하기",
            "morpheme": "이게/NP+JKS+처음/NNG+가사/NNG+가/JKS+이젠/NNG+JX+나/NP+에게/JKB+추억/NNG+만/JX+남/VV+아/EC+있/VX+겠/EP+죠/EF+이거/NP+야/VCP+EF"
          },
          {
            "id": 20,
            "text": "1 : 기억 나?",
            "norm_text": "기억 나?",
            "speaker": {
              "id": "1번",
              "sex": "여성",
              "age": "20대"
            },
            "speechAct": "(지시) 질문하기",
            "morpheme": "기억나/VV+EF"
          },
          {
            "id": 21,
            "text": "2 : 키키 기억이 안 나",
            "norm_text": "키키 기억이 안 나",
            "speaker": {
              "id": "2번",
              "sex": "여성",
              "age": "20대"
            },
            "speechAct": "(단언) 주장하기",
            "morpheme": "키/NNG+키/NNG+기억/NNG+이/JKS+안/MAG+나/VV+EC"
          },
          {
            "id": 22,
            "text": "2 : 음이 기억 인 나",
            "norm_text": "음이 기억 인 나",
            "speaker": {
              "id": "2번",
              "sex": "여성",
              "age": "20대"
            },
            "speechAct": "(단언) 주장하기",
            "morpheme": "음/IC+이/MM+기억/NNG+인/VCP+ETM+나/NP"
          },
          {
            "id": 23,
            "text": "1 : 빨리 가서 듣고 와!",
            "norm_text": "빨리 가서 듣고 와!",
            "speaker": {
              "id": "1번",
              "sex": "여성",
              "age": "20대"
            },
            "speechAct": "(지시) 명령/요구하기",
            "morpheme": "빨리/MAG+가/VV+서/EC+듣/VV+고/EC+와/VX+EF"
          },
          {
            "id": 24,
            "text": "1 : 눈물 난다규~",
            "norm_text": "눈물 난다규~",
            "speaker": {
              "id": "1번",
              "sex": "여성",
              "age": "20대"
            },
            "speechAct": "(단언) 주장하기",
            "morpheme": "눈물/NNG+난다/VV+EC+규/NNG+~/SY"
          },
          {
            "id": 25,
            "text": "2 : 오늘 들어야겠다 키키",
            "norm_text": "오늘 들어야겠다 키키",
            "speaker": {
              "id": "2번",
              "sex": "여성",
              "age": "20대"
            },
            "speechAct": "(단언) 주장하기",
            "morpheme": "오늘/MAG+들어야/VV+EC+VX+겠/EP+다키키/NNP"
          },
          {
            "id": 26,
            "text": "2 : 추억을 회상할게",
            "norm_text": "추억을 회상할게",
            "speaker": {
              "id": "2번",
              "sex": "여성",
              "age": "20대"
            },
            "speechAct": "(단언) 주장하기",
            "morpheme": "추억/NNG+을/JKO+회상/NNG+할/XSV+ETM+게/NNB+JKS"
          }
        ]
      }
    }
  ]
}