{
  "dataset": {
    "identifier": 104441,
    "name": "FACEBOOK_116_17_set",
    "src_path": "/data/file/cubeManager/PROJECT001/77/txt20211029153356049325/FACEBOOK_116_17_set/",
    "label_path": "/data/file/cubeManager/PROJECT001/77/txt20211029153356049325/FACEBOOK_116_17_set/",
    "category": 2,
    "type": 0
  },
  "licenses": {
    "name": "Apache License 1.0",
    "url": "http://www.apache.org/licenses/LICENSE-1.0"
  },
  "info": [
    {
      "id": 110985,
      "filename": "FACEBOOK_116_17.txt",
      "title": "FACEBOOK_116_17",
      "mediatype": "SNS",
      "medianame": "페이스북",
      "category": "일상대화",
      "date": "2021-10-29",
      "size": 464,
      "annotations": {
        "subject": "건강",
        "speaker_type": "1:1",
        "size": 464,
        "word_size": 160,
        "text": "1 : 어제 케이크만 먹어서 그런 가 아침에 배가 너무 아팠음!\n2 : 너 요즘 밥 잘 안 챙겨 먹어?\n1 : 아니\n1 : 그냥 집에 있는 거 먹으려고 하는데 마침 케이크가 있었어!\n2 : 몸이 좀 이상하면 병원 가봐!\n1 : 일단 화장실에서 비워냈긴 했거든 키키\n2 : 키키 아니면 이참에 식단 조절 해보는 거 어때?\n1 : 아 나는 체력이 딸려서 하루에 한 끼는 꼭 밥 먹어야 해!\n2 : 키키 아니면 pt를 신청해서 해봐\n1 : 지금 피티 다닐 시간이 없어서 나도 다니고 싶은데 못 다니고 있어 ㅜ\n2 : 키키 전에도 숨쉬기 운동만 한다며!\n1 : 아앗 키키\n1 : 숨쉬기 운동이 얼마나 힘든 건데~\n2 : 다음 주에 나랑 같이 운동가자\n1 : 키키 언니랑 나랑 체력 차이 많이 나는 거 알지?\n1 : 살살 해야 해~\n2 : 내가 너한테 무조건 맞춰줄게~\n1 : 키키 오 좋지!\n1 : 그러고 맛있는 거 먹으러 가쟈~\n2 : 그래 키키\n2 : 운동복 꼭 챙겨와",
        "lines": [
          {
            "id": 1,
            "text": "1 : 어제 케이크만 먹어서 그런 가 아침에 배가 너무 아팠음!",
            "norm_text": "어제 케이크만 먹어서 그런 가 아침에 배가 너무 아팠음!",
            "speaker": {
              "id": "1번",
              "sex": "여성",
              "age": "20대"
            },
            "speechAct": "(단언) 주장하기",
            "morpheme": "어제/MAG+케이크/NNG+만/JX+먹/VV+어서/EC+그런가/VA+EC+아침/NNG+에/JKB+배/NNG+가/JKS+너무/MAG+아팠/VA+EP+음/ETN"
          },
          {
            "id": 2,
            "text": "2 : 너 요즘 밥 잘 안 챙겨 먹어?",
            "norm_text": "너 요즘 밥 잘 안 챙겨 먹어?",
            "speaker": {
              "id": "2번",
              "sex": "여성",
              "age": "20대"
            },
            "speechAct": "(지시) 질문하기",
            "morpheme": "너/NP+요즘/MAG+밥/NNG+잘/MAG+안/MAG+챙겨/VV+EC+먹/VV+어/EF"
          },
          {
            "id": 3,
            "text": "1 : 아니",
            "norm_text": "아니",
            "speaker": {
              "id": "1번",
              "sex": "여성",
              "age": "20대"
            },
            "speechAct": "(단언) 주장하기",
            "morpheme": "아니/IC"
          },
          {
            "id": 4,
            "text": "1 : 그냥 집에 있는 거 먹으려고 하는데 마침 케이크가 있었어!",
            "norm_text": "그냥 집에 있는 거 먹으려고 하는데 마침 케이크가 있었어!",
            "speaker": {
              "id": "1번",
              "sex": "여성",
              "age": "20대"
            },
            "speechAct": "(단언) 진술하기",
            "morpheme": "그냥/MAG+집/NNG+에/JKB+있/VV+는/ETM+거/NNB+먹/VV+으려고/EC+하/VV+는데/EC+마침/MAG+케이크/NNG+가/JKS+있/VA+었/EP+어/EF"
          },
          {
            "id": 5,
            "text": "2 : 몸이 좀 이상하면 병원 가봐!",
            "norm_text": "몸이 좀 이상하면 병원 가봐!",
            "speaker": {
              "id": "2번",
              "sex": "여성",
              "age": "20대"
            },
            "speechAct": "(지시) 충고/제안하기",
            "morpheme": "몸/NNG+이/JKS+좀/MAG+이상/NNG+하/XSV+면/EC+병원/NNG+가/VV+EC+봐/VX+EF"
          },
          {
            "id": 6,
            "text": "1 : 일단 화장실에서 비워냈긴 했거든 키키",
            "norm_text": "일단 화장실에서 비워냈긴 했거든 키키",
            "speaker": {
              "id": "1번",
              "sex": "여성",
              "age": "20대"
            },
            "speechAct": "(단언) 진술하기",
            "morpheme": "일단/MAG+화장실/NNG+에서/JKB+비워냈/VV+EC+VX+EP+긴/ETN+JX+했/VX+EP+거든/EF+키/NNG+키/XSV+ETN"
          },
          {
            "id": 7,
            "text": "2 : 키키 아니면 이참에 식단 조절 해보는 거 어때?",
            "norm_text": "키키 아니면 이참에 식단 조절 해보는 거 어때?",
            "speaker": {
              "id": "2번",
              "sex": "여성",
              "age": "20대"
            },
            "speechAct": "(지시) 질문하기",
            "morpheme": "키/NNG+키/XSV+ETN+아니/VCN+면/EC+이/MM+참/NNB+에/JKB+식단/NNG+조절/NNG+해/XSV+EC+보/VX+는/ETM+거/NNB+어때/VA+EF"
          },
          {
            "id": 8,
            "text": "1 : 아 나는 체력이 딸려서 하루에 한 끼는 꼭 밥 먹어야 해!",
            "norm_text": "아 나는 체력이 딸려서 하루에 한 끼는 꼭 밥 먹어야 해!",
            "speaker": {
              "id": "1번",
              "sex": "여성",
              "age": "20대"
            },
            "speechAct": "(단언) 주장하기",
            "morpheme": "아/IC+나/NP+는/JX+체력/NNG+이/JKS+딸려서/VV+EC+하루/NNG+에/JKB+한/MM+끼/NNBC+는/JX+꼭/MAG+밥/NNG+먹/VV+어야/EC+해/VX+EF"
          },
          {
            "id": 9,
            "text": "2 : 키키 아니면 pt를 신청해서 해봐",
            "norm_text": "키키 아니면 pt를 신청해서 해봐",
            "speaker": {
              "id": "2번",
              "sex": "여성",
              "age": "20대"
            },
            "speechAct": "(지시) 충고/제안하기",
            "morpheme": "키/NNG+키/XSV+ETN+아니/VCN+면/EC+pt/SL+를/JKO+신청/NNG+해서/XSV+EC+해/VV+EC+봐/VX+EC"
          },
          {
            "id": 10,
            "text": "1 : 지금 피티 다닐 시간이 없어서 나도 다니고 싶은데 못 다니고 있어 ㅜ",
            "norm_text": "지금 피티 다닐 시간이 없어서 나도 다니고 싶은데 못 다니고 있어 ㅜ",
            "speaker": {
              "id": "1번",
              "sex": "여성",
              "age": "20대"
            },
            "speechAct": "(단언) 주장하기",
            "morpheme": "지금/MAG+피티/NNG+다닐/VV+ETM+시간/NNG+이/JKS+없/VA+어서/EC+나/NP+도/JX+다니/VV+고/EC+싶/VX+은데/EC+못/MAG+다니/VV+고/EC+있/VX+어/EC+ㅜ/UNKNOWN"
          },
          {
            "id": 11,
            "text": "2 : 키키 전에도 숨쉬기 운동만 한다며!",
            "norm_text": "키키 전에도 숨쉬기 운동만 한다며!",
            "speaker": {
              "id": "2번",
              "sex": "여성",
              "age": "20대"
            },
            "speechAct": "(단언) 주장하기",
            "morpheme": "키/NNG+키/NNG+전/NNG+에/JKB+도/JX+숨쉬기/NNG+운동/NNG+만/JX+한다며/VV+EF"
          },
          {
            "id": 12,
            "text": "1 : 아앗 키키",
            "norm_text": "아앗 키키",
            "speaker": {
              "id": "1번",
              "sex": "여성",
              "age": "20대"
            },
            "speechAct": "턴토크 사인(관습적 반응)",
            "morpheme": "아앗/IC+키/NNG+키/XSV+ETN"
          },
          {
            "id": 13,
            "text": "1 : 숨쉬기 운동이 얼마나 힘든 건데~",
            "norm_text": "숨쉬기 운동이 얼마나 힘든 건데~",
            "speaker": {
              "id": "1번",
              "sex": "여성",
              "age": "20대"
            },
            "speechAct": "(단언) 주장하기",
            "morpheme": "숨쉬기/NNG+운동/NNG+이/JKS+얼마나/MAG+힘든/VA+ETM+건데/NNB+VCP+EC+~/SY"
          },
          {
            "id": 14,
            "text": "2 : 다음 주에 나랑 같이 운동가자",
            "norm_text": "다음 주에 나랑 같이 운동가자",
            "speaker": {
              "id": "2번",
              "sex": "여성",
              "age": "20대"
            },
            "speechAct": "(지시) 충고/제안하기",
            "morpheme": "다음/NNG+주/NNG+에/JKB+나/NP+랑/JKB+같이/MAG+운동가/NNG+자/XSN"
          },
          {
            "id": 15,
            "text": "1 : 키키 언니랑 나랑 체력 차이 많이 나는 거 알지?",
            "norm_text": "키키 언니랑 나랑 체력 차이 많이 나는 거 알지?",
            "speaker": {
              "id": "1번",
              "sex": "여성",
              "age": "20대"
            },
            "speechAct": "(지시) 질문하기",
            "morpheme": "키/NNG+키/NNG+언니/NNG+랑/JC+나/NP+랑/JKB+체력/NNG+차이/NNG+많이/MAG+나/VV+는/ETM+거/NNB+알/VV+지/EF"
          },
          {
            "id": 16,
            "text": "1 : 살살 해야 해~",
            "norm_text": "살살 해야 해~",
            "speaker": {
              "id": "1번",
              "sex": "여성",
              "age": "20대"
            },
            "speechAct": "(단언) 주장하기",
            "morpheme": "살살/MAG+해야/VV+EC+해/VV+EC+~/SY"
          },
          {
            "id": 17,
            "text": "2 : 내가 너한테 무조건 맞춰줄게~",
            "norm_text": "내가 너한테 무조건 맞춰줄게~",
            "speaker": {
              "id": "2번",
              "sex": "여성",
              "age": "20대"
            },
            "speechAct": "(단언) 주장하기",
            "morpheme": "내/NP+가/JKS+너/NP+한테/JKB+무조건/MAG+맞춰줄/VV+EC+VX+ETM+게/NNB+JKS+~/SY"
          },
          {
            "id": 18,
            "text": "1 : 키키 오 좋지!",
            "norm_text": "키키 오 좋지!",
            "speaker": {
              "id": "1번",
              "sex": "여성",
              "age": "20대"
            },
            "speechAct": "(단언) 주장하기",
            "morpheme": "키/NNG+키/VV+오/EC+좋/VA+지/EF"
          },
          {
            "id": 19,
            "text": "1 : 그러고 맛있는 거 먹으러 가쟈~",
            "norm_text": "그러고 맛있는 거 먹으러 가쟈~",
            "speaker": {
              "id": "1번",
              "sex": "여성",
              "age": "20대"
            },
            "speechAct": "(지시) 충고/제안하기",
            "morpheme": "그러/VV+고/EC+맛있/VA+는/ETM+거/NNB+먹/VV+으러/EC+가/VX+쟈/EC+~/SY"
          },
          {
            "id": 20,
            "text": "2 : 그래 키키",
            "norm_text": "그래 키키",
            "speaker": {
              "id": "2번",
              "sex": "여성",
              "age": "20대"
            },
            "speechAct": "(단언) 주장하기",
            "morpheme": "그래/IC+키/NNG+키/XSV+ETN"
          },
          {
            "id": 21,
            "text": "2 : 운동복 꼭 챙겨와",
            "norm_text": "운동복 꼭 챙겨와",
            "speaker": {
              "id": "2번",
              "sex": "여성",
              "age": "20대"
            },
            "speechAct": "(지시) 명령/요구하기",
            "morpheme": "운동복/NNG+꼭/MAG+챙겨와/VV+EC+VX+EC"
          }
        ]
      }
    }
  ]
}