{
  "dataset": {
    "identifier": 119575,
    "name": "FACEBOOK_114_07_set",
    "src_path": "/data/file/cubeManager/PROJECT001/80/txt202111031510140859102/FACEBOOK_114_07_set/",
    "label_path": "/data/file/cubeManager/PROJECT001/80/txt202111031510140859102/FACEBOOK_114_07_set/",
    "category": 2,
    "type": 0
  },
  "licenses": {
    "name": "Apache License 1.0",
    "url": "http://www.apache.org/licenses/LICENSE-1.0"
  },
  "info": [
    {
      "id": 134410,
      "filename": "FACEBOOK_114_07.txt",
      "title": "FACEBOOK_114_07",
      "mediatype": "SNS",
      "medianame": "페이스북",
      "category": "일상대화",
      "date": "2021-11-03",
      "size": 407,
      "annotations": {
        "subject": "가족",
        "speaker_type": "1:1",
        "size": 407,
        "word_size": 136,
        "text": "1 : 언니는 외가랑 친해 친가랑 친해?\n2 : 나는 두 쪽 다 친해!\n1 : 아 진짜?\n1 : 그러면 명절 때는 어떻게 가?\n2 : 친가는 당일에 가고 외가는 다음날!\n1 : 그렇구나 다 서울에 있다고 그랬나?\n2 : 외가는 전라도에 살고 계셔!\n1 : 그렇구나 보통 서울에서 내려가는데 언니네는 차는 안 막히겠다!\n2 : 응! 아니면 그냥 비행기나 기차 타고 가!\n1 : 와 차라리 비행기가 훨씬 나을 거 같아!\n2 : 거기에 얼마 전에 공항이 생겼더라고~\n1 : 헐 어디에?\n1 : 언니네 집 근처에?\n2 : 응 키키 무한 공항이라고 새로 생긴 거 같아\n1 : 와 대박 키키\n1 : 언니 진짜 편하게 다니겠다!\n2 : 키키 맞아 자가용은 너무 오래 걸려 ㅠㅠ\n1 : 키키 인정 우리집은 논산이라 그런 거 없어~\n2 : 헐 ㅠㅠ 다른 게 생기길 기도해볼게~",
        "lines": [
          {
            "id": 1,
            "text": "1 : 언니는 외가랑 친해 친가랑 친해?",
            "norm_text": "언니는 외가랑 친해 친가랑 친해?",
            "speaker": {
              "id": "1번",
              "sex": "여성",
              "age": "20대"
            },
            "speechAct": "(지시) 질문하기",
            "morpheme": "언니/NNG+는/JX+외가/NNG+랑/JKB+친해/VA+EC+친가/NNG+랑/JKB+친해/VA+EF"
          },
          {
            "id": 2,
            "text": "2 : 나는 두 쪽 다 친해!",
            "norm_text": "나는 두 쪽 다 친해!",
            "speaker": {
              "id": "2번",
              "sex": "여성",
              "age": "20대"
            },
            "speechAct": "(단언) 주장하기",
            "morpheme": "나/NP+는/JX+두/MM+쪽/NNBC+다/MAG+친해/VA+EF"
          },
          {
            "id": 3,
            "text": "1 : 아 진짜?",
            "norm_text": "아 진짜?",
            "speaker": {
              "id": "1번",
              "sex": "여성",
              "age": "20대"
            },
            "speechAct": "(지시) 질문하기",
            "morpheme": "아/IC+진짜/MAG"
          },
          {
            "id": 4,
            "text": "1 : 그러면 명절 때는 어떻게 가?",
            "norm_text": "그러면 명절 때는 어떻게 가?",
            "speaker": {
              "id": "1번",
              "sex": "여성",
              "age": "20대"
            },
            "speechAct": "(지시) 질문하기",
            "morpheme": "그러면/MAJ+명절/NNG+때/NNG+는/JX+어떻/VA+게/EC+가/VX+EF"
          },
          {
            "id": 5,
            "text": "2 : 친가는 당일에 가고 외가는 다음날!",
            "norm_text": "친가는 당일에 가고 외가는 다음날!",
            "speaker": {
              "id": "2번",
              "sex": "여성",
              "age": "20대"
            },
            "speechAct": "(단언) 진술하기",
            "morpheme": "친가/NNG+는/JX+당일/NNG+에/JKB+가/VV+고/EC+외가/NNG+는/JX+다음/NNG+날/NNG"
          },
          {
            "id": 6,
            "text": "1 : 그렇구나 다 서울에 있다고 그랬나?",
            "norm_text": "그렇구나 다 서울에 있다고 그랬나?",
            "speaker": {
              "id": "1번",
              "sex": "여성",
              "age": "20대"
            },
            "speechAct": "(지시) 질문하기",
            "morpheme": "그렇/VA+구/EC+나/VX+다/EC+서울/NNP+에/JKB+있/VV+다고/EC+그랬/VV+EP+나/EF"
          },
          {
            "id": 7,
            "text": "2 : 외가는 전라도에 살고 계셔!",
            "norm_text": "외가는 전라도에 살고 계셔!",
            "speaker": {
              "id": "2번",
              "sex": "여성",
              "age": "20대"
            },
            "speechAct": "(단언) 진술하기",
            "morpheme": "외가/NNG+는/JX+전라도/NNP+에/JKB+살/VV+고/EC+계셔/VX+EF"
          },
          {
            "id": 8,
            "text": "1 : 그렇구나 보통 서울에서 내려가는데 언니네는 차는 안 막히겠다!",
            "norm_text": "그렇구나 보통 서울에서 내려가는데 언니네는 차는 안 막히겠다!",
            "speaker": {
              "id": "1번",
              "sex": "여성",
              "age": "20대"
            },
            "speechAct": "(단언) 주장하기",
            "morpheme": "그렇/VA+구나/EF+보통/MAJ+서울/NNP+에서/JKB+내려가/VV+는데/EC+언니/NNG+네/XSN+는/JX+차/NNG+는/JX+안/MAG+막히/VV+겠/EP+다/EF"
          },
          {
            "id": 9,
            "text": "2 : 응! 아니면 그냥 비행기나 기차 타고 가!",
            "norm_text": "응! 아니면 그냥 비행기나 기차 타고 가!",
            "speaker": {
              "id": "2번",
              "sex": "여성",
              "age": "20대"
            },
            "speechAct": "(단언) 주장하기",
            "morpheme": "응/IC+아니/VCN+면/EC+그냥/MAG+비행기/NNG+나/JC+기차/NNG+타/VV+고/EC+가/VX+EF"
          },
          {
            "id": 10,
            "text": "1 : 와 차라리 비행기가 훨씬 나을 거 같아!",
            "norm_text": "와 차라리 비행기가 훨씬 나을 거 같아!",
            "speaker": {
              "id": "1번",
              "sex": "여성",
              "age": "20대"
            },
            "speechAct": "(단언) 주장하기",
            "morpheme": "와/IC+차라리/MAG+비행기/NNG+가/JKS+훨씬/MAG+나을/VA+ETM+거/NNB+같/VA+아/EF"
          },
          {
            "id": 11,
            "text": "2 : 거기에 얼마 전에 공항이 생겼더라고~",
            "norm_text": "거기에 얼마 전에 공항이 생겼더라고~",
            "speaker": {
              "id": "2번",
              "sex": "여성",
              "age": "20대"
            },
            "speechAct": "(단언) 진술하기",
            "morpheme": "거기/NP+에/JKB+얼마/NNG+전/NNG+에/JKB+공항/NNG+이/JKS+생겼/VV+EP+더라고/EC+~/SY"
          },
          {
            "id": 12,
            "text": "1 : 헐 어디에?",
            "norm_text": "헐 어디에?",
            "speaker": {
              "id": "1번",
              "sex": "여성",
              "age": "20대"
            },
            "speechAct": "(지시) 질문하기",
            "morpheme": "헐/IC+어디/NP+에/JKB"
          },
          {
            "id": 13,
            "text": "1 : 언니네 집 근처에?",
            "norm_text": "언니네 집 근처에?",
            "speaker": {
              "id": "1번",
              "sex": "여성",
              "age": "20대"
            },
            "speechAct": "(지시) 질문하기",
            "morpheme": "언니네/NNP+집/NNG+근처/NNG+에/JKB"
          },
          {
            "id": 14,
            "text": "2 : 응 키키 무한 공항이라고 새로 생긴 거 같아",
            "norm_text": "응 키키 무한 공항이라고 새로 생긴 거 같아",
            "speaker": {
              "id": "2번",
              "sex": "여성",
              "age": "20대"
            },
            "speechAct": "(단언) 진술하기",
            "morpheme": "응/IC+키/NNG+키/NNG+무한/NNG+공항/NNG+이/VCP+라고/EC+새로/MAG+생긴/VV+ETM+거/NNB+같/VA+아/EC"
          },
          {
            "id": 15,
            "text": "1 : 와 대박 키키",
            "norm_text": "와 대박 키키",
            "speaker": {
              "id": "1번",
              "sex": "여성",
              "age": "20대"
            },
            "speechAct": "턴토크 사인(관습적 반응)",
            "morpheme": "와/IC+대박/NNG+키/NNG+키/XSV+ETN"
          },
          {
            "id": 16,
            "text": "1 : 언니 진짜 편하게 다니겠다!",
            "norm_text": "언니 진짜 편하게 다니겠다!",
            "speaker": {
              "id": "1번",
              "sex": "여성",
              "age": "20대"
            },
            "speechAct": "(단언) 주장하기",
            "morpheme": "언니/NNG+진짜/MAG+편하/VA+게/EC+다니/VV+겠/EP+다/EF"
          },
          {
            "id": 17,
            "text": "2 : 키키 맞아 자가용은 너무 오래 걸려 ㅠㅠ",
            "norm_text": "키키 맞아 자가용은 너무 오래 걸려 ㅠㅠ",
            "speaker": {
              "id": "2번",
              "sex": "여성",
              "age": "20대"
            },
            "speechAct": "(단언) 주장하기",
            "morpheme": "키/NNG+키/XSV+ETN+맞/VV+아/EC+자가용/NNG+은/JX+너무/MAG+오래/MAG+걸려/VV+EC+ㅠㅠ/UNKNOWN"
          },
          {
            "id": 18,
            "text": "1 : 키키 인정 우리집은 논산이라 그런 거 없어~",
            "norm_text": "키키 인정 우리집은 논산이라 그런 거 없어~",
            "speaker": {
              "id": "1번",
              "sex": "여성",
              "age": "20대"
            },
            "speechAct": "(단언) 진술하기",
            "morpheme": "키키인정우리집은논산이라그런거없어/UNKNOWN+~/SY"
          },
          {
            "id": 19,
            "text": "2 : 헐 ㅠㅠ 다른 게 생기길 기도해볼게~",
            "norm_text": "헐 ㅠㅠ 다른 게 생기길 기도해볼게~",
            "speaker": {
              "id": "2번",
              "sex": "여성",
              "age": "20대"
            },
            "speechAct": "(단언) 주장하기",
            "morpheme": "헐ㅠㅠ다른게생기길기도해볼게/UNKNOWN+~/SY"
          }
        ]
      }
    }
  ]
}