{
  "dataset": {
    "identifier": 98830,
    "name": "FACEBOOK_116_19_set",
    "src_path": "/data/file/cubeManager/PROJECT001/77/txt20211029153356050860/FACEBOOK_116_19_set/",
    "label_path": "/data/file/cubeManager/PROJECT001/77/txt20211029153356050860/FACEBOOK_116_19_set/",
    "category": 2,
    "type": 0
  },
  "licenses": {
    "name": "Apache License 1.0",
    "url": "http://www.apache.org/licenses/LICENSE-1.0"
  },
  "info": [
    {
      "id": 110987,
      "filename": "FACEBOOK_116_19.txt",
      "title": "FACEBOOK_116_19",
      "mediatype": "SNS",
      "medianame": "페이스북",
      "category": "일상대화",
      "date": "2021-10-29",
      "size": 490,
      "annotations": {
        "subject": "방송/연예",
        "speaker_type": "1:1",
        "size": 490,
        "word_size": 163,
        "text": "1 : 언니는 실제로 봤던 연예인 있었어?\n2 : 나 공항에서 많이 봤던 거 같어\n1 : 오 진짜?\n1 : 공항에서 어떤 사람 봤어?\n2 : 나 저번에 유노윤호 봤던 거 같은데\n1 : 유노윤호?\n1 : 그 사람 얼굴 진짜 작대!\n2 : 연예인들은 다 얼굴이 작아 ㅠ\n1 : 맞아\n1 : 나는 일본 갔을 때 촬영을 하는 거야\n1 : 근데 한국말을 하는 거야!\n2 : 헐 설마 연예인 봤어?\n1 : 어 근데 딱 보니까 아이돌 같았거든?\n1 : 근데 내 친구들도 그렇고 나도 그렇고 아이돌에 관심이 없어서 누구인지 몰랐어!\n2 : 아이돌이면 무조건 사인 해달라고 해야지!\n1 : 아 근데 촬영 중이라 그냥 얼굴만 봤거든?\n1 : 다 귀엽게 생겼더라!\n2 : 키키 아 사인 못 받은 거 너무 아쉽다\n1 : 어 키키 근데 대충 들어보니까 어떤 프로그램인지 이름을 알아냈던 거야!\n2 : 연예인 누군지도 알아 냈어?\n1 : 어 그때 세븐틴!?\n1 : 그 친구들 완전 신인이었을 때!\n2 : 헐... 내 동생이 진짜 좋아하는데!",
        "lines": [
          {
            "id": 1,
            "text": "1 : 언니는 실제로 봤던 연예인 있었어?",
            "norm_text": "언니는 실제로 봤던 연예인 있었어?",
            "speaker": {
              "id": "1번",
              "sex": "여성",
              "age": "20대"
            },
            "speechAct": "(지시) 질문하기",
            "morpheme": "언니/NNG+는/JX+실제로/MAG+봤/VV+EP+던/ETM+연예인/NNG+있/VV+었/EP+어/EF"
          },
          {
            "id": 2,
            "text": "2 : 나 공항에서 많이 봤던 거 같어",
            "norm_text": "나 공항에서 많이 봤던 거 같어",
            "speaker": {
              "id": "2번",
              "sex": "여성",
              "age": "20대"
            },
            "speechAct": "(단언) 진술하기",
            "morpheme": "나/NP+공항/NNG+에서/JKB+많이/MAG+봤/VV+EP+던/ETM+거/NNB+같/VA+어/EC"
          },
          {
            "id": 3,
            "text": "1 : 오 진짜?",
            "norm_text": "오 진짜?",
            "speaker": {
              "id": "1번",
              "sex": "여성",
              "age": "20대"
            },
            "speechAct": "(지시) 질문하기",
            "morpheme": "오/IC+진짜/MAG"
          },
          {
            "id": 4,
            "text": "1 : 공항에서 어떤 사람 봤어?",
            "norm_text": "공항에서 어떤 사람 봤어?",
            "speaker": {
              "id": "1번",
              "sex": "여성",
              "age": "20대"
            },
            "speechAct": "(지시) 질문하기",
            "morpheme": "공항/NNG+에서/JKB+어떤/MM+사람/NNG+봤/VV+EP+어/EF"
          },
          {
            "id": 5,
            "text": "2 : 나 저번에 유노윤호 봤던 거 같은데",
            "norm_text": "나 저번에 유노윤호 봤던 거 같은데",
            "speaker": {
              "id": "2번",
              "sex": "여성",
              "age": "20대"
            },
            "speechAct": "(단언) 진술하기",
            "morpheme": "나/NP+저번/NNG+에/JKB+유노윤호/NNP+봤/VV+EP+던/ETM+거/NNB+같/VA+은데/EC"
          },
          {
            "id": 6,
            "text": "1 : 유노윤호?",
            "norm_text": "유노윤호?",
            "speaker": {
              "id": "1번",
              "sex": "여성",
              "age": "20대"
            },
            "speechAct": "(지시) 질문하기",
            "morpheme": "유노윤호/NNP"
          },
          {
            "id": 7,
            "text": "1 : 그 사람 얼굴 진짜 작대!",
            "norm_text": "그 사람 얼굴 진짜 작대!",
            "speaker": {
              "id": "1번",
              "sex": "여성",
              "age": "20대"
            },
            "speechAct": "(단언) 진술하기",
            "morpheme": "그/MM+사람/NNG+얼굴/NNG+진짜/MAG+작/VA+대/EF"
          },
          {
            "id": 8,
            "text": "2 : 연예인들은 다 얼굴이 작아 ㅠ",
            "norm_text": "연예인들은 다 얼굴이 작아 ㅠ",
            "speaker": {
              "id": "2번",
              "sex": "여성",
              "age": "20대"
            },
            "speechAct": "(단언) 주장하기",
            "morpheme": "연예인/NNG+들/XSN+은/JX+다/MAG+얼굴/NNG+이/JKS+작/VA+아/EC+ㅠ/UNKNOWN"
          },
          {
            "id": 9,
            "text": "1 : 맞아",
            "norm_text": "맞아",
            "speaker": {
              "id": "1번",
              "sex": "여성",
              "age": "20대"
            },
            "speechAct": "(단언) 주장하기",
            "morpheme": "맞/VV+아/EC"
          },
          {
            "id": 10,
            "text": "1 : 나는 일본 갔을 때 촬영을 하는 거야",
            "norm_text": "나는 일본 갔을 때 촬영을 하는 거야",
            "speaker": {
              "id": "1번",
              "sex": "여성",
              "age": "20대"
            },
            "speechAct": "(단언) 진술하기",
            "morpheme": "나/NP+는/JX+일본/NNP+갔/VV+EP+을/ETM+때/NNG+촬영/NNG+을/JKO+하/VV+는/ETM+거/NNB+야/VCP+EF"
          },
          {
            "id": 11,
            "text": "1 : 근데 한국말을 하는 거야!",
            "norm_text": "근데 한국말을 하는 거야!",
            "speaker": {
              "id": "1번",
              "sex": "여성",
              "age": "20대"
            },
            "speechAct": "(단언) 진술하기",
            "morpheme": "근데/MAJ+한국/NNP+말/NNG+을/JKO+하/VV+는/ETM+거/NNB+야/VCP+EF"
          },
          {
            "id": 12,
            "text": "2 : 헐 설마 연예인 봤어?",
            "norm_text": "헐 설마 연예인 봤어?",
            "speaker": {
              "id": "2번",
              "sex": "여성",
              "age": "20대"
            },
            "speechAct": "(지시) 질문하기",
            "morpheme": "헐/IC+설마/MAG+연예인/NNG+봤/VV+EP+어/EF"
          },
          {
            "id": 13,
            "text": "1 : 어 근데 딱 보니까 아이돌 같았거든?",
            "norm_text": "어 근데 딱 보니까 아이돌 같았거든?",
            "speaker": {
              "id": "1번",
              "sex": "여성",
              "age": "20대"
            },
            "speechAct": "(단언) 주장하기",
            "morpheme": "어/IC+근데/MAJ+딱/MAG+보/VV+니까/EC+아이돌/NNP+같/VA+았/EP+거든/EF"
          },
          {
            "id": 14,
            "text": "1 : 근데 내 친구들도 그렇고 나도 그렇고 아이돌에 관심이 없어서 누구인지 몰랐어!",
            "norm_text": "근데 내 친구들도 그렇고 나도 그렇고 아이돌에 관심이 없어서 누구인지 몰랐어!",
            "speaker": {
              "id": "1번",
              "sex": "여성",
              "age": "20대"
            },
            "speechAct": "(단언) 주장하기",
            "morpheme": "근데/MAJ+내/MM+친구/NNG+들/XSN+도/JX+그렇/VA+고/EC+나/NP+도/JX+그렇/VA+고/EC+아이돌/NNP+에/JKB+관심/NNG+이/JKS+없/VA+어서/EC+누구/NP+인지/VCP+EC+몰랐/VV+EP+어/EF"
          },
          {
            "id": 15,
            "text": "2 : 아이돌이면 무조건 사인 해달라고 해야지!",
            "norm_text": "아이돌이면 무조건 사인 해달라고 해야지!",
            "speaker": {
              "id": "2번",
              "sex": "여성",
              "age": "20대"
            },
            "speechAct": "(단언) 주장하기",
            "morpheme": "아이돌/NNP+이/VCP+면/EC+무조건/MAG+사인/NNG+해/XSV+EC+달/VX+라고/EC+해야지/VV+EF"
          },
          {
            "id": 16,
            "text": "1 : 아 근데 촬영 중이라 그냥 얼굴만 봤거든?",
            "norm_text": "아 근데 촬영 중이라 그냥 얼굴만 봤거든?",
            "speaker": {
              "id": "1번",
              "sex": "여성",
              "age": "20대"
            },
            "speechAct": "(단언) 진술하기",
            "morpheme": "아/IC+근데/MAJ+촬영/NNG+중/NNB+이/VCP+라/EC+그냥/MAG+얼굴/NNG+만/JX+봤/VV+EP+거든/EF"
          },
          {
            "id": 17,
            "text": "1 : 다 귀엽게 생겼더라!",
            "norm_text": "다 귀엽게 생겼더라!",
            "speaker": {
              "id": "1번",
              "sex": "여성",
              "age": "20대"
            },
            "speechAct": "(단언) 주장하기",
            "morpheme": "다/MAG+귀엽/VA+게/EC+생겼/VV+EP+더라/EF"
          },
          {
            "id": 18,
            "text": "2 : 키키 아 사인 못 받은 거 너무 아쉽다",
            "norm_text": "키키 아 사인 못 받은 거 너무 아쉽다",
            "speaker": {
              "id": "2번",
              "sex": "여성",
              "age": "20대"
            },
            "speechAct": "(단언) 주장하기",
            "morpheme": "키/NNG+키/VV+아/EC+사인/NNG+JX+못/MAG+받/VV+은/ETM+거/NNB+너무/MAG+아쉽/VA+다/EC"
          },
          {
            "id": 19,
            "text": "1 : 어 키키 근데 대충 들어보니까 어떤 프로그램인지 이름을 알아냈던 거야!",
            "norm_text": "어 키키 근데 대충 들어보니까 어떤 프로그램인지 이름을 알아냈던 거야!",
            "speaker": {
              "id": "1번",
              "sex": "여성",
              "age": "20대"
            },
            "speechAct": "(단언) 주장하기",
            "morpheme": "어/IC+키/NNG+키/XSV+ETN+근데/MAJ+대충/MAG+들/VV+어/EC+보/VX+니까/EC+어떤/MM+프로그램/NNG+인지/VCP+EC+이름/NNG+을/JKO+알아냈/VV+EP+던/ETM+거/NNB+야/VCP+EF"
          },
          {
            "id": 20,
            "text": "2 : 연예인 누군지도 알아 냈어?",
            "norm_text": "연예인 누군지도 알아 냈어?",
            "speaker": {
              "id": "2번",
              "sex": "여성",
              "age": "20대"
            },
            "speechAct": "(지시) 질문하기",
            "morpheme": "연예/NNG+인/VCP+ETM+누군지/NP+VCP+EC+도/JX+알아냈/VV+EP+어/EF"
          },
          {
            "id": 21,
            "text": "1 : 어 그때 세븐틴!?",
            "norm_text": "어 그때 세븐틴!?",
            "speaker": {
              "id": "1번",
              "sex": "여성",
              "age": "20대"
            },
            "speechAct": "(단언) 진술하기",
            "morpheme": "어/IC+그때/NNG+세븐/NNG+틴/NNG+!/SY"
          },
          {
            "id": 22,
            "text": "1 : 그 친구들 완전 신인이었을 때!",
            "norm_text": "그 친구들 완전 신인이었을 때!",
            "speaker": {
              "id": "1번",
              "sex": "여성",
              "age": "20대"
            },
            "speechAct": "(단언) 진술하기",
            "morpheme": "그/MM+친구/NNG+들/XSN+완전/MAG+신인/NNG+이/VCP+었/EP+을/ETM+때/NNG"
          },
          {
            "id": 23,
            "text": "2 : 헐... 내 동생이 진짜 좋아하는데!",
            "norm_text": "헐... 내 동생이 진짜 좋아하는데!",
            "speaker": {
              "id": "2번",
              "sex": "여성",
              "age": "20대"
            },
            "speechAct": "(단언) 주장하기",
            "morpheme": "헐/IC+./SY+내/NP+JKG+동생/NNG+이/JKS+진짜/MAG+좋/VA+아/EC+하/VV+는데/EC"
          }
        ]
      }
    }
  ]
}