{
  "dataset": {
    "identifier": 117341,
    "name": "FACEBOOK_119_06_set",
    "src_path": "/data/file/cubeManager/PROJECT001/80/txt20211102103850066876/FACEBOOK_119_06_set/",
    "label_path": "/data/file/cubeManager/PROJECT001/80/txt20211102103850066876/FACEBOOK_119_06_set/",
    "category": 2,
    "type": 0
  },
  "licenses": {
    "name": "Apache License 1.0",
    "url": "http://www.apache.org/licenses/LICENSE-1.0"
  },
  "info": [
    {
      "id": 129769,
      "filename": "FACEBOOK_119_06.txt",
      "title": "FACEBOOK_119_06",
      "mediatype": "SNS",
      "medianame": "페이스북",
      "category": "일상대화",
      "date": "2021-11-02",
      "size": 448,
      "annotations": {
        "subject": "교육",
        "speaker_type": "1:1",
        "size": 448,
        "word_size": 155,
        "text": "1 : 나 이번에 공부 좀 해 보려고!\n2 : 공부? 너 작심삼일이잖아 키키\n2 : 갑자기?\n1 : 키키 어 근데 이번에는 문제집까지 이미 샀어!\n1 : 진짜 할 거임!\n2 : 오 어떤 문제집 샀는데?\n1 : 나 이제 한국사 공부 할 거야!\n2 : 한국사? 역사에 대해서 공부 하려는 거야?\n1 : 키키 웅!  맞아 나 역사에 대해서 아는 게 없어서!\n2 : 아 그럼 그냥 지식 쌓으려고 하는 거?\n1 : 맞아 키키 자격증까지는 바라지도 않아\n2 : 나는 학교 다닐 때 사회 역사 이런 거 못 했어 키키\n1 : 아 진짜?\n1 : 그러면 언니는 이과였겠네?\n2 : 응 나는 이과야 키키\n2 : 문과랑은 안 맞는 거 같아\n1 : 키키 나도 근데 우리 언니는 한국사 맨날 100점 맞고 왔다!?\n2 : 와 대박 언니 암기력이 되게 좋았나 봐?\n1 : 언니는 한국사 배우는 게 좋았대!\n2 : 아 그런 거 흥미 찾으면 좋아하는 거 같더라 키키",
        "lines": [
          {
            "id": 1,
            "text": "1 : 나 이번에 공부 좀 해 보려고!",
            "norm_text": "나 이번에 공부 좀 해 보려고!",
            "speaker": {
              "id": "1번",
              "sex": "여성",
              "age": "20대"
            },
            "speechAct": "(언약) 약속하기(제3자와)/(개인적 수준)",
            "morpheme": "나/NP+이번/NNG+에/JKB+공부/NNG+좀/MAG+해/VV+EC+보/VX+려고/EF"
          },
          {
            "id": 2,
            "text": "2 : 공부? 너 작심삼일이잖아 키키",
            "norm_text": "공부? 너 작심삼일이잖아 키키",
            "speaker": {
              "id": "2번",
              "sex": "여성",
              "age": "20대"
            },
            "speechAct": "(단언) 주장하기",
            "morpheme": "공부/NNG+?/SY+너작심삼일이잖아키키/UNKNOWN"
          },
          {
            "id": 3,
            "text": "2 : 갑자기?",
            "norm_text": "갑자기?",
            "speaker": {
              "id": "2번",
              "sex": "여성",
              "age": "20대"
            },
            "speechAct": "(단언) 주장하기",
            "morpheme": "갑자기/MAG"
          },
          {
            "id": 4,
            "text": "1 : 키키 어 근데 이번에는 문제집까지 이미 샀어!",
            "norm_text": "키키 어 근데 이번에는 문제집까지 이미 샀어!",
            "speaker": {
              "id": "1번",
              "sex": "여성",
              "age": "20대"
            },
            "speechAct": "(단언) 진술하기",
            "morpheme": "키/NNG+키어/NNG+근데/MAJ+이번/NNG+에/JKB+는/JX+문제집/NNG+까지/JX+이미/MAG+샀/VV+EP+어/EF"
          },
          {
            "id": 5,
            "text": "1 : 진짜 할 거임!",
            "norm_text": "진짜 할 거임!",
            "speaker": {
              "id": "1번",
              "sex": "여성",
              "age": "20대"
            },
            "speechAct": "(언약) 약속하기(제3자와)/(개인적 수준)",
            "morpheme": "진짜/MAG+할/VV+ETM+거/NNB+임/VCP+ETN"
          },
          {
            "id": 6,
            "text": "2 : 오 어떤 문제집 샀는데?",
            "norm_text": "오 어떤 문제집 샀는데?",
            "speaker": {
              "id": "2번",
              "sex": "여성",
              "age": "20대"
            },
            "speechAct": "(지시) 질문하기",
            "morpheme": "오/IC+어떤/MM+문제집/NNG+샀/VV+EP+는데/EF"
          },
          {
            "id": 7,
            "text": "1 : 나 이제 한국사 공부 할 거야!",
            "norm_text": "나 이제 한국사 공부 할 거야!",
            "speaker": {
              "id": "1번",
              "sex": "여성",
              "age": "20대"
            },
            "speechAct": "(언약) 약속하기(제3자와)/(개인적 수준)",
            "morpheme": "나/NP+이제/MAG+한국/NNP+사공부/NNG+할/XSV+ETM+거/NNB+야/VCP+EF"
          },
          {
            "id": 8,
            "text": "2 : 한국사? 역사에 대해서 공부 하려는 거야?",
            "norm_text": "한국사? 역사에 대해서 공부 하려는 거야?",
            "speaker": {
              "id": "2번",
              "sex": "여성",
              "age": "20대"
            },
            "speechAct": "(지시) 질문하기",
            "morpheme": "한국사/NNP+?/SY+역사/NNG+에/JKB+대해서/VV+EC+공부/NNG+하/XSV+려는/ETM+거/NNB+야/VCP+EF"
          },
          {
            "id": 9,
            "text": "1 : 키키 웅!  맞아 나 역사에 대해서 아는 게 없어서!",
            "norm_text": "키키 웅!  맞아 나 역사에 대해서 아는 게 없어서!",
            "speaker": {
              "id": "1번",
              "sex": "여성",
              "age": "20대"
            },
            "speechAct": "(단언) 주장하기",
            "morpheme": "키/NNG+키/XSV+ETN+웅/IC+맞/VV+아나/EC+역사/NNG+에/JKB+대해서/VV+EC+아/VV+는/ETM+게/NNB+JKS+없/VA+어서/EC"
          },
          {
            "id": 10,
            "text": "2 : 아 그럼 그냥 지식 쌓으려고 하는 거?",
            "norm_text": "아 그럼 그냥 지식 쌓으려고 하는 거?",
            "speaker": {
              "id": "2번",
              "sex": "여성",
              "age": "20대"
            },
            "speechAct": "(지시) 질문하기",
            "morpheme": "아/IC+그럼/MAJ+그냥/MAG+지식/NNG+쌓/VV+으려고/EC+하/VV+는/ETM+거/NNB"
          },
          {
            "id": 11,
            "text": "1 : 맞아 키키 자격증까지는 바라지도 않아",
            "norm_text": "맞아 키키 자격증까지는 바라지도 않아",
            "speaker": {
              "id": "1번",
              "sex": "여성",
              "age": "20대"
            },
            "speechAct": "(단언) 주장하기",
            "morpheme": "맞/VV+아/EC+키/NNG+키/NNG+자격증/NNG+까지/JX+는/JX+바라지/NNG+도/JX+않/VX+아/EC"
          },
          {
            "id": 12,
            "text": "2 : 나는 학교 다닐 때 사회 역사 이런 거 못 했어 키키",
            "norm_text": "나는 학교 다닐 때 사회 역사 이런 거 못 했어 키키",
            "speaker": {
              "id": "2번",
              "sex": "여성",
              "age": "20대"
            },
            "speechAct": "(단언) 진술하기",
            "morpheme": "나/NP+는/JX+학교/NNG+다닐/VV+ETM+때/NNG+사회/NNG+역사/NNG+이런/MM+거/NNB+못/MAG+했/VV+EP+어/EC+키/NNG+키/XSV+ETN"
          },
          {
            "id": 13,
            "text": "1 : 아 진짜?",
            "norm_text": "아 진짜?",
            "speaker": {
              "id": "1번",
              "sex": "여성",
              "age": "20대"
            },
            "speechAct": "턴토크 사인(관습적 반응)",
            "morpheme": "아/IC+진짜/MAG"
          },
          {
            "id": 14,
            "text": "1 : 그러면 언니는 이과였겠네?",
            "norm_text": "그러면 언니는 이과였겠네?",
            "speaker": {
              "id": "1번",
              "sex": "여성",
              "age": "20대"
            },
            "speechAct": "(단언) 주장하기",
            "morpheme": "그러면/MAJ+언니/NNG+는/JX+이과/NNG+였/VCP+EP+겠/EP+네/EF"
          },
          {
            "id": 15,
            "text": "2 : 응 나는 이과야 키키",
            "norm_text": "응 나는 이과야 키키",
            "speaker": {
              "id": "2번",
              "sex": "여성",
              "age": "20대"
            },
            "speechAct": "(단언) 진술하기",
            "morpheme": "응/IC+나/NP+는/JX+이/MM+과야/NNG+키/NNG+키/XSV+ETN"
          },
          {
            "id": 16,
            "text": "2 : 문과랑은 안 맞는 거 같아",
            "norm_text": "문과랑은 안 맞는 거 같아",
            "speaker": {
              "id": "2번",
              "sex": "여성",
              "age": "20대"
            },
            "speechAct": "(단언) 주장하기",
            "morpheme": "문과/NNG+랑/JKB+은/JX+안/MAG+맞/VV+는/ETM+거/NNB+같/VA+아/EC"
          },
          {
            "id": 17,
            "text": "1 : 키키 나도 근데 우리 언니는 한국사 맨날 100점 맞고 왔다!?",
            "norm_text": "키키 나도 근데 우리 언니는 한국사 맨날 100점 맞고 왔다!?",
            "speaker": {
              "id": "1번",
              "sex": "여성",
              "age": "20대"
            },
            "speechAct": "(단언) 진술하기",
            "morpheme": "키/NNG+키나/XSA+ETN+JX+도/JX+근데/MAJ+우리/NP+언니/NNG+는/JX+한국사/NNP+맨날/MAG+100/SN+점/NNBC+맞/VV+고/EC+왔/VX+EP+다/EC+!/SY"
          },
          {
            "id": 18,
            "text": "2 : 와 대박 언니 암기력이 되게 좋았나 봐?",
            "norm_text": "와 대박 언니 암기력이 되게 좋았나 봐?",
            "speaker": {
              "id": "2번",
              "sex": "여성",
              "age": "20대"
            },
            "speechAct": "(단언) 주장하기",
            "morpheme": "와/IC+대박/NNG+언니/NNG+암기력/NNG+이/JKS+되게/MAG+좋/VA+았/EP+나/EC+봐/VX+EF"
          },
          {
            "id": 19,
            "text": "1 : 언니는 한국사 배우는 게 좋았대!",
            "norm_text": "언니는 한국사 배우는 게 좋았대!",
            "speaker": {
              "id": "1번",
              "sex": "여성",
              "age": "20대"
            },
            "speechAct": "(단언) 진술하기",
            "morpheme": "언니/NNG+는/JX+한국사/NNP+배우/VV+는/ETM+게/NNB+JKS+좋/VA+았/EP+대/EF"
          },
          {
            "id": 20,
            "text": "2 : 아 그런 거 흥미 찾으면 좋아하는 거 같더라 키키",
            "norm_text": "아 그런 거 흥미 찾으면 좋아하는 거 같더라 키키",
            "speaker": {
              "id": "2번",
              "sex": "여성",
              "age": "20대"
            },
            "speechAct": "(단언) 주장하기",
            "morpheme": "아/IC+그런/MM+거/NNB+흥미/NNG+찾/VV+으면/EC+좋/VA+아/EC+하/VV+는/ETM+거/NNB+같/VA+더라/EC+키/NNG+키/XSV+ETN"
          }
        ]
      }
    }
  ]
}