{
  "dataset": {
    "identifier": 98800,
    "name": "FACEBOOK_101_09_set",
    "src_path": "/data/file/cubeManager/PROJECT001/77/txt20211027152210045837/FACEBOOK_101_09_set/",
    "label_path": "/data/file/cubeManager/PROJECT001/77/txt20211027152210045837/FACEBOOK_101_09_set/",
    "category": 2,
    "type": 0
  },
  "licenses": {
    "name": "Apache License 1.0",
    "url": "http://www.apache.org/licenses/LICENSE-1.0"
  },
  "info": [
    {
      "id": 99350,
      "filename": "FACEBOOK_101_09.txt",
      "title": "FACEBOOK_101_09",
      "mediatype": "SNS",
      "medianame": "페이스북",
      "category": "일상대화",
      "date": "2021-10-27",
      "size": 457,
      "annotations": {
        "subject": "반려동물",
        "speaker_type": "1:1",
        "size": 457,
        "word_size": 153,
        "text": "1 : 언니는 멍뭉이 좋아해?\n1 : 아니면 냥냥이를 더 좋아해?\n2 : 우리집 강아지 키우잖아 진봉이\n1 : 아 진짜?\n1 : 이름이 진봉이야?\n1 : 왜 진봉이야?\n2 : 웅 **이 동생 진봉이\n1 : 키키 완전 귀엽다\n1 : 우리집 냥냥이는 오복이!\n2 : 왜 오복이야?\n2 : 몇년 됐어?\n1 : 우리 오복이는 이제 5살이야!\n1 : 진봉이네는?\n2 : 우리 진봉이 네살\n2 : 이제 없으면 안될 것 같지?\n1 : 키키 맞아!\n1 : 우리 오복이는 우리가 눈도 안 떴을 때부터 키워서 없으면 진짜 안 돼!\n2 : 키키 와 어디서 데리고 왔어?\n1 : 그냥 땅바닥에서 주워 왔어 허허\n2 : 아 남자친구랑 같이 주워 온 거야?\n1 : 아니~ 아니~\n1 : 우리집 이웃집에서 죽이려던 거 데리고 왔어!\n2 : 진짜 요새 동물 학대하는 사람 많아...\n1 : 맞아 ㅜㅜ\n1 : 근데 거기는 할머니라 뭐라고 할 수도 없었어,\n2 : 우리 진봉이는 잘 키워줘야지,",
        "lines": [
          {
            "id": 1,
            "text": "1 : 언니는 멍뭉이 좋아해?",
            "norm_text": "언니는 멍뭉이 좋아해?",
            "speaker": {
              "id": "1번",
              "sex": "여성",
              "age": "20대"
            },
            "speechAct": "(지시) 질문하기",
            "morpheme": "언니/NNG+는/JX+멍뭉/UNKNOWN+이/JKS+좋/VA+아/EC+해/VX+EF"
          },
          {
            "id": 2,
            "text": "1 : 아니면 냥냥이를 더 좋아해?",
            "norm_text": "아니면 냥냥이를 더 좋아해?",
            "speaker": {
              "id": "1번",
              "sex": "여성",
              "age": "20대"
            },
            "speechAct": "(지시) 질문하기",
            "morpheme": "아니면/MAJ+냥냥/UNKNOWN+이/NP+를/JKO+더/MAG+좋/VA+아/EC+해/VX+EF"
          },
          {
            "id": 3,
            "text": "2 : 우리집 강아지 키우잖아 진봉이",
            "norm_text": "우리집 강아지 키우잖아 진봉이",
            "speaker": {
              "id": "2번",
              "sex": "여성",
              "age": "20대"
            },
            "speechAct": "(단언) 진술하기",
            "morpheme": "우리/NP+집/NNG+강아지/NNG+키우/VV+잖아/EC+진봉/NNG+이/JKS"
          },
          {
            "id": 4,
            "text": "1 : 아 진짜?",
            "norm_text": "아 진짜?",
            "speaker": {
              "id": "1번",
              "sex": "여성",
              "age": "20대"
            },
            "speechAct": "(지시) 질문하기",
            "morpheme": "아/IC+진짜/MAG"
          },
          {
            "id": 5,
            "text": "1 : 이름이 진봉이야?",
            "norm_text": "이름이 진봉이야?",
            "speaker": {
              "id": "1번",
              "sex": "여성",
              "age": "20대"
            },
            "speechAct": "(지시) 질문하기",
            "morpheme": "이름/NNG+이/JKS+진봉/NNG+이/VCP+야/EF"
          },
          {
            "id": 6,
            "text": "1 : 왜 진봉이야?",
            "norm_text": "왜 진봉이야?",
            "speaker": {
              "id": "1번",
              "sex": "여성",
              "age": "20대"
            },
            "speechAct": "(지시) 질문하기",
            "morpheme": "왜/MAG+진봉/NNG+이/VCP+야/EF"
          },
          {
            "id": 7,
            "text": "2 : 웅 **이 동생 진봉이",
            "norm_text": "웅 **이 동생 진봉이",
            "speaker": {
              "id": "2번",
              "sex": "여성",
              "age": "20대"
            },
            "speechAct": "(단언) 주장하기",
            "morpheme": "웅/NNG+*/SY+*/SY+이/JKS+동생/NNG+진봉/NNG+이/JKS"
          },
          {
            "id": 8,
            "text": "1 : 키키 완전 귀엽다",
            "norm_text": "키키 완전 귀엽다",
            "speaker": {
              "id": "1번",
              "sex": "여성",
              "age": "20대"
            },
            "speechAct": "(단언) 주장하기",
            "morpheme": "키/NNG+키/XSV+ETN+완전/MAG+귀엽/VA+다/EC"
          },
          {
            "id": 9,
            "text": "1 : 우리집 냥냥이는 오복이!",
            "norm_text": "우리집 냥냥이는 오복이!",
            "speaker": {
              "id": "1번",
              "sex": "여성",
              "age": "20대"
            },
            "speechAct": "(단언) 주장하기",
            "morpheme": "우리/NP+집/NNG+냥냥/UNKNOWN+이/NP+는/JX+오복/NNG+이/JKS"
          },
          {
            "id": 10,
            "text": "2 : 왜 오복이야?",
            "norm_text": "왜 오복이야?",
            "speaker": {
              "id": "2번",
              "sex": "여성",
              "age": "20대"
            },
            "speechAct": "(지시) 질문하기",
            "morpheme": "왜/MAG+오복/NNG+이/VCP+야/EF"
          },
          {
            "id": 11,
            "text": "2 : 몇년 됐어?",
            "norm_text": "몇년 됐어?",
            "speaker": {
              "id": "2번",
              "sex": "여성",
              "age": "20대"
            },
            "speechAct": "(지시) 질문하기",
            "morpheme": "몇/MM+년/NNBC+됐/VV+EP+어/EF"
          },
          {
            "id": 12,
            "text": "1 : 우리 오복이는 이제 5살이야!",
            "norm_text": "우리 오복이는 이제 5살이야!",
            "speaker": {
              "id": "1번",
              "sex": "여성",
              "age": "20대"
            },
            "speechAct": "(단언) 진술하기",
            "morpheme": "우리/NP+오복이/MAG+는/JX+이제/MAG+5/SN+살/NNBC+이/VCP+야/EF"
          },
          {
            "id": 13,
            "text": "1 : 진봉이네는?",
            "norm_text": "진봉이네는?",
            "speaker": {
              "id": "1번",
              "sex": "여성",
              "age": "20대"
            },
            "speechAct": "(지시) 질문하기",
            "morpheme": "진봉/NNG+이/JKS+네/NP+는/JX"
          },
          {
            "id": 14,
            "text": "2 : 우리 진봉이 네살",
            "norm_text": "우리 진봉이 네살",
            "speaker": {
              "id": "2번",
              "sex": "여성",
              "age": "20대"
            },
            "speechAct": "(단언) 진술하기",
            "morpheme": "우리/NP+진봉/NNG+이/JKS+네/MM+살/NNBC"
          },
          {
            "id": 15,
            "text": "2 : 이제 없으면 안될 것 같지?",
            "norm_text": "이제 없으면 안될 것 같지?",
            "speaker": {
              "id": "2번",
              "sex": "여성",
              "age": "20대"
            },
            "speechAct": "(지시) 질문하기",
            "morpheme": "이제/MAG+없/VA+으면/EC+안/MAG+될/VV+ETM+것/NNB+같/VA+지/EF"
          },
          {
            "id": 16,
            "text": "1 : 키키 맞아!",
            "norm_text": "키키 맞아!",
            "speaker": {
              "id": "1번",
              "sex": "여성",
              "age": "20대"
            },
            "speechAct": "(단언) 주장하기",
            "morpheme": "키/NNG+키/XSV+ETN+맞/VV+아/EF"
          },
          {
            "id": 17,
            "text": "1 : 우리 오복이는 우리가 눈도 안 떴을 때부터 키워서 없으면 진짜 안 돼!",
            "norm_text": "우리 오복이는 우리가 눈도 안 떴을 때부터 키워서 없으면 진짜 안 돼!",
            "speaker": {
              "id": "1번",
              "sex": "여성",
              "age": "20대"
            },
            "speechAct": "(단언) 주장하기",
            "morpheme": "우리/NP+오복이/MAG+는/JX+우리/NP+가/JKS+눈/NNG+도/JX+안/MAG+떴/VV+EP+을/ETM+때/NNG+부터/JX+키워서/VV+EC+없/VA+으면/EC+진짜/MAG+안/MAG+돼/VV+EF"
          },
          {
            "id": 18,
            "text": "2 : 키키 와 어디서 데리고 왔어?",
            "norm_text": "키키 와 어디서 데리고 왔어?",
            "speaker": {
              "id": "2번",
              "sex": "여성",
              "age": "20대"
            },
            "speechAct": "(지시) 질문하기",
            "morpheme": "키/NNG+키/XSV+ETN+와/JC+어디/NP+서/JKB+데리/VV+고/EC+왔/VX+EP+어/EF"
          },
          {
            "id": 19,
            "text": "1 : 그냥 땅바닥에서 주워 왔어 허허",
            "norm_text": "그냥 땅바닥에서 주워 왔어 허허",
            "speaker": {
              "id": "1번",
              "sex": "여성",
              "age": "20대"
            },
            "speechAct": "(단언) 진술하기",
            "morpheme": "그냥/MAG+땅바닥/NNG+에서/JKB+주워왔/VV+EC+VX+EP+어/EC+허허/NNG"
          },
          {
            "id": 20,
            "text": "2 : 아 남자친구랑 같이 주워 온 거야?",
            "norm_text": "아 남자친구랑 같이 주워 온 거야?",
            "speaker": {
              "id": "2번",
              "sex": "여성",
              "age": "20대"
            },
            "speechAct": "(지시) 질문하기",
            "morpheme": "아/IC+남자/NNG+친구/NNG+랑/JKB+같이/MAG+주워온/VV+EC+VX+ETM+거/NNB+야/VCP+EF"
          },
          {
            "id": 21,
            "text": "1 : 아니~ 아니~",
            "norm_text": "아니~ 아니~",
            "speaker": {
              "id": "1번",
              "sex": "여성",
              "age": "20대"
            },
            "speechAct": "(단언) 주장하기",
            "morpheme": "아니/IC+~/SY+아니/VCN+~/SY"
          },
          {
            "id": 22,
            "text": "1 : 우리집 이웃집에서 죽이려던 거 데리고 왔어!",
            "norm_text": "우리집 이웃집에서 죽이려던 거 데리고 왔어!",
            "speaker": {
              "id": "1번",
              "sex": "여성",
              "age": "20대"
            },
            "speechAct": "(단언) 진술하기",
            "morpheme": "우리/NP+집/NNG+이웃집/NNG+에서/JKB+죽이/VV+려던/ETM+거/NNB+데리/VV+고/EC+왔/VX+EP+어/EF"
          },
          {
            "id": 23,
            "text": "2 : 진짜 요새 동물 학대하는 사람 많아...",
            "norm_text": "진짜 요새 동물 학대하는 사람 많아...",
            "speaker": {
              "id": "2번",
              "sex": "여성",
              "age": "20대"
            },
            "speechAct": "(단언) 주장하기",
            "morpheme": "진짜/MAG+요새/MAG+동물/NNG+학대/NNG+하/XSV+는/ETM+사람/NNG+많/VA+아/EF+./SY"
          },
          {
            "id": 24,
            "text": "1 : 맞아 ㅜㅜ",
            "norm_text": "맞아 ㅜㅜ",
            "speaker": {
              "id": "1번",
              "sex": "여성",
              "age": "20대"
            },
            "speechAct": "(단언) 주장하기",
            "morpheme": "맞아ㅜㅜ/UNKNOWN"
          },
          {
            "id": 25,
            "text": "1 : 근데 거기는 할머니라 뭐라고 할 수도 없었어,",
            "norm_text": "근데 거기는 할머니라 뭐라고 할 수도 없었어,",
            "speaker": {
              "id": "1번",
              "sex": "여성",
              "age": "20대"
            },
            "speechAct": "(단언) 주장하기",
            "morpheme": "근데/MAJ+거기/NP+는/JX+할머니/NNG+라/VCP+EC+뭐/NP+라고/VCP+EC+할/VX+ETM+수/NNB+도/JX+없/VA+었/EP+어/EF+,/SC"
          },
          {
            "id": 26,
            "text": "2 : 우리 진봉이는 잘 키워줘야지,",
            "norm_text": "우리 진봉이는 잘 키워줘야지,",
            "speaker": {
              "id": "2번",
              "sex": "여성",
              "age": "20대"
            },
            "speechAct": "(단언) 주장하기",
            "morpheme": "우리/NP+진봉/NNP+이/XSN+는/JX+잘/MAG+키워/VV+EC+줘야지/VX+EF+,/SC"
          }
        ]
      }
    }
  ]
}