{
  "dataset": {
    "identifier": 104648,
    "name": "FACEBOOK_104_06_set",
    "src_path": "/data/file/cubeManager/PROJECT001/77/txt20211028145511015185/FACEBOOK_104_06_set/",
    "label_path": "/data/file/cubeManager/PROJECT001/77/txt20211028145511015185/FACEBOOK_104_06_set/",
    "category": 2,
    "type": 0
  },
  "licenses": {
    "name": "Apache License 1.0",
    "url": "http://www.apache.org/licenses/LICENSE-1.0"
  },
  "info": [
    {
      "id": 100491,
      "filename": "FACEBOOK_104_06.txt",
      "title": "FACEBOOK_104_06",
      "mediatype": "SNS",
      "medianame": "페이스북",
      "category": "일상대화",
      "date": "2021-10-28",
      "size": 487,
      "annotations": {
        "subject": "교육",
        "speaker_type": "1:1",
        "size": 487,
        "word_size": 160,
        "text": "1 : 너는 어렸을 때 속셈학원이라고 알아?\n1 : 여기 다녀본 적 있어?\n2 : 아니 그런 학원은 안 다녔어!\n1 : 그래?\n1 : 그러면 어떤 학원 다녀봤어?\n2 : 그냥 집 근처 학원이랑 태권도 정도?\n1 : 오 태권도?\n1 : 태권도 학원 다녔을 때 재미는 있었어?\n2 : 어 나는 운동이 아니라 친구들이랑 놀러 간 거였거든!\n1 : 키키 맞아\n1 : 내 친구들도 태권도에서 애들이랑 많이 놀았다고 하더라!\n2 : 그래서 태권도에서 띠는 별로 안 높고 살만 빠져서 왔었어\n1 : 키키 헐 그러면 되게 좋은 거 아니야?\n2 : 그래봤자 어릴 때 여가지고 ㅠㅠ 지금 생각해보면 띠가 높았으면 좋았을텐데\n1 : 키키 그때 무슨 띠였는데?\n1 : 검은색?\n2 : 어 아마 파란띠 였던거 같은데?\n2 : 완전 초반!\n1 : 파란띠?\n1 : 처음에 들어갔을 때는 노란띠였나?\n2 : 노란색 아니면 흰색일 거야 둘 중 하나!\n1 : 아 그렇구나\n1 : 제일 높은 띠가 검은색이지?\n2 : 어 맞아\n2 : 검은색이 높아!",
        "lines": [
          {
            "id": 1,
            "text": "1 : 너는 어렸을 때 속셈학원이라고 알아?",
            "norm_text": "너는 어렸을 때 속셈학원이라고 알아?",
            "speaker": {
              "id": "1번",
              "sex": "여성",
              "age": "20대"
            },
            "speechAct": "(지시) 질문하기",
            "morpheme": "너/NP+는/JX+어렸/VA+EP+을/ETM+때/NNG+속셈/NNG+학원/NNG+이/VCP+라고/EC+알/VV+아/EF"
          },
          {
            "id": 2,
            "text": "1 : 여기 다녀본 적 있어?",
            "norm_text": "여기 다녀본 적 있어?",
            "speaker": {
              "id": "1번",
              "sex": "여성",
              "age": "20대"
            },
            "speechAct": "(지시) 질문하기",
            "morpheme": "여기/NP+다녀본/VV+EC+VX+ETM+적/NNB+있/VA+어/EF"
          },
          {
            "id": 3,
            "text": "2 : 아니 그런 학원은 안 다녔어!",
            "norm_text": "아니 그런 학원은 안 다녔어!",
            "speaker": {
              "id": "2번",
              "sex": "여성",
              "age": "20대"
            },
            "speechAct": "(단언) 진술하기",
            "morpheme": "아니/IC+그런/MM+학원/NNG+은/JX+안/MAG+다녔/VV+EP+어/EF"
          },
          {
            "id": 4,
            "text": "1 : 그래?",
            "norm_text": "그래?",
            "speaker": {
              "id": "1번",
              "sex": "여성",
              "age": "20대"
            },
            "speechAct": "(지시) 질문하기",
            "morpheme": "그래/IC"
          },
          {
            "id": 5,
            "text": "1 : 그러면 어떤 학원 다녀봤어?",
            "norm_text": "그러면 어떤 학원 다녀봤어?",
            "speaker": {
              "id": "1번",
              "sex": "여성",
              "age": "20대"
            },
            "speechAct": "(지시) 질문하기",
            "morpheme": "그러면/MAJ+어떤/MM+학원/NNG+다녀/VV+EC+봤/VX+EP+어/EF"
          },
          {
            "id": 6,
            "text": "2 : 그냥 집 근처 학원이랑 태권도 정도?",
            "norm_text": "그냥 집 근처 학원이랑 태권도 정도?",
            "speaker": {
              "id": "2번",
              "sex": "여성",
              "age": "20대"
            },
            "speechAct": "(단언) 주장하기",
            "morpheme": "그냥/MAG+집/NNG+근처/NNG+학원/NNG+이랑/JKB+태권/NNG+도/JX+정도/NNG"
          },
          {
            "id": 7,
            "text": "1 : 오 태권도?",
            "norm_text": "오 태권도?",
            "speaker": {
              "id": "1번",
              "sex": "여성",
              "age": "20대"
            },
            "speechAct": "(지시) 질문하기",
            "morpheme": "오태/NNG+권/XSN+도/JX"
          },
          {
            "id": 8,
            "text": "1 : 태권도 학원 다녔을 때 재미는 있었어?",
            "norm_text": "태권도 학원 다녔을 때 재미는 있었어?",
            "speaker": {
              "id": "1번",
              "sex": "여성",
              "age": "20대"
            },
            "speechAct": "(지시) 질문하기",
            "morpheme": "태권/NNG+도/JX+학원/NNG+다녔/VV+EP+을/ETM+때/NNG+재미/NNG+는/JX+있/VX+었/EP+어/EF"
          },
          {
            "id": 9,
            "text": "2 : 어 나는 운동이 아니라 친구들이랑 놀러 간 거였거든!",
            "norm_text": "어 나는 운동이 아니라 친구들이랑 놀러 간 거였거든!",
            "speaker": {
              "id": "2번",
              "sex": "여성",
              "age": "20대"
            },
            "speechAct": "(단언) 주장하기",
            "morpheme": "어/IC+나/NP+는/JX+운동/NNG+이/JKC+아니/VCN+라/EC+친구/NNG+들/XSN+이랑/JKB+놀/VV+러/EC+간/VV+ETM+거/NNB+였/VCP+EP+거든/EF"
          },
          {
            "id": 10,
            "text": "1 : 키키 맞아",
            "norm_text": "키키 맞아",
            "speaker": {
              "id": "1번",
              "sex": "여성",
              "age": "20대"
            },
            "speechAct": "(단언) 주장하기",
            "morpheme": "키/NNG+키/XSV+ETN+맞/VV+아/EC"
          },
          {
            "id": 11,
            "text": "1 : 내 친구들도 태권도에서 애들이랑 많이 놀았다고 하더라!",
            "norm_text": "내 친구들도 태권도에서 애들이랑 많이 놀았다고 하더라!",
            "speaker": {
              "id": "1번",
              "sex": "여성",
              "age": "20대"
            },
            "speechAct": "(단언) 진술하기",
            "morpheme": "내/NP+JKG+친구/NNG+들/XSN+도/JX+태권도/NNG+에서/JKB+애/NNG+들/XSN+이랑/JKB+많이/MAG+놀/VV+았/EP+다고/EC+하/VX+더라/EF"
          },
          {
            "id": 12,
            "text": "2 : 그래서 태권도에서 띠는 별로 안 높고 살만 빠져서 왔었어",
            "norm_text": "그래서 태권도에서 띠는 별로 안 높고 살만 빠져서 왔었어",
            "speaker": {
              "id": "2번",
              "sex": "여성",
              "age": "20대"
            },
            "speechAct": "(단언) 진술하기",
            "morpheme": "그래서/MAJ+태권도/NNG+에서/JKB+띠/NNG+는/JX+별로/MAG+안/MAG+높/VA+고/EC+살/NNG+만/JX+빠져서/VV+EC+왔었/VX+EP+어/EC"
          },
          {
            "id": 13,
            "text": "1 : 키키 헐 그러면 되게 좋은 거 아니야?",
            "norm_text": "키키 헐 그러면 되게 좋은 거 아니야?",
            "speaker": {
              "id": "1번",
              "sex": "여성",
              "age": "20대"
            },
            "speechAct": "(지시) 질문하기",
            "morpheme": "키/NNG+키/NNG+헐/XSV+JKO+그러/VV+면/EC+되게/MAG+좋/VA+은/ETM+거/NNB+아니/VCN+야/EF"
          },
          {
            "id": 14,
            "text": "2 : 그래봤자 어릴 때 여가지고 ㅠㅠ 지금 생각해보면 띠가 높았으면 좋았을텐데",
            "norm_text": "그래봤자 어릴 때 여가지고 ㅠㅠ 지금 생각해보면 띠가 높았으면 좋았을텐데",
            "speaker": {
              "id": "2번",
              "sex": "여성",
              "age": "20대"
            },
            "speechAct": "(단언) 주장하기",
            "morpheme": "그래/VA+EC+봤/VX+EP+자/EC+어릴/VA+ETM+때/NNG+여/VCP+EC+가지/VX+고/EC+ㅠㅠ/UNKNOWN+지금/MAG+생각/NNG+해/XSV+EC+보/VX+면/EC+띠/NNG+가/JKS+높/VA+았/EP+으면/EC+좋/VA+았/EP+을/ETM+텐데/NNB+VCP+EC"
          },
          {
            "id": 15,
            "text": "1 : 키키 그때 무슨 띠였는데?",
            "norm_text": "키키 그때 무슨 띠였는데?",
            "speaker": {
              "id": "1번",
              "sex": "여성",
              "age": "20대"
            },
            "speechAct": "(지시) 질문하기",
            "morpheme": "키/NNG+키/NNG+그때/NNG+무슨/MM+띠/NNG+였/VCP+EP+는데/EF"
          },
          {
            "id": 16,
            "text": "1 : 검은색?",
            "norm_text": "검은색?",
            "speaker": {
              "id": "1번",
              "sex": "여성",
              "age": "20대"
            },
            "speechAct": "(지시) 질문하기",
            "morpheme": "검은색/NNG"
          },
          {
            "id": 17,
            "text": "2 : 어 아마 파란띠 였던거 같은데?",
            "norm_text": "어 아마 파란띠 였던거 같은데?",
            "speaker": {
              "id": "2번",
              "sex": "여성",
              "age": "20대"
            },
            "speechAct": "(단언) 주장하기",
            "morpheme": "어/IC+아마/MAG+파란/VA+ETM+띠/NNG+였/VCP+EP+던/ETM+거/NNB+같/VA+은데/EF"
          },
          {
            "id": 18,
            "text": "2 : 완전 초반!",
            "norm_text": "완전 초반!",
            "speaker": {
              "id": "2번",
              "sex": "여성",
              "age": "20대"
            },
            "speechAct": "(단언) 주장하기",
            "morpheme": "완전/NNG+초반/NNG"
          },
          {
            "id": 19,
            "text": "1 : 파란띠?",
            "norm_text": "파란띠?",
            "speaker": {
              "id": "1번",
              "sex": "여성",
              "age": "20대"
            },
            "speechAct": "(지시) 질문하기",
            "morpheme": "파란/VA+ETM+띠/NNG"
          },
          {
            "id": 20,
            "text": "1 : 처음에 들어갔을 때는 노란띠였나?",
            "norm_text": "처음에 들어갔을 때는 노란띠였나?",
            "speaker": {
              "id": "1번",
              "sex": "여성",
              "age": "20대"
            },
            "speechAct": "(지시) 질문하기",
            "morpheme": "처음/NNG+에/JKB+들어갔/VV+EP+을/ETM+때/NNG+는/JX+노란/VA+ETM+띠/NNG+였/VCP+EP+나/EF"
          },
          {
            "id": 21,
            "text": "2 : 노란색 아니면 흰색일 거야 둘 중 하나!",
            "norm_text": "노란색 아니면 흰색일 거야 둘 중 하나!",
            "speaker": {
              "id": "2번",
              "sex": "여성",
              "age": "20대"
            },
            "speechAct": "(단언) 주장하기",
            "morpheme": "노란색/NNG+아니/VCN+면/EC+흰색/NNG+일/VCP+ETM+거/NNB+야/VCP+EF+둘/NR+중/NNB+하나/NR"
          },
          {
            "id": 22,
            "text": "1 : 아 그렇구나",
            "norm_text": "아 그렇구나",
            "speaker": {
              "id": "1번",
              "sex": "여성",
              "age": "20대"
            },
            "speechAct": "(단언) 주장하기",
            "morpheme": "아/IC+그렇/VA+구나/EC"
          },
          {
            "id": 23,
            "text": "1 : 제일 높은 띠가 검은색이지?",
            "norm_text": "제일 높은 띠가 검은색이지?",
            "speaker": {
              "id": "1번",
              "sex": "여성",
              "age": "20대"
            },
            "speechAct": "(지시) 질문하기",
            "morpheme": "제일/MAG+높/VA+은/ETM+띠/NNG+가/JKS+검은색/NNG+이/VCP+지/EF"
          },
          {
            "id": 24,
            "text": "2 : 어 맞아",
            "norm_text": "어 맞아",
            "speaker": {
              "id": "2번",
              "sex": "여성",
              "age": "20대"
            },
            "speechAct": "(단언) 주장하기",
            "morpheme": "어/IC+맞/VV+아/EC"
          },
          {
            "id": 25,
            "text": "2 : 검은색이 높아!",
            "norm_text": "검은색이 높아!",
            "speaker": {
              "id": "2번",
              "sex": "여성",
              "age": "20대"
            },
            "speechAct": "(단언) 주장하기",
            "morpheme": "검은색/NNG+이/JKS+높/VA+아/EF"
          }
        ]
      }
    }
  ]
}