{
  "dataset": {
    "identifier": 104556,
    "name": "FACEBOOK_103_18_set",
    "src_path": "/data/file/cubeManager/PROJECT001/77/txt202110281455110090100/FACEBOOK_103_18_set/",
    "label_path": "/data/file/cubeManager/PROJECT001/77/txt202110281455110090100/FACEBOOK_103_18_set/",
    "category": 2,
    "type": 0
  },
  "licenses": {
    "name": "Apache License 1.0",
    "url": "http://www.apache.org/licenses/LICENSE-1.0"
  },
  "info": [
    {
      "id": 100483,
      "filename": "FACEBOOK_103_18.txt",
      "title": "FACEBOOK_103_18",
      "mediatype": "SNS",
      "medianame": "페이스북",
      "category": "일상대화",
      "date": "2021-10-28",
      "size": 471,
      "annotations": {
        "subject": "상거래 전반",
        "speaker_type": "1:1",
        "size": 471,
        "word_size": 165,
        "text": "1 : 나 이번에 필터 하나 올영에서 샀어!\n2 : 어때?\n2 : 좋은 거 같아?\n1 : 응 친구가 카카오톡으로 선물해 줘서 써 봤는데 좋아!\n2 : 예전에 베트남 갈 때 사서 써봤는데 색이 충격적이더라\n1 : 키키 헐 대박 나도 나중에 베트남 가면 그거 사용해야겠다!\n2 : 여기서 사용해도 색 많이 변해?\n1 : 어 3달 정도 쓰면 노랗게 변하더라!\n2 : 나도 하나 장만해야 하나\n1 : 어 올영 꺼 진짜 괜찮아 지금 할인하고 있어?\n1 :  20%인가?\n2 : 그럼 빨리 가서 사야겠어 품절 되기 전에\n1 : 어 그리고  지금 2만 원 이상 구매하면 쿠폰도 줘!\n2 : 아 그래?\n2 : 올영은 세일이랑 쿠폰이 많아서 좋아\n1 : 맞아 키키\n1 : 매월 첫째 주에 제일 많이 하잖아!\n2 : 맞아\n2 : 가서 한 달 치 화장품 다 사 와야지\n1 : 나도 그래 올영은 세일 안 하는 날 가서 사면 손해 보는 느낌이야!\n2 : 맞아\n2 : 꼭 세일 하는 날 쿠폰 가지고 가야지",
        "lines": [
          {
            "id": 1,
            "text": "1 : 나 이번에 필터 하나 올영에서 샀어!",
            "norm_text": "나 이번에 필터 하나 올영에서 샀어!",
            "speaker": {
              "id": "1번",
              "sex": "여성",
              "age": "20대"
            },
            "speechAct": "(단언) 진술하기",
            "morpheme": "나/NP+이번/NNG+에/JKB+필터/NNG+하/XSV+나올/EC+VV+ETM+영/NNG+에서/JKB+샀/VV+EP+어/EF"
          },
          {
            "id": 2,
            "text": "2 : 어때?",
            "norm_text": "어때?",
            "speaker": {
              "id": "2번",
              "sex": "여성",
              "age": "20대"
            },
            "speechAct": "(지시) 질문하기",
            "morpheme": "어때/VA+EF"
          },
          {
            "id": 3,
            "text": "2 : 좋은 거 같아?",
            "norm_text": "좋은 거 같아?",
            "speaker": {
              "id": "2번",
              "sex": "여성",
              "age": "20대"
            },
            "speechAct": "(지시) 질문하기",
            "morpheme": "좋/VA+은/ETM+거/NNB+같/VA+아/EF"
          },
          {
            "id": 4,
            "text": "1 : 응 친구가 카카오톡으로 선물해 줘서 써 봤는데 좋아!",
            "norm_text": "응 친구가 카카오톡으로 선물해 줘서 써 봤는데 좋아!",
            "speaker": {
              "id": "1번",
              "sex": "여성",
              "age": "20대"
            },
            "speechAct": "(단언) 주장하기",
            "morpheme": "응/IC+친구/NNG+가/JKS+카카오톡/NNP+으로/JKB+선물/NNG+해/XSV+EC+줘서/VX+EC+써/VV+EC+봤/VX+EP+는데/EC+좋/VA+아/EF"
          },
          {
            "id": 5,
            "text": "2 : 예전에 베트남 갈 때 사서 써봤는데 색이 충격적이더라",
            "norm_text": "예전에 베트남 갈 때 사서 써봤는데 색이 충격적이더라",
            "speaker": {
              "id": "2번",
              "sex": "여성",
              "age": "20대"
            },
            "speechAct": "(단언) 주장하기",
            "morpheme": "예전/NNG+에/JKB+베트남/NNP+갈/VV+ETM+때/NNG+사/VV+서/EC+써/VV+EC+봤/VX+EP+는데/EC+색/NNG+이/JKS+충격/NNG+적/XSN+이/VCP+더라/EC"
          },
          {
            "id": 6,
            "text": "1 : 키키 헐 대박 나도 나중에 베트남 가면 그거 사용해야겠다!",
            "norm_text": "키키 헐 대박 나도 나중에 베트남 가면 그거 사용해야겠다!",
            "speaker": {
              "id": "1번",
              "sex": "여성",
              "age": "20대"
            },
            "speechAct": "(단언) 주장하기",
            "morpheme": "키/NNG+키/NNG+헐/XSV+ETM+대박/NNG+나/NP+도/JX+나중/NNG+에/JKB+베트남/NNP+가/VV+면/EC+그거/NP+사용/NNG+해야/XSV+EC+VX+겠/EP+다/EF"
          },
          {
            "id": 7,
            "text": "2 : 여기서 사용해도 색 많이 변해?",
            "norm_text": "여기서 사용해도 색 많이 변해?",
            "speaker": {
              "id": "2번",
              "sex": "여성",
              "age": "20대"
            },
            "speechAct": "(지시) 질문하기",
            "morpheme": "여기/NP+서/JKB+사용/NNG+해도/XSV+EC+색/NNG+많이/MAG+변해/VV+EF"
          },
          {
            "id": 8,
            "text": "1 : 어 3달 정도 쓰면 노랗게 변하더라!",
            "norm_text": "어 3달 정도 쓰면 노랗게 변하더라!",
            "speaker": {
              "id": "1번",
              "sex": "여성",
              "age": "20대"
            },
            "speechAct": "(단언) 진술하기",
            "morpheme": "어/IC+3/SN+달/NNBC+정도/NNG+쓰/VV+면/EC+노랗/VA+게/EC+변하/VV+더라/EF"
          },
          {
            "id": 9,
            "text": "2 : 나도 하나 장만해야 하나",
            "norm_text": "나도 하나 장만해야 하나",
            "speaker": {
              "id": "2번",
              "sex": "여성",
              "age": "20대"
            },
            "speechAct": "(단언) 주장하기",
            "morpheme": "나/NP+도/JX+하나/NR+장/NNBC+만/JX+해야/VV+EC+하나/NR"
          },
          {
            "id": 10,
            "text": "1 : 어 올영 꺼 진짜 괜찮아 지금 할인하고 있어?",
            "norm_text": "어 올영 꺼 진짜 괜찮아 지금 할인하고 있어?",
            "speaker": {
              "id": "1번",
              "sex": "여성",
              "age": "20대"
            },
            "speechAct": "(지시) 질문하기",
            "morpheme": "어/IC+올/MM+영/NNG+꺼/VV+EF+진짜/MAG+괜찮/VA+아/EC+지금/MAG+할인/NNG+하/XSV+고/EC+있/VX+어/EF"
          },
          {
            "id": 11,
            "text": "1 :  20%인가?",
            "norm_text": "20%인가?",
            "speaker": {
              "id": "1번",
              "sex": "여성",
              "age": "20대"
            },
            "speechAct": "(지시) 질문하기",
            "morpheme": "20/SN+%/SY+인가/VCP+EF"
          },
          {
            "id": 12,
            "text": "2 : 그럼 빨리 가서 사야겠어 품절 되기 전에",
            "norm_text": "그럼 빨리 가서 사야겠어 품절 되기 전에",
            "speaker": {
              "id": "2번",
              "sex": "여성",
              "age": "20대"
            },
            "speechAct": "(단언) 주장하기",
            "morpheme": "그럼/MAJ+빨리/MAG+가/VV+서/EC+사/VV+야/EC+VX+겠/EP+어/EC+품절/NNG+되/XSV+기/ETN+전/NNG+에/JKB"
          },
          {
            "id": 13,
            "text": "1 : 어 그리고  지금 2만 원 이상 구매하면 쿠폰도 줘!",
            "norm_text": "어 그리고  지금 2만 원 이상 구매하면 쿠폰도 줘!",
            "speaker": {
              "id": "1번",
              "sex": "여성",
              "age": "20대"
            },
            "speechAct": "(단언) 진술하기",
            "morpheme": "어/IC+그리고/MAJ+지금/MAG+2/SN+만/NR+원/NNBC+이상/NNG+구매/NNG+하/XSV+면/EC+쿠폰/NNG+도/JX+줘/VV+EF"
          },
          {
            "id": 14,
            "text": "2 : 아 그래?",
            "norm_text": "아 그래?",
            "speaker": {
              "id": "2번",
              "sex": "여성",
              "age": "20대"
            },
            "speechAct": "(지시) 질문하기",
            "morpheme": "아/IC+그래/IC"
          },
          {
            "id": 15,
            "text": "2 : 올영은 세일이랑 쿠폰이 많아서 좋아",
            "norm_text": "올영은 세일이랑 쿠폰이 많아서 좋아",
            "speaker": {
              "id": "2번",
              "sex": "여성",
              "age": "20대"
            },
            "speechAct": "(단언) 주장하기",
            "morpheme": "올/MM+영/NNG+은/JX+세일/NNG+이랑/JKB+쿠폰/NNG+이/JKS+많/VA+아서/EC+좋/VA+아/EC"
          },
          {
            "id": 16,
            "text": "1 : 맞아 키키",
            "norm_text": "맞아 키키",
            "speaker": {
              "id": "1번",
              "sex": "여성",
              "age": "20대"
            },
            "speechAct": "(단언) 주장하기",
            "morpheme": "맞/VV+아/EC+키/NNG+키/XSV+ETN"
          },
          {
            "id": 17,
            "text": "1 : 매월 첫째 주에 제일 많이 하잖아!",
            "norm_text": "매월 첫째 주에 제일 많이 하잖아!",
            "speaker": {
              "id": "1번",
              "sex": "여성",
              "age": "20대"
            },
            "speechAct": "(단언) 진술하기",
            "morpheme": "매월/MAG+첫째/NR+주/NNBC+에/JKB+제일/MAG+많이/MAG+하/VV+잖아/EF"
          },
          {
            "id": 18,
            "text": "2 : 맞아",
            "norm_text": "맞아",
            "speaker": {
              "id": "2번",
              "sex": "여성",
              "age": "20대"
            },
            "speechAct": "(단언) 주장하기",
            "morpheme": "맞/VV+아/EC"
          },
          {
            "id": 19,
            "text": "2 : 가서 한 달 치 화장품 다 사 와야지",
            "norm_text": "가서 한 달 치 화장품 다 사 와야지",
            "speaker": {
              "id": "2번",
              "sex": "여성",
              "age": "20대"
            },
            "speechAct": "(단언) 주장하기",
            "morpheme": "가서한/NNP+달치/NNG+화장품/NNG+다사/NNG+와/JC+야지/NNG"
          },
          {
            "id": 20,
            "text": "1 : 나도 그래 올영은 세일 안 하는 날 가서 사면 손해 보는 느낌이야!",
            "norm_text": "나도 그래 올영은 세일 안 하는 날 가서 사면 손해 보는 느낌이야!",
            "speaker": {
              "id": "1번",
              "sex": "여성",
              "age": "20대"
            },
            "speechAct": "(단언) 주장하기",
            "morpheme": "나/NP+도/JX+그래/VA+EC+올/MM+영/NNG+은/JX+세일/NNG+안/MAG+하/VV+는/ETM+날/NNG+가/VV+서/EC+사면/NNG+손/NNG+해/XSV+EC+보/VX+는/ETM+느낌/NNG+이/VCP+야/EF"
          },
          {
            "id": 21,
            "text": "2 : 맞아",
            "norm_text": "맞아",
            "speaker": {
              "id": "2번",
              "sex": "여성",
              "age": "20대"
            },
            "speechAct": "(단언) 주장하기",
            "morpheme": "맞/VV+아/EC"
          },
          {
            "id": 22,
            "text": "2 : 꼭 세일 하는 날 쿠폰 가지고 가야지",
            "norm_text": "꼭 세일 하는 날 쿠폰 가지고 가야지",
            "speaker": {
              "id": "2번",
              "sex": "여성",
              "age": "20대"
            },
            "speechAct": "(단언) 주장하기",
            "morpheme": "꼭/MAG+세일/NNG+하/XSV+는/ETM+날/NNG+쿠폰/NNG+가지/VV+고/EC+가/VX+야지/EC"
          }
        ]
      }
    }
  ]
}