{
  "dataset": {
    "identifier": 126945,
    "name": "FACEBOOK_122_11_set",
    "src_path": "/data/file/cubeManager/PROJECT001/84/txt20211104181832007294/FACEBOOK_122_11_set/",
    "label_path": "/data/file/cubeManager/PROJECT001/84/txt20211104181832007294/FACEBOOK_122_11_set/",
    "category": 2,
    "type": 0
  },
  "licenses": {
    "name": "Apache License 1.0",
    "url": "http://www.apache.org/licenses/LICENSE-1.0"
  },
  "info": [
    {
      "id": 137579,
      "filename": "FACEBOOK_122_11.txt",
      "title": "FACEBOOK_122_11",
      "mediatype": "SNS",
      "medianame": "페이스북",
      "category": "일상대화",
      "date": "2021-11-04",
      "size": 390,
      "annotations": {
        "subject": "게임",
        "speaker_type": "1:1",
        "size": 390,
        "word_size": 140,
        "text": "1 : 게임 뭐 좋아 한다 했지?\n2 : 나 롤 좋아해 협곡\n1 : 아 소환사의 협곡 키키\n1 : 나도 그거 해봤어\n2 : 협곡에 오신 걸 환영합니다 키키\n2 : 너는?\n1 : 나는 항상 서폿했어 키키\n1 : 포지션 뭐야?\n2 : 여자들은 보통 무슨 게임을 많이 하지\n1 : 나도 롤이나 오버워치 하는 거 좋아해\n2 : 아 진짜 여자들도 많이 하는구나\n1 : 응 키키 그런 전략 게임 자주 했어\n2 : 진짜 나는 여자친구보다 게임을 못해 키키\n1 : 헐 키키 오빠 와서 힐이나 해줘 키키 서폿 고고\n2 : 남자인 내가 맨날 진다니까 키키\n1 : 키키 게임 더 배워와라 나도 내가 남친 보다 더 잘함\n2 : 나 좀 알려줘 봐 열심히 배울게 키키\n1 : 그래 키키 유튜브 보고 많이 따라 해봐\n2 : 아 진짜 나중에 한번 만나서 뜨자",
        "lines": [
          {
            "id": 1,
            "text": "1 : 게임 뭐 좋아 한다 했지?",
            "norm_text": "게임 뭐 좋아 한다 했지?",
            "speaker": {
              "id": "1번",
              "sex": "여성",
              "age": "20대"
            },
            "speechAct": "(지시) 질문하기",
            "morpheme": "게임/NNG+뭐/IC+좋/VA+아/EC+한다/VX+EC+했/VX+EP+지/EF"
          },
          {
            "id": 2,
            "text": "2 : 나 롤 좋아해 협곡",
            "norm_text": "나 롤 좋아해 협곡",
            "speaker": {
              "id": "2번",
              "sex": "남성",
              "age": "20대"
            },
            "speechAct": "(단언) 주장하기",
            "morpheme": "나/NP+롤/JKB+좋/VA+아/EC+해/VV+EC+협곡/NNG"
          },
          {
            "id": 3,
            "text": "1 : 아 소환사의 협곡 키키",
            "norm_text": "아 소환사의 협곡 키키",
            "speaker": {
              "id": "1번",
              "sex": "여성",
              "age": "20대"
            },
            "speechAct": "(단언) 주장하기",
            "morpheme": "아소/IC+환사/NNG+의/JKG+협곡/NNG+키/NNG+키/XSV+ETN"
          },
          {
            "id": 4,
            "text": "1 : 나도 그거 해봤어",
            "norm_text": "나도 그거 해봤어",
            "speaker": {
              "id": "1번",
              "sex": "여성",
              "age": "20대"
            },
            "speechAct": "(단언) 주장하기",
            "morpheme": "나/NP+도/JX+그거/NP+해/VV+EC+봤/VX+EP+어/EC"
          },
          {
            "id": 5,
            "text": "2 : 협곡에 오신 걸 환영합니다 키키",
            "norm_text": "협곡에 오신 걸 환영합니다 키키",
            "speaker": {
              "id": "2번",
              "sex": "남성",
              "age": "20대"
            },
            "speechAct": "(단언) 주장하기",
            "morpheme": "협곡/NNG+에/JKB+오/VV+신/EP+ETM+걸/NNB+JKO+환영/NNG+합니다/XSV+EF+키/NNG+키/XSV+ETN"
          },
          {
            "id": 6,
            "text": "2 : 너는?",
            "norm_text": "너는?",
            "speaker": {
              "id": "2번",
              "sex": "남성",
              "age": "20대"
            },
            "speechAct": "(지시) 질문하기",
            "morpheme": "너/NP+는/JX"
          },
          {
            "id": 7,
            "text": "1 : 나는 항상 서폿했어 키키",
            "norm_text": "나는 항상 서폿했어 키키",
            "speaker": {
              "id": "1번",
              "sex": "여성",
              "age": "20대"
            },
            "speechAct": "(단언) 주장하기",
            "morpheme": "나/NP+는/JX+항상/MAG+서폿/UNKNOWN+했/VV+EP+어/EC+키/NNG+키/XSV+ETN"
          },
          {
            "id": 8,
            "text": "1 : 포지션 뭐야?",
            "norm_text": "포지션 뭐야?",
            "speaker": {
              "id": "1번",
              "sex": "여성",
              "age": "20대"
            },
            "speechAct": "(지시) 질문하기",
            "morpheme": "포지션/NNG+뭐/NP+야/VCP+EF"
          },
          {
            "id": 9,
            "text": "2 : 여자들은 보통 무슨 게임을 많이 하지",
            "norm_text": "여자들은 보통 무슨 게임을 많이 하지",
            "speaker": {
              "id": "2번",
              "sex": "남성",
              "age": "20대"
            },
            "speechAct": "(지시) 질문하기",
            "morpheme": "여자/NNG+들/XSN+은/JX+보통/NNG+무슨/MM+게임/NNG+을/JKO+많이/MAG+하/VV+지/EC"
          },
          {
            "id": 10,
            "text": "1 : 나도 롤이나 오버워치 하는 거 좋아해",
            "norm_text": "나도 롤이나 오버워치 하는 거 좋아해",
            "speaker": {
              "id": "1번",
              "sex": "여성",
              "age": "20대"
            },
            "speechAct": "(단언) 주장하기",
            "morpheme": "나도롤/NNP+이나/JC+오버/NNG+워치/NNP+하/VV+는/ETM+거/NNB+좋/VA+아/EC+해/VV+EC"
          },
          {
            "id": 11,
            "text": "2 : 아 진짜 여자들도 많이 하는구나",
            "norm_text": "아 진짜 여자들도 많이 하는구나",
            "speaker": {
              "id": "2번",
              "sex": "남성",
              "age": "20대"
            },
            "speechAct": "(단언) 주장하기",
            "morpheme": "아/IC+진짜/MAG+여자/NNG+들/XSN+도/JX+많이/MAG+하/VV+는구나/EC"
          },
          {
            "id": 12,
            "text": "1 : 응 키키 그런 전략 게임 자주 했어",
            "norm_text": "응 키키 그런 전략 게임 자주 했어",
            "speaker": {
              "id": "1번",
              "sex": "여성",
              "age": "20대"
            },
            "speechAct": "(단언) 주장하기",
            "morpheme": "응/IC+키키/NNP+그런/MM+전략/NNG+게임/NNG+자주/MAG+했/VV+EP+어/EC"
          },
          {
            "id": 13,
            "text": "2 : 진짜 나는 여자친구보다 게임을 못해 키키",
            "norm_text": "진짜 나는 여자친구보다 게임을 못해 키키",
            "speaker": {
              "id": "2번",
              "sex": "남성",
              "age": "20대"
            },
            "speechAct": "(단언) 주장하기",
            "morpheme": "진짜/MAG+나/NP+는/JX+여자/NNG+친구/NNG+보다/JKB+게임/NNG+을/JKO+못/MAG+해/VV+EC+키/NNG+키/XSV+ETN"
          },
          {
            "id": 14,
            "text": "1 : 헐 키키 오빠 와서 힐이나 해줘 키키 서폿 고고",
            "norm_text": "헐 키키 오빠 와서 힐이나 해줘 키키 서폿 고고",
            "speaker": {
              "id": "1번",
              "sex": "여성",
              "age": "20대"
            },
            "speechAct": "(단언) 주장하기",
            "morpheme": "헐/IC+키/NNG+키/NNG+오빠/NNG+와서/VV+EC+힐/NNG+이나/JX+해/VV+EC+줘/VX+EC+키/NNG+키/VV+서/EC+폿고/UNKNOWN+고/EC"
          },
          {
            "id": 15,
            "text": "2 : 남자인 내가 맨날 진다니까 키키",
            "norm_text": "남자인 내가 맨날 진다니까 키키",
            "speaker": {
              "id": "2번",
              "sex": "남성",
              "age": "20대"
            },
            "speechAct": "(단언) 주장하기",
            "morpheme": "남자/NNG+인/VCP+ETM+내/NP+가/JKS+맨날/MAG+진다/NNG+니까/VCP+EC+키/NNG+키/XSV+ETN"
          },
          {
            "id": 16,
            "text": "1 : 키키 게임 더 배워와라 나도 내가 남친 보다 더 잘함",
            "norm_text": "키키 게임 더 배워와라 나도 내가 남친 보다 더 잘함",
            "speaker": {
              "id": "1번",
              "sex": "여성",
              "age": "20대"
            },
            "speechAct": "(단언) 주장하기",
            "morpheme": "키/NNG+키/NNG+게임/NNG+더/MAG+배워/VV+EC+와라/VX+EF+나/NP+도/JX+내/NP+가/JKS+남친/NNG+보다/JKB+더/MAG+잘/MAG+함/XSA+ETN"
          },
          {
            "id": 17,
            "text": "2 : 나 좀 알려줘 봐 열심히 배울게 키키",
            "norm_text": "나 좀 알려줘 봐 열심히 배울게 키키",
            "speaker": {
              "id": "2번",
              "sex": "남성",
              "age": "20대"
            },
            "speechAct": "(단언) 주장하기",
            "morpheme": "나/NP+좀/MAG+알려줘/VV+EC+VX+EC+봐/VX+EF+열심히/MAG+배울/VV+ETM+게/NNB+JKS+키/NNG+키/XSV+ETN"
          },
          {
            "id": 18,
            "text": "1 : 그래 키키 유튜브 보고 많이 따라 해봐",
            "norm_text": "그래 키키 유튜브 보고 많이 따라 해봐",
            "speaker": {
              "id": "1번",
              "sex": "여성",
              "age": "20대"
            },
            "speechAct": "(단언) 주장하기",
            "morpheme": "그래/IC+키키/NNP+유튜브/NNP+보고/JKB+많이/MAG+따라/VV+EC+해/VV+EC+봐/VX+EC"
          },
          {
            "id": 19,
            "text": "2 : 아 진짜 나중에 한번 만나서 뜨자",
            "norm_text": "아 진짜 나중에 한번 만나서 뜨자",
            "speaker": {
              "id": "2번",
              "sex": "남성",
              "age": "20대"
            },
            "speechAct": "(단언) 주장하기",
            "morpheme": "아/IC+진짜/MAG+나중/NNG+에/JKB+한/MM+번/NNBC+만나/VV+서/EC+뜨/VV+자/EC"
          }
        ]
      }
    }
  ]
}