{
  "dataset": {
    "identifier": 117637,
    "name": "FACEBOOK_117_05_set",
    "src_path": "/data/file/cubeManager/PROJECT001/80/txt20211102103331033477/FACEBOOK_117_05_set/",
    "label_path": "/data/file/cubeManager/PROJECT001/80/txt20211102103331033477/FACEBOOK_117_05_set/",
    "category": 2,
    "type": 0
  },
  "licenses": {
    "name": "Apache License 1.0",
    "url": "http://www.apache.org/licenses/LICENSE-1.0"
  },
  "info": [
    {
      "id": 129648,
      "filename": "FACEBOOK_117_05.txt",
      "title": "FACEBOOK_117_05",
      "mediatype": "SNS",
      "medianame": "페이스북",
      "category": "일상대화",
      "date": "2021-11-02",
      "size": 440,
      "annotations": {
        "subject": "군대",
        "speaker_type": "1:1",
        "size": 440,
        "word_size": 146,
        "text": "1 : 언니는 직군이랑 사귀어본 적 있어?\n2 : 나 직군 만나봤는데 사귀진 못하겠더라\n1 : 키키 왜 안 좋게 헤어졌어?\n2 : 아니 그냥 멀기도 하고 재미도 없고\n1 : 아 진짜? 내 친구 논산 사람인데 남친이 이번에 강원도로 발령 났대!\n2 : 그럼 곧 이별 아냐?...\n1 : 아니 그래서 내 친구가 강원도로 가기로 했어,\n2 : 에? 결혼할 건가 보네\n1 : 어 맞아, 내년 10월에 결혼한대,\n1 : 군인도 결혼식장이 따로 있더라! ?\n2 : 군인도? 안 좋을 것 같은데 ㅜㅜ\n1 : 어 맞아 군인 전용 결혼식장? 그런 게 있는데 거기서는 안 한대!\n2 : 그럼 그냥 따로 하는 게 낫지 맞아\n1 : 키키 맞아 인생에 한 번뿐인 결혼식인데 제일 좋은 곳에서 해야지!\n2 : 맞아 결혼식 욕심은 나도 날 것 같아\n1 : 키키 맞아 째뜬 그 직군 오빠한테 내 친구 뺐겼어,\n2 : 좋겠다 근데 결혼 빨리 하네",
        "lines": [
          {
            "id": 1,
            "text": "1 : 언니는 직군이랑 사귀어본 적 있어?",
            "norm_text": "언니는 직군이랑 사귀어본 적 있어?",
            "speaker": {
              "id": "1번",
              "sex": "여성",
              "age": "20대"
            },
            "speechAct": "(지시) 질문하기",
            "morpheme": "언니/NNG+는/JX+직군/NNG+이랑/JKB+사귀/VV+어/EC+본/VX+ETM+적/NNB+있/VA+어/EF"
          },
          {
            "id": 2,
            "text": "2 : 나 직군 만나봤는데 사귀진 못하겠더라",
            "norm_text": "나 직군 만나봤는데 사귀진 못하겠더라",
            "speaker": {
              "id": "2번",
              "sex": "여성",
              "age": "20대"
            },
            "speechAct": "(단언) 주장하기",
            "morpheme": "나/NP+직군/NNG+만나/VV+EC+봤/VX+EP+는데/EC+사귀/VV+진/EC+JX+못하/VX+겠/EP+더라/EC"
          },
          {
            "id": 3,
            "text": "1 : 키키 왜 안 좋게 헤어졌어?",
            "norm_text": "키키 왜 안 좋게 헤어졌어?",
            "speaker": {
              "id": "1번",
              "sex": "여성",
              "age": "20대"
            },
            "speechAct": "(지시) 질문하기",
            "morpheme": "키/NNG+키/XSV+ETN+왜/MAG+안/MAG+좋/VA+게/EC+헤어졌/VV+EP+어/EF"
          },
          {
            "id": 4,
            "text": "2 : 아니 그냥 멀기도 하고 재미도 없고",
            "norm_text": "아니 그냥 멀기도 하고 재미도 없고",
            "speaker": {
              "id": "2번",
              "sex": "여성",
              "age": "20대"
            },
            "speechAct": "(단언) 주장하기",
            "morpheme": "아니/IC+그냥/MAG+멀/VA+기/ETN+도/JX+하/VV+고/EC+재미/NNG+도/JX+없/VA+고/EC"
          },
          {
            "id": 5,
            "text": "1 : 아 진짜? 내 친구 논산 사람인데 남친이 이번에 강원도로 발령 났대!",
            "norm_text": "아 진짜? 내 친구 논산 사람인데 남친이 이번에 강원도로 발령 났대!",
            "speaker": {
              "id": "1번",
              "sex": "여성",
              "age": "20대"
            },
            "speechAct": "(단언) 진술하기",
            "morpheme": "아/IC+진짜/MAG+내친구논산사람인데남친이이번에강원도로발령났대/UNKNOWN"
          },
          {
            "id": 6,
            "text": "2 : 그럼 곧 이별 아냐?...",
            "norm_text": "그럼 곧 이별 아냐?...",
            "speaker": {
              "id": "2번",
              "sex": "여성",
              "age": "20대"
            },
            "speechAct": "(단언) 주장하기",
            "morpheme": "그럼/MAJ+곧/MAG+이별/NNG+아냐/VCN+EF+./SY+./SY"
          },
          {
            "id": 7,
            "text": "1 : 아니 그래서 내 친구가 강원도로 가기로 했어,",
            "norm_text": "아니 그래서 내 친구가 강원도로 가기로 했어,",
            "speaker": {
              "id": "1번",
              "sex": "여성",
              "age": "20대"
            },
            "speechAct": "(단언) 진술하기",
            "morpheme": "아니/IC+그래서/MAJ+내/MM+친구/NNG+가/JKS+강원도/NNP+로/JKB+가/VV+기/ETN+로/JKB+했/VV+EP+어/EF+,/SC"
          },
          {
            "id": 8,
            "text": "2 : 에? 결혼할 건가 보네",
            "norm_text": "에? 결혼할 건가 보네",
            "speaker": {
              "id": "2번",
              "sex": "여성",
              "age": "20대"
            },
            "speechAct": "(단언) 주장하기",
            "morpheme": "에/IC+결혼/NNG+할/XSV+ETM+건가/NNB+VCP+EC+보/VX+네/EC"
          },
          {
            "id": 9,
            "text": "1 : 어 맞아, 내년 10월에 결혼한대,",
            "norm_text": "어 맞아, 내년 10월에 결혼한대,",
            "speaker": {
              "id": "1번",
              "sex": "여성",
              "age": "20대"
            },
            "speechAct": "(단언) 진술하기",
            "morpheme": "어/IC+맞아/IC+,/SC+내년/NNG+10/SN+월/NNBC+에/JKB+결혼/NNG+한대/XSV+EF+,/SC"
          },
          {
            "id": 10,
            "text": "1 : 군인도 결혼식장이 따로 있더라! ?",
            "norm_text": "군인도 결혼식장이 따로 있더라! ?",
            "speaker": {
              "id": "1번",
              "sex": "여성",
              "age": "20대"
            },
            "speechAct": "(단언) 주장하기",
            "morpheme": "군인/NNG+도/JX+결혼식장/NNG+이/JKS+따로/MAG+있/VV+더라/EC+!/SY"
          },
          {
            "id": 11,
            "text": "2 : 군인도? 안 좋을 것 같은데 ㅜㅜ",
            "norm_text": "군인도? 안 좋을 것 같은데 ㅜㅜ",
            "speaker": {
              "id": "2번",
              "sex": "여성",
              "age": "20대"
            },
            "speechAct": "(단언) 주장하기",
            "morpheme": "군인/NNG+도/JX+안/MAG+좋/VA+을/ETM+것/NNB+같/VA+은데/EC+ㅜㅜ/UNKNOWN"
          },
          {
            "id": 12,
            "text": "1 : 어 맞아 군인 전용 결혼식장? 그런 게 있는데 거기서는 안 한대!",
            "norm_text": "어 맞아 군인 전용 결혼식장? 그런 게 있는데 거기서는 안 한대!",
            "speaker": {
              "id": "1번",
              "sex": "여성",
              "age": "20대"
            },
            "speechAct": "(단언) 진술하기",
            "morpheme": "어/IC+맞/VV+아/EC+군인전/NNG+용/XSN+결혼식장/NNG+그런/MM+게/NNB+JKS+있/VA+는데/EC+거기/NP+서/JKB+는/JX+안/MAG+한대/VV+EF"
          },
          {
            "id": 13,
            "text": "2 : 그럼 그냥 따로 하는 게 낫지 맞아",
            "norm_text": "그럼 그냥 따로 하는 게 낫지 맞아",
            "speaker": {
              "id": "2번",
              "sex": "여성",
              "age": "20대"
            },
            "speechAct": "(단언) 주장하기",
            "morpheme": "그럼/MAJ+그냥/MAG+따로/MAG+하/VV+는/ETM+게/NNB+JKS+낫/VA+지/EC+맞/VV+아/EC"
          },
          {
            "id": 14,
            "text": "1 : 키키 맞아 인생에 한 번뿐인 결혼식인데 제일 좋은 곳에서 해야지!",
            "norm_text": "키키 맞아 인생에 한 번뿐인 결혼식인데 제일 좋은 곳에서 해야지!",
            "speaker": {
              "id": "1번",
              "sex": "여성",
              "age": "20대"
            },
            "speechAct": "(단언) 주장하기",
            "morpheme": "키/NNG+키/XSV+ETN+맞/VV+아/EC+인생/NNG+에/JKB+한/MM+번/NNBC+뿐/JX+인/VCP+ETM+결혼식/NNG+인데/VCP+EC+제일/MAG+좋/VA+은/ETM+곳/NNG+에서/JKB+해야지/VV+EF"
          },
          {
            "id": 15,
            "text": "2 : 맞아 결혼식 욕심은 나도 날 것 같아",
            "norm_text": "맞아 결혼식 욕심은 나도 날 것 같아",
            "speaker": {
              "id": "2번",
              "sex": "여성",
              "age": "20대"
            },
            "speechAct": "(단언) 주장하기",
            "morpheme": "맞/VV+아/EC+결혼식/NNG+욕심/NNG+은/JX+나/NP+도/JX+날/VV+ETM+것/NNB+같/VA+아/EC"
          },
          {
            "id": 16,
            "text": "1 : 키키 맞아 째뜬 그 직군 오빠한테 내 친구 뺐겼어,",
            "norm_text": "키키 맞아 째뜬 그 직군 오빠한테 내 친구 뺐겼어,",
            "speaker": {
              "id": "1번",
              "sex": "여성",
              "age": "20대"
            },
            "speechAct": "(단언) 주장하기",
            "morpheme": "키키맞아째뜬그직군오빠한테내친구뺐겼어/UNKNOWN+,/SC"
          },
          {
            "id": 17,
            "text": "2 : 좋겠다 근데 결혼 빨리 하네",
            "norm_text": "좋겠다 근데 결혼 빨리 하네",
            "speaker": {
              "id": "2번",
              "sex": "여성",
              "age": "20대"
            },
            "speechAct": "(단언) 주장하기",
            "morpheme": "좋/VA+겠/EP+다/EF+근데/MAJ+결혼/NNG+빨리/MAG+하/VV+네/EC"
          }
        ]
      }
    }
  ]
}