{
  "dataset": {
    "identifier": 112554,
    "name": "FACEBOOK_112_11_set",
    "src_path": "/data/file/cubeManager/PROJECT001/80/txt20211103154237030933/FACEBOOK_112_11_set/",
    "label_path": "/data/file/cubeManager/PROJECT001/80/txt20211103154237030933/FACEBOOK_112_11_set/",
    "category": 2,
    "type": 0
  },
  "licenses": {
    "name": "Apache License 1.0",
    "url": "http://www.apache.org/licenses/LICENSE-1.0"
  },
  "info": [
    {
      "id": 135346,
      "filename": "FACEBOOK_112_11.txt",
      "title": "FACEBOOK_112_11",
      "mediatype": "SNS",
      "medianame": "페이스북",
      "category": "일상대화",
      "date": "2021-11-03",
      "size": 460,
      "annotations": {
        "subject": "게임",
        "speaker_type": "1:1",
        "size": 460,
        "word_size": 156,
        "text": "1 : 언니 어릴 때 주로 무슨 놀이했어?\n2 : 나 아기사방\n2 : 너 아기사방 해봄?\n1 : 헐 키키 그거 논산 시민공원에 있는 거 알아?\n2 : 맞아 거기 그림 그려져 있지\n1 : 맞아 키키\n1 : 나 그거 해봤는데 허리가 아프더라\n2 : 키키 그건 돌맹이로 그려서 하는게 원조지\n1 : 아 인정 키키 완전 크게 해야겠더라고!\n2 : 맞아 넌 어렸을 때 뭐했는데?\n1 : 나는 일단 애들이랑 무궁화꽃이피었습니다.!\n2 : 키키 맞아 그거 많이 했지\n2 : 탈출 해봄?\n1 : 탈출?\n1 : 그거 뭐였지?\n1 : 아는 거 같은데?\n2 : 기억 안나?\n2 : 놀이터에서 하는 거 있잖아\n1 : 놀이터인데 그거 룰이 어떻게 됐지?\n2 : 그거 한 명이 하고 뭐 하는거 였는데 와 기억 안남\n1 : 그게 얼음땡 같은 거였나?\n1 : 비슷한가?\n2 : 맞아 약간 그런거 키키 가물가물하다\n1 : 키키 맞아 맴찢이고 추억이다 늙었어 ㅜㅜ\n2 : 늙었다 우리 진짜 아줌마야",
        "lines": [
          {
            "id": 1,
            "text": "1 : 언니 어릴 때 주로 무슨 놀이했어?",
            "norm_text": "언니 어릴 때 주로 무슨 놀이했어?",
            "speaker": {
              "id": "1번",
              "sex": "여성",
              "age": "20대"
            },
            "speechAct": "(지시) 질문하기",
            "morpheme": "언니/NNG+어릴/VA+ETM+때/NNG+주로/MAG+무슨/MM+놀이/NNG+했/XSV+EP+어/EF"
          },
          {
            "id": 2,
            "text": "2 : 나 아기사방",
            "norm_text": "나 아기사방",
            "speaker": {
              "id": "2번",
              "sex": "여성",
              "age": "20대"
            },
            "speechAct": "(단언) 주장하기",
            "morpheme": "나/NP+아기/NNG+사방/NNG"
          },
          {
            "id": 3,
            "text": "2 : 너 아기사방 해봄?",
            "norm_text": "너 아기사방 해봄?",
            "speaker": {
              "id": "2번",
              "sex": "여성",
              "age": "20대"
            },
            "speechAct": "(지시) 질문하기",
            "morpheme": "너/NP+아기/NNG+사방/NNG+해봄/XSV+EC+VX+ETN"
          },
          {
            "id": 4,
            "text": "1 : 헐 키키 그거 논산 시민공원에 있는 거 알아?",
            "norm_text": "헐 키키 그거 논산 시민공원에 있는 거 알아?",
            "speaker": {
              "id": "1번",
              "sex": "여성",
              "age": "20대"
            },
            "speechAct": "(지시) 질문하기",
            "morpheme": "헐/IC+키/NNG+키/XSV+ETN+그거/NP+논산/NNP+시민/NNG+공원/NNG+에/JKB+있/VV+는/ETM+거/NNB+알/VV+아/EF"
          },
          {
            "id": 5,
            "text": "2 : 맞아 거기 그림 그려져 있지",
            "norm_text": "맞아 거기 그림 그려져 있지",
            "speaker": {
              "id": "2번",
              "sex": "여성",
              "age": "20대"
            },
            "speechAct": "(단언) 주장하기",
            "morpheme": "맞/VV+아/EC+거기/NP+그림/NNG+그려져/VV+EC+VX+EC+있/VX+지/EC"
          },
          {
            "id": 6,
            "text": "1 : 맞아 키키",
            "norm_text": "맞아 키키",
            "speaker": {
              "id": "1번",
              "sex": "여성",
              "age": "20대"
            },
            "speechAct": "(단언) 주장하기",
            "morpheme": "맞/VV+아/EC+키/NNG+키/XSV+ETN"
          },
          {
            "id": 7,
            "text": "1 : 나 그거 해봤는데 허리가 아프더라",
            "norm_text": "나 그거 해봤는데 허리가 아프더라",
            "speaker": {
              "id": "1번",
              "sex": "여성",
              "age": "20대"
            },
            "speechAct": "(단언) 주장하기",
            "morpheme": "나/NP+그거/NP+해/VV+EC+봤/VX+EP+는데/EC+허리/NNG+가/JKS+아프/VA+더라/EC"
          },
          {
            "id": 8,
            "text": "2 : 키키 그건 돌맹이로 그려서 하는게 원조지",
            "norm_text": "키키 그건 돌맹이로 그려서 하는게 원조지",
            "speaker": {
              "id": "2번",
              "sex": "여성",
              "age": "20대"
            },
            "speechAct": "(단언) 주장하기",
            "morpheme": "키/NNG+키/XSV+ETN+그건/NP+JX+돌/NNG+맹이/NNG+로/JKB+그려서/VV+EC+하/VV+는/ETM+게/NNB+JKS+원조/NNG+지/VCP+EC"
          },
          {
            "id": 9,
            "text": "1 : 아 인정 키키 완전 크게 해야겠더라고!",
            "norm_text": "아 인정 키키 완전 크게 해야겠더라고!",
            "speaker": {
              "id": "1번",
              "sex": "여성",
              "age": "20대"
            },
            "speechAct": "(단언) 주장하기",
            "morpheme": "아/IC+인정/NNG+키/NNG+키/XSV+ETN+완전/MAG+크/VA+게/EC+해야/VX+EC+VX+겠/EP+더라고/EF"
          },
          {
            "id": 10,
            "text": "2 : 맞아 넌 어렸을 때 뭐했는데?",
            "norm_text": "맞아 넌 어렸을 때 뭐했는데?",
            "speaker": {
              "id": "2번",
              "sex": "여성",
              "age": "20대"
            },
            "speechAct": "(지시) 질문하기",
            "morpheme": "맞/VV+아/EC+넌/NP+JX+어렸/VA+EP+을/ETM+때/NNG+뭐/IC+했/VV+EP+는데/EF"
          },
          {
            "id": 11,
            "text": "1 : 나는 일단 애들이랑 무궁화꽃이피었습니다.!",
            "norm_text": "나는 일단 애들이랑 무궁화꽃이피었습니다.!",
            "speaker": {
              "id": "1번",
              "sex": "여성",
              "age": "20대"
            },
            "speechAct": "(단언) 주장하기",
            "morpheme": "나/NP+는/JX+일단/MAG+애/NNG+들/XSN+이랑/JKB+무궁화/NNG+꽃/NNG+이/JKS+피/VV+었/EP+습니다/EF+./SY"
          },
          {
            "id": 12,
            "text": "2 : 키키 맞아 그거 많이 했지",
            "norm_text": "키키 맞아 그거 많이 했지",
            "speaker": {
              "id": "2번",
              "sex": "여성",
              "age": "20대"
            },
            "speechAct": "(단언) 주장하기",
            "morpheme": "키/NNG+키/XSV+ETN+맞/VV+아/EC+그거/NP+많이/MAG+했/VV+EP+지/EC"
          },
          {
            "id": 13,
            "text": "2 : 탈출 해봄?",
            "norm_text": "탈출 해봄?",
            "speaker": {
              "id": "2번",
              "sex": "여성",
              "age": "20대"
            },
            "speechAct": "(지시) 질문하기",
            "morpheme": "탈출/NNG+해봄/XSV+EC+VX+ETN"
          },
          {
            "id": 14,
            "text": "1 : 탈출?",
            "norm_text": "탈출?",
            "speaker": {
              "id": "1번",
              "sex": "여성",
              "age": "20대"
            },
            "speechAct": "(지시) 질문하기",
            "morpheme": "탈출/NNG"
          },
          {
            "id": 15,
            "text": "1 : 그거 뭐였지?",
            "norm_text": "그거 뭐였지?",
            "speaker": {
              "id": "1번",
              "sex": "여성",
              "age": "20대"
            },
            "speechAct": "(지시) 질문하기",
            "morpheme": "그거/NP+뭐/NP+였/VCP+EP+지/EF"
          },
          {
            "id": 16,
            "text": "1 : 아는 거 같은데?",
            "norm_text": "아는 거 같은데?",
            "speaker": {
              "id": "1번",
              "sex": "여성",
              "age": "20대"
            },
            "speechAct": "(단언) 주장하기",
            "morpheme": "아/VV+는/ETM+거/NNB+같/VA+은데/EF"
          },
          {
            "id": 17,
            "text": "2 : 기억 안나?",
            "norm_text": "기억 안나?",
            "speaker": {
              "id": "2번",
              "sex": "여성",
              "age": "20대"
            },
            "speechAct": "(지시) 질문하기",
            "morpheme": "기억/NNG+안/MAG+나/VV+EF"
          },
          {
            "id": 18,
            "text": "2 : 놀이터에서 하는 거 있잖아",
            "norm_text": "놀이터에서 하는 거 있잖아",
            "speaker": {
              "id": "2번",
              "sex": "여성",
              "age": "20대"
            },
            "speechAct": "(단언) 주장하기",
            "morpheme": "놀이터/NNG+에서/JKB+하/VV+는/ETM+거/NNB+있/VA+잖아/EC"
          },
          {
            "id": 19,
            "text": "1 : 놀이터인데 그거 룰이 어떻게 됐지?",
            "norm_text": "놀이터인데 그거 룰이 어떻게 됐지?",
            "speaker": {
              "id": "1번",
              "sex": "여성",
              "age": "20대"
            },
            "speechAct": "(지시) 질문하기",
            "morpheme": "놀이터/NNG+인데/VCP+EC+그거/NP+룰/NNG+이/JKS+어떻게/MAG+됐/VV+EP+지/EF"
          },
          {
            "id": 20,
            "text": "2 : 그거 한 명이 하고 뭐 하는거 였는데 와 기억 안남",
            "norm_text": "그거 한 명이 하고 뭐 하는거 였는데 와 기억 안남",
            "speaker": {
              "id": "2번",
              "sex": "여성",
              "age": "20대"
            },
            "speechAct": "(단언) 주장하기",
            "morpheme": "그거/NP+한/MM+명/NNBC+이/JKS+하/VV+고/EC+뭐/IC+하/VV+는/ETM+거/NNB+였/VCP+EP+는/ETM+데/NNB+와/JKB+기억/NNG+안/MAG+남/VV+EC"
          },
          {
            "id": 21,
            "text": "1 : 그게 얼음땡 같은 거였나?",
            "norm_text": "그게 얼음땡 같은 거였나?",
            "speaker": {
              "id": "1번",
              "sex": "여성",
              "age": "20대"
            },
            "speechAct": "(지시) 질문하기",
            "morpheme": "그게/NP+JKS+얼음/NNG+땡/MAG+같/VA+은/ETM+거/NNB+였/VCP+EP+나/EF"
          },
          {
            "id": 22,
            "text": "1 : 비슷한가?",
            "norm_text": "비슷한가?",
            "speaker": {
              "id": "1번",
              "sex": "여성",
              "age": "20대"
            },
            "speechAct": "(지시) 질문하기",
            "morpheme": "비슷/XR+한가/XSA+EF"
          },
          {
            "id": 23,
            "text": "2 : 맞아 약간 그런거 키키 가물가물하다",
            "norm_text": "맞아 약간 그런거 키키 가물가물하다",
            "speaker": {
              "id": "2번",
              "sex": "여성",
              "age": "20대"
            },
            "speechAct": "(단언) 주장하기",
            "morpheme": "맞/VV+아/EC+약간/MAG+그런/VA+ETM+거/NNB+키/NNG+키가/XSV+ETN+JKS+물가/NNG+물/NNG+하/XSV+다/EC"
          },
          {
            "id": 24,
            "text": "1 : 키키 맞아 맴찢이고 추억이다 늙었어 ㅜㅜ",
            "norm_text": "키키 맞아 맴찢이고 추억이다 늙었어 ㅜㅜ",
            "speaker": {
              "id": "1번",
              "sex": "여성",
              "age": "20대"
            },
            "speechAct": "(단언) 주장하기",
            "morpheme": "키/NNG+키/XSV+ETN+맞/VV+아/EC+맴/MAG+찢/MAG+이/VCP+고/EC+추억/NNG+이/JKS+다/MAG+늙/VV+었/EP+어/EF+ㅜㅜ/UNKNOWN"
          },
          {
            "id": 25,
            "text": "2 : 늙었다 우리 진짜 아줌마야",
            "norm_text": "늙었다 우리 진짜 아줌마야",
            "speaker": {
              "id": "2번",
              "sex": "여성",
              "age": "20대"
            },
            "speechAct": "(단언) 주장하기",
            "morpheme": "늙/VV+었/EP+다/EF+우리/NP+진짜/MAG+아줌마/NNG+야/VCP+EF"
          }
        ]
      }
    }
  ]
}