{
  "dataset": {
    "identifier": 112203,
    "name": "FACEBOOK_113_06_set",
    "src_path": "/data/file/cubeManager/PROJECT001/80/txt20211103154237040374/FACEBOOK_113_06_set/",
    "label_path": "/data/file/cubeManager/PROJECT001/80/txt20211103154237040374/FACEBOOK_113_06_set/",
    "category": 2,
    "type": 0
  },
  "licenses": {
    "name": "Apache License 1.0",
    "url": "http://www.apache.org/licenses/LICENSE-1.0"
  },
  "info": [
    {
      "id": 135361,
      "filename": "FACEBOOK_113_06.txt",
      "title": "FACEBOOK_113_06",
      "mediatype": "SNS",
      "medianame": "페이스북",
      "category": "일상대화",
      "date": "2021-11-03",
      "size": 473,
      "annotations": {
        "subject": "교육",
        "speaker_type": "1:1",
        "size": 473,
        "word_size": 160,
        "text": "1 : 언니 드럼이라는 악기 알아?\n2 : 키키 알지 왜 몰라 나 바보 아님\n1 : 키키 아앗 아니었네~?\n1 : 나 어렸을 때 이거 진짜 배워보고 싶었어!\n2 : 드럼 멋있었지\n2 : 맞아 나도 그런 로망이 있었던 거 같아\n1 : 맞아 키키 초딩 때 내 친구가 드럼학원 다녔었는데 나도 가고 싶더라!\n2 : 맞아 나도 그랬던 거 같다 키키 드럼\n1 : 키키 근데 그때 드럼 학원비 진짜 비쌌다고 그랬어!\n2 : 아 진짜?\n2 : 예체능 쪽이라 그런가\n1 : 어 그러고 드럼 자체 가격이 진짜 비싸서!\n2 : 아 맞아 그럴 거 같긴해\n2 : 피아노보다 비싼가\n1 : 음, 피아노는 가격이 천차만별이지 않아?\n2 : 맞아 피아노 학원만 다녔는데 나는\n1 : 키키 나도 키키 !\n1 : 근데 얘는 집에 엄마가 드럼치라고 방도 따로 만들어 줌\n2 : 키키 엄마가 되게 좋으신가 보다, 멋지다\n1 : 어 맞아 ㅜㅜ 얘 공부도 잘해서 대학도 좋은 곳으로 갔어!\n2 : 와 역시 가정이 중요해",
        "lines": [
          {
            "id": 1,
            "text": "1 : 언니 드럼이라는 악기 알아?",
            "norm_text": "언니 드럼이라는 악기 알아?",
            "speaker": {
              "id": "1번",
              "sex": "여성",
              "age": "20대"
            },
            "speechAct": "(지시) 질문하기",
            "morpheme": "언니/NNG+드럼/NNG+이/VCP+라는/ETM+악기/NNG+알/VV+아/EF"
          },
          {
            "id": 2,
            "text": "2 : 키키 알지 왜 몰라 나 바보 아님",
            "norm_text": "키키 알지 왜 몰라 나 바보 아님",
            "speaker": {
              "id": "2번",
              "sex": "여성",
              "age": "20대"
            },
            "speechAct": "(단언) 진술하기",
            "morpheme": "키/NNG+키/XSV+ETN+알/VV+지/EF+왜/MAG+몰라/VV+EF+나/NP+바보/NNG+아님/VCN+ETN"
          },
          {
            "id": 3,
            "text": "1 : 키키 아앗 아니었네~?",
            "norm_text": "키키 아앗 아니었네~?",
            "speaker": {
              "id": "1번",
              "sex": "여성",
              "age": "20대"
            },
            "speechAct": "턴토크 사인(관습적 반응)",
            "morpheme": "키키아앗아니었네/UNKNOWN+~/SY"
          },
          {
            "id": 4,
            "text": "1 : 나 어렸을 때 이거 진짜 배워보고 싶었어!",
            "norm_text": "나 어렸을 때 이거 진짜 배워보고 싶었어!",
            "speaker": {
              "id": "1번",
              "sex": "여성",
              "age": "20대"
            },
            "speechAct": "(단언) 주장하기",
            "morpheme": "나/NP+어렸/VA+EP+을/ETM+때/NNG+이거/NP+진짜/MAG+배워/VV+EC+보/VX+고/EC+싶/VX+었/EP+어/EF"
          },
          {
            "id": 5,
            "text": "2 : 드럼 멋있었지",
            "norm_text": "드럼 멋있었지",
            "speaker": {
              "id": "2번",
              "sex": "여성",
              "age": "20대"
            },
            "speechAct": "(단언) 진술하기",
            "morpheme": "드럼/NNG+멋있/VA+었/EP+지/EC"
          },
          {
            "id": 6,
            "text": "2 : 맞아 나도 그런 로망이 있었던 거 같아",
            "norm_text": "맞아 나도 그런 로망이 있었던 거 같아",
            "speaker": {
              "id": "2번",
              "sex": "여성",
              "age": "20대"
            },
            "speechAct": "(단언) 진술하기",
            "morpheme": "맞/VV+아/EC+나/NP+도/JX+그런/MM+로망/NNG+이/JKS+있/VA+었/EP+던/ETM+거/NNB+같/VA+아/EC"
          },
          {
            "id": 7,
            "text": "1 : 맞아 키키 초딩 때 내 친구가 드럼학원 다녔었는데 나도 가고 싶더라!",
            "norm_text": "맞아 키키 초딩 때 내 친구가 드럼학원 다녔었는데 나도 가고 싶더라!",
            "speaker": {
              "id": "1번",
              "sex": "여성",
              "age": "20대"
            },
            "speechAct": "(단언) 진술하기",
            "morpheme": "맞/VV+아/EC+키/NNG+키/NNG+초딩/NNG+때/NNG+내/NNB+친구/NNG+가/JKS+드럼/NNG+학원/NNG+다녔었/VV+EP+는데/EC+나/NP+도/JX+가/VV+고/EC+싶/VX+더라/EF"
          },
          {
            "id": 8,
            "text": "2 : 맞아 나도 그랬던 거 같다 키키 드럼",
            "norm_text": "맞아 나도 그랬던 거 같다 키키 드럼",
            "speaker": {
              "id": "2번",
              "sex": "여성",
              "age": "20대"
            },
            "speechAct": "(단언) 주장하기",
            "morpheme": "맞/VV+아/EC+나/NP+도/JX+그랬던/VA+EP+ETM+거/NNB+같/VA+다키키/NNP+드럼/NNG"
          },
          {
            "id": 9,
            "text": "1 : 키키 근데 그때 드럼 학원비 진짜 비쌌다고 그랬어!",
            "norm_text": "키키 근데 그때 드럼 학원비 진짜 비쌌다고 그랬어!",
            "speaker": {
              "id": "1번",
              "sex": "여성",
              "age": "20대"
            },
            "speechAct": "(단언) 진술하기",
            "morpheme": "키/NNG+키/XSV+ETN+근데/MAJ+그때/NNG+드럼/NNG+학원/NNG+비/XPN+진짜/MAG+비쌌/VA+EP+다고/EC+그랬/VV+EP+어/EF"
          },
          {
            "id": 10,
            "text": "2 : 아 진짜?",
            "norm_text": "아 진짜?",
            "speaker": {
              "id": "2번",
              "sex": "여성",
              "age": "20대"
            },
            "speechAct": "턴토크 사인(관습적 반응)",
            "morpheme": "아/IC+진짜/MAG"
          },
          {
            "id": 11,
            "text": "2 : 예체능 쪽이라 그런가",
            "norm_text": "예체능 쪽이라 그런가",
            "speaker": {
              "id": "2번",
              "sex": "여성",
              "age": "20대"
            },
            "speechAct": "(단언) 주장하기",
            "morpheme": "예체능/NNG+쪽/NNB+이/VCP+라/EC+그런가/VA+EC"
          },
          {
            "id": 12,
            "text": "1 : 어 그러고 드럼 자체 가격이 진짜 비싸서!",
            "norm_text": "어 그러고 드럼 자체 가격이 진짜 비싸서!",
            "speaker": {
              "id": "1번",
              "sex": "여성",
              "age": "20대"
            },
            "speechAct": "(단언) 진술하기",
            "morpheme": "어/IC+그러/VV+고/EC+드럼/NNG+자체/NNG+가격/NNG+이/JKS+진짜/MAG+비싸/VA+서/EC"
          },
          {
            "id": 13,
            "text": "2 : 아 맞아 그럴 거 같긴해",
            "norm_text": "아 맞아 그럴 거 같긴해",
            "speaker": {
              "id": "2번",
              "sex": "여성",
              "age": "20대"
            },
            "speechAct": "(단언) 진술하기",
            "morpheme": "아/IC+맞/VV+아/EC+그럴/VV+ETM+거/NNB+같/VA+긴/ETN+JX+해/VX+EC"
          },
          {
            "id": 14,
            "text": "2 : 피아노보다 비싼가",
            "norm_text": "피아노보다 비싼가",
            "speaker": {
              "id": "2번",
              "sex": "여성",
              "age": "20대"
            },
            "speechAct": "(지시) 질문하기",
            "morpheme": "피아노/NNG+보다/JKB+비싼가/VA+EC"
          },
          {
            "id": 15,
            "text": "1 : 음, 피아노는 가격이 천차만별이지 않아?",
            "norm_text": "음, 피아노는 가격이 천차만별이지 않아?",
            "speaker": {
              "id": "1번",
              "sex": "여성",
              "age": "20대"
            },
            "speechAct": "(단언) 주장하기",
            "morpheme": "음/IC+,/SC+피아노/NNG+는/JX+가격/NNG+이/JKS+천차만별/NNG+이/VCP+지/EC+않/VX+아/EF"
          },
          {
            "id": 16,
            "text": "2 : 맞아 피아노 학원만 다녔는데 나는",
            "norm_text": "맞아 피아노 학원만 다녔는데 나는",
            "speaker": {
              "id": "2번",
              "sex": "여성",
              "age": "20대"
            },
            "speechAct": "(단언) 진술하기",
            "morpheme": "맞/VV+아/EC+피아노/NNG+학원/NNG+만/JX+다녔/VV+EP+는데/EC+나/VX+는/ETM"
          },
          {
            "id": 17,
            "text": "1 : 키키 나도 키키 !",
            "norm_text": "키키 나도 키키 !",
            "speaker": {
              "id": "1번",
              "sex": "여성",
              "age": "20대"
            },
            "speechAct": "턴토크 사인(관습적 반응)",
            "morpheme": "키/NNG+키나/XSA+ETN+JX+도키/NNG+키/XSV+ETN"
          },
          {
            "id": 18,
            "text": "1 : 근데 얘는 집에 엄마가 드럼치라고 방도 따로 만들어 줌",
            "norm_text": "근데 얘는 집에 엄마가 드럼치라고 방도 따로 만들어 줌",
            "speaker": {
              "id": "1번",
              "sex": "여성",
              "age": "20대"
            },
            "speechAct": "(단언) 주장하기",
            "morpheme": "근데/MAJ+얘/NP+는/JX+집/NNG+에/JKB+엄마/NNG+가/JKS+드럼/NNG+치/VV+라고/EC+방/NNG+도/JX+따로/MAG+만들/VV+어/EC+줌/VX+ETN"
          },
          {
            "id": 19,
            "text": "2 : 키키 엄마가 되게 좋으신가 보다, 멋지다",
            "norm_text": "키키 엄마가 되게 좋으신가 보다, 멋지다",
            "speaker": {
              "id": "2번",
              "sex": "여성",
              "age": "20대"
            },
            "speechAct": "(단언) 진술하기",
            "morpheme": "키/NNG+키/NNG+엄마/NNG+가/JKS+되게/MAG+좋/VA+으신가/EP+EP+EC+보/VX+다/EF+,/SC+멋지/VA+다/EC"
          },
          {
            "id": 20,
            "text": "1 : 어 맞아 ㅜㅜ 얘 공부도 잘해서 대학도 좋은 곳으로 갔어!",
            "norm_text": "어 맞아 ㅜㅜ 얘 공부도 잘해서 대학도 좋은 곳으로 갔어!",
            "speaker": {
              "id": "1번",
              "sex": "여성",
              "age": "20대"
            },
            "speechAct": "(단언) 진술하기",
            "morpheme": "어/IC+맞/VV+아/EC+ㅜㅜ/UNKNOWN+얘/IC+공부/NNG+도/JX+잘/MAG+해서/VV+EC+대학/NNG+도/JX+좋/VA+은/ETM+곳/NNG+으로/JKB+갔/VV+EP+어/EF"
          },
          {
            "id": 21,
            "text": "2 : 와 역시 가정이 중요해",
            "norm_text": "와 역시 가정이 중요해",
            "speaker": {
              "id": "2번",
              "sex": "여성",
              "age": "20대"
            },
            "speechAct": "(단언) 주장하기",
            "morpheme": "와/IC+역시/MAJ+가정/NNG+이/JKS+중요/NNG+해/XSV+EC"
          }
        ]
      }
    }
  ]
}