{
  "dataset": {
    "identifier": 117254,
    "name": "FACEBOOK_117_18_set",
    "src_path": "/data/file/cubeManager/PROJECT001/80/txt202111021033310424103/FACEBOOK_117_18_set/",
    "label_path": "/data/file/cubeManager/PROJECT001/80/txt202111021033310424103/FACEBOOK_117_18_set/",
    "category": 2,
    "type": 0
  },
  "licenses": {
    "name": "Apache License 1.0",
    "url": "http://www.apache.org/licenses/LICENSE-1.0"
  },
  "info": [
    {
      "id": 129661,
      "filename": "FACEBOOK_117_18.txt",
      "title": "FACEBOOK_117_18",
      "mediatype": "SNS",
      "medianame": "페이스북",
      "category": "일상대화",
      "date": "2021-11-02",
      "size": 401,
      "annotations": {
        "subject": "상거래 전반",
        "speaker_type": "1:1",
        "size": 401,
        "word_size": 143,
        "text": "1 : 일단 내가 상생 지원금 2분기 금액을 봤거든?\n2 : 웅 얼마 나와야 해?\n1 : 나 88만 원 나왔어!\n1 : 음, 괜찮겠지?\n2 : 그럼 그 돈 다 받는 거야?\n1 : 아니! 이거보다 10월 달에 많이 쓰면 이제 캐시백 되는 거야!\n2 : 이번 달 많이 쓸 수 있겠어? 키키\n1 : 응~ 당연하지 ~\n1 : 카드만 쓰는 중이야~\n2 : 그 수술비 선결제 해 얼른\n1 : 키키 어 당연히 했지~\n1 : 근데 할부도 포함이 되나?\n2 : 당연히 받겠다\n2 : 할부도 포함이지 않을까?\n1 : 오 개꿀~ 그러면 나 다 받을 수 있어!\n2 : 할부 몇 개월 했어\n2 : 비싸잖아\n1 : 나 할부 무이자 5개월로 했어!\n2 : 한 달에 육십 넘게 내겠네 키키\n1 : 어 맞아 키키 괜찮아 열심히 돈 벌고 있으니까!\n2 : 맞아 너 요새 고생하더라 ㅜㅜ",
        "lines": [
          {
            "id": 1,
            "text": "1 : 일단 내가 상생 지원금 2분기 금액을 봤거든?",
            "norm_text": "일단 내가 상생 지원금 2분기 금액을 봤거든?",
            "speaker": {
              "id": "1번",
              "sex": "여성",
              "age": "20대"
            },
            "speechAct": "(지시) 질문하기",
            "morpheme": "일단/MAG+내/NP+가/JKS+상생/NNG+지원금/NNG+2/SN+분기/NNG+금액/NNG+을/JKO+봤/VV+EP+거든/EF"
          },
          {
            "id": 2,
            "text": "2 : 웅 얼마 나와야 해?",
            "norm_text": "웅 얼마 나와야 해?",
            "speaker": {
              "id": "2번",
              "sex": "여성",
              "age": "20대"
            },
            "speechAct": "(지시) 질문하기",
            "morpheme": "웅/IC+얼마나/MAG+와야/VV+EC+해/VX+EF"
          },
          {
            "id": 3,
            "text": "1 : 나 88만 원 나왔어!",
            "norm_text": "나 88만 원 나왔어!",
            "speaker": {
              "id": "1번",
              "sex": "여성",
              "age": "20대"
            },
            "speechAct": "(단언) 진술하기",
            "morpheme": "나/NP+88/SN+만/NR+원/NNBC+나왔/VV+EP+어/EF"
          },
          {
            "id": 4,
            "text": "1 : 음, 괜찮겠지?",
            "norm_text": "음, 괜찮겠지?",
            "speaker": {
              "id": "1번",
              "sex": "여성",
              "age": "20대"
            },
            "speechAct": "(지시) 질문하기",
            "morpheme": "음/IC+,/SC+괜찮/VA+겠/EP+지/EF"
          },
          {
            "id": 5,
            "text": "2 : 그럼 그 돈 다 받는 거야?",
            "norm_text": "그럼 그 돈 다 받는 거야?",
            "speaker": {
              "id": "2번",
              "sex": "여성",
              "age": "20대"
            },
            "speechAct": "(지시) 질문하기",
            "morpheme": "그럼/MAJ+그/MM+돈/NNG+다/MAG+받/VV+는/ETM+거/NNB+야/VCP+EF"
          },
          {
            "id": 6,
            "text": "1 : 아니! 이거보다 10월 달에 많이 쓰면 이제 캐시백 되는 거야!",
            "norm_text": "아니! 이거보다 10월 달에 많이 쓰면 이제 캐시백 되는 거야!",
            "speaker": {
              "id": "1번",
              "sex": "여성",
              "age": "20대"
            },
            "speechAct": "(단언) 진술하기",
            "morpheme": "아니/IC+이거/NP+보다/JKB+10/SN+월/NNBC+달/NNG+에/JKB+많이/MAG+쓰/VV+면/EC+이제/MAG+캐/VV+ETM+시백/NNG+되/XSV+는/ETM+거/NNB+야/VCP+EF"
          },
          {
            "id": 7,
            "text": "2 : 이번 달 많이 쓸 수 있겠어? 키키",
            "norm_text": "이번 달 많이 쓸 수 있겠어? 키키",
            "speaker": {
              "id": "2번",
              "sex": "여성",
              "age": "20대"
            },
            "speechAct": "(지시) 질문하기",
            "morpheme": "이번/NNG+달/NNG+많이/MAG+쓸/VV+ETM+수/NNB+있/VV+겠/EP+어/EF+키/NNG+키/XSV+ETN"
          },
          {
            "id": 8,
            "text": "1 : 응~ 당연하지 ~",
            "norm_text": "응~ 당연하지 ~",
            "speaker": {
              "id": "1번",
              "sex": "여성",
              "age": "20대"
            },
            "speechAct": "(단언) 주장하기",
            "morpheme": "응/IC+~/SY+당연/XR+하/XSA+지/EC+~/SY"
          },
          {
            "id": 9,
            "text": "1 : 카드만 쓰는 중이야~",
            "norm_text": "카드만 쓰는 중이야~",
            "speaker": {
              "id": "1번",
              "sex": "여성",
              "age": "20대"
            },
            "speechAct": "(단언) 진술하기",
            "morpheme": "카드/NNG+만/JX+쓰/VV+는/ETM+중/NNB+이/VCP+야/EC+~/SY"
          },
          {
            "id": 10,
            "text": "2 : 그 수술비 선결제 해 얼른",
            "norm_text": "그 수술비 선결제 해 얼른",
            "speaker": {
              "id": "2번",
              "sex": "여성",
              "age": "20대"
            },
            "speechAct": "(지시) 명령/요구하기",
            "morpheme": "그/MM+수술/NNG+비선/NNG+결제/NNG+해/XSV+EC+얼른/NNG"
          },
          {
            "id": 11,
            "text": "1 : 키키 어 당연히 했지~",
            "norm_text": "키키 어 당연히 했지~",
            "speaker": {
              "id": "1번",
              "sex": "여성",
              "age": "20대"
            },
            "speechAct": "(단언) 주장하기",
            "morpheme": "키/NNG+키어/NNG+당연히/MAG+했/VV+EP+지/EC+~/SY"
          },
          {
            "id": 12,
            "text": "1 : 근데 할부도 포함이 되나?",
            "norm_text": "근데 할부도 포함이 되나?",
            "speaker": {
              "id": "1번",
              "sex": "여성",
              "age": "20대"
            },
            "speechAct": "(지시) 질문하기",
            "morpheme": "근데/MAJ+할/VV+ETM+부도/NNG+포함/NNG+이/JKS+되/VV+나/EF"
          },
          {
            "id": 13,
            "text": "2 : 당연히 받겠다",
            "norm_text": "당연히 받겠다",
            "speaker": {
              "id": "2번",
              "sex": "여성",
              "age": "20대"
            },
            "speechAct": "(단언) 주장하기",
            "morpheme": "당연히/MAG+받/VV+겠/EP+다/EC"
          },
          {
            "id": 14,
            "text": "2 : 할부도 포함이지 않을까?",
            "norm_text": "할부도 포함이지 않을까?",
            "speaker": {
              "id": "2번",
              "sex": "여성",
              "age": "20대"
            },
            "speechAct": "(지시) 질문하기",
            "morpheme": "할부/NNG+도/JX+포함/NNG+이/VCP+지/EC+않/VX+을까/EF"
          },
          {
            "id": 15,
            "text": "1 : 오 개꿀~ 그러면 나 다 받을 수 있어!",
            "norm_text": "오 개꿀~ 그러면 나 다 받을 수 있어!",
            "speaker": {
              "id": "1번",
              "sex": "여성",
              "age": "20대"
            },
            "speechAct": "(단언) 진술하기",
            "morpheme": "오/NR+개꿀/NNG+~/SY+그러/VV+면/EC+나/VX+다/EC+받/VV+을/ETM+수/NNB+있/VV+어/EF"
          },
          {
            "id": 16,
            "text": "2 : 할부 몇 개월 했어",
            "norm_text": "할부 몇 개월 했어",
            "speaker": {
              "id": "2번",
              "sex": "여성",
              "age": "20대"
            },
            "speechAct": "(지시) 질문하기",
            "morpheme": "할부/NNG+몇/MM+개월/NNBC+했/VV+EP+어/EC"
          },
          {
            "id": 17,
            "text": "2 : 비싸잖아",
            "norm_text": "비싸잖아",
            "speaker": {
              "id": "2번",
              "sex": "여성",
              "age": "20대"
            },
            "speechAct": "(단언) 주장하기",
            "morpheme": "비싸/VA+잖아/EC"
          },
          {
            "id": 18,
            "text": "1 : 나 할부 무이자 5개월로 했어!",
            "norm_text": "나 할부 무이자 5개월로 했어!",
            "speaker": {
              "id": "1번",
              "sex": "여성",
              "age": "20대"
            },
            "speechAct": "(단언) 진술하기",
            "morpheme": "나/NP+할부/NNG+무이자/NNG+5/SN+개월/NNBC+로/JKB+했/VV+EP+어/EF"
          },
          {
            "id": 19,
            "text": "2 : 한 달에 육십 넘게 내겠네 키키",
            "norm_text": "한 달에 육십 넘게 내겠네 키키",
            "speaker": {
              "id": "2번",
              "sex": "여성",
              "age": "20대"
            },
            "speechAct": "(단언) 진술하기",
            "morpheme": "한/MM+달/NNG+에/JKB+육/NR+십/NR+넘/VV+게/EC+내/VX+겠/EP+네/EF+키/NNG+키/XSV+ETN"
          },
          {
            "id": 20,
            "text": "1 : 어 맞아 키키 괜찮아 열심히 돈 벌고 있으니까!",
            "norm_text": "어 맞아 키키 괜찮아 열심히 돈 벌고 있으니까!",
            "speaker": {
              "id": "1번",
              "sex": "여성",
              "age": "20대"
            },
            "speechAct": "(단언) 주장하기",
            "morpheme": "어/IC+맞/VV+아/EC+키/NNG+키/XSV+ETN+괜찮/VA+아/EC+열심히/MAG+돈/NNG+벌/VV+고/EC+있/VX+으니까/EC"
          },
          {
            "id": 21,
            "text": "2 : 맞아 너 요새 고생하더라 ㅜㅜ",
            "norm_text": "맞아 너 요새 고생하더라 ㅜㅜ",
            "speaker": {
              "id": "2번",
              "sex": "여성",
              "age": "20대"
            },
            "speechAct": "(단언) 주장하기",
            "morpheme": "맞/VV+아/EC+너/NP+요새/MAG+고생/NNG+하/XSV+더라/EC+ㅜㅜ/UNKNOWN"
          }
        ]
      }
    }
  ]
}