{
  "dataset": {
    "identifier": 118064,
    "name": "FACEBOOK_117_03_set",
    "src_path": "/data/file/cubeManager/PROJECT001/80/txt202111021033310319100/FACEBOOK_117_03_set/",
    "label_path": "/data/file/cubeManager/PROJECT001/80/txt202111021033310319100/FACEBOOK_117_03_set/",
    "category": 2,
    "type": 0
  },
  "licenses": {
    "name": "Apache License 1.0",
    "url": "http://www.apache.org/licenses/LICENSE-1.0"
  },
  "info": [
    {
      "id": 129646,
      "filename": "FACEBOOK_117_03.txt",
      "title": "FACEBOOK_117_03",
      "mediatype": "SNS",
      "medianame": "페이스북",
      "category": "일상대화",
      "date": "2021-11-02",
      "size": 389,
      "annotations": {
        "subject": "교통",
        "speaker_type": "1:1",
        "size": 389,
        "word_size": 138,
        "text": "1 : 언니는 차 렌트 해본 적 있어?\n2 : 렌트 가끔 하지 애들이랑 놀러갈 때 키키\n1 : 언니 렌트 하고 과태료 물어본 적 있어?\n2 : 아니 그런 적은 없어\n2 : 너 있지 키키\n1 : 나 이번에 물어 봤다,\n1 : 흙흙 슬프다,\n2 : 와 과태료가 젤 아깝잖아 돈 ㅜㅜ\n1 : 친구랑 수다 떨면서 가다가 카메라 있는 거 못 봤어\n2 : 과속했고만 얼마 물었어\n1 : 어 맞아, 근데 다행히도 과속 많이 안 했어!\n2 : 다행이네 요새 과속으로 엄청 낸대 키키\n1 : 근데 초과 2키로로 내서 더 빡치는 거 알아? 키키\n2 : 헐 돈 아까워 치킨 값\n1 : 물론 70 구간에 82로 달린 건 내 잘못이야!\n2 : 키키 요새 근데 과속 너무 많아\n1 : 맞아, 완전 지뢰밭 아니야!?\n2 : 세금 뜯을려고 그러는 거지 뭐",
        "lines": [
          {
            "id": 1,
            "text": "1 : 언니는 차 렌트 해본 적 있어?",
            "norm_text": "언니는 차 렌트 해본 적 있어?",
            "speaker": {
              "id": "1번",
              "sex": "여성",
              "age": "20대"
            },
            "speechAct": "(지시) 질문하기",
            "morpheme": "언니/NNG+는/JX+차/NNG+렌트/NNG+해/XSV+EC+본/VX+ETM+적/NNB+있/VA+어/EF"
          },
          {
            "id": 2,
            "text": "2 : 렌트 가끔 하지 애들이랑 놀러갈 때 키키",
            "norm_text": "렌트 가끔 하지 애들이랑 놀러갈 때 키키",
            "speaker": {
              "id": "2번",
              "sex": "여성",
              "age": "20대"
            },
            "speechAct": "(단언) 진술하기",
            "morpheme": "렌트/NNG+가끔/MAG+하/VV+지/EC+애/NNG+들/XSN+이랑/JKB+놀/VV+러/EC+갈/VX+ETM+때/NNG+키/NNG+키/XSV+ETN"
          },
          {
            "id": 3,
            "text": "1 : 언니 렌트 하고 과태료 물어본 적 있어?",
            "norm_text": "언니 렌트 하고 과태료 물어본 적 있어?",
            "speaker": {
              "id": "1번",
              "sex": "여성",
              "age": "20대"
            },
            "speechAct": "(지시) 질문하기",
            "morpheme": "언니/NNG+렌트/NNG+하/XSV+고/EC+과태료/NNG+물어본/VV+ETM+적/NNB+있/VA+어/EF"
          },
          {
            "id": 4,
            "text": "2 : 아니 그런 적은 없어",
            "norm_text": "아니 그런 적은 없어",
            "speaker": {
              "id": "2번",
              "sex": "여성",
              "age": "20대"
            },
            "speechAct": "(단언) 진술하기",
            "morpheme": "아니/IC+그런/MM+적/VA+은/ETM+없/VA+어/EC"
          },
          {
            "id": 5,
            "text": "2 : 너 있지 키키",
            "norm_text": "너 있지 키키",
            "speaker": {
              "id": "2번",
              "sex": "여성",
              "age": "20대"
            },
            "speechAct": "(단언) 주장하기",
            "morpheme": "너/NP+있/VA+지/EC+키/NNG+키/XSV+ETN"
          },
          {
            "id": 6,
            "text": "1 : 나 이번에 물어 봤다,",
            "norm_text": "나 이번에 물어 봤다,",
            "speaker": {
              "id": "1번",
              "sex": "여성",
              "age": "20대"
            },
            "speechAct": "(단언) 진술하기",
            "morpheme": "나/NP+이번/NNG+에/JKB+물/VV+어/EC+봤/VX+EP+다/EF+,/SC"
          },
          {
            "id": 7,
            "text": "1 : 흙흙 슬프다,",
            "norm_text": "흙흙 슬프다,",
            "speaker": {
              "id": "1번",
              "sex": "여성",
              "age": "20대"
            },
            "speechAct": "(표현) 부정감정 표현하기",
            "morpheme": "흙/NNG+흙/NNG+슬프/VA+다/EF+,/SC"
          },
          {
            "id": 8,
            "text": "2 : 와 과태료가 젤 아깝잖아 돈 ㅜㅜ",
            "norm_text": "와 과태료가 젤 아깝잖아 돈 ㅜㅜ",
            "speaker": {
              "id": "2번",
              "sex": "여성",
              "age": "20대"
            },
            "speechAct": "(단언) 주장하기",
            "morpheme": "와/IC+과태료/NNG+가/JKS+젤/MAG+아깝잖/VA+아/EC+돈/NNG+ㅜㅜ/UNKNOWN"
          },
          {
            "id": 9,
            "text": "1 : 친구랑 수다 떨면서 가다가 카메라 있는 거 못 봤어",
            "norm_text": "친구랑 수다 떨면서 가다가 카메라 있는 거 못 봤어",
            "speaker": {
              "id": "1번",
              "sex": "여성",
              "age": "20대"
            },
            "speechAct": "(단언) 진술하기",
            "morpheme": "친구/NNG+랑/JKB+수다떨/VV+면서/EC+가/VX+다가/EC+카메라/NNG+있/VA+는/ETM+거/NNB+못/MAG+봤/VV+EP+어/EC"
          },
          {
            "id": 10,
            "text": "2 : 과속했고만 얼마 물었어",
            "norm_text": "과속했고만 얼마 물었어",
            "speaker": {
              "id": "2번",
              "sex": "여성",
              "age": "20대"
            },
            "speechAct": "(지시) 질문하기",
            "morpheme": "과속/NNG+했/XSV+EP+고/EC+만/JX+얼마/NNG+물/VV+었/EP+어/EC"
          },
          {
            "id": 11,
            "text": "1 : 어 맞아, 근데 다행히도 과속 많이 안 했어!",
            "norm_text": "어 맞아, 근데 다행히도 과속 많이 안 했어!",
            "speaker": {
              "id": "1번",
              "sex": "여성",
              "age": "20대"
            },
            "speechAct": "(단언) 진술하기",
            "morpheme": "어/IC+맞아/IC+,/SC+근데/MAJ+다행히/MAG+도/JX+과속/NNG+많이/MAG+안/MAG+했/VV+EP+어/EF"
          },
          {
            "id": 12,
            "text": "2 : 다행이네 요새 과속으로 엄청 낸대 키키",
            "norm_text": "다행이네 요새 과속으로 엄청 낸대 키키",
            "speaker": {
              "id": "2번",
              "sex": "여성",
              "age": "20대"
            },
            "speechAct": "(단언) 주장하기",
            "morpheme": "다행/NNG+이/VCP+네요/EF+새/MM+과속/NNG+으로/JKB+엄청/MAG+낸/VV+ETM+대/XPN+키/NNG+키/XSV+ETN"
          },
          {
            "id": 13,
            "text": "1 : 근데 초과 2키로로 내서 더 빡치는 거 알아? 키키",
            "norm_text": "근데 초과 2키로로 내서 더 빡치는 거 알아? 키키",
            "speaker": {
              "id": "1번",
              "sex": "여성",
              "age": "20대"
            },
            "speechAct": "(단언) 주장하기",
            "morpheme": "근데/MAJ+초과/NNG+2/SN+키로로/NNP+내/NNB+서/JKB+더/MAG+빡/MAG+치/VV+는/ETM+거/NNB+알/VV+아/EF+키/NNG+키/XSV+ETN"
          },
          {
            "id": 14,
            "text": "2 : 헐 돈 아까워 치킨 값",
            "norm_text": "헐 돈 아까워 치킨 값",
            "speaker": {
              "id": "2번",
              "sex": "여성",
              "age": "20대"
            },
            "speechAct": "(단언) 주장하기",
            "morpheme": "헐/IC+돈/NNG+아까워/VA+EC+치킨/VV+ETM+값/NNG"
          },
          {
            "id": 15,
            "text": "1 : 물론 70 구간에 82로 달린 건 내 잘못이야!",
            "norm_text": "물론 70 구간에 82로 달린 건 내 잘못이야!",
            "speaker": {
              "id": "1번",
              "sex": "여성",
              "age": "20대"
            },
            "speechAct": "(단언) 주장하기",
            "morpheme": "물론/MAG+70/SN+구간/NNG+에/JKB+82/SN+로/JKB+달린/VV+ETM+건/NNB+JX+내/NP+JKG+잘못/NNG+이/VCP+야/EF"
          },
          {
            "id": 16,
            "text": "2 : 키키 요새 근데 과속 너무 많아",
            "norm_text": "키키 요새 근데 과속 너무 많아",
            "speaker": {
              "id": "2번",
              "sex": "여성",
              "age": "20대"
            },
            "speechAct": "(단언) 주장하기",
            "morpheme": "키/NNG+키/XSV+ETN+요새/MAG+근데/MAJ+과속/NNG+너무/MAG+많/VA+아/EC"
          },
          {
            "id": 17,
            "text": "1 : 맞아, 완전 지뢰밭 아니야!?",
            "norm_text": "맞아, 완전 지뢰밭 아니야!?",
            "speaker": {
              "id": "1번",
              "sex": "여성",
              "age": "20대"
            },
            "speechAct": "(단언) 주장하기",
            "morpheme": "맞/VV+아/EC+,/SC+완전/MAG+지뢰밭/NNG+아니/VCN+야/EC+!/SY"
          },
          {
            "id": 18,
            "text": "2 : 세금 뜯을려고 그러는 거지 뭐",
            "norm_text": "세금 뜯을려고 그러는 거지 뭐",
            "speaker": {
              "id": "2번",
              "sex": "여성",
              "age": "20대"
            },
            "speechAct": "(단언) 주장하기",
            "morpheme": "세금/NNG+뜯/VV+을려고/EC+그러/VV+는/ETM+거/NNB+지/VCP+EF+뭐/IC"
          }
        ]
      }
    }
  ]
}