{
  "dataset": {
    "identifier": 114407,
    "name": "FACEBOOK_113_09_set",
    "src_path": "/data/file/cubeManager/PROJECT001/80/txt202111031542370423105/FACEBOOK_113_09_set/",
    "label_path": "/data/file/cubeManager/PROJECT001/80/txt202111031542370423105/FACEBOOK_113_09_set/",
    "category": 2,
    "type": 0
  },
  "licenses": {
    "name": "Apache License 1.0",
    "url": "http://www.apache.org/licenses/LICENSE-1.0"
  },
  "info": [
    {
      "id": 135364,
      "filename": "FACEBOOK_113_09.txt",
      "title": "FACEBOOK_113_09",
      "mediatype": "SNS",
      "medianame": "페이스북",
      "category": "일상대화",
      "date": "2021-11-03",
      "size": 422,
      "annotations": {
        "subject": "반려동물",
        "speaker_type": "1:1",
        "size": 422,
        "word_size": 139,
        "text": "1 : 우리 오복이는 맨날 내 방석에 스크레치해,\n2 : 키키 야옹이?\n2 : 걔네 매일 그러잖아\n1 : 맞아 키키\n1 : 캣타워 비싸게 사줬는데 박스좋아해,\n2 : 캣 타워 진짜 얼마씩 해?\n1 : 이게 원목이 비싼 건데 우리 사촌오빠는 캣타워 200만 원 주고 맞춤 제작함!\n2 : 와... 진짜 아깝다 너는 ?\n1 : 근데 오빠네는 애들이 잘 쓰는 경우고 나는 20만 원 허허허허\n2 : 키키 와 이십도 비싸다 진짜\n1 : 맞아 나도 원목으로 하긴 했거든!\n2 : 아 캣타워가 그 정도로 비쌌구나 몰랐어\n1 : 근데 원목이 비싼 거지 일반 캣타워는 5만 원이면 사!\n2 : 고양이도 돈이 꽤 들어가는 군\n1 : 키키 근데 문제는 이 캣타워를 사용하지 않는 다는 거지!\n2 : 키키 거기에 간식 좀 올려줘\n1 : 올려주면 그거만 먹고 나와 ㅜㅜ\n2 : 자기가 사람인 줄 아나봄 키키",
        "lines": [
          {
            "id": 1,
            "text": "1 : 우리 오복이는 맨날 내 방석에 스크레치해,",
            "norm_text": "우리 오복이는 맨날 내 방석에 스크레치해,",
            "speaker": {
              "id": "1번",
              "sex": "여성",
              "age": "20대"
            },
            "speechAct": "(단언) 진술하기",
            "morpheme": "우리오복이는맨날내방석에스크레치해/UNKNOWN+,/SC"
          },
          {
            "id": 2,
            "text": "2 : 키키 야옹이?",
            "norm_text": "키키 야옹이?",
            "speaker": {
              "id": "2번",
              "sex": "여성",
              "age": "20대"
            },
            "speechAct": "(지시) 질문하기",
            "morpheme": "키/NNG+키/NNG+야옹/NNG+이/JKS"
          },
          {
            "id": 3,
            "text": "2 : 걔네 매일 그러잖아",
            "norm_text": "걔네 매일 그러잖아",
            "speaker": {
              "id": "2번",
              "sex": "여성",
              "age": "20대"
            },
            "speechAct": "(단언) 진술하기",
            "morpheme": "걔/NP+네/XSN+매일/MAG+그러/VV+잖아/EC"
          },
          {
            "id": 4,
            "text": "1 : 맞아 키키",
            "norm_text": "맞아 키키",
            "speaker": {
              "id": "1번",
              "sex": "여성",
              "age": "20대"
            },
            "speechAct": "(단언) 주장하기",
            "morpheme": "맞/VV+아/EC+키/NNG+키/XSV+ETN"
          },
          {
            "id": 5,
            "text": "1 : 캣타워 비싸게 사줬는데 박스좋아해,",
            "norm_text": "캣타워 비싸게 사줬는데 박스좋아해,",
            "speaker": {
              "id": "1번",
              "sex": "여성",
              "age": "20대"
            },
            "speechAct": "(단언) 주장하기",
            "morpheme": "캣타워비싸게사줬는데박스좋아해/UNKNOWN+,/SC"
          },
          {
            "id": 6,
            "text": "2 : 캣 타워 진짜 얼마씩 해?",
            "norm_text": "캣 타워 진짜 얼마씩 해?",
            "speaker": {
              "id": "2번",
              "sex": "여성",
              "age": "20대"
            },
            "speechAct": "(지시) 질문하기",
            "morpheme": "캣/NNP+타워/NNG+진짜/MAG+얼마/NNG+씩/XSN+해/VV+EF"
          },
          {
            "id": 7,
            "text": "1 : 이게 원목이 비싼 건데 우리 사촌오빠는 캣타워 200만 원 주고 맞춤 제작함!",
            "norm_text": "이게 원목이 비싼 건데 우리 사촌오빠는 캣타워 200만 원 주고 맞춤 제작함!",
            "speaker": {
              "id": "1번",
              "sex": "여성",
              "age": "20대"
            },
            "speechAct": "(단언) 진술하기",
            "morpheme": "이게원목이비싼건데우리사촌오빠는캣타워/UNKNOWN+200/SN+만/NR+원/NNBC+주/VV+고/EC+맞춤/VV+EC+제작/NNG+함/XSV+ETN"
          },
          {
            "id": 8,
            "text": "2 : 와... 진짜 아깝다 너는 ?",
            "norm_text": "와... 진짜 아깝다 너는 ?",
            "speaker": {
              "id": "2번",
              "sex": "여성",
              "age": "20대"
            },
            "speechAct": "(지시) 질문하기",
            "morpheme": "와/IC+./SY+진짜/MAG+아깝/VA+다/EF+너/NP+는/JX"
          },
          {
            "id": 9,
            "text": "1 : 근데 오빠네는 애들이 잘 쓰는 경우고 나는 20만 원 허허허허",
            "norm_text": "근데 오빠네는 애들이 잘 쓰는 경우고 나는 20만 원 허허허허",
            "speaker": {
              "id": "1번",
              "sex": "여성",
              "age": "20대"
            },
            "speechAct": "(단언) 진술하기",
            "morpheme": "근데/MAJ+오빠/NNG+네/XSN+는/JX+애/NNG+들/XSN+이/JKS+잘/MAG+쓰/VV+는/ETM+경우/NNG+고/VCP+EC+나/NP+는/JX+20/SN+만/NR+원/NNBC+허허/NNG+허허/NNG"
          },
          {
            "id": 10,
            "text": "2 : 키키 와 이십도 비싸다 진짜",
            "norm_text": "키키 와 이십도 비싸다 진짜",
            "speaker": {
              "id": "2번",
              "sex": "여성",
              "age": "20대"
            },
            "speechAct": "(단언) 진술하기",
            "morpheme": "키/NNG+키/XSV+ETN+와/JC+이/NR+십/NR+도/JX+비싸/VA+다/EF+진짜/MAG"
          },
          {
            "id": 11,
            "text": "1 : 맞아 나도 원목으로 하긴 했거든!",
            "norm_text": "맞아 나도 원목으로 하긴 했거든!",
            "speaker": {
              "id": "1번",
              "sex": "여성",
              "age": "20대"
            },
            "speechAct": "(단언) 진술하기",
            "morpheme": "맞/VV+아/EC+나/NP+도/JX+원목/NNG+으로/JKB+하/VV+긴/ETN+JX+했/VX+EP+거든/EF"
          },
          {
            "id": 12,
            "text": "2 : 아 캣타워가 그 정도로 비쌌구나 몰랐어",
            "norm_text": "아 캣타워가 그 정도로 비쌌구나 몰랐어",
            "speaker": {
              "id": "2번",
              "sex": "여성",
              "age": "20대"
            },
            "speechAct": "(단언) 진술하기",
            "morpheme": "아/IC+캣/NNP+타워/NNG+가/JKS+그/MM+정도/NNG+로/JKB+비쌌/VA+EP+구나/EF+몰랐/VV+EP+어/EC"
          },
          {
            "id": 13,
            "text": "1 : 근데 원목이 비싼 거지 일반 캣타워는 5만 원이면 사!",
            "norm_text": "근데 원목이 비싼 거지 일반 캣타워는 5만 원이면 사!",
            "speaker": {
              "id": "1번",
              "sex": "여성",
              "age": "20대"
            },
            "speechAct": "(단언) 진술하기",
            "morpheme": "근데원목이비싼거지일반캣타워는/UNKNOWN+5/SN+만/NR+원/NNBC+이/VCP+면/EC+사/VV+EF"
          },
          {
            "id": 14,
            "text": "2 : 고양이도 돈이 꽤 들어가는 군",
            "norm_text": "고양이도 돈이 꽤 들어가는 군",
            "speaker": {
              "id": "2번",
              "sex": "여성",
              "age": "20대"
            },
            "speechAct": "(단언) 진술하기",
            "morpheme": "고양이/NNG+도/JX+돈/NNG+이/JKS+꽤/MAG+들어가/VV+는군/EC"
          },
          {
            "id": 15,
            "text": "1 : 키키 근데 문제는 이 캣타워를 사용하지 않는 다는 거지!",
            "norm_text": "키키 근데 문제는 이 캣타워를 사용하지 않는 다는 거지!",
            "speaker": {
              "id": "1번",
              "sex": "여성",
              "age": "20대"
            },
            "speechAct": "(단언) 진술하기",
            "morpheme": "키/NNG+키/XSV+ETN+근데/MAJ+문제/NNG+는/JX+이/MM+캣/NNP+타워/NNG+를/JKO+사용/NNG+하/XSV+지/EC+않/VX+는다는/ETM+거/NNB+지/VCP+EF"
          },
          {
            "id": 16,
            "text": "2 : 키키 거기에 간식 좀 올려줘",
            "norm_text": "키키 거기에 간식 좀 올려줘",
            "speaker": {
              "id": "2번",
              "sex": "여성",
              "age": "20대"
            },
            "speechAct": "(지시) 명령/요구하기",
            "morpheme": "키/NNG+키/XSV+ETN+거기/NP+에/JKB+간식/NNG+좀/MAG+올려/VV+EC+줘/VX+EC"
          },
          {
            "id": 17,
            "text": "1 : 올려주면 그거만 먹고 나와 ㅜㅜ",
            "norm_text": "올려주면 그거만 먹고 나와 ㅜㅜ",
            "speaker": {
              "id": "1번",
              "sex": "여성",
              "age": "20대"
            },
            "speechAct": "(지시) 충고/제안하기",
            "morpheme": "올려/VV+EC+주/VX+면/EC+그거/NP+만/JX+먹/VV+고/EC+나와/VV+EC+ㅜㅜ/UNKNOWN"
          },
          {
            "id": 18,
            "text": "2 : 자기가 사람인 줄 아나봄 키키",
            "norm_text": "자기가 사람인 줄 아나봄 키키",
            "speaker": {
              "id": "2번",
              "sex": "여성",
              "age": "20대"
            },
            "speechAct": "(단언) 진술하기",
            "morpheme": "자기/NP+가/JKS+사람/NNG+인/VCP+ETM+줄/NNB+아/VV+나/EC+봄/NNG+키/NNG+키/XSV+ETN"
          }
        ]
      }
    }
  ]
}