{
  "dataset": {
    "identifier": 102005,
    "name": "FACEBOOK_109_08_set",
    "src_path": "/data/file/cubeManager/PROJECT001/77/txt20211029160805059878/FACEBOOK_109_08_set/",
    "label_path": "/data/file/cubeManager/PROJECT001/77/txt20211029160805059878/FACEBOOK_109_08_set/",
    "category": 2,
    "type": 0
  },
  "licenses": {
    "name": "Apache License 1.0",
    "url": "http://www.apache.org/licenses/LICENSE-1.0"
  },
  "info": [
    {
      "id": 111316,
      "filename": "FACEBOOK_109_08.txt",
      "title": "FACEBOOK_109_08",
      "mediatype": "SNS",
      "medianame": "페이스북",
      "category": "일상대화",
      "date": "2021-10-29",
      "size": 441,
      "annotations": {
        "subject": "연애/결혼",
        "speaker_type": "1:1",
        "size": 441,
        "word_size": 148,
        "text": "1 : 언니는 지금 호감 가는 사람 있어?\n2 : 호감 가는 사람은 딱히 없어ㅠㅠ\n1 : 그렇구나\n1 : 그러면 중국에 있었을 때 사귀던 남자친구 있었어?\n2 : 응 있었는데 연락 문제로 많이 싸웠어 하하\n1 : 그렇구나 ㅜㅜ\n1 : 그 사람은 중국 사람이었어?\n2 : 아니~ 한국에서 사귀던 사람이야 하하\n1 : 아 한국에서 사귀다가 같이 중국으로 간 거야?\n2 : 아니\n2 : 그 사람은 한국에 있었어\n1 : 그렇구나\n1 : 멀리 있으니까 연락이 잘 안 됐구나 ㅜㅜ\n2 : 응 하하 그래서 좀 힘들었지~\n1 : 그렇구나\n1 : 언니는 타지에 있어서 더 힘들었겠다 ㅜㅜ\n2 : 응 타지 생활이 그래서 힘든가 봐~\n1 : 맞아 ㅜㅜ\n1 : 중국에서는 썸 타던 사람은 없었고?\n2 : 썸 타고 싶었지만 잘 참았지 키키\n1 : 흙 ㅜㅜ 맴찢이다\n1 : 그냥 중국에서는 심심하게 놀다 왔겠구먼!\n2 : 다음에 가면 꼭 썸 타야지 키키",
        "lines": [
          {
            "id": 1,
            "text": "1 : 언니는 지금 호감 가는 사람 있어?",
            "norm_text": "언니는 지금 호감 가는 사람 있어?",
            "speaker": {
              "id": "1번",
              "sex": "여성",
              "age": "20대"
            },
            "speechAct": "(지시) 질문하기",
            "morpheme": "언니/NNG+는/JX+지금/MAG+호감/NNG+가/VV+는/ETM+사람/NNG+있/VA+어/EF"
          },
          {
            "id": 2,
            "text": "2 : 호감 가는 사람은 딱히 없어ㅠㅠ",
            "norm_text": "호감 가는 사람은 딱히 없어ㅠㅠ",
            "speaker": {
              "id": "2번",
              "sex": "여성",
              "age": "20대"
            },
            "speechAct": "(단언) 주장하기",
            "morpheme": "호감/NNG+가/VV+는/ETM+사람/NNG+은/JX+딱히/MAG+없/VA+어/EC+ㅠㅠ/UNKNOWN"
          },
          {
            "id": 3,
            "text": "1 : 그렇구나",
            "norm_text": "그렇구나",
            "speaker": {
              "id": "1번",
              "sex": "여성",
              "age": "20대"
            },
            "speechAct": "(단언) 주장하기",
            "morpheme": "그렇/VA+구나/EC"
          },
          {
            "id": 4,
            "text": "1 : 그러면 중국에 있었을 때 사귀던 남자친구 있었어?",
            "norm_text": "그러면 중국에 있었을 때 사귀던 남자친구 있었어?",
            "speaker": {
              "id": "1번",
              "sex": "여성",
              "age": "20대"
            },
            "speechAct": "(지시) 질문하기",
            "morpheme": "그러면/MAJ+중국/NNP+에/JKB+있/VV+었/EP+을/ETM+때/NNG+사귀/VV+던/ETM+남자/NNG+친구/NNG+있/VV+었/EP+어/EF"
          },
          {
            "id": 5,
            "text": "2 : 응 있었는데 연락 문제로 많이 싸웠어 하하",
            "norm_text": "응 있었는데 연락 문제로 많이 싸웠어 하하",
            "speaker": {
              "id": "2번",
              "sex": "여성",
              "age": "20대"
            },
            "speechAct": "(단언) 진술하기",
            "morpheme": "응/IC+있/VA+었/EP+는데/EC+연락/NNG+문제/NNG+로/JKB+많이/MAG+싸웠/VV+EP+어/EC+하하/MAG"
          },
          {
            "id": 6,
            "text": "1 : 그렇구나 ㅜㅜ",
            "norm_text": "그렇구나 ㅜㅜ",
            "speaker": {
              "id": "1번",
              "sex": "여성",
              "age": "20대"
            },
            "speechAct": "(단언) 주장하기",
            "morpheme": "그렇구나ㅜㅜ/UNKNOWN"
          },
          {
            "id": 7,
            "text": "1 : 그 사람은 중국 사람이었어?",
            "norm_text": "그 사람은 중국 사람이었어?",
            "speaker": {
              "id": "1번",
              "sex": "여성",
              "age": "20대"
            },
            "speechAct": "(지시) 질문하기",
            "morpheme": "그/MM+사람/NNG+은/JX+중국/NNP+사람/NNG+이/VCP+었/EP+어/EF"
          },
          {
            "id": 8,
            "text": "2 : 아니~ 한국에서 사귀던 사람이야 하하",
            "norm_text": "아니~ 한국에서 사귀던 사람이야 하하",
            "speaker": {
              "id": "2번",
              "sex": "여성",
              "age": "20대"
            },
            "speechAct": "(단언) 진술하기",
            "morpheme": "아니/IC+~/SY+한국/NNP+에서/JKB+사귀/VV+던/ETM+사람/NNG+이야/JX+하하/MAG"
          },
          {
            "id": 9,
            "text": "1 : 아 한국에서 사귀다가 같이 중국으로 간 거야?",
            "norm_text": "아 한국에서 사귀다가 같이 중국으로 간 거야?",
            "speaker": {
              "id": "1번",
              "sex": "여성",
              "age": "20대"
            },
            "speechAct": "(지시) 질문하기",
            "morpheme": "아/IC+한국/NNP+에서/JKB+사귀/VV+다가/EC+같이/MAG+중국/NNP+으로/JKB+간/VV+ETM+거/NNB+야/VCP+EF"
          },
          {
            "id": 10,
            "text": "2 : 아니",
            "norm_text": "아니",
            "speaker": {
              "id": "2번",
              "sex": "여성",
              "age": "20대"
            },
            "speechAct": "(단언) 주장하기",
            "morpheme": "아니/IC"
          },
          {
            "id": 11,
            "text": "2 : 그 사람은 한국에 있었어",
            "norm_text": "그 사람은 한국에 있었어",
            "speaker": {
              "id": "2번",
              "sex": "여성",
              "age": "20대"
            },
            "speechAct": "(단언) 진술하기",
            "morpheme": "그/MM+사람/NNG+은/JX+한국/NNP+에/JKB+있/VV+었/EP+어/EC"
          },
          {
            "id": 12,
            "text": "1 : 그렇구나",
            "norm_text": "그렇구나",
            "speaker": {
              "id": "1번",
              "sex": "여성",
              "age": "20대"
            },
            "speechAct": "(단언) 주장하기",
            "morpheme": "그렇/VA+구나/EC"
          },
          {
            "id": 13,
            "text": "1 : 멀리 있으니까 연락이 잘 안 됐구나 ㅜㅜ",
            "norm_text": "멀리 있으니까 연락이 잘 안 됐구나 ㅜㅜ",
            "speaker": {
              "id": "1번",
              "sex": "여성",
              "age": "20대"
            },
            "speechAct": "(단언) 주장하기",
            "morpheme": "멀리/MAG+있/VV+으니까/EC+연락/NNG+이/JKS+잘/MAG+안/MAG+됐/VV+EP+구나/EF+ㅜㅜ/UNKNOWN"
          },
          {
            "id": 14,
            "text": "2 : 응 하하 그래서 좀 힘들었지~",
            "norm_text": "응 하하 그래서 좀 힘들었지~",
            "speaker": {
              "id": "2번",
              "sex": "여성",
              "age": "20대"
            },
            "speechAct": "(단언) 주장하기",
            "morpheme": "응/IC+하하/MAG+그래서/MAJ+좀/MAG+힘들/VA+었/EP+지/EC+~/SY"
          },
          {
            "id": 15,
            "text": "1 : 그렇구나",
            "norm_text": "그렇구나",
            "speaker": {
              "id": "1번",
              "sex": "여성",
              "age": "20대"
            },
            "speechAct": "(단언) 주장하기",
            "morpheme": "그렇/VA+구나/EC"
          },
          {
            "id": 16,
            "text": "1 : 언니는 타지에 있어서 더 힘들었겠다 ㅜㅜ",
            "norm_text": "언니는 타지에 있어서 더 힘들었겠다 ㅜㅜ",
            "speaker": {
              "id": "1번",
              "sex": "여성",
              "age": "20대"
            },
            "speechAct": "(단언) 주장하기",
            "morpheme": "언니/NNG+는/JX+타지/NNG+에/JKB+있/VV+어서/EC+더/MAG+힘들/VA+었/EP+겠/EP+다/EF+ㅜㅜ/UNKNOWN"
          },
          {
            "id": 17,
            "text": "2 : 응 타지 생활이 그래서 힘든가 봐~",
            "norm_text": "응 타지 생활이 그래서 힘든가 봐~",
            "speaker": {
              "id": "2번",
              "sex": "여성",
              "age": "20대"
            },
            "speechAct": "(단언) 주장하기",
            "morpheme": "응/IC+타지/NNG+생활/NNG+이/JKS+그래서/MAJ+힘든가/VA+EC+봐/VX+EC+~/SY"
          },
          {
            "id": 18,
            "text": "1 : 맞아 ㅜㅜ",
            "norm_text": "맞아 ㅜㅜ",
            "speaker": {
              "id": "1번",
              "sex": "여성",
              "age": "20대"
            },
            "speechAct": "(단언) 주장하기",
            "morpheme": "맞아ㅜㅜ/UNKNOWN"
          },
          {
            "id": 19,
            "text": "1 : 중국에서는 썸 타던 사람은 없었고?",
            "norm_text": "중국에서는 썸 타던 사람은 없었고?",
            "speaker": {
              "id": "1번",
              "sex": "여성",
              "age": "20대"
            },
            "speechAct": "(지시) 질문하기",
            "morpheme": "중국/NNP+에서/JKB+는/JX+썸/NNG+타/VV+던/ETM+사람/NNG+은/JX+없/VA+었/EP+고/EC"
          },
          {
            "id": 20,
            "text": "2 : 썸 타고 싶었지만 잘 참았지 키키",
            "norm_text": "썸 타고 싶었지만 잘 참았지 키키",
            "speaker": {
              "id": "2번",
              "sex": "여성",
              "age": "20대"
            },
            "speechAct": "(단언) 주장하기",
            "morpheme": "썸/NNG+타/VV+고/EC+싶/VX+었/EP+지만/EC+잘/MAG+참/VV+았/EP+지/EC+키/NNG+키/XSV+ETN"
          },
          {
            "id": 21,
            "text": "1 : 흙 ㅜㅜ 맴찢이다",
            "norm_text": "흙 ㅜㅜ 맴찢이다",
            "speaker": {
              "id": "1번",
              "sex": "여성",
              "age": "20대"
            },
            "speechAct": "(단언) 주장하기",
            "morpheme": "흙ㅜㅜ맴찢이다/UNKNOWN"
          },
          {
            "id": 22,
            "text": "1 : 그냥 중국에서는 심심하게 놀다 왔겠구먼!",
            "norm_text": "그냥 중국에서는 심심하게 놀다 왔겠구먼!",
            "speaker": {
              "id": "1번",
              "sex": "여성",
              "age": "20대"
            },
            "speechAct": "(단언) 주장하기",
            "morpheme": "그냥/MAG+중국/NNP+에서/JKB+는/JX+심심/XR+하/XSA+게/EC+놀/VV+다/EC+왔/VX+EP+겠/EP+구먼/EF"
          },
          {
            "id": 23,
            "text": "2 : 다음에 가면 꼭 썸 타야지 키키",
            "norm_text": "다음에 가면 꼭 썸 타야지 키키",
            "speaker": {
              "id": "2번",
              "sex": "여성",
              "age": "20대"
            },
            "speechAct": "(단언) 주장하기",
            "morpheme": "다음/NNG+에/JKB+가/VV+면/EC+꼭/MAG+썸/NNG+타/VV+야지/EC+키/NNG+키/XSV+ETN"
          }
        ]
      }
    }
  ]
}