{
  "dataset": {
    "identifier": 119563,
    "name": "FACEBOOK_114_15_set",
    "src_path": "/data/file/cubeManager/PROJECT001/80/txt20211103151014092388/FACEBOOK_114_15_set/",
    "label_path": "/data/file/cubeManager/PROJECT001/80/txt20211103151014092388/FACEBOOK_114_15_set/",
    "category": 2,
    "type": 0
  },
  "licenses": {
    "name": "Apache License 1.0",
    "url": "http://www.apache.org/licenses/LICENSE-1.0"
  },
  "info": [
    {
      "id": 134418,
      "filename": "FACEBOOK_114_15.txt",
      "title": "FACEBOOK_114_15",
      "mediatype": "SNS",
      "medianame": "페이스북",
      "category": "일상대화",
      "date": "2021-11-03",
      "size": 420,
      "annotations": {
        "subject": "타 국가 이슈",
        "speaker_type": "1:1",
        "size": 420,
        "word_size": 141,
        "text": "1 : 와 테슬라라는 미국의 큰 회사 알고 있지?\n2 : 응! 전기차 회사 아니야?\n1 : 어 여기 지금 주가 최고가 경신했대!\n2 : 키키 나도 그거 작년에 샀는데!\n1 : 헐 진짜?\n1 : 지금 그러면 엄청 올랐겠네?\n2 : 응~ 보험으로 계속 들고 있지\n1 : 와 대박 키키\n1 : 그거 쏠쏠하게 수익 얻고 있어?\n2 : 팔면 세금 내야 해서 아직 안 팔았어!\n1 : 아앗 키키 그렇지 지금 시총이 1000조 원이 넘는대!\n2 : 나도 일론 머스크 되고 싶다 키키\n1 : 키키 나도, 근데 우리나라 사람 머스크 안 좋아하잖아 키키\n2 : 맞아 비트코인으로 장난 쳤잖아 키키\n1 : 아 그게 비트코인이 아니고 도지코인 아니었나?\n2 : 맞아, 도지랑 비트 두 개 다 장난쳤어\n1 : 키키 맞아 결국에 그 사람 둘 다 발 뺐다고 하지 않았어?\n2 : 응 키키 진짜 나쁜 사람이야!",
        "lines": [
          {
            "id": 1,
            "text": "1 : 와 테슬라라는 미국의 큰 회사 알고 있지?",
            "norm_text": "와 테슬라라는 미국의 큰 회사 알고 있지?",
            "speaker": {
              "id": "1번",
              "sex": "여성",
              "age": "20대"
            },
            "speechAct": "(지시) 질문하기",
            "morpheme": "와/IC+테슬라/NNP+라는/VCP+ETM+미국/NNP+의/JKG+큰/VA+ETM+회사/NNG+알/VV+고/EC+있/VX+지/EF"
          },
          {
            "id": 2,
            "text": "2 : 응! 전기차 회사 아니야?",
            "norm_text": "응! 전기차 회사 아니야?",
            "speaker": {
              "id": "2번",
              "sex": "여성",
              "age": "20대"
            },
            "speechAct": "(지시) 질문하기",
            "morpheme": "응/IC+전기차/NNP+회사/NNG+아니/VCN+야/EF"
          },
          {
            "id": 3,
            "text": "1 : 어 여기 지금 주가 최고가 경신했대!",
            "norm_text": "어 여기 지금 주가 최고가 경신했대!",
            "speaker": {
              "id": "1번",
              "sex": "여성",
              "age": "20대"
            },
            "speechAct": "(단언) 진술하기",
            "morpheme": "어/IC+여기/NP+지금/MAG+주가/NNG+최고/NNG+가/JKS+경신/NNG+했/XSV+EP+대/EF"
          },
          {
            "id": 4,
            "text": "2 : 키키 나도 그거 작년에 샀는데!",
            "norm_text": "키키 나도 그거 작년에 샀는데!",
            "speaker": {
              "id": "2번",
              "sex": "여성",
              "age": "20대"
            },
            "speechAct": "(단언) 진술하기",
            "morpheme": "키/NNG+키나/XSA+ETN+JX+도/JX+그거/NP+작년/NNG+에/JKB+샀/VV+EP+는데/EF"
          },
          {
            "id": 5,
            "text": "1 : 헐 진짜?",
            "norm_text": "헐 진짜?",
            "speaker": {
              "id": "1번",
              "sex": "여성",
              "age": "20대"
            },
            "speechAct": "턴토크 사인(관습적 반응)",
            "morpheme": "헐/IC+진짜/MAG"
          },
          {
            "id": 6,
            "text": "1 : 지금 그러면 엄청 올랐겠네?",
            "norm_text": "지금 그러면 엄청 올랐겠네?",
            "speaker": {
              "id": "1번",
              "sex": "여성",
              "age": "20대"
            },
            "speechAct": "(지시) 질문하기",
            "morpheme": "지금/MAG+그러/VV+면/EC+엄청/MAG+올랐/VV+EP+겠/EP+네/EF"
          },
          {
            "id": 7,
            "text": "2 : 응~ 보험으로 계속 들고 있지",
            "norm_text": "응~ 보험으로 계속 들고 있지",
            "speaker": {
              "id": "2번",
              "sex": "여성",
              "age": "20대"
            },
            "speechAct": "(단언) 주장하기",
            "morpheme": "응/IC+~/SY+보험/NNG+으로/JKB+계속/MAG+들/VV+고/EC+있/VX+지/EC"
          },
          {
            "id": 8,
            "text": "1 : 와 대박 키키",
            "norm_text": "와 대박 키키",
            "speaker": {
              "id": "1번",
              "sex": "여성",
              "age": "20대"
            },
            "speechAct": "(표현) 긍정감정 표현하기",
            "morpheme": "와/IC+대박/NNG+키/NNG+키/XSV+ETN"
          },
          {
            "id": 9,
            "text": "1 : 그거 쏠쏠하게 수익 얻고 있어?",
            "norm_text": "그거 쏠쏠하게 수익 얻고 있어?",
            "speaker": {
              "id": "1번",
              "sex": "여성",
              "age": "20대"
            },
            "speechAct": "(지시) 질문하기",
            "morpheme": "그거/NP+쏠쏠/XR+하/XSA+게/EC+수익/NNG+얻/VV+고/EC+있/VX+어/EF"
          },
          {
            "id": 10,
            "text": "2 : 팔면 세금 내야 해서 아직 안 팔았어!",
            "norm_text": "팔면 세금 내야 해서 아직 안 팔았어!",
            "speaker": {
              "id": "2번",
              "sex": "여성",
              "age": "20대"
            },
            "speechAct": "(단언) 진술하기",
            "morpheme": "팔/VV+면/EC+세금/NNG+내야/NNG+해서/XSV+EC+아직/MAG+안/MAG+팔/VV+았/EP+어/EF"
          },
          {
            "id": 11,
            "text": "1 : 아앗 키키 그렇지 지금 시총이 1000조 원이 넘는대!",
            "norm_text": "아앗 키키 그렇지 지금 시총이 1000조 원이 넘는대!",
            "speaker": {
              "id": "1번",
              "sex": "여성",
              "age": "20대"
            },
            "speechAct": "(단언) 진술하기",
            "morpheme": "아앗키키그렇지지금시총이/UNKNOWN+1000/SN+조/NR+원/NNBC+이/JKS+넘/VV+는대/EF"
          },
          {
            "id": 12,
            "text": "2 : 나도 일론 머스크 되고 싶다 키키",
            "norm_text": "나도 일론 머스크 되고 싶다 키키",
            "speaker": {
              "id": "2번",
              "sex": "여성",
              "age": "20대"
            },
            "speechAct": "(단언) 주장하기",
            "morpheme": "나/NP+도/JX+일/NNG+론/XSN+머스크/NNG+되/XSV+고/EC+싶/VX+다키키/NNP"
          },
          {
            "id": 13,
            "text": "1 : 키키 나도, 근데 우리나라 사람 머스크 안 좋아하잖아 키키",
            "norm_text": "키키 나도, 근데 우리나라 사람 머스크 안 좋아하잖아 키키",
            "speaker": {
              "id": "1번",
              "sex": "여성",
              "age": "20대"
            },
            "speechAct": "(단언) 주장하기",
            "morpheme": "키/NNG+키나/XSA+ETN+JX+도/JX+,/SC+근데/MAJ+우리/NP+나라/NNG+사람/NNG+머스크/NNG+안/MAG+좋아하/VV+잖아/EC+키/NNG+키/XSV+ETN"
          },
          {
            "id": 14,
            "text": "2 : 맞아 비트코인으로 장난 쳤잖아 키키",
            "norm_text": "맞아 비트코인으로 장난 쳤잖아 키키",
            "speaker": {
              "id": "2번",
              "sex": "여성",
              "age": "20대"
            },
            "speechAct": "(단언) 주장하기",
            "morpheme": "맞/VV+아/EC+비트코인/NNP+으로/JKB+장난쳤/VV+EP+잖아/EF+키/NNG+키/XSV+ETN"
          },
          {
            "id": 15,
            "text": "1 : 아 그게 비트코인이 아니고 도지코인 아니었나?",
            "norm_text": "아 그게 비트코인이 아니고 도지코인 아니었나?",
            "speaker": {
              "id": "1번",
              "sex": "여성",
              "age": "20대"
            },
            "speechAct": "(지시) 질문하기",
            "morpheme": "아/IC+그게/NP+JKS+비트코인/NNP+이/JKC+아니/VCN+고/EC+도지/NNG+코인/NNG+아니/VCN+었/EP+나/EF"
          },
          {
            "id": 16,
            "text": "2 : 맞아, 도지랑 비트 두 개 다 장난쳤어",
            "norm_text": "맞아, 도지랑 비트 두 개 다 장난쳤어",
            "speaker": {
              "id": "2번",
              "sex": "여성",
              "age": "20대"
            },
            "speechAct": "(단언) 주장하기",
            "morpheme": "맞/VV+아/EC+,/SC+도지/NNG+랑/JKB+비트/NNG+두/MM+개/NNBC+다/MAG+장난쳤/VV+EP+어/EC"
          },
          {
            "id": 17,
            "text": "1 : 키키 맞아 결국에 그 사람 둘 다 발 뺐다고 하지 않았어?",
            "norm_text": "키키 맞아 결국에 그 사람 둘 다 발 뺐다고 하지 않았어?",
            "speaker": {
              "id": "1번",
              "sex": "여성",
              "age": "20대"
            },
            "speechAct": "(지시) 질문하기",
            "morpheme": "키/NNG+키/XSV+ETN+맞/VV+아/EC+결국/NNG+에/JKB+그/MM+사람/NNG+둘/NR+다발/NNBC+뺐/VV+EP+다고/EC+하/VV+지/EC+않/VX+았/EP+어/EF"
          },
          {
            "id": 18,
            "text": "2 : 응 키키 진짜 나쁜 사람이야!",
            "norm_text": "응 키키 진짜 나쁜 사람이야!",
            "speaker": {
              "id": "2번",
              "sex": "여성",
              "age": "20대"
            },
            "speechAct": "(단언) 주장하기",
            "morpheme": "응/IC+키/NNG+키/XSV+ETN+진짜/MAG+나쁜/VA+ETM+사람/NNG+이/VCP+야/EF"
          }
        ]
      }
    }
  ]
}