{
  "dataset": {
    "identifier": 100126,
    "name": "FACEBOOK_115_14_set",
    "src_path": "/data/file/cubeManager/PROJECT001/77/txt20211029153356033737/FACEBOOK_115_14_set/",
    "label_path": "/data/file/cubeManager/PROJECT001/77/txt20211029153356033737/FACEBOOK_115_14_set/",
    "category": 2,
    "type": 0
  },
  "licenses": {
    "name": "Apache License 1.0",
    "url": "http://www.apache.org/licenses/LICENSE-1.0"
  },
  "info": [
    {
      "id": 110962,
      "filename": "FACEBOOK_115_14.txt",
      "title": "FACEBOOK_115_14",
      "mediatype": "SNS",
      "medianame": "페이스북",
      "category": "일상대화",
      "date": "2021-10-29",
      "size": 443,
      "annotations": {
        "subject": "사회이슈",
        "speaker_type": "1:1",
        "size": 443,
        "word_size": 154,
        "text": "1 : 나 몰랐는데 부동산 중개수수료 인하했다네?\n2 : 맞아\n2 : 반값으로 나도 오늘 뉴스 봄 키키\n1 : 아 진짜?\n1 : 다 반값 할인인가?\n2 : 근데 그거 실화야?\n2 : 우리도 반값이야?\n1 : ㅋ 그니까 키키\n1 : 나도 그게 제일 궁금해!\n2 : 근데 갑자기 그걸 왜 내려?\n1 : 이제 집값이 너무 비싸니까 수수료라도 낮추는 거 같던데?\n2 : 집 값을 내려야지\n2 : 서민들은 어떡해\n1 : 그니까 키키\n1 : 그게 제일 중요한 건데!\n1 : 일 안하냐 정부야!\n2 : 진짜 집 못산대 이제 ㅜㅜ\n1 : 맞아,\n1 : 근데 중국은 지금 집이 넘치는 거 알아?\n2 : 왜? 사람도 넘치잖아 거긴\n1 : 근데 살 사람이 없어서 빈 방이 많대!\n2 : 값도 싸나?\n2 : 우리보다?\n2 : 갈까 ?\n1 : 그건 모르겠는데 우리도 나중에는 집을 못 사니까 중국처럼 되지 않을까?\n2 : 에이\n2 : 우리는 그래도 부자들 많잖아",
        "lines": [
          {
            "id": 1,
            "text": "1 : 나 몰랐는데 부동산 중개수수료 인하했다네?",
            "norm_text": "나 몰랐는데 부동산 중개수수료 인하했다네?",
            "speaker": {
              "id": "1번",
              "sex": "여성",
              "age": "20대"
            },
            "speechAct": "(단언) 진술하기",
            "morpheme": "나/NP+몰랐/VV+EP+는데/EC+부동산/NNG+중개/NNG+수수료/NNG+인하/NNG+했/XSV+EP+다네/EF"
          },
          {
            "id": 2,
            "text": "2 : 맞아",
            "norm_text": "맞아",
            "speaker": {
              "id": "2번",
              "sex": "여성",
              "age": "20대"
            },
            "speechAct": "(단언) 주장하기",
            "morpheme": "맞/VV+아/EC"
          },
          {
            "id": 3,
            "text": "2 : 반값으로 나도 오늘 뉴스 봄 키키",
            "norm_text": "반값으로 나도 오늘 뉴스 봄 키키",
            "speaker": {
              "id": "2번",
              "sex": "여성",
              "age": "20대"
            },
            "speechAct": "(단언) 진술하기",
            "morpheme": "반값/NNG+으로/JKB+나/NP+도/JX+오늘/MAG+뉴스/NNG+봄/NNG+키/NNG+키/XSV+ETN"
          },
          {
            "id": 4,
            "text": "1 : 아 진짜?",
            "norm_text": "아 진짜?",
            "speaker": {
              "id": "1번",
              "sex": "여성",
              "age": "20대"
            },
            "speechAct": "(지시) 질문하기",
            "morpheme": "아/IC+진짜/MAG"
          },
          {
            "id": 5,
            "text": "1 : 다 반값 할인인가?",
            "norm_text": "다 반값 할인인가?",
            "speaker": {
              "id": "1번",
              "sex": "여성",
              "age": "20대"
            },
            "speechAct": "(지시) 질문하기",
            "morpheme": "다/MAG+반값/NNG+할인/NNG+인가/VCP+EF"
          },
          {
            "id": 6,
            "text": "2 : 근데 그거 실화야?",
            "norm_text": "근데 그거 실화야?",
            "speaker": {
              "id": "2번",
              "sex": "여성",
              "age": "20대"
            },
            "speechAct": "(지시) 질문하기",
            "morpheme": "근데/MAJ+그거/NP+실화/NNG+야/VCP+EF"
          },
          {
            "id": 7,
            "text": "2 : 우리도 반값이야?",
            "norm_text": "우리도 반값이야?",
            "speaker": {
              "id": "2번",
              "sex": "여성",
              "age": "20대"
            },
            "speechAct": "(지시) 질문하기",
            "morpheme": "우리/NP+도/JX+반값/NNG+이/VCP+야/EF"
          },
          {
            "id": 8,
            "text": "1 : ㅋ 그니까 키키",
            "norm_text": "ㅋ 그니까 키키",
            "speaker": {
              "id": "1번",
              "sex": "여성",
              "age": "20대"
            },
            "speechAct": "(단언) 주장하기",
            "morpheme": "ㅋ그니까키키/UNKNOWN"
          },
          {
            "id": 9,
            "text": "1 : 나도 그게 제일 궁금해!",
            "norm_text": "나도 그게 제일 궁금해!",
            "speaker": {
              "id": "1번",
              "sex": "여성",
              "age": "20대"
            },
            "speechAct": "(단언) 주장하기",
            "morpheme": "나/NP+도/JX+그게/NP+JKS+제일/MAG+궁금/XR+해/XSA+EF"
          },
          {
            "id": 10,
            "text": "2 : 근데 갑자기 그걸 왜 내려?",
            "norm_text": "근데 갑자기 그걸 왜 내려?",
            "speaker": {
              "id": "2번",
              "sex": "여성",
              "age": "20대"
            },
            "speechAct": "(지시) 질문하기",
            "morpheme": "근데/MAJ+갑자기/MAG+그걸/NP+JKO+왜/MAG+내려/VV+EF"
          },
          {
            "id": 11,
            "text": "1 : 이제 집값이 너무 비싸니까 수수료라도 낮추는 거 같던데?",
            "norm_text": "이제 집값이 너무 비싸니까 수수료라도 낮추는 거 같던데?",
            "speaker": {
              "id": "1번",
              "sex": "여성",
              "age": "20대"
            },
            "speechAct": "(단언) 주장하기",
            "morpheme": "이제/MAG+집값/NNG+이/JKS+너무/MAG+비싸/VA+니까/EC+수수료/NNG+라도/VCP+EC+낮추/VV+는/ETM+거/NNB+같/VA+던데/EF"
          },
          {
            "id": 12,
            "text": "2 : 집 값을 내려야지",
            "norm_text": "집 값을 내려야지",
            "speaker": {
              "id": "2번",
              "sex": "여성",
              "age": "20대"
            },
            "speechAct": "(단언) 주장하기",
            "morpheme": "집값/NNG+을/JKO+내려야지/VV+EC"
          },
          {
            "id": 13,
            "text": "2 : 서민들은 어떡해",
            "norm_text": "서민들은 어떡해",
            "speaker": {
              "id": "2번",
              "sex": "여성",
              "age": "20대"
            },
            "speechAct": "(단언) 주장하기",
            "morpheme": "서민/NNG+들/XSN+은/JX+어떡/XR+해/XSA+EC"
          },
          {
            "id": 14,
            "text": "1 : 그니까 키키",
            "norm_text": "그니까 키키",
            "speaker": {
              "id": "1번",
              "sex": "여성",
              "age": "20대"
            },
            "speechAct": "(단언) 주장하기",
            "morpheme": "그니까/MAJ+키/NNG+키/XSV+ETN"
          },
          {
            "id": 15,
            "text": "1 : 그게 제일 중요한 건데!",
            "norm_text": "그게 제일 중요한 건데!",
            "speaker": {
              "id": "1번",
              "sex": "여성",
              "age": "20대"
            },
            "speechAct": "(단언) 주장하기",
            "morpheme": "그게/NP+JKS+제일/MAG+중요/NNG+한/XSA+ETM+건데/NNB+VCP+EF"
          },
          {
            "id": 16,
            "text": "1 : 일 안하냐 정부야!",
            "norm_text": "일 안하냐 정부야!",
            "speaker": {
              "id": "1번",
              "sex": "여성",
              "age": "20대"
            },
            "speechAct": "(단언) 주장하기",
            "morpheme": "일안/NNG+하/XSV+냐/EC+정부/NNG+야/VCP+EF"
          },
          {
            "id": 17,
            "text": "2 : 진짜 집 못산대 이제 ㅜㅜ",
            "norm_text": "진짜 집 못산대 이제 ㅜㅜ",
            "speaker": {
              "id": "2번",
              "sex": "여성",
              "age": "20대"
            },
            "speechAct": "(단언) 주장하기",
            "morpheme": "진짜/MAG+집/NNG+못/MAG+산대/NNG+이제/MAG+ㅜㅜ/UNKNOWN"
          },
          {
            "id": 18,
            "text": "1 : 맞아,",
            "norm_text": "맞아,",
            "speaker": {
              "id": "1번",
              "sex": "여성",
              "age": "20대"
            },
            "speechAct": "(단언) 주장하기",
            "morpheme": "맞/VV+아/EC+,/SC"
          },
          {
            "id": 19,
            "text": "1 : 근데 중국은 지금 집이 넘치는 거 알아?",
            "norm_text": "근데 중국은 지금 집이 넘치는 거 알아?",
            "speaker": {
              "id": "1번",
              "sex": "여성",
              "age": "20대"
            },
            "speechAct": "(지시) 질문하기",
            "morpheme": "근데/MAJ+중국/NNP+은/JX+지금/MAG+집/NNG+이/JKS+넘치/VV+는/ETM+거/NNB+알/VV+아/EF"
          },
          {
            "id": 20,
            "text": "2 : 왜? 사람도 넘치잖아 거긴",
            "norm_text": "왜? 사람도 넘치잖아 거긴",
            "speaker": {
              "id": "2번",
              "sex": "여성",
              "age": "20대"
            },
            "speechAct": "(지시) 질문하기",
            "morpheme": "왜/MAG+사람/NNG+도/JX+넘치/VV+잖아/EF+거긴/NP+JX"
          },
          {
            "id": 21,
            "text": "1 : 근데 살 사람이 없어서 빈 방이 많대!",
            "norm_text": "근데 살 사람이 없어서 빈 방이 많대!",
            "speaker": {
              "id": "1번",
              "sex": "여성",
              "age": "20대"
            },
            "speechAct": "(단언) 진술하기",
            "morpheme": "근데/MAJ+살/VV+ETM+사람/NNG+이/JKS+없/VA+어서/EC+빈방/NNG+이/JKS+많/VA+대/EF"
          },
          {
            "id": 22,
            "text": "2 : 값도 싸나?",
            "norm_text": "값도 싸나?",
            "speaker": {
              "id": "2번",
              "sex": "여성",
              "age": "20대"
            },
            "speechAct": "(지시) 질문하기",
            "morpheme": "값/NNG+도/JX+싸/VA+나/EF"
          },
          {
            "id": 23,
            "text": "2 : 우리보다?",
            "norm_text": "우리보다?",
            "speaker": {
              "id": "2번",
              "sex": "여성",
              "age": "20대"
            },
            "speechAct": "(지시) 질문하기",
            "morpheme": "우리/NP+보다/JKB"
          },
          {
            "id": 24,
            "text": "2 : 갈까 ?",
            "norm_text": "갈까 ?",
            "speaker": {
              "id": "2번",
              "sex": "여성",
              "age": "20대"
            },
            "speechAct": "(지시) 질문하기",
            "morpheme": "갈까/VV+EF"
          },
          {
            "id": 25,
            "text": "1 : 그건 모르겠는데 우리도 나중에는 집을 못 사니까 중국처럼 되지 않을까?",
            "norm_text": "그건 모르겠는데 우리도 나중에는 집을 못 사니까 중국처럼 되지 않을까?",
            "speaker": {
              "id": "1번",
              "sex": "여성",
              "age": "20대"
            },
            "speechAct": "(지시) 질문하기",
            "morpheme": "그건/NP+JX+모르/VV+겠/EP+는데/EC+우리/NP+도/JX+나중/NNG+에/JKB+는/JX+집/NNG+을/JKO+못사/VV+니까/EC+중국/NNP+처럼/JKB+되/VV+지/EC+않/VX+을까/EF"
          },
          {
            "id": 26,
            "text": "2 : 에이",
            "norm_text": "에이",
            "speaker": {
              "id": "2번",
              "sex": "여성",
              "age": "20대"
            },
            "speechAct": "(단언) 주장하기",
            "morpheme": "에이/NNG"
          },
          {
            "id": 27,
            "text": "2 : 우리는 그래도 부자들 많잖아",
            "norm_text": "우리는 그래도 부자들 많잖아",
            "speaker": {
              "id": "2번",
              "sex": "여성",
              "age": "20대"
            },
            "speechAct": "(단언) 주장하기",
            "morpheme": "우리/NP+는/JX+그래도/MAJ+부자/NNG+들/XSN+많/VA+잖아/EC"
          }
        ]
      }
    }
  ]
}