{
  "dataset": {
    "identifier": 102852,
    "name": "FACEBOOK_107_10_set",
    "src_path": "/data/file/cubeManager/PROJECT001/77/txt20211029160805029468/FACEBOOK_107_10_set/",
    "label_path": "/data/file/cubeManager/PROJECT001/77/txt20211029160805029468/FACEBOOK_107_10_set/",
    "category": 2,
    "type": 0
  },
  "licenses": {
    "name": "Apache License 1.0",
    "url": "http://www.apache.org/licenses/LICENSE-1.0"
  },
  "info": [
    {
      "id": 111278,
      "filename": "FACEBOOK_107_10.txt",
      "title": "FACEBOOK_107_10",
      "mediatype": "SNS",
      "medianame": "페이스북",
      "category": "일상대화",
      "date": "2021-10-29",
      "size": 438,
      "annotations": {
        "subject": "스포츠/레저",
        "speaker_type": "1:1",
        "size": 438,
        "word_size": 156,
        "text": "1 : 언니는 볼링 잘 쳐?\n1 : 몇 나와?\n2 : 나 볼링 좋아해 근데 못 쳐...\n1 : 진짜 점수 몇 점인데?\n1 : 나랑 붙자~\n2 : 난 그 점수도 잘 몰라 너 잘치지\n1 : 나 이번에 오랜만에 쳤는데 100 나와버렸지 뭐야~\n2 : 백 나오면 잘 치는 거야?\n1 : 음 그냥 뽀록이지, 어쩌다 걸린,?\n2 : 키키 나도 이번에 애들 만나면 치러가야지\n1 : 키키 요즘에 술 마시고 노래 들을 수 있는 락볼링장이 진짜 재밌는 거 같아!\n2 : 맞아\n2 : 논산에도 생긴 거 알아?\n1 : 어 봤어!\n1 : 근데 조명이 약간 정육점집 같아!\n2 : 키키 그런가?\n2 : 난 제대로 기억이 없음\n1 : 키키 그때 술 아주 얼큰하게 먹고 갔구나?\n2 : 키키 그랬나?\n2 : 볼링 배우고 싶어 나도\n1 : 나도, 근데 그 볼링 던질 때 그 자세, 나는 평생 못할 거 같아,\n2 : 키키 나도야 나 그 자세가 안 나와",
        "lines": [
          {
            "id": 1,
            "text": "1 : 언니는 볼링 잘 쳐?",
            "norm_text": "언니는 볼링 잘 쳐?",
            "speaker": {
              "id": "1번",
              "sex": "여성",
              "age": "20대"
            },
            "speechAct": "(지시) 질문하기",
            "morpheme": "언니/NNG+는/JX+볼링/NNG+잘/MAG+쳐/VV+EF"
          },
          {
            "id": 2,
            "text": "1 : 몇 나와?",
            "norm_text": "몇 나와?",
            "speaker": {
              "id": "1번",
              "sex": "여성",
              "age": "20대"
            },
            "speechAct": "(지시) 질문하기",
            "morpheme": "몇/MM+나와/VV+EF"
          },
          {
            "id": 3,
            "text": "2 : 나 볼링 좋아해 근데 못 쳐...",
            "norm_text": "나 볼링 좋아해 근데 못 쳐...",
            "speaker": {
              "id": "2번",
              "sex": "여성",
              "age": "20대"
            },
            "speechAct": "(단언) 주장하기",
            "morpheme": "나/NP+볼/VV+ETM+링/JKO+좋/VA+아/EC+해/VX+EF+근데/MAJ+못/MAG+쳐/VV+EF+./SY"
          },
          {
            "id": 4,
            "text": "1 : 진짜 점수 몇 점인데?",
            "norm_text": "진짜 점수 몇 점인데?",
            "speaker": {
              "id": "1번",
              "sex": "여성",
              "age": "20대"
            },
            "speechAct": "(지시) 질문하기",
            "morpheme": "진짜/MAG+점수/NNG+몇/MM+점/NNBC+인데/VCP+EF"
          },
          {
            "id": 5,
            "text": "1 : 나랑 붙자~",
            "norm_text": "나랑 붙자~",
            "speaker": {
              "id": "1번",
              "sex": "여성",
              "age": "20대"
            },
            "speechAct": "(지시) 충고/제안하기",
            "morpheme": "나/NP+랑/JKB+붙/VV+자/EC+~/SY"
          },
          {
            "id": 6,
            "text": "2 : 난 그 점수도 잘 몰라 너 잘치지",
            "norm_text": "난 그 점수도 잘 몰라 너 잘치지",
            "speaker": {
              "id": "2번",
              "sex": "여성",
              "age": "20대"
            },
            "speechAct": "(지시) 질문하기",
            "morpheme": "난/NP+JX+그/MM+점수/NNG+도/JX+잘/MAG+몰라/VV+EF+너/NP+잘/MAG+치/VV+지/EC"
          },
          {
            "id": 7,
            "text": "1 : 나 이번에 오랜만에 쳤는데 100 나와버렸지 뭐야~",
            "norm_text": "나 이번에 오랜만에 쳤는데 100 나와버렸지 뭐야~",
            "speaker": {
              "id": "1번",
              "sex": "여성",
              "age": "20대"
            },
            "speechAct": "(단언) 진술하기",
            "morpheme": "나/NP+이번/NNG+에/JKB+오랜만/NNG+에/JKB+쳤/VV+EP+는데/EC+100/SN+나와/VV+EC+버렸/VX+EP+지/EF+뭐/NP+야/VCP+EF+~/SY"
          },
          {
            "id": 8,
            "text": "2 : 백 나오면 잘 치는 거야?",
            "norm_text": "백 나오면 잘 치는 거야?",
            "speaker": {
              "id": "2번",
              "sex": "여성",
              "age": "20대"
            },
            "speechAct": "(지시) 질문하기",
            "morpheme": "백/NR+나오/VV+면/EC+잘/MAG+치/VV+는/ETM+거/NNB+야/VCP+EF"
          },
          {
            "id": 9,
            "text": "1 : 음 그냥 뽀록이지, 어쩌다 걸린,?",
            "norm_text": "음 그냥 뽀록이지, 어쩌다 걸린,?",
            "speaker": {
              "id": "1번",
              "sex": "여성",
              "age": "20대"
            },
            "speechAct": "(단언) 주장하기",
            "morpheme": "음/IC+그냥/MAG+뽀/MAG+록/NNG+이/VCP+지/EF+,/SC+어쩌다/MAJ+걸린/VV+ETM+,/SY"
          },
          {
            "id": 10,
            "text": "2 : 키키 나도 이번에 애들 만나면 치러가야지",
            "norm_text": "키키 나도 이번에 애들 만나면 치러가야지",
            "speaker": {
              "id": "2번",
              "sex": "여성",
              "age": "20대"
            },
            "speechAct": "(단언) 주장하기",
            "morpheme": "키/NNG+키나/XSA+ETN+JX+도/JX+이번/NNG+에/JKB+애/NNG+들/XSN+만나/VV+면/EC+치러/VV+EC+가/VX+야지/EC"
          },
          {
            "id": 11,
            "text": "1 : 키키 요즘에 술 마시고 노래 들을 수 있는 락볼링장이 진짜 재밌는 거 같아!",
            "norm_text": "키키 요즘에 술 마시고 노래 들을 수 있는 락볼링장이 진짜 재밌는 거 같아!",
            "speaker": {
              "id": "1번",
              "sex": "여성",
              "age": "20대"
            },
            "speechAct": "(단언) 주장하기",
            "morpheme": "키/NNG+키/NNG+요즘/NNG+에/JKB+술/NNG+마시/VV+고/EC+노래/NNG+들/XSN+을/JKO+수/NNB+있/VV+는/ETM+락/NNG+볼링장/NNG+이/JKS+진짜/MAG+재밌/VA+는/ETM+거/NNB+같/VA+아/EF"
          },
          {
            "id": 12,
            "text": "2 : 맞아",
            "norm_text": "맞아",
            "speaker": {
              "id": "2번",
              "sex": "여성",
              "age": "20대"
            },
            "speechAct": "(단언) 주장하기",
            "morpheme": "맞/VV+아/EC"
          },
          {
            "id": 13,
            "text": "2 : 논산에도 생긴 거 알아?",
            "norm_text": "논산에도 생긴 거 알아?",
            "speaker": {
              "id": "2번",
              "sex": "여성",
              "age": "20대"
            },
            "speechAct": "(지시) 질문하기",
            "morpheme": "논산/NNP+에/JKB+도/JX+생긴/VV+ETM+거/NNB+알/VV+아/EF"
          },
          {
            "id": 14,
            "text": "1 : 어 봤어!",
            "norm_text": "어 봤어!",
            "speaker": {
              "id": "1번",
              "sex": "여성",
              "age": "20대"
            },
            "speechAct": "(단언) 진술하기",
            "morpheme": "어/IC+봤/VV+EP+어/EF"
          },
          {
            "id": 15,
            "text": "1 : 근데 조명이 약간 정육점집 같아!",
            "norm_text": "근데 조명이 약간 정육점집 같아!",
            "speaker": {
              "id": "1번",
              "sex": "여성",
              "age": "20대"
            },
            "speechAct": "(단언) 주장하기",
            "morpheme": "근데/MAJ+조명/NNG+이/JKS+약간/MAG+정육점/NNG+집/NNG+같/VA+아/EF"
          },
          {
            "id": 16,
            "text": "2 : 키키 그런가?",
            "norm_text": "키키 그런가?",
            "speaker": {
              "id": "2번",
              "sex": "여성",
              "age": "20대"
            },
            "speechAct": "(지시) 질문하기",
            "morpheme": "키/NNG+키/XSV+ETN+그런가/VA+EF"
          },
          {
            "id": 17,
            "text": "2 : 난 제대로 기억이 없음",
            "norm_text": "난 제대로 기억이 없음",
            "speaker": {
              "id": "2번",
              "sex": "여성",
              "age": "20대"
            },
            "speechAct": "(단언) 진술하기",
            "morpheme": "난/NP+JX+제대로/MAG+기억/NNG+이/JKS+없/VA+음/ETN"
          },
          {
            "id": 18,
            "text": "1 : 키키 그때 술 아주 얼큰하게 먹고 갔구나?",
            "norm_text": "키키 그때 술 아주 얼큰하게 먹고 갔구나?",
            "speaker": {
              "id": "1번",
              "sex": "여성",
              "age": "20대"
            },
            "speechAct": "(지시) 질문하기",
            "morpheme": "키/NNG+키/NNG+그때/NNG+술/NNG+아주/MAG+얼큰하/VA+게/EC+먹/VV+고/EC+갔/VV+EP+구나/EF"
          },
          {
            "id": 19,
            "text": "2 : 키키 그랬나?",
            "norm_text": "키키 그랬나?",
            "speaker": {
              "id": "2번",
              "sex": "여성",
              "age": "20대"
            },
            "speechAct": "(지시) 질문하기",
            "morpheme": "키/NNG+키/XSV+ETN+그랬/VV+EP+나/EF"
          },
          {
            "id": 20,
            "text": "2 : 볼링 배우고 싶어 나도",
            "norm_text": "볼링 배우고 싶어 나도",
            "speaker": {
              "id": "2번",
              "sex": "여성",
              "age": "20대"
            },
            "speechAct": "(단언) 주장하기",
            "morpheme": "볼링/NNG+배우/VV+고/EC+싶/VX+어/EC+나/NP+도/JX"
          },
          {
            "id": 21,
            "text": "1 : 나도, 근데 그 볼링 던질 때 그 자세, 나는 평생 못할 거 같아,",
            "norm_text": "나도, 근데 그 볼링 던질 때 그 자세, 나는 평생 못할 거 같아,",
            "speaker": {
              "id": "1번",
              "sex": "여성",
              "age": "20대"
            },
            "speechAct": "(단언) 주장하기",
            "morpheme": "나/NP+도/JX+,/SC+근데/MAJ+그/MM+볼링/NNG+던질/VV+ETM+때/NNG+그/MM+자세/NNG+,/SC+나/NP+는/JX+평생/MAG+못/MAG+할/VV+ETM+거/NNB+같/VA+아/EC+,/SC"
          },
          {
            "id": 22,
            "text": "2 : 키키 나도야 나 그 자세가 안 나와",
            "norm_text": "키키 나도야 나 그 자세가 안 나와",
            "speaker": {
              "id": "2번",
              "sex": "여성",
              "age": "20대"
            },
            "speechAct": "(단언) 주장하기",
            "morpheme": "키/NNG+키나/XSA+ETN+JX+도야/NNG+나/JC+그/MM+자세/NNG+가/JKS+안/MAG+나와/VV+EC"
          }
        ]
      }
    }
  ]
}