{
  "dataset": {
    "identifier": 117167,
    "name": "FACEBOOK_117_04_set",
    "src_path": "/data/file/cubeManager/PROJECT001/80/txt202111021033310327107/FACEBOOK_117_04_set/",
    "label_path": "/data/file/cubeManager/PROJECT001/80/txt202111021033310327107/FACEBOOK_117_04_set/",
    "category": 2,
    "type": 0
  },
  "licenses": {
    "name": "Apache License 1.0",
    "url": "http://www.apache.org/licenses/LICENSE-1.0"
  },
  "info": [
    {
      "id": 129647,
      "filename": "FACEBOOK_117_04.txt",
      "title": "FACEBOOK_117_04",
      "mediatype": "SNS",
      "medianame": "페이스북",
      "category": "일상대화",
      "date": "2021-11-02",
      "size": 407,
      "annotations": {
        "subject": "회사/아르바이트",
        "speaker_type": "1:1",
        "size": 407,
        "word_size": 140,
        "text": "1 : 언니는 공장 알바 해봤어?\n2 : 공장 알바 해봤지 고딩 취업 키키\n1 : 아 진짜? 거기로 들어갔었어?\n2 : 웅 그때 막 각 학교에서 다 왔어 우리 또래 애들 키키\n1 : 언니가 거기서 하는 일이 뭐였어?\n2 : 거기 핸드폰 뭐 액정 만드는 거였을껄?\n1 : 키키 아 진짜? 그거 하는 건 안 어려웠어?\n2 : 웅 재밌었어 학교 같은 분위기 키키\n1 : 그거 혹시 언니가 터치 잘 되는지 시험하는 사람이었어?\n2 : 아니 우린 필름 붙이는 거 같은 거 키키\n1 : 오 키키 나는 화장품 공장 알바 해 봄!\n2 : 헐 화장품 나도 제닉?\n1 : 키키 어~? 언니도~? 나도!\n1 : 거기 밥 맛있음!\n2 : 키키 거기 논산 사람들 다하는 데 아냐?\n1 : 키키 맞아 그러다가 화장품 몰래 훔쳐오고!\n2 : 다 거쳐 갔고만 성동 키키 거기 드러울 듯",
        "lines": [
          {
            "id": 1,
            "text": "1 : 언니는 공장 알바 해봤어?",
            "norm_text": "언니는 공장 알바 해봤어?",
            "speaker": {
              "id": "1번",
              "sex": "여성",
              "age": "20대"
            },
            "speechAct": "(지시) 질문하기",
            "morpheme": "언니/NNG+는/JX+공장/NNG+알/VV+ETM+바/NNB+해/VV+EC+봤/VX+EP+어/EF"
          },
          {
            "id": 2,
            "text": "2 : 공장 알바 해봤지 고딩 취업 키키",
            "norm_text": "공장 알바 해봤지 고딩 취업 키키",
            "speaker": {
              "id": "2번",
              "sex": "여성",
              "age": "20대"
            },
            "speechAct": "(단언) 주장하기",
            "morpheme": "공장/NNG+알/VV+ETM+바/NNB+해/VV+EC+봤/VX+EP+지/EF+고딩/NNP+취업/NNG+키/NNG+키/XSV+ETN"
          },
          {
            "id": 3,
            "text": "1 : 아 진짜? 거기로 들어갔었어?",
            "norm_text": "아 진짜? 거기로 들어갔었어?",
            "speaker": {
              "id": "1번",
              "sex": "여성",
              "age": "20대"
            },
            "speechAct": "(지시) 질문하기",
            "morpheme": "아/IC+진짜/MAG+거기/NP+로/JKB+들어갔었/VV+EP+어/EF"
          },
          {
            "id": 4,
            "text": "2 : 웅 그때 막 각 학교에서 다 왔어 우리 또래 애들 키키",
            "norm_text": "웅 그때 막 각 학교에서 다 왔어 우리 또래 애들 키키",
            "speaker": {
              "id": "2번",
              "sex": "여성",
              "age": "20대"
            },
            "speechAct": "(단언) 주장하기",
            "morpheme": "웅/IC+그때/NNG+막/MAJ+각/MM+학교/NNG+에서/JKB+다/MAG+왔/VV+EP+어/EF+우리/NP+또래/NNG+애/NNG+들/XSN+키/NNG+키/XSV+ETN"
          },
          {
            "id": 5,
            "text": "1 : 언니가 거기서 하는 일이 뭐였어?",
            "norm_text": "언니가 거기서 하는 일이 뭐였어?",
            "speaker": {
              "id": "1번",
              "sex": "여성",
              "age": "20대"
            },
            "speechAct": "(지시) 질문하기",
            "morpheme": "언니/NNG+가/JKS+거기/NP+서/JKB+하/VV+는/ETM+일/NNG+이/JKS+뭐/NP+였/VCP+EP+어/EF"
          },
          {
            "id": 6,
            "text": "2 : 거기 핸드폰 뭐 액정 만드는 거였을껄?",
            "norm_text": "거기 핸드폰 뭐 액정 만드는 거였을껄?",
            "speaker": {
              "id": "2번",
              "sex": "여성",
              "age": "20대"
            },
            "speechAct": "(단언) 주장하기",
            "morpheme": "거기/NP+핸드폰/NNG+뭐/IC+액정/NNG+만드/VV+는/ETM+거/NNB+였/VCP+EP+을껄/EF"
          },
          {
            "id": 7,
            "text": "1 : 키키 아 진짜? 그거 하는 건 안 어려웠어?",
            "norm_text": "키키 아 진짜? 그거 하는 건 안 어려웠어?",
            "speaker": {
              "id": "1번",
              "sex": "여성",
              "age": "20대"
            },
            "speechAct": "(지시) 질문하기",
            "morpheme": "키/NNG+키/VV+아/EC+진짜/MAG+그거/NP+하/VV+는/ETM+건/NNB+JX+안/MAG+어려웠/VA+EP+어/EF"
          },
          {
            "id": 8,
            "text": "2 : 웅 재밌었어 학교 같은 분위기 키키",
            "norm_text": "웅 재밌었어 학교 같은 분위기 키키",
            "speaker": {
              "id": "2번",
              "sex": "여성",
              "age": "20대"
            },
            "speechAct": "(단언) 주장하기",
            "morpheme": "웅/IC+재밌/VA+었/EP+어/EC+학교/NNG+같/VA+은/ETM+분위기/NNG+키/NNG+키/XSV+ETN"
          },
          {
            "id": 9,
            "text": "1 : 그거 혹시 언니가 터치 잘 되는지 시험하는 사람이었어?",
            "norm_text": "그거 혹시 언니가 터치 잘 되는지 시험하는 사람이었어?",
            "speaker": {
              "id": "1번",
              "sex": "여성",
              "age": "20대"
            },
            "speechAct": "(지시) 질문하기",
            "morpheme": "그거/NP+혹시/MAG+언니/NNG+가/JKS+터치/NNG+잘/MAG+되/VV+는지/EC+시험/NNG+하/XSV+는/ETM+사람/NNG+이/VCP+었/EP+어/EF"
          },
          {
            "id": 10,
            "text": "2 : 아니 우린 필름 붙이는 거 같은 거 키키",
            "norm_text": "아니 우린 필름 붙이는 거 같은 거 키키",
            "speaker": {
              "id": "2번",
              "sex": "여성",
              "age": "20대"
            },
            "speechAct": "(단언) 주장하기",
            "morpheme": "아니/IC+우린/NP+JX+필름/NNG+붙이/VV+는/ETM+거/NNB+같/VA+은/ETM+거/NNB+키/NNG+키/XSV+ETN"
          },
          {
            "id": 11,
            "text": "1 : 오 키키 나는 화장품 공장 알바 해 봄!",
            "norm_text": "오 키키 나는 화장품 공장 알바 해 봄!",
            "speaker": {
              "id": "1번",
              "sex": "여성",
              "age": "20대"
            },
            "speechAct": "(단언) 주장하기",
            "morpheme": "오키/NNP+키나/NNG+는/JX+화장품/NNG+공장/NNG+알/VV+바/EC+해봄/VX+EC+VX+ETN"
          },
          {
            "id": 12,
            "text": "2 : 헐 화장품 나도 제닉?",
            "norm_text": "헐 화장품 나도 제닉?",
            "speaker": {
              "id": "2번",
              "sex": "여성",
              "age": "20대"
            },
            "speechAct": "(지시) 질문하기",
            "morpheme": "헐화장품나도제닉/UNKNOWN"
          },
          {
            "id": 13,
            "text": "1 : 키키 어~? 언니도~? 나도!",
            "norm_text": "키키 어~? 언니도~? 나도!",
            "speaker": {
              "id": "1번",
              "sex": "여성",
              "age": "20대"
            },
            "speechAct": "(단언) 주장하기",
            "morpheme": "키/NNG+키어/NNG+~/SY+언니/NNG+도/JX+~/SY+나/NP+도/JX"
          },
          {
            "id": 14,
            "text": "1 : 거기 밥 맛있음!",
            "norm_text": "거기 밥 맛있음!",
            "speaker": {
              "id": "1번",
              "sex": "여성",
              "age": "20대"
            },
            "speechAct": "(단언) 주장하기",
            "morpheme": "거기/NP+밥맛/NNG+있/VV+음/ETN"
          },
          {
            "id": 15,
            "text": "2 : 키키 거기 논산 사람들 다하는 데 아냐?",
            "norm_text": "키키 거기 논산 사람들 다하는 데 아냐?",
            "speaker": {
              "id": "2번",
              "sex": "여성",
              "age": "20대"
            },
            "speechAct": "(지시) 질문하기",
            "morpheme": "키/NNG+키/XSV+ETN+거기/NP+논산/NNP+사람/NNG+들/XSN+다/MAG+하/VV+는/ETM+데/NNB+아냐/VCN+EF"
          },
          {
            "id": 16,
            "text": "1 : 키키 맞아 그러다가 화장품 몰래 훔쳐오고!",
            "norm_text": "키키 맞아 그러다가 화장품 몰래 훔쳐오고!",
            "speaker": {
              "id": "1번",
              "sex": "여성",
              "age": "20대"
            },
            "speechAct": "(단언) 주장하기",
            "morpheme": "키/NNG+키/XSV+ETN+맞/VV+아/EC+그러/VV+다가/EC+화장품/NNG+몰래/MAG+훔쳐/VV+EC+오/VV+고/EC"
          },
          {
            "id": 17,
            "text": "2 : 다 거쳐 갔고만 성동 키키 거기 드러울 듯",
            "norm_text": "다 거쳐 갔고만 성동 키키 거기 드러울 듯",
            "speaker": {
              "id": "2번",
              "sex": "여성",
              "age": "20대"
            },
            "speechAct": "(단언) 주장하기",
            "morpheme": "다/MAG+거쳐갔/VV+EC+VX+EP+고/EC+만/JX+성동/NNG+키/NNG+키/XSV+ETN+거기/NP+드/VV+러/EC+울/VV+듯/EC"
          }
        ]
      }
    }
  ]
}