{
  "dataset": {
    "identifier": 119585,
    "name": "FACEBOOK_114_13_set",
    "src_path": "/data/file/cubeManager/PROJECT001/80/txt20211103151014090862/FACEBOOK_114_13_set/",
    "label_path": "/data/file/cubeManager/PROJECT001/80/txt20211103151014090862/FACEBOOK_114_13_set/",
    "category": 2,
    "type": 0
  },
  "licenses": {
    "name": "Apache License 1.0",
    "url": "http://www.apache.org/licenses/LICENSE-1.0"
  },
  "info": [
    {
      "id": 134416,
      "filename": "FACEBOOK_114_13.txt",
      "title": "FACEBOOK_114_13",
      "mediatype": "SNS",
      "medianame": "페이스북",
      "category": "일상대화",
      "date": "2021-11-03",
      "size": 413,
      "annotations": {
        "subject": "계절/날씨",
        "speaker_type": "1:1",
        "size": 413,
        "word_size": 140,
        "text": "1 : 혹시 오늘 밖에 나갔다 왔어?\n2 : 아니 좀 나중에 나가보려고~\n1 : 그렇구나 키키\n1 : 오늘 최저 기온 3도네 서울은!\n2 : 미쳤다 ㅠㅠ\n2 : 이제 진짜 겨울이다~\n1 : 그러니까 ㅜㅜ 최고 기온은 17도래!\n2 : 이제 곧 패딩 입어야 될 거 같은데?\n1 : 하 그러니까,  우리 김장도 빨리 해야 할 거 같아!\n2 : 키키 김장 나는 김치 사 먹는데!\n1 : 부럽다 ㅜㅜ\n1 : 우리는 밭이 있어서 거기서 배추랑 무 키움!\n2 : 헐 그래도 다 같이하면 재밌을 거 같아!\n1 : 음 일단 나는 그날은 요리사임!\n2 : 키키 수육도 같이 해서 먹어?\n1 : 그럼~ 내가 수육 삶고 김치 양념에 굴 버무려서 굴쌈도 만들지~\n2 : 나중에 더 추워지면 놀러 가야겠네!\n1 : 그럼 그럼~ 김치도 좀 가져가 ~\n2 : 알겠어! 너희 집 꺼 김치 먹어야겠다!",
        "lines": [
          {
            "id": 1,
            "text": "1 : 혹시 오늘 밖에 나갔다 왔어?",
            "norm_text": "혹시 오늘 밖에 나갔다 왔어?",
            "speaker": {
              "id": "1번",
              "sex": "여성",
              "age": "20대"
            },
            "speechAct": "(지시) 질문하기",
            "morpheme": "혹시/MAG+오늘/NNG+밖에/JX+나갔/VV+EP+다/EC+왔/VX+EP+어/EF"
          },
          {
            "id": 2,
            "text": "2 : 아니 좀 나중에 나가보려고~",
            "norm_text": "아니 좀 나중에 나가보려고~",
            "speaker": {
              "id": "2번",
              "sex": "여성",
              "age": "20대"
            },
            "speechAct": "(단언) 주장하기",
            "morpheme": "아니/IC+좀/MAG+나중/NNG+에/JKB+나가/VV+EC+보/VX+려고/EC+~/SY"
          },
          {
            "id": 3,
            "text": "1 : 그렇구나 키키",
            "norm_text": "그렇구나 키키",
            "speaker": {
              "id": "1번",
              "sex": "여성",
              "age": "20대"
            },
            "speechAct": "(단언) 주장하기",
            "morpheme": "그렇/VA+구나/EF+키/NNG+키/XSV+ETN"
          },
          {
            "id": 4,
            "text": "1 : 오늘 최저 기온 3도네 서울은!",
            "norm_text": "오늘 최저 기온 3도네 서울은!",
            "speaker": {
              "id": "1번",
              "sex": "여성",
              "age": "20대"
            },
            "speechAct": "(단언) 진술하기",
            "morpheme": "오늘/MAG+최저/NNG+기온/NNG+3/SN+도/NNBC+네/XSN+서울/NNP+은/JX"
          },
          {
            "id": 5,
            "text": "2 : 미쳤다 ㅠㅠ",
            "norm_text": "미쳤다 ㅠㅠ",
            "speaker": {
              "id": "2번",
              "sex": "여성",
              "age": "20대"
            },
            "speechAct": "(표현) 부정감정 표현하기",
            "morpheme": "미쳤다ㅠㅠ/UNKNOWN"
          },
          {
            "id": 6,
            "text": "2 : 이제 진짜 겨울이다~",
            "norm_text": "이제 진짜 겨울이다~",
            "speaker": {
              "id": "2번",
              "sex": "여성",
              "age": "20대"
            },
            "speechAct": "(단언) 주장하기",
            "morpheme": "이제/MAG+진짜/MAG+겨울/NNG+이/VCP+다/EC+~/SY"
          },
          {
            "id": 7,
            "text": "1 : 그러니까 ㅜㅜ 최고 기온은 17도래!",
            "norm_text": "그러니까 ㅜㅜ 최고 기온은 17도래!",
            "speaker": {
              "id": "1번",
              "sex": "여성",
              "age": "20대"
            },
            "speechAct": "(단언) 진술하기",
            "morpheme": "그러니까/MAJ+ㅜㅜ/UNKNOWN+최고/NNG+기온/NNG+은/JX+17/SN+도래/NNG"
          },
          {
            "id": 8,
            "text": "2 : 이제 곧 패딩 입어야 될 거 같은데?",
            "norm_text": "이제 곧 패딩 입어야 될 거 같은데?",
            "speaker": {
              "id": "2번",
              "sex": "여성",
              "age": "20대"
            },
            "speechAct": "(지시) 질문하기",
            "morpheme": "이제/MAG+곧/MAG+패딩/NNG+입/VV+어야/EC+될/VV+ETM+거/NNB+같/VA+은데/EF"
          },
          {
            "id": 9,
            "text": "1 : 하 그러니까,  우리 김장도 빨리 해야 할 거 같아!",
            "norm_text": "하 그러니까,  우리 김장도 빨리 해야 할 거 같아!",
            "speaker": {
              "id": "1번",
              "sex": "여성",
              "age": "20대"
            },
            "speechAct": "(단언) 주장하기",
            "morpheme": "하/IC+그러니까/MAJ+,/SC+우리/NP+김장/NNG+도/JX+빨리/MAG+해야/VV+EC+할/VX+ETM+거/NNB+같/VA+아/EF"
          },
          {
            "id": 10,
            "text": "2 : 키키 김장 나는 김치 사 먹는데!",
            "norm_text": "키키 김장 나는 김치 사 먹는데!",
            "speaker": {
              "id": "2번",
              "sex": "여성",
              "age": "20대"
            },
            "speechAct": "(단언) 진술하기",
            "morpheme": "키/NNG+키/NNG+김장/NNG+나/NP+는/JX+김치/NNG+사먹/VV+는데/EC"
          },
          {
            "id": 11,
            "text": "1 : 부럽다 ㅜㅜ",
            "norm_text": "부럽다 ㅜㅜ",
            "speaker": {
              "id": "1번",
              "sex": "여성",
              "age": "20대"
            },
            "speechAct": "(단언) 주장하기",
            "morpheme": "부럽다ㅜㅜ/UNKNOWN"
          },
          {
            "id": 12,
            "text": "1 : 우리는 밭이 있어서 거기서 배추랑 무 키움!",
            "norm_text": "우리는 밭이 있어서 거기서 배추랑 무 키움!",
            "speaker": {
              "id": "1번",
              "sex": "여성",
              "age": "20대"
            },
            "speechAct": "(단언) 진술하기",
            "morpheme": "우리/NP+는/JX+밭/NNG+이/JKS+있/VV+어서/EC+거기/NP+서/JKB+배추/NNG+랑/JKB+무/XPN+키움/VV+ETN"
          },
          {
            "id": 13,
            "text": "2 : 헐 그래도 다 같이하면 재밌을 거 같아!",
            "norm_text": "헐 그래도 다 같이하면 재밌을 거 같아!",
            "speaker": {
              "id": "2번",
              "sex": "여성",
              "age": "20대"
            },
            "speechAct": "(단언) 주장하기",
            "morpheme": "헐/IC+그래도/MAJ+다/MAG+같이/MAG+하/VV+면/EC+재밌/VA+을/ETM+거/NNB+같/VA+아/EF"
          },
          {
            "id": 14,
            "text": "1 : 음 일단 나는 그날은 요리사임!",
            "norm_text": "음 일단 나는 그날은 요리사임!",
            "speaker": {
              "id": "1번",
              "sex": "여성",
              "age": "20대"
            },
            "speechAct": "(단언) 주장하기",
            "morpheme": "음/IC+일단/MAG+나/NP+는/JX+그날/NNG+은/JX+요리사/NNG+임/VCP+ETN"
          },
          {
            "id": 15,
            "text": "2 : 키키 수육도 같이 해서 먹어?",
            "norm_text": "키키 수육도 같이 해서 먹어?",
            "speaker": {
              "id": "2번",
              "sex": "여성",
              "age": "20대"
            },
            "speechAct": "(지시) 질문하기",
            "morpheme": "키/NNG+키/NNG+수육/NNG+도/JX+같이/MAG+해서/VV+EC+먹/VV+어/EF"
          },
          {
            "id": 16,
            "text": "1 : 그럼~ 내가 수육 삶고 김치 양념에 굴 버무려서 굴쌈도 만들지~",
            "norm_text": "그럼~ 내가 수육 삶고 김치 양념에 굴 버무려서 굴쌈도 만들지~",
            "speaker": {
              "id": "1번",
              "sex": "여성",
              "age": "20대"
            },
            "speechAct": "(단언) 진술하기",
            "morpheme": "그럼/MAJ+~/SY+내가수육삶고김치양념에굴버무려서굴쌈도만들지/UNKNOWN+~/SY"
          },
          {
            "id": 17,
            "text": "2 : 나중에 더 추워지면 놀러 가야겠네!",
            "norm_text": "나중에 더 추워지면 놀러 가야겠네!",
            "speaker": {
              "id": "2번",
              "sex": "여성",
              "age": "20대"
            },
            "speechAct": "(단언) 주장하기",
            "morpheme": "나중/NNG+에/JKB+더/MAG+추워/VA+EC+지/VX+면/EC+놀/VV+러/EC+가/VX+야/EC+VX+겠/EP+네/EF"
          },
          {
            "id": 18,
            "text": "1 : 그럼 그럼~ 김치도 좀 가져가 ~",
            "norm_text": "그럼 그럼~ 김치도 좀 가져가 ~",
            "speaker": {
              "id": "1번",
              "sex": "여성",
              "age": "20대"
            },
            "speechAct": "(단언) 주장하기",
            "morpheme": "그럼/MAJ+그럼/MAJ+~/SY+김치/NNG+도/JX+좀/MAG+가져가/VV+EC+~/SY"
          },
          {
            "id": 19,
            "text": "2 : 알겠어! 너희 집 꺼 김치 먹어야겠다!",
            "norm_text": "알겠어! 너희 집 꺼 김치 먹어야겠다!",
            "speaker": {
              "id": "2번",
              "sex": "여성",
              "age": "20대"
            },
            "speechAct": "(단언) 주장하기",
            "morpheme": "알/VV+겠/EP+어/EF+너희집꺼김치먹어야겠다/UNKNOWN"
          }
        ]
      }
    }
  ]
}