{
  "dataset": {
    "identifier": 117381,
    "name": "FACEBOOK_105_20_set",
    "src_path": "/data/file/cubeManager/PROJECT001/77/txt20211028144832045683/FACEBOOK_105_20_set/",
    "label_path": "/data/file/cubeManager/PROJECT001/77/txt20211028144832045683/FACEBOOK_105_20_set/",
    "category": 2,
    "type": 0
  },
  "licenses": {
    "name": "Apache License 1.0",
    "url": "http://www.apache.org/licenses/LICENSE-1.0"
  },
  "info": [
    {
      "id": 100345,
      "filename": "FACEBOOK_105_20.txt",
      "title": "FACEBOOK_105_20",
      "mediatype": "SNS",
      "medianame": "페이스북",
      "category": "일상대화",
      "date": "2021-10-28",
      "size": 515,
      "annotations": {
        "subject": "영화/만화",
        "speaker_type": "1:1",
        "size": 515,
        "word_size": 178,
        "text": "1 : 오빠는 애니 지금 보는 거 있어?\n2 : 아 이런 말 하면 너가 웃을 거 같은데 키키\n1 : 왜? 아니야\n1 : 안 웃을게~\n2 : 나 여자들이 보는 만화를 하나 보고 있어 키키\n1 : 키키 뭐? 설마 달빛 천사는 아니겠지?\n2 : 아니\n2 : 너 카드 캡쳐 체리라고 들어봤어?\n1 : 헐,  오빠 그거 지금 중학생 된 체리 보는 거야\n1 : 아니면 초딩 체리를 보는 거야?\n2 : 나 당연히 중학생 된 체리를 보는 거지 키키\n1 : 키키 헐 대박 키키\n1 : 지금 정주행 하고 있어?\n2 : 응 새로 나왔다고 동영상 떴길래 한번 봤는데 그냥 보는 거지 키키\n1 : 오빠 그러면 어렸을 때 카드 캡쳐 체리 봤었겠네?\n2 : 그냥 누나들이 보니까 옆에서 같이 봤었지 키키\n1 : 키키 짱 웃기네\n1 : 오빠도 그러면 체리가 사용하는 지팡이 갖고싶어 했어?\n2 : 아 그런 거엔 욕심은 없었는데 그 케로는 탐나더라 키키\n1 : 키키 그러면 케로 인형 나랑 같이 공구 할래?\n2 : 그것도 공구를 하는구나 키키\n2 : 괜찮은 거 있으면 링크 한번 보내 봐~",
        "lines": [
          {
            "id": 1,
            "text": "1 : 오빠는 애니 지금 보는 거 있어?",
            "norm_text": "오빠는 애니 지금 보는 거 있어?",
            "speaker": {
              "id": "1번",
              "sex": "여성",
              "age": "20대"
            },
            "speechAct": "(지시) 질문하기",
            "morpheme": "오빠/NNG+는/JX+애/NNG+니/VCP+EC+지금/MAG+보/VV+는/ETM+거/NNB+있/VA+어/EF"
          },
          {
            "id": 2,
            "text": "2 : 아 이런 말 하면 너가 웃을 거 같은데 키키",
            "norm_text": "아 이런 말 하면 너가 웃을 거 같은데 키키",
            "speaker": {
              "id": "2번",
              "sex": "남성",
              "age": "20대"
            },
            "speechAct": "(단언) 주장하기",
            "morpheme": "아/IC+이런/MM+말/NNG+하/XSV+면/EC+너/NP+가/JKS+웃/VV+을/ETM+거/NNB+같/VA+은데/EC+키/NNG+키/XSV+ETN"
          },
          {
            "id": 3,
            "text": "1 : 왜? 아니야",
            "norm_text": "왜? 아니야",
            "speaker": {
              "id": "1번",
              "sex": "여성",
              "age": "20대"
            },
            "speechAct": "(단언) 주장하기",
            "morpheme": "왜/MAG+아니/VCN+야/EC"
          },
          {
            "id": 4,
            "text": "1 : 안 웃을게~",
            "norm_text": "안 웃을게~",
            "speaker": {
              "id": "1번",
              "sex": "여성",
              "age": "20대"
            },
            "speechAct": "(언약) 약속하기(제3자와)/(개인적 수준)",
            "morpheme": "안/MAG+웃/VV+을/ETM+게/NNB+JKS+~/SY"
          },
          {
            "id": 5,
            "text": "2 : 나 여자들이 보는 만화를 하나 보고 있어 키키",
            "norm_text": "나 여자들이 보는 만화를 하나 보고 있어 키키",
            "speaker": {
              "id": "2번",
              "sex": "남성",
              "age": "20대"
            },
            "speechAct": "(단언) 주장하기",
            "morpheme": "나/NP+여자/NNG+들/XSN+이/JKS+보/VV+는/ETM+만화/NNG+를/JKO+하/VV+나/EC+보/VX+고/EC+있/VX+어/EC+키/NNG+키/XSV+ETN"
          },
          {
            "id": 6,
            "text": "1 : 키키 뭐? 설마 달빛 천사는 아니겠지?",
            "norm_text": "키키 뭐? 설마 달빛 천사는 아니겠지?",
            "speaker": {
              "id": "1번",
              "sex": "여성",
              "age": "20대"
            },
            "speechAct": "(단언) 주장하기",
            "morpheme": "키/NNG+키/XSV+ETN+뭐/IC+설마/MAG+달빛천사/NNP+는/JX+아니/VCN+겠/EP+지/EF"
          },
          {
            "id": 7,
            "text": "2 : 아니",
            "norm_text": "아니",
            "speaker": {
              "id": "2번",
              "sex": "남성",
              "age": "20대"
            },
            "speechAct": "(단언) 주장하기",
            "morpheme": "아니/IC"
          },
          {
            "id": 8,
            "text": "2 : 너 카드 캡쳐 체리라고 들어봤어?",
            "norm_text": "너 카드 캡쳐 체리라고 들어봤어?",
            "speaker": {
              "id": "2번",
              "sex": "남성",
              "age": "20대"
            },
            "speechAct": "(지시) 질문하기",
            "morpheme": "너/NP+카드/NNG+캡쳐/NNP+체리/NNG+라고/VCP+EC+들/VV+어/EC+봤/VX+EP+어/EF"
          },
          {
            "id": 9,
            "text": "1 : 헐,  오빠 그거 지금 중학생 된 체리 보는 거야",
            "norm_text": "헐,  오빠 그거 지금 중학생 된 체리 보는 거야",
            "speaker": {
              "id": "1번",
              "sex": "여성",
              "age": "20대"
            },
            "speechAct": "(지시) 질문하기",
            "morpheme": "헐/IC+,/SC+오빠/NNG+그거/NP+지금/MAG+중학생/NNG+된/XSV+ETM+체리/NNG+보/VV+는/ETM+거/NNB+야/VCP+EF"
          },
          {
            "id": 10,
            "text": "1 : 아니면 초딩 체리를 보는 거야?",
            "norm_text": "아니면 초딩 체리를 보는 거야?",
            "speaker": {
              "id": "1번",
              "sex": "여성",
              "age": "20대"
            },
            "speechAct": "(지시) 질문하기",
            "morpheme": "아니면/MAJ+초딩/NNG+체리/NNG+를/JKO+보/VV+는/ETM+거/NNB+야/VCP+EF"
          },
          {
            "id": 11,
            "text": "2 : 나 당연히 중학생 된 체리를 보는 거지 키키",
            "norm_text": "나 당연히 중학생 된 체리를 보는 거지 키키",
            "speaker": {
              "id": "2번",
              "sex": "남성",
              "age": "20대"
            },
            "speechAct": "(단언) 주장하기",
            "morpheme": "나/NP+당연히/MAG+중학생/NNG+된/XSV+ETM+체리/NNG+를/JKO+보/VV+는/ETM+거/NNB+지/VCP+EC+키/NNG+키/XSV+ETN"
          },
          {
            "id": 12,
            "text": "1 : 키키 헐 대박 키키",
            "norm_text": "키키 헐 대박 키키",
            "speaker": {
              "id": "1번",
              "sex": "여성",
              "age": "20대"
            },
            "speechAct": "(단언) 주장하기",
            "morpheme": "키/NNG+키/NNG+헐/XSV+ETM+대박/NNG+키/NNG+키/XSV+ETN"
          },
          {
            "id": 13,
            "text": "1 : 지금 정주행 하고 있어?",
            "norm_text": "지금 정주행 하고 있어?",
            "speaker": {
              "id": "1번",
              "sex": "여성",
              "age": "20대"
            },
            "speechAct": "(지시) 질문하기",
            "morpheme": "지금/MAG+정주/NNG+행하/VV+고/EC+있/VX+어/EF"
          },
          {
            "id": 14,
            "text": "2 : 응 새로 나왔다고 동영상 떴길래 한번 봤는데 그냥 보는 거지 키키",
            "norm_text": "응 새로 나왔다고 동영상 떴길래 한번 봤는데 그냥 보는 거지 키키",
            "speaker": {
              "id": "2번",
              "sex": "남성",
              "age": "20대"
            },
            "speechAct": "(단언) 주장하기",
            "morpheme": "응/IC+새로/MAG+나왔/VV+EP+다고/EC+동영상/NNG+떴/VV+EP+길래/EC+한/MM+번/NNBC+봤/VV+EP+는데/EC+그냥/MAG+보/VV+는/ETM+거/NNB+지/VCP+EC+키/NNG+키/XSV+ETN"
          },
          {
            "id": 15,
            "text": "1 : 오빠 그러면 어렸을 때 카드 캡쳐 체리 봤었겠네?",
            "norm_text": "오빠 그러면 어렸을 때 카드 캡쳐 체리 봤었겠네?",
            "speaker": {
              "id": "1번",
              "sex": "여성",
              "age": "20대"
            },
            "speechAct": "(지시) 질문하기",
            "morpheme": "오빠/NNG+그러/VV+면/EC+어렸/VA+EP+을/ETM+때/NNG+카드/NNG+캡쳐/NNP+체리/NNG+봤었/VV+EP+겠/EP+네/EF"
          },
          {
            "id": 16,
            "text": "2 : 그냥 누나들이 보니까 옆에서 같이 봤었지 키키",
            "norm_text": "그냥 누나들이 보니까 옆에서 같이 봤었지 키키",
            "speaker": {
              "id": "2번",
              "sex": "남성",
              "age": "20대"
            },
            "speechAct": "(단언) 주장하기",
            "morpheme": "그냥/MAG+누나/NNG+들/XSN+이/JKS+보/VV+니까/EC+옆/NNG+에서/JKB+같이/MAG+봤었/VV+EP+지/EC+키/NNG+키/XSV+ETN"
          },
          {
            "id": 17,
            "text": "1 : 키키 짱 웃기네",
            "norm_text": "키키 짱 웃기네",
            "speaker": {
              "id": "1번",
              "sex": "여성",
              "age": "20대"
            },
            "speechAct": "(단언) 주장하기",
            "morpheme": "키키짱웃기네/UNKNOWN"
          },
          {
            "id": 18,
            "text": "1 : 오빠도 그러면 체리가 사용하는 지팡이 갖고싶어 했어?",
            "norm_text": "오빠도 그러면 체리가 사용하는 지팡이 갖고싶어 했어?",
            "speaker": {
              "id": "1번",
              "sex": "여성",
              "age": "20대"
            },
            "speechAct": "(지시) 질문하기",
            "morpheme": "오빠/NNG+도/JX+그러/VV+면/EC+체리/NNG+가/JKS+사용/NNG+하/XSV+는/ETM+지팡/NNG+이/JKS+갖/VV+고/EC+싶/VX+어/EC+했/VX+EP+어/EF"
          },
          {
            "id": 19,
            "text": "2 : 아 그런 거엔 욕심은 없었는데 그 케로는 탐나더라 키키",
            "norm_text": "아 그런 거엔 욕심은 없었는데 그 케로는 탐나더라 키키",
            "speaker": {
              "id": "2번",
              "sex": "남성",
              "age": "20대"
            },
            "speechAct": "(단언) 주장하기",
            "morpheme": "아/IC+그런/MM+거/NNB+엔/JKB+JX+욕심/NNG+은/JX+없/VA+었/EP+는데/EC+그케/MAG+로/JKB+는/JX+탐나/VV+더라/EC+키/NNG+키/XSV+ETN"
          },
          {
            "id": 20,
            "text": "1 : 키키 그러면 케로 인형 나랑 같이 공구 할래?",
            "norm_text": "키키 그러면 케로 인형 나랑 같이 공구 할래?",
            "speaker": {
              "id": "1번",
              "sex": "여성",
              "age": "20대"
            },
            "speechAct": "(지시) 충고/제안하기",
            "morpheme": "키/NNG+키/XSV+ETN+그러/VV+면/EC+케로/NNP+인형/NNG+나/NP+랑/JKB+같이/MAG+공구/NNG+할래/XSV+EF"
          },
          {
            "id": 21,
            "text": "2 : 그것도 공구를 하는구나 키키",
            "norm_text": "그것도 공구를 하는구나 키키",
            "speaker": {
              "id": "2번",
              "sex": "남성",
              "age": "20대"
            },
            "speechAct": "(단언) 주장하기",
            "morpheme": "그것/NP+도/JX+공구/NNG+를/JKO+하/VV+는구나/EF+키/NNG+키/XSV+ETN"
          },
          {
            "id": 22,
            "text": "2 : 괜찮은 거 있으면 링크 한번 보내 봐~",
            "norm_text": "괜찮은 거 있으면 링크 한번 보내 봐~",
            "speaker": {
              "id": "2번",
              "sex": "남성",
              "age": "20대"
            },
            "speechAct": "(지시) 충고/제안하기",
            "morpheme": "괜찮/VA+은/ETM+거/NNB+있/VA+으면/EC+링크/NNG+한/MM+번/NNBC+보내/VV+EC+봐/VX+EC+~/SY"
          }
        ]
      }
    }
  ]
}