{
  "dataset": {
    "identifier": 117891,
    "name": "FACEBOOK_110_07_set",
    "src_path": "/data/file/cubeManager/PROJECT001/80/txt20211102153319032421/FACEBOOK_110_07_set/",
    "label_path": "/data/file/cubeManager/PROJECT001/80/txt20211102153319032421/FACEBOOK_110_07_set/",
    "category": 2,
    "type": 0
  },
  "licenses": {
    "name": "Apache License 1.0",
    "url": "http://www.apache.org/licenses/LICENSE-1.0"
  },
  "info": [
    {
      "id": 130011,
      "filename": "FACEBOOK_110_07.txt",
      "title": "FACEBOOK_110_07",
      "mediatype": "SNS",
      "medianame": "페이스북",
      "category": "일상대화",
      "date": "2021-11-02",
      "size": 424,
      "annotations": {
        "subject": "가족",
        "speaker_type": "1:1",
        "size": 424,
        "word_size": 141,
        "text": "1 : 언니네 부모님은 고향이 어디시래?\n2 : 우리 아빠 엄마 다 논산 키키 **\n1 : 오 다들 토박이시네!\n1 : 우리 할아버지 때부터 우리도 논산 사람이야!\n2 : 맞아 토박이 모르는 사람이 없는 듯\n1 : 키키 근데 우리 엄마는 인천 사람이지롬~\n2 : 아 외갓집 그럼 인천이겠네?\n1 : 어 맞아!\n1 : 인천 고모 할머니 계셔\n1 : 외할머니 할아버지는 돌아가셨어!\n2 : 그럼 인천 자주 안 가?\n1 : 어 나 20살 때가 마지막이었어!\n2 : 아 그럼 엄마 외로우시겠다ㅠㅠ\n1 : 어 맞아 ㅜㅜ\n1 : 그래서 이번에 고모 할머니 보려고 가려고 했는데 못 갔어!\n2 : 왜? 코로나 너무 심해서?\n1 : 아니 할머니가 지금 병원에 계시대 ㅜ\n2 : 헐 편찮으신가 보네 아쉽다\n1 : 어 ㅜㅜ\n1 : 화장실에서 넘어져서 다리가 부러졌대 ㅜ\n2 : 다음에 시간 날 때 가 엄마랑 ㅜㅜ",
        "lines": [
          {
            "id": 1,
            "text": "1 : 언니네 부모님은 고향이 어디시래?",
            "norm_text": "언니네 부모님은 고향이 어디시래?",
            "speaker": {
              "id": "1번",
              "sex": "여성",
              "age": "20대"
            },
            "speechAct": "(지시) 질문하기",
            "morpheme": "언니네/NNP+부모/NNG+님/XSN+은/JX+고향/NNG+이/JKS+어디/NP+시/VCP+EP+래/EF"
          },
          {
            "id": 2,
            "text": "2 : 우리 아빠 엄마 다 논산 키키 **",
            "norm_text": "우리 아빠 엄마 다 논산 키키 **",
            "speaker": {
              "id": "2번",
              "sex": "여성",
              "age": "20대"
            },
            "speechAct": "(단언) 진술하기",
            "morpheme": "우리아빠엄마다논산키키/UNKNOWN+*/SY+*/SY"
          },
          {
            "id": 3,
            "text": "1 : 오 다들 토박이시네!",
            "norm_text": "오 다들 토박이시네!",
            "speaker": {
              "id": "1번",
              "sex": "여성",
              "age": "20대"
            },
            "speechAct": "(단언) 주장하기",
            "morpheme": "오다/NNG+들/XSN+토박이/NNG+시/EP+네/EF"
          },
          {
            "id": 4,
            "text": "1 : 우리 할아버지 때부터 우리도 논산 사람이야!",
            "norm_text": "우리 할아버지 때부터 우리도 논산 사람이야!",
            "speaker": {
              "id": "1번",
              "sex": "여성",
              "age": "20대"
            },
            "speechAct": "(단언) 진술하기",
            "morpheme": "우리/NP+할아버지/NNG+때/NNG+부터/JX+우리/NP+도/JX+논산/NNP+사람/NNG+이/VCP+야/EF"
          },
          {
            "id": 5,
            "text": "2 : 맞아 토박이 모르는 사람이 없는 듯",
            "norm_text": "맞아 토박이 모르는 사람이 없는 듯",
            "speaker": {
              "id": "2번",
              "sex": "여성",
              "age": "20대"
            },
            "speechAct": "(단언) 주장하기",
            "morpheme": "맞/VV+아/EC+토박이/NNG+모르/VV+는/ETM+사람/NNG+이/JKS+없/VA+는/ETM+듯/NNB"
          },
          {
            "id": 6,
            "text": "1 : 키키 근데 우리 엄마는 인천 사람이지롬~",
            "norm_text": "키키 근데 우리 엄마는 인천 사람이지롬~",
            "speaker": {
              "id": "1번",
              "sex": "여성",
              "age": "20대"
            },
            "speechAct": "(단언) 진술하기",
            "morpheme": "키키근데우리엄마는인천사람이지롬/UNKNOWN+~/SY"
          },
          {
            "id": 7,
            "text": "2 : 아 외갓집 그럼 인천이겠네?",
            "norm_text": "아 외갓집 그럼 인천이겠네?",
            "speaker": {
              "id": "2번",
              "sex": "여성",
              "age": "20대"
            },
            "speechAct": "(지시) 질문하기",
            "morpheme": "아/IC+외갓집/NNG+그럼/MAJ+인천/NNP+이/VCP+겠/EP+네/EF"
          },
          {
            "id": 8,
            "text": "1 : 어 맞아!",
            "norm_text": "어 맞아!",
            "speaker": {
              "id": "1번",
              "sex": "여성",
              "age": "20대"
            },
            "speechAct": "(단언) 주장하기",
            "morpheme": "어/IC+맞/VV+아/EF"
          },
          {
            "id": 9,
            "text": "1 : 인천 고모 할머니 계셔",
            "norm_text": "인천 고모 할머니 계셔",
            "speaker": {
              "id": "1번",
              "sex": "여성",
              "age": "20대"
            },
            "speechAct": "(단언) 진술하기",
            "morpheme": "인천/NNP+고모할머니/NNG+계셔/VV+EC"
          },
          {
            "id": 10,
            "text": "1 : 외할머니 할아버지는 돌아가셨어!",
            "norm_text": "외할머니 할아버지는 돌아가셨어!",
            "speaker": {
              "id": "1번",
              "sex": "여성",
              "age": "20대"
            },
            "speechAct": "(단언) 진술하기",
            "morpheme": "외할머니/NNG+할아버지/NNG+는/JX+돌아가/VV+셨/EP+EP+어/EF"
          },
          {
            "id": 11,
            "text": "2 : 그럼 인천 자주 안 가?",
            "norm_text": "그럼 인천 자주 안 가?",
            "speaker": {
              "id": "2번",
              "sex": "여성",
              "age": "20대"
            },
            "speechAct": "(지시) 질문하기",
            "morpheme": "그럼/MAJ+인천/NNP+자주/MAG+안/MAG+가/VV+EF"
          },
          {
            "id": 12,
            "text": "1 : 어 나 20살 때가 마지막이었어!",
            "norm_text": "어 나 20살 때가 마지막이었어!",
            "speaker": {
              "id": "1번",
              "sex": "여성",
              "age": "20대"
            },
            "speechAct": "(단언) 진술하기",
            "morpheme": "어나/MM+20/SN+살/NNBC+때/NNG+가/JKS+마지막/NNG+이/VCP+었/EP+어/EF"
          },
          {
            "id": 13,
            "text": "2 : 아 그럼 엄마 외로우시겠다ㅠㅠ",
            "norm_text": "아 그럼 엄마 외로우시겠다ㅠㅠ",
            "speaker": {
              "id": "2번",
              "sex": "여성",
              "age": "20대"
            },
            "speechAct": "(단언) 주장하기",
            "morpheme": "아/IC+그럼/MAJ+엄마/NNG+외로우/VA+시/EP+겠/EP+다/EF+ㅠㅠ/UNKNOWN"
          },
          {
            "id": 14,
            "text": "1 : 어 맞아 ㅜㅜ",
            "norm_text": "어 맞아 ㅜㅜ",
            "speaker": {
              "id": "1번",
              "sex": "여성",
              "age": "20대"
            },
            "speechAct": "(단언) 주장하기",
            "morpheme": "어맞아ㅜㅜ/UNKNOWN"
          },
          {
            "id": 15,
            "text": "1 : 그래서 이번에 고모 할머니 보려고 가려고 했는데 못 갔어!",
            "norm_text": "그래서 이번에 고모 할머니 보려고 가려고 했는데 못 갔어!",
            "speaker": {
              "id": "1번",
              "sex": "여성",
              "age": "20대"
            },
            "speechAct": "(단언) 진술하기",
            "morpheme": "그래서/MAJ+이번/NNG+에/JKB+고모할머니/NNG+보/VV+려고/EC+가/VX+려고/EC+했/VX+EP+는데/EC+못/MAG+갔/VV+EP+어/EF"
          },
          {
            "id": 16,
            "text": "2 : 왜? 코로나 너무 심해서?",
            "norm_text": "왜? 코로나 너무 심해서?",
            "speaker": {
              "id": "2번",
              "sex": "여성",
              "age": "20대"
            },
            "speechAct": "(지시) 질문하기",
            "morpheme": "왜/MAG+코로나/NNG+너무/MAG+심해서/VA+EF"
          },
          {
            "id": 17,
            "text": "1 : 아니 할머니가 지금 병원에 계시대 ㅜ",
            "norm_text": "아니 할머니가 지금 병원에 계시대 ㅜ",
            "speaker": {
              "id": "1번",
              "sex": "여성",
              "age": "20대"
            },
            "speechAct": "(단언) 진술하기",
            "morpheme": "아니/IC+할머니/NNG+가/JKS+지금/MAG+병원/NNG+에/JKB+계시/VV+대ㅜ/UNKNOWN"
          },
          {
            "id": 18,
            "text": "2 : 헐 편찮으신가 보네 아쉽다",
            "norm_text": "헐 편찮으신가 보네 아쉽다",
            "speaker": {
              "id": "2번",
              "sex": "여성",
              "age": "20대"
            },
            "speechAct": "(단언) 주장하기",
            "morpheme": "헐/VV+JKO+편찮/VA+으신가/EP+EP+EC+보/VX+네/EF+아쉽/VA+다/EC"
          },
          {
            "id": 19,
            "text": "1 : 어 ㅜㅜ",
            "norm_text": "어 ㅜㅜ",
            "speaker": {
              "id": "1번",
              "sex": "여성",
              "age": "20대"
            },
            "speechAct": "(단언) 주장하기",
            "morpheme": "어ㅜㅜ/UNKNOWN"
          },
          {
            "id": 20,
            "text": "1 : 화장실에서 넘어져서 다리가 부러졌대 ㅜ",
            "norm_text": "화장실에서 넘어져서 다리가 부러졌대 ㅜ",
            "speaker": {
              "id": "1번",
              "sex": "여성",
              "age": "20대"
            },
            "speechAct": "(단언) 진술하기",
            "morpheme": "화장실/NNG+에서/JKB+넘어져서/VV+EC+다리/NNG+가/JKS+부러졌/VV+EP+대ㅜ/UNKNOWN"
          },
          {
            "id": 21,
            "text": "2 : 다음에 시간 날 때 가 엄마랑 ㅜㅜ",
            "norm_text": "다음에 시간 날 때 가 엄마랑 ㅜㅜ",
            "speaker": {
              "id": "2번",
              "sex": "여성",
              "age": "20대"
            },
            "speechAct": "(지시) 충고/제안하기",
            "morpheme": "다음/NNG+에/JKB+시간/NNG+날/NNG+때/NNG+가/JKS+엄마/NNG+랑/JKB+ㅜㅜ/UNKNOWN"
          }
        ]
      }
    }
  ]
}