{
  "dataset": {
    "identifier": 127794,
    "name": "FACEBOOK_121_19_set",
    "src_path": "/data/file/cubeManager/PROJECT001/84/txt20211108155848040325/FACEBOOK_121_19_set/",
    "label_path": "/data/file/cubeManager/PROJECT001/84/txt20211108155848040325/FACEBOOK_121_19_set/",
    "category": 2,
    "type": 0
  },
  "licenses": {
    "name": "Apache License 1.0",
    "url": "http://www.apache.org/licenses/LICENSE-1.0"
  },
  "info": [
    {
      "id": 141743,
      "filename": "FACEBOOK_121_19.txt",
      "title": "FACEBOOK_121_19",
      "mediatype": "SNS",
      "medianame": "페이스북",
      "category": "일상대화",
      "date": "2021-11-08",
      "size": 354,
      "annotations": {
        "subject": "방송/연예",
        "speaker_type": "1:1",
        "size": 354,
        "word_size": 128,
        "text": "1 : 오빠 좋아하는 아이돌 누구야\n2 : 나 좋아하는 아이돌 그 레이브걸스?\n1 : 아 브레이브 걸스!\n1 : 롤린 롤린 맞지?\n2 : 브레이브 걸스 웅웅 맞아 그 사람 좋아해\n1 : 거기에 꼬부기 완전 귀엽잖아 ㅠㅠ\n2 : 롤린 키키 진짜 좋지 좋아\n1 : 진짜 노래도 완전 좋고 ㅠㅠ\n2 : 꼬북좌 키키 춤 좀 춰 줘봐\n1 : 키키 알지~ 나는 몸치라 그런 거 못함\n2 : 아 진짜 나는 잘하는데 키키\n1 : 요~ 오빠 그거 한번 춰봐 키키\n1 : 잘 할 것 같아\n2 : 실력 한번 보여줘야겠네 키키\n1 : 오 인스타에 올려봐 릴스 같은 거\n2 : 난리나 너 보면 깜짝 놀란다 키키\n1 : 완전 조회수 떡상각 아닌가 하하\n2 : 웅 진짜 그럴 수도 있다 키키",
        "lines": [
          {
            "id": 1,
            "text": "1 : 오빠 좋아하는 아이돌 누구야",
            "norm_text": "오빠 좋아하는 아이돌 누구야",
            "speaker": {
              "id": "1번",
              "sex": "여성",
              "age": "20대"
            },
            "speechAct": "(지시) 질문하기",
            "morpheme": "오빠/NNG+좋/VA+아/EC+하/VV+는/ETM+아이돌/NNP+누구/NP+야/VCP+EF"
          },
          {
            "id": 2,
            "text": "2 : 나 좋아하는 아이돌 그 레이브걸스?",
            "norm_text": "나 좋아하는 아이돌 그 레이브걸스?",
            "speaker": {
              "id": "2번",
              "sex": "남성",
              "age": "20대"
            },
            "speechAct": "(단언) 주장하기",
            "morpheme": "나/NP+좋/VA+아/EC+하/VV+는/ETM+아이돌/NNP+그레이브/NNP+걸스/NNP"
          },
          {
            "id": 3,
            "text": "1 : 아 브레이브 걸스!",
            "norm_text": "아 브레이브 걸스!",
            "speaker": {
              "id": "1번",
              "sex": "여성",
              "age": "20대"
            },
            "speechAct": "(단언) 진술하기",
            "morpheme": "아/IC+브레이브걸스/NNP"
          },
          {
            "id": 4,
            "text": "1 : 롤린 롤린 맞지?",
            "norm_text": "롤린 롤린 맞지?",
            "speaker": {
              "id": "1번",
              "sex": "여성",
              "age": "20대"
            },
            "speechAct": "(지시) 질문하기",
            "morpheme": "롤린/NNP+롤린/NNP+맞/VV+지/EF"
          },
          {
            "id": 5,
            "text": "2 : 브레이브 걸스 웅웅 맞아 그 사람 좋아해",
            "norm_text": "브레이브 걸스 웅웅 맞아 그 사람 좋아해",
            "speaker": {
              "id": "2번",
              "sex": "남성",
              "age": "20대"
            },
            "speechAct": "(단언) 진술하기",
            "morpheme": "브레이브걸스/NNP+웅웅/MAG+맞/VV+아/EC+그/MM+사람/NNG+좋/VA+아/EC+해/VV+EC"
          },
          {
            "id": 6,
            "text": "1 : 거기에 꼬부기 완전 귀엽잖아 ㅠㅠ",
            "norm_text": "거기에 꼬부기 완전 귀엽잖아 ㅠㅠ",
            "speaker": {
              "id": "1번",
              "sex": "여성",
              "age": "20대"
            },
            "speechAct": "(단언) 진술하기",
            "morpheme": "거기/NP+에/JKB+꼬부기/NNP+완전/NNG+귀엽/VA+잖아/EF+ㅠㅠ/UNKNOWN"
          },
          {
            "id": 7,
            "text": "2 : 롤린 키키 진짜 좋지 좋아",
            "norm_text": "롤린 키키 진짜 좋지 좋아",
            "speaker": {
              "id": "2번",
              "sex": "남성",
              "age": "20대"
            },
            "speechAct": "(단언) 진술하기",
            "morpheme": "롤린/NNP+키키/NNP+진짜/MAG+좋/VA+지/EC+좋/VA+아/EC"
          },
          {
            "id": 8,
            "text": "1 : 진짜 노래도 완전 좋고 ㅠㅠ",
            "norm_text": "진짜 노래도 완전 좋고 ㅠㅠ",
            "speaker": {
              "id": "1번",
              "sex": "여성",
              "age": "20대"
            },
            "speechAct": "(단언) 진술하기",
            "morpheme": "진짜/MAG+노래/NNG+도/JX+완전/MAG+좋/VA+고/EC+ㅠㅠ/UNKNOWN"
          },
          {
            "id": 9,
            "text": "2 : 꼬북좌 키키 춤 좀 춰 줘봐",
            "norm_text": "꼬북좌 키키 춤 좀 춰 줘봐",
            "speaker": {
              "id": "2번",
              "sex": "남성",
              "age": "20대"
            },
            "speechAct": "(단언) 주장하기",
            "morpheme": "꼬/VCP+EC+북좌/NNP+키키/NNP+춤/NNG+좀/MAG+춰/VV+EC+줘/VX+EC+봐/VX+EC"
          },
          {
            "id": 10,
            "text": "1 : 키키 알지~ 나는 몸치라 그런 거 못함",
            "norm_text": "키키 알지~ 나는 몸치라 그런 거 못함",
            "speaker": {
              "id": "1번",
              "sex": "여성",
              "age": "20대"
            },
            "speechAct": "(단언) 주장하기",
            "morpheme": "키/NNG+키/XSV+ETN+알/VV+지/EC+~/SY+나/NP+는/JX+몸치/NNG+라/VCP+EC+그런/MM+거/NNB+못함/VA+ETN"
          },
          {
            "id": 11,
            "text": "2 : 아 진짜 나는 잘하는데 키키",
            "norm_text": "아 진짜 나는 잘하는데 키키",
            "speaker": {
              "id": "2번",
              "sex": "남성",
              "age": "20대"
            },
            "speechAct": "(단언) 주장하기",
            "morpheme": "아/IC+진짜/MAG+나/NP+는/JX+잘/MAG+하/VV+는데/EC+키/NNG+키/XSV+ETN"
          },
          {
            "id": 12,
            "text": "1 : 요~ 오빠 그거 한번 춰봐 키키",
            "norm_text": "요~ 오빠 그거 한번 춰봐 키키",
            "speaker": {
              "id": "1번",
              "sex": "여성",
              "age": "20대"
            },
            "speechAct": "(단언) 주장하기",
            "morpheme": "요/MM+~/SY+오빠그거한번춰봐키키/UNKNOWN"
          },
          {
            "id": 13,
            "text": "1 : 잘 할 것 같아",
            "norm_text": "잘 할 것 같아",
            "speaker": {
              "id": "1번",
              "sex": "여성",
              "age": "20대"
            },
            "speechAct": "(단언) 주장하기",
            "morpheme": "잘/MAG+할/VV+ETM+것/NNB+같/VA+아/EC"
          },
          {
            "id": 14,
            "text": "2 : 실력 한번 보여줘야겠네 키키",
            "norm_text": "실력 한번 보여줘야겠네 키키",
            "speaker": {
              "id": "2번",
              "sex": "남성",
              "age": "20대"
            },
            "speechAct": "(단언) 주장하기",
            "morpheme": "실력/NNG+한/MM+번/NNBC+보여줘야/VV+EC+VX+EC+VX+겠/EP+네/EF+키/NNG+키/XSV+ETN"
          },
          {
            "id": 15,
            "text": "1 : 오 인스타에 올려봐 릴스 같은 거",
            "norm_text": "오 인스타에 올려봐 릴스 같은 거",
            "speaker": {
              "id": "1번",
              "sex": "여성",
              "age": "20대"
            },
            "speechAct": "(단언) 주장하기",
            "morpheme": "오인/NNG+스타/NNG+에/JKB+올려/VV+EC+봐/VX+EF+릴스/UNKNOWN+같/VA+은/ETM+거/NNB"
          },
          {
            "id": 16,
            "text": "2 : 난리나 너 보면 깜짝 놀란다 키키",
            "norm_text": "난리나 너 보면 깜짝 놀란다 키키",
            "speaker": {
              "id": "2번",
              "sex": "남성",
              "age": "20대"
            },
            "speechAct": "(단언) 주장하기",
            "morpheme": "난리/NNG+나/JC+너/NP+보/VV+면/EC+깜짝/MAG+놀란/VV+ETM+다키키/NNP"
          },
          {
            "id": 17,
            "text": "1 : 완전 조회수 떡상각 아닌가 하하",
            "norm_text": "완전 조회수 떡상각 아닌가 하하",
            "speaker": {
              "id": "1번",
              "sex": "여성",
              "age": "20대"
            },
            "speechAct": "(단언) 진술하기",
            "morpheme": "완전/NNG+조/NNG+회수/NNG+떡/NNG+상각/NNG+아닌가/VCN+EC+하하/MAG"
          },
          {
            "id": 18,
            "text": "2 : 웅 진짜 그럴 수도 있다 키키",
            "norm_text": "웅 진짜 그럴 수도 있다 키키",
            "speaker": {
              "id": "2번",
              "sex": "남성",
              "age": "20대"
            },
            "speechAct": "(단언) 진술하기",
            "morpheme": "웅/IC+진짜/MAG+그럴/VA+ETM+수/NNB+도/JX+있/VA+다키키/NNP"
          }
        ]
      }
    }
  ]
}