{
  "dataset": {
    "identifier": 112723,
    "name": "FACEBOOK_113_13_set",
    "src_path": "/data/file/cubeManager/PROJECT001/80/txt20211103154237044937/FACEBOOK_113_13_set/",
    "label_path": "/data/file/cubeManager/PROJECT001/80/txt20211103154237044937/FACEBOOK_113_13_set/",
    "category": 2,
    "type": 0
  },
  "licenses": {
    "name": "Apache License 1.0",
    "url": "http://www.apache.org/licenses/LICENSE-1.0"
  },
  "info": [
    {
      "id": 135368,
      "filename": "FACEBOOK_113_13.txt",
      "title": "FACEBOOK_113_13",
      "mediatype": "SNS",
      "medianame": "페이스북",
      "category": "일상대화",
      "date": "2021-11-03",
      "size": 407,
      "annotations": {
        "subject": "계절/날씨",
        "speaker_type": "1:1",
        "size": 407,
        "word_size": 141,
        "text": "1 : 나 지금까지 전기장판 안 틀었었거든?\n2 : 와 지금까지 안 틀었어?\n1 : 어 발열토퍼가 있어서 안 틀어도 됐었어!\n2 : 와 난 튼지 오래됬는데 키키\n1 : 키키 나도 근데 오늘은 틀어야겠어!\n2 : 틀어 틀고 자야돼 요새는 넘 추워\n1 : 맞아 오늘 아침에 일어났더니 목이 잠기더라 추워서 키키\n2 : 키키 나도 요새 목 아프더라\n1 : 맞아 ㅜㅜ 언니같은 사람이 목도리 필수로 차야해!\n2 : 맞아 근데 목 답답한 건 싫어 난 ㅜㅜ\n1 : 오 나도 키키\n1 : 나 그래서 목티도 안 입어!\n2 : 나도 잘 안 입게돼 안어울리고\n1 : 키키 맞아 ㅜㅜ\n1 :  째뜬 내일 춥다더라 언니 장판 3도 이상으로 틀어놔!\n2 : 키키 내일 춥데?\n2 : 밤에 춥겠지\n1 : 당연하지! 감기 절대 걸리면 안 돼!\n2 : 키키 근데 요새 감기 올 거 같아 ㅜ",
        "lines": [
          {
            "id": 1,
            "text": "1 : 나 지금까지 전기장판 안 틀었었거든?",
            "norm_text": "나 지금까지 전기장판 안 틀었었거든?",
            "speaker": {
              "id": "1번",
              "sex": "여성",
              "age": "20대"
            },
            "speechAct": "(단언) 주장하기",
            "morpheme": "나/NP+지금/NNG+까지/JX+전기장판/NNG+안/MAG+틀/VV+었었/EP+거든/EF"
          },
          {
            "id": 2,
            "text": "2 : 와 지금까지 안 틀었어?",
            "norm_text": "와 지금까지 안 틀었어?",
            "speaker": {
              "id": "2번",
              "sex": "여성",
              "age": "20대"
            },
            "speechAct": "(지시) 질문하기",
            "morpheme": "와/IC+지금/NNG+까지/JX+안/MAG+틀/VV+었/EP+어/EF"
          },
          {
            "id": 3,
            "text": "1 : 어 발열토퍼가 있어서 안 틀어도 됐었어!",
            "norm_text": "어 발열토퍼가 있어서 안 틀어도 됐었어!",
            "speaker": {
              "id": "1번",
              "sex": "여성",
              "age": "20대"
            },
            "speechAct": "(단언) 주장하기",
            "morpheme": "어/IC+발열/NNG+토퍼/NNG+가/JKS+있/VA+어서/EC+안/MAG+틀/VV+어도/EC+됐었/VV+EP+어/EF"
          },
          {
            "id": 4,
            "text": "2 : 와 난 튼지 오래됬는데 키키",
            "norm_text": "와 난 튼지 오래됬는데 키키",
            "speaker": {
              "id": "2번",
              "sex": "여성",
              "age": "20대"
            },
            "speechAct": "(단언) 주장하기",
            "morpheme": "와/IC+난/NP+JX+튼/VV+ETM+지/NNB+오래/MAG+됬/VV+EP+는데/EC+키/NNG+키/XSV+ETN"
          },
          {
            "id": 5,
            "text": "1 : 키키 나도 근데 오늘은 틀어야겠어!",
            "norm_text": "키키 나도 근데 오늘은 틀어야겠어!",
            "speaker": {
              "id": "1번",
              "sex": "여성",
              "age": "20대"
            },
            "speechAct": "(단언) 주장하기",
            "morpheme": "키/NNG+키나/XSA+ETN+JX+도/JX+근데/MAJ+오늘/NNG+은/JX+틀/VV+어야/EC+겠어/VX+EP+EF"
          },
          {
            "id": 6,
            "text": "2 : 틀어 틀고 자야돼 요새는 넘 추워",
            "norm_text": "틀어 틀고 자야돼 요새는 넘 추워",
            "speaker": {
              "id": "2번",
              "sex": "여성",
              "age": "20대"
            },
            "speechAct": "(단언) 주장하기",
            "morpheme": "틀/VV+어/EC+틀/VV+고/EC+자야/NNG+돼/XSV+EC+요새/NNG+는/JX+넘/MAG+추워/VA+EC"
          },
          {
            "id": 7,
            "text": "1 : 맞아 오늘 아침에 일어났더니 목이 잠기더라 추워서 키키",
            "norm_text": "맞아 오늘 아침에 일어났더니 목이 잠기더라 추워서 키키",
            "speaker": {
              "id": "1번",
              "sex": "여성",
              "age": "20대"
            },
            "speechAct": "(단언) 주장하기",
            "morpheme": "맞아/IC+오늘/MAG+아침/NNG+에/JKB+일어났/VV+EP+더니/EC+목/NNG+이/JKS+잠기/VV+더라/EC+추워서/VA+EC+키/NNG+키/XSV+ETN"
          },
          {
            "id": 8,
            "text": "2 : 키키 나도 요새 목 아프더라",
            "norm_text": "키키 나도 요새 목 아프더라",
            "speaker": {
              "id": "2번",
              "sex": "여성",
              "age": "20대"
            },
            "speechAct": "(단언) 주장하기",
            "morpheme": "키/NNG+키나/XSA+ETN+JX+도/JX+요새/NNG+목/NNG+아프/VA+더라/EC"
          },
          {
            "id": 9,
            "text": "1 : 맞아 ㅜㅜ 언니같은 사람이 목도리 필수로 차야해!",
            "norm_text": "맞아 ㅜㅜ 언니같은 사람이 목도리 필수로 차야해!",
            "speaker": {
              "id": "1번",
              "sex": "여성",
              "age": "20대"
            },
            "speechAct": "(단언) 주장하기",
            "morpheme": "맞/VV+아/EC+ㅜㅜ/UNKNOWN+언니/NNG+같/VA+은/ETM+사람/NNG+이/JKS+목도리/NNG+필수/NNG+로/JKB+차야/NNG+해/XSV+EF"
          },
          {
            "id": 10,
            "text": "2 : 맞아 근데 목 답답한 건 싫어 난 ㅜㅜ",
            "norm_text": "맞아 근데 목 답답한 건 싫어 난 ㅜㅜ",
            "speaker": {
              "id": "2번",
              "sex": "여성",
              "age": "20대"
            },
            "speechAct": "(단언) 주장하기",
            "morpheme": "맞아/IC+근데/MAJ+목답/NNG+답/NNG+한/XSA+ETM+건/NNB+JX+싫/VA+어/EC+난/NP+JX+ㅜㅜ/UNKNOWN"
          },
          {
            "id": 11,
            "text": "1 : 오 나도 키키",
            "norm_text": "오 나도 키키",
            "speaker": {
              "id": "1번",
              "sex": "여성",
              "age": "20대"
            },
            "speechAct": "(단언) 주장하기",
            "morpheme": "오/IC+나/NP+도/JX+키/NNG+키/XSV+ETN"
          },
          {
            "id": 12,
            "text": "1 : 나 그래서 목티도 안 입어!",
            "norm_text": "나 그래서 목티도 안 입어!",
            "speaker": {
              "id": "1번",
              "sex": "여성",
              "age": "20대"
            },
            "speechAct": "(단언) 주장하기",
            "morpheme": "나/NP+그래서/MAJ+목/NNG+티/NNG+도/JX+안/MAG+입/VV+어/EF"
          },
          {
            "id": 13,
            "text": "2 : 나도 잘 안 입게돼 안어울리고",
            "norm_text": "나도 잘 안 입게돼 안어울리고",
            "speaker": {
              "id": "2번",
              "sex": "여성",
              "age": "20대"
            },
            "speechAct": "(단언) 주장하기",
            "morpheme": "나/NP+도/JX+잘/MAG+안/MAG+입/VV+게/EC+돼/VV+EC+안/MAG+어울리/VV+고/EC"
          },
          {
            "id": 14,
            "text": "1 : 키키 맞아 ㅜㅜ",
            "norm_text": "키키 맞아 ㅜㅜ",
            "speaker": {
              "id": "1번",
              "sex": "여성",
              "age": "20대"
            },
            "speechAct": "(단언) 주장하기",
            "morpheme": "키키맞아ㅜㅜ/UNKNOWN"
          },
          {
            "id": 15,
            "text": "1 :  째뜬 내일 춥다더라 언니 장판 3도 이상으로 틀어놔!",
            "norm_text": "째뜬 내일 춥다더라 언니 장판 3도 이상으로 틀어놔!",
            "speaker": {
              "id": "1번",
              "sex": "여성",
              "age": "20대"
            },
            "speechAct": "(단언) 주장하기",
            "morpheme": "째뜬내일춥다더라언니장판/UNKNOWN+3/SN+도/NNBC+이상/NNG+으로/JKB+틀/VV+어/EC+놔/VX+EF"
          },
          {
            "id": 16,
            "text": "2 : 키키 내일 춥데?",
            "norm_text": "키키 내일 춥데?",
            "speaker": {
              "id": "2번",
              "sex": "여성",
              "age": "20대"
            },
            "speechAct": "(지시) 질문하기",
            "morpheme": "키/NNG+키/NNG+내일/NNG+춥/VA+데/EF"
          },
          {
            "id": 17,
            "text": "2 : 밤에 춥겠지",
            "norm_text": "밤에 춥겠지",
            "speaker": {
              "id": "2번",
              "sex": "여성",
              "age": "20대"
            },
            "speechAct": "(단언) 주장하기",
            "morpheme": "밤/NNG+에/JKB+춥/VA+겠/EP+지/EC"
          },
          {
            "id": 18,
            "text": "1 : 당연하지! 감기 절대 걸리면 안 돼!",
            "norm_text": "당연하지! 감기 절대 걸리면 안 돼!",
            "speaker": {
              "id": "1번",
              "sex": "여성",
              "age": "20대"
            },
            "speechAct": "(지시) 충고/제안하기",
            "morpheme": "당연/XR+하/XSA+지/EF+감기/NNG+절대/MAG+걸리/VV+면/EC+안/MAG+돼/VV+EF"
          },
          {
            "id": 19,
            "text": "2 : 키키 근데 요새 감기 올 거 같아 ㅜ",
            "norm_text": "키키 근데 요새 감기 올 거 같아 ㅜ",
            "speaker": {
              "id": "2번",
              "sex": "여성",
              "age": "20대"
            },
            "speechAct": "(단언) 주장하기",
            "morpheme": "키/NNG+키/XSV+ETN+근데/MAJ+요새/MAG+감기/NNG+올/VV+ETM+거/NNB+같/VA+아/EC+ㅜ/UNKNOWN"
          }
        ]
      }
    }
  ]
}