{
  "dataset": {
    "identifier": 125275,
    "name": "FACEBOOK_124_09_set",
    "src_path": "/data/file/cubeManager/PROJECT001/84/txt202111051436200735110/FACEBOOK_124_09_set/",
    "label_path": "/data/file/cubeManager/PROJECT001/84/txt202111051436200735110/FACEBOOK_124_09_set/",
    "category": 2,
    "type": 0
  },
  "licenses": {
    "name": "Apache License 1.0",
    "url": "http://www.apache.org/licenses/LICENSE-1.0"
  },
  "info": [
    {
      "id": 140145,
      "filename": "FACEBOOK_124_09.txt",
      "title": "FACEBOOK_124_09",
      "mediatype": "SNS",
      "medianame": "페이스북",
      "category": "일상대화",
      "date": "2021-11-05",
      "size": 448,
      "annotations": {
        "subject": "반려동물",
        "speaker_type": "1:1",
        "size": 448,
        "word_size": 149,
        "text": "1 : 요즘 동물 유튜버 많더라 키키\n2 : 나는 병아리 집에서 키우고 싶다\n1 : 혹시 동물 유튜브 보는 거 있어?\n2 : 진짜 유튜버 보는 거 말고 직접 키우고 싶어 키키\n1 : 키워봐 키키 학교 앞에 병아리 아직도 팔려나\n2 : 유튜브는 가끔 한번씩 보는 편이야 키키\n1 : 나 최근에 오리 키우는 건 봤는데\n2 : 학교 앞에 요즘엔 안 팔 거 같은데 ㅠㅠ 어디 가서 사지\n1 : 흠 글쎄 장날에 가면 있을 듯 키키\n2 : 오리 오리 키우는 건 처음 본다 키키\n2 : 오리 맛있겠는데 키키\n1 : 오리 완전 곱상하게 생겨서 인기 많더라\n2 : 우리 할아버지네 집에 닭장이 있는데 거기서 달걀 가져와야겠다\n1 : 부화기에 넣고 잘 돌려봐 키키\n2 : 진짜 오리 말하니까 오리 고기 먹고 싶네... 훈제... 아 너무한가\n1 : 에헤이 오리도 반려 오리라고 키키\n2 : 진짜 동물을 ㅠㅠ 너무 불쌍하게 이러면 안 되는 건데...",
        "lines": [
          {
            "id": 1,
            "text": "1 : 요즘 동물 유튜버 많더라 키키",
            "norm_text": "요즘 동물 유튜버 많더라 키키",
            "speaker": {
              "id": "1번",
              "sex": "여성",
              "age": "20대"
            },
            "speechAct": "(단언) 주장하기",
            "morpheme": "요즘/NNG+동물유/NNG+튜버/NNP+많/VA+더라/EC+키/NNG+키/XSV+ETN"
          },
          {
            "id": 2,
            "text": "2 : 나는 병아리 집에서 키우고 싶다",
            "norm_text": "나는 병아리 집에서 키우고 싶다",
            "speaker": {
              "id": "2번",
              "sex": "남성",
              "age": "20대"
            },
            "speechAct": "(단언) 주장하기",
            "morpheme": "나/NP+는/JX+병아리/NNG+집/NNG+에서/JKB+키우/VV+고/EC+싶/VX+다/EC"
          },
          {
            "id": 3,
            "text": "1 : 혹시 동물 유튜브 보는 거 있어?",
            "norm_text": "혹시 동물 유튜브 보는 거 있어?",
            "speaker": {
              "id": "1번",
              "sex": "여성",
              "age": "20대"
            },
            "speechAct": "(지시) 질문하기",
            "morpheme": "혹시/MAG+동물/NNG+유튜브/NNP+보/VV+는/ETM+거/NNB+있/VA+어/EF"
          },
          {
            "id": 4,
            "text": "2 : 진짜 유튜버 보는 거 말고 직접 키우고 싶어 키키",
            "norm_text": "진짜 유튜버 보는 거 말고 직접 키우고 싶어 키키",
            "speaker": {
              "id": "2번",
              "sex": "남성",
              "age": "20대"
            },
            "speechAct": "(단언) 주장하기",
            "morpheme": "진짜/MAG+유/NNP+튜버/NNP+보/VV+는/ETM+거/NNB+말/VV+고/EC+직접/MAG+키우/VV+고/EC+싶/VX+어/EC+키/NNG+키/XSV+ETN"
          },
          {
            "id": 5,
            "text": "1 : 키워봐 키키 학교 앞에 병아리 아직도 팔려나",
            "norm_text": "키워봐 키키 학교 앞에 병아리 아직도 팔려나",
            "speaker": {
              "id": "1번",
              "sex": "여성",
              "age": "20대"
            },
            "speechAct": "(단언) 주장하기",
            "morpheme": "키워/VV+EC+봐/VX+EF+키키/NNP+학교/NNG+앞/NNG+에/JKB+병아리/NNG+아직/MAG+도/JX+팔/VV+려나/EC"
          },
          {
            "id": 6,
            "text": "2 : 유튜브는 가끔 한번씩 보는 편이야 키키",
            "norm_text": "유튜브는 가끔 한번씩 보는 편이야 키키",
            "speaker": {
              "id": "2번",
              "sex": "남성",
              "age": "20대"
            },
            "speechAct": "(단언) 주장하기",
            "morpheme": "유튜브/NNP+는/JX+가끔/MAG+한/MM+번/NNBC+씩/XSN+보/VV+는/ETM+편/NNB+이/VCP+야/EC+키/NNG+키/XSV+ETN"
          },
          {
            "id": 7,
            "text": "1 : 나 최근에 오리 키우는 건 봤는데",
            "norm_text": "나 최근에 오리 키우는 건 봤는데",
            "speaker": {
              "id": "1번",
              "sex": "여성",
              "age": "20대"
            },
            "speechAct": "(단언) 주장하기",
            "morpheme": "나/NP+최근/NNG+에/JKB+오리/NNG+키우/VV+는/ETM+건/NNB+JX+봤/VV+EP+는데/EC"
          },
          {
            "id": 8,
            "text": "2 : 학교 앞에 요즘엔 안 팔 거 같은데 ㅠㅠ 어디 가서 사지",
            "norm_text": "학교 앞에 요즘엔 안 팔 거 같은데 ㅠㅠ 어디 가서 사지",
            "speaker": {
              "id": "2번",
              "sex": "남성",
              "age": "20대"
            },
            "speechAct": "(단언) 주장하기",
            "morpheme": "학교/NNG+앞/NNG+에/JKB+요즘/NNG+엔/JKB+JX+안/MAG+팔/VV+ETM+거/NNB+같/VA+은데/EC+ㅠㅠ/UNKNOWN+어디/NP+가/JKS+서/VV+EC+사지/NNG"
          },
          {
            "id": 9,
            "text": "1 : 흠 글쎄 장날에 가면 있을 듯 키키",
            "norm_text": "흠 글쎄 장날에 가면 있을 듯 키키",
            "speaker": {
              "id": "1번",
              "sex": "여성",
              "age": "20대"
            },
            "speechAct": "(단언) 주장하기",
            "morpheme": "흠/IC+글쎄/IC+장날/NNG+에/JKB+가/VV+면/EC+있/VX+을/ETM+듯/NNB+키/NNG+키/XSV+ETN"
          },
          {
            "id": 10,
            "text": "2 : 오리 오리 키우는 건 처음 본다 키키",
            "norm_text": "오리 오리 키우는 건 처음 본다 키키",
            "speaker": {
              "id": "2번",
              "sex": "남성",
              "age": "20대"
            },
            "speechAct": "(단언) 주장하기",
            "morpheme": "오리/VV+오리/EC+키우/VV+는/ETM+건/NNB+JX+처음/MAG+본/VV+ETM+다키키/NNP"
          },
          {
            "id": 11,
            "text": "2 : 오리 맛있겠는데 키키",
            "norm_text": "오리 맛있겠는데 키키",
            "speaker": {
              "id": "2번",
              "sex": "남성",
              "age": "20대"
            },
            "speechAct": "(단언) 주장하기",
            "morpheme": "오리/NNG+맛있/VA+겠/EP+는데/EC+키/NNG+키/XSV+ETN"
          },
          {
            "id": 12,
            "text": "1 : 오리 완전 곱상하게 생겨서 인기 많더라",
            "norm_text": "오리 완전 곱상하게 생겨서 인기 많더라",
            "speaker": {
              "id": "1번",
              "sex": "여성",
              "age": "20대"
            },
            "speechAct": "(단언) 주장하기",
            "morpheme": "오리/NNG+완전/NNG+곱상/NNG+하/XSV+게/EC+생겨서/VV+EC+인기/NNG+많/VA+더라/EC"
          },
          {
            "id": 13,
            "text": "2 : 우리 할아버지네 집에 닭장이 있는데 거기서 달걀 가져와야겠다",
            "norm_text": "우리 할아버지네 집에 닭장이 있는데 거기서 달걀 가져와야겠다",
            "speaker": {
              "id": "2번",
              "sex": "남성",
              "age": "20대"
            },
            "speechAct": "(단언) 주장하기",
            "morpheme": "우리/NP+할아버지/NNG+네/XSN+집/NNG+에/JKB+닭장/NNG+이/JKS+있/VV+는데/EC+거기/NP+서/JKB+달걀/NNG+가져와야/VV+EC+VX+겠/EP+다/EC"
          },
          {
            "id": 14,
            "text": "1 : 부화기에 넣고 잘 돌려봐 키키",
            "norm_text": "부화기에 넣고 잘 돌려봐 키키",
            "speaker": {
              "id": "1번",
              "sex": "여성",
              "age": "20대"
            },
            "speechAct": "(단언) 주장하기",
            "morpheme": "부화기/NNG+에/JKB+넣/VV+고/EC+잘/MAG+돌려/VV+EC+봐/VX+EF+키/NNG+키/XSV+ETN"
          },
          {
            "id": 15,
            "text": "2 : 진짜 오리 말하니까 오리 고기 먹고 싶네... 훈제... 아 너무한가",
            "norm_text": "진짜 오리 말하니까 오리 고기 먹고 싶네... 훈제... 아 너무한가",
            "speaker": {
              "id": "2번",
              "sex": "남성",
              "age": "20대"
            },
            "speechAct": "(단언) 주장하기",
            "morpheme": "진짜/MAG+오리/NNG+말/NNG+하/XSV+니까/EC+오리고기/NNG+먹/VV+고/EC+싶/VX+네/EF+./SY+훈제/NNG+./SY+./SY+아/IC+너무/MAG+한가/XSA+EC"
          },
          {
            "id": 16,
            "text": "1 : 에헤이 오리도 반려 오리라고 키키",
            "norm_text": "에헤이 오리도 반려 오리라고 키키",
            "speaker": {
              "id": "1번",
              "sex": "여성",
              "age": "20대"
            },
            "speechAct": "(단언) 주장하기",
            "morpheme": "에헤/IC+이오리/NNP+도/JX+반려/NNG+오리/NNG+라고/VCP+EC+키/NNG+키/XSV+ETN"
          },
          {
            "id": 17,
            "text": "2 : 진짜 동물을 ㅠㅠ 너무 불쌍하게 이러면 안 되는 건데...",
            "norm_text": "진짜 동물을 ㅠㅠ 너무 불쌍하게 이러면 안 되는 건데...",
            "speaker": {
              "id": "2번",
              "sex": "남성",
              "age": "20대"
            },
            "speechAct": "(단언) 주장하기",
            "morpheme": "진짜/MAG+동물/NNG+을/JKO+ㅠㅠ/UNKNOWN+너무/MAG+불쌍/XR+하/XSA+게/EC+이러/VV+면/EC+안/MAG+되/VV+는/ETM+건데/NNB+VCP+EF+./SY"
          }
        ]
      }
    }
  ]
}