{
  "dataset": {
    "identifier": 123712,
    "name": "FACEBOOK_123_10_set",
    "src_path": "/data/file/cubeManager/PROJECT001/84/txt20211105092819064577/FACEBOOK_123_10_set/",
    "label_path": "/data/file/cubeManager/PROJECT001/84/txt20211105092819064577/FACEBOOK_123_10_set/",
    "category": 2,
    "type": 0
  },
  "licenses": {
    "name": "Apache License 1.0",
    "url": "http://www.apache.org/licenses/LICENSE-1.0"
  },
  "info": [
    {
      "id": 138079,
      "filename": "FACEBOOK_123_10.txt",
      "title": "FACEBOOK_123_10",
      "mediatype": "SNS",
      "medianame": "페이스북",
      "category": "일상대화",
      "date": "2021-11-05",
      "size": 429,
      "annotations": {
        "subject": "스포츠/레저",
        "speaker_type": "1:1",
        "size": 429,
        "word_size": 151,
        "text": "1 : 주말에 조기 축구회 안 나가?\n2 : 웅 나 조기 축구는 안 해 키키\n1 : 아 그래? 오빠 족구 좋아한다 했나 키키\n2 : 그런 거 하면 나 다 시켜서 나가기 싫어 ㅠㅠ\n1 : 골키퍼 시키구나 오빠 키키 깍두기로\n2 : 족구 가끔 하는 거 좋아하지 키키\n1 : 아 그치 동네 친구들이랑 축구하고 술 한잔 하고 키키\n2 : 나 진짜 운동 좋아하는데 축구는 별로야\n1 : 그렇구나 키키 그러면 족구 가끔 하겠네\n2 : 난 그냥 술 한잔 먹는 게 너무 좋아 키키\n1 : 하긴 친구들 얼굴 오랜만에 보는 게 목적이지\n2 : 거의 친구들이 부르면 잘 안 나가 키키\n2 : 내가 하고 싶을 때 하러 가지\n1 : 그렇구나 키키 그래도 친구들 옆에 있을 때 족구 자주 해줘\n2 : 아 간만에 연락이나 해볼까 친구들한테 키키\n1 : 나중에 자주 못 보긴 하더라 ㅠ\n2 : 진짜 나중에 자주 못 보긴 하지",
        "lines": [
          {
            "id": 1,
            "text": "1 : 주말에 조기 축구회 안 나가?",
            "norm_text": "주말에 조기 축구회 안 나가?",
            "speaker": {
              "id": "1번",
              "sex": "여성",
              "age": "20대"
            },
            "speechAct": "(지시) 질문하기",
            "morpheme": "주말/NNG+에/JKB+조기/NNG+축구/NNG+회안/NNG+나가/VV+EF"
          },
          {
            "id": 2,
            "text": "2 : 웅 나 조기 축구는 안 해 키키",
            "norm_text": "웅 나 조기 축구는 안 해 키키",
            "speaker": {
              "id": "2번",
              "sex": "남성",
              "age": "20대"
            },
            "speechAct": "(단언) 진술하기",
            "morpheme": "웅/IC+나/NP+조기/NNG+축구/NNG+는/JX+안/MAG+해/VV+EC+키/NNG+키/XSV+ETN"
          },
          {
            "id": 3,
            "text": "1 : 아 그래? 오빠 족구 좋아한다 했나 키키",
            "norm_text": "아 그래? 오빠 족구 좋아한다 했나 키키",
            "speaker": {
              "id": "1번",
              "sex": "여성",
              "age": "20대"
            },
            "speechAct": "(지시) 질문하기",
            "morpheme": "아/IC+그래/IC+오빠족구좋아한다했나키키/UNKNOWN"
          },
          {
            "id": 4,
            "text": "2 : 그런 거 하면 나 다 시켜서 나가기 싫어 ㅠㅠ",
            "norm_text": "그런 거 하면 나 다 시켜서 나가기 싫어 ㅠㅠ",
            "speaker": {
              "id": "2번",
              "sex": "남성",
              "age": "20대"
            },
            "speechAct": "(단언) 주장하기",
            "morpheme": "그런/MM+거/NNB+하/VV+면/EC+나/NP+다시/MAG+켜/VV+서/EC+나가/VX+기/ETN+싫/VA+어/EC+ㅠㅠ/UNKNOWN"
          },
          {
            "id": 5,
            "text": "1 : 골키퍼 시키구나 오빠 키키 깍두기로",
            "norm_text": "골키퍼 시키구나 오빠 키키 깍두기로",
            "speaker": {
              "id": "1번",
              "sex": "여성",
              "age": "20대"
            },
            "speechAct": "(단언) 주장하기",
            "morpheme": "골키퍼/NNG+시키/XSV+구나/EC+오빠/NNG+키/NNG+키/NNG+깍두기/NNG+로/JKB"
          },
          {
            "id": 6,
            "text": "2 : 족구 가끔 하는 거 좋아하지 키키",
            "norm_text": "족구 가끔 하는 거 좋아하지 키키",
            "speaker": {
              "id": "2번",
              "sex": "남성",
              "age": "20대"
            },
            "speechAct": "(단언) 주장하기",
            "morpheme": "족구/NNG+가끔/MAG+하/VV+는/ETM+거/NNB+좋/VA+아/EC+하/VV+지/EC+키/NNG+키/XSV+ETN"
          },
          {
            "id": 7,
            "text": "1 : 아 그치 동네 친구들이랑 축구하고 술 한잔 하고 키키",
            "norm_text": "아 그치 동네 친구들이랑 축구하고 술 한잔 하고 키키",
            "speaker": {
              "id": "1번",
              "sex": "여성",
              "age": "20대"
            },
            "speechAct": "(단언) 주장하기",
            "morpheme": "아/IC+그치/IC+동네/NNG+친구/NNG+들/XSN+이랑/JKB+축구/NNG+하/XSV+고/EC+술/NNG+한잔/NNG+하/XSV+고/EC+키/NNG+키/XSV+ETN"
          },
          {
            "id": 8,
            "text": "2 : 나 진짜 운동 좋아하는데 축구는 별로야",
            "norm_text": "나 진짜 운동 좋아하는데 축구는 별로야",
            "speaker": {
              "id": "2번",
              "sex": "남성",
              "age": "20대"
            },
            "speechAct": "(단언) 주장하기",
            "morpheme": "나/NP+진짜/MAG+운동/NNG+좋/VA+아/EC+하/VV+는데/EC+축구/NNG+는/JX+별로/MAG+야/IC"
          },
          {
            "id": 9,
            "text": "1 : 그렇구나 키키 그러면 족구 가끔 하겠네",
            "norm_text": "그렇구나 키키 그러면 족구 가끔 하겠네",
            "speaker": {
              "id": "1번",
              "sex": "여성",
              "age": "20대"
            },
            "speechAct": "(단언) 주장하기",
            "morpheme": "그렇/VA+구나/EF+키/NNG+키/XSV+ETN+그러/VV+면/EC+족구/NNG+가끔/MAG+하/VV+겠/EP+네/EF"
          },
          {
            "id": 10,
            "text": "2 : 난 그냥 술 한잔 먹는 게 너무 좋아 키키",
            "norm_text": "난 그냥 술 한잔 먹는 게 너무 좋아 키키",
            "speaker": {
              "id": "2번",
              "sex": "남성",
              "age": "20대"
            },
            "speechAct": "(단언) 주장하기",
            "morpheme": "난/NP+JX+그냥/MAG+술/NNG+한잔/NNG+먹/VV+는/ETM+게/NNB+JKS+너무/MAG+좋/VA+아/EC+키/NNG+키/XSV+ETN"
          },
          {
            "id": 11,
            "text": "1 : 하긴 친구들 얼굴 오랜만에 보는 게 목적이지",
            "norm_text": "하긴 친구들 얼굴 오랜만에 보는 게 목적이지",
            "speaker": {
              "id": "1번",
              "sex": "여성",
              "age": "20대"
            },
            "speechAct": "(단언) 주장하기",
            "morpheme": "하긴/MAJ+친구/NNG+들/XSN+얼굴/NNG+오랜만/NNG+에/JKB+보/VV+는/ETM+게/NNB+JKS+목적/NNG+이/VCP+지/EC"
          },
          {
            "id": 12,
            "text": "2 : 거의 친구들이 부르면 잘 안 나가 키키",
            "norm_text": "거의 친구들이 부르면 잘 안 나가 키키",
            "speaker": {
              "id": "2번",
              "sex": "남성",
              "age": "20대"
            },
            "speechAct": "(단언) 주장하기",
            "morpheme": "거의/MAG+친구/NNG+들/XSN+이/JKS+부르/VV+면/EC+잘/MAG+안/MAG+나가/VV+EC+키/NNG+키/XSV+ETN"
          },
          {
            "id": 13,
            "text": "2 : 내가 하고 싶을 때 하러 가지",
            "norm_text": "내가 하고 싶을 때 하러 가지",
            "speaker": {
              "id": "2번",
              "sex": "남성",
              "age": "20대"
            },
            "speechAct": "(단언) 주장하기",
            "morpheme": "내/NP+가/JKS+하/VV+고/EC+싶/VX+을/ETM+때/NNG+하/XSV+러/EC+가지/VX"
          },
          {
            "id": 14,
            "text": "1 : 그렇구나 키키 그래도 친구들 옆에 있을 때 족구 자주 해줘",
            "norm_text": "그렇구나 키키 그래도 친구들 옆에 있을 때 족구 자주 해줘",
            "speaker": {
              "id": "1번",
              "sex": "여성",
              "age": "20대"
            },
            "speechAct": "(단언) 주장하기",
            "morpheme": "그렇/VA+구나/EF+키/NNG+키/XSV+ETN+그래도/MAJ+친구/NNG+들/XSN+옆/NNG+에/JKB+있/VV+을/ETM+때/NNG+족구/NNG+자주/MAG+해/VV+EC+줘/VX+EC"
          },
          {
            "id": 15,
            "text": "2 : 아 간만에 연락이나 해볼까 친구들한테 키키",
            "norm_text": "아 간만에 연락이나 해볼까 친구들한테 키키",
            "speaker": {
              "id": "2번",
              "sex": "남성",
              "age": "20대"
            },
            "speechAct": "(단언) 주장하기",
            "morpheme": "아/IC+간만에/MAG+연락/NNG+이나/JX+해볼까/VV+EC+VX+EC+친구/NNG+들/XSN+한테/JKB+키/NNG+키/XSV+ETN"
          },
          {
            "id": 16,
            "text": "1 : 나중에 자주 못 보긴 하더라 ㅠ",
            "norm_text": "나중에 자주 못 보긴 하더라 ㅠ",
            "speaker": {
              "id": "1번",
              "sex": "여성",
              "age": "20대"
            },
            "speechAct": "(단언) 주장하기",
            "morpheme": "나중/NNG+에/JKB+자주/MAG+못/MAG+보/VV+긴/ETN+JX+하/VX+더라/EF+ㅠ/UNKNOWN"
          },
          {
            "id": 17,
            "text": "2 : 진짜 나중에 자주 못 보긴 하지",
            "norm_text": "진짜 나중에 자주 못 보긴 하지",
            "speaker": {
              "id": "2번",
              "sex": "남성",
              "age": "20대"
            },
            "speechAct": "(단언) 주장하기",
            "morpheme": "진짜/MAG+나중/NNG+에/JKB+자주/MAG+못/MAG+보/VV+긴/ETN+JX+하/VX+지/EC"
          }
        ]
      }
    }
  ]
}