{
  "dataset": {
    "identifier": 126935,
    "name": "FACEBOOK_122_01_set",
    "src_path": "/data/file/cubeManager/PROJECT001/84/txt20211104181831098537/FACEBOOK_122_01_set/",
    "label_path": "/data/file/cubeManager/PROJECT001/84/txt20211104181831098537/FACEBOOK_122_01_set/",
    "category": 2,
    "type": 0
  },
  "licenses": {
    "name": "Apache License 1.0",
    "url": "http://www.apache.org/licenses/LICENSE-1.0"
  },
  "info": [
    {
      "id": 137569,
      "filename": "FACEBOOK_122_01.txt",
      "title": "FACEBOOK_122_01",
      "mediatype": "SNS",
      "medianame": "페이스북",
      "category": "일상대화",
      "date": "2021-11-04",
      "size": 377,
      "annotations": {
        "subject": "식음료",
        "speaker_type": "1:1",
        "size": 377,
        "word_size": 138,
        "text": "1 : 배민 최애 메뉴 뭐야?\n2 : 나는 처갓집 치킨이 최고\n1 : 요즘 처갓집 많이 시켜 먹더라 키키\n2 : 웅 진짜 맛있어 ㅠㅠ 슈프림 치킨\n1 : 아 정말?\n1 : 슈프림 핫 양념 먹어 봤어?\n2 : 웅 진짜 나 그거 엄청 좋아해\n1 : 그거 진짜 매워서 나 피똥 쌀 뻔 키키\n2 : 아 키키 진짜 나도 매운 거 잘 못 먹는데\n1 : 그거 눈물 흘렸다 정말 키키\n1 : 근데 중독 있어\n2 : 맛있어서 중독이야 어쩔 수 없어 ㅠㅠ 키키\n1 : 그러게 키키\n1 : 치킨 먹을 때 거기만 먹어?\n2 : 진짜 배고프다 치킨이나 시켜 먹을까 고민 중\n1 : 아 얼른 배민 켜서 시켜\n2 : 나 다사랑 치킨도 좋아해 키키\n1 : 다사랑 알지~ 논산에서 자주 먹었어\n2 : 웅 진짜 어제 시켜 먹었는데 맛있더라",
        "lines": [
          {
            "id": 1,
            "text": "1 : 배민 최애 메뉴 뭐야?",
            "norm_text": "배민 최애 메뉴 뭐야?",
            "speaker": {
              "id": "1번",
              "sex": "여성",
              "age": "20대"
            },
            "speechAct": "(지시) 질문하기",
            "morpheme": "배민/NNG+최애/NNG+메뉴/NNG+뭐/NP+야/VCP+EF"
          },
          {
            "id": 2,
            "text": "2 : 나는 처갓집 치킨이 최고",
            "norm_text": "나는 처갓집 치킨이 최고",
            "speaker": {
              "id": "2번",
              "sex": "남성",
              "age": "20대"
            },
            "speechAct": "(단언) 진술하기",
            "morpheme": "나/NP+는/JX+처갓집/NNG+치킨/NNG+이/JKS+최고/NNG"
          },
          {
            "id": 3,
            "text": "1 : 요즘 처갓집 많이 시켜 먹더라 키키",
            "norm_text": "요즘 처갓집 많이 시켜 먹더라 키키",
            "speaker": {
              "id": "1번",
              "sex": "여성",
              "age": "20대"
            },
            "speechAct": "(단언) 주장하기",
            "morpheme": "요즘/NNG+처갓집/NNG+많이/MAG+시켜/VV+EC+먹/VV+더라/EC+키/NNG+키/XSV+ETN"
          },
          {
            "id": 4,
            "text": "2 : 웅 진짜 맛있어 ㅠㅠ 슈프림 치킨",
            "norm_text": "웅 진짜 맛있어 ㅠㅠ 슈프림 치킨",
            "speaker": {
              "id": "2번",
              "sex": "남성",
              "age": "20대"
            },
            "speechAct": "(단언) 진술하기",
            "morpheme": "웅/IC+진짜/MAG+맛있/VA+어/EC+ㅠㅠ/UNKNOWN+슈프림/NNP+치킨/NNG"
          },
          {
            "id": 5,
            "text": "1 : 아 정말?",
            "norm_text": "아 정말?",
            "speaker": {
              "id": "1번",
              "sex": "여성",
              "age": "20대"
            },
            "speechAct": "(지시) 질문하기",
            "morpheme": "아/IC+정말/MAG"
          },
          {
            "id": 6,
            "text": "1 : 슈프림 핫 양념 먹어 봤어?",
            "norm_text": "슈프림 핫 양념 먹어 봤어?",
            "speaker": {
              "id": "1번",
              "sex": "여성",
              "age": "20대"
            },
            "speechAct": "(지시) 질문하기",
            "morpheme": "슈프림/NNP+핫/NNG+양념/NNG+먹/VV+어/EC+봤/VX+EP+어/EF"
          },
          {
            "id": 7,
            "text": "2 : 웅 진짜 나 그거 엄청 좋아해",
            "norm_text": "웅 진짜 나 그거 엄청 좋아해",
            "speaker": {
              "id": "2번",
              "sex": "남성",
              "age": "20대"
            },
            "speechAct": "(단언) 주장하기",
            "morpheme": "웅/IC+진짜/MAG+나/NP+그거/NP+엄청/MAG+좋/VA+아/EC+해/VV+EC"
          },
          {
            "id": 8,
            "text": "1 : 그거 진짜 매워서 나 피똥 쌀 뻔 키키",
            "norm_text": "그거 진짜 매워서 나 피똥 쌀 뻔 키키",
            "speaker": {
              "id": "1번",
              "sex": "여성",
              "age": "20대"
            },
            "speechAct": "(단언) 진술하기",
            "morpheme": "그거/NP+진짜/MAG+매워서/VA+EC+나/NP+피똥/NNG+쌀/VV+ETM+뻔/NNB+키/NNG+키/XSV+ETN"
          },
          {
            "id": 9,
            "text": "2 : 아 키키 진짜 나도 매운 거 잘 못 먹는데",
            "norm_text": "아 키키 진짜 나도 매운 거 잘 못 먹는데",
            "speaker": {
              "id": "2번",
              "sex": "남성",
              "age": "20대"
            },
            "speechAct": "(단언) 주장하기",
            "morpheme": "아키/NNP+키/NNG+진짜/MAG+나/NP+도/JX+매운/VA+ETM+거/NNB+잘못/MAG+먹/VV+는데/EC"
          },
          {
            "id": 10,
            "text": "1 : 그거 눈물 흘렸다 정말 키키",
            "norm_text": "그거 눈물 흘렸다 정말 키키",
            "speaker": {
              "id": "1번",
              "sex": "여성",
              "age": "20대"
            },
            "speechAct": "(단언) 주장하기",
            "morpheme": "그거/NP+눈물/NNG+흘렸/VV+EP+다/EF+정말/MAG+키/NNG+키/XSV+ETN"
          },
          {
            "id": 11,
            "text": "1 : 근데 중독 있어",
            "norm_text": "근데 중독 있어",
            "speaker": {
              "id": "1번",
              "sex": "여성",
              "age": "20대"
            },
            "speechAct": "(단언) 주장하기",
            "morpheme": "근데/MAJ+중독/NNG+있/VV+어/EC"
          },
          {
            "id": 12,
            "text": "2 : 맛있어서 중독이야 어쩔 수 없어 ㅠㅠ 키키",
            "norm_text": "맛있어서 중독이야 어쩔 수 없어 ㅠㅠ 키키",
            "speaker": {
              "id": "2번",
              "sex": "남성",
              "age": "20대"
            },
            "speechAct": "(단언) 주장하기",
            "morpheme": "맛있/VA+어서/EC+중독/NNG+이/VCP+야/EC+어쩔/VV+ETM+수/NNB+없/VA+어/EC+ㅠㅠ/UNKNOWN+키/NNG+키/XSV+ETN"
          },
          {
            "id": 13,
            "text": "1 : 그러게 키키",
            "norm_text": "그러게 키키",
            "speaker": {
              "id": "1번",
              "sex": "여성",
              "age": "20대"
            },
            "speechAct": "(단언) 주장하기",
            "morpheme": "그러/VV+게/EC+키/NNG+키/XSV+ETN"
          },
          {
            "id": 14,
            "text": "1 : 치킨 먹을 때 거기만 먹어?",
            "norm_text": "치킨 먹을 때 거기만 먹어?",
            "speaker": {
              "id": "1번",
              "sex": "여성",
              "age": "20대"
            },
            "speechAct": "(지시) 질문하기",
            "morpheme": "치킨/NNG+먹/VV+을/ETM+때/NNG+거기/NP+만/JX+먹/VV+어/EF"
          },
          {
            "id": 15,
            "text": "2 : 진짜 배고프다 치킨이나 시켜 먹을까 고민 중",
            "norm_text": "진짜 배고프다 치킨이나 시켜 먹을까 고민 중",
            "speaker": {
              "id": "2번",
              "sex": "남성",
              "age": "20대"
            },
            "speechAct": "(단언) 주장하기",
            "morpheme": "진짜/MAG+배고프/VA+다/EC+치킨/NNG+이나/JX+시켜/VV+EC+먹/VV+을까고/EC+민중/NNG"
          },
          {
            "id": 16,
            "text": "1 : 아 얼른 배민 켜서 시켜",
            "norm_text": "아 얼른 배민 켜서 시켜",
            "speaker": {
              "id": "1번",
              "sex": "여성",
              "age": "20대"
            },
            "speechAct": "(단언) 주장하기",
            "morpheme": "아/IC+얼른/MAG+배민/NNG+켜/VV+서/EC+시켜/VV+EC"
          },
          {
            "id": 17,
            "text": "2 : 나 다사랑 치킨도 좋아해 키키",
            "norm_text": "나 다사랑 치킨도 좋아해 키키",
            "speaker": {
              "id": "2번",
              "sex": "남성",
              "age": "20대"
            },
            "speechAct": "(단언) 주장하기",
            "morpheme": "나/NP+다/JX+사랑/NNG+치킨/NNG+도/JX+좋/VA+아/EC+해/VV+EC+키/NNG+키/XSV+ETN"
          },
          {
            "id": 18,
            "text": "1 : 다사랑 알지~ 논산에서 자주 먹었어",
            "norm_text": "다사랑 알지~ 논산에서 자주 먹었어",
            "speaker": {
              "id": "1번",
              "sex": "여성",
              "age": "20대"
            },
            "speechAct": "(단언) 주장하기",
            "morpheme": "다/MAG+사랑/NNG+알/VV+지/EC+~/SY+논산/NNP+에서/JKB+자주/MAG+먹/VV+었/EP+어/EC"
          },
          {
            "id": 19,
            "text": "2 : 웅 진짜 어제 시켜 먹었는데 맛있더라",
            "norm_text": "웅 진짜 어제 시켜 먹었는데 맛있더라",
            "speaker": {
              "id": "2번",
              "sex": "남성",
              "age": "20대"
            },
            "speechAct": "(단언) 주장하기",
            "morpheme": "웅/IC+진짜/MAG+어제/NNG+시켜/XSV+EC+먹/VV+었/EP+는데/EC+맛있/VA+더라/EC"
          }
        ]
      }
    }
  ]
}