{
  "dataset": {
    "identifier": 117022,
    "name": "FACEBOOK_110_06_set",
    "src_path": "/data/file/cubeManager/PROJECT001/80/txt20211102153319031611/FACEBOOK_110_06_set/",
    "label_path": "/data/file/cubeManager/PROJECT001/80/txt20211102153319031611/FACEBOOK_110_06_set/",
    "category": 2,
    "type": 0
  },
  "licenses": {
    "name": "Apache License 1.0",
    "url": "http://www.apache.org/licenses/LICENSE-1.0"
  },
  "info": [
    {
      "id": 130010,
      "filename": "FACEBOOK_110_06.txt",
      "title": "FACEBOOK_110_06",
      "mediatype": "SNS",
      "medianame": "카카오톡",
      "category": "일상대화",
      "date": "2021-11-02",
      "size": 442,
      "annotations": {
        "subject": "교육",
        "speaker_type": "1:1",
        "size": 442,
        "word_size": 158,
        "text": "1 : 언니는 어렸을 때 학습지로 공부했었어?\n2 : 어 나 했던 거 같아 키키\n1 : 언니 혹시 윤선생이라고 알아?\n2 : 알지 나 했지\n2 : 아침에 전화 오잖아\n1 : 아 진짜? 키키\n1 : 대박 키키 진짜로 전화가 와?\n2 : 웅 선생님한테 아침마다 전화와\n1 : 헐 키키\n1 : 그러면 아침에 전화하는 걸로 공부가 돼?\n2 : 영어로 인사해야 돼\n2 : 근데 나 영어 바보라니까 키키\n1 : 키키 그거 아침에 일어나서 몇 분 동안 해?\n2 : 기억 잘 안 나는데 그냥 간단한 인사?\n1 : 키키 아 진짜?\n1 : 근데 그거 했던 사람들 그거 다 쓸모 없다더라 키키\n2 : 키키 맞아\n2 : 열심히 했어야 됐는데 돈만 날림 키키\n1 : 그러면 그거 말고 또 쌤이 직접 집에 방문도 해?\n2 : 웅 방문 하지 당근 키키\n1 : 와 대박 키키\n1 : 몇 시간동안 공부해?\n2 : 한 시간? 막 숙제로 발음 녹음도 하고 그랬었어",
        "lines": [
          {
            "id": 1,
            "text": "1 : 언니는 어렸을 때 학습지로 공부했었어?",
            "norm_text": "언니는 어렸을 때 학습지로 공부했었어?",
            "speaker": {
              "id": "1번",
              "sex": "여성",
              "age": "20대"
            },
            "speechAct": "(지시) 질문하기",
            "morpheme": "언니/NNG+는/JX+어렸/VA+EP+을/ETM+때/NNG+학습지/NNG+로/JKB+공부/NNG+했었/XSV+EP+어/EF"
          },
          {
            "id": 2,
            "text": "2 : 어 나 했던 거 같아 키키",
            "norm_text": "어 나 했던 거 같아 키키",
            "speaker": {
              "id": "2번",
              "sex": "여성",
              "age": "20대"
            },
            "speechAct": "(단언) 주장하기",
            "morpheme": "어/IC+나/NP+했/VV+EP+던/ETM+거/NNB+같/VA+아/EC+키/NNG+키/XSV+ETN"
          },
          {
            "id": 3,
            "text": "1 : 언니 혹시 윤선생이라고 알아?",
            "norm_text": "언니 혹시 윤선생이라고 알아?",
            "speaker": {
              "id": "1번",
              "sex": "여성",
              "age": "20대"
            },
            "speechAct": "(지시) 질문하기",
            "morpheme": "언니/NNG+혹시/MAG+윤선/NNG+생/XSN+이/VCP+라고/EC+알/VV+아/EF"
          },
          {
            "id": 4,
            "text": "2 : 알지 나 했지",
            "norm_text": "알지 나 했지",
            "speaker": {
              "id": "2번",
              "sex": "여성",
              "age": "20대"
            },
            "speechAct": "(단언) 주장하기",
            "morpheme": "알/VV+지나/EC+했/VX+EP+지/EC"
          },
          {
            "id": 5,
            "text": "2 : 아침에 전화 오잖아",
            "norm_text": "아침에 전화 오잖아",
            "speaker": {
              "id": "2번",
              "sex": "여성",
              "age": "20대"
            },
            "speechAct": "(단언) 주장하기",
            "morpheme": "아침/NNG+에/JKB+전화/NNG+오/VV+잖아/EC"
          },
          {
            "id": 6,
            "text": "1 : 아 진짜? 키키",
            "norm_text": "아 진짜? 키키",
            "speaker": {
              "id": "1번",
              "sex": "여성",
              "age": "20대"
            },
            "speechAct": "(지시) 질문하기",
            "morpheme": "아/IC+진짜/MAG+키/NNG+키/XSV+ETN"
          },
          {
            "id": 7,
            "text": "1 : 대박 키키 진짜로 전화가 와?",
            "norm_text": "대박 키키 진짜로 전화가 와?",
            "speaker": {
              "id": "1번",
              "sex": "여성",
              "age": "20대"
            },
            "speechAct": "(지시) 질문하기",
            "morpheme": "대박/NNG+키/NNG+키/NNG+진짜/NNG+로/JKB+전화/NNG+가/JKS+와/VV+EF"
          },
          {
            "id": 8,
            "text": "2 : 웅 선생님한테 아침마다 전화와",
            "norm_text": "웅 선생님한테 아침마다 전화와",
            "speaker": {
              "id": "2번",
              "sex": "여성",
              "age": "20대"
            },
            "speechAct": "(단언) 진술하기",
            "morpheme": "웅/IC+선생/NNG+님/XSN+한테/JKB+아침/NNG+마다/JX+전화/NNG+와/JC"
          },
          {
            "id": 9,
            "text": "1 : 헐 키키",
            "norm_text": "헐 키키",
            "speaker": {
              "id": "1번",
              "sex": "여성",
              "age": "20대"
            },
            "speechAct": "(단언) 주장하기",
            "morpheme": "헐/IC+키/NNG+키/XSV+ETN"
          },
          {
            "id": 10,
            "text": "1 : 그러면 아침에 전화하는 걸로 공부가 돼?",
            "norm_text": "그러면 아침에 전화하는 걸로 공부가 돼?",
            "speaker": {
              "id": "1번",
              "sex": "여성",
              "age": "20대"
            },
            "speechAct": "(지시) 질문하기",
            "morpheme": "그러면/MAJ+아침/NNG+에/JKB+전화/NNG+하/XSV+는/ETM+걸로/NNB+JKB+공부/NNG+가/JKS+돼/VV+EF"
          },
          {
            "id": 11,
            "text": "2 : 영어로 인사해야 돼",
            "norm_text": "영어로 인사해야 돼",
            "speaker": {
              "id": "2번",
              "sex": "여성",
              "age": "20대"
            },
            "speechAct": "(단언) 진술하기",
            "morpheme": "영어/NNG+로/JKB+인사/NNG+해야/XSV+EC+돼/VV+EC"
          },
          {
            "id": 12,
            "text": "2 : 근데 나 영어 바보라니까 키키",
            "norm_text": "근데 나 영어 바보라니까 키키",
            "speaker": {
              "id": "2번",
              "sex": "여성",
              "age": "20대"
            },
            "speechAct": "(단언) 주장하기",
            "morpheme": "근데/MAJ+나/NP+영어/NNG+바보/NNG+라니까/VCP+EC+키/NNG+키/XSV+ETN"
          },
          {
            "id": 13,
            "text": "1 : 키키 그거 아침에 일어나서 몇 분 동안 해?",
            "norm_text": "키키 그거 아침에 일어나서 몇 분 동안 해?",
            "speaker": {
              "id": "1번",
              "sex": "여성",
              "age": "20대"
            },
            "speechAct": "(지시) 질문하기",
            "morpheme": "키/NNG+키/XSV+ETN+그거/NP+아침/NNG+에/JKB+일어나/VV+서/EC+몇/MM+분/NNBC+동안/NNG+해/XSV+EF"
          },
          {
            "id": 14,
            "text": "2 : 기억 잘 안 나는데 그냥 간단한 인사?",
            "norm_text": "기억 잘 안 나는데 그냥 간단한 인사?",
            "speaker": {
              "id": "2번",
              "sex": "여성",
              "age": "20대"
            },
            "speechAct": "(단언) 주장하기",
            "morpheme": "기억/NNG+잘/MAG+안/MAG+나/VV+는데/EC+그냥/MAG+간단/XR+한/XSA+ETM+인사/NNG"
          },
          {
            "id": 15,
            "text": "1 : 키키 아 진짜?",
            "norm_text": "키키 아 진짜?",
            "speaker": {
              "id": "1번",
              "sex": "여성",
              "age": "20대"
            },
            "speechAct": "(지시) 질문하기",
            "morpheme": "키/NNG+키/VV+아/EC+진짜/MAG"
          },
          {
            "id": 16,
            "text": "1 : 근데 그거 했던 사람들 그거 다 쓸모 없다더라 키키",
            "norm_text": "근데 그거 했던 사람들 그거 다 쓸모 없다더라 키키",
            "speaker": {
              "id": "1번",
              "sex": "여성",
              "age": "20대"
            },
            "speechAct": "(단언) 주장하기",
            "morpheme": "근데/MAJ+그거/NP+했/VV+EP+던/ETM+사람/NNG+들/XSN+그거/NP+다/JX+쓸모/NNG+없/VA+다더라/EC+키/NNG+키/XSV+ETN"
          },
          {
            "id": 17,
            "text": "2 : 키키 맞아",
            "norm_text": "키키 맞아",
            "speaker": {
              "id": "2번",
              "sex": "여성",
              "age": "20대"
            },
            "speechAct": "(단언) 주장하기",
            "morpheme": "키/NNG+키/XSV+ETN+맞/VV+아/EC"
          },
          {
            "id": 18,
            "text": "2 : 열심히 했어야 됐는데 돈만 날림 키키",
            "norm_text": "열심히 했어야 됐는데 돈만 날림 키키",
            "speaker": {
              "id": "2번",
              "sex": "여성",
              "age": "20대"
            },
            "speechAct": "(단언) 주장하기",
            "morpheme": "열심히/MAG+했어야/XSV+EP+EC+됐/VV+EP+는데/EC+돈/NNG+만/JX+날림/NNG+키/NNG+키/XSV+ETN"
          },
          {
            "id": 19,
            "text": "1 : 그러면 그거 말고 또 쌤이 직접 집에 방문도 해?",
            "norm_text": "그러면 그거 말고 또 쌤이 직접 집에 방문도 해?",
            "speaker": {
              "id": "1번",
              "sex": "여성",
              "age": "20대"
            },
            "speechAct": "(지시) 질문하기",
            "morpheme": "그러면/MAJ+그거/NP+말/VV+고/EC+또/MAG+쌤/NNG+이/JKS+직접/MAG+집/NNG+에/JKB+방문/NNG+도/JX+해/VV+EF"
          },
          {
            "id": 20,
            "text": "2 : 웅 방문 하지 당근 키키",
            "norm_text": "웅 방문 하지 당근 키키",
            "speaker": {
              "id": "2번",
              "sex": "여성",
              "age": "20대"
            },
            "speechAct": "(단언) 주장하기",
            "morpheme": "웅/IC+방문/NNG+하/XSV+지/EC+당근/NNG+키/NNG+키/XSV+ETN"
          },
          {
            "id": 21,
            "text": "1 : 와 대박 키키",
            "norm_text": "와 대박 키키",
            "speaker": {
              "id": "1번",
              "sex": "여성",
              "age": "20대"
            },
            "speechAct": "(단언) 주장하기",
            "morpheme": "와/IC+대박/NNG+키/NNG+키/XSV+ETN"
          },
          {
            "id": 22,
            "text": "1 : 몇 시간동안 공부해?",
            "norm_text": "몇 시간동안 공부해?",
            "speaker": {
              "id": "1번",
              "sex": "여성",
              "age": "20대"
            },
            "speechAct": "(지시) 질문하기",
            "morpheme": "몇/MM+시간/NNG+동안/NNG+공부/NNG+해/XSV+EF"
          },
          {
            "id": 23,
            "text": "2 : 한 시간? 막 숙제로 발음 녹음도 하고 그랬었어",
            "norm_text": "한 시간? 막 숙제로 발음 녹음도 하고 그랬었어",
            "speaker": {
              "id": "2번",
              "sex": "여성",
              "age": "20대"
            },
            "speechAct": "(단언) 주장하기",
            "morpheme": "한/MM+시간/NNG+막/MAJ+숙제/NNG+로/JKB+발음/NNG+녹음도/NNG+하/XSV+고/EC+그랬었/VV+EP+어/EC"
          }
        ]
      }
    }
  ]
}