{
  "dataset": {
    "identifier": 103304,
    "name": "FACEBOOK_101_14_set",
    "src_path": "/data/file/cubeManager/PROJECT001/77/txt20211027152210049017/FACEBOOK_101_14_set/",
    "label_path": "/data/file/cubeManager/PROJECT001/77/txt20211027152210049017/FACEBOOK_101_14_set/",
    "category": 2,
    "type": 0
  },
  "licenses": {
    "name": "Apache License 1.0",
    "url": "http://www.apache.org/licenses/LICENSE-1.0"
  },
  "info": [
    {
      "id": 99355,
      "filename": "FACEBOOK_101_14.txt",
      "title": "FACEBOOK_101_14",
      "mediatype": "SNS",
      "medianame": "페이스북",
      "category": "일상대화",
      "date": "2021-10-27",
      "size": 501,
      "annotations": {
        "subject": "사회이슈",
        "speaker_type": "1:1",
        "size": 501,
        "word_size": 161,
        "text": "1 : 언니 혹시 작년에 이슈였던 엘에이치 사건 알아?\n2 : 그게 뭔데?\n2 : 나 몰라\n1 : 그 엘에이치공사에서 자기네들끼리 포식한 사건!\n2 : 대박\n2 : 근데 그게 머야?\n1 : 걔네들끼리 부동산 정해서 투기하고 배 채웠잖아!\n2 : 와 대박\n2 : 부자 됐겠네\n2 : 너무해\n1 : 맞아\n1 : 근데 자기네들은 절대 아니라고 그러다가 조용해졌는데 이번에 또 기사가 떴네!?\n2 : 거짓말 치다가 걸렸구나\n2 : 대박 키키 또?\n1 : 키키 이번에는 엘에이치 부장네 매제랑 처제까지 땅 투기 의혹으로 법원에 갔다는 내용이야!\n2 : 걔네 다 짤려야 되는 거 아님?\n1 : 키키 그니까,\n1 : 아니 솔직히 이거는 감옥 가야 하는 거 아니야?\n2 : 감옥 가지 않을까?\n2 : 사기꾼들 키키\n1 : 지금 부동산 레드오션으로 집값도 장난이 아닌데 이런 사람들이 있으니까 더 올라가는 거잖아!\n2 : 그래도 안 걸리는 사람들 많겠지\n1 : 맞아 키키\n1 : 진짜 이런 적폐는 청산 되어야 해!\n2 : 우리 같은 일개미는 일이나 하자,",
        "lines": [
          {
            "id": 1,
            "text": "1 : 언니 혹시 작년에 이슈였던 엘에이치 사건 알아?",
            "norm_text": "언니 혹시 작년에 이슈였던 엘에이치 사건 알아?",
            "speaker": {
              "id": "1번",
              "sex": "여성",
              "age": "20대"
            },
            "speechAct": "(지시) 질문하기",
            "morpheme": "언니/NNG+혹시/MAG+작년/NNG+에/JKB+이슈/NNG+였/VCP+EP+던/ETM+엘/NNG+에/JKB+이치/NNG+사건/NNG+알/VV+아/EF"
          },
          {
            "id": 2,
            "text": "2 : 그게 뭔데?",
            "norm_text": "그게 뭔데?",
            "speaker": {
              "id": "2번",
              "sex": "여성",
              "age": "20대"
            },
            "speechAct": "(지시) 질문하기",
            "morpheme": "그게/NP+JKS+뭔데/NP+VCP+EF"
          },
          {
            "id": 3,
            "text": "2 : 나 몰라",
            "norm_text": "나 몰라",
            "speaker": {
              "id": "2번",
              "sex": "여성",
              "age": "20대"
            },
            "speechAct": "(단언) 주장하기",
            "morpheme": "나몰라/NNP"
          },
          {
            "id": 4,
            "text": "1 : 그 엘에이치공사에서 자기네들끼리 포식한 사건!",
            "norm_text": "그 엘에이치공사에서 자기네들끼리 포식한 사건!",
            "speaker": {
              "id": "1번",
              "sex": "여성",
              "age": "20대"
            },
            "speechAct": "(단언) 주장하기",
            "morpheme": "그/MM+엘/NNG+에/JKB+이치/NNG+공사/NNG+에서/JKB+자기/NP+네/XSN+들/XSN+끼리/XSN+포식/NNG+한/XSA+ETM+사건/NNG"
          },
          {
            "id": 5,
            "text": "2 : 대박",
            "norm_text": "대박",
            "speaker": {
              "id": "2번",
              "sex": "여성",
              "age": "20대"
            },
            "speechAct": "(단언) 주장하기",
            "morpheme": "대박/NNG"
          },
          {
            "id": 6,
            "text": "2 : 근데 그게 머야?",
            "norm_text": "근데 그게 머야?",
            "speaker": {
              "id": "2번",
              "sex": "여성",
              "age": "20대"
            },
            "speechAct": "(지시) 질문하기",
            "morpheme": "근데/MAJ+그게/NP+JKS+머/NP+야/VCP+EF"
          },
          {
            "id": 7,
            "text": "1 : 걔네들끼리 부동산 정해서 투기하고 배 채웠잖아!",
            "norm_text": "걔네들끼리 부동산 정해서 투기하고 배 채웠잖아!",
            "speaker": {
              "id": "1번",
              "sex": "여성",
              "age": "20대"
            },
            "speechAct": "(단언) 진술하기",
            "morpheme": "걔/NP+네/XSN+들/XSN+끼리/XSN+부동산/NNG+정해서/VV+EC+투기/NNG+하/XSV+고/EC+배/NNG+채웠/VV+EP+잖아/EF"
          },
          {
            "id": 8,
            "text": "2 : 와 대박",
            "norm_text": "와 대박",
            "speaker": {
              "id": "2번",
              "sex": "여성",
              "age": "20대"
            },
            "speechAct": "(단언) 주장하기",
            "morpheme": "와/IC+대박/NNG"
          },
          {
            "id": 9,
            "text": "2 : 부자 됐겠네",
            "norm_text": "부자 됐겠네",
            "speaker": {
              "id": "2번",
              "sex": "여성",
              "age": "20대"
            },
            "speechAct": "(단언) 주장하기",
            "morpheme": "부자/NNG+됐/XSV+EP+겠/EP+네/EF"
          },
          {
            "id": 10,
            "text": "2 : 너무해",
            "norm_text": "너무해",
            "speaker": {
              "id": "2번",
              "sex": "여성",
              "age": "20대"
            },
            "speechAct": "(단언) 주장하기",
            "morpheme": "너무/MAG+해/VV+EC"
          },
          {
            "id": 11,
            "text": "1 : 맞아",
            "norm_text": "맞아",
            "speaker": {
              "id": "1번",
              "sex": "여성",
              "age": "20대"
            },
            "speechAct": "(단언) 주장하기",
            "morpheme": "맞/VV+아/EC"
          },
          {
            "id": 12,
            "text": "1 : 근데 자기네들은 절대 아니라고 그러다가 조용해졌는데 이번에 또 기사가 떴네!?",
            "norm_text": "근데 자기네들은 절대 아니라고 그러다가 조용해졌는데 이번에 또 기사가 떴네!?",
            "speaker": {
              "id": "1번",
              "sex": "여성",
              "age": "20대"
            },
            "speechAct": "(단언) 진술하기",
            "morpheme": "근데/MAJ+자기/NP+네/XSN+들/XSN+은/JX+절대/MAG+아니/VCN+라고/EC+그러/VV+다가/EC+조용/XR+해졌/XSA+EC+VX+EP+는데/EC+이번/NNG+에/JKB+또/MAG+기사/NNG+가/JKS+떴/VV+EP+네/EF+!/SY"
          },
          {
            "id": 13,
            "text": "2 : 거짓말 치다가 걸렸구나",
            "norm_text": "거짓말 치다가 걸렸구나",
            "speaker": {
              "id": "2번",
              "sex": "여성",
              "age": "20대"
            },
            "speechAct": "(단언) 주장하기",
            "morpheme": "거짓말/NNG+치/VV+다가/EC+걸렸/VV+EP+구나/EC"
          },
          {
            "id": 14,
            "text": "2 : 대박 키키 또?",
            "norm_text": "대박 키키 또?",
            "speaker": {
              "id": "2번",
              "sex": "여성",
              "age": "20대"
            },
            "speechAct": "(지시) 질문하기",
            "morpheme": "대박/NNG+키/NNG+키/NNG+또/MAG"
          },
          {
            "id": 15,
            "text": "1 : 키키 이번에는 엘에이치 부장네 매제랑 처제까지 땅 투기 의혹으로 법원에 갔다는 내용이야!",
            "norm_text": "키키 이번에는 엘에이치 부장네 매제랑 처제까지 땅 투기 의혹으로 법원에 갔다는 내용이야!",
            "speaker": {
              "id": "1번",
              "sex": "여성",
              "age": "20대"
            },
            "speechAct": "(단언) 진술하기",
            "morpheme": "키/NNG+키/NNG+이번/NNG+에/JKB+는/JX+엘에이/NNP+치부장/NNG+네/XSN+매제/NNG+랑/JKB+처제/NNG+까지/JX+땅/NNG+투기/NNG+의혹/NNG+으로/JKB+법원/NNG+에/JKB+갔/VV+EP+다는/ETM+내용/NNG+이/VCP+야/EF"
          },
          {
            "id": 16,
            "text": "2 : 걔네 다 짤려야 되는 거 아님?",
            "norm_text": "걔네 다 짤려야 되는 거 아님?",
            "speaker": {
              "id": "2번",
              "sex": "여성",
              "age": "20대"
            },
            "speechAct": "(지시) 질문하기",
            "morpheme": "걔/NP+네/XSN+다/MAG+짤/VV+려야/EC+되/VV+는/ETM+거/NNB+아님/VCN+ETN"
          },
          {
            "id": 17,
            "text": "1 : 키키 그니까,",
            "norm_text": "키키 그니까,",
            "speaker": {
              "id": "1번",
              "sex": "여성",
              "age": "20대"
            },
            "speechAct": "(단언) 주장하기",
            "morpheme": "키/NNG+키/XSV+ETN+그니까/MAJ+,/SC"
          },
          {
            "id": 18,
            "text": "1 : 아니 솔직히 이거는 감옥 가야 하는 거 아니야?",
            "norm_text": "아니 솔직히 이거는 감옥 가야 하는 거 아니야?",
            "speaker": {
              "id": "1번",
              "sex": "여성",
              "age": "20대"
            },
            "speechAct": "(지시) 질문하기",
            "morpheme": "아니/IC+솔직히/MAG+이거/NP+는/JX+감옥/NNG+가야/NNG+하/XSV+는/ETM+거/NNB+아니/VCN+야/EF"
          },
          {
            "id": 19,
            "text": "2 : 감옥 가지 않을까?",
            "norm_text": "감옥 가지 않을까?",
            "speaker": {
              "id": "2번",
              "sex": "여성",
              "age": "20대"
            },
            "speechAct": "(지시) 질문하기",
            "morpheme": "감옥/NNG+가/VV+지/EC+않/VX+을까/EF"
          },
          {
            "id": 20,
            "text": "2 : 사기꾼들 키키",
            "norm_text": "사기꾼들 키키",
            "speaker": {
              "id": "2번",
              "sex": "여성",
              "age": "20대"
            },
            "speechAct": "(단언) 주장하기",
            "morpheme": "사기/NNG+꾼/XSN+들/XSN+키/NNG+키/XSV+ETN"
          },
          {
            "id": 21,
            "text": "1 : 지금 부동산 레드오션으로 집값도 장난이 아닌데 이런 사람들이 있으니까 더 올라가는 거잖아!",
            "norm_text": "지금 부동산 레드오션으로 집값도 장난이 아닌데 이런 사람들이 있으니까 더 올라가는 거잖아!",
            "speaker": {
              "id": "1번",
              "sex": "여성",
              "age": "20대"
            },
            "speechAct": "(단언) 주장하기",
            "morpheme": "지금/MAG+부동산/NNG+레드/NNP+오션/NNP+으로/JKB+집값/NNG+도/JX+장난/NNG+이/JKC+아닌데/VCN+EC+이런/MM+사람/NNG+들/XSN+이/JKS+있/VV+으니까/EC+더/MAG+올라가/VV+는/ETM+거/NNB+잖아/VCP+EC+VX+EF"
          },
          {
            "id": 22,
            "text": "2 : 그래도 안 걸리는 사람들 많겠지",
            "norm_text": "그래도 안 걸리는 사람들 많겠지",
            "speaker": {
              "id": "2번",
              "sex": "여성",
              "age": "20대"
            },
            "speechAct": "(단언) 주장하기",
            "morpheme": "그래도/MAJ+안/MAG+걸리/VV+는/ETM+사람/NNG+들/XSN+많/VA+겠/EP+지/EC"
          },
          {
            "id": 23,
            "text": "1 : 맞아 키키",
            "norm_text": "맞아 키키",
            "speaker": {
              "id": "1번",
              "sex": "여성",
              "age": "20대"
            },
            "speechAct": "(단언) 주장하기",
            "morpheme": "맞/VV+아/EC+키/NNG+키/XSV+ETN"
          },
          {
            "id": 24,
            "text": "1 : 진짜 이런 적폐는 청산 되어야 해!",
            "norm_text": "진짜 이런 적폐는 청산 되어야 해!",
            "speaker": {
              "id": "1번",
              "sex": "여성",
              "age": "20대"
            },
            "speechAct": "(단언) 주장하기",
            "morpheme": "진짜/MAG+이런/MM+적폐/NNG+는/JX+청산/NNG+되/XSV+어야/EC+해/VX+EF"
          },
          {
            "id": 25,
            "text": "2 : 우리 같은 일개미는 일이나 하자,",
            "norm_text": "우리 같은 일개미는 일이나 하자,",
            "speaker": {
              "id": "2번",
              "sex": "여성",
              "age": "20대"
            },
            "speechAct": "(단언) 주장하기",
            "morpheme": "우리/NP+같/VA+은/ETM+일개미/NNG+는/JX+일/NNG+이나/JX+하/VV+자/EF+,/SC"
          }
        ]
      }
    }
  ]
}