{
  "dataset": {
    "identifier": 113707,
    "name": "FACEBOOK_112_15_set",
    "src_path": "/data/file/cubeManager/PROJECT001/80/txt20211103154237033347/FACEBOOK_112_15_set/",
    "label_path": "/data/file/cubeManager/PROJECT001/80/txt20211103154237033347/FACEBOOK_112_15_set/",
    "category": 2,
    "type": 0
  },
  "licenses": {
    "name": "Apache License 1.0",
    "url": "http://www.apache.org/licenses/LICENSE-1.0"
  },
  "info": [
    {
      "id": 135350,
      "filename": "FACEBOOK_112_15.txt",
      "title": "FACEBOOK_112_15",
      "mediatype": "SNS",
      "medianame": "페이스북",
      "category": "일상대화",
      "date": "2021-11-03",
      "size": 426,
      "annotations": {
        "subject": "타 국가 이슈",
        "speaker_type": "1:1",
        "size": 426,
        "word_size": 143,
        "text": "1 : 지금 전세계적으로 오겜 열풍인 거 알지?\n2 : 맞아 난리도 아니든데 최고 키키\n1 : 키키 맞아 지금 인도는 오겜 카페가 있대!\n2 : 오겜 카페?\n2 : 왜 우리보다 더 하는 거야\n1 : 키키 그니까 이 카페는 무궁화꽃이피었습니다 게임을 손님이랑 같이 한대!\n2 : 우리도 그런 거 있었음 좋겠다 재밌을 듯\n1 : 키키 어 우리 이거 최근에 있었던 거 몰랐어?\n2 : 어디?\n2 : 어디 생겼데 벌써?\n1 : 이거 서울 어디에 게임 즐길 수 있는 거 있었어!\n2 : 키키 그거 이기면 뭐 주는데 키키\n1 : 그거는 모르겠고 거기 스테프가 오겜에 나오는 분홍옷 입고 있었대!\n2 : 키키 맞아 맞아 본 거 같아 나도!\n1 : 키키 근데 이거 10월 초에 끝났음 ㅜ\n2 : 왜 왜 끝냈데 지금 열풍인데\n1 : 나도 잘 모르겠어\n1 : 코로나 때문인가?\n2 : 엥 위드 코로난데? 끝이야?",
        "lines": [
          {
            "id": 1,
            "text": "1 : 지금 전세계적으로 오겜 열풍인 거 알지?",
            "norm_text": "지금 전세계적으로 오겜 열풍인 거 알지?",
            "speaker": {
              "id": "1번",
              "sex": "여성",
              "age": "20대"
            },
            "speechAct": "(지시) 질문하기",
            "morpheme": "지금/MAG+전/MM+세계/NNG+적/XSN+으로/JKB+오/VV+EC+겜/NNP+열풍/NNG+인/VCP+ETM+거/NNB+알/VV+지/EF"
          },
          {
            "id": 2,
            "text": "2 : 맞아 난리도 아니든데 최고 키키",
            "norm_text": "맞아 난리도 아니든데 최고 키키",
            "speaker": {
              "id": "2번",
              "sex": "여성",
              "age": "20대"
            },
            "speechAct": "(단언) 주장하기",
            "morpheme": "맞/VV+아/EC+난리/NNG+도/JX+아니/VCN+든데/EC+최고/NNG+키/NNG+키/XSV+ETN"
          },
          {
            "id": 3,
            "text": "1 : 키키 맞아 지금 인도는 오겜 카페가 있대!",
            "norm_text": "키키 맞아 지금 인도는 오겜 카페가 있대!",
            "speaker": {
              "id": "1번",
              "sex": "여성",
              "age": "20대"
            },
            "speechAct": "(단언) 진술하기",
            "morpheme": "키/NNG+키/XSV+ETN+맞/VV+아/EC+지금/MAG+인도/NNP+는/JX+오겜/UNKNOWN+카페/NNG+가/JKS+있/VA+대/EF"
          },
          {
            "id": 4,
            "text": "2 : 오겜 카페?",
            "norm_text": "오겜 카페?",
            "speaker": {
              "id": "2번",
              "sex": "여성",
              "age": "20대"
            },
            "speechAct": "(지시) 질문하기",
            "morpheme": "오/IC+겜/NNP+카페/NNG"
          },
          {
            "id": 5,
            "text": "2 : 왜 우리보다 더 하는 거야",
            "norm_text": "왜 우리보다 더 하는 거야",
            "speaker": {
              "id": "2번",
              "sex": "여성",
              "age": "20대"
            },
            "speechAct": "(단언) 주장하기",
            "morpheme": "왜/MAG+우리/NP+보다/JKB+더/MAG+하/VV+는/ETM+거/NNB+야/VCP+EF"
          },
          {
            "id": 6,
            "text": "1 : 키키 그니까 이 카페는 무궁화꽃이피었습니다 게임을 손님이랑 같이 한대!",
            "norm_text": "키키 그니까 이 카페는 무궁화꽃이피었습니다 게임을 손님이랑 같이 한대!",
            "speaker": {
              "id": "1번",
              "sex": "여성",
              "age": "20대"
            },
            "speechAct": "(단언) 진술하기",
            "morpheme": "키/NNG+키/XSV+ETN+그니까/MAJ+이/MM+카페/NNG+는/JX+무궁화/NNG+꽃/NNG+이/JKS+피/VV+었/EP+습니다/EF+게임/NNG+을/JKO+손/NNG+님/XSN+이랑/JKB+같이/MAG+한대/VV+EF"
          },
          {
            "id": 7,
            "text": "2 : 우리도 그런 거 있었음 좋겠다 재밌을 듯",
            "norm_text": "우리도 그런 거 있었음 좋겠다 재밌을 듯",
            "speaker": {
              "id": "2번",
              "sex": "여성",
              "age": "20대"
            },
            "speechAct": "(단언) 주장하기",
            "morpheme": "우리/NP+도/JX+그런/MM+거/NNB+있/VA+었/EP+음/ETN+좋/VA+겠/EP+다/EF+재밌/VA+을/ETM+듯/NNB"
          },
          {
            "id": 8,
            "text": "1 : 키키 어 우리 이거 최근에 있었던 거 몰랐어?",
            "norm_text": "키키 어 우리 이거 최근에 있었던 거 몰랐어?",
            "speaker": {
              "id": "1번",
              "sex": "여성",
              "age": "20대"
            },
            "speechAct": "(지시) 질문하기",
            "morpheme": "키/NNG+키/VV+어/EC+우리/NP+이거/NP+최근/NNG+에/JKB+있/VV+었/EP+던/ETM+거/NNB+몰랐/VV+EP+어/EF"
          },
          {
            "id": 9,
            "text": "2 : 어디?",
            "norm_text": "어디?",
            "speaker": {
              "id": "2번",
              "sex": "여성",
              "age": "20대"
            },
            "speechAct": "(지시) 질문하기",
            "morpheme": "어디/NP"
          },
          {
            "id": 10,
            "text": "2 : 어디 생겼데 벌써?",
            "norm_text": "어디 생겼데 벌써?",
            "speaker": {
              "id": "2번",
              "sex": "여성",
              "age": "20대"
            },
            "speechAct": "(지시) 질문하기",
            "morpheme": "어디/NP+생겼/VV+EP+데/NNB+벌써/MAG"
          },
          {
            "id": 11,
            "text": "1 : 이거 서울 어디에 게임 즐길 수 있는 거 있었어!",
            "norm_text": "이거 서울 어디에 게임 즐길 수 있는 거 있었어!",
            "speaker": {
              "id": "1번",
              "sex": "여성",
              "age": "20대"
            },
            "speechAct": "(단언) 진술하기",
            "morpheme": "이거/NP+서울/NNP+어디/NP+에/JKB+게임/NNG+즐길/VV+ETM+수/NNB+있/VV+는/ETM+거/NNB+있/VA+었/EP+어/EF"
          },
          {
            "id": 12,
            "text": "2 : 키키 그거 이기면 뭐 주는데 키키",
            "norm_text": "키키 그거 이기면 뭐 주는데 키키",
            "speaker": {
              "id": "2번",
              "sex": "여성",
              "age": "20대"
            },
            "speechAct": "(단언) 진술하기",
            "morpheme": "키/NNG+키/XSV+ETN+그거/NP+이기/VV+면/EC+뭐/IC+주/VV+는데/EC+키/NNG+키/XSV+ETN"
          },
          {
            "id": 13,
            "text": "1 : 그거는 모르겠고 거기 스테프가 오겜에 나오는 분홍옷 입고 있었대!",
            "norm_text": "그거는 모르겠고 거기 스테프가 오겜에 나오는 분홍옷 입고 있었대!",
            "speaker": {
              "id": "1번",
              "sex": "여성",
              "age": "20대"
            },
            "speechAct": "(단언) 진술하기",
            "morpheme": "그거/NP+는/JX+모르/VV+겠/EP+고/EC+거기/NP+스테프/NNP+가오/NNP+겜/NNP+에/JKB+나오/VV+는/ETM+분홍/NNG+옷/NNG+입/VV+고/EC+있/VX+었/EP+대/EF"
          },
          {
            "id": 14,
            "text": "2 : 키키 맞아 맞아 본 거 같아 나도!",
            "norm_text": "키키 맞아 맞아 본 거 같아 나도!",
            "speaker": {
              "id": "2번",
              "sex": "여성",
              "age": "20대"
            },
            "speechAct": "(단언) 주장하기",
            "morpheme": "키/NNG+키/XSV+ETN+맞/VV+아/EC+맞/VV+아/EC+본/VX+ETM+거/NNB+같/VA+아/EC+나/NP+도/JX"
          },
          {
            "id": 15,
            "text": "1 : 키키 근데 이거 10월 초에 끝났음 ㅜ",
            "norm_text": "키키 근데 이거 10월 초에 끝났음 ㅜ",
            "speaker": {
              "id": "1번",
              "sex": "여성",
              "age": "20대"
            },
            "speechAct": "(단언) 주장하기",
            "morpheme": "키/NNG+키/XSV+ETN+근데/MAJ+이거/NP+10/SN+월/NNBC+초/NNB+에/JKB+끝났/VV+EP+음ㅜ/UNKNOWN"
          },
          {
            "id": 16,
            "text": "2 : 왜 왜 끝냈데 지금 열풍인데",
            "norm_text": "왜 왜 끝냈데 지금 열풍인데",
            "speaker": {
              "id": "2번",
              "sex": "여성",
              "age": "20대"
            },
            "speechAct": "(단언) 주장하기",
            "morpheme": "왜/MAG+왜/MAG+끝냈/VV+EP+데/NNB+지금/MAG+열풍/NNG+인데/VCP+EC"
          },
          {
            "id": 17,
            "text": "1 : 나도 잘 모르겠어",
            "norm_text": "나도 잘 모르겠어",
            "speaker": {
              "id": "1번",
              "sex": "여성",
              "age": "20대"
            },
            "speechAct": "(단언) 주장하기",
            "morpheme": "나/NP+도/JX+잘/MAG+모르/VV+겠/EP+어/EC"
          },
          {
            "id": 18,
            "text": "1 : 코로나 때문인가?",
            "norm_text": "코로나 때문인가?",
            "speaker": {
              "id": "1번",
              "sex": "여성",
              "age": "20대"
            },
            "speechAct": "(지시) 질문하기",
            "morpheme": "코로나/NNG+때문/NNB+인가/VCP+EF"
          },
          {
            "id": 19,
            "text": "2 : 엥 위드 코로난데? 끝이야?",
            "norm_text": "엥 위드 코로난데? 끝이야?",
            "speaker": {
              "id": "2번",
              "sex": "여성",
              "age": "20대"
            },
            "speechAct": "(단언) 주장하기",
            "morpheme": "엥/IC+위드/NNP+코/NNG+로/JKB+난데/NP+VCP+EF+끝/NNG+이/VCP+야/EF"
          }
        ]
      }
    }
  ]
}