{
  "dataset": {
    "identifier": 118295,
    "name": "FACEBOOK_119_15_set",
    "src_path": "/data/file/cubeManager/PROJECT001/80/txt20211102103850087073/FACEBOOK_119_15_set/",
    "label_path": "/data/file/cubeManager/PROJECT001/80/txt20211102103850087073/FACEBOOK_119_15_set/",
    "category": 2,
    "type": 0
  },
  "licenses": {
    "name": "Apache License 1.0",
    "url": "http://www.apache.org/licenses/LICENSE-1.0"
  },
  "info": [
    {
      "id": 129778,
      "filename": "FACEBOOK_119_15.txt",
      "title": "FACEBOOK_119_15",
      "mediatype": "SNS",
      "medianame": "페이스북",
      "category": "일상대화",
      "date": "2021-11-02",
      "size": 444,
      "annotations": {
        "subject": "타 국가 이슈",
        "speaker_type": "1:1",
        "size": 444,
        "word_size": 136,
        "text": "1 : 이번에 일본 화산 폭발 났다매?\n2 : 일본? 거기는 지진 안 나니까 화산이네 키키\n1 : 키키 아니야, 몇 주 전에 도쿄에서 지진 났었잖아!\n2 : 헐 도시에서 지진이 일어 났다고?\n1 : 어 맞아 내가 기억하기론 5 정도 되는 지진 났다고 했어!\n2 : 5정도 되는 지진이면 심각한 거야?\n1 : 음 일단 지하철 선로가 이탈 됐었대!\n2 : 그럼 그 사람들은 괜찮았데?\n1 : 내가 봤는데 36명이 다치고 10명 정도가 사망했다고 그랬어!\n2 : 아 인명피해는 절대 피해 갈 수가 없구나 ㅠㅠ\n1 : 그러니까 ㅜㅜ\n1 : 근데 이번에는 일본 아소산이라는 산에서 5년 만에 분화가 됐대!\n2 : 거기는 어디에 있는 지역인데?\n1 : 그거까지는 잘 모르고 다행히도 인명피해는 없었대!\n2 : 아 그건 진짜 다행이다 ㅠㅠ\n1 : 그니까 화산재가 2키로 넘어서까지 분출됐었대!\n2 : 와 근데 인명피해 없었다니 행운이네",
        "lines": [
          {
            "id": 1,
            "text": "1 : 이번에 일본 화산 폭발 났다매?",
            "norm_text": "이번에 일본 화산 폭발 났다매?",
            "speaker": {
              "id": "1번",
              "sex": "여성",
              "age": "20대"
            },
            "speechAct": "(단언) 진술하기",
            "morpheme": "이번/NNG+에/JKB+일본/NNP+화산/NNP+폭발/NNG+났/VV+EP+다매/EF"
          },
          {
            "id": 2,
            "text": "2 : 일본? 거기는 지진 안 나니까 화산이네 키키",
            "norm_text": "일본? 거기는 지진 안 나니까 화산이네 키키",
            "speaker": {
              "id": "2번",
              "sex": "여성",
              "age": "20대"
            },
            "speechAct": "(단언) 주장하기",
            "morpheme": "일본/NNP+거기/NP+는/JX+지진/NNG+안/MAG+나/VV+니까/EC+화산/NNG+이/JKS+네/MM+키/NNG+키/XSV+ETN"
          },
          {
            "id": 3,
            "text": "1 : 키키 아니야, 몇 주 전에 도쿄에서 지진 났었잖아!",
            "norm_text": "키키 아니야, 몇 주 전에 도쿄에서 지진 났었잖아!",
            "speaker": {
              "id": "1번",
              "sex": "여성",
              "age": "20대"
            },
            "speechAct": "(단언) 진술하기",
            "morpheme": "키/NNG+키/XSV+ETN+아니/VCN+야/EF+,/SC+몇/MM+주전/NNG+에/JKB+도쿄/NNP+에서/JKB+지진/NNG+났었/VV+EP+잖아/EF"
          },
          {
            "id": 4,
            "text": "2 : 헐 도시에서 지진이 일어 났다고?",
            "norm_text": "헐 도시에서 지진이 일어 났다고?",
            "speaker": {
              "id": "2번",
              "sex": "여성",
              "age": "20대"
            },
            "speechAct": "(단언) 주장하기",
            "morpheme": "헐/IC+도시/NNG+에서/JKB+지진/NNG+이/JKS+일어났/VV+EP+다고/EF"
          },
          {
            "id": 5,
            "text": "1 : 어 맞아 내가 기억하기론 5 정도 되는 지진 났다고 했어!",
            "norm_text": "어 맞아 내가 기억하기론 5 정도 되는 지진 났다고 했어!",
            "speaker": {
              "id": "1번",
              "sex": "여성",
              "age": "20대"
            },
            "speechAct": "(단언) 진술하기",
            "morpheme": "어/IC+맞아/IC+내/NP+가/JKS+기억/NNG+하/XSV+기/ETN+론/JKB+JX+5/SN+정도/NNG+되/XSV+는/ETM+지진/NNG+났/VV+EP+다고/EC+했/VX+EP+어/EF"
          },
          {
            "id": 6,
            "text": "2 : 5정도 되는 지진이면 심각한 거야?",
            "norm_text": "5정도 되는 지진이면 심각한 거야?",
            "speaker": {
              "id": "2번",
              "sex": "여성",
              "age": "20대"
            },
            "speechAct": "(지시) 질문하기",
            "morpheme": "5/SN+정도/NNG+되/XSV+는/ETM+지진/NNG+이/VCP+면/EC+심각/XR+한/XSA+ETM+거/NNB+야/VCP+EF"
          },
          {
            "id": 7,
            "text": "1 : 음 일단 지하철 선로가 이탈 됐었대!",
            "norm_text": "음 일단 지하철 선로가 이탈 됐었대!",
            "speaker": {
              "id": "1번",
              "sex": "여성",
              "age": "20대"
            },
            "speechAct": "(단언) 진술하기",
            "morpheme": "음/IC+일단/MAG+지하철/NNG+선로/NNG+가/JKS+이탈/NNG+됐었/XSV+EP+대/EF"
          },
          {
            "id": 8,
            "text": "2 : 그럼 그 사람들은 괜찮았데?",
            "norm_text": "그럼 그 사람들은 괜찮았데?",
            "speaker": {
              "id": "2번",
              "sex": "여성",
              "age": "20대"
            },
            "speechAct": "(지시) 질문하기",
            "morpheme": "그럼/MAJ+그/MM+사람/NNG+들/XSN+은/JX+괜찮/VA+았/EP+데/EF"
          },
          {
            "id": 9,
            "text": "1 : 내가 봤는데 36명이 다치고 10명 정도가 사망했다고 그랬어!",
            "norm_text": "내가 봤는데 36명이 다치고 10명 정도가 사망했다고 그랬어!",
            "speaker": {
              "id": "1번",
              "sex": "여성",
              "age": "20대"
            },
            "speechAct": "(단언) 진술하기",
            "morpheme": "내/NP+가/JKS+봤/VV+EP+는데/EC+36/SN+명/NNBC+이/JKS+다치/VV+고/EC+10/SN+명/NNBC+정도/NNG+가/JKS+사망/NNG+했/XSV+EP+다고/EC+그랬/VV+EP+어/EF"
          },
          {
            "id": 10,
            "text": "2 : 아 인명피해는 절대 피해 갈 수가 없구나 ㅠㅠ",
            "norm_text": "아 인명피해는 절대 피해 갈 수가 없구나 ㅠㅠ",
            "speaker": {
              "id": "2번",
              "sex": "여성",
              "age": "20대"
            },
            "speechAct": "(단언) 주장하기",
            "morpheme": "아/IC+인명/NNG+피해/NNG+는/JX+절대/MAG+피해갈/VV+EC+VX+ETM+수/NNB+가/JKS+없/VA+구나/EF+ㅠㅠ/UNKNOWN"
          },
          {
            "id": 11,
            "text": "1 : 그러니까 ㅜㅜ",
            "norm_text": "그러니까 ㅜㅜ",
            "speaker": {
              "id": "1번",
              "sex": "여성",
              "age": "20대"
            },
            "speechAct": "(단언) 주장하기",
            "morpheme": "그러니까/MAJ+ㅜㅜ/UNKNOWN"
          },
          {
            "id": 12,
            "text": "1 : 근데 이번에는 일본 아소산이라는 산에서 5년 만에 분화가 됐대!",
            "norm_text": "근데 이번에는 일본 아소산이라는 산에서 5년 만에 분화가 됐대!",
            "speaker": {
              "id": "1번",
              "sex": "여성",
              "age": "20대"
            },
            "speechAct": "(단언) 진술하기",
            "morpheme": "근데/MAJ+이번/NNG+에/JKB+는/JX+일본/NNP+아/JKV+소산/NNG+이/VCP+라는/ETM+산/NNG+에서/JKB+5/SN+년/NNBC+만/NNB+에/JKB+분화/NNG+가/JKS+됐/VV+EP+대/EF"
          },
          {
            "id": 13,
            "text": "2 : 거기는 어디에 있는 지역인데?",
            "norm_text": "거기는 어디에 있는 지역인데?",
            "speaker": {
              "id": "2번",
              "sex": "여성",
              "age": "20대"
            },
            "speechAct": "(지시) 질문하기",
            "morpheme": "거기/NP+는/JX+어디/NP+에/JKB+있/VV+는/ETM+지역/NNG+인데/VCP+EF"
          },
          {
            "id": 14,
            "text": "1 : 그거까지는 잘 모르고 다행히도 인명피해는 없었대!",
            "norm_text": "그거까지는 잘 모르고 다행히도 인명피해는 없었대!",
            "speaker": {
              "id": "1번",
              "sex": "여성",
              "age": "20대"
            },
            "speechAct": "(단언) 진술하기",
            "morpheme": "그거/NP+까지/JX+는/JX+잘/MAG+모르/VV+고/EC+다행히/MAG+도/JX+인명/NNG+피해/NNG+는/JX+없/VA+었/EP+대/EF"
          },
          {
            "id": 15,
            "text": "2 : 아 그건 진짜 다행이다 ㅠㅠ",
            "norm_text": "아 그건 진짜 다행이다 ㅠㅠ",
            "speaker": {
              "id": "2번",
              "sex": "여성",
              "age": "20대"
            },
            "speechAct": "(단언) 주장하기",
            "morpheme": "아/IC+그건/NP+JX+진짜/MAG+다행/NNG+이/VCP+다/EF+ㅠㅠ/UNKNOWN"
          },
          {
            "id": 16,
            "text": "1 : 그니까 화산재가 2키로 넘어서까지 분출됐었대!",
            "norm_text": "그니까 화산재가 2키로 넘어서까지 분출됐었대!",
            "speaker": {
              "id": "1번",
              "sex": "여성",
              "age": "20대"
            },
            "speechAct": "(단언) 진술하기",
            "morpheme": "그니까/MAJ+화산재/NNG+가/JKS+2/SN+키/NNG+로/JKB+넘/VV+어서/EC+까지/JX+분출/NNG+됐었/XSV+EP+대/EF"
          },
          {
            "id": 17,
            "text": "2 : 와 근데 인명피해 없었다니 행운이네",
            "norm_text": "와 근데 인명피해 없었다니 행운이네",
            "speaker": {
              "id": "2번",
              "sex": "여성",
              "age": "20대"
            },
            "speechAct": "(단언) 주장하기",
            "morpheme": "와/IC+근데/MAJ+인명/NNG+피해/NNG+없/VA+었/EP+다니/EC+행운/NNG+이/VCP+네/EC"
          }
        ]
      }
    }
  ]
}