{
  "dataset": {
    "identifier": 98720,
    "name": "FACEBOOK_104_09_set",
    "src_path": "/data/file/cubeManager/PROJECT001/77/txt20211028145511017492/FACEBOOK_104_09_set/",
    "label_path": "/data/file/cubeManager/PROJECT001/77/txt20211028145511017492/FACEBOOK_104_09_set/",
    "category": 2,
    "type": 0
  },
  "licenses": {
    "name": "Apache License 1.0",
    "url": "http://www.apache.org/licenses/LICENSE-1.0"
  },
  "info": [
    {
      "id": 100494,
      "filename": "FACEBOOK_104_09.txt",
      "title": "FACEBOOK_104_09",
      "mediatype": "SNS",
      "medianame": "페이스북",
      "category": "일상대화",
      "date": "2021-10-28",
      "size": 450,
      "annotations": {
        "subject": "반려동물",
        "speaker_type": "1:1",
        "size": 450,
        "word_size": 145,
        "text": "1 : 너는 어렸을 때도 키워본 동물은 없어?\n2 : 어렸을때는 햄스터랑 토끼 키워봤어\n1 : 아 진짜?\n1 : 토끼 근데 똥 많이 마지 않아?\n2 : 어 맞아\n2 : 그리고 너무 어릴 때여서 약간 무서웠어\n1 : 키키 그렇겠다 걔 시도때도 없이 똥 싸잖아 키키\n2 : 진짜 그거 다 엄마가 치웠는데 대단하다..\n1 : 키키 걔가 이불 위에다가는 안 쌌어?\n2 : 아마 그랬을걸\n2 : 걔 있는 곳은 울타리 해놨었어\n1 : 키키 그렇구나 어쩌다가 데리고 왔어?\n2 : 어 아마 나였나 동생인가 가 키우고 싶다고 했을거야\n1 : 키키 왜 그런 짓을 했어, 결국에 엄마가 다 치워줬구먼~\n2 : 그러니까 말이야...키키 그래도 그때는 좋았겠지!\n1 : 키키 그치\n1 : 토끼 털 색은 무슨 색이었어?\n2 : 흰색이랑 검은색 섞여있는 토끼였어\n1 : 어 되게 귀여웠겠는데 달마시안 토끼네? 키키\n2 : 키키 맞아\n2 : 그래서 기억에 남았나 봐!",
        "lines": [
          {
            "id": 1,
            "text": "1 : 너는 어렸을 때도 키워본 동물은 없어?",
            "norm_text": "너는 어렸을 때도 키워본 동물은 없어?",
            "speaker": {
              "id": "1번",
              "sex": "여성",
              "age": "20대"
            },
            "speechAct": "(지시) 질문하기",
            "morpheme": "너/NP+는/JX+어렸/VA+EP+을/ETM+때/NNG+도/JX+키워본/VV+EC+VX+ETM+동물/NNG+은/JX+없/VA+어/EF"
          },
          {
            "id": 2,
            "text": "2 : 어렸을때는 햄스터랑 토끼 키워봤어",
            "norm_text": "어렸을때는 햄스터랑 토끼 키워봤어",
            "speaker": {
              "id": "2번",
              "sex": "여성",
              "age": "20대"
            },
            "speechAct": "(단언) 진술하기",
            "morpheme": "어렸/VA+EP+을/ETM+때/NNG+는/JX+햄스터/NNG+랑/JKB+토끼/NNG+키워/VV+EC+봤/VX+EP+어/EC"
          },
          {
            "id": 3,
            "text": "1 : 아 진짜?",
            "norm_text": "아 진짜?",
            "speaker": {
              "id": "1번",
              "sex": "여성",
              "age": "20대"
            },
            "speechAct": "턴토크 사인(관습적 반응)",
            "morpheme": "아/IC+진짜/MAG"
          },
          {
            "id": 4,
            "text": "1 : 토끼 근데 똥 많이 마지 않아?",
            "norm_text": "토끼 근데 똥 많이 마지 않아?",
            "speaker": {
              "id": "1번",
              "sex": "여성",
              "age": "20대"
            },
            "speechAct": "(지시) 질문하기",
            "morpheme": "토끼/NNG+근데/MAJ+똥/NNG+많이/MAG+마/VV+지/EC+않/VX+아/EF"
          },
          {
            "id": 5,
            "text": "2 : 어 맞아",
            "norm_text": "어 맞아",
            "speaker": {
              "id": "2번",
              "sex": "여성",
              "age": "20대"
            },
            "speechAct": "(단언) 주장하기",
            "morpheme": "어/IC+맞/VV+아/EC"
          },
          {
            "id": 6,
            "text": "2 : 그리고 너무 어릴 때여서 약간 무서웠어",
            "norm_text": "그리고 너무 어릴 때여서 약간 무서웠어",
            "speaker": {
              "id": "2번",
              "sex": "여성",
              "age": "20대"
            },
            "speechAct": "(단언) 진술하기",
            "morpheme": "그리고/MAJ+너무/MAG+어릴/VA+ETM+때/NNG+여서/VCP+EC+약간/MAG+무서웠/VA+EP+어/EC"
          },
          {
            "id": 7,
            "text": "1 : 키키 그렇겠다 걔 시도때도 없이 똥 싸잖아 키키",
            "norm_text": "키키 그렇겠다 걔 시도때도 없이 똥 싸잖아 키키",
            "speaker": {
              "id": "1번",
              "sex": "여성",
              "age": "20대"
            },
            "speechAct": "(단언) 주장하기",
            "morpheme": "키/NNG+키/XSV+ETN+그렇/VA+겠/EP+다/EF+걔/NP+시도/NNG+때/NNG+도/JX+없이/MAG+똥/NNG+싸/VA+잖아/EC+키/NNG+키/XSV+ETN"
          },
          {
            "id": 8,
            "text": "2 : 진짜 그거 다 엄마가 치웠는데 대단하다..",
            "norm_text": "진짜 그거 다 엄마가 치웠는데 대단하다..",
            "speaker": {
              "id": "2번",
              "sex": "여성",
              "age": "20대"
            },
            "speechAct": "(단언) 주장하기",
            "morpheme": "진짜/MAG+그거/NP+다/JX+엄마/NNG+가/JKS+치웠/VV+EP+는데/EC+대단/XR+하/XSA+다/EC+./SY"
          },
          {
            "id": 9,
            "text": "1 : 키키 걔가 이불 위에다가는 안 쌌어?",
            "norm_text": "키키 걔가 이불 위에다가는 안 쌌어?",
            "speaker": {
              "id": "1번",
              "sex": "여성",
              "age": "20대"
            },
            "speechAct": "(지시) 질문하기",
            "morpheme": "키/NNG+키/XSV+ETN+걔/NP+가/JKS+이불/NNG+위/NNG+에다가/JKB+는/JX+안/MAG+쌌/VV+EP+어/EF"
          },
          {
            "id": 10,
            "text": "2 : 아마 그랬을걸",
            "norm_text": "아마 그랬을걸",
            "speaker": {
              "id": "2번",
              "sex": "여성",
              "age": "20대"
            },
            "speechAct": "(단언) 주장하기",
            "morpheme": "아마/MAG+그랬/VV+EP+을/ETM+걸/NNB+JKO"
          },
          {
            "id": 11,
            "text": "2 : 걔 있는 곳은 울타리 해놨었어",
            "norm_text": "걔 있는 곳은 울타리 해놨었어",
            "speaker": {
              "id": "2번",
              "sex": "여성",
              "age": "20대"
            },
            "speechAct": "(단언) 진술하기",
            "morpheme": "걔/NP+있/VA+는/ETM+곳/NNG+은/JX+울타리/NNG+해/XSV+EC+놨었/VX+EP+어/EC"
          },
          {
            "id": 12,
            "text": "1 : 키키 그렇구나 어쩌다가 데리고 왔어?",
            "norm_text": "키키 그렇구나 어쩌다가 데리고 왔어?",
            "speaker": {
              "id": "1번",
              "sex": "여성",
              "age": "20대"
            },
            "speechAct": "(지시) 질문하기",
            "morpheme": "키/NNG+키/XSV+ETN+그렇/VA+구나/EF+어쩌다가/MAG+데리/VV+고/EC+왔/VX+EP+어/EF"
          },
          {
            "id": 13,
            "text": "2 : 어 아마 나였나 동생인가 가 키우고 싶다고 했을거야",
            "norm_text": "어 아마 나였나 동생인가 가 키우고 싶다고 했을거야",
            "speaker": {
              "id": "2번",
              "sex": "여성",
              "age": "20대"
            },
            "speechAct": "(단언) 진술하기",
            "morpheme": "어/IC+아마나/NNG+였/VCP+EP+나/EC+동생/NNG+인가/VCP+EC+가/JKS+키우/VV+고/EC+싶/VX+다고/EC+했/VX+EP+을/ETM+거/NNB+야/VCP+EF"
          },
          {
            "id": 14,
            "text": "1 : 키키 왜 그런 짓을 했어, 결국에 엄마가 다 치워줬구먼~",
            "norm_text": "키키 왜 그런 짓을 했어, 결국에 엄마가 다 치워줬구먼~",
            "speaker": {
              "id": "1번",
              "sex": "여성",
              "age": "20대"
            },
            "speechAct": "(단언) 주장하기",
            "morpheme": "키/NNG+키/XSV+ETN+왜/MAG+그런/MM+짓/NNB+을/JKO+했/VV+EP+어/EF+,/SC+결국/NNG+에/JKB+엄마/NNG+가/JKS+다/MAG+치워/VV+EC+줬/VX+EP+구먼/EC+~/SY"
          },
          {
            "id": 15,
            "text": "2 : 그러니까 말이야...키키 그래도 그때는 좋았겠지!",
            "norm_text": "그러니까 말이야...키키 그래도 그때는 좋았겠지!",
            "speaker": {
              "id": "2번",
              "sex": "여성",
              "age": "20대"
            },
            "speechAct": "(단언) 주장하기",
            "morpheme": "그러니까/MAJ+말/NNG+이/VCP+야/EF+./SY+키/NNG+키/XSV+ETN+그래도/MAJ+그때/NNG+는/JX+좋/VA+았/EP+겠/EP+지/EF"
          },
          {
            "id": 16,
            "text": "1 : 키키 그치",
            "norm_text": "키키 그치",
            "speaker": {
              "id": "1번",
              "sex": "여성",
              "age": "20대"
            },
            "speechAct": "(단언) 주장하기",
            "morpheme": "키/NNG+키/XSV+ETN+그치/IC"
          },
          {
            "id": 17,
            "text": "1 : 토끼 털 색은 무슨 색이었어?",
            "norm_text": "토끼 털 색은 무슨 색이었어?",
            "speaker": {
              "id": "1번",
              "sex": "여성",
              "age": "20대"
            },
            "speechAct": "(지시) 질문하기",
            "morpheme": "토끼/NNG+털색/NNG+은/JX+무슨/MM+색/NNG+이/VCP+었/EP+어/EF"
          },
          {
            "id": 18,
            "text": "2 : 흰색이랑 검은색 섞여있는 토끼였어",
            "norm_text": "흰색이랑 검은색 섞여있는 토끼였어",
            "speaker": {
              "id": "2번",
              "sex": "여성",
              "age": "20대"
            },
            "speechAct": "(단언) 진술하기",
            "morpheme": "흰색/NNG+이랑/JKB+검은색/NNG+섞여/VV+EC+있/VX+는/ETM+토끼/NNG+였/VCP+EP+어/EC"
          },
          {
            "id": 19,
            "text": "1 : 어 되게 귀여웠겠는데 달마시안 토끼네? 키키",
            "norm_text": "어 되게 귀여웠겠는데 달마시안 토끼네? 키키",
            "speaker": {
              "id": "1번",
              "sex": "여성",
              "age": "20대"
            },
            "speechAct": "(단언) 주장하기",
            "morpheme": "어/IC+되게/MAG+귀여웠/VA+EP+겠/EP+는데/EC+달/VX+마/EC+VV+시/EP+안/MAG+토끼/VV+네/EF+키/NNG+키/XSV+ETN"
          },
          {
            "id": 20,
            "text": "2 : 키키 맞아",
            "norm_text": "키키 맞아",
            "speaker": {
              "id": "2번",
              "sex": "여성",
              "age": "20대"
            },
            "speechAct": "(단언) 주장하기",
            "morpheme": "키/NNG+키/XSV+ETN+맞/VV+아/EC"
          },
          {
            "id": 21,
            "text": "2 : 그래서 기억에 남았나 봐!",
            "norm_text": "그래서 기억에 남았나 봐!",
            "speaker": {
              "id": "2번",
              "sex": "여성",
              "age": "20대"
            },
            "speechAct": "(단언) 주장하기",
            "morpheme": "그래서/MAJ+기억/NNG+에/JKB+남/VV+았/EP+나/EC+봐/VX+EF"
          }
        ]
      }
    }
  ]
}