{
  "dataset": {
    "identifier": 114227,
    "name": "FACEBOOK_112_05_set",
    "src_path": "/data/file/cubeManager/PROJECT001/80/txt20211103154237027267/FACEBOOK_112_05_set/",
    "label_path": "/data/file/cubeManager/PROJECT001/80/txt20211103154237027267/FACEBOOK_112_05_set/",
    "category": 2,
    "type": 0
  },
  "licenses": {
    "name": "Apache License 1.0",
    "url": "http://www.apache.org/licenses/LICENSE-1.0"
  },
  "info": [
    {
      "id": 135340,
      "filename": "FACEBOOK_112_05.txt",
      "title": "FACEBOOK_112_05",
      "mediatype": "SNS",
      "medianame": "페이스북",
      "category": "일상대화",
      "date": "2021-11-03",
      "size": 434,
      "annotations": {
        "subject": "군대",
        "speaker_type": "1:1",
        "size": 434,
        "word_size": 134,
        "text": "1 : 언니 군인은 아파트도 나오는 거 알아?\n2 : 맞아 군인은 그래서 좋은 거 같아\n1 : 맞아 대신에 신혼부부한테 잘 나온대 아이있는 가정이랑!\n2 : 복지가 좋잖아 결혼하면 안정적이지\n1 : 맞아 키키 내 친구 그래서 이번에 결혼해!\n2 : 와 군인 아파트 가서 산데?\n1 : 어 거기 가려면 혼인신고해서 신혼부부로 들어간다고 하더라고!\n2 : 군인은 월급은 적은데 말년이 빵빵하잖아\n1 : 아니야\n1 : 명절이나 보너스가 은근 잘 나옴!\n2 : 아 진짜?\n2 : 그건 못들음 키키\n1 : 내가 직군 친구한테 물어봤는데 명절에는 200%나올 때도 있대!\n2 : 부사관이 적은 건가? 좋겠다 부사관...\n1 : 근데 맨날 훈련하고 엄청 바쁘잖아 그만큼 주는 게 맞는 거 같아,\n2 : 맞아 당직도 서고 그러던데\n1 : 맞아 당직 시급이 2천원이라고 했나? 키키\n2 : 엥? 이천원?\n2 : 진짜 불쌍하다",
        "lines": [
          {
            "id": 1,
            "text": "1 : 언니 군인은 아파트도 나오는 거 알아?",
            "norm_text": "언니 군인은 아파트도 나오는 거 알아?",
            "speaker": {
              "id": "1번",
              "sex": "여성",
              "age": "20대"
            },
            "speechAct": "(지시) 질문하기",
            "morpheme": "언니/NNG+군인/NNG+은/JX+아파트/NNG+도/JX+나오/VV+는/ETM+거/NNB+알/VV+아/EF"
          },
          {
            "id": 2,
            "text": "2 : 맞아 군인은 그래서 좋은 거 같아",
            "norm_text": "맞아 군인은 그래서 좋은 거 같아",
            "speaker": {
              "id": "2번",
              "sex": "여성",
              "age": "20대"
            },
            "speechAct": "(단언) 진술하기",
            "morpheme": "맞/VV+아/EC+군인/NNG+은/JX+그래서/MAJ+좋/VA+은/ETM+거/NNB+같/VA+아/EC"
          },
          {
            "id": 3,
            "text": "1 : 맞아 대신에 신혼부부한테 잘 나온대 아이있는 가정이랑!",
            "norm_text": "맞아 대신에 신혼부부한테 잘 나온대 아이있는 가정이랑!",
            "speaker": {
              "id": "1번",
              "sex": "여성",
              "age": "20대"
            },
            "speechAct": "(단언) 진술하기",
            "morpheme": "맞/VV+아/EC+대신/NNG+에/JKB+신혼/NNG+부부/NNG+한테/JKB+잘/MAG+나온대/VV+EF+아이/IC+있/VA+는/ETM+가정/NNG+이랑/JC"
          },
          {
            "id": 4,
            "text": "2 : 복지가 좋잖아 결혼하면 안정적이지",
            "norm_text": "복지가 좋잖아 결혼하면 안정적이지",
            "speaker": {
              "id": "2번",
              "sex": "여성",
              "age": "20대"
            },
            "speechAct": "(단언) 진술하기",
            "morpheme": "복지/NNG+가/JKS+좋/VA+잖아/EC+결혼/NNG+하/XSV+면/EC+안정/NNG+적/XSN+이/VCP+지/EC"
          },
          {
            "id": 5,
            "text": "1 : 맞아 키키 내 친구 그래서 이번에 결혼해!",
            "norm_text": "맞아 키키 내 친구 그래서 이번에 결혼해!",
            "speaker": {
              "id": "1번",
              "sex": "여성",
              "age": "20대"
            },
            "speechAct": "(단언) 진술하기",
            "morpheme": "맞/VV+아/EC+키/NNG+키/XSV+ETN+내/NP+JKG+친구/NNG+그래서/MAJ+이번/NNG+에/JKB+결혼/NNG+해/XSV+EF"
          },
          {
            "id": 6,
            "text": "2 : 와 군인 아파트 가서 산데?",
            "norm_text": "와 군인 아파트 가서 산데?",
            "speaker": {
              "id": "2번",
              "sex": "여성",
              "age": "20대"
            },
            "speechAct": "(지시) 질문하기",
            "morpheme": "와/IC+군인/NNG+아파트/NNG+가/JKS+서산/NNP+데/NNB"
          },
          {
            "id": 7,
            "text": "1 : 어 거기 가려면 혼인신고해서 신혼부부로 들어간다고 하더라고!",
            "norm_text": "어 거기 가려면 혼인신고해서 신혼부부로 들어간다고 하더라고!",
            "speaker": {
              "id": "1번",
              "sex": "여성",
              "age": "20대"
            },
            "speechAct": "(단언) 진술하기",
            "morpheme": "어/IC+거기/NP+가/VV+려면/EC+혼인/NNG+신고/NNG+해서/XSV+EC+신혼/NNG+부부/NNG+로/JKB+들어간다고/VV+EC+하/VX+더라고/EF"
          },
          {
            "id": 8,
            "text": "2 : 군인은 월급은 적은데 말년이 빵빵하잖아",
            "norm_text": "군인은 월급은 적은데 말년이 빵빵하잖아",
            "speaker": {
              "id": "2번",
              "sex": "여성",
              "age": "20대"
            },
            "speechAct": "(단언) 진술하기",
            "morpheme": "군인/NNG+은/JX+월급/NNG+은/JX+적/VA+은데/EC+말년/NNG+이/JKS+빵빵/MAG+하/VV+잖아/EC"
          },
          {
            "id": 9,
            "text": "1 : 아니야",
            "norm_text": "아니야",
            "speaker": {
              "id": "1번",
              "sex": "여성",
              "age": "20대"
            },
            "speechAct": "(단언) 주장하기",
            "morpheme": "아니/VCN+야/EC"
          },
          {
            "id": 10,
            "text": "1 : 명절이나 보너스가 은근 잘 나옴!",
            "norm_text": "명절이나 보너스가 은근 잘 나옴!",
            "speaker": {
              "id": "1번",
              "sex": "여성",
              "age": "20대"
            },
            "speechAct": "(단언) 진술하기",
            "morpheme": "명절/NNG+이나/JC+보너스/NNG+가/JKS+은근/NNG+잘/MAG+나옴/VV+ETN"
          },
          {
            "id": 11,
            "text": "2 : 아 진짜?",
            "norm_text": "아 진짜?",
            "speaker": {
              "id": "2번",
              "sex": "여성",
              "age": "20대"
            },
            "speechAct": "턴토크 사인(관습적 반응)",
            "morpheme": "아/IC+진짜/MAG"
          },
          {
            "id": 12,
            "text": "2 : 그건 못들음 키키",
            "norm_text": "그건 못들음 키키",
            "speaker": {
              "id": "2번",
              "sex": "여성",
              "age": "20대"
            },
            "speechAct": "(단언) 진술하기",
            "morpheme": "그건/NP+JX+못/MAG+들/VV+음/ETN+키/NNG+키/XSV+ETN"
          },
          {
            "id": 13,
            "text": "1 : 내가 직군 친구한테 물어봤는데 명절에는 200%나올 때도 있대!",
            "norm_text": "내가 직군 친구한테 물어봤는데 명절에는 200%나올 때도 있대!",
            "speaker": {
              "id": "1번",
              "sex": "여성",
              "age": "20대"
            },
            "speechAct": "(단언) 진술하기",
            "morpheme": "내/NP+가/JKS+직군/NNG+친구/NNG+한테/JKB+물/VV+어/EC+봤/VX+EP+는데/EC+명절/NNG+에/JKB+는/JX+200/SN+%/SY+나올/VV+ETM+때/NNG+도/JX+있/VA+대/EF"
          },
          {
            "id": 14,
            "text": "2 : 부사관이 적은 건가? 좋겠다 부사관...",
            "norm_text": "부사관이 적은 건가? 좋겠다 부사관...",
            "speaker": {
              "id": "2번",
              "sex": "여성",
              "age": "20대"
            },
            "speechAct": "(단언) 주장하기",
            "morpheme": "부사관/NNG+이/JKS+적/VA+은/ETM+건가/NNB+VCP+EF+좋/VA+겠/EP+다/EC+부사관/NNG+./SY+./SY"
          },
          {
            "id": 15,
            "text": "1 : 근데 맨날 훈련하고 엄청 바쁘잖아 그만큼 주는 게 맞는 거 같아,",
            "norm_text": "근데 맨날 훈련하고 엄청 바쁘잖아 그만큼 주는 게 맞는 거 같아,",
            "speaker": {
              "id": "1번",
              "sex": "여성",
              "age": "20대"
            },
            "speechAct": "(단언) 진술하기",
            "morpheme": "근데/MAJ+맨날/MAG+훈련/NNG+하/XSV+고/EC+엄청/MAG+바쁘/VA+잖아/EC+그만큼/MAG+주/VV+는/ETM+게/NNB+JKS+맞/VV+는/ETM+거/NNB+같/VA+아/EC+,/SC"
          },
          {
            "id": 16,
            "text": "2 : 맞아 당직도 서고 그러던데",
            "norm_text": "맞아 당직도 서고 그러던데",
            "speaker": {
              "id": "2번",
              "sex": "여성",
              "age": "20대"
            },
            "speechAct": "(단언) 진술하기",
            "morpheme": "맞/VV+아/EC+당직/NNG+도/JX+서/VV+고/EC+그러/VV+던데/EC"
          },
          {
            "id": 17,
            "text": "1 : 맞아 당직 시급이 2천원이라고 했나? 키키",
            "norm_text": "맞아 당직 시급이 2천원이라고 했나? 키키",
            "speaker": {
              "id": "1번",
              "sex": "여성",
              "age": "20대"
            },
            "speechAct": "(지시) 질문하기",
            "morpheme": "맞/VV+아/EC+당직/NNG+시급/NNG+이/JKS+2/SN+천/NR+원/NNBC+이/VCP+라고/EC+했/VX+EP+나/EF+키/NNG+키/XSV+ETN"
          },
          {
            "id": 18,
            "text": "2 : 엥? 이천원?",
            "norm_text": "엥? 이천원?",
            "speaker": {
              "id": "2번",
              "sex": "여성",
              "age": "20대"
            },
            "speechAct": "(지시) 질문하기",
            "morpheme": "엥/IC+이/NR+천/NR+원/NNBC"
          },
          {
            "id": 19,
            "text": "2 : 진짜 불쌍하다",
            "norm_text": "진짜 불쌍하다",
            "speaker": {
              "id": "2번",
              "sex": "여성",
              "age": "20대"
            },
            "speechAct": "(단언) 주장하기",
            "morpheme": "진짜/MAG+불쌍/XR+하/XSA+다/EC"
          }
        ]
      }
    }
  ]
}