{
  "dataset": {
    "identifier": 123619,
    "name": "FACEBOOK_123_20_set",
    "src_path": "/data/file/cubeManager/PROJECT001/84/txt20211105092819071028/FACEBOOK_123_20_set/",
    "label_path": "/data/file/cubeManager/PROJECT001/84/txt20211105092819071028/FACEBOOK_123_20_set/",
    "category": 2,
    "type": 0
  },
  "licenses": {
    "name": "Apache License 1.0",
    "url": "http://www.apache.org/licenses/LICENSE-1.0"
  },
  "info": [
    {
      "id": 138089,
      "filename": "FACEBOOK_123_20.txt",
      "title": "FACEBOOK_123_20",
      "mediatype": "SNS",
      "medianame": "페이스북",
      "category": "일상대화",
      "date": "2021-11-05",
      "size": 428,
      "annotations": {
        "subject": "영화/만화",
        "speaker_type": "1:1",
        "size": 428,
        "word_size": 149,
        "text": "1 : 오빠 영화 잘 안 보는데 좋아하는 영화 없었어?\n2 : 나는 마동석 나오는 영화 좋아해\n1 : 혹시 범죄도시 봤어? 키키\n1 : 나 그거 진짜 좋아해\n2 : 마블리 너무 좋아 진짜 재미있어\n1 : 당연하지, 너무 귀엽고 간지나 키키 대박\n2 : 범죄도시 알지\n2 : 장췐 나온 거 말하는 건가?\n1 : 그거 맞아 하얼빈 장췐이야!\n2 : 그리고 마동석 진짜 단발머리 하고 나온 거 그거 영화 뭐지\n1 : 나 그거 너무 재밌게 봐서 세 번은 본 것 같아\n2 : 나도 그건 세 네 번 봤어 키키\n1 : 범죄도시2 나온다고 하더라 키키\n1 : 마동석이 직접 감독도 한대\n2 : 아 진짜 감독 한다고 대박\n1 : 얼른 나왔으면 좋겠어 ㅠ\n1 : 근데 그거 실화라 무서워\n2 : 범죄도시 나왔음 좋겠다 또 보러 가게\n1 : 나도 키키 그건 꼭 영화관에서 볼 거야\n2 : 실화야 처음 알았네 무섭다 키키",
        "lines": [
          {
            "id": 1,
            "text": "1 : 오빠 영화 잘 안 보는데 좋아하는 영화 없었어?",
            "norm_text": "오빠 영화 잘 안 보는데 좋아하는 영화 없었어?",
            "speaker": {
              "id": "1번",
              "sex": "여성",
              "age": "20대"
            },
            "speechAct": "(지시) 질문하기",
            "morpheme": "오빠/NNG+영화/NNG+잘/MAG+안/MAG+보/VV+는/ETM+데/NNB+좋아하/VV+는/ETM+영화/NNG+없/VA+었/EP+어/EF"
          },
          {
            "id": 2,
            "text": "2 : 나는 마동석 나오는 영화 좋아해",
            "norm_text": "나는 마동석 나오는 영화 좋아해",
            "speaker": {
              "id": "2번",
              "sex": "남성",
              "age": "20대"
            },
            "speechAct": "(단언) 진술하기",
            "morpheme": "나/NP+는/JX+마동석/NNP+나오/VV+는/ETM+영화/NNG+좋/VA+아/EC+해/VV+EC"
          },
          {
            "id": 3,
            "text": "1 : 혹시 범죄도시 봤어? 키키",
            "norm_text": "혹시 범죄도시 봤어? 키키",
            "speaker": {
              "id": "1번",
              "sex": "여성",
              "age": "20대"
            },
            "speechAct": "(지시) 질문하기",
            "morpheme": "혹시/MAG+범죄/NNG+도시/NNG+봤/VV+EP+어/EF+키/NNG+키/XSV+ETN"
          },
          {
            "id": 4,
            "text": "1 : 나 그거 진짜 좋아해",
            "norm_text": "나 그거 진짜 좋아해",
            "speaker": {
              "id": "1번",
              "sex": "여성",
              "age": "20대"
            },
            "speechAct": "(단언) 주장하기",
            "morpheme": "나/NP+그거/NP+진짜/MAG+좋/VA+아/EC+해/VV+EC"
          },
          {
            "id": 5,
            "text": "2 : 마블리 너무 좋아 진짜 재미있어",
            "norm_text": "마블리 너무 좋아 진짜 재미있어",
            "speaker": {
              "id": "2번",
              "sex": "남성",
              "age": "20대"
            },
            "speechAct": "(단언) 주장하기",
            "morpheme": "마블리/NNP+너무/MAG+좋/VA+아/EC+진짜/MAG+재미있/VA+어/EC"
          },
          {
            "id": 6,
            "text": "1 : 당연하지, 너무 귀엽고 간지나 키키 대박",
            "norm_text": "당연하지, 너무 귀엽고 간지나 키키 대박",
            "speaker": {
              "id": "1번",
              "sex": "여성",
              "age": "20대"
            },
            "speechAct": "(단언) 주장하기",
            "morpheme": "당연/XR+하/XSA+지/EF+,/SC+너무귀엽고간지나키키대박/UNKNOWN"
          },
          {
            "id": 7,
            "text": "2 : 범죄도시 알지",
            "norm_text": "범죄도시 알지",
            "speaker": {
              "id": "2번",
              "sex": "남성",
              "age": "20대"
            },
            "speechAct": "(단언) 주장하기",
            "morpheme": "범죄/NNG+도시/NNG+알/VV+지/EC"
          },
          {
            "id": 8,
            "text": "2 : 장췐 나온 거 말하는 건가?",
            "norm_text": "장췐 나온 거 말하는 건가?",
            "speaker": {
              "id": "2번",
              "sex": "남성",
              "age": "20대"
            },
            "speechAct": "(지시) 질문하기",
            "morpheme": "장/NNP+췐/NNP+나온/VV+ETM+거/NNB+말/NNG+하/XSV+는/ETM+건가/NNB+VCP+EF"
          },
          {
            "id": 9,
            "text": "1 : 그거 맞아 하얼빈 장췐이야!",
            "norm_text": "그거 맞아 하얼빈 장췐이야!",
            "speaker": {
              "id": "1번",
              "sex": "여성",
              "age": "20대"
            },
            "speechAct": "(단언) 주장하기",
            "morpheme": "그거/NP+맞/VV+아/EC+하얼빈/NNP+장/NNP+췐/NNP+이/VCP+야/EF"
          },
          {
            "id": 10,
            "text": "2 : 그리고 마동석 진짜 단발머리 하고 나온 거 그거 영화 뭐지",
            "norm_text": "그리고 마동석 진짜 단발머리 하고 나온 거 그거 영화 뭐지",
            "speaker": {
              "id": "2번",
              "sex": "남성",
              "age": "20대"
            },
            "speechAct": "(지시) 질문하기",
            "morpheme": "그리고/MAJ+마동석/NNP+진짜/MAG+단발머리/NNG+하/XSV+고/EC+나온/VV+ETM+거/NNB+그거/NP+영화/NNG+뭐/NP+지/VCP+EC"
          },
          {
            "id": 11,
            "text": "1 : 나 그거 너무 재밌게 봐서 세 번은 본 것 같아",
            "norm_text": "나 그거 너무 재밌게 봐서 세 번은 본 것 같아",
            "speaker": {
              "id": "1번",
              "sex": "여성",
              "age": "20대"
            },
            "speechAct": "(단언) 주장하기",
            "morpheme": "나/NP+그거/NP+너무/MAG+재밌/VA+게/EC+봐서/VV+EC+세/MM+번/NNBC+은/JX+본/VV+ETM+것/NNB+같/VA+아/EC"
          },
          {
            "id": 12,
            "text": "2 : 나도 그건 세 네 번 봤어 키키",
            "norm_text": "나도 그건 세 네 번 봤어 키키",
            "speaker": {
              "id": "2번",
              "sex": "남성",
              "age": "20대"
            },
            "speechAct": "(단언) 주장하기",
            "morpheme": "나/NP+도/JX+그건/NP+JX+세/MM+네/MM+번/NNBC+봤/VV+EP+어/EC+키/NNG+키/XSV+ETN"
          },
          {
            "id": 13,
            "text": "1 : 범죄도시2 나온다고 하더라 키키",
            "norm_text": "범죄도시2 나온다고 하더라 키키",
            "speaker": {
              "id": "1번",
              "sex": "여성",
              "age": "20대"
            },
            "speechAct": "(단언) 진술하기",
            "morpheme": "범죄/NNG+도시/NNG+2/SN+나온다고/VV+EC+하/VV+더라/EC+키/NNG+키/XSV+ETN"
          },
          {
            "id": 14,
            "text": "1 : 마동석이 직접 감독도 한대",
            "norm_text": "마동석이 직접 감독도 한대",
            "speaker": {
              "id": "1번",
              "sex": "여성",
              "age": "20대"
            },
            "speechAct": "(단언) 진술하기",
            "morpheme": "마동석/NNP+이/JKS+직접/MAG+감독/NNG+도/JX+한대/VV+EC"
          },
          {
            "id": 15,
            "text": "2 : 아 진짜 감독 한다고 대박",
            "norm_text": "아 진짜 감독 한다고 대박",
            "speaker": {
              "id": "2번",
              "sex": "남성",
              "age": "20대"
            },
            "speechAct": "(단언) 주장하기",
            "morpheme": "아/IC+진짜/MAG+감독/NNG+한다고/XSV+EC+대박/NNG"
          },
          {
            "id": 16,
            "text": "1 : 얼른 나왔으면 좋겠어 ㅠ",
            "norm_text": "얼른 나왔으면 좋겠어 ㅠ",
            "speaker": {
              "id": "1번",
              "sex": "여성",
              "age": "20대"
            },
            "speechAct": "(단언) 주장하기",
            "morpheme": "얼른/MAG+나왔/VV+EP+으면/EC+좋/VA+겠/EP+어ㅠ/UNKNOWN"
          },
          {
            "id": 17,
            "text": "1 : 근데 그거 실화라 무서워",
            "norm_text": "근데 그거 실화라 무서워",
            "speaker": {
              "id": "1번",
              "sex": "여성",
              "age": "20대"
            },
            "speechAct": "(단언) 주장하기",
            "morpheme": "근데/MAJ+그거/NP+실화/NNG+라/VCP+EC+무서워/VA+EC"
          },
          {
            "id": 18,
            "text": "2 : 범죄도시 나왔음 좋겠다 또 보러 가게",
            "norm_text": "범죄도시 나왔음 좋겠다 또 보러 가게",
            "speaker": {
              "id": "2번",
              "sex": "남성",
              "age": "20대"
            },
            "speechAct": "(단언) 주장하기",
            "morpheme": "범죄/NNG+도시/NNG+나왔/VV+EP+음/ETN+좋/VA+겠/EP+다/EF+또/MAG+보/VV+러/EC+가/VX+게/EC"
          },
          {
            "id": 19,
            "text": "1 : 나도 키키 그건 꼭 영화관에서 볼 거야",
            "norm_text": "나도 키키 그건 꼭 영화관에서 볼 거야",
            "speaker": {
              "id": "1번",
              "sex": "여성",
              "age": "20대"
            },
            "speechAct": "(단언) 주장하기",
            "morpheme": "나/NP+도/JX+키/NNG+키/XSV+ETN+그건/NP+JX+꼭/MAG+영화관/NNG+에서/JKB+볼/VV+ETM+거/NNB+야/VCP+EF"
          },
          {
            "id": 20,
            "text": "2 : 실화야 처음 알았네 무섭다 키키",
            "norm_text": "실화야 처음 알았네 무섭다 키키",
            "speaker": {
              "id": "2번",
              "sex": "남성",
              "age": "20대"
            },
            "speechAct": "(단언) 주장하기",
            "morpheme": "실화/NNG+야/VCP+EF+처음/MAG+알/VV+았/EP+네/EF+무섭/VA+다키키/NNP"
          }
        ]
      }
    }
  ]
}