{
  "dataset": {
    "identifier": 124192,
    "name": "FACEBOOK_124_18_set",
    "src_path": "/data/file/cubeManager/PROJECT001/84/txt20211105143621075827/FACEBOOK_124_18_set/",
    "label_path": "/data/file/cubeManager/PROJECT001/84/txt20211105143621075827/FACEBOOK_124_18_set/",
    "category": 2,
    "type": 0
  },
  "licenses": {
    "name": "Apache License 1.0",
    "url": "http://www.apache.org/licenses/LICENSE-1.0"
  },
  "info": [
    {
      "id": 140154,
      "filename": "FACEBOOK_124_18.txt",
      "title": "FACEBOOK_124_18",
      "mediatype": "SNS",
      "medianame": "페이스북",
      "category": "일상대화",
      "date": "2021-11-05",
      "size": 439,
      "annotations": {
        "subject": "상거래 전반",
        "speaker_type": "1:1",
        "size": 439,
        "word_size": 143,
        "text": "1 : 요즘 옷 인터넷 어디서 사?\n2 : 나 그냥 인스타에 올라오는 거 보고\n1 : 아 거기서 사면 은근 사이즈 맞추기 어렵다던데 ㅠㅠ\n2 : 요즘에 인스타에 많이 올라오더라고 쇼핑몰 키키\n1 : 그렇긴 해\n1 : 나는 에이블리나 무신사 주로 써!\n2 : 그래서 가서 사는 게 최고이긴 한데 시간이 없잖아\n1 : 거긴 근데 모델들 핏이 너무 좋잖아 키키\n2 : 무신사 아 나도 많이 사긴 했었지\n1 : 무신사 앱 요즘 쿠폰도 많이 주고 좋더라고~\n2 : 진짜 모델이랑 나랑 너무 다르잖아...\n1 : 그니까 인스타는 더더욱 그런 거 같아\n2 : 쿠폰 주면 진짜 좋아 ! 이벤트랑 알인이랑\n1 : 맞아 키키 회원 가입하면 지금 100원 할인 쿠폰도 준다더라\n2 : 맞아 할인 쿠폰 너무 개이득 키키\n1 : 받자마자 또 바로 쓰는 게 국룰이지~\n2 : 아 인스타는 진짜 믿을 게 아니야 너무 비현실적이야 모델이 키키",
        "lines": [
          {
            "id": 1,
            "text": "1 : 요즘 옷 인터넷 어디서 사?",
            "norm_text": "요즘 옷 인터넷 어디서 사?",
            "speaker": {
              "id": "1번",
              "sex": "여성",
              "age": "20대"
            },
            "speechAct": "(지시) 질문하기",
            "morpheme": "요즘/NNG+옷/NNG+인터넷/NNG+어디/NP+서/JKB+사/VV+EF"
          },
          {
            "id": 2,
            "text": "2 : 나 그냥 인스타에 올라오는 거 보고",
            "norm_text": "나 그냥 인스타에 올라오는 거 보고",
            "speaker": {
              "id": "2번",
              "sex": "남성",
              "age": "20대"
            },
            "speechAct": "(단언) 진술하기",
            "morpheme": "나/NP+그냥/MAG+인/VCP+ETM+스타/NNG+에/JKB+올라오/VV+는/ETM+거/NNB+보/VV+고/EC"
          },
          {
            "id": 3,
            "text": "1 : 아 거기서 사면 은근 사이즈 맞추기 어렵다던데 ㅠㅠ",
            "norm_text": "아 거기서 사면 은근 사이즈 맞추기 어렵다던데 ㅠㅠ",
            "speaker": {
              "id": "1번",
              "sex": "여성",
              "age": "20대"
            },
            "speechAct": "(단언) 진술하기",
            "morpheme": "아/IC+거기/NP+서/JKB+사면/NNG+은/JX+근/MM+사이즈/NNG+맞추/VV+기/ETN+어렵/VA+다던데/EC+ㅠㅠ/UNKNOWN"
          },
          {
            "id": 4,
            "text": "2 : 요즘에 인스타에 많이 올라오더라고 쇼핑몰 키키",
            "norm_text": "요즘에 인스타에 많이 올라오더라고 쇼핑몰 키키",
            "speaker": {
              "id": "2번",
              "sex": "남성",
              "age": "20대"
            },
            "speechAct": "(단언) 진술하기",
            "morpheme": "요즘/NNG+에/JKB+인/NNG+스타/NNG+에/JKB+많이/MAG+올라오/VV+더라고/EC+쇼핑몰/NNG+키/NNG+키/XSV+ETN"
          },
          {
            "id": 5,
            "text": "1 : 그렇긴 해",
            "norm_text": "그렇긴 해",
            "speaker": {
              "id": "1번",
              "sex": "여성",
              "age": "20대"
            },
            "speechAct": "(단언) 주장하기",
            "morpheme": "그렇/VA+긴/ETN+JX+해/VX+EC"
          },
          {
            "id": 6,
            "text": "1 : 나는 에이블리나 무신사 주로 써!",
            "norm_text": "나는 에이블리나 무신사 주로 써!",
            "speaker": {
              "id": "1번",
              "sex": "여성",
              "age": "20대"
            },
            "speechAct": "(단언) 진술하기",
            "morpheme": "나/NP+는/JX+에이블/NNP+리나/NNP+무신/MM+사주/NNG+로써/JKB"
          },
          {
            "id": 7,
            "text": "2 : 그래서 가서 사는 게 최고이긴 한데 시간이 없잖아",
            "norm_text": "그래서 가서 사는 게 최고이긴 한데 시간이 없잖아",
            "speaker": {
              "id": "2번",
              "sex": "남성",
              "age": "20대"
            },
            "speechAct": "(단언) 주장하기",
            "morpheme": "그래서/MAJ+가/VV+서/EC+사/VV+는/ETM+게/NNB+JKS+최고/NNG+이/VCP+긴/ETN+JX+한데/VX+EC+시간/NNG+이/JKS+없/VA+잖아/EC"
          },
          {
            "id": 8,
            "text": "1 : 거긴 근데 모델들 핏이 너무 좋잖아 키키",
            "norm_text": "거긴 근데 모델들 핏이 너무 좋잖아 키키",
            "speaker": {
              "id": "1번",
              "sex": "여성",
              "age": "20대"
            },
            "speechAct": "(단언) 주장하기",
            "morpheme": "거긴/NP+JX+근데/MAJ+모델/NNG+들/XSN+핏/NNG+이/JKS+너무/MAG+좋/VA+잖아/EC+키/NNG+키/XSV+ETN"
          },
          {
            "id": 9,
            "text": "2 : 무신사 아 나도 많이 사긴 했었지",
            "norm_text": "무신사 아 나도 많이 사긴 했었지",
            "speaker": {
              "id": "2번",
              "sex": "남성",
              "age": "20대"
            },
            "speechAct": "(단언) 진술하기",
            "morpheme": "무신/MM+사아/NNG+나/NP+도/JX+많이/MAG+사/VV+긴/ETN+JX+했었/VX+EP+지/EC"
          },
          {
            "id": 10,
            "text": "1 : 무신사 앱 요즘 쿠폰도 많이 주고 좋더라고~",
            "norm_text": "무신사 앱 요즘 쿠폰도 많이 주고 좋더라고~",
            "speaker": {
              "id": "1번",
              "sex": "여성",
              "age": "20대"
            },
            "speechAct": "(단언) 진술하기",
            "morpheme": "무신사앱요즘쿠폰도많이주고좋더라고/UNKNOWN+~/SY"
          },
          {
            "id": 11,
            "text": "2 : 진짜 모델이랑 나랑 너무 다르잖아...",
            "norm_text": "진짜 모델이랑 나랑 너무 다르잖아...",
            "speaker": {
              "id": "2번",
              "sex": "남성",
              "age": "20대"
            },
            "speechAct": "(단언) 주장하기",
            "morpheme": "진짜/MAG+모델/NNG+이랑/JC+나/NP+랑/JKB+너무/MAG+다르/VA+잖아/EF+./SY"
          },
          {
            "id": 12,
            "text": "1 : 그니까 인스타는 더더욱 그런 거 같아",
            "norm_text": "그니까 인스타는 더더욱 그런 거 같아",
            "speaker": {
              "id": "1번",
              "sex": "여성",
              "age": "20대"
            },
            "speechAct": "(단언) 주장하기",
            "morpheme": "그니까/MAJ+인/VCP+ETM+스타/NNG+는/JX+더더욱/MAG+그런/VA+ETM+거/NNB+같/VA+아/EC"
          },
          {
            "id": 13,
            "text": "2 : 쿠폰 주면 진짜 좋아 ! 이벤트랑 알인이랑",
            "norm_text": "쿠폰 주면 진짜 좋아 ! 이벤트랑 알인이랑",
            "speaker": {
              "id": "2번",
              "sex": "남성",
              "age": "20대"
            },
            "speechAct": "(단언) 주장하기",
            "morpheme": "쿠폰/NNG+주/VV+면/EC+진짜/MAG+좋/VA+아/EF+이벤트/NNG+랑/JKB+알/NNG+인/XSN+이랑/JKB"
          },
          {
            "id": 14,
            "text": "1 : 맞아 키키 회원 가입하면 지금 100원 할인 쿠폰도 준다더라",
            "norm_text": "맞아 키키 회원 가입하면 지금 100원 할인 쿠폰도 준다더라",
            "speaker": {
              "id": "1번",
              "sex": "여성",
              "age": "20대"
            },
            "speechAct": "(단언) 진술하기",
            "morpheme": "맞/VV+아/EC+키/NNG+키/NNG+회원/NNG+가입/NNG+하/XSV+면/EC+지금/MAG+100/SN+원/NNBC+할인/NNG+쿠폰/NNG+도/JX+준다더라/VX+EF"
          },
          {
            "id": 15,
            "text": "2 : 맞아 할인 쿠폰 너무 개이득 키키",
            "norm_text": "맞아 할인 쿠폰 너무 개이득 키키",
            "speaker": {
              "id": "2번",
              "sex": "남성",
              "age": "20대"
            },
            "speechAct": "(단언) 주장하기",
            "morpheme": "맞/VV+아/EC+할인/NNG+쿠폰/NNG+너무/MAG+개/NNG+이득/NNG+키/NNG+키/XSV+ETN"
          },
          {
            "id": 16,
            "text": "1 : 받자마자 또 바로 쓰는 게 국룰이지~",
            "norm_text": "받자마자 또 바로 쓰는 게 국룰이지~",
            "speaker": {
              "id": "1번",
              "sex": "여성",
              "age": "20대"
            },
            "speechAct": "(단언) 주장하기",
            "morpheme": "받자마자또바로쓰는게국룰이지/UNKNOWN+~/SY"
          },
          {
            "id": 17,
            "text": "2 : 아 인스타는 진짜 믿을 게 아니야 너무 비현실적이야 모델이 키키",
            "norm_text": "아 인스타는 진짜 믿을 게 아니야 너무 비현실적이야 모델이 키키",
            "speaker": {
              "id": "2번",
              "sex": "남성",
              "age": "20대"
            },
            "speechAct": "(단언) 주장하기",
            "morpheme": "아인/VCN+ETM+스타/NNG+는/JX+진짜/MAG+믿/VV+을/ETM+게/NNB+JKC+아니/VCN+야/EC+너무/MAG+비/XPN+현실/NNG+적/XSN+이/VCP+야/EC+모델/NNG+이/JKS+키/NNG+키/XSV+ETN"
          }
        ]
      }
    }
  ]
}