{
  "dataset": {
    "identifier": 102562,
    "name": "FACEBOOK_109_05_set",
    "src_path": "/data/file/cubeManager/PROJECT001/77/txt20211029160805057531/FACEBOOK_109_05_set/",
    "label_path": "/data/file/cubeManager/PROJECT001/77/txt20211029160805057531/FACEBOOK_109_05_set/",
    "category": 2,
    "type": 0
  },
  "licenses": {
    "name": "Apache License 1.0",
    "url": "http://www.apache.org/licenses/LICENSE-1.0"
  },
  "info": [
    {
      "id": 111313,
      "filename": "FACEBOOK_109_05.txt",
      "title": "FACEBOOK_109_05",
      "mediatype": "SNS",
      "medianame": "페이스북",
      "category": "일상대화",
      "date": "2021-10-29",
      "size": 442,
      "annotations": {
        "subject": "군대",
        "speaker_type": "1:1",
        "size": 442,
        "word_size": 151,
        "text": "1 : 언니 오빠 한 명 있다고 그랬나?\n2 : 응 오빠 얼 마전에 군대 갔어~\n1 : 헉 되게 늦게 간 거 아니야?\n2 : 응 하는 일 때문에 늦게 갔어~\n1 : 그렇구나 지금 가면 선임들이 안 불편해 한대?\n2 : 지금 가면 선임이 다 어리지 키키\n1 : 키키 그러니까 근데 요즘에는 부조리도 없어서 괜찮을 거 같긴 해!\n2 : 그래도 안에 실제로는 있지 않을까?\n1 : 하, 진짜 디피처럼 그런 애들 있으면 진짜 악몽일 거 같아!\n2 : 악몽 뿐일까 진짜 죽고 싶을 거 같은데?\n1 : 그러니까, 근데 군대나 사회나 사람을 잘 만나야 하는 거 같아!\n2 : 진짜 주변 사람들이 제일 중요해ㅠㅠ\n1 : 맞아!\n1 : 오빠는 별 말 안 해?\n2 : 우리 오빠는 잘 적응하는 거 같아 키키\n1 : 다행이다 ㅜㅜ\n1 : 휴가 나올 때 피엑스에서 좋은 거 많이 사오라고 해!\n2 : 응ㅋㅌ 다음에 우리 오빠랑 같이 놀자 하하",
        "lines": [
          {
            "id": 1,
            "text": "1 : 언니 오빠 한 명 있다고 그랬나?",
            "norm_text": "언니 오빠 한 명 있다고 그랬나?",
            "speaker": {
              "id": "1번",
              "sex": "여성",
              "age": "20대"
            },
            "speechAct": "(지시) 질문하기",
            "morpheme": "언니/NNG+오빠/NNG+한/MM+명/NNBC+있/VA+다고/EC+그랬/VV+EP+나/EF"
          },
          {
            "id": 2,
            "text": "2 : 응 오빠 얼 마전에 군대 갔어~",
            "norm_text": "응 오빠 얼 마전에 군대 갔어~",
            "speaker": {
              "id": "2번",
              "sex": "여성",
              "age": "20대"
            },
            "speechAct": "(단언) 진술하기",
            "morpheme": "응/IC+오빠/NNG+얼마/NNG+전/NNG+에/JKB+군대/NNG+갔/VV+EP+어/EC+~/SY"
          },
          {
            "id": 3,
            "text": "1 : 헉 되게 늦게 간 거 아니야?",
            "norm_text": "헉 되게 늦게 간 거 아니야?",
            "speaker": {
              "id": "1번",
              "sex": "여성",
              "age": "20대"
            },
            "speechAct": "(지시) 질문하기",
            "morpheme": "헉/IC+되게/MAG+늦/VA+게/EC+간/VV+ETM+거/NNB+아니/VCN+야/EF"
          },
          {
            "id": 4,
            "text": "2 : 응 하는 일 때문에 늦게 갔어~",
            "norm_text": "응 하는 일 때문에 늦게 갔어~",
            "speaker": {
              "id": "2번",
              "sex": "여성",
              "age": "20대"
            },
            "speechAct": "(단언) 진술하기",
            "morpheme": "응하/VV+는/ETM+일/NNG+때문/NNB+에/JKB+늦/VA+게/EC+갔/VV+EP+어/EC+~/SY"
          },
          {
            "id": 5,
            "text": "1 : 그렇구나 지금 가면 선임들이 안 불편해 한대?",
            "norm_text": "그렇구나 지금 가면 선임들이 안 불편해 한대?",
            "speaker": {
              "id": "1번",
              "sex": "여성",
              "age": "20대"
            },
            "speechAct": "(지시) 질문하기",
            "morpheme": "그렇/VA+구나/EF+지금/MAG+가/VV+면/EC+선임/NNG+들/XSN+이/JKS+안/MAG+불편/NNG+해/XSV+EC+한대/VX+EF"
          },
          {
            "id": 6,
            "text": "2 : 지금 가면 선임이 다 어리지 키키",
            "norm_text": "지금 가면 선임이 다 어리지 키키",
            "speaker": {
              "id": "2번",
              "sex": "여성",
              "age": "20대"
            },
            "speechAct": "(단언) 주장하기",
            "morpheme": "지금/MAG+가/VV+면/EC+선임/NNG+이/JKS+다/MAG+어리/VA+지/EC+키/NNG+키/XSV+ETN"
          },
          {
            "id": 7,
            "text": "1 : 키키 그러니까 근데 요즘에는 부조리도 없어서 괜찮을 거 같긴 해!",
            "norm_text": "키키 그러니까 근데 요즘에는 부조리도 없어서 괜찮을 거 같긴 해!",
            "speaker": {
              "id": "1번",
              "sex": "여성",
              "age": "20대"
            },
            "speechAct": "(단언) 주장하기",
            "morpheme": "키/NNG+키/XSV+ETN+그러니까/MAJ+근데/MAJ+요즘/NNG+에/JKB+는/JX+부조리/NNG+도/JX+없/VA+어서/EC+괜찮/VA+을/ETM+거/NNB+같/VA+긴/ETN+JX+해/VX+EF"
          },
          {
            "id": 8,
            "text": "2 : 그래도 안에 실제로는 있지 않을까?",
            "norm_text": "그래도 안에 실제로는 있지 않을까?",
            "speaker": {
              "id": "2번",
              "sex": "여성",
              "age": "20대"
            },
            "speechAct": "(지시) 질문하기",
            "morpheme": "그래도/MAJ+안/NNG+에/JKB+실제로/MAG+는/JX+있/VX+지/EC+않/VX+을까/EF"
          },
          {
            "id": 9,
            "text": "1 : 하, 진짜 디피처럼 그런 애들 있으면 진짜 악몽일 거 같아!",
            "norm_text": "하, 진짜 디피처럼 그런 애들 있으면 진짜 악몽일 거 같아!",
            "speaker": {
              "id": "1번",
              "sex": "여성",
              "age": "20대"
            },
            "speechAct": "(단언) 주장하기",
            "morpheme": "하/IC+,/SC+진짜/MAG+디피/NNG+처럼/JKB+그런/MM+애/NNG+들/XSN+있/VA+으면/EC+진짜/MAG+악몽/NNG+일/VCP+ETM+거/NNB+같/VA+아/EF"
          },
          {
            "id": 10,
            "text": "2 : 악몽 뿐일까 진짜 죽고 싶을 거 같은데?",
            "norm_text": "악몽 뿐일까 진짜 죽고 싶을 거 같은데?",
            "speaker": {
              "id": "2번",
              "sex": "여성",
              "age": "20대"
            },
            "speechAct": "(단언) 주장하기",
            "morpheme": "악몽/NNG+뿐/JX+일까/VCP+EF+진짜/MAG+죽/VV+고/EC+싶/VX+을/ETM+거/NNB+같/VA+은데/EF"
          },
          {
            "id": 11,
            "text": "1 : 그러니까, 근데 군대나 사회나 사람을 잘 만나야 하는 거 같아!",
            "norm_text": "그러니까, 근데 군대나 사회나 사람을 잘 만나야 하는 거 같아!",
            "speaker": {
              "id": "1번",
              "sex": "여성",
              "age": "20대"
            },
            "speechAct": "(단언) 주장하기",
            "morpheme": "그러니까/MAJ+,/SC+근데/MAJ+군대/NNG+나/JC+사회/NNG+나/JC+사람/NNG+을/JKO+잘/MAG+만나/VV+야/EC+하/VV+는/ETM+거/NNB+같/VA+아/EF"
          },
          {
            "id": 12,
            "text": "2 : 진짜 주변 사람들이 제일 중요해ㅠㅠ",
            "norm_text": "진짜 주변 사람들이 제일 중요해ㅠㅠ",
            "speaker": {
              "id": "2번",
              "sex": "여성",
              "age": "20대"
            },
            "speechAct": "(단언) 주장하기",
            "morpheme": "진짜/MAG+주변/NNG+사람/NNG+들/XSN+이/JKS+제일/MAG+중요/NNG+해/XSV+EC+ㅠㅠ/UNKNOWN"
          },
          {
            "id": 13,
            "text": "1 : 맞아!",
            "norm_text": "맞아!",
            "speaker": {
              "id": "1번",
              "sex": "여성",
              "age": "20대"
            },
            "speechAct": "(단언) 주장하기",
            "morpheme": "맞/VV+아/EF"
          },
          {
            "id": 14,
            "text": "1 : 오빠는 별 말 안 해?",
            "norm_text": "오빠는 별 말 안 해?",
            "speaker": {
              "id": "1번",
              "sex": "여성",
              "age": "20대"
            },
            "speechAct": "(지시) 질문하기",
            "morpheme": "오빠/NNG+는/JX+별말/NNG+안/MAG+해/VV+EF"
          },
          {
            "id": 15,
            "text": "2 : 우리 오빠는 잘 적응하는 거 같아 키키",
            "norm_text": "우리 오빠는 잘 적응하는 거 같아 키키",
            "speaker": {
              "id": "2번",
              "sex": "여성",
              "age": "20대"
            },
            "speechAct": "(단언) 주장하기",
            "morpheme": "우리/NP+오빠/NNG+는/JX+잘/MAG+적응/NNG+하/XSV+는/ETM+거/NNB+같/VA+아/EC+키/NNG+키/XSV+ETN"
          },
          {
            "id": 16,
            "text": "1 : 다행이다 ㅜㅜ",
            "norm_text": "다행이다 ㅜㅜ",
            "speaker": {
              "id": "1번",
              "sex": "여성",
              "age": "20대"
            },
            "speechAct": "(단언) 주장하기",
            "morpheme": "다행이다ㅜㅜ/UNKNOWN"
          },
          {
            "id": 17,
            "text": "1 : 휴가 나올 때 피엑스에서 좋은 거 많이 사오라고 해!",
            "norm_text": "휴가 나올 때 피엑스에서 좋은 거 많이 사오라고 해!",
            "speaker": {
              "id": "1번",
              "sex": "여성",
              "age": "20대"
            },
            "speechAct": "(지시) 충고/제안하기",
            "morpheme": "휴가/NNG+나올/VV+ETM+때/NNG+피엑스/NNG+에서/JKB+좋/VA+은/ETM+거/NNB+많이/MAG+사오/NNG+라고/VCP+EC+해/VX+EF"
          },
          {
            "id": 18,
            "text": "2 : 응ㅋㅌ 다음에 우리 오빠랑 같이 놀자 하하",
            "norm_text": "응ㅋㅌ 다음에 우리 오빠랑 같이 놀자 하하",
            "speaker": {
              "id": "2번",
              "sex": "여성",
              "age": "20대"
            },
            "speechAct": "(지시) 충고/제안하기",
            "morpheme": "응/IC+ㅋㅌ/UNKNOWN+다음/NNG+에/JKB+우리/NP+오빠/NNG+랑/JKB+같이/MAG+놀/VV+자/EC+하하/MAG"
          }
        ]
      }
    }
  ]
}