{
  "dataset": {
    "identifier": 117750,
    "name": "FACEBOOK_119_01_set",
    "src_path": "/data/file/cubeManager/PROJECT001/80/txt20211102103850054686/FACEBOOK_119_01_set/",
    "label_path": "/data/file/cubeManager/PROJECT001/80/txt20211102103850054686/FACEBOOK_119_01_set/",
    "category": 2,
    "type": 0
  },
  "licenses": {
    "name": "Apache License 1.0",
    "url": "http://www.apache.org/licenses/LICENSE-1.0"
  },
  "info": [
    {
      "id": 129764,
      "filename": "FACEBOOK_119_01.txt",
      "title": "FACEBOOK_119_01",
      "mediatype": "SNS",
      "medianame": "페이스북",
      "category": "일상대화",
      "date": "2021-11-02",
      "size": 384,
      "annotations": {
        "subject": "식음료",
        "speaker_type": "1:1",
        "size": 384,
        "word_size": 125,
        "text": "1 : 역시 닭발은 통닭발이 최고여~\n2 : 너는 통 먹어?\n2 : 나는 무뼈\n1 : 키키 아 근데 나도 자취하면서 무뼈파로 바뀜 키키\n2 : 그럼 무뼈로 먹어야 해 키키\n1 : 키키 근데 오랜만에 통닭발 먹으니까 맛있다!\n2 : 그거 먹을 땐 국물로 먹어줘야 함\n1 : 키키 아 당연하지~ 콩나물도 있다구으~\n2 : 응 그렇게 먹어야 맛있음 주먹밥은?\n1 : 키키 당연히 마요네즈 들어간 밥이었지~\n2 : 계란찜 시켰어 안 시켰어\n1 : 키키 어떤 거? 계란찜? 계란찜은 서비스~\n2 : 오 거기 좋다? 리뷰 서비스 그건가?\n1 : 키키 몰라 아 지금 물어보니까 계란찜도 추가했대 키키\n2 : 키키 그게 뭐야 결국 너 돈으로 먹었네 키키\n1 : 키키 아 주먹밥이 서비스였나 봐~\n2 : 그렇담 엄청난 개 이득 키키",
        "lines": [
          {
            "id": 1,
            "text": "1 : 역시 닭발은 통닭발이 최고여~",
            "norm_text": "역시 닭발은 통닭발이 최고여~",
            "speaker": {
              "id": "1번",
              "sex": "여성",
              "age": "20대"
            },
            "speechAct": "(단언) 주장하기",
            "morpheme": "역시닭발은통닭발이최고여/UNKNOWN+~/SY"
          },
          {
            "id": 2,
            "text": "2 : 너는 통 먹어?",
            "norm_text": "너는 통 먹어?",
            "speaker": {
              "id": "2번",
              "sex": "여성",
              "age": "20대"
            },
            "speechAct": "(지시) 질문하기",
            "morpheme": "너/NP+는/JX+통/MAG+먹/VV+어/EF"
          },
          {
            "id": 3,
            "text": "2 : 나는 무뼈",
            "norm_text": "나는 무뼈",
            "speaker": {
              "id": "2번",
              "sex": "여성",
              "age": "20대"
            },
            "speechAct": "(단언) 주장하기",
            "morpheme": "나/NP+는/JX+무/XPN+뼈/NNG"
          },
          {
            "id": 4,
            "text": "1 : 키키 아 근데 나도 자취하면서 무뼈파로 바뀜 키키",
            "norm_text": "키키 아 근데 나도 자취하면서 무뼈파로 바뀜 키키",
            "speaker": {
              "id": "1번",
              "sex": "여성",
              "age": "20대"
            },
            "speechAct": "(단언) 주장하기",
            "morpheme": "키/NNG+키/XSV+ETN+아/IC+근데/MAJ+나/NP+도/JX+자취/NNG+하/XSV+면서/EC+무/XPN+뼈/NNG+파/NNG+로/JKB+바뀜/VV+ETN+키/NNG+키/XSV+ETN"
          },
          {
            "id": 5,
            "text": "2 : 그럼 무뼈로 먹어야 해 키키",
            "norm_text": "그럼 무뼈로 먹어야 해 키키",
            "speaker": {
              "id": "2번",
              "sex": "여성",
              "age": "20대"
            },
            "speechAct": "(단언) 주장하기",
            "morpheme": "그럼/MAJ+무/XPN+뼈/NNG+로/JKB+먹/VV+어야/EC+해/VV+EC+키/NNG+키/XSV+ETN"
          },
          {
            "id": 6,
            "text": "1 : 키키 근데 오랜만에 통닭발 먹으니까 맛있다!",
            "norm_text": "키키 근데 오랜만에 통닭발 먹으니까 맛있다!",
            "speaker": {
              "id": "1번",
              "sex": "여성",
              "age": "20대"
            },
            "speechAct": "(단언) 주장하기",
            "morpheme": "키/NNG+키/XSV+ETN+근데/MAJ+오랜만/NNG+에/JKB+통닭/NNG+발/NNG+먹/VV+으니까/EC+맛있/VA+다/EF"
          },
          {
            "id": 7,
            "text": "2 : 그거 먹을 땐 국물로 먹어줘야 함",
            "norm_text": "그거 먹을 땐 국물로 먹어줘야 함",
            "speaker": {
              "id": "2번",
              "sex": "여성",
              "age": "20대"
            },
            "speechAct": "(단언) 주장하기",
            "morpheme": "그거/NP+먹/VV+을/ETM+땐/NNG+JX+국물/NNG+로/JKB+먹/VV+어/EC+줘야/VX+EC+함/VX+ETN"
          },
          {
            "id": 8,
            "text": "1 : 키키 아 당연하지~ 콩나물도 있다구으~",
            "norm_text": "키키 아 당연하지~ 콩나물도 있다구으~",
            "speaker": {
              "id": "1번",
              "sex": "여성",
              "age": "20대"
            },
            "speechAct": "(단언) 주장하기",
            "morpheme": "키/NNG+키/VV+아/EC+당연/XR+하/XSA+지/EC+~/SY+콩나물/NNG+도/JX+있/VA+다구/EC+으/IC+~/SY"
          },
          {
            "id": 9,
            "text": "2 : 응 그렇게 먹어야 맛있음 주먹밥은?",
            "norm_text": "응 그렇게 먹어야 맛있음 주먹밥은?",
            "speaker": {
              "id": "2번",
              "sex": "여성",
              "age": "20대"
            },
            "speechAct": "(지시) 질문하기",
            "morpheme": "응/IC+그렇게/MAG+먹/VV+어야/EC+맛있/VA+음/ETN+주먹밥/NNG+은/JX"
          },
          {
            "id": 10,
            "text": "1 : 키키 당연히 마요네즈 들어간 밥이었지~",
            "norm_text": "키키 당연히 마요네즈 들어간 밥이었지~",
            "speaker": {
              "id": "1번",
              "sex": "여성",
              "age": "20대"
            },
            "speechAct": "(단언) 진술하기",
            "morpheme": "키키당연히마요네즈들어간밥이었지/UNKNOWN+~/SY"
          },
          {
            "id": 11,
            "text": "2 : 계란찜 시켰어 안 시켰어",
            "norm_text": "계란찜 시켰어 안 시켰어",
            "speaker": {
              "id": "2번",
              "sex": "여성",
              "age": "20대"
            },
            "speechAct": "(지시) 질문하기",
            "morpheme": "계란찜/NNG+시켰/XSV+EP+어/EC+안/MAG+시켰/VV+EP+어/EC"
          },
          {
            "id": 12,
            "text": "1 : 키키 어떤 거? 계란찜? 계란찜은 서비스~",
            "norm_text": "키키 어떤 거? 계란찜? 계란찜은 서비스~",
            "speaker": {
              "id": "1번",
              "sex": "여성",
              "age": "20대"
            },
            "speechAct": "(단언) 진술하기",
            "morpheme": "키키/NNP+어떤/MM+거/NNB+계란찜/NNG+?/SY+계란찜/NNG+은/JX+서비스/NNG+~/SY"
          },
          {
            "id": 13,
            "text": "2 : 오 거기 좋다? 리뷰 서비스 그건가?",
            "norm_text": "오 거기 좋다? 리뷰 서비스 그건가?",
            "speaker": {
              "id": "2번",
              "sex": "여성",
              "age": "20대"
            },
            "speechAct": "(지시) 질문하기",
            "morpheme": "오/IC+거기/NP+좋/VA+다/EF+리뷰/NNP+서비스/NNG+그건가/NP+VCP+EF"
          },
          {
            "id": 14,
            "text": "1 : 키키 몰라 아 지금 물어보니까 계란찜도 추가했대 키키",
            "norm_text": "키키 몰라 아 지금 물어보니까 계란찜도 추가했대 키키",
            "speaker": {
              "id": "1번",
              "sex": "여성",
              "age": "20대"
            },
            "speechAct": "(단언) 진술하기",
            "morpheme": "키/NNG+키/XSV+ETN+몰라/VV+EF+아/IC+지금/MAG+물/VV+어/EC+보/VX+니까/EC+계란찜/NNG+도/JX+추가/NNG+했/XSV+EP+대/XPN+키/NNG+키/XSV+ETN"
          },
          {
            "id": 15,
            "text": "2 : 키키 그게 뭐야 결국 너 돈으로 먹었네 키키",
            "norm_text": "키키 그게 뭐야 결국 너 돈으로 먹었네 키키",
            "speaker": {
              "id": "2번",
              "sex": "여성",
              "age": "20대"
            },
            "speechAct": "(단언) 주장하기",
            "morpheme": "키/NNG+키/XSV+ETN+그게/NP+JKS+뭐/NP+야/VCP+EF+결국/MAG+너/NP+돈/NNG+으로/JKB+먹/VV+었/EP+네/EF+키/NNG+키/XSV+ETN"
          },
          {
            "id": 16,
            "text": "1 : 키키 아 주먹밥이 서비스였나 봐~",
            "norm_text": "키키 아 주먹밥이 서비스였나 봐~",
            "speaker": {
              "id": "1번",
              "sex": "여성",
              "age": "20대"
            },
            "speechAct": "(단언) 주장하기",
            "morpheme": "키키아주먹밥이서비스였나봐/UNKNOWN+~/SY"
          },
          {
            "id": 17,
            "text": "2 : 그렇담 엄청난 개 이득 키키",
            "norm_text": "그렇담 엄청난 개 이득 키키",
            "speaker": {
              "id": "2번",
              "sex": "여성",
              "age": "20대"
            },
            "speechAct": "(단언) 주장하기",
            "morpheme": "그렇/VA+담/EC+엄청난/VA+ETM+개/NNG+이득/NNG+키/NNG+키/XSV+ETN"
          }
        ]
      }
    }
  ]
}