{
  "dataset": {
    "identifier": 99891,
    "name": "FACEBOOK_109_02_set",
    "src_path": "/data/file/cubeManager/PROJECT001/77/txt20211029160805055163/FACEBOOK_109_02_set/",
    "label_path": "/data/file/cubeManager/PROJECT001/77/txt20211029160805055163/FACEBOOK_109_02_set/",
    "category": 2,
    "type": 0
  },
  "licenses": {
    "name": "Apache License 1.0",
    "url": "http://www.apache.org/licenses/LICENSE-1.0"
  },
  "info": [
    {
      "id": 111310,
      "filename": "FACEBOOK_109_02.txt",
      "title": "FACEBOOK_109_02",
      "mediatype": "SNS",
      "medianame": "페이스북",
      "category": "일상대화",
      "date": "2021-10-29",
      "size": 438,
      "annotations": {
        "subject": "주거와 생활",
        "speaker_type": "1:1",
        "size": 438,
        "word_size": 155,
        "text": "1 : 언니는 집에 누구누구 있어?\n2 : 나는 나 혼자 자취하지~\n1 : 아 진짜?\n1 : 언제부터 자취하고  있었어?\n2 : 나는 자취한 지 1년 조금 넘었어\n1 : 아 진짜?\n1 : 나는 이제 10개월 됐어!\n2 : 자취하는 거 좀 어렵지 않아?\n1 : 아 맞아, 특히 먹는 게 진짜 힘든 거 같아!\n2 : 먹는 거 맨날 배달 시켜서 돈 많이 들어ㅠㅠ\n1 : 맞아 키키\n1 : 나 최근에 배달료만 한 만 원 정도 들인 거 같아!\n2 : 배달료만?\n2 : 그리고 배달비도 너무 아까워ㅠ\n1 : 맞아!\n1 : 그래서 나는 되도록  근처는 포장해 오려고 해!\n2 : 포장이 제일 좋지, 아니면 해먹거나\n1 : 맞아 키키\n1 : 나는 해 먹는 건 이제 끝났어,  귀찮아,\n2 : 해 먹는 거 요즘 재미 들려서 큰일이야\n1 : 진짜?\n1 : 나는 초반에만 그랬는데 지금은 배달이 짱임!\n2 : 배달 시켜 먹는 것도 일이지 키키",
        "lines": [
          {
            "id": 1,
            "text": "1 : 언니는 집에 누구누구 있어?",
            "norm_text": "언니는 집에 누구누구 있어?",
            "speaker": {
              "id": "1번",
              "sex": "여성",
              "age": "20대"
            },
            "speechAct": "(지시) 질문하기",
            "morpheme": "언니/NNG+는/JX+집/NNG+에/JKB+누구/NP+누구/NP+있/VA+어/EF"
          },
          {
            "id": 2,
            "text": "2 : 나는 나 혼자 자취하지~",
            "norm_text": "나는 나 혼자 자취하지~",
            "speaker": {
              "id": "2번",
              "sex": "여성",
              "age": "20대"
            },
            "speechAct": "(단언) 진술하기",
            "morpheme": "나/NP+는/JX+나/NP+혼자/NNG+자취/NNG+하/XSV+지/EC+~/SY"
          },
          {
            "id": 3,
            "text": "1 : 아 진짜?",
            "norm_text": "아 진짜?",
            "speaker": {
              "id": "1번",
              "sex": "여성",
              "age": "20대"
            },
            "speechAct": "(지시) 질문하기",
            "morpheme": "아/IC+진짜/MAG"
          },
          {
            "id": 4,
            "text": "1 : 언제부터 자취하고  있었어?",
            "norm_text": "언제부터 자취하고  있었어?",
            "speaker": {
              "id": "1번",
              "sex": "여성",
              "age": "20대"
            },
            "speechAct": "(지시) 질문하기",
            "morpheme": "언제/NP+부터/JX+자취/NNG+하/XSV+고/EC+있/VX+었/EP+어/EF"
          },
          {
            "id": 5,
            "text": "2 : 나는 자취한 지 1년 조금 넘었어",
            "norm_text": "나는 자취한 지 1년 조금 넘었어",
            "speaker": {
              "id": "2번",
              "sex": "여성",
              "age": "20대"
            },
            "speechAct": "(단언) 진술하기",
            "morpheme": "나/NP+는/JX+자취/NNG+한지/XSA+EC+1/SN+년/NNBC+조금/MAG+넘/VV+었/EP+어/EC"
          },
          {
            "id": 6,
            "text": "1 : 아 진짜?",
            "norm_text": "아 진짜?",
            "speaker": {
              "id": "1번",
              "sex": "여성",
              "age": "20대"
            },
            "speechAct": "(지시) 질문하기",
            "morpheme": "아/IC+진짜/MAG"
          },
          {
            "id": 7,
            "text": "1 : 나는 이제 10개월 됐어!",
            "norm_text": "나는 이제 10개월 됐어!",
            "speaker": {
              "id": "1번",
              "sex": "여성",
              "age": "20대"
            },
            "speechAct": "(단언) 진술하기",
            "morpheme": "나/NP+는/JX+이제/MAG+10/SN+개월/NNBC+됐/VV+EP+어/EF"
          },
          {
            "id": 8,
            "text": "2 : 자취하는 거 좀 어렵지 않아?",
            "norm_text": "자취하는 거 좀 어렵지 않아?",
            "speaker": {
              "id": "2번",
              "sex": "여성",
              "age": "20대"
            },
            "speechAct": "(지시) 질문하기",
            "morpheme": "자취/NNG+하/XSV+는/ETM+거/NNB+좀/MAG+어렵/VA+지/EC+않/VX+아/EF"
          },
          {
            "id": 9,
            "text": "1 : 아 맞아, 특히 먹는 게 진짜 힘든 거 같아!",
            "norm_text": "아 맞아, 특히 먹는 게 진짜 힘든 거 같아!",
            "speaker": {
              "id": "1번",
              "sex": "여성",
              "age": "20대"
            },
            "speechAct": "(단언) 주장하기",
            "morpheme": "아/IC+맞아/IC+,/SC+특히/MAG+먹/VV+는/ETM+게/NNB+JKS+진짜/MAG+힘든/VA+ETM+거/NNB+같/VA+아/EF"
          },
          {
            "id": 10,
            "text": "2 : 먹는 거 맨날 배달 시켜서 돈 많이 들어ㅠㅠ",
            "norm_text": "먹는 거 맨날 배달 시켜서 돈 많이 들어ㅠㅠ",
            "speaker": {
              "id": "2번",
              "sex": "여성",
              "age": "20대"
            },
            "speechAct": "(단언) 주장하기",
            "morpheme": "먹/VV+는/ETM+거/NNB+맨날/MAG+배달/NNG+시켜서/XSV+EC+돈/NNG+많이/MAG+들/VV+어/EC+ㅠㅠ/UNKNOWN"
          },
          {
            "id": 11,
            "text": "1 : 맞아 키키",
            "norm_text": "맞아 키키",
            "speaker": {
              "id": "1번",
              "sex": "여성",
              "age": "20대"
            },
            "speechAct": "(단언) 주장하기",
            "morpheme": "맞/VV+아/EC+키/NNG+키/XSV+ETN"
          },
          {
            "id": 12,
            "text": "1 : 나 최근에 배달료만 한 만 원 정도 들인 거 같아!",
            "norm_text": "나 최근에 배달료만 한 만 원 정도 들인 거 같아!",
            "speaker": {
              "id": "1번",
              "sex": "여성",
              "age": "20대"
            },
            "speechAct": "(단언) 진술하기",
            "morpheme": "나/NP+최근/NNG+에/JKB+배/NNG+달료/NNG+만/JX+한/MM+만/NR+원/NNBC+정도/NNG+들/XSN+인/VCP+ETM+거/NNB+같/VA+아/EF"
          },
          {
            "id": 13,
            "text": "2 : 배달료만?",
            "norm_text": "배달료만?",
            "speaker": {
              "id": "2번",
              "sex": "여성",
              "age": "20대"
            },
            "speechAct": "(지시) 질문하기",
            "morpheme": "배/NNG+달료/NNG+만/JX"
          },
          {
            "id": 14,
            "text": "2 : 그리고 배달비도 너무 아까워ㅠ",
            "norm_text": "그리고 배달비도 너무 아까워ㅠ",
            "speaker": {
              "id": "2번",
              "sex": "여성",
              "age": "20대"
            },
            "speechAct": "(단언) 주장하기",
            "morpheme": "그리고/MAJ+배/NNG+달비/NNG+도/JX+너무/MAG+아까/MAG+워ㅠ/UNKNOWN"
          },
          {
            "id": 15,
            "text": "1 : 맞아!",
            "norm_text": "맞아!",
            "speaker": {
              "id": "1번",
              "sex": "여성",
              "age": "20대"
            },
            "speechAct": "(단언) 주장하기",
            "morpheme": "맞/VV+아/EF"
          },
          {
            "id": 16,
            "text": "1 : 그래서 나는 되도록  근처는 포장해 오려고 해!",
            "norm_text": "그래서 나는 되도록  근처는 포장해 오려고 해!",
            "speaker": {
              "id": "1번",
              "sex": "여성",
              "age": "20대"
            },
            "speechAct": "(단언) 주장하기",
            "morpheme": "그래서/MAJ+나/NP+는/JX+되/VV+도록/EC+근처/NNG+는/JX+포장/NNG+해/XSV+EC+오/VV+려고/EC+해/VX+EF"
          },
          {
            "id": 17,
            "text": "2 : 포장이 제일 좋지, 아니면 해먹거나",
            "norm_text": "포장이 제일 좋지, 아니면 해먹거나",
            "speaker": {
              "id": "2번",
              "sex": "여성",
              "age": "20대"
            },
            "speechAct": "(단언) 주장하기",
            "morpheme": "포장/NNG+이/JKS+제일/MAG+좋/VA+지/EF+,/SC+아니/VCN+면/EC+해/VV+EC+먹/VV+거나/EC"
          },
          {
            "id": 18,
            "text": "1 : 맞아 키키",
            "norm_text": "맞아 키키",
            "speaker": {
              "id": "1번",
              "sex": "여성",
              "age": "20대"
            },
            "speechAct": "(단언) 주장하기",
            "morpheme": "맞/VV+아/EC+키/NNG+키/XSV+ETN"
          },
          {
            "id": 19,
            "text": "1 : 나는 해 먹는 건 이제 끝났어,  귀찮아,",
            "norm_text": "나는 해 먹는 건 이제 끝났어,  귀찮아,",
            "speaker": {
              "id": "1번",
              "sex": "여성",
              "age": "20대"
            },
            "speechAct": "(단언) 주장하기",
            "morpheme": "나/NP+는/JX+해/VV+EC+먹/VV+는/ETM+건/NNB+JX+이제/MAG+끝/NNG+났/VV+EP+어/EF+,/SC+귀찮/VA+아/EC+,/SC"
          },
          {
            "id": 20,
            "text": "2 : 해 먹는 거 요즘 재미 들려서 큰일이야",
            "norm_text": "해 먹는 거 요즘 재미 들려서 큰일이야",
            "speaker": {
              "id": "2번",
              "sex": "여성",
              "age": "20대"
            },
            "speechAct": "(단언) 주장하기",
            "morpheme": "해/VV+EC+먹/VV+는/ETM+거/NNB+요즘/MAG+재미/NNG+들려서/VV+EC+큰일/NNG+이/VCP+야/EC"
          },
          {
            "id": 21,
            "text": "1 : 진짜?",
            "norm_text": "진짜?",
            "speaker": {
              "id": "1번",
              "sex": "여성",
              "age": "20대"
            },
            "speechAct": "(지시) 질문하기",
            "morpheme": "진짜/MAG"
          },
          {
            "id": 22,
            "text": "1 : 나는 초반에만 그랬는데 지금은 배달이 짱임!",
            "norm_text": "나는 초반에만 그랬는데 지금은 배달이 짱임!",
            "speaker": {
              "id": "1번",
              "sex": "여성",
              "age": "20대"
            },
            "speechAct": "(단언) 주장하기",
            "morpheme": "나/NP+는/JX+초반/NNG+에/JKB+만/JX+그랬/VV+EP+는데/EC+지금/MAG+은/JX+배달/NNG+이/JKS+짱/NNG+임/VCP+ETN"
          },
          {
            "id": 23,
            "text": "2 : 배달 시켜 먹는 것도 일이지 키키",
            "norm_text": "배달 시켜 먹는 것도 일이지 키키",
            "speaker": {
              "id": "2번",
              "sex": "여성",
              "age": "20대"
            },
            "speechAct": "(단언) 주장하기",
            "morpheme": "배달/NNG+시켜/XSV+EC+먹/VV+는/ETM+것/NNB+도/JX+일/NNG+이/VCP+지/EC+키/NNG+키/XSV+ETN"
          }
        ]
      }
    }
  ]
}