{
  "dataset": {
    "identifier": 116821,
    "name": "FACEBOOK_120_14_set",
    "src_path": "/data/file/cubeManager/PROJECT001/80/txt20211102113528095181/FACEBOOK_120_14_set/",
    "label_path": "/data/file/cubeManager/PROJECT001/80/txt20211102113528095181/FACEBOOK_120_14_set/",
    "category": 2,
    "type": 0
  },
  "licenses": {
    "name": "Apache License 1.0",
    "url": "http://www.apache.org/licenses/LICENSE-1.0"
  },
  "info": [
    {
      "id": 129897,
      "filename": "FACEBOOK_120_14.txt",
      "title": "FACEBOOK_120_14",
      "mediatype": "SNS",
      "medianame": "페이스북",
      "category": "일상대화",
      "date": "2021-11-02",
      "size": 500,
      "annotations": {
        "subject": "사회이슈",
        "speaker_type": "1:1",
        "size": 500,
        "word_size": 172,
        "text": "1 : 언니\n1 : 유튜버들 계좌로 후원 받는 거 알아?\n2 : 원래 광고하면 계좌로 돈 줘야 되는 거 아니야?\n1 : 그거 말고 유튜브 실시간 방송 있잖아!\n2 : 아 별풍선 같은 느낌 말하는 건가?\n1 : 어 맞아\n1 : 근데 앞에다 후원 계좌번호 몇 번 이렇게 쓰고 방송하는 거 봤어?\n2 : 아니 나는 sns를 잘 안 해서 몰라 ㅠㅠ\n1 : 나는 유튜브 잘 봐서 그런 거 자주 봤거든!\n2 : 근데 그게 왜?\n2 : 문제가 된대?\n1 : 근데 이것도 어쨌든 소득이 생긴 거잖아!\n2 : 아 그렇게 후원 받은 거 세금 신고 안 하는구나?\n1 : 어 맞아\n1 : 그래서 몇 명은 인당 수억 원대 소득 신고를 안 해서 난리가 났대!\n2 : 아 그럼 잘 버는 사람들이 세금을 내야지 ㅡㅡ\n1 : 키키 근데 제대로 된 제재가 없어서 이번에 세무서에 유튜브 전담팀을는 만들었대!\n2 : 오 나라가 웬일로 좋은 일을 했대?\n1 : 이제 그쪽에도 수금을 할 때가 됐다는 거지~\n2 : 그치\n2 : 거기서 돈 많이 받으려고 하나 보다 키키",
        "lines": [
          {
            "id": 1,
            "text": "1 : 언니",
            "norm_text": "언니",
            "speaker": {
              "id": "1번",
              "sex": "여성",
              "age": "20대"
            },
            "speechAct": "(단언) 주장하기",
            "morpheme": "언니/NNG"
          },
          {
            "id": 2,
            "text": "1 : 유튜버들 계좌로 후원 받는 거 알아?",
            "norm_text": "유튜버들 계좌로 후원 받는 거 알아?",
            "speaker": {
              "id": "1번",
              "sex": "여성",
              "age": "20대"
            },
            "speechAct": "(지시) 질문하기",
            "morpheme": "유/NNP+튜버/NNP+들/XSN+계좌/NNG+로/JKB+후원/NNG+받/VV+는/ETM+거/NNB+알/VV+아/EF"
          },
          {
            "id": 3,
            "text": "2 : 원래 광고하면 계좌로 돈 줘야 되는 거 아니야?",
            "norm_text": "원래 광고하면 계좌로 돈 줘야 되는 거 아니야?",
            "speaker": {
              "id": "2번",
              "sex": "여성",
              "age": "20대"
            },
            "speechAct": "(지시) 질문하기",
            "morpheme": "원래/MAG+광고/NNG+하/XSV+면/EC+계좌/NNG+로/JKB+돈/NNG+줘야/VV+EC+되/VV+는/ETM+거/NNB+아니/VCN+야/EF"
          },
          {
            "id": 4,
            "text": "1 : 그거 말고 유튜브 실시간 방송 있잖아!",
            "norm_text": "그거 말고 유튜브 실시간 방송 있잖아!",
            "speaker": {
              "id": "1번",
              "sex": "여성",
              "age": "20대"
            },
            "speechAct": "(단언) 진술하기",
            "morpheme": "그거/NP+말/VV+고/EC+유튜브/NNP+실시간/NNG+방송/NNG+있/VA+잖아/EF"
          },
          {
            "id": 5,
            "text": "2 : 아 별풍선 같은 느낌 말하는 건가?",
            "norm_text": "아 별풍선 같은 느낌 말하는 건가?",
            "speaker": {
              "id": "2번",
              "sex": "여성",
              "age": "20대"
            },
            "speechAct": "(지시) 질문하기",
            "morpheme": "아/IC+별/MM+풍선/NNG+같/VA+은/ETM+느낌말/NNG+하/XSV+는/ETM+건가/NNB+VCP+EF"
          },
          {
            "id": 6,
            "text": "1 : 어 맞아",
            "norm_text": "어 맞아",
            "speaker": {
              "id": "1번",
              "sex": "여성",
              "age": "20대"
            },
            "speechAct": "(단언) 주장하기",
            "morpheme": "어/IC+맞/VV+아/EC"
          },
          {
            "id": 7,
            "text": "1 : 근데 앞에다 후원 계좌번호 몇 번 이렇게 쓰고 방송하는 거 봤어?",
            "norm_text": "근데 앞에다 후원 계좌번호 몇 번 이렇게 쓰고 방송하는 거 봤어?",
            "speaker": {
              "id": "1번",
              "sex": "여성",
              "age": "20대"
            },
            "speechAct": "(지시) 질문하기",
            "morpheme": "근데/MAJ+앞/NNG+에다/JKB+후원/NNG+계좌/NNG+번호/NNG+몇/MM+번/NNBC+이렇게/MAG+쓰/VV+고/EC+방송/NNG+하/XSV+는/ETM+거/NNB+봤/VV+EP+어/EF"
          },
          {
            "id": 8,
            "text": "2 : 아니 나는 sns를 잘 안 해서 몰라 ㅠㅠ",
            "norm_text": "아니 나는 sns를 잘 안 해서 몰라 ㅠㅠ",
            "speaker": {
              "id": "2번",
              "sex": "여성",
              "age": "20대"
            },
            "speechAct": "(단언) 진술하기",
            "morpheme": "아니/IC+나/NP+는/JX+sns/SL+를/JKO+잘/MAG+안/MAG+해서/VV+EC+몰라/VV+EF+ㅠㅠ/UNKNOWN"
          },
          {
            "id": 9,
            "text": "1 : 나는 유튜브 잘 봐서 그런 거 자주 봤거든!",
            "norm_text": "나는 유튜브 잘 봐서 그런 거 자주 봤거든!",
            "speaker": {
              "id": "1번",
              "sex": "여성",
              "age": "20대"
            },
            "speechAct": "(단언) 진술하기",
            "morpheme": "나/NP+는/JX+유튜브/NNP+잘/MAG+봐서/VV+EC+그런/MM+거/NNB+자주/MAG+봤/VV+EP+거든/EF"
          },
          {
            "id": 10,
            "text": "2 : 근데 그게 왜?",
            "norm_text": "근데 그게 왜?",
            "speaker": {
              "id": "2번",
              "sex": "여성",
              "age": "20대"
            },
            "speechAct": "(지시) 질문하기",
            "morpheme": "근데/MAJ+그게/NP+JKS+왜/MAG"
          },
          {
            "id": 11,
            "text": "2 : 문제가 된대?",
            "norm_text": "문제가 된대?",
            "speaker": {
              "id": "2번",
              "sex": "여성",
              "age": "20대"
            },
            "speechAct": "(지시) 질문하기",
            "morpheme": "문제/NNG+가/JKS+된대/VV+EF"
          },
          {
            "id": 12,
            "text": "1 : 근데 이것도 어쨌든 소득이 생긴 거잖아!",
            "norm_text": "근데 이것도 어쨌든 소득이 생긴 거잖아!",
            "speaker": {
              "id": "1번",
              "sex": "여성",
              "age": "20대"
            },
            "speechAct": "(단언) 진술하기",
            "morpheme": "근데/MAJ+이것/NP+도/JX+어쨌든/VA+EP+EC+소득/NNG+이/JKS+생긴/VV+ETM+거/NNB+잖아/VCP+EC+VX+EF"
          },
          {
            "id": 13,
            "text": "2 : 아 그렇게 후원 받은 거 세금 신고 안 하는구나?",
            "norm_text": "아 그렇게 후원 받은 거 세금 신고 안 하는구나?",
            "speaker": {
              "id": "2번",
              "sex": "여성",
              "age": "20대"
            },
            "speechAct": "(지시) 질문하기",
            "morpheme": "아/IC+그렇게/MAG+후원/NNG+받/VV+은/ETM+거/NNB+세금/NNG+신고/NNG+안/MAG+하/VV+는구나/EF"
          },
          {
            "id": 14,
            "text": "1 : 어 맞아",
            "norm_text": "어 맞아",
            "speaker": {
              "id": "1번",
              "sex": "여성",
              "age": "20대"
            },
            "speechAct": "(단언) 주장하기",
            "morpheme": "어/IC+맞/VV+아/EC"
          },
          {
            "id": 15,
            "text": "1 : 그래서 몇 명은 인당 수억 원대 소득 신고를 안 해서 난리가 났대!",
            "norm_text": "그래서 몇 명은 인당 수억 원대 소득 신고를 안 해서 난리가 났대!",
            "speaker": {
              "id": "1번",
              "sex": "여성",
              "age": "20대"
            },
            "speechAct": "(단언) 진술하기",
            "morpheme": "그래서/MAJ+몇/MM+명/NNBC+은/JX+인당수/NNG+억/NR+원/NNBC+대/XSN+소득/NNG+신고/NNG+를/JKO+안/MAG+해서/VV+EC+난리/NNG+가/JKS+났/VV+EP+대/EF"
          },
          {
            "id": 16,
            "text": "2 : 아 그럼 잘 버는 사람들이 세금을 내야지 ㅡㅡ",
            "norm_text": "아 그럼 잘 버는 사람들이 세금을 내야지 ㅡㅡ",
            "speaker": {
              "id": "2번",
              "sex": "여성",
              "age": "20대"
            },
            "speechAct": "(단언) 진술하기",
            "morpheme": "아/IC+그럼/MAJ+잘/MAG+버/VV+는/ETM+사람/NNG+들/XSN+이/JKS+세금/NNG+을/JKO+내/VV+야지/EF+ㅡㅡ/UNKNOWN"
          },
          {
            "id": 17,
            "text": "1 : 키키 근데 제대로 된 제재가 없어서 이번에 세무서에 유튜브 전담팀을는 만들었대!",
            "norm_text": "키키 근데 제대로 된 제재가 없어서 이번에 세무서에 유튜브 전담팀을는 만들었대!",
            "speaker": {
              "id": "1번",
              "sex": "여성",
              "age": "20대"
            },
            "speechAct": "(단언) 진술하기",
            "morpheme": "키/NNG+키/XSV+ETN+근데/MAJ+제대로/MAG+된/VV+ETM+제재/NNG+가/JKS+없/VA+어서/EC+이번/NNG+에/JKB+세무서/NNG+에/JKB+유튜브/NNP+전담/NNG+팀/NNG+을/JKO+는/JX+만들/VV+었/EP+대/EF"
          },
          {
            "id": 18,
            "text": "2 : 오 나라가 웬일로 좋은 일을 했대?",
            "norm_text": "오 나라가 웬일로 좋은 일을 했대?",
            "speaker": {
              "id": "2번",
              "sex": "여성",
              "age": "20대"
            },
            "speechAct": "(지시) 질문하기",
            "morpheme": "오나라/NNG+가/JKS+웬일/NNG+로/JKB+좋/VA+은/ETM+일/NNG+을/JKO+했/VV+EP+대/EF"
          },
          {
            "id": 19,
            "text": "1 : 이제 그쪽에도 수금을 할 때가 됐다는 거지~",
            "norm_text": "이제 그쪽에도 수금을 할 때가 됐다는 거지~",
            "speaker": {
              "id": "1번",
              "sex": "여성",
              "age": "20대"
            },
            "speechAct": "(단언) 진술하기",
            "morpheme": "이제/MAG+그쪽/NP+에/JKB+도/JX+수금/NNG+을/JKO+할/VV+ETM+때/NNG+가/JKS+됐/VV+EP+다는/ETM+거/NNB+지/VCP+EC+~/SY"
          },
          {
            "id": 20,
            "text": "2 : 그치",
            "norm_text": "그치",
            "speaker": {
              "id": "2번",
              "sex": "여성",
              "age": "20대"
            },
            "speechAct": "(단언) 주장하기",
            "morpheme": "그치/IC"
          },
          {
            "id": 21,
            "text": "2 : 거기서 돈 많이 받으려고 하나 보다 키키",
            "norm_text": "거기서 돈 많이 받으려고 하나 보다 키키",
            "speaker": {
              "id": "2번",
              "sex": "여성",
              "age": "20대"
            },
            "speechAct": "(단언) 주장하기",
            "morpheme": "거기/NP+서/JKB+돈/NNG+많이/MAG+받/VV+으려고/EC+하나/NR+보다/JKB+키/NNG+키/XSV+ETN"
          }
        ]
      }
    }
  ]
}