{
  "dataset": {
    "identifier": 97944,
    "name": "FACEBOOK_106_06_set",
    "src_path": "/data/file/cubeManager/PROJECT001/77/txt20211028145511029966/FACEBOOK_106_06_set/",
    "label_path": "/data/file/cubeManager/PROJECT001/77/txt20211028145511029966/FACEBOOK_106_06_set/",
    "category": 2,
    "type": 0
  },
  "licenses": {
    "name": "Apache License 1.0",
    "url": "http://www.apache.org/licenses/LICENSE-1.0"
  },
  "info": [
    {
      "id": 100511,
      "filename": "FACEBOOK_106_06.txt",
      "title": "FACEBOOK_106_06",
      "mediatype": "SNS",
      "medianame": "페이스북",
      "category": "일상대화",
      "date": "2021-10-28",
      "size": 461,
      "annotations": {
        "subject": "교육",
        "speaker_type": "1:1",
        "size": 461,
        "word_size": 157,
        "text": "1 : 언니는 댄스학원 가보고 싶지 않았어?\n2 : 나 줌바 다녀봤어 댄슨가?\n1 : 헐 키키 줌바 댄스?\n1 : 그거 아줌마들한테 인기 있는 거 아니야?\n2 : 키키  웅 직장 동료들이랑 키키 웃겼어\n1 : 키키 진짜?\n1 : 그거 어떻게 추는 건데?\n2 : 그거 그냥 아줌마들 에어로빅?\n1 : 키키  짱웃겨 에어로빅인데 왜 줌바댄스래~?\n2 : 모르겠어 솔직히 기억도 잘 안나 키키...\n1 : 그거 해서 살 많이  빠졌어?\n2 : 아니..\n2 : 안ㅜ빠지니까 지금 이러고 있지\n1 : 키키 근데 내가 아는 분 그거 해서 20 키로 뺐다던데!?\n2 : 맞아\n2 : 열심히 하면 빠진데\n1 : 키키 나는 절대 못 하겠다\n1 : 논산에 그거 하는 곳 있는데 밑에 노브랜드 있잖아 키키\n2 : 논산 어디?\n2 : 아 거기 헬스장?\n1 : 맞아 키키\n1 : 거기서 하는데 나는 끝나고 무조건 1층으로 직행 할 거 같아!\n2 : 키키 노브랜드?\n2 : 그치 거기 털겠지",
        "lines": [
          {
            "id": 1,
            "text": "1 : 언니는 댄스학원 가보고 싶지 않았어?",
            "norm_text": "언니는 댄스학원 가보고 싶지 않았어?",
            "speaker": {
              "id": "1번",
              "sex": "여성",
              "age": "20대"
            },
            "speechAct": "(지시) 질문하기",
            "morpheme": "언니/NNG+는/JX+댄스/NNG+학원/NNG+가/JKC+보/VV+고/EC+싶/VX+지/EC+않/VX+았/EP+어/EF"
          },
          {
            "id": 2,
            "text": "2 : 나 줌바 다녀봤어 댄슨가?",
            "norm_text": "나 줌바 다녀봤어 댄슨가?",
            "speaker": {
              "id": "2번",
              "sex": "여성",
              "age": "20대"
            },
            "speechAct": "(단언) 진술하기",
            "morpheme": "나/NP+줌/VV+ETN+바/NNB+다녀/VV+EC+봤/VX+EP+어/EC+댄슨/NNP+가/JKS"
          },
          {
            "id": 3,
            "text": "1 : 헐 키키 줌바 댄스?",
            "norm_text": "헐 키키 줌바 댄스?",
            "speaker": {
              "id": "1번",
              "sex": "여성",
              "age": "20대"
            },
            "speechAct": "(단언) 주장하기",
            "morpheme": "헐키키줌바댄스/UNKNOWN"
          },
          {
            "id": 4,
            "text": "1 : 그거 아줌마들한테 인기 있는 거 아니야?",
            "norm_text": "그거 아줌마들한테 인기 있는 거 아니야?",
            "speaker": {
              "id": "1번",
              "sex": "여성",
              "age": "20대"
            },
            "speechAct": "(지시) 질문하기",
            "morpheme": "그거/NP+아줌마/NNG+들/XSN+한테/JKB+인기/VCP+EC+있/VX+는/ETM+거/NNB+아니/VCN+야/EF"
          },
          {
            "id": 5,
            "text": "2 : 키키  웅 직장 동료들이랑 키키 웃겼어",
            "norm_text": "키키  웅 직장 동료들이랑 키키 웃겼어",
            "speaker": {
              "id": "2번",
              "sex": "여성",
              "age": "20대"
            },
            "speechAct": "(단언) 주장하기",
            "morpheme": "키/NNG+키/NNG+웅/NNG+직장/NNG+동료/NNG+들/XSN+이랑/JKB+키/NNG+키/XSV+ETN+웃겼/VV+EP+어/EC"
          },
          {
            "id": 6,
            "text": "1 : 키키 진짜?",
            "norm_text": "키키 진짜?",
            "speaker": {
              "id": "1번",
              "sex": "여성",
              "age": "20대"
            },
            "speechAct": "(단언) 주장하기",
            "morpheme": "키/NNG+키/XSV+ETN+진짜/MAG"
          },
          {
            "id": 7,
            "text": "1 : 그거 어떻게 추는 건데?",
            "norm_text": "그거 어떻게 추는 건데?",
            "speaker": {
              "id": "1번",
              "sex": "여성",
              "age": "20대"
            },
            "speechAct": "(지시) 질문하기",
            "morpheme": "그거/NP+어떻게/MAG+추/VV+는/ETM+건데/NNB+VCP+EF"
          },
          {
            "id": 8,
            "text": "2 : 그거 그냥 아줌마들 에어로빅?",
            "norm_text": "그거 그냥 아줌마들 에어로빅?",
            "speaker": {
              "id": "2번",
              "sex": "여성",
              "age": "20대"
            },
            "speechAct": "(단언) 주장하기",
            "morpheme": "그거/NP+그냥/MAG+아줌마/NNG+들/XSN+에어로빅/NNG"
          },
          {
            "id": 9,
            "text": "1 : 키키  짱웃겨 에어로빅인데 왜 줌바댄스래~?",
            "norm_text": "키키  짱웃겨 에어로빅인데 왜 줌바댄스래~?",
            "speaker": {
              "id": "1번",
              "sex": "여성",
              "age": "20대"
            },
            "speechAct": "(단언) 주장하기",
            "morpheme": "키키짱웃겨에어로빅인데왜줌바댄스래/UNKNOWN+~/SY"
          },
          {
            "id": 10,
            "text": "2 : 모르겠어 솔직히 기억도 잘 안나 키키...",
            "norm_text": "모르겠어 솔직히 기억도 잘 안나 키키...",
            "speaker": {
              "id": "2번",
              "sex": "여성",
              "age": "20대"
            },
            "speechAct": "(단언) 주장하기",
            "morpheme": "모르/VV+겠/EP+어/EF+솔직히/MAG+기억/NNG+도/JX+잘/MAG+안/MAG+나/VV+EC+키/NNG+키/XSV+ETN+./SY"
          },
          {
            "id": 11,
            "text": "1 : 그거 해서 살 많이  빠졌어?",
            "norm_text": "그거 해서 살 많이  빠졌어?",
            "speaker": {
              "id": "1번",
              "sex": "여성",
              "age": "20대"
            },
            "speechAct": "(지시) 질문하기",
            "morpheme": "그거/NP+해서/VV+EC+살/VV+ETM+많이/MAG+빠졌/VV+EP+어/EF"
          },
          {
            "id": 12,
            "text": "2 : 아니..",
            "norm_text": "아니..",
            "speaker": {
              "id": "2번",
              "sex": "여성",
              "age": "20대"
            },
            "speechAct": "(단언) 주장하기",
            "morpheme": "아니/IC+./SY"
          },
          {
            "id": 13,
            "text": "2 : 안ㅜ빠지니까 지금 이러고 있지",
            "norm_text": "안ㅜ빠지니까 지금 이러고 있지",
            "speaker": {
              "id": "2번",
              "sex": "여성",
              "age": "20대"
            },
            "speechAct": "(단언) 주장하기",
            "morpheme": "안ㅜ/UNKNOWN+빠지/VV+니까/EC+지금/MAG+이러/VV+고/EC+있/VX+지/EC"
          },
          {
            "id": 14,
            "text": "1 : 키키 근데 내가 아는 분 그거 해서 20 키로 뺐다던데!?",
            "norm_text": "키키 근데 내가 아는 분 그거 해서 20 키로 뺐다던데!?",
            "speaker": {
              "id": "1번",
              "sex": "여성",
              "age": "20대"
            },
            "speechAct": "(지시) 질문하기",
            "morpheme": "키/NNG+키/XSV+ETN+근데/MAJ+내/NP+가/JKS+아/VV+는/ETM+분/NNB+그거/NP+해서/VV+EC+20/SN+키/NNG+로/JKB+뺐/VV+EP+다던데/EC+!/SY"
          },
          {
            "id": 15,
            "text": "2 : 맞아",
            "norm_text": "맞아",
            "speaker": {
              "id": "2번",
              "sex": "여성",
              "age": "20대"
            },
            "speechAct": "(단언) 주장하기",
            "morpheme": "맞/VV+아/EC"
          },
          {
            "id": 16,
            "text": "2 : 열심히 하면 빠진데",
            "norm_text": "열심히 하면 빠진데",
            "speaker": {
              "id": "2번",
              "sex": "여성",
              "age": "20대"
            },
            "speechAct": "(단언) 주장하기",
            "morpheme": "열심히/MAG+하/VV+면/EC+빠진/VX+ETM+데/NNB"
          },
          {
            "id": 17,
            "text": "1 : 키키 나는 절대 못 하겠다",
            "norm_text": "키키 나는 절대 못 하겠다",
            "speaker": {
              "id": "1번",
              "sex": "여성",
              "age": "20대"
            },
            "speechAct": "(단언) 주장하기",
            "morpheme": "키/NNG+키나/XSA+ETN+JX+는/JX+절대/MAG+못/MAG+하/VV+겠/EP+다/EC"
          },
          {
            "id": 18,
            "text": "1 : 논산에 그거 하는 곳 있는데 밑에 노브랜드 있잖아 키키",
            "norm_text": "논산에 그거 하는 곳 있는데 밑에 노브랜드 있잖아 키키",
            "speaker": {
              "id": "1번",
              "sex": "여성",
              "age": "20대"
            },
            "speechAct": "(단언) 주장하기",
            "morpheme": "논산/NNP+에/JKB+그거/NP+하/VV+는/ETM+곳/NNB+있/VV+는데/EC+밑/NNG+에/JKB+노브랜드/NNG+있/VV+잖아/EC+키/NNG+키/XSV+ETN"
          },
          {
            "id": 19,
            "text": "2 : 논산 어디?",
            "norm_text": "논산 어디?",
            "speaker": {
              "id": "2번",
              "sex": "여성",
              "age": "20대"
            },
            "speechAct": "(단언) 주장하기",
            "morpheme": "논산/NNP+어디/NP"
          },
          {
            "id": 20,
            "text": "2 : 아 거기 헬스장?",
            "norm_text": "아 거기 헬스장?",
            "speaker": {
              "id": "2번",
              "sex": "여성",
              "age": "20대"
            },
            "speechAct": "(지시) 질문하기",
            "morpheme": "아/IC+거기/NP+헬스/NNG+장/NNG"
          },
          {
            "id": 21,
            "text": "1 : 맞아 키키",
            "norm_text": "맞아 키키",
            "speaker": {
              "id": "1번",
              "sex": "여성",
              "age": "20대"
            },
            "speechAct": "(단언) 주장하기",
            "morpheme": "맞/VV+아/EC+키/NNG+키/XSV+ETN"
          },
          {
            "id": 22,
            "text": "1 : 거기서 하는데 나는 끝나고 무조건 1층으로 직행 할 거 같아!",
            "norm_text": "거기서 하는데 나는 끝나고 무조건 1층으로 직행 할 거 같아!",
            "speaker": {
              "id": "1번",
              "sex": "여성",
              "age": "20대"
            },
            "speechAct": "(단언) 주장하기",
            "morpheme": "거기/NP+서/JKB+하/VV+는데/EC+나/NP+는/JX+끝/NNG+나/VV+고/EC+무조건/MAG+1/SN+층/NNG+으로/JKB+직행/NNG+할/XSV+ETM+거/NNB+같/VA+아/EF"
          },
          {
            "id": 23,
            "text": "2 : 키키 노브랜드?",
            "norm_text": "키키 노브랜드?",
            "speaker": {
              "id": "2번",
              "sex": "여성",
              "age": "20대"
            },
            "speechAct": "(단언) 주장하기",
            "morpheme": "키키/NNP+노브랜드/NNP"
          },
          {
            "id": 24,
            "text": "2 : 그치 거기 털겠지",
            "norm_text": "그치 거기 털겠지",
            "speaker": {
              "id": "2번",
              "sex": "여성",
              "age": "20대"
            },
            "speechAct": "(단언) 주장하기",
            "morpheme": "그치/IC+거기/NP+털/VV+겠/EP+지/EC"
          }
        ]
      }
    }
  ]
}