{
  "dataset": {
    "identifier": 117958,
    "name": "FACEBOOK_119_07_set",
    "src_path": "/data/file/cubeManager/PROJECT001/80/txt202111021038500691109/FACEBOOK_119_07_set/",
    "label_path": "/data/file/cubeManager/PROJECT001/80/txt202111021038500691109/FACEBOOK_119_07_set/",
    "category": 2,
    "type": 0
  },
  "licenses": {
    "name": "Apache License 1.0",
    "url": "http://www.apache.org/licenses/LICENSE-1.0"
  },
  "info": [
    {
      "id": 129770,
      "filename": "FACEBOOK_119_07.txt",
      "title": "FACEBOOK_119_07",
      "mediatype": "SNS",
      "medianame": "페이스북",
      "category": "일상대화",
      "date": "2021-11-02",
      "size": 451,
      "annotations": {
        "subject": "가족",
        "speaker_type": "1:1",
        "size": 451,
        "word_size": 155,
        "text": "1 : 언니는 가족이랑 어떨 때 싸움?\n2 : 우리는 말하는 거 가지고 엄청 싸워 키키\n1 : 왜 다 사납게 얘기해? 키키\n2 : 어 맞아 우리집 좀 사나워 말투가 키키\n1 : 욕만 안 했지 엄청 쎄게 하는구나?\n2 : 응 그냥 일반적으로 말하는 건데 화내는 줄 알아 키키\n1 : 키키 개웃기 그러다가 서로  기분 상해서 싸우는 거?\n2 : 응 기분 상해서 왜 말을 그렇게 해! 이러는 거지 키키\n1 : 키키 근데 그러다가 엄마가 밥 먹을 거야? 한 마디에 풀리잖아!\n2 : 무슨 소리야 우리 밥 먹으면서 싸워 키키\n1 : 키키 아 또 거기는 그래~?\n2 : 응 밥 먹을 때 대화하니까 먹으면서 싸워 키키\n1 : 키키 엄마가 등짝 스매싱 안 해?\n2 : 응 안 하구 아빠만 새우 등 터지지 ㅋ\n1 : 키키 아앗 아부지 ㅜㅜ\n1 : 역시 아부지가 집안의 기둥이야!\n2 : 어어... 그런 거 맞겠지... 키키\n2 : 순해진 우리 아빠 ㅠㅠ",
        "lines": [
          {
            "id": 1,
            "text": "1 : 언니는 가족이랑 어떨 때 싸움?",
            "norm_text": "언니는 가족이랑 어떨 때 싸움?",
            "speaker": {
              "id": "1번",
              "sex": "여성",
              "age": "20대"
            },
            "speechAct": "(지시) 질문하기",
            "morpheme": "언니/NNG+는/JX+가족/NNG+이랑/JKB+어떨/VA+ETM+때/NNG+싸움/NNG"
          },
          {
            "id": 2,
            "text": "2 : 우리는 말하는 거 가지고 엄청 싸워 키키",
            "norm_text": "우리는 말하는 거 가지고 엄청 싸워 키키",
            "speaker": {
              "id": "2번",
              "sex": "여성",
              "age": "20대"
            },
            "speechAct": "(단언) 진술하기",
            "morpheme": "우리/NP+는/JX+말/NNG+하/XSV+는/ETM+거/NNB+가지/VV+고/EC+엄청/MAG+싸워/VV+EC+키/NNG+키/XSV+ETN"
          },
          {
            "id": 3,
            "text": "1 : 왜 다 사납게 얘기해? 키키",
            "norm_text": "왜 다 사납게 얘기해? 키키",
            "speaker": {
              "id": "1번",
              "sex": "여성",
              "age": "20대"
            },
            "speechAct": "(지시) 질문하기",
            "morpheme": "왜/MAG+다/MAG+사납/VA+게/EC+얘기/NNG+해/XSV+EF+키/NNG+키/XSV+ETN"
          },
          {
            "id": 4,
            "text": "2 : 어 맞아 우리집 좀 사나워 말투가 키키",
            "norm_text": "어 맞아 우리집 좀 사나워 말투가 키키",
            "speaker": {
              "id": "2번",
              "sex": "여성",
              "age": "20대"
            },
            "speechAct": "(단언) 진술하기",
            "morpheme": "어/IC+맞아/IC+우리/NP+집/NNG+좀/MAG+사나워/VA+EC+말투/NNG+가/JKS+키/NNG+키/XSV+ETN"
          },
          {
            "id": 5,
            "text": "1 : 욕만 안 했지 엄청 쎄게 하는구나?",
            "norm_text": "욕만 안 했지 엄청 쎄게 하는구나?",
            "speaker": {
              "id": "1번",
              "sex": "여성",
              "age": "20대"
            },
            "speechAct": "(지시) 질문하기",
            "morpheme": "욕/NNG+만/JX+안/MAG+했/VV+EP+지/EC+엄청/MAG+쎄/VA+게/EC+하/VX+는구나/EF"
          },
          {
            "id": 6,
            "text": "2 : 응 그냥 일반적으로 말하는 건데 화내는 줄 알아 키키",
            "norm_text": "응 그냥 일반적으로 말하는 건데 화내는 줄 알아 키키",
            "speaker": {
              "id": "2번",
              "sex": "여성",
              "age": "20대"
            },
            "speechAct": "(단언) 진술하기",
            "morpheme": "응/IC+그냥/MAG+일반/NNG+적/XSN+으로/JKB+말/NNG+하/XSV+는/ETM+건데/NNB+VCP+EC+화내/VV+는/ETM+줄/NNB+알/VV+아/EC+키/NNG+키/XSV+ETN"
          },
          {
            "id": 7,
            "text": "1 : 키키 개웃기 그러다가 서로  기분 상해서 싸우는 거?",
            "norm_text": "키키 개웃기 그러다가 서로  기분 상해서 싸우는 거?",
            "speaker": {
              "id": "1번",
              "sex": "여성",
              "age": "20대"
            },
            "speechAct": "(지시) 질문하기",
            "morpheme": "키/NNG+키/XSV+ETN+개/NNBC+웃/VV+기/ETN+그러/VV+다가/EC+서로/MAG+기분/NNG+상해서/VV+EC+싸우/VV+는/ETM+거/NNB"
          },
          {
            "id": 8,
            "text": "2 : 응 기분 상해서 왜 말을 그렇게 해! 이러는 거지 키키",
            "norm_text": "응 기분 상해서 왜 말을 그렇게 해! 이러는 거지 키키",
            "speaker": {
              "id": "2번",
              "sex": "여성",
              "age": "20대"
            },
            "speechAct": "(단언) 진술하기",
            "morpheme": "응/IC+기분/NNG+상해서/VV+EC+왜/MAG+말/NNG+을/JKO+그렇게/MAG+해/VV+EF+이러/VV+는/ETM+거/NNB+지/VCP+EC+키/NNG+키/XSV+ETN"
          },
          {
            "id": 9,
            "text": "1 : 키키 근데 그러다가 엄마가 밥 먹을 거야? 한 마디에 풀리잖아!",
            "norm_text": "키키 근데 그러다가 엄마가 밥 먹을 거야? 한 마디에 풀리잖아!",
            "speaker": {
              "id": "1번",
              "sex": "여성",
              "age": "20대"
            },
            "speechAct": "(단언) 진술하기",
            "morpheme": "키/NNG+키/XSV+ETN+근데/MAJ+그러/VV+다가/EC+엄마/NNG+가/JKS+밥/NNG+먹/VV+을/ETM+거/NNB+야/VCP+EF+한마디/NNG+에/JKB+풀리/VV+잖아/EF"
          },
          {
            "id": 10,
            "text": "2 : 무슨 소리야 우리 밥 먹으면서 싸워 키키",
            "norm_text": "무슨 소리야 우리 밥 먹으면서 싸워 키키",
            "speaker": {
              "id": "2번",
              "sex": "여성",
              "age": "20대"
            },
            "speechAct": "(단언) 진술하기",
            "morpheme": "무슨/MM+소리/NNG+야/VCP+EF+우리/NP+밥/NNG+먹/VV+으면서/EC+싸워/VV+EC+키/NNG+키/XSV+ETN"
          },
          {
            "id": 11,
            "text": "1 : 키키 아 또 거기는 그래~?",
            "norm_text": "키키 아 또 거기는 그래~?",
            "speaker": {
              "id": "1번",
              "sex": "여성",
              "age": "20대"
            },
            "speechAct": "(지시) 질문하기",
            "morpheme": "키/NNG+키/VV+아/EC+또/MAG+거기/NP+는/JX+그래/VA+EC+~/SY"
          },
          {
            "id": 12,
            "text": "2 : 응 밥 먹을 때 대화하니까 먹으면서 싸워 키키",
            "norm_text": "응 밥 먹을 때 대화하니까 먹으면서 싸워 키키",
            "speaker": {
              "id": "2번",
              "sex": "여성",
              "age": "20대"
            },
            "speechAct": "(단언) 진술하기",
            "morpheme": "응/IC+밥/NNG+먹/VV+을/ETM+때/NNG+대화/NNG+하/XSV+니까/EC+먹/VV+으면서/EC+싸워/VV+EC+키/NNG+키/XSV+ETN"
          },
          {
            "id": 13,
            "text": "1 : 키키 엄마가 등짝 스매싱 안 해?",
            "norm_text": "키키 엄마가 등짝 스매싱 안 해?",
            "speaker": {
              "id": "1번",
              "sex": "여성",
              "age": "20대"
            },
            "speechAct": "(지시) 질문하기",
            "morpheme": "키/NNG+키/NNG+엄마/NNG+가/JKS+등짝/NNG+스매싱/NNG+안/MAG+해/VV+EF"
          },
          {
            "id": 14,
            "text": "2 : 응 안 하구 아빠만 새우 등 터지지 ㅋ",
            "norm_text": "응 안 하구 아빠만 새우 등 터지지 ㅋ",
            "speaker": {
              "id": "2번",
              "sex": "여성",
              "age": "20대"
            },
            "speechAct": "(단언) 진술하기",
            "morpheme": "응/IC+안/MAG+하/VV+구/EC+아빠/NNG+만/JX+새우등/NNG+터지/VV+지/EC+ㅋ/UNKNOWN"
          },
          {
            "id": 15,
            "text": "1 : 키키 아앗 아부지 ㅜㅜ",
            "norm_text": "키키 아앗 아부지 ㅜㅜ",
            "speaker": {
              "id": "1번",
              "sex": "여성",
              "age": "20대"
            },
            "speechAct": "(단언) 주장하기",
            "morpheme": "키/NNG+키/XSV+ETN+아앗/IC+아부지/NNG+ㅜㅜ/UNKNOWN"
          },
          {
            "id": 16,
            "text": "1 : 역시 아부지가 집안의 기둥이야!",
            "norm_text": "역시 아부지가 집안의 기둥이야!",
            "speaker": {
              "id": "1번",
              "sex": "여성",
              "age": "20대"
            },
            "speechAct": "(단언) 주장하기",
            "morpheme": "역시/MAJ+아부지/NNG+가/JKS+집안/NNG+의/JKG+기둥/NNG+이/VCP+야/EF"
          },
          {
            "id": 17,
            "text": "2 : 어어... 그런 거 맞겠지... 키키",
            "norm_text": "어어... 그런 거 맞겠지... 키키",
            "speaker": {
              "id": "2번",
              "sex": "여성",
              "age": "20대"
            },
            "speechAct": "(단언) 주장하기",
            "morpheme": "어/IC+어/IC+./SY+그런/MM+거/NNB+맞/VV+겠/EP+지/EF+./SY+키/NNG+키/XSV+ETN"
          },
          {
            "id": 18,
            "text": "2 : 순해진 우리 아빠 ㅠㅠ",
            "norm_text": "순해진 우리 아빠 ㅠㅠ",
            "speaker": {
              "id": "2번",
              "sex": "여성",
              "age": "20대"
            },
            "speechAct": "(단언) 주장하기",
            "morpheme": "순/XR+해진/XSA+EC+VX+ETM+우리/NP+아빠/NNG+ㅠㅠ/UNKNOWN"
          }
        ]
      }
    }
  ]
}