{
  "dataset": {
    "identifier": 100136,
    "name": "FACEBOOK_115_08_set",
    "src_path": "/data/file/cubeManager/PROJECT001/77/txt20211029153356030126/FACEBOOK_115_08_set/",
    "label_path": "/data/file/cubeManager/PROJECT001/77/txt20211029153356030126/FACEBOOK_115_08_set/",
    "category": 2,
    "type": 0
  },
  "licenses": {
    "name": "Apache License 1.0",
    "url": "http://www.apache.org/licenses/LICENSE-1.0"
  },
  "info": [
    {
      "id": 110956,
      "filename": "FACEBOOK_115_08.txt",
      "title": "FACEBOOK_115_08",
      "mediatype": "SNS",
      "medianame": "페이스북",
      "category": "일상대화",
      "date": "2021-10-29",
      "size": 465,
      "annotations": {
        "subject": "연애/결혼",
        "speaker_type": "1:1",
        "size": 465,
        "word_size": 163,
        "text": "1 : 내 친구 1년만에 전화 왔는데 자기 결혼한대,\n2 : 키키 에 청첩장 준대?\n2 : 가게?\n1 : 키키 내가 청첩장도 안 주고 왜 오라고 하냐고 그랬어!\n2 : 일년 만에 연락 왔는데 왜 가 키키\n1 : 키키 진짜 너무해 ㅜㅜ\n1 : 올 거냐고 계속 물어봄!\n2 : 친한 친구였어?\n2 : 가지마 연락도 안 하는데\n1 : 키키 우리 중학교 때부터 친구야 키키\n1 : 에이\n1 : 그래도 가야지~\n2 : 근데 일년만에 연락했다고?\n2 : 에이\n1 : 흠, 근데 그 남친분이랑도 아는 사이라 가야 될 거 같아,\n2 : 일년동안 뭐 했대 연락 안하고 키키\n1 : 몰라 키키\n1 : 근데 나도 연락 안 한 건 똑같으니까~\n2 : 어디서 한데 결혼식?\n2 : 이쁘겠다\n1 : 결혼식은 논산에서 할 거 같아!\n2 : 축의금 얼마 내?\n2 : 요새는?\n2 : 얼마 나야 되지?\n1 : 흠, 그래도 10만 원은 내야하는 거 아닐까,?\n2 : 맞아\n2 : 친한 친구면 십 이상은 내야지~",
        "lines": [
          {
            "id": 1,
            "text": "1 : 내 친구 1년만에 전화 왔는데 자기 결혼한대,",
            "norm_text": "내 친구 1년만에 전화 왔는데 자기 결혼한대,",
            "speaker": {
              "id": "1번",
              "sex": "여성",
              "age": "20대"
            },
            "speechAct": "(단언) 진술하기",
            "morpheme": "내/NP+JKG+친구/NNG+1/SN+년/NNBC+만/NNB+에/JKB+전화/NNG+왔/VV+EP+는데/EC+자기/NP+결혼/NNG+한대/XSV+EF+,/SC"
          },
          {
            "id": 2,
            "text": "2 : 키키 에 청첩장 준대?",
            "norm_text": "키키 에 청첩장 준대?",
            "speaker": {
              "id": "2번",
              "sex": "여성",
              "age": "20대"
            },
            "speechAct": "(지시) 질문하기",
            "morpheme": "키/NNG+키/NNG+에/JKB+청첩장/NNG+준대/VV+EF"
          },
          {
            "id": 3,
            "text": "2 : 가게?",
            "norm_text": "가게?",
            "speaker": {
              "id": "2번",
              "sex": "여성",
              "age": "20대"
            },
            "speechAct": "(지시) 질문하기",
            "morpheme": "가게/NNG"
          },
          {
            "id": 4,
            "text": "1 : 키키 내가 청첩장도 안 주고 왜 오라고 하냐고 그랬어!",
            "norm_text": "키키 내가 청첩장도 안 주고 왜 오라고 하냐고 그랬어!",
            "speaker": {
              "id": "1번",
              "sex": "여성",
              "age": "20대"
            },
            "speechAct": "(단언) 주장하기",
            "morpheme": "키/NNG+키/XSV+ETN+내/NP+가/JKS+청첩장/NNG+도/JX+안/MAG+주/VV+고/EC+왜/MAG+오/VV+라고/EC+하/VV+냐고/EC+그랬/VV+EP+어/EF"
          },
          {
            "id": 5,
            "text": "2 : 일년 만에 연락 왔는데 왜 가 키키",
            "norm_text": "일년 만에 연락 왔는데 왜 가 키키",
            "speaker": {
              "id": "2번",
              "sex": "여성",
              "age": "20대"
            },
            "speechAct": "(단언) 주장하기",
            "morpheme": "일/NR+년/NNBC+만/NNB+에/JKB+연락/NNG+왔/VV+EP+는데/EC+왜/MAG+가/JKS+키/NNG+키/XSV+ETN"
          },
          {
            "id": 6,
            "text": "1 : 키키 진짜 너무해 ㅜㅜ",
            "norm_text": "키키 진짜 너무해 ㅜㅜ",
            "speaker": {
              "id": "1번",
              "sex": "여성",
              "age": "20대"
            },
            "speechAct": "(단언) 주장하기",
            "morpheme": "키/NNG+키/XSV+ETN+진짜/MAG+너무/MAG+해/VV+EC+ㅜㅜ/UNKNOWN"
          },
          {
            "id": 7,
            "text": "1 : 올 거냐고 계속 물어봄!",
            "norm_text": "올 거냐고 계속 물어봄!",
            "speaker": {
              "id": "1번",
              "sex": "여성",
              "age": "20대"
            },
            "speechAct": "(단언) 주장하기",
            "morpheme": "올/VV+ETM+거/NNB+냐고/VCP+EC+계속/MAG+물어봄/VV+ETN"
          },
          {
            "id": 8,
            "text": "2 : 친한 친구였어?",
            "norm_text": "친한 친구였어?",
            "speaker": {
              "id": "2번",
              "sex": "여성",
              "age": "20대"
            },
            "speechAct": "(지시) 질문하기",
            "morpheme": "친한/VA+ETM+친구/NNG+였/VCP+EP+어/EF"
          },
          {
            "id": 9,
            "text": "2 : 가지마 연락도 안 하는데",
            "norm_text": "가지마 연락도 안 하는데",
            "speaker": {
              "id": "2번",
              "sex": "여성",
              "age": "20대"
            },
            "speechAct": "(단언) 주장하기",
            "morpheme": "가지마/NNP+연락/NNG+도/JX+안/MAG+하/VV+는데/EC"
          },
          {
            "id": 10,
            "text": "1 : 키키 우리 중학교 때부터 친구야 키키",
            "norm_text": "키키 우리 중학교 때부터 친구야 키키",
            "speaker": {
              "id": "1번",
              "sex": "여성",
              "age": "20대"
            },
            "speechAct": "(단언) 진술하기",
            "morpheme": "키/NNG+키/XSV+ETN+우리/NP+중학교/NNG+때/NNG+부터/JX+친구/NNG+야/VCP+EF+키/NNG+키/XSV+ETN"
          },
          {
            "id": 11,
            "text": "1 : 에이",
            "norm_text": "에이",
            "speaker": {
              "id": "1번",
              "sex": "여성",
              "age": "20대"
            },
            "speechAct": "(단언) 주장하기",
            "morpheme": "에이/NNG"
          },
          {
            "id": 12,
            "text": "1 : 그래도 가야지~",
            "norm_text": "그래도 가야지~",
            "speaker": {
              "id": "1번",
              "sex": "여성",
              "age": "20대"
            },
            "speechAct": "(단언) 주장하기",
            "morpheme": "그래도/MAJ+가야지/NNG+~/SY"
          },
          {
            "id": 13,
            "text": "2 : 근데 일년만에 연락했다고?",
            "norm_text": "근데 일년만에 연락했다고?",
            "speaker": {
              "id": "2번",
              "sex": "여성",
              "age": "20대"
            },
            "speechAct": "(지시) 질문하기",
            "morpheme": "근데/MAJ+일/NR+년/NNBC+만/NNB+에/JKB+연락/NNG+했/XSV+EP+다고/EF"
          },
          {
            "id": 14,
            "text": "2 : 에이",
            "norm_text": "에이",
            "speaker": {
              "id": "2번",
              "sex": "여성",
              "age": "20대"
            },
            "speechAct": "(단언) 주장하기",
            "morpheme": "에이/NNG"
          },
          {
            "id": 15,
            "text": "1 : 흠, 근데 그 남친분이랑도 아는 사이라 가야 될 거 같아,",
            "norm_text": "흠, 근데 그 남친분이랑도 아는 사이라 가야 될 거 같아,",
            "speaker": {
              "id": "1번",
              "sex": "여성",
              "age": "20대"
            },
            "speechAct": "(단언) 주장하기",
            "morpheme": "흠/IC+,/SC+근데/MAJ+그/MM+남친/NNG+분/XSN+이랑/JKB+도/JX+아/VV+는/ETM+사이/NNG+라/VCP+EC+가/VX+야/EC+될/VV+ETM+거/NNB+같/VA+아/EC+,/SC"
          },
          {
            "id": 16,
            "text": "2 : 일년동안 뭐 했대 연락 안하고 키키",
            "norm_text": "일년동안 뭐 했대 연락 안하고 키키",
            "speaker": {
              "id": "2번",
              "sex": "여성",
              "age": "20대"
            },
            "speechAct": "(단언) 주장하기",
            "morpheme": "일/NR+년/NNBC+동안/NNG+뭐/IC+했/VV+EP+대/XPN+연락/NNG+안/MAG+하/VV+고/EC+키/NNG+키/XSV+ETN"
          },
          {
            "id": 17,
            "text": "1 : 몰라 키키",
            "norm_text": "몰라 키키",
            "speaker": {
              "id": "1번",
              "sex": "여성",
              "age": "20대"
            },
            "speechAct": "(단언) 주장하기",
            "morpheme": "몰라/VV+EC+키/NNG+키/XSV+ETN"
          },
          {
            "id": 18,
            "text": "1 : 근데 나도 연락 안 한 건 똑같으니까~",
            "norm_text": "근데 나도 연락 안 한 건 똑같으니까~",
            "speaker": {
              "id": "1번",
              "sex": "여성",
              "age": "20대"
            },
            "speechAct": "(단언) 주장하기",
            "morpheme": "근데/MAJ+나/NP+도/JX+연락/NNG+안/MAG+한/VV+ETM+건/NNB+JX+똑같/VA+으니까/EC+~/SY"
          },
          {
            "id": 19,
            "text": "2 : 어디서 한데 결혼식?",
            "norm_text": "어디서 한데 결혼식?",
            "speaker": {
              "id": "2번",
              "sex": "여성",
              "age": "20대"
            },
            "speechAct": "(지시) 질문하기",
            "morpheme": "어디/NP+서/JKB+한데/NNG+결혼식/NNG"
          },
          {
            "id": 20,
            "text": "2 : 이쁘겠다",
            "norm_text": "이쁘겠다",
            "speaker": {
              "id": "2번",
              "sex": "여성",
              "age": "20대"
            },
            "speechAct": "(단언) 주장하기",
            "morpheme": "이쁘/VA+겠/EP+다/EC"
          },
          {
            "id": 21,
            "text": "1 : 결혼식은 논산에서 할 거 같아!",
            "norm_text": "결혼식은 논산에서 할 거 같아!",
            "speaker": {
              "id": "1번",
              "sex": "여성",
              "age": "20대"
            },
            "speechAct": "(단언) 진술하기",
            "morpheme": "결혼식/NNG+은/JX+논산/NNP+에서/JKB+할/VV+ETM+거/NNB+같/VA+아/EF"
          },
          {
            "id": 22,
            "text": "2 : 축의금 얼마 내?",
            "norm_text": "축의금 얼마 내?",
            "speaker": {
              "id": "2번",
              "sex": "여성",
              "age": "20대"
            },
            "speechAct": "(지시) 질문하기",
            "morpheme": "축의금/NNG+얼마/NNG+내/NNB"
          },
          {
            "id": 23,
            "text": "2 : 요새는?",
            "norm_text": "요새는?",
            "speaker": {
              "id": "2번",
              "sex": "여성",
              "age": "20대"
            },
            "speechAct": "(지시) 질문하기",
            "morpheme": "요새/NNG+는/JX"
          },
          {
            "id": 24,
            "text": "2 : 얼마 나야 되지?",
            "norm_text": "얼마 나야 되지?",
            "speaker": {
              "id": "2번",
              "sex": "여성",
              "age": "20대"
            },
            "speechAct": "(지시) 질문하기",
            "morpheme": "얼마나/MAG+야/IC+되/VV+지/EF"
          },
          {
            "id": 25,
            "text": "1 : 흠, 그래도 10만 원은 내야하는 거 아닐까,?",
            "norm_text": "흠, 그래도 10만 원은 내야하는 거 아닐까,?",
            "speaker": {
              "id": "1번",
              "sex": "여성",
              "age": "20대"
            },
            "speechAct": "(단언) 주장하기",
            "morpheme": "흠/IC+,/SC+그래도/MAJ+10/SN+만/NR+원/NNBC+은/JX+내야/NNG+하/XSV+는/ETM+거/NNB+아닐까/VCN+EC+,/SY"
          },
          {
            "id": 26,
            "text": "2 : 맞아",
            "norm_text": "맞아",
            "speaker": {
              "id": "2번",
              "sex": "여성",
              "age": "20대"
            },
            "speechAct": "(단언) 주장하기",
            "morpheme": "맞/VV+아/EC"
          },
          {
            "id": 27,
            "text": "2 : 친한 친구면 십 이상은 내야지~",
            "norm_text": "친한 친구면 십 이상은 내야지~",
            "speaker": {
              "id": "2번",
              "sex": "여성",
              "age": "20대"
            },
            "speechAct": "(단언) 주장하기",
            "morpheme": "친한/VA+ETM+친구/NNG+면/VCP+EC+십/NR+이상/NNG+은/JX+내/NP+JKG+야지/NNG+~/SY"
          }
        ]
      }
    }
  ]
}