{
  "dataset": {
    "identifier": 126941,
    "name": "FACEBOOK_122_07_set",
    "src_path": "/data/file/cubeManager/PROJECT001/84/txt20211104181832003659/FACEBOOK_122_07_set/",
    "label_path": "/data/file/cubeManager/PROJECT001/84/txt20211104181832003659/FACEBOOK_122_07_set/",
    "category": 2,
    "type": 0
  },
  "licenses": {
    "name": "Apache License 1.0",
    "url": "http://www.apache.org/licenses/LICENSE-1.0"
  },
  "info": [
    {
      "id": 137575,
      "filename": "FACEBOOK_122_07.txt",
      "title": "FACEBOOK_122_07",
      "mediatype": "SNS",
      "medianame": "페이스북",
      "category": "일상대화",
      "date": "2021-11-04",
      "size": 409,
      "annotations": {
        "subject": "가족",
        "speaker_type": "1:1",
        "size": 409,
        "word_size": 146,
        "text": "1 : 요즘 엄마 보고 싶다 ㅠㅠ\n2 : 아 진짜 왜 엄마 안 본지 오래됐어?\n1 : 나 자취하고 나서 집에 잘 안 갔어\n2 : 엄마한테 전화 자주 드려!\n1 : 멀기도 하고 ㅠㅠ 전화 자주 해도 그리워\n2 : 진짜 엄마 밥 그립지 나도 그립다\n1 : 내가 시골에서 오래 살아서 그런가 봐\n2 : 아 집밥 안 먹은 지 오래됐어\n1 : 키키 그치 엄마가 해준 김치찌개가 먹고 싶어\n2 : 그나마 여자친구가 밥해줘서 다행이지 키키\n1 : 그리고 우리집 똥 고양이 오복이도 보고 싶어\n2 : 진짜 엄마 된장찌개 너무 먹고 싶다 키키\n1 : 헐~ 너무 좋지 키키\n1 : 추석 때 가고 안 갔어 키키\n2 : 아 오복이 키키\n2 : 이름도 귀엽다 똥 고양이\n1 : 맞아 ㅠㅠ 내 동생 오복이 요즘 아파 ㅠㅠ\n2 : 진짜 추석 때 안 가고 안 갔음 이제 설날에 가야겠네 키키",
        "lines": [
          {
            "id": 1,
            "text": "1 : 요즘 엄마 보고 싶다 ㅠㅠ",
            "norm_text": "요즘 엄마 보고 싶다 ㅠㅠ",
            "speaker": {
              "id": "1번",
              "sex": "여성",
              "age": "20대"
            },
            "speechAct": "(단언) 주장하기",
            "morpheme": "요즘/NNG+엄마/NNG+보/VV+고/EC+싶/VX+다/EF+ㅠㅠ/UNKNOWN"
          },
          {
            "id": 2,
            "text": "2 : 아 진짜 왜 엄마 안 본지 오래됐어?",
            "norm_text": "아 진짜 왜 엄마 안 본지 오래됐어?",
            "speaker": {
              "id": "2번",
              "sex": "남성",
              "age": "20대"
            },
            "speechAct": "(지시) 질문하기",
            "morpheme": "아/IC+진짜/MAG+왜/MAG+엄마/NNG+안/MAG+본/VV+ETM+지/NNB+오래/MAG+됐/VV+EP+어/EF"
          },
          {
            "id": 3,
            "text": "1 : 나 자취하고 나서 집에 잘 안 갔어",
            "norm_text": "나 자취하고 나서 집에 잘 안 갔어",
            "speaker": {
              "id": "1번",
              "sex": "여성",
              "age": "20대"
            },
            "speechAct": "(단언) 주장하기",
            "morpheme": "나/NP+자취/NNG+하/XSV+고/EC+나/VX+서/EC+집/NNG+에/JKB+잘/MAG+안/MAG+갔/VV+EP+어/EC"
          },
          {
            "id": 4,
            "text": "2 : 엄마한테 전화 자주 드려!",
            "norm_text": "엄마한테 전화 자주 드려!",
            "speaker": {
              "id": "2번",
              "sex": "남성",
              "age": "20대"
            },
            "speechAct": "(단언) 주장하기",
            "morpheme": "엄마/NNG+한테/JKB+전화/NNG+자주/MAG+드려/VV+EF"
          },
          {
            "id": 5,
            "text": "1 : 멀기도 하고 ㅠㅠ 전화 자주 해도 그리워",
            "norm_text": "멀기도 하고 ㅠㅠ 전화 자주 해도 그리워",
            "speaker": {
              "id": "1번",
              "sex": "여성",
              "age": "20대"
            },
            "speechAct": "(단언) 주장하기",
            "morpheme": "멀/VA+기/ETN+도/JX+하/VV+고/EC+ㅠㅠ/UNKNOWN+전화/NNG+자주/MAG+해도/VV+EC+그리워/VA+EC"
          },
          {
            "id": 6,
            "text": "2 : 진짜 엄마 밥 그립지 나도 그립다",
            "norm_text": "진짜 엄마 밥 그립지 나도 그립다",
            "speaker": {
              "id": "2번",
              "sex": "남성",
              "age": "20대"
            },
            "speechAct": "(단언) 주장하기",
            "morpheme": "진짜/MAG+엄마/NNG+밥/NNG+그립/VA+지/EF+나/NP+도/JX+그립/VA+다/EC"
          },
          {
            "id": 7,
            "text": "1 : 내가 시골에서 오래 살아서 그런가 봐",
            "norm_text": "내가 시골에서 오래 살아서 그런가 봐",
            "speaker": {
              "id": "1번",
              "sex": "여성",
              "age": "20대"
            },
            "speechAct": "(단언) 주장하기",
            "morpheme": "내/NP+가/JKS+시골/NNG+에서/JKB+오래/MAG+살/VV+아서/EC+그런가/VA+EC+봐/VX+EC"
          },
          {
            "id": 8,
            "text": "2 : 아 집밥 안 먹은 지 오래됐어",
            "norm_text": "아 집밥 안 먹은 지 오래됐어",
            "speaker": {
              "id": "2번",
              "sex": "남성",
              "age": "20대"
            },
            "speechAct": "(단언) 주장하기",
            "morpheme": "아집/NNG+밥/NNG+안/MAG+먹/VV+은지/EC+오래/MAG+됐/VV+EP+어/EC"
          },
          {
            "id": 9,
            "text": "1 : 키키 그치 엄마가 해준 김치찌개가 먹고 싶어",
            "norm_text": "키키 그치 엄마가 해준 김치찌개가 먹고 싶어",
            "speaker": {
              "id": "1번",
              "sex": "여성",
              "age": "20대"
            },
            "speechAct": "(단언) 주장하기",
            "morpheme": "키/NNG+키/XSV+ETN+그치/IC+엄마/NNG+가/JKS+해/VV+EC+준/VX+ETM+김치찌개/NNG+가/JKS+먹/VV+고/EC+싶/VX+어/EC"
          },
          {
            "id": 10,
            "text": "2 : 그나마 여자친구가 밥해줘서 다행이지 키키",
            "norm_text": "그나마 여자친구가 밥해줘서 다행이지 키키",
            "speaker": {
              "id": "2번",
              "sex": "남성",
              "age": "20대"
            },
            "speechAct": "(단언) 주장하기",
            "morpheme": "그나마/MAG+여자/NNG+친구/NNG+가/JKS+밥/NNG+해/XSV+EC+줘서/VX+EC+다행/NNG+이/VCP+지/EC+키/NNG+키/XSV+ETN"
          },
          {
            "id": 11,
            "text": "1 : 그리고 우리집 똥 고양이 오복이도 보고 싶어",
            "norm_text": "그리고 우리집 똥 고양이 오복이도 보고 싶어",
            "speaker": {
              "id": "1번",
              "sex": "여성",
              "age": "20대"
            },
            "speechAct": "(단언) 주장하기",
            "morpheme": "그리고/MAJ+우리/NP+집/NNG+똥/NNG+고양이/NNG+오복/NNG+이/VCP+도/EC+보/VX+고/EC+싶/VX+어/EC"
          },
          {
            "id": 12,
            "text": "2 : 진짜 엄마 된장찌개 너무 먹고 싶다 키키",
            "norm_text": "진짜 엄마 된장찌개 너무 먹고 싶다 키키",
            "speaker": {
              "id": "2번",
              "sex": "남성",
              "age": "20대"
            },
            "speechAct": "(단언) 주장하기",
            "morpheme": "진짜/MAG+엄마/NNG+된/XSV+ETM+장찌개/NNG+너무/MAG+먹/VV+고/EC+싶/VX+다키키/NNP"
          },
          {
            "id": 13,
            "text": "1 : 헐~ 너무 좋지 키키",
            "norm_text": "헐~ 너무 좋지 키키",
            "speaker": {
              "id": "1번",
              "sex": "여성",
              "age": "20대"
            },
            "speechAct": "(표현) 긍정감정 표현하기",
            "morpheme": "헐/NNP+~/SY+너무/MAG+좋/VA+지/EC+키/NNG+키/XSV+ETN"
          },
          {
            "id": 14,
            "text": "1 : 추석 때 가고 안 갔어 키키",
            "norm_text": "추석 때 가고 안 갔어 키키",
            "speaker": {
              "id": "1번",
              "sex": "여성",
              "age": "20대"
            },
            "speechAct": "(단언) 주장하기",
            "morpheme": "추석/NNG+때가/VV+고/EC+안/MAG+갔/VV+EP+어/EC+키/NNG+키/XSV+ETN"
          },
          {
            "id": 15,
            "text": "2 : 아 오복이 키키",
            "norm_text": "아 오복이 키키",
            "speaker": {
              "id": "2번",
              "sex": "남성",
              "age": "20대"
            },
            "speechAct": "(단언) 주장하기",
            "morpheme": "아/IC+오복/NNG+이/JKS+키/NNG+키/XSV+ETN"
          },
          {
            "id": 16,
            "text": "2 : 이름도 귀엽다 똥 고양이",
            "norm_text": "이름도 귀엽다 똥 고양이",
            "speaker": {
              "id": "2번",
              "sex": "남성",
              "age": "20대"
            },
            "speechAct": "(단언) 주장하기",
            "morpheme": "이름/NNG+도/JX+귀엽/VA+다/EC+똥/NNG+고양이/NNG"
          },
          {
            "id": 17,
            "text": "1 : 맞아 ㅠㅠ 내 동생 오복이 요즘 아파 ㅠㅠ",
            "norm_text": "맞아 ㅠㅠ 내 동생 오복이 요즘 아파 ㅠㅠ",
            "speaker": {
              "id": "1번",
              "sex": "여성",
              "age": "20대"
            },
            "speechAct": "(단언) 진술하기",
            "morpheme": "맞/VV+아/EC+ㅠㅠ/UNKNOWN+내/NP+JKG+동생/NNG+오복/NNG+이/JKS+요즘/MAG+아파/VA+EC+ㅠㅠ/UNKNOWN"
          },
          {
            "id": 18,
            "text": "2 : 진짜 추석 때 안 가고 안 갔음 이제 설날에 가야겠네 키키",
            "norm_text": "진짜 추석 때 안 가고 안 갔음 이제 설날에 가야겠네 키키",
            "speaker": {
              "id": "2번",
              "sex": "남성",
              "age": "20대"
            },
            "speechAct": "(단언) 주장하기",
            "morpheme": "진짜/MAG+추석/NNG+때/NNG+안/MAG+가/VV+고/EC+안/MAG+갔/VV+EP+음/IC+이제/MAG+설날/NNG+에/JKB+가/VV+야/EC+VX+겠/EP+네/EF+키/NNG+키/XSV+ETN"
          }
        ]
      }
    }
  ]
}