{
  "dataset": {
    "identifier": 118524,
    "name": "FACEBOOK_119_05_set",
    "src_path": "/data/file/cubeManager/PROJECT001/80/txt20211102103850064713/FACEBOOK_119_05_set/",
    "label_path": "/data/file/cubeManager/PROJECT001/80/txt20211102103850064713/FACEBOOK_119_05_set/",
    "category": 2,
    "type": 0
  },
  "licenses": {
    "name": "Apache License 1.0",
    "url": "http://www.apache.org/licenses/LICENSE-1.0"
  },
  "info": [
    {
      "id": 129768,
      "filename": "FACEBOOK_119_05.txt",
      "title": "FACEBOOK_119_05",
      "mediatype": "SNS",
      "medianame": "페이스북",
      "category": "일상대화",
      "date": "2021-11-02",
      "size": 508,
      "annotations": {
        "subject": "군대",
        "speaker_type": "1:1",
        "size": 508,
        "word_size": 166,
        "text": "1 : 언니 페북에 육군 대신 전해드립니다라는 페이지 알아?\n2 : 아니 나 그건 처음 들어 보는데 키키\n1 : 여기에 군인 애들이 마음에 안 드는 게 올려!\n2 : 아 그거 익명은 보장 되는 거 맞지?\n1 : 키키 아마? 거기에 뭐 코로나인데 회식 했다고 올리고 막 그러던데?\n2 : 관리자가 알고 보니 간부 인 거 아니야?\n1 : 키키 헐!  그러면 큰일 나지!\n1 : 그리고 저번에 장병이 도끼 들고 협박한 사건 기억나?\n2 : 아니 나 군대 소식은 들은 거 별로 없어 ㅠㅠ\n1 : 군대 선임이 제대하고 후임 도끼 들고 찾아감!\n2 : 와 대박 근데 선임이 들었다고?\n1 : 어 그 선임이 후임 엄청 괴롭혔었는데 나와도 괴롭혔던 거지!\n2 : 아아 후임이 들었다는 거구나? 난 선임이 도끼 들었다는 줄 키키\n1 : 아니 아니 선임이 도끼 들고 후임 찾아갔대! 협박하려고!\n2 : 헐 소름 군대는 그런 일들이 종종 있는 거 같더라\n1 : 맞아 ㅜㅜ 결국에 그 후임 자살했대 ㅜ\n2 : 요즘 군대 좋아졌다는데 그건 또 아닌가 보네 ㅠㅠ",
        "lines": [
          {
            "id": 1,
            "text": "1 : 언니 페북에 육군 대신 전해드립니다라는 페이지 알아?",
            "norm_text": "언니 페북에 육군 대신 전해드립니다라는 페이지 알아?",
            "speaker": {
              "id": "1번",
              "sex": "여성",
              "age": "20대"
            },
            "speechAct": "(지시) 질문하기",
            "morpheme": "언니/NNG+페북/NNP+에/JKB+육군/NNG+대신/NNG+전해/VV+EC+드립니다/VX+EF+라는/ETM+페이지/NNG+알/VV+아/EF"
          },
          {
            "id": 2,
            "text": "2 : 아니 나 그건 처음 들어 보는데 키키",
            "norm_text": "아니 나 그건 처음 들어 보는데 키키",
            "speaker": {
              "id": "2번",
              "sex": "여성",
              "age": "20대"
            },
            "speechAct": "(단언) 주장하기",
            "morpheme": "아니/IC+나/NP+그건/NP+JX+처음/MAG+들/VV+어/EC+보/VX+는데/EC+키/NNG+키/XSV+ETN"
          },
          {
            "id": 3,
            "text": "1 : 여기에 군인 애들이 마음에 안 드는 게 올려!",
            "norm_text": "여기에 군인 애들이 마음에 안 드는 게 올려!",
            "speaker": {
              "id": "1번",
              "sex": "여성",
              "age": "20대"
            },
            "speechAct": "(단언) 주장하기",
            "morpheme": "여기/NP+에/JKB+군인/NNG+애/NNG+들/XSN+이/JKS+마음/NNG+에/JKB+안/MAG+드/VV+는/ETM+게/NNB+JKS+올려/VV+EF"
          },
          {
            "id": 4,
            "text": "2 : 아 그거 익명은 보장 되는 거 맞지?",
            "norm_text": "아 그거 익명은 보장 되는 거 맞지?",
            "speaker": {
              "id": "2번",
              "sex": "여성",
              "age": "20대"
            },
            "speechAct": "(지시) 질문하기",
            "morpheme": "아/IC+그거/NP+익명/NNG+은/JX+보장/NNG+되/XSV+는/ETM+거/NNB+맞/VV+지/EF"
          },
          {
            "id": 5,
            "text": "1 : 키키 아마? 거기에 뭐 코로나인데 회식 했다고 올리고 막 그러던데?",
            "norm_text": "키키 아마? 거기에 뭐 코로나인데 회식 했다고 올리고 막 그러던데?",
            "speaker": {
              "id": "1번",
              "sex": "여성",
              "age": "20대"
            },
            "speechAct": "(지시) 질문하기",
            "morpheme": "키/NNG+키/XSV+ETN+아마/MAG+거기/NP+에/JKB+뭐/IC+코로나/NNG+인데/VCP+EC+회식/NNG+했/XSV+EP+다고/EC+올리/VV+고/EC+막/NNG+그러/VV+던데/EF"
          },
          {
            "id": 6,
            "text": "2 : 관리자가 알고 보니 간부 인 거 아니야?",
            "norm_text": "관리자가 알고 보니 간부 인 거 아니야?",
            "speaker": {
              "id": "2번",
              "sex": "여성",
              "age": "20대"
            },
            "speechAct": "(지시) 질문하기",
            "morpheme": "관리자/NNG+가/JKS+알/VV+고/EC+보/VX+니/EC+간부/NNG+인/VCP+ETM+거/NNB+아니/VCN+야/EF"
          },
          {
            "id": 7,
            "text": "1 : 키키 헐!  그러면 큰일 나지!",
            "norm_text": "키키 헐!  그러면 큰일 나지!",
            "speaker": {
              "id": "1번",
              "sex": "여성",
              "age": "20대"
            },
            "speechAct": "(단언) 주장하기",
            "morpheme": "키/NNG+키/NNG+헐/XSV+JKO+그러/VV+면/EC+큰일나/VV+지/EF"
          },
          {
            "id": 8,
            "text": "1 : 그리고 저번에 장병이 도끼 들고 협박한 사건 기억나?",
            "norm_text": "그리고 저번에 장병이 도끼 들고 협박한 사건 기억나?",
            "speaker": {
              "id": "1번",
              "sex": "여성",
              "age": "20대"
            },
            "speechAct": "(지시) 질문하기",
            "morpheme": "그리고/MAJ+저번/NNG+에/JKB+장병/NNG+이/JKS+도끼/NNG+들/VV+고/EC+협박/NNG+한/XSA+ETM+사건/NNG+기억나/VV+EF"
          },
          {
            "id": 9,
            "text": "2 : 아니 나 군대 소식은 들은 거 별로 없어 ㅠㅠ",
            "norm_text": "아니 나 군대 소식은 들은 거 별로 없어 ㅠㅠ",
            "speaker": {
              "id": "2번",
              "sex": "여성",
              "age": "20대"
            },
            "speechAct": "(단언) 주장하기",
            "morpheme": "아니/IC+나/NP+군대/NNG+소식/NNG+은/JX+들/VV+은/ETM+거/NNB+별로/MAG+없/VA+어/EC+ㅠㅠ/UNKNOWN"
          },
          {
            "id": 10,
            "text": "1 : 군대 선임이 제대하고 후임 도끼 들고 찾아감!",
            "norm_text": "군대 선임이 제대하고 후임 도끼 들고 찾아감!",
            "speaker": {
              "id": "1번",
              "sex": "여성",
              "age": "20대"
            },
            "speechAct": "(단언) 진술하기",
            "morpheme": "군대/NNG+선임/NNG+이/JKS+제대/NNG+하/XSV+고/EC+후임/NNG+도/JX+끼/MAG+들/VV+고/EC+찾아감/VV+ETN"
          },
          {
            "id": 11,
            "text": "2 : 와 대박 근데 선임이 들었다고?",
            "norm_text": "와 대박 근데 선임이 들었다고?",
            "speaker": {
              "id": "2번",
              "sex": "여성",
              "age": "20대"
            },
            "speechAct": "(지시) 질문하기",
            "morpheme": "와/IC+대박/NNG+근데/MAJ+선임/NNG+이/JKS+들/VV+었/EP+다고/EF"
          },
          {
            "id": 12,
            "text": "1 : 어 그 선임이 후임 엄청 괴롭혔었는데 나와도 괴롭혔던 거지!",
            "norm_text": "어 그 선임이 후임 엄청 괴롭혔었는데 나와도 괴롭혔던 거지!",
            "speaker": {
              "id": "1번",
              "sex": "여성",
              "age": "20대"
            },
            "speechAct": "(단언) 진술하기",
            "morpheme": "어/IC+그/MM+선임/NNG+이/JKS+후임/NNG+엄청/MAG+괴롭혔/VV+EP+었/EP+는데/EC+나와도/VV+EC+괴롭혔/VV+EP+던/ETM+거/NNB+지/VCP+EF"
          },
          {
            "id": 13,
            "text": "2 : 아아 후임이 들었다는 거구나? 난 선임이 도끼 들었다는 줄 키키",
            "norm_text": "아아 후임이 들었다는 거구나? 난 선임이 도끼 들었다는 줄 키키",
            "speaker": {
              "id": "2번",
              "sex": "여성",
              "age": "20대"
            },
            "speechAct": "(단언) 주장하기",
            "morpheme": "아아/IC+후임/NNG+이/JKS+들/VV+었/EP+다는/ETM+거/NNB+구나/VCP+EF+난선임이도끼들었다는줄키키/UNKNOWN"
          },
          {
            "id": 14,
            "text": "1 : 아니 아니 선임이 도끼 들고 후임 찾아갔대! 협박하려고!",
            "norm_text": "아니 아니 선임이 도끼 들고 후임 찾아갔대! 협박하려고!",
            "speaker": {
              "id": "1번",
              "sex": "여성",
              "age": "20대"
            },
            "speechAct": "(단언) 진술하기",
            "morpheme": "아니/IC+아니/IC+선임/NNG+이/JKS+도끼/NNG+들/XSN+고후/NNG+임/VCP+ETN+찾아갔/VV+EP+대/EF+협박/NNG+하/XSA+려고/EF"
          },
          {
            "id": 15,
            "text": "2 : 헐 소름 군대는 그런 일들이 종종 있는 거 같더라",
            "norm_text": "헐 소름 군대는 그런 일들이 종종 있는 거 같더라",
            "speaker": {
              "id": "2번",
              "sex": "여성",
              "age": "20대"
            },
            "speechAct": "(단언) 주장하기",
            "morpheme": "헐/IC+소름/NNG+군대/NNG+는/JX+그런/MM+일/NNG+들/XSN+이/JKS+종종/MAG+있/VV+는/ETM+거/NNB+같/VA+더라/EC"
          },
          {
            "id": 16,
            "text": "1 : 맞아 ㅜㅜ 결국에 그 후임 자살했대 ㅜ",
            "norm_text": "맞아 ㅜㅜ 결국에 그 후임 자살했대 ㅜ",
            "speaker": {
              "id": "1번",
              "sex": "여성",
              "age": "20대"
            },
            "speechAct": "(단언) 진술하기",
            "morpheme": "맞/VV+아/EC+ㅜㅜ/UNKNOWN+결국/NNG+에/JKB+그/MM+후임/NNG+자살/NNG+했/XSV+EP+대ㅜ/UNKNOWN"
          },
          {
            "id": 17,
            "text": "2 : 요즘 군대 좋아졌다는데 그건 또 아닌가 보네 ㅠㅠ",
            "norm_text": "요즘 군대 좋아졌다는데 그건 또 아닌가 보네 ㅠㅠ",
            "speaker": {
              "id": "2번",
              "sex": "여성",
              "age": "20대"
            },
            "speechAct": "(단언) 주장하기",
            "morpheme": "요즘/NNG+군대/NNG+좋/VA+아/EC+졌/VX+EP+다는데/EC+그건/NP+JX+또/MAG+아닌가/VCN+EC+보/VX+네/EF+ㅠㅠ/UNKNOWN"
          }
        ]
      }
    }
  ]
}