{
  "dataset": {
    "identifier": 102756,
    "name": "FACEBOOK_107_15_set",
    "src_path": "/data/file/cubeManager/PROJECT001/77/txt202110291608050332100/FACEBOOK_107_15_set/",
    "label_path": "/data/file/cubeManager/PROJECT001/77/txt202110291608050332100/FACEBOOK_107_15_set/",
    "category": 2,
    "type": 0
  },
  "licenses": {
    "name": "Apache License 1.0",
    "url": "http://www.apache.org/licenses/LICENSE-1.0"
  },
  "info": [
    {
      "id": 111283,
      "filename": "FACEBOOK_107_15.txt",
      "title": "FACEBOOK_107_15",
      "mediatype": "SNS",
      "medianame": "페이스북",
      "category": "일상대화",
      "date": "2021-10-29",
      "size": 513,
      "annotations": {
        "subject": "타 국가 이슈",
        "speaker_type": "1:1",
        "size": 513,
        "word_size": 164,
        "text": "1 : 미국은 지금 생필품 대란이 일어났대!\n2 : 왜?\n2 : 뭐 때문에?\n2 : 코로나?\n1 : 어 그 영향인 거 같은데 평균적으로 생필품 비용이 20%나 올랐대!\n2 : 미국은 위드 코로나 아니야?\n1 : 키키 근데 그거랑 별개로 이제 생산 쪽이나 그런 쪽에 문제가 있나 봐!\n2 : 우리도 그렇게 되면 어떡해?ㅠ\n1 : 맞아\n1 : 한국처럼 미국도 지금 취업난이 장난이 아니래!\n2 : 왜?\n2 : 왜 그렇지 망했나?\n1 : 아니\n1 : 코로나 때문에  생산이 위축되고 그래서 그렇지!\n1 : 고용 문제가 장난이 아니래!\n2 : 코로나 진짜 짜증나 언제 끝나...\n1 : ㅜㅜ 그러니까 아니 연봉은 5%가 올랐는데 생필품 비용은 20%나 오르면 뭐야?\n2 : 진짜 장난하나 거지 되라는 거지\n1 : 키키 그러니까, 진짜 생필품은 솔직히 가격 올리면 안 되는 거 아니야?\n2 : 생필품은 진짜 오르면 안된다고 생각해 나도\n1 : 맞아 키키\n1 : 이게 악순환이래 가격 올리면 임금 올리고 임금 올리면 가격 올리고!\n2 : 우리 지금 미리 사 놓자 키키",
        "lines": [
          {
            "id": 1,
            "text": "1 : 미국은 지금 생필품 대란이 일어났대!",
            "norm_text": "미국은 지금 생필품 대란이 일어났대!",
            "speaker": {
              "id": "1번",
              "sex": "여성",
              "age": "20대"
            },
            "speechAct": "(단언) 진술하기",
            "morpheme": "미국/NNP+은/JX+지금/MAG+생필품/NNG+대란/NNG+이/JKS+일어났/VV+EP+대/EF"
          },
          {
            "id": 2,
            "text": "2 : 왜?",
            "norm_text": "왜?",
            "speaker": {
              "id": "2번",
              "sex": "여성",
              "age": "20대"
            },
            "speechAct": "(지시) 질문하기",
            "morpheme": "왜/MAG"
          },
          {
            "id": 3,
            "text": "2 : 뭐 때문에?",
            "norm_text": "뭐 때문에?",
            "speaker": {
              "id": "2번",
              "sex": "여성",
              "age": "20대"
            },
            "speechAct": "(지시) 질문하기",
            "morpheme": "뭐/NP+때문/NNB+에/JKB"
          },
          {
            "id": 4,
            "text": "2 : 코로나?",
            "norm_text": "코로나?",
            "speaker": {
              "id": "2번",
              "sex": "여성",
              "age": "20대"
            },
            "speechAct": "(지시) 질문하기",
            "morpheme": "코로나/NNP"
          },
          {
            "id": 5,
            "text": "1 : 어 그 영향인 거 같은데 평균적으로 생필품 비용이 20%나 올랐대!",
            "norm_text": "어 그 영향인 거 같은데 평균적으로 생필품 비용이 20%나 올랐대!",
            "speaker": {
              "id": "1번",
              "sex": "여성",
              "age": "20대"
            },
            "speechAct": "(단언) 진술하기",
            "morpheme": "어/IC+그/MM+영향/NNG+인/VCP+ETM+거/NNB+같/VA+은데/EC+평균/NNG+적/XSN+으로/JKB+생필품/NNG+비용/NNG+이/JKS+20/SN+%/SY+나/JX+올랐/VV+EP+대/EF"
          },
          {
            "id": 6,
            "text": "2 : 미국은 위드 코로나 아니야?",
            "norm_text": "미국은 위드 코로나 아니야?",
            "speaker": {
              "id": "2번",
              "sex": "여성",
              "age": "20대"
            },
            "speechAct": "(지시) 질문하기",
            "morpheme": "미국/NNP+은/JX+위드/NNP+코로나/NNG+아니/VCN+야/EF"
          },
          {
            "id": 7,
            "text": "1 : 키키 근데 그거랑 별개로 이제 생산 쪽이나 그런 쪽에 문제가 있나 봐!",
            "norm_text": "키키 근데 그거랑 별개로 이제 생산 쪽이나 그런 쪽에 문제가 있나 봐!",
            "speaker": {
              "id": "1번",
              "sex": "여성",
              "age": "20대"
            },
            "speechAct": "(단언) 주장하기",
            "morpheme": "키/NNG+키/XSV+ETN+근데/MAJ+그거/NP+랑/JKB+별개/NNG+로/JKB+이제/MAG+생산/NNG+쪽/NNB+이나/JC+그런/MM+쪽/NNB+에/JKB+문제/NNG+가/JKS+있/VA+나/EC+봐/VX+EF"
          },
          {
            "id": 8,
            "text": "2 : 우리도 그렇게 되면 어떡해?ㅠ",
            "norm_text": "우리도 그렇게 되면 어떡해?ㅠ",
            "speaker": {
              "id": "2번",
              "sex": "여성",
              "age": "20대"
            },
            "speechAct": "(지시) 질문하기",
            "morpheme": "우리/NP+도/JX+그렇게/MAG+되/VV+면/EC+어떡/XR+해/XSA+EF+ㅠ/UNKNOWN"
          },
          {
            "id": 9,
            "text": "1 : 맞아",
            "norm_text": "맞아",
            "speaker": {
              "id": "1번",
              "sex": "여성",
              "age": "20대"
            },
            "speechAct": "(단언) 주장하기",
            "morpheme": "맞/VV+아/EC"
          },
          {
            "id": 10,
            "text": "1 : 한국처럼 미국도 지금 취업난이 장난이 아니래!",
            "norm_text": "한국처럼 미국도 지금 취업난이 장난이 아니래!",
            "speaker": {
              "id": "1번",
              "sex": "여성",
              "age": "20대"
            },
            "speechAct": "(단언) 진술하기",
            "morpheme": "한국/NNP+처럼/JKB+미국/NNP+도/JX+지금/MAG+취업/NNG+난이/NNG+장난/NNG+이/JKC+아니/VCN+래/EF"
          },
          {
            "id": 11,
            "text": "2 : 왜?",
            "norm_text": "왜?",
            "speaker": {
              "id": "2번",
              "sex": "여성",
              "age": "20대"
            },
            "speechAct": "(지시) 질문하기",
            "morpheme": "왜/MAG"
          },
          {
            "id": 12,
            "text": "2 : 왜 그렇지 망했나?",
            "norm_text": "왜 그렇지 망했나?",
            "speaker": {
              "id": "2번",
              "sex": "여성",
              "age": "20대"
            },
            "speechAct": "(지시) 질문하기",
            "morpheme": "왜/MAG+그렇/VA+지/EC+망했/VV+EP+나/EF"
          },
          {
            "id": 13,
            "text": "1 : 아니",
            "norm_text": "아니",
            "speaker": {
              "id": "1번",
              "sex": "여성",
              "age": "20대"
            },
            "speechAct": "(단언) 주장하기",
            "morpheme": "아니/IC"
          },
          {
            "id": 14,
            "text": "1 : 코로나 때문에  생산이 위축되고 그래서 그렇지!",
            "norm_text": "코로나 때문에  생산이 위축되고 그래서 그렇지!",
            "speaker": {
              "id": "1번",
              "sex": "여성",
              "age": "20대"
            },
            "speechAct": "(단언) 주장하기",
            "morpheme": "코로나/NNG+때문/NNB+에/JKB+생산/NNG+이/JKS+위축/NNG+되/XSV+고/EC+그래서/MAJ+그렇/VA+지/EF"
          },
          {
            "id": 15,
            "text": "1 : 고용 문제가 장난이 아니래!",
            "norm_text": "고용 문제가 장난이 아니래!",
            "speaker": {
              "id": "1번",
              "sex": "여성",
              "age": "20대"
            },
            "speechAct": "(단언) 진술하기",
            "morpheme": "고용/NNG+문제/NNG+가/JKS+장난/NNG+이/JKC+아니/VCN+래/EF"
          },
          {
            "id": 16,
            "text": "2 : 코로나 진짜 짜증나 언제 끝나...",
            "norm_text": "코로나 진짜 짜증나 언제 끝나...",
            "speaker": {
              "id": "2번",
              "sex": "여성",
              "age": "20대"
            },
            "speechAct": "(단언) 주장하기",
            "morpheme": "코로나진짜짜증나언제끝나/UNKNOWN+./SY"
          },
          {
            "id": 17,
            "text": "1 : ㅜㅜ 그러니까 아니 연봉은 5%가 올랐는데 생필품 비용은 20%나 오르면 뭐야?",
            "norm_text": "ㅜㅜ 그러니까 아니 연봉은 5%가 올랐는데 생필품 비용은 20%나 오르면 뭐야?",
            "speaker": {
              "id": "1번",
              "sex": "여성",
              "age": "20대"
            },
            "speechAct": "(지시) 질문하기",
            "morpheme": "ㅜㅜ그러니까아니연봉은/UNKNOWN+5/SN+%/SY+가/JKS+올랐/VV+EP+는데/EC+생필품/NNG+비용/NNG+은/JX+20/SN+%/SY+나/JX+오르/VV+면/EC+뭐/NP+야/VCP+EF"
          },
          {
            "id": 18,
            "text": "2 : 진짜 장난하나 거지 되라는 거지",
            "norm_text": "진짜 장난하나 거지 되라는 거지",
            "speaker": {
              "id": "2번",
              "sex": "여성",
              "age": "20대"
            },
            "speechAct": "(단언) 주장하기",
            "morpheme": "진짜/MAG+장난/NNG+하나/NR+거지/NNG+되/XSV+라는/ETM+거/NNB+지/VCP+EC"
          },
          {
            "id": 19,
            "text": "1 : 키키 그러니까, 진짜 생필품은 솔직히 가격 올리면 안 되는 거 아니야?",
            "norm_text": "키키 그러니까, 진짜 생필품은 솔직히 가격 올리면 안 되는 거 아니야?",
            "speaker": {
              "id": "1번",
              "sex": "여성",
              "age": "20대"
            },
            "speechAct": "(지시) 질문하기",
            "morpheme": "키/NNG+키/XSV+ETN+그러니까/MAJ+,/SC+진짜/MAG+생필품/NNG+은/JX+솔직히/MAG+가격/NNG+올리/VV+면/EC+안/MAG+되/VV+는/ETM+거/NNB+아니/VCN+야/EF"
          },
          {
            "id": 20,
            "text": "2 : 생필품은 진짜 오르면 안된다고 생각해 나도",
            "norm_text": "생필품은 진짜 오르면 안된다고 생각해 나도",
            "speaker": {
              "id": "2번",
              "sex": "여성",
              "age": "20대"
            },
            "speechAct": "(단언) 주장하기",
            "morpheme": "생필품/NNG+은/JX+진짜/MAG+오르/VV+면/EC+안/MAG+된다고/VV+EC+생각/NNG+해/XSV+EC+나/NP+도/JX"
          },
          {
            "id": 21,
            "text": "1 : 맞아 키키",
            "norm_text": "맞아 키키",
            "speaker": {
              "id": "1번",
              "sex": "여성",
              "age": "20대"
            },
            "speechAct": "(단언) 주장하기",
            "morpheme": "맞/VV+아/EC+키/NNG+키/XSV+ETN"
          },
          {
            "id": 22,
            "text": "1 : 이게 악순환이래 가격 올리면 임금 올리고 임금 올리면 가격 올리고!",
            "norm_text": "이게 악순환이래 가격 올리면 임금 올리고 임금 올리면 가격 올리고!",
            "speaker": {
              "id": "1번",
              "sex": "여성",
              "age": "20대"
            },
            "speechAct": "(단언) 진술하기",
            "morpheme": "이게/NP+JKS+악순환/NNG+이래/NNB+가격/NNG+올리/VV+면/EC+임금/NNG+올리/VV+고/EC+임금/NNG+올리/VV+면/EC+가격/NNG+올리/VV+고/EC"
          },
          {
            "id": 23,
            "text": "2 : 우리 지금 미리 사 놓자 키키",
            "norm_text": "우리 지금 미리 사 놓자 키키",
            "speaker": {
              "id": "2번",
              "sex": "여성",
              "age": "20대"
            },
            "speechAct": "(단언) 주장하기",
            "morpheme": "우리/NP+지금/MAG+미리/MAG+사놓/VV+자/EC+키/NNG+키/XSV+ETN"
          }
        ]
      }
    }
  ]
}