{
  "dataset": {
    "identifier": 116647,
    "name": "FACEBOOK_118_20_set",
    "src_path": "/data/file/cubeManager/PROJECT001/80/txt20211102103331059019/FACEBOOK_118_20_set/",
    "label_path": "/data/file/cubeManager/PROJECT001/80/txt20211102103331059019/FACEBOOK_118_20_set/",
    "category": 2,
    "type": 0
  },
  "licenses": {
    "name": "Apache License 1.0",
    "url": "http://www.apache.org/licenses/LICENSE-1.0"
  },
  "info": [
    {
      "id": 129683,
      "filename": "FACEBOOK_118_20.txt",
      "title": "FACEBOOK_118_20",
      "mediatype": "SNS",
      "medianame": "페이스북",
      "category": "일상대화",
      "date": "2021-11-02",
      "size": 410,
      "annotations": {
        "subject": "영화/만화",
        "speaker_type": "1:1",
        "size": 410,
        "word_size": 130,
        "text": "1 : 이번에 마동석이 나온 영화 나온대!\n2 : 이번에 마블 영화 얘기하는 거야?\n1 : 어 맞아 제목이 이터널스래!\n2 : 그거 나오자 마자 바로 보러 가야지\n1 : 키키 나도 이거 아이맥스 관에서 봐야 하는 건가?\n2 : 맞아 이미 인터넷으로 예매해야겠어\n1 : 맞아 키키 근데 아이맥스는 좀 비싸지?\n2 : 응 아마도 조금 비쌀 거 같은데?\n1 : 그래도 한번 볼 거 제대로 봐야지!\n2 : 맞아 그걸로 보면 여운 쩐다더라 키키\n1 : 키키 헐 진짜? 아이맥스는 씨지브이에 있는 거지?\n2 : 응 아마도 cgv인 거 같은데?\n1 : 헐 그러면 이번에 남친이랑 가서 봐야겠다!\n2 : 남친한테 표 미리 예매하라고 해~\n1 : 어 그래야겠어\n1 : 11월부터는 영화관 음식물 반입 가능이니까 팝콘도 먹어야지!\n2 : 응 하하 이제 진짜 영화 보는 거 같겠다~",
        "lines": [
          {
            "id": 1,
            "text": "1 : 이번에 마동석이 나온 영화 나온대!",
            "norm_text": "이번에 마동석이 나온 영화 나온대!",
            "speaker": {
              "id": "1번",
              "sex": "여성",
              "age": "20대"
            },
            "speechAct": "(단언) 진술하기",
            "morpheme": "이번/NNG+에/JKB+마동석/NNP+이/JKS+나온/VV+ETM+영화/NNG+나온대/VV+EF"
          },
          {
            "id": 2,
            "text": "2 : 이번에 마블 영화 얘기하는 거야?",
            "norm_text": "이번에 마블 영화 얘기하는 거야?",
            "speaker": {
              "id": "2번",
              "sex": "여성",
              "age": "20대"
            },
            "speechAct": "(지시) 질문하기",
            "morpheme": "이번/NNG+에/JKB+마블/NNG+영화/NNG+얘기/NNG+하/XSV+는/ETM+거/NNB+야/VCP+EF"
          },
          {
            "id": 3,
            "text": "1 : 어 맞아 제목이 이터널스래!",
            "norm_text": "어 맞아 제목이 이터널스래!",
            "speaker": {
              "id": "1번",
              "sex": "여성",
              "age": "20대"
            },
            "speechAct": "(단언) 진술하기",
            "morpheme": "어/IC+맞/VV+아/EC+제목/NNG+이/JKS+이터널/NNP+스/XSN+래/VCP+EF"
          },
          {
            "id": 4,
            "text": "2 : 그거 나오자 마자 바로 보러 가야지",
            "norm_text": "그거 나오자 마자 바로 보러 가야지",
            "speaker": {
              "id": "2번",
              "sex": "여성",
              "age": "20대"
            },
            "speechAct": "(단언) 주장하기",
            "morpheme": "그거/NP+나오/VV+자마자/EC+바로/MAG+보/VV+러/EC+가/VX+야지/EC"
          },
          {
            "id": 5,
            "text": "1 : 키키 나도 이거 아이맥스 관에서 봐야 하는 건가?",
            "norm_text": "키키 나도 이거 아이맥스 관에서 봐야 하는 건가?",
            "speaker": {
              "id": "1번",
              "sex": "여성",
              "age": "20대"
            },
            "speechAct": "(지시) 질문하기",
            "morpheme": "키/NNG+키나/XSA+ETN+JX+도/JX+이거/NP+아이/IC+맥스/NNP+관/NNG+에서/JKB+봐야/VV+EC+하/VV+는/ETM+건가/NNB+VCP+EF"
          },
          {
            "id": 6,
            "text": "2 : 맞아 이미 인터넷으로 예매해야겠어",
            "norm_text": "맞아 이미 인터넷으로 예매해야겠어",
            "speaker": {
              "id": "2번",
              "sex": "여성",
              "age": "20대"
            },
            "speechAct": "(단언) 주장하기",
            "morpheme": "맞아/IC+이미/MAG+인터넷/NNG+으로/JKB+예매/NNG+해야/XSV+EC+VX+겠/EP+어/EC"
          },
          {
            "id": 7,
            "text": "1 : 맞아 키키 근데 아이맥스는 좀 비싸지?",
            "norm_text": "맞아 키키 근데 아이맥스는 좀 비싸지?",
            "speaker": {
              "id": "1번",
              "sex": "여성",
              "age": "20대"
            },
            "speechAct": "(지시) 질문하기",
            "morpheme": "맞/VV+아/EC+키/NNG+키/XSV+ETN+근데/MAJ+아이/IC+맥스/NNP+는/JX+좀/MAG+비싸/VA+지/EF"
          },
          {
            "id": 8,
            "text": "2 : 응 아마도 조금 비쌀 거 같은데?",
            "norm_text": "응 아마도 조금 비쌀 거 같은데?",
            "speaker": {
              "id": "2번",
              "sex": "여성",
              "age": "20대"
            },
            "speechAct": "(단언) 주장하기",
            "morpheme": "응/IC+아마도/MAG+조금/MAG+비쌀/VA+ETM+거/NNB+같/VA+은데/EF"
          },
          {
            "id": 9,
            "text": "1 : 그래도 한번 볼 거 제대로 봐야지!",
            "norm_text": "그래도 한번 볼 거 제대로 봐야지!",
            "speaker": {
              "id": "1번",
              "sex": "여성",
              "age": "20대"
            },
            "speechAct": "(단언) 주장하기",
            "morpheme": "그래도/MAJ+한/MM+번/NNBC+볼/VV+ETM+거/NNB+제대로/MAG+봐야지/VV+EF"
          },
          {
            "id": 10,
            "text": "2 : 맞아 그걸로 보면 여운 쩐다더라 키키",
            "norm_text": "맞아 그걸로 보면 여운 쩐다더라 키키",
            "speaker": {
              "id": "2번",
              "sex": "여성",
              "age": "20대"
            },
            "speechAct": "(단언) 주장하기",
            "morpheme": "맞/VV+아/EC+그걸로/NP+JKB+보/VV+면/EC+여운/NNG+쩐/VV+다더라/EC+키/NNG+키/XSV+ETN"
          },
          {
            "id": 11,
            "text": "1 : 키키 헐 진짜? 아이맥스는 씨지브이에 있는 거지?",
            "norm_text": "키키 헐 진짜? 아이맥스는 씨지브이에 있는 거지?",
            "speaker": {
              "id": "1번",
              "sex": "여성",
              "age": "20대"
            },
            "speechAct": "(지시) 질문하기",
            "morpheme": "키/NNG+키/NNG+헐/XSV+JKO+진짜/MAG+아이/IC+맥스/NNP+는/JX+씨/VA+지/EC+브이/NNG+에/JKB+있/VV+는/ETM+거/NNB+지/VCP+EF"
          },
          {
            "id": 12,
            "text": "2 : 응 아마도 cgv인 거 같은데?",
            "norm_text": "응 아마도 cgv인 거 같은데?",
            "speaker": {
              "id": "2번",
              "sex": "여성",
              "age": "20대"
            },
            "speechAct": "(단언) 주장하기",
            "morpheme": "응/IC+아마도/MAG+cgv/SL+인/VCP+ETM+거/NNB+같/VA+은데/EF"
          },
          {
            "id": 13,
            "text": "1 : 헐 그러면 이번에 남친이랑 가서 봐야겠다!",
            "norm_text": "헐 그러면 이번에 남친이랑 가서 봐야겠다!",
            "speaker": {
              "id": "1번",
              "sex": "여성",
              "age": "20대"
            },
            "speechAct": "(단언) 주장하기",
            "morpheme": "헐/IC+그러면/MAJ+이번/NNG+에/JKB+남친/NNG+이랑/JKB+가/VV+서/EC+봐야/VX+EC+VV+겠/EP+다/EF"
          },
          {
            "id": 14,
            "text": "2 : 남친한테 표 미리 예매하라고 해~",
            "norm_text": "남친한테 표 미리 예매하라고 해~",
            "speaker": {
              "id": "2번",
              "sex": "여성",
              "age": "20대"
            },
            "speechAct": "(지시) 충고/제안하기",
            "morpheme": "남친/NNG+한테/JKB+표/NNG+미리/MAG+예매/NNG+하/XSV+라고/EC+해/VV+EC+~/SY"
          },
          {
            "id": 15,
            "text": "1 : 어 그래야겠어",
            "norm_text": "어 그래야겠어",
            "speaker": {
              "id": "1번",
              "sex": "여성",
              "age": "20대"
            },
            "speechAct": "(단언) 주장하기",
            "morpheme": "어/IC+그래야/VA+EC+VX+겠/EP+어/EC"
          },
          {
            "id": 16,
            "text": "1 : 11월부터는 영화관 음식물 반입 가능이니까 팝콘도 먹어야지!",
            "norm_text": "11월부터는 영화관 음식물 반입 가능이니까 팝콘도 먹어야지!",
            "speaker": {
              "id": "1번",
              "sex": "여성",
              "age": "20대"
            },
            "speechAct": "(단언) 주장하기",
            "morpheme": "11/SN+월/NNBC+부터/JX+는/JX+영화관/NNG+음식물/NNG+반입/NNG+가능/NNG+이/VCP+니까/EC+팝콘/NNG+도/JX+먹/VV+어야지/EF"
          },
          {
            "id": 17,
            "text": "2 : 응 하하 이제 진짜 영화 보는 거 같겠다~",
            "norm_text": "응 하하 이제 진짜 영화 보는 거 같겠다~",
            "speaker": {
              "id": "2번",
              "sex": "여성",
              "age": "20대"
            },
            "speechAct": "(단언) 주장하기",
            "morpheme": "응/IC+하하/MAG+이제/MAG+진짜/MAG+영화/NNG+보/VV+는/ETM+거/NNB+같/VA+겠/EP+다/EC+~/SY"
          }
        ]
      }
    }
  ]
}