{
  "dataset": {
    "identifier": 103850,
    "name": "FACEBOOK_107_04_set",
    "src_path": "/data/file/cubeManager/PROJECT001/77/txt20211029160805024577/FACEBOOK_107_04_set/",
    "label_path": "/data/file/cubeManager/PROJECT001/77/txt20211029160805024577/FACEBOOK_107_04_set/",
    "category": 2,
    "type": 0
  },
  "licenses": {
    "name": "Apache License 1.0",
    "url": "http://www.apache.org/licenses/LICENSE-1.0"
  },
  "info": [
    {
      "id": 111272,
      "filename": "FACEBOOK_107_04.txt",
      "title": "FACEBOOK_107_04",
      "mediatype": "SNS",
      "medianame": "페이스북",
      "category": "일상대화",
      "date": "2021-10-29",
      "size": 415,
      "annotations": {
        "subject": "회사/아르바이트",
        "speaker_type": "1:1",
        "size": 415,
        "word_size": 148,
        "text": "1 : 언니는 해봤던 알바 중에 제일 쉬웠던 알바 있었어?\n2 : 나는 피카소 알바가 재밌었어\n1 : 아 진짜?\n1 : 거기 언니 고딩 때부터 했다 했나?\n2 : 맞아\n2 : 고딩 때 일년 정도?\n1 : 거기 사장님도 친절했던 거 같아!\n2 : 맞아 젊었어\n2 :  토속촌 알아?\n1 : 키키 헐 그 사장님이 지금 설마 그곳에 계셔,?\n2 : 맞아 맞아\n2 : 거기 사장님이야 오거리 엔젤 사장님\n1 : 헐!  거기 고기집 진짜 맛있잖아!\n2 : 맞아\n2 : 나 그래서 토속촌도 알바 함\n1 : 헐 근데 엔젤도 사장님 꺼야,?\n1 : 사장님 부자네?\n2 : 부자야\n2 : 나 일할 때가 이십대 후반이였는데\n1 : 헐 대박 진짜 능력 좋으신 분이시다!\n2 : 맞아\n2 : 열심히 사시는 분이지\n1 : 키키 와 대박 그러면 자수성가 하신 거네?\n2 : 맞아\n2 : 지금 더 부자 됐지 키키",
        "lines": [
          {
            "id": 1,
            "text": "1 : 언니는 해봤던 알바 중에 제일 쉬웠던 알바 있었어?",
            "norm_text": "언니는 해봤던 알바 중에 제일 쉬웠던 알바 있었어?",
            "speaker": {
              "id": "1번",
              "sex": "여성",
              "age": "20대"
            },
            "speechAct": "(지시) 질문하기",
            "morpheme": "언니/NNG+는/JX+해/VV+EC+봤/VX+EP+던/ETM+알바/NNP+중/NNB+에/JKB+제일/MAG+쉬웠/VA+EP+던/ETM+알/VV+바/EC+있/VX+었/EP+어/EF"
          },
          {
            "id": 2,
            "text": "2 : 나는 피카소 알바가 재밌었어",
            "norm_text": "나는 피카소 알바가 재밌었어",
            "speaker": {
              "id": "2번",
              "sex": "여성",
              "age": "20대"
            },
            "speechAct": "(단언) 주장하기",
            "morpheme": "나/NP+는/JX+피카소/NNP+알바/NNP+가/JKS+재밌/VA+었/EP+어/EC"
          },
          {
            "id": 3,
            "text": "1 : 아 진짜?",
            "norm_text": "아 진짜?",
            "speaker": {
              "id": "1번",
              "sex": "여성",
              "age": "20대"
            },
            "speechAct": "(지시) 질문하기",
            "morpheme": "아/IC+진짜/MAG"
          },
          {
            "id": 4,
            "text": "1 : 거기 언니 고딩 때부터 했다 했나?",
            "norm_text": "거기 언니 고딩 때부터 했다 했나?",
            "speaker": {
              "id": "1번",
              "sex": "여성",
              "age": "20대"
            },
            "speechAct": "(지시) 질문하기",
            "morpheme": "거기/NP+언니/NNG+고/VCP+EC+딩/NNG+때/NNG+부터/JX+했/VV+EP+다/EC+했/VX+EP+나/EF"
          },
          {
            "id": 5,
            "text": "2 : 맞아",
            "norm_text": "맞아",
            "speaker": {
              "id": "2번",
              "sex": "여성",
              "age": "20대"
            },
            "speechAct": "(단언) 주장하기",
            "morpheme": "맞/VV+아/EC"
          },
          {
            "id": 6,
            "text": "2 : 고딩 때 일년 정도?",
            "norm_text": "고딩 때 일년 정도?",
            "speaker": {
              "id": "2번",
              "sex": "여성",
              "age": "20대"
            },
            "speechAct": "(단언) 진술하기",
            "morpheme": "고딩/NNP+때/NNG+일/NR+년/NNBC+정도/NNG"
          },
          {
            "id": 7,
            "text": "1 : 거기 사장님도 친절했던 거 같아!",
            "norm_text": "거기 사장님도 친절했던 거 같아!",
            "speaker": {
              "id": "1번",
              "sex": "여성",
              "age": "20대"
            },
            "speechAct": "(단언) 주장하기",
            "morpheme": "거기/NP+사장/NNG+님/XSN+도/JX+친절/NNG+했/XSV+EP+던/ETM+거/NNB+같/VA+아/EF"
          },
          {
            "id": 8,
            "text": "2 : 맞아 젊었어",
            "norm_text": "맞아 젊었어",
            "speaker": {
              "id": "2번",
              "sex": "여성",
              "age": "20대"
            },
            "speechAct": "(단언) 주장하기",
            "morpheme": "맞/VV+아/EC+젊/VA+었/EP+어/EC"
          },
          {
            "id": 9,
            "text": "2 :  토속촌 알아?",
            "norm_text": "토속촌 알아?",
            "speaker": {
              "id": "2번",
              "sex": "여성",
              "age": "20대"
            },
            "speechAct": "(지시) 질문하기",
            "morpheme": "토속/NNG+촌/NNG+알/VV+아/EF"
          },
          {
            "id": 10,
            "text": "1 : 키키 헐 그 사장님이 지금 설마 그곳에 계셔,?",
            "norm_text": "키키 헐 그 사장님이 지금 설마 그곳에 계셔,?",
            "speaker": {
              "id": "1번",
              "sex": "여성",
              "age": "20대"
            },
            "speechAct": "(지시) 질문하기",
            "morpheme": "키/NNG+키/NNG+헐/XSV+ETM+그/MM+사장/NNG+님/XSN+이/JKS+지금/MAG+설마/MAG+그곳/NP+에/JKB+계셔/VV+EC+,/SY"
          },
          {
            "id": 11,
            "text": "2 : 맞아 맞아",
            "norm_text": "맞아 맞아",
            "speaker": {
              "id": "2번",
              "sex": "여성",
              "age": "20대"
            },
            "speechAct": "(단언) 주장하기",
            "morpheme": "맞/VV+아/EC+맞/VV+아/EC"
          },
          {
            "id": 12,
            "text": "2 : 거기 사장님이야 오거리 엔젤 사장님",
            "norm_text": "거기 사장님이야 오거리 엔젤 사장님",
            "speaker": {
              "id": "2번",
              "sex": "여성",
              "age": "20대"
            },
            "speechAct": "(단언) 진술하기",
            "morpheme": "거기/NP+사장/NNG+님/XSN+이/VCP+야/EC+오거리/NNG+엔/JKB+JX+젤/MAG+사장/NNG+님/XSN"
          },
          {
            "id": 13,
            "text": "1 : 헐!  거기 고기집 진짜 맛있잖아!",
            "norm_text": "헐!  거기 고기집 진짜 맛있잖아!",
            "speaker": {
              "id": "1번",
              "sex": "여성",
              "age": "20대"
            },
            "speechAct": "(단언) 주장하기",
            "morpheme": "헐/IC+거기/NP+고기/NNG+집/NNG+진짜/MAG+맛있/VA+잖아/EF"
          },
          {
            "id": 14,
            "text": "2 : 맞아",
            "norm_text": "맞아",
            "speaker": {
              "id": "2번",
              "sex": "여성",
              "age": "20대"
            },
            "speechAct": "(단언) 주장하기",
            "morpheme": "맞/VV+아/EC"
          },
          {
            "id": 15,
            "text": "2 : 나 그래서 토속촌도 알바 함",
            "norm_text": "나 그래서 토속촌도 알바 함",
            "speaker": {
              "id": "2번",
              "sex": "여성",
              "age": "20대"
            },
            "speechAct": "(단언) 주장하기",
            "morpheme": "나/NP+그래서/MAJ+토속/NNG+촌/NNG+도/JX+알/VV+ETM+바/NNB+함/VV+ETN"
          },
          {
            "id": 16,
            "text": "1 : 헐 근데 엔젤도 사장님 꺼야,?",
            "norm_text": "헐 근데 엔젤도 사장님 꺼야,?",
            "speaker": {
              "id": "1번",
              "sex": "여성",
              "age": "20대"
            },
            "speechAct": "(지시) 질문하기",
            "morpheme": "헐근데엔젤도사장님꺼야/UNKNOWN+,/SY"
          },
          {
            "id": 17,
            "text": "1 : 사장님 부자네?",
            "norm_text": "사장님 부자네?",
            "speaker": {
              "id": "1번",
              "sex": "여성",
              "age": "20대"
            },
            "speechAct": "(지시) 질문하기",
            "morpheme": "사장/NNG+님/XSN+부자/NNG+네/VCP+EF"
          },
          {
            "id": 18,
            "text": "2 : 부자야",
            "norm_text": "부자야",
            "speaker": {
              "id": "2번",
              "sex": "여성",
              "age": "20대"
            },
            "speechAct": "(단언) 주장하기",
            "morpheme": "부자/NNG+야/VCP+EF"
          },
          {
            "id": 19,
            "text": "2 : 나 일할 때가 이십대 후반이였는데",
            "norm_text": "나 일할 때가 이십대 후반이였는데",
            "speaker": {
              "id": "2번",
              "sex": "여성",
              "age": "20대"
            },
            "speechAct": "(단언) 진술하기",
            "morpheme": "나/NP+일/NNG+할/XSV+ETM+때/NNG+가/JKS+이/NR+십/NR+대/NNBC+후반/NNG+이/VCP+였/EP+는데/EC"
          },
          {
            "id": 20,
            "text": "1 : 헐 대박 진짜 능력 좋으신 분이시다!",
            "norm_text": "헐 대박 진짜 능력 좋으신 분이시다!",
            "speaker": {
              "id": "1번",
              "sex": "여성",
              "age": "20대"
            },
            "speechAct": "(단언) 주장하기",
            "morpheme": "헐/IC+대박/NNG+진짜/MAG+능력/NNG+좋/VA+으신/EP+ETM+분/NNB+이/VCP+시/EP+다/EF"
          },
          {
            "id": 21,
            "text": "2 : 맞아",
            "norm_text": "맞아",
            "speaker": {
              "id": "2번",
              "sex": "여성",
              "age": "20대"
            },
            "speechAct": "(단언) 주장하기",
            "morpheme": "맞/VV+아/EC"
          },
          {
            "id": 22,
            "text": "2 : 열심히 사시는 분이지",
            "norm_text": "열심히 사시는 분이지",
            "speaker": {
              "id": "2번",
              "sex": "여성",
              "age": "20대"
            },
            "speechAct": "(단언) 주장하기",
            "morpheme": "열심히/MAG+사/VV+시/EP+는/ETM+분/NNB+이/VCP+지/EC"
          },
          {
            "id": 23,
            "text": "1 : 키키 와 대박 그러면 자수성가 하신 거네?",
            "norm_text": "키키 와 대박 그러면 자수성가 하신 거네?",
            "speaker": {
              "id": "1번",
              "sex": "여성",
              "age": "20대"
            },
            "speechAct": "(지시) 질문하기",
            "morpheme": "키/NNG+키/XSV+ETN+와/JC+대박/NNG+그러/VV+면/EC+자수성가/NNG+하/XSV+신/EP+ETM+거/NNB+네/VCP+EF"
          },
          {
            "id": 24,
            "text": "2 : 맞아",
            "norm_text": "맞아",
            "speaker": {
              "id": "2번",
              "sex": "여성",
              "age": "20대"
            },
            "speechAct": "(단언) 주장하기",
            "morpheme": "맞/VV+아/EC"
          },
          {
            "id": 25,
            "text": "2 : 지금 더 부자 됐지 키키",
            "norm_text": "지금 더 부자 됐지 키키",
            "speaker": {
              "id": "2번",
              "sex": "여성",
              "age": "20대"
            },
            "speechAct": "(단언) 진술하기",
            "morpheme": "지금/MAG+더/MAG+부자/NNG+됐/XSV+EP+지/EC+키/NNG+키/XSV+ETN"
          }
        ]
      }
    }
  ]
}