{
  "dataset": {
    "identifier": 99400,
    "name": "FACEBOOK_116_15_set",
    "src_path": "/data/file/cubeManager/PROJECT001/77/txt20211029153356047858/FACEBOOK_116_15_set/",
    "label_path": "/data/file/cubeManager/PROJECT001/77/txt20211029153356047858/FACEBOOK_116_15_set/",
    "category": 2,
    "type": 0
  },
  "licenses": {
    "name": "Apache License 1.0",
    "url": "http://www.apache.org/licenses/LICENSE-1.0"
  },
  "info": [
    {
      "id": 110983,
      "filename": "FACEBOOK_116_15.txt",
      "title": "FACEBOOK_116_15",
      "mediatype": "SNS",
      "medianame": "페이스북",
      "category": "일상대화",
      "date": "2021-10-29",
      "size": 476,
      "annotations": {
        "subject": "타 국가 이슈",
        "speaker_type": "1:1",
        "size": 476,
        "word_size": 158,
        "text": "1 : 나는 몰랐는데 세계적으로 미스코리아 대회가 있는 거더라?\n2 : 미스코리아 대회 없어지지 않았나?\n1 : 우리나라는 이제 미스춘향? 그런 게 있잖아 다른 나라들도 이런 게 있대!\n2 : 맞아 키키\n2 : 수영복 심사 때문에 우리나라는 없어졌지!\n1 : 맞아 키키\n1 : 근데 지금 미스 프랑스 대회가 이번에 열리게 되는데 난리 났대!\n2 : 헐~ 왜 난리가 나?\n1 : 음 자격 조건에 키는 165 이상 문신은 없어야 한다 이런 옛날 갬성의 조건 때문에!\n2 : 진짜 그런 거 좀 안 했으면 좋겠다 ㅠ\n1 : 키키 맞아\n1 : 그래서 여성단체에서 문제를 삼았대!\n2 : 진짜 문제 삼을만 하네!\n1 : 맞아\n1 : 지금 여성단체에서 고소한 상태래!\n2 : 키키 그건 진짜 고소감 완전 인정\n1 : 맞아\n1 : 요즘에 이런 고지식한 발상을 하다니!\n2 : 그런 발상은 항상 조심해야 돼\n1 : 맞아 키키\n1 : 결국에 이 대회 안 할 거 같은데?\n2 : 당장 폐지 시켜야 할 거 같아",
        "lines": [
          {
            "id": 1,
            "text": "1 : 나는 몰랐는데 세계적으로 미스코리아 대회가 있는 거더라?",
            "norm_text": "나는 몰랐는데 세계적으로 미스코리아 대회가 있는 거더라?",
            "speaker": {
              "id": "1번",
              "sex": "여성",
              "age": "20대"
            },
            "speechAct": "(단언) 진술하기",
            "morpheme": "나/NP+는/JX+몰랐/VV+EP+는데/EC+세계/NNG+적/XSN+으로/JKB+미스코리아/NNP+대회/NNG+가/JKS+있/VA+는/ETM+거/NNB+더라/VCP+EF"
          },
          {
            "id": 2,
            "text": "2 : 미스코리아 대회 없어지지 않았나?",
            "norm_text": "미스코리아 대회 없어지지 않았나?",
            "speaker": {
              "id": "2번",
              "sex": "여성",
              "age": "20대"
            },
            "speechAct": "(지시) 질문하기",
            "morpheme": "미스코리아/NNP+대회/NNG+없/VA+어/EC+지/VX+지/EC+않/VX+았/EP+나/EF"
          },
          {
            "id": 3,
            "text": "1 : 우리나라는 이제 미스춘향? 그런 게 있잖아 다른 나라들도 이런 게 있대!",
            "norm_text": "우리나라는 이제 미스춘향? 그런 게 있잖아 다른 나라들도 이런 게 있대!",
            "speaker": {
              "id": "1번",
              "sex": "여성",
              "age": "20대"
            },
            "speechAct": "(단언) 진술하기",
            "morpheme": "우리/NP+나라/NNG+는/JX+이제/MAG+미스/NNG+춘향/NNG+그런/MM+게/NNB+JKS+있/VA+잖아/EF+다른/MM+나라/NNG+들/XSN+도/JX+이런/MM+게/NNB+JKS+있/VA+대/EF"
          },
          {
            "id": 4,
            "text": "2 : 맞아 키키",
            "norm_text": "맞아 키키",
            "speaker": {
              "id": "2번",
              "sex": "여성",
              "age": "20대"
            },
            "speechAct": "(단언) 주장하기",
            "morpheme": "맞/VV+아/EC+키/NNG+키/XSV+ETN"
          },
          {
            "id": 5,
            "text": "2 : 수영복 심사 때문에 우리나라는 없어졌지!",
            "norm_text": "수영복 심사 때문에 우리나라는 없어졌지!",
            "speaker": {
              "id": "2번",
              "sex": "여성",
              "age": "20대"
            },
            "speechAct": "(단언) 진술하기",
            "morpheme": "수영복/NNG+심사/NNG+때문/NNB+에/JKB+우리/NP+나라/NNG+는/JX+없/VA+어/EC+졌/VX+EP+지/EF"
          },
          {
            "id": 6,
            "text": "1 : 맞아 키키",
            "norm_text": "맞아 키키",
            "speaker": {
              "id": "1번",
              "sex": "여성",
              "age": "20대"
            },
            "speechAct": "(단언) 주장하기",
            "morpheme": "맞/VV+아/EC+키/NNG+키/XSV+ETN"
          },
          {
            "id": 7,
            "text": "1 : 근데 지금 미스 프랑스 대회가 이번에 열리게 되는데 난리 났대!",
            "norm_text": "근데 지금 미스 프랑스 대회가 이번에 열리게 되는데 난리 났대!",
            "speaker": {
              "id": "1번",
              "sex": "여성",
              "age": "20대"
            },
            "speechAct": "(단언) 진술하기",
            "morpheme": "근데/MAJ+지금/MAG+미스/NNG+프랑스/NNP+대회/NNG+가/JKS+이번/NNG+에/JKB+열리/VV+게/EC+되/VV+는데/EC+난리/NNG+났/VV+EP+대/EF"
          },
          {
            "id": 8,
            "text": "2 : 헐~ 왜 난리가 나?",
            "norm_text": "헐~ 왜 난리가 나?",
            "speaker": {
              "id": "2번",
              "sex": "여성",
              "age": "20대"
            },
            "speechAct": "(지시) 질문하기",
            "morpheme": "헐/NNP+~/SY+왜/MAG+난리/NNG+가/JKS+나/NP"
          },
          {
            "id": 9,
            "text": "1 : 음 자격 조건에 키는 165 이상 문신은 없어야 한다 이런 옛날 갬성의 조건 때문에!",
            "norm_text": "음 자격 조건에 키는 165 이상 문신은 없어야 한다 이런 옛날 갬성의 조건 때문에!",
            "speaker": {
              "id": "1번",
              "sex": "여성",
              "age": "20대"
            },
            "speechAct": "(단언) 진술하기",
            "morpheme": "음/IC+자격/NNG+조건/NNG+에/JKB+키/VV+는/ETM+165/SN+이상/NNG+문신/NNG+은/JX+없/VA+어야/EC+한다/VX+EF+이런/MM+옛날/NNG+갬/VV+ETN+성/XSN+의/JKG+조건/NNG+때문/NNB+에/JKB"
          },
          {
            "id": 10,
            "text": "2 : 진짜 그런 거 좀 안 했으면 좋겠다 ㅠ",
            "norm_text": "진짜 그런 거 좀 안 했으면 좋겠다 ㅠ",
            "speaker": {
              "id": "2번",
              "sex": "여성",
              "age": "20대"
            },
            "speechAct": "(단언) 주장하기",
            "morpheme": "진짜/MAG+그런/MM+거/NNB+좀/MAG+안/MAG+했/VV+EP+으면/EC+좋/VA+겠/EP+다ㅠ/UNKNOWN"
          },
          {
            "id": 11,
            "text": "1 : 키키 맞아",
            "norm_text": "키키 맞아",
            "speaker": {
              "id": "1번",
              "sex": "여성",
              "age": "20대"
            },
            "speechAct": "(단언) 주장하기",
            "morpheme": "키/NNG+키/XSV+ETN+맞/VV+아/EC"
          },
          {
            "id": 12,
            "text": "1 : 그래서 여성단체에서 문제를 삼았대!",
            "norm_text": "그래서 여성단체에서 문제를 삼았대!",
            "speaker": {
              "id": "1번",
              "sex": "여성",
              "age": "20대"
            },
            "speechAct": "(단언) 진술하기",
            "morpheme": "그래서/MAJ+여성/NNG+단체/NNG+에서/JKB+문제/NNG+를/JKO+삼/VV+았/EP+대/EF"
          },
          {
            "id": 13,
            "text": "2 : 진짜 문제 삼을만 하네!",
            "norm_text": "진짜 문제 삼을만 하네!",
            "speaker": {
              "id": "2번",
              "sex": "여성",
              "age": "20대"
            },
            "speechAct": "(단언) 주장하기",
            "morpheme": "진짜/MAG+문제/NNG+삼/VV+을/ETM+만/NNB+하/XSA+네/EF"
          },
          {
            "id": 14,
            "text": "1 : 맞아",
            "norm_text": "맞아",
            "speaker": {
              "id": "1번",
              "sex": "여성",
              "age": "20대"
            },
            "speechAct": "(단언) 주장하기",
            "morpheme": "맞/VV+아/EC"
          },
          {
            "id": 15,
            "text": "1 : 지금 여성단체에서 고소한 상태래!",
            "norm_text": "지금 여성단체에서 고소한 상태래!",
            "speaker": {
              "id": "1번",
              "sex": "여성",
              "age": "20대"
            },
            "speechAct": "(단언) 진술하기",
            "morpheme": "지금/MAG+여성/NNG+단체/NNG+에서/JKB+고소/XR+한/XSA+ETM+상태/NNG+래/VCP+EF"
          },
          {
            "id": 16,
            "text": "2 : 키키 그건 진짜 고소감 완전 인정",
            "norm_text": "키키 그건 진짜 고소감 완전 인정",
            "speaker": {
              "id": "2번",
              "sex": "여성",
              "age": "20대"
            },
            "speechAct": "(단언) 주장하기",
            "morpheme": "키/NNG+키/XSV+ETN+그건/NP+JX+진짜/MAG+고/MM+소감/NNG+완전/NNG+인정/NNG"
          },
          {
            "id": 17,
            "text": "1 : 맞아",
            "norm_text": "맞아",
            "speaker": {
              "id": "1번",
              "sex": "여성",
              "age": "20대"
            },
            "speechAct": "(단언) 주장하기",
            "morpheme": "맞/VV+아/EC"
          },
          {
            "id": 18,
            "text": "1 : 요즘에 이런 고지식한 발상을 하다니!",
            "norm_text": "요즘에 이런 고지식한 발상을 하다니!",
            "speaker": {
              "id": "1번",
              "sex": "여성",
              "age": "20대"
            },
            "speechAct": "(단언) 주장하기",
            "morpheme": "요즘/NNG+에/JKB+이런/MM+고지식/XR+한/XSA+ETM+발상/NNG+을/JKO+하/VV+다니/EF"
          },
          {
            "id": 19,
            "text": "2 : 그런 발상은 항상 조심해야 돼",
            "norm_text": "그런 발상은 항상 조심해야 돼",
            "speaker": {
              "id": "2번",
              "sex": "여성",
              "age": "20대"
            },
            "speechAct": "(단언) 주장하기",
            "morpheme": "그런/MM+발상/NNG+은/JX+항상/MAG+조심/NNG+해야/XSV+EC+돼/VV+EC"
          },
          {
            "id": 20,
            "text": "1 : 맞아 키키",
            "norm_text": "맞아 키키",
            "speaker": {
              "id": "1번",
              "sex": "여성",
              "age": "20대"
            },
            "speechAct": "(단언) 주장하기",
            "morpheme": "맞/VV+아/EC+키/NNG+키/XSV+ETN"
          },
          {
            "id": 21,
            "text": "1 : 결국에 이 대회 안 할 거 같은데?",
            "norm_text": "결국에 이 대회 안 할 거 같은데?",
            "speaker": {
              "id": "1번",
              "sex": "여성",
              "age": "20대"
            },
            "speechAct": "(단언) 주장하기",
            "morpheme": "결국/NNG+에/JKB+이/MM+대회/NNG+안/MAG+할/VV+ETM+거/NNB+같/VA+은데/EF"
          },
          {
            "id": 22,
            "text": "2 : 당장 폐지 시켜야 할 거 같아",
            "norm_text": "당장 폐지 시켜야 할 거 같아",
            "speaker": {
              "id": "2번",
              "sex": "여성",
              "age": "20대"
            },
            "speechAct": "(단언) 주장하기",
            "morpheme": "당장/NNG+폐지/NNG+시켜야/XSV+EC+할/VX+ETM+거/NNB+같/VA+아/EC"
          }
        ]
      }
    }
  ]
}