{
  "dataset": {
    "identifier": 102107,
    "name": "FACEBOOK_104_03_set",
    "src_path": "/data/file/cubeManager/PROJECT001/77/txt20211028145511012859/FACEBOOK_104_03_set/",
    "label_path": "/data/file/cubeManager/PROJECT001/77/txt20211028145511012859/FACEBOOK_104_03_set/",
    "category": 2,
    "type": 0
  },
  "licenses": {
    "name": "Apache License 1.0",
    "url": "http://www.apache.org/licenses/LICENSE-1.0"
  },
  "info": [
    {
      "id": 100488,
      "filename": "FACEBOOK_104_03.txt",
      "title": "FACEBOOK_104_03",
      "mediatype": "SNS",
      "medianame": "페이스북",
      "category": "일상대화",
      "date": "2021-10-28",
      "size": 425,
      "annotations": {
        "subject": "교통",
        "speaker_type": "1:1",
        "size": 425,
        "word_size": 143,
        "text": "1 : 너는 나중에 차 사면 어떤 걸로 사고 싶어?\n2 : 나는 SUV로 사고 싶어!\n1 : 에스유브이 어떤 종류로 사고 싶어?\n2 : 종류는 잘 모르는데 딱 기본적인 거\n1 : 요즘 여자들은 티볼리 좋아하잖아!\n2 : 아 맞아\n2 : 그것도 괜찮더라 나는 사면 볼보 사보고 싶어\n1 : 키키 와 볼보 가격대는 얼마인 줄 알아?\n2 : 잘 모르는데 엄청 비싼 걸로 알고 있어 ㅠㅠ\n1 : 키키 그거 내가 알기로 그거 기본 5천일 걸?\n2 : 다음 생에 한 번 사볼게,\n1 : 키키 깡통만 5천이고 이제 풀 옵션 하면 8천까지 가는 걸로 알고 있어!\n2 : 와 거의 전세금 맞먹네 진짜...\n1 : 키키 그치, 완전 그사세만 사는 거 아니겠어~?\n2 : 키키 그치\n2 : 난 못 사겠다 ㅠㅠ 다른 거 봐야지\n1 : 나도, 나는 그냥 지하철 애용할게,\n2 : 어 일단 나도 버스 애용하려고...",
        "lines": [
          {
            "id": 1,
            "text": "1 : 너는 나중에 차 사면 어떤 걸로 사고 싶어?",
            "norm_text": "너는 나중에 차 사면 어떤 걸로 사고 싶어?",
            "speaker": {
              "id": "1번",
              "sex": "여성",
              "age": "20대"
            },
            "speechAct": "(지시) 질문하기",
            "morpheme": "너/NP+는/JX+나중/NNG+에/JKB+차사/NNG+면/VCP+EC+어떤/MM+걸로/NNB+JKB+사/VV+고/EC+싶/VX+어/EF"
          },
          {
            "id": 2,
            "text": "2 : 나는 SUV로 사고 싶어!",
            "norm_text": "나는 SUV로 사고 싶어!",
            "speaker": {
              "id": "2번",
              "sex": "여성",
              "age": "20대"
            },
            "speechAct": "(단언) 주장하기",
            "morpheme": "나/NP+는/JX+SUV/SL+로/JKB+사/VV+고/EC+싶/VX+어/EF"
          },
          {
            "id": 3,
            "text": "1 : 에스유브이 어떤 종류로 사고 싶어?",
            "norm_text": "에스유브이 어떤 종류로 사고 싶어?",
            "speaker": {
              "id": "1번",
              "sex": "여성",
              "age": "20대"
            },
            "speechAct": "(지시) 질문하기",
            "morpheme": "에스/NNG+유브이/NNG+어떤/MM+종류/NNG+로/JKB+사/VV+고/EC+싶/VX+어/EF"
          },
          {
            "id": 4,
            "text": "2 : 종류는 잘 모르는데 딱 기본적인 거",
            "norm_text": "종류는 잘 모르는데 딱 기본적인 거",
            "speaker": {
              "id": "2번",
              "sex": "여성",
              "age": "20대"
            },
            "speechAct": "(단언) 주장하기",
            "morpheme": "종류/NNG+는/JX+잘/MAG+모르/VV+는데/EC+딱/MAG+기본/NNG+적/XSN+인/VCP+ETM+거/NNB"
          },
          {
            "id": 5,
            "text": "1 : 요즘 여자들은 티볼리 좋아하잖아!",
            "norm_text": "요즘 여자들은 티볼리 좋아하잖아!",
            "speaker": {
              "id": "1번",
              "sex": "여성",
              "age": "20대"
            },
            "speechAct": "(단언) 진술하기",
            "morpheme": "요즘/NNG+여자/NNG+들/XSN+은/JX+티볼리/NNP+좋/VA+아/EC+하/VX+잖아/EF"
          },
          {
            "id": 6,
            "text": "2 : 아 맞아",
            "norm_text": "아 맞아",
            "speaker": {
              "id": "2번",
              "sex": "여성",
              "age": "20대"
            },
            "speechAct": "(단언) 주장하기",
            "morpheme": "아/IC+맞/VV+아/EC"
          },
          {
            "id": 7,
            "text": "2 : 그것도 괜찮더라 나는 사면 볼보 사보고 싶어",
            "norm_text": "그것도 괜찮더라 나는 사면 볼보 사보고 싶어",
            "speaker": {
              "id": "2번",
              "sex": "여성",
              "age": "20대"
            },
            "speechAct": "(단언) 주장하기",
            "morpheme": "그것/NP+도/JX+괜찮/VA+더라/EF+나/NP+는/JX+사/VV+면/EC+볼/VX+ETM+보사/NNG+보/VV+고/EC+싶/VX+어/EC"
          },
          {
            "id": 8,
            "text": "1 : 키키 와 볼보 가격대는 얼마인 줄 알아?",
            "norm_text": "키키 와 볼보 가격대는 얼마인 줄 알아?",
            "speaker": {
              "id": "1번",
              "sex": "여성",
              "age": "20대"
            },
            "speechAct": "(지시) 질문하기",
            "morpheme": "키/NNG+키/XSV+ETN+와/JC+볼보/NNP+가격/NNG+대/XSV+는/ETM+얼마/NNG+인/VCP+ETM+줄/NNB+알/VV+아/EF"
          },
          {
            "id": 9,
            "text": "2 : 잘 모르는데 엄청 비싼 걸로 알고 있어 ㅠㅠ",
            "norm_text": "잘 모르는데 엄청 비싼 걸로 알고 있어 ㅠㅠ",
            "speaker": {
              "id": "2번",
              "sex": "여성",
              "age": "20대"
            },
            "speechAct": "(단언) 진술하기",
            "morpheme": "잘/MAG+모르/VV+는데/EC+엄청/MAG+비싼/VA+ETM+걸로/NNB+JKB+알/VV+고/EC+있/VX+어/EC+ㅠㅠ/UNKNOWN"
          },
          {
            "id": 10,
            "text": "1 : 키키 그거 내가 알기로 그거 기본 5천일 걸?",
            "norm_text": "키키 그거 내가 알기로 그거 기본 5천일 걸?",
            "speaker": {
              "id": "1번",
              "sex": "여성",
              "age": "20대"
            },
            "speechAct": "(지시) 질문하기",
            "morpheme": "키/NNG+키/XSV+ETN+그거/NP+내/NP+가/JKS+알/VV+기/ETN+로/JKB+그거/NP+기본/NNG+5/SN+천/NR+일/NNBC+걸/VCP+EF"
          },
          {
            "id": 11,
            "text": "2 : 다음 생에 한 번 사볼게,",
            "norm_text": "다음 생에 한 번 사볼게,",
            "speaker": {
              "id": "2번",
              "sex": "여성",
              "age": "20대"
            },
            "speechAct": "(단언) 주장하기",
            "morpheme": "다음/NNG+생/XSN+에/JKB+한/MM+번/NNBC+사/NR+볼/VV+ETM+게/NNB+JKS+,/SC"
          },
          {
            "id": 12,
            "text": "1 : 키키 깡통만 5천이고 이제 풀 옵션 하면 8천까지 가는 걸로 알고 있어!",
            "norm_text": "키키 깡통만 5천이고 이제 풀 옵션 하면 8천까지 가는 걸로 알고 있어!",
            "speaker": {
              "id": "1번",
              "sex": "여성",
              "age": "20대"
            },
            "speechAct": "(단언) 진술하기",
            "morpheme": "키/NNG+키/NNG+깡통/NNG+만/JX+5/SN+천/NR+이/VCP+고/EC+이제/MAG+풀/NNG+옵션/NNG+하/XSV+면/EC+8/SN+천/NR+까지/JX+가/VV+는/ETM+걸로/NNB+JKB+알/VV+고/EC+있/VX+어/EF"
          },
          {
            "id": 13,
            "text": "2 : 와 거의 전세금 맞먹네 진짜...",
            "norm_text": "와 거의 전세금 맞먹네 진짜...",
            "speaker": {
              "id": "2번",
              "sex": "여성",
              "age": "20대"
            },
            "speechAct": "(단언) 주장하기",
            "morpheme": "와거/NNG+의/JKG+전세금/NNG+맞먹/VV+네/EF+진짜/MAG+./SY"
          },
          {
            "id": 14,
            "text": "1 : 키키 그치, 완전 그사세만 사는 거 아니겠어~?",
            "norm_text": "키키 그치, 완전 그사세만 사는 거 아니겠어~?",
            "speaker": {
              "id": "1번",
              "sex": "여성",
              "age": "20대"
            },
            "speechAct": "(지시) 질문하기",
            "morpheme": "키/NNG+키/XSV+ETN+그치/IC+,/SC+완전/MAG+그/MM+사세/NNG+만/JX+사/VV+는/ETM+거/NNB+아니/VCN+겠/EP+어/EC+~/SY"
          },
          {
            "id": 15,
            "text": "2 : 키키 그치",
            "norm_text": "키키 그치",
            "speaker": {
              "id": "2번",
              "sex": "여성",
              "age": "20대"
            },
            "speechAct": "(단언) 주장하기",
            "morpheme": "키/NNG+키/XSV+ETN+그치/IC"
          },
          {
            "id": 16,
            "text": "2 : 난 못 사겠다 ㅠㅠ 다른 거 봐야지",
            "norm_text": "난 못 사겠다 ㅠㅠ 다른 거 봐야지",
            "speaker": {
              "id": "2번",
              "sex": "여성",
              "age": "20대"
            },
            "speechAct": "(단언) 주장하기",
            "morpheme": "난/NP+JX+못/MAG+사/VV+겠/EP+다/EF+ㅠㅠ/UNKNOWN+다른/VA+ETM+거/NNB+봐야지/VV+EC"
          },
          {
            "id": 17,
            "text": "1 : 나도, 나는 그냥 지하철 애용할게,",
            "norm_text": "나도, 나는 그냥 지하철 애용할게,",
            "speaker": {
              "id": "1번",
              "sex": "여성",
              "age": "20대"
            },
            "speechAct": "(단언) 주장하기",
            "morpheme": "나/NP+도/JX+,/SC+나/NP+는/JX+그냥/MAG+지하철/NNG+애용/NNG+할/XSV+ETM+게/NNB+JKS+,/SC"
          },
          {
            "id": 18,
            "text": "2 : 어 일단 나도 버스 애용하려고...",
            "norm_text": "어 일단 나도 버스 애용하려고...",
            "speaker": {
              "id": "2번",
              "sex": "여성",
              "age": "20대"
            },
            "speechAct": "(단언) 주장하기",
            "morpheme": "어/IC+일단/MAG+나/NP+도/JX+버스/NNG+애용/NNG+하/XSV+려고/EC+./SY+./SY"
          }
        ]
      }
    }
  ]
}