{
  "dataset": {
    "identifier": 124327,
    "name": "FACEBOOK_124_05_set",
    "src_path": "/data/file/cubeManager/PROJECT001/84/txt20211105143620040144/FACEBOOK_124_05_set/",
    "label_path": "/data/file/cubeManager/PROJECT001/84/txt20211105143620040144/FACEBOOK_124_05_set/",
    "category": 2,
    "type": 0
  },
  "licenses": {
    "name": "Apache License 1.0",
    "url": "http://www.apache.org/licenses/LICENSE-1.0"
  },
  "info": [
    {
      "id": 140141,
      "filename": "FACEBOOK_124_05.txt",
      "title": "FACEBOOK_124_05",
      "mediatype": "SNS",
      "medianame": "페이스북",
      "category": "일상대화",
      "date": "2021-11-05",
      "size": 367,
      "annotations": {
        "subject": "군대",
        "speaker_type": "1:1",
        "size": 367,
        "word_size": 129,
        "text": "1 : 부모님이 면회 온 적 있어?\n2 : 군대 밥 그립다\n2 : 나는 맨날 오셨어\n1 : 헐 대박 키키 군대 멀리 갔어?\n2 : 부모님 오잖아? 눈물이 쏟아진다 키키\n1 : 아 그거 다 짬찌 때 그러는 거지 키키\n2 : 웅 진짜 맨날 와주셔서 고마웠지\n1 : 오 대박이다 나는 한번도 못 가봤어\n2 : 여자친구랑 매번 같이 와주셨어 키키\n1 : 아 여자친구랑 같이? 키키 대박\n2 : 진짜 항상 우울할 때 꼭 와주셨어\n1 : 군 생활에 완전 도움이 되었겠어\n2 : 여자친구는 항상 나 면회 올 때 레모나 챙겨다 주고\n1 : 오 키키 면회가 그런 재미도 있겠네\n2 : 진짜 내 인생에서 제일 컸지\n1 : 키키 그래도 다시 군대 가기 싫지 않아?\n2 : 진짜 군대는 너무 가기 싫어 ㅡㅡ",
        "lines": [
          {
            "id": 1,
            "text": "1 : 부모님이 면회 온 적 있어?",
            "norm_text": "부모님이 면회 온 적 있어?",
            "speaker": {
              "id": "1번",
              "sex": "여성",
              "age": "20대"
            },
            "speechAct": "(지시) 질문하기",
            "morpheme": "부모/NNG+님/XSN+이/JKS+면회/NNG+온/VV+ETM+적/NNB+있/VA+어/EF"
          },
          {
            "id": 2,
            "text": "2 : 군대 밥 그립다",
            "norm_text": "군대 밥 그립다",
            "speaker": {
              "id": "2번",
              "sex": "남성",
              "age": "20대"
            },
            "speechAct": "(단언) 주장하기",
            "morpheme": "군대/NNG+밥/NNG+그립/VA+다/EC"
          },
          {
            "id": 3,
            "text": "2 : 나는 맨날 오셨어",
            "norm_text": "나는 맨날 오셨어",
            "speaker": {
              "id": "2번",
              "sex": "남성",
              "age": "20대"
            },
            "speechAct": "(단언) 진술하기",
            "morpheme": "나/NP+는/JX+맨날/MAG+오/VV+셨/EP+EP+어/EC"
          },
          {
            "id": 4,
            "text": "1 : 헐 대박 키키 군대 멀리 갔어?",
            "norm_text": "헐 대박 키키 군대 멀리 갔어?",
            "speaker": {
              "id": "1번",
              "sex": "여성",
              "age": "20대"
            },
            "speechAct": "(지시) 질문하기",
            "morpheme": "헐/IC+대박/NNG+키/NNG+키/NNG+군대/NNG+멀리/MAG+갔/VV+EP+어/EF"
          },
          {
            "id": 5,
            "text": "2 : 부모님 오잖아? 눈물이 쏟아진다 키키",
            "norm_text": "부모님 오잖아? 눈물이 쏟아진다 키키",
            "speaker": {
              "id": "2번",
              "sex": "남성",
              "age": "20대"
            },
            "speechAct": "(단언) 주장하기",
            "morpheme": "부모/NNG+님/XSN+오/VV+잖아/EF+눈물/NNG+이/JKS+쏟아진/VV+ETM+다키키/NNP"
          },
          {
            "id": 6,
            "text": "1 : 아 그거 다 짬찌 때 그러는 거지 키키",
            "norm_text": "아 그거 다 짬찌 때 그러는 거지 키키",
            "speaker": {
              "id": "1번",
              "sex": "여성",
              "age": "20대"
            },
            "speechAct": "(단언) 주장하기",
            "morpheme": "아/IC+그거/NP+다/JX+짬/NNG+찌/NNG+때/NNG+그러/VV+는/ETM+거/NNB+지/VCP+EC+키/NNG+키/XSV+ETN"
          },
          {
            "id": 7,
            "text": "2 : 웅 진짜 맨날 와주셔서 고마웠지",
            "norm_text": "웅 진짜 맨날 와주셔서 고마웠지",
            "speaker": {
              "id": "2번",
              "sex": "남성",
              "age": "20대"
            },
            "speechAct": "(단언) 주장하기",
            "morpheme": "웅/IC+진짜/MAG+맨날/MAG+와/VV+EC+주/VX+셔서/EP+EC+고마웠/VA+EP+지/EC"
          },
          {
            "id": 8,
            "text": "1 : 오 대박이다 나는 한번도 못 가봤어",
            "norm_text": "오 대박이다 나는 한번도 못 가봤어",
            "speaker": {
              "id": "1번",
              "sex": "여성",
              "age": "20대"
            },
            "speechAct": "(단언) 진술하기",
            "morpheme": "오/NR+대박/NNG+이/VCP+다/EF+나/NP+는/JX+한/MM+번/NNBC+도/JX+못/MAG+가/VV+EC+봤/VX+EP+어/EC"
          },
          {
            "id": 9,
            "text": "2 : 여자친구랑 매번 같이 와주셨어 키키",
            "norm_text": "여자친구랑 매번 같이 와주셨어 키키",
            "speaker": {
              "id": "2번",
              "sex": "남성",
              "age": "20대"
            },
            "speechAct": "(단언) 진술하기",
            "morpheme": "여자/NNG+친구/NNG+랑/JKB+매번/MAG+같이/MAG+와/VV+EC+주/VX+셨/EP+EP+어/EC+키/NNG+키/XSV+ETN"
          },
          {
            "id": 10,
            "text": "1 : 아 여자친구랑 같이? 키키 대박",
            "norm_text": "아 여자친구랑 같이? 키키 대박",
            "speaker": {
              "id": "1번",
              "sex": "여성",
              "age": "20대"
            },
            "speechAct": "(지시) 질문하기",
            "morpheme": "아/IC+여자/NNG+친구/NNG+랑/JKB+같이/MAG+키/NNG+키/NNG+대박/NNG"
          },
          {
            "id": 11,
            "text": "2 : 진짜 항상 우울할 때 꼭 와주셨어",
            "norm_text": "진짜 항상 우울할 때 꼭 와주셨어",
            "speaker": {
              "id": "2번",
              "sex": "남성",
              "age": "20대"
            },
            "speechAct": "(단언) 진술하기",
            "morpheme": "진짜/MAG+항상/MAG+우울/NNG+할/XSV+ETM+때/NNG+꼭/MAG+와/VV+EC+주/VX+셨/EP+EP+어/EC"
          },
          {
            "id": 12,
            "text": "1 : 군 생활에 완전 도움이 되었겠어",
            "norm_text": "군 생활에 완전 도움이 되었겠어",
            "speaker": {
              "id": "1번",
              "sex": "여성",
              "age": "20대"
            },
            "speechAct": "(단언) 주장하기",
            "morpheme": "군/NNG+생활/NNG+에/JKB+완전/NNG+도움/NNG+이/JKS+되/VV+었/EP+겠/EP+어/EC"
          },
          {
            "id": 13,
            "text": "2 : 여자친구는 항상 나 면회 올 때 레모나 챙겨다 주고",
            "norm_text": "여자친구는 항상 나 면회 올 때 레모나 챙겨다 주고",
            "speaker": {
              "id": "2번",
              "sex": "남성",
              "age": "20대"
            },
            "speechAct": "(단언) 진술하기",
            "morpheme": "여자/NNG+친구/NNG+는/JX+항상/MAG+나/NP+면회/NNG+올/MM+때/NNG+레모/NNP+나/JX+챙겨/VV+EC+다/MAG+주/VV+고/EC"
          },
          {
            "id": 14,
            "text": "1 : 오 키키 면회가 그런 재미도 있겠네",
            "norm_text": "오 키키 면회가 그런 재미도 있겠네",
            "speaker": {
              "id": "1번",
              "sex": "여성",
              "age": "20대"
            },
            "speechAct": "(단언) 주장하기",
            "morpheme": "오키/NNP+키/NNG+면회/NNG+가/JKS+그런/MM+재미/NNG+도/JX+있/VA+겠/EP+네/EF"
          },
          {
            "id": 15,
            "text": "2 : 진짜 내 인생에서 제일 컸지",
            "norm_text": "진짜 내 인생에서 제일 컸지",
            "speaker": {
              "id": "2번",
              "sex": "남성",
              "age": "20대"
            },
            "speechAct": "(단언) 주장하기",
            "morpheme": "진짜/MAG+내/NP+JKG+인생/NNG+에서/JKB+제일/MAG+컸/VA+EP+지/EC"
          },
          {
            "id": 16,
            "text": "1 : 키키 그래도 다시 군대 가기 싫지 않아?",
            "norm_text": "키키 그래도 다시 군대 가기 싫지 않아?",
            "speaker": {
              "id": "1번",
              "sex": "여성",
              "age": "20대"
            },
            "speechAct": "(지시) 질문하기",
            "morpheme": "키/NNG+키/XSV+ETN+그래도/MAJ+다시/MAG+군대/NNG+가/VV+기/ETN+싫/VA+지/EC+않/VX+아/EF"
          },
          {
            "id": 17,
            "text": "2 : 진짜 군대는 너무 가기 싫어 ㅡㅡ",
            "norm_text": "진짜 군대는 너무 가기 싫어 ㅡㅡ",
            "speaker": {
              "id": "2번",
              "sex": "남성",
              "age": "20대"
            },
            "speechAct": "(표현) 부정감정 표현하기",
            "morpheme": "진짜/MAG+군대/NNG+는/JX+너무/MAG+가/VV+기/ETN+싫/VA+어/EC+ㅡㅡ/UNKNOWN"
          }
        ]
      }
    }
  ]
}