{
  "dataset": {
    "identifier": 98315,
    "name": "FACEBOOK_116_11_set",
    "src_path": "/data/file/cubeManager/PROJECT001/77/txt20211029153356044774/FACEBOOK_116_11_set/",
    "label_path": "/data/file/cubeManager/PROJECT001/77/txt20211029153356044774/FACEBOOK_116_11_set/",
    "category": 2,
    "type": 0
  },
  "licenses": {
    "name": "Apache License 1.0",
    "url": "http://www.apache.org/licenses/LICENSE-1.0"
  },
  "info": [
    {
      "id": 110979,
      "filename": "FACEBOOK_116_11.txt",
      "title": "FACEBOOK_116_11",
      "mediatype": "SNS",
      "medianame": "페이스북",
      "category": "일상대화",
      "date": "2021-10-29",
      "size": 462,
      "annotations": {
        "subject": "게임",
        "speaker_type": "1:1",
        "size": 462,
        "word_size": 161,
        "text": "1 : 언니는 다트 던져본 적 있어?\n2 : 다트 술집에서 많이 해본 거 같은데 키키\n1 : 맞아\n1 : 요즘에는 다트 기계가 있더라?\n2 : 다트 기계?\n2 : 내가 했던 거랑 다른 건가\n1 : 언니는 그냥 다트판만 있었지?\n2 : 응 키키 판만 있었던 거 같은데\n1 : 요즘에는 다트 기계가 있어서 내가 던진 부분 숫자도 나와!\n2 : 와, 요즘엔 진짜 다 좋아졌다\n1 : 맞아 키키\n1 : 그거 다 던져서 어떤 숫자를 맞추면 경품을 줌!\n2 : 최신으로 나온 게 더 재밌겠다 키키\n1 : 어 맞아 키키\n1 : 내가 아는 술집이 그거 하거든?\n1 : 숫자 맞추면 맥주 꽁짜로 줌!\n2 : 맥주 공짜로 먹기 위해서 해야겠다 키키\n1 : 어 맞아 키키\n1 : 그리고 애들이랑 그거 해서 술값 내기도 하고!\n2 : 술값 내기면 또 못지지 키키\n2 : 이겨야지\n1 : 그러니까\n1 : 정신이 혼미한 친구들도 정신을 다 잡고 던짐 키키\n2 : 져서 내가 낼 수는 없으니까~",
        "lines": [
          {
            "id": 1,
            "text": "1 : 언니는 다트 던져본 적 있어?",
            "norm_text": "언니는 다트 던져본 적 있어?",
            "speaker": {
              "id": "1번",
              "sex": "여성",
              "age": "20대"
            },
            "speechAct": "(지시) 질문하기",
            "morpheme": "언니/NNG+는/JX+다트/NNG+던져본/VV+EC+VX+ETM+적/NNB+있/VA+어/EF"
          },
          {
            "id": 2,
            "text": "2 : 다트 술집에서 많이 해본 거 같은데 키키",
            "norm_text": "다트 술집에서 많이 해본 거 같은데 키키",
            "speaker": {
              "id": "2번",
              "sex": "여성",
              "age": "20대"
            },
            "speechAct": "(단언) 주장하기",
            "morpheme": "다트/NNG+술집/NNG+에서/JKB+많이/MAG+해/VV+EC+본/VX+ETM+거/NNB+같/VA+은데/EC+키/NNG+키/XSV+ETN"
          },
          {
            "id": 3,
            "text": "1 : 맞아",
            "norm_text": "맞아",
            "speaker": {
              "id": "1번",
              "sex": "여성",
              "age": "20대"
            },
            "speechAct": "(단언) 주장하기",
            "morpheme": "맞/VV+아/EC"
          },
          {
            "id": 4,
            "text": "1 : 요즘에는 다트 기계가 있더라?",
            "norm_text": "요즘에는 다트 기계가 있더라?",
            "speaker": {
              "id": "1번",
              "sex": "여성",
              "age": "20대"
            },
            "speechAct": "(단언) 주장하기",
            "morpheme": "요즘/NNG+에/JKB+는/JX+다트/NNG+기계/NNG+가/JKS+있/VA+더라/EF"
          },
          {
            "id": 5,
            "text": "2 : 다트 기계?",
            "norm_text": "다트 기계?",
            "speaker": {
              "id": "2번",
              "sex": "여성",
              "age": "20대"
            },
            "speechAct": "(지시) 질문하기",
            "morpheme": "다트/NNG+기계/NNG"
          },
          {
            "id": 6,
            "text": "2 : 내가 했던 거랑 다른 건가",
            "norm_text": "내가 했던 거랑 다른 건가",
            "speaker": {
              "id": "2번",
              "sex": "여성",
              "age": "20대"
            },
            "speechAct": "(지시) 질문하기",
            "morpheme": "내/NP+가/JKS+했/VV+EP+던/ETM+거/NNB+랑/JC+다른/MM+건가/NNB+VCP+EC"
          },
          {
            "id": 7,
            "text": "1 : 언니는 그냥 다트판만 있었지?",
            "norm_text": "언니는 그냥 다트판만 있었지?",
            "speaker": {
              "id": "1번",
              "sex": "여성",
              "age": "20대"
            },
            "speechAct": "(지시) 질문하기",
            "morpheme": "언니/NNG+는/JX+그냥/MAG+다트/NNG+판/NNG+만/JX+있/VX+었/EP+지/EF"
          },
          {
            "id": 8,
            "text": "2 : 응 키키 판만 있었던 거 같은데",
            "norm_text": "응 키키 판만 있었던 거 같은데",
            "speaker": {
              "id": "2번",
              "sex": "여성",
              "age": "20대"
            },
            "speechAct": "(단언) 주장하기",
            "morpheme": "응/IC+키/NNG+키/NNG+판/NNG+만/JX+있/VX+었/EP+던/ETM+거/NNB+같/VA+은데/EC"
          },
          {
            "id": 9,
            "text": "1 : 요즘에는 다트 기계가 있어서 내가 던진 부분 숫자도 나와!",
            "norm_text": "요즘에는 다트 기계가 있어서 내가 던진 부분 숫자도 나와!",
            "speaker": {
              "id": "1번",
              "sex": "여성",
              "age": "20대"
            },
            "speechAct": "(단언) 주장하기",
            "morpheme": "요즘/NNG+에/JKB+는/JX+다트/NNG+기계/NNG+가/JKS+있/VA+어서/EC+내/NP+가/JKS+던진/VV+ETM+부분/NNG+숫자/NNG+도/JX+나와/VV+EF"
          },
          {
            "id": 10,
            "text": "2 : 와, 요즘엔 진짜 다 좋아졌다",
            "norm_text": "와, 요즘엔 진짜 다 좋아졌다",
            "speaker": {
              "id": "2번",
              "sex": "여성",
              "age": "20대"
            },
            "speechAct": "(단언) 주장하기",
            "morpheme": "와/IC+,/SC+요즘/NNG+엔/JKB+JX+진짜/MAG+다/MAG+좋/VA+아/EC+졌/VX+EP+다/EC"
          },
          {
            "id": 11,
            "text": "1 : 맞아 키키",
            "norm_text": "맞아 키키",
            "speaker": {
              "id": "1번",
              "sex": "여성",
              "age": "20대"
            },
            "speechAct": "(단언) 주장하기",
            "morpheme": "맞/VV+아/EC+키/NNG+키/XSV+ETN"
          },
          {
            "id": 12,
            "text": "1 : 그거 다 던져서 어떤 숫자를 맞추면 경품을 줌!",
            "norm_text": "그거 다 던져서 어떤 숫자를 맞추면 경품을 줌!",
            "speaker": {
              "id": "1번",
              "sex": "여성",
              "age": "20대"
            },
            "speechAct": "(단언) 주장하기",
            "morpheme": "그거/NP+다/JX+던져서/VV+EC+어떤/MM+숫자/NNG+를/JKO+맞추/VV+면/EC+경품/NNG+을/JKO+줌/VV+ETN"
          },
          {
            "id": 13,
            "text": "2 : 최신으로 나온 게 더 재밌겠다 키키",
            "norm_text": "최신으로 나온 게 더 재밌겠다 키키",
            "speaker": {
              "id": "2번",
              "sex": "여성",
              "age": "20대"
            },
            "speechAct": "(단언) 주장하기",
            "morpheme": "최신/NNG+으로/JKB+나온/VV+ETM+게/NNB+JKS+더/MAG+재밌/VA+겠/EP+다키키/NNP"
          },
          {
            "id": 14,
            "text": "1 : 어 맞아 키키",
            "norm_text": "어 맞아 키키",
            "speaker": {
              "id": "1번",
              "sex": "여성",
              "age": "20대"
            },
            "speechAct": "(단언) 주장하기",
            "morpheme": "어/IC+맞/VV+아/EC+키/NNG+키/XSV+ETN"
          },
          {
            "id": 15,
            "text": "1 : 내가 아는 술집이 그거 하거든?",
            "norm_text": "내가 아는 술집이 그거 하거든?",
            "speaker": {
              "id": "1번",
              "sex": "여성",
              "age": "20대"
            },
            "speechAct": "(단언) 주장하기",
            "morpheme": "내/NP+가/JKS+아/VV+는/ETM+술집/NNG+이/JKS+그거/NP+하/VV+거든/EF"
          },
          {
            "id": 16,
            "text": "1 : 숫자 맞추면 맥주 꽁짜로 줌!",
            "norm_text": "숫자 맞추면 맥주 꽁짜로 줌!",
            "speaker": {
              "id": "1번",
              "sex": "여성",
              "age": "20대"
            },
            "speechAct": "(단언) 주장하기",
            "morpheme": "숫자/NNG+맞추/VV+면/EC+맥주/NNG+꽁짜/NNG+로/JKB+줌/VV+ETN"
          },
          {
            "id": 17,
            "text": "2 : 맥주 공짜로 먹기 위해서 해야겠다 키키",
            "norm_text": "맥주 공짜로 먹기 위해서 해야겠다 키키",
            "speaker": {
              "id": "2번",
              "sex": "여성",
              "age": "20대"
            },
            "speechAct": "(단언) 주장하기",
            "morpheme": "맥주/NNG+공짜/NNG+로/JKB+먹/VV+기/ETN+위해서/VV+EC+해야/VX+EC+VX+겠/EP+다키키/NNP"
          },
          {
            "id": 18,
            "text": "1 : 어 맞아 키키",
            "norm_text": "어 맞아 키키",
            "speaker": {
              "id": "1번",
              "sex": "여성",
              "age": "20대"
            },
            "speechAct": "(단언) 주장하기",
            "morpheme": "어/IC+맞/VV+아/EC+키/NNG+키/XSV+ETN"
          },
          {
            "id": 19,
            "text": "1 : 그리고 애들이랑 그거 해서 술값 내기도 하고!",
            "norm_text": "그리고 애들이랑 그거 해서 술값 내기도 하고!",
            "speaker": {
              "id": "1번",
              "sex": "여성",
              "age": "20대"
            },
            "speechAct": "(단언) 주장하기",
            "morpheme": "그리고/MAJ+애/NNG+들/XSN+이랑/JC+그거/NP+해서/VV+EC+술값/NNG+내/VV+기/ETN+도/JX+하/VV+고/EC"
          },
          {
            "id": 20,
            "text": "2 : 술값 내기면 또 못지지 키키",
            "norm_text": "술값 내기면 또 못지지 키키",
            "speaker": {
              "id": "2번",
              "sex": "여성",
              "age": "20대"
            },
            "speechAct": "(단언) 주장하기",
            "morpheme": "술값/NNG+내기/NNG+면/VCP+EC+또/MAG+못/MAG+지/VV+지/EC+키/NNG+키/XSV+ETN"
          },
          {
            "id": 21,
            "text": "2 : 이겨야지",
            "norm_text": "이겨야지",
            "speaker": {
              "id": "2번",
              "sex": "여성",
              "age": "20대"
            },
            "speechAct": "(단언) 주장하기",
            "morpheme": "이겨야/VV+EC+VX+지/EC"
          },
          {
            "id": 22,
            "text": "1 : 그러니까",
            "norm_text": "그러니까",
            "speaker": {
              "id": "1번",
              "sex": "여성",
              "age": "20대"
            },
            "speechAct": "(단언) 주장하기",
            "morpheme": "그러니까/MAJ"
          },
          {
            "id": 23,
            "text": "1 : 정신이 혼미한 친구들도 정신을 다 잡고 던짐 키키",
            "norm_text": "정신이 혼미한 친구들도 정신을 다 잡고 던짐 키키",
            "speaker": {
              "id": "1번",
              "sex": "여성",
              "age": "20대"
            },
            "speechAct": "(단언) 주장하기",
            "morpheme": "정신/NNG+이/JKS+혼미/NNG+한/XSA+ETM+친구/NNG+들/XSN+도/JX+정신/NNG+을/JKO+다/MAG+잡/VV+고/EC+던짐/NNG+키/NNG+키/XSV+ETN"
          },
          {
            "id": 24,
            "text": "2 : 져서 내가 낼 수는 없으니까~",
            "norm_text": "져서 내가 낼 수는 없으니까~",
            "speaker": {
              "id": "2번",
              "sex": "여성",
              "age": "20대"
            },
            "speechAct": "(단언) 주장하기",
            "morpheme": "져서/VV+EC+내/NP+가/JKS+낼/VV+ETM+수/NNB+는/JX+없/VA+으니까/EC+~/SY"
          }
        ]
      }
    }
  ]
}