{
  "dataset": {
    "identifier": 117090,
    "name": "FACEBOOK_105_10_set",
    "src_path": "/data/file/cubeManager/PROJECT001/77/txt20211028144832038477/FACEBOOK_105_10_set/",
    "label_path": "/data/file/cubeManager/PROJECT001/77/txt20211028144832038477/FACEBOOK_105_10_set/",
    "category": 2,
    "type": 0
  },
  "licenses": {
    "name": "Apache License 1.0",
    "url": "http://www.apache.org/licenses/LICENSE-1.0"
  },
  "info": [
    {
      "id": 100335,
      "filename": "FACEBOOK_105_10.txt",
      "title": "FACEBOOK_105_10",
      "mediatype": "SNS",
      "medianame": "페이스북",
      "category": "일상대화",
      "date": "2021-10-28",
      "size": 508,
      "annotations": {
        "subject": "스포츠/레저",
        "speaker_type": "1:1",
        "size": 508,
        "word_size": 174,
        "text": "1 : 오빠 당구 몇 쳐?\n1 : 잘 침?\n2 : 나 당구 못해\n2 : 한 100 나올까? 키키\n1 : 근데 그거 점수는 어떻게 매기는 거야?\n2 : 그게 사람마다 다르다고 하는데 한번 쳤을 때 나오는 점수가 내 점수래\n1 : 그렇구나\n1 : 난 친구랑 같이 포켓볼 친 적 있어!\n2 : 아 여자들은 그거 많이 하더라고 키키\n2 : 너 잘해?\n1 : 키키 아니\n1 : 나는 그 원리를 잘 모르겠더라 키키\n2 : 키키 그래서 자책골로 검정색 넣고 판 끝내고 그러는 거 아니야?\n1 : 맞아 흰색 볼로 쳐야 하는데 노란색 볼 같은 걸로 치고 그랬어~\n2 : 키키 그래도 포켓볼은 그렇게 초보가 있어야 웃겨 키키\n1 : 키키 나는 깍두기로 들어가서 날아다녔어\n1 : 대충 치고 끝냄\n2 : 근데 깍두기가 그렇게 하면 치는 애들은 엉망이 되었겠다 키키\n1 : 키키 괜찮아\n1 : 나만 즐거우면 돼~\n2 : 그러 뭐든 즐기면서 하는 게 가장 중요하지!\n1 : 키키 맞아\n1 : 그거 시간당 얼마였더라?\n2 : 그거 한 8000원 이 정도 하는 거 같던데 키키",
        "lines": [
          {
            "id": 1,
            "text": "1 : 오빠 당구 몇 쳐?",
            "norm_text": "오빠 당구 몇 쳐?",
            "speaker": {
              "id": "1번",
              "sex": "여성",
              "age": "20대"
            },
            "speechAct": "(지시) 질문하기",
            "morpheme": "오빠/NNG+당구/NNG+몇/MM+쳐/VV+EF"
          },
          {
            "id": 2,
            "text": "1 : 잘 침?",
            "norm_text": "잘 침?",
            "speaker": {
              "id": "1번",
              "sex": "여성",
              "age": "20대"
            },
            "speechAct": "(지시) 질문하기",
            "morpheme": "잘/MAG+침/NNG"
          },
          {
            "id": 3,
            "text": "2 : 나 당구 못해",
            "norm_text": "나 당구 못해",
            "speaker": {
              "id": "2번",
              "sex": "남성",
              "age": "20대"
            },
            "speechAct": "(단언) 주장하기",
            "morpheme": "나당/NNG+구/VCP+EC+못해/VX+EC"
          },
          {
            "id": 4,
            "text": "2 : 한 100 나올까? 키키",
            "norm_text": "한 100 나올까? 키키",
            "speaker": {
              "id": "2번",
              "sex": "남성",
              "age": "20대"
            },
            "speechAct": "(단언) 주장하기",
            "morpheme": "한/MM+100/SN+나올까/VV+EF+키/NNG+키/XSV+ETN"
          },
          {
            "id": 5,
            "text": "1 : 근데 그거 점수는 어떻게 매기는 거야?",
            "norm_text": "근데 그거 점수는 어떻게 매기는 거야?",
            "speaker": {
              "id": "1번",
              "sex": "여성",
              "age": "20대"
            },
            "speechAct": "(지시) 질문하기",
            "morpheme": "근데/MAJ+그거/NP+점수/NNG+는/JX+어떻게/MAG+매기/VV+는/ETM+거/NNB+야/VCP+EF"
          },
          {
            "id": 6,
            "text": "2 : 그게 사람마다 다르다고 하는데 한번 쳤을 때 나오는 점수가 내 점수래",
            "norm_text": "그게 사람마다 다르다고 하는데 한번 쳤을 때 나오는 점수가 내 점수래",
            "speaker": {
              "id": "2번",
              "sex": "남성",
              "age": "20대"
            },
            "speechAct": "(단언) 주장하기",
            "morpheme": "그게/NP+JKS+사람/NNG+마다/JX+다르/VA+다고/EC+하/VV+는데/EC+한/MM+번/NNBC+쳤/VV+EP+을/ETM+때/NNG+나오/VV+는/ETM+점수/NNG+가/JKS+내/NP+JKG+점수/NNG+래/VCP+EC"
          },
          {
            "id": 7,
            "text": "1 : 그렇구나",
            "norm_text": "그렇구나",
            "speaker": {
              "id": "1번",
              "sex": "여성",
              "age": "20대"
            },
            "speechAct": "(단언) 주장하기",
            "morpheme": "그렇/VA+구나/EC"
          },
          {
            "id": 8,
            "text": "1 : 난 친구랑 같이 포켓볼 친 적 있어!",
            "norm_text": "난 친구랑 같이 포켓볼 친 적 있어!",
            "speaker": {
              "id": "1번",
              "sex": "여성",
              "age": "20대"
            },
            "speechAct": "(단언) 진술하기",
            "morpheme": "난/NP+JX+친구/NNG+랑/JKB+같이/MAG+포켓볼/NNG+친/VV+ETM+적/NNB+있/VA+어/EF"
          },
          {
            "id": 9,
            "text": "2 : 아 여자들은 그거 많이 하더라고 키키",
            "norm_text": "아 여자들은 그거 많이 하더라고 키키",
            "speaker": {
              "id": "2번",
              "sex": "남성",
              "age": "20대"
            },
            "speechAct": "(단언) 주장하기",
            "morpheme": "아/IC+여자/NNG+들/XSN+은/JX+그거/NP+많이/MAG+하/VV+더라고/EC+키/NNG+키/XSV+ETN"
          },
          {
            "id": 10,
            "text": "2 : 너 잘해?",
            "norm_text": "너 잘해?",
            "speaker": {
              "id": "2번",
              "sex": "남성",
              "age": "20대"
            },
            "speechAct": "(지시) 질문하기",
            "morpheme": "너/NP+잘/MAG+해/VV+EF"
          },
          {
            "id": 11,
            "text": "1 : 키키 아니",
            "norm_text": "키키 아니",
            "speaker": {
              "id": "1번",
              "sex": "여성",
              "age": "20대"
            },
            "speechAct": "(단언) 주장하기",
            "morpheme": "키/NNG+키/XSV+ETN+아니/VCN"
          },
          {
            "id": 12,
            "text": "1 : 나는 그 원리를 잘 모르겠더라 키키",
            "norm_text": "나는 그 원리를 잘 모르겠더라 키키",
            "speaker": {
              "id": "1번",
              "sex": "여성",
              "age": "20대"
            },
            "speechAct": "(단언) 주장하기",
            "morpheme": "나/NP+는/JX+그/MM+원리/NNG+를/JKO+잘/MAG+모르/VV+겠/EP+더라/EF+키/NNG+키/XSV+ETN"
          },
          {
            "id": 13,
            "text": "2 : 키키 그래서 자책골로 검정색 넣고 판 끝내고 그러는 거 아니야?",
            "norm_text": "키키 그래서 자책골로 검정색 넣고 판 끝내고 그러는 거 아니야?",
            "speaker": {
              "id": "2번",
              "sex": "남성",
              "age": "20대"
            },
            "speechAct": "(지시) 질문하기",
            "morpheme": "키/NNG+키/XSV+ETN+그래서/MAJ+자책골/NNG+로/JKB+검정/NNG+색/NNG+넣/VV+고/EC+판/VV+ETM+끝/NNG+내/VV+고/EC+그러/VV+는/ETM+거/NNB+아니/VCN+야/EF"
          },
          {
            "id": 14,
            "text": "1 : 맞아 흰색 볼로 쳐야 하는데 노란색 볼 같은 걸로 치고 그랬어~",
            "norm_text": "맞아 흰색 볼로 쳐야 하는데 노란색 볼 같은 걸로 치고 그랬어~",
            "speaker": {
              "id": "1번",
              "sex": "여성",
              "age": "20대"
            },
            "speechAct": "(단언) 주장하기",
            "morpheme": "맞아흰색볼로쳐야하는데노란색볼같은걸로치고그랬어/UNKNOWN+~/SY"
          },
          {
            "id": 15,
            "text": "2 : 키키 그래도 포켓볼은 그렇게 초보가 있어야 웃겨 키키",
            "norm_text": "키키 그래도 포켓볼은 그렇게 초보가 있어야 웃겨 키키",
            "speaker": {
              "id": "2번",
              "sex": "남성",
              "age": "20대"
            },
            "speechAct": "(단언) 주장하기",
            "morpheme": "키/NNG+키/XSV+ETN+그래도/MAJ+포켓볼/NNG+은/JX+그렇게/MAG+초보/NNG+가/JKS+있/VA+어야/EC+웃겨/VV+EC+키/NNG+키/XSV+ETN"
          },
          {
            "id": 16,
            "text": "1 : 키키 나는 깍두기로 들어가서 날아다녔어",
            "norm_text": "키키 나는 깍두기로 들어가서 날아다녔어",
            "speaker": {
              "id": "1번",
              "sex": "여성",
              "age": "20대"
            },
            "speechAct": "(단언) 주장하기",
            "morpheme": "키/NNG+키나/XSA+ETN+JX+는/JX+깍두기/NNG+로/JKB+들어가/VV+서/EC+날아다녔/VV+EP+어/EC"
          },
          {
            "id": 17,
            "text": "1 : 대충 치고 끝냄",
            "norm_text": "대충 치고 끝냄",
            "speaker": {
              "id": "1번",
              "sex": "여성",
              "age": "20대"
            },
            "speechAct": "(단언) 주장하기",
            "morpheme": "대충/MAG+치/VV+고/EC+끝냄/VV+ETN"
          },
          {
            "id": 18,
            "text": "2 : 근데 깍두기가 그렇게 하면 치는 애들은 엉망이 되었겠다 키키",
            "norm_text": "근데 깍두기가 그렇게 하면 치는 애들은 엉망이 되었겠다 키키",
            "speaker": {
              "id": "2번",
              "sex": "남성",
              "age": "20대"
            },
            "speechAct": "(단언) 주장하기",
            "morpheme": "근데/MAJ+깍두기/NNG+가/JKS+그렇게/MAG+하/VV+면/EC+치/VV+는/ETM+애/NNG+들/XSN+은/JX+엉망/NNG+이/JKS+되/VV+었겠/EC+다키키/NNP"
          },
          {
            "id": 19,
            "text": "1 : 키키 괜찮아",
            "norm_text": "키키 괜찮아",
            "speaker": {
              "id": "1번",
              "sex": "여성",
              "age": "20대"
            },
            "speechAct": "(단언) 주장하기",
            "morpheme": "키/NNG+키/XSV+ETN+괜찮/VA+아/EC"
          },
          {
            "id": 20,
            "text": "1 : 나만 즐거우면 돼~",
            "norm_text": "나만 즐거우면 돼~",
            "speaker": {
              "id": "1번",
              "sex": "여성",
              "age": "20대"
            },
            "speechAct": "(단언) 주장하기",
            "morpheme": "나/NP+만/JX+즐거우/VV+면/EC+돼/VV+EC+~/SY"
          },
          {
            "id": 21,
            "text": "2 : 그러 뭐든 즐기면서 하는 게 가장 중요하지!",
            "norm_text": "그러 뭐든 즐기면서 하는 게 가장 중요하지!",
            "speaker": {
              "id": "2번",
              "sex": "남성",
              "age": "20대"
            },
            "speechAct": "(단언) 주장하기",
            "morpheme": "그러/XR+뭐/NP+든/VCP+EC+즐기/VV+면서/EC+하/VV+는/ETM+게/NNB+JKS+가장/MAG+중요/NNG+하/XSA+지/EF"
          },
          {
            "id": 22,
            "text": "1 : 키키 맞아",
            "norm_text": "키키 맞아",
            "speaker": {
              "id": "1번",
              "sex": "여성",
              "age": "20대"
            },
            "speechAct": "(단언) 주장하기",
            "morpheme": "키/NNG+키/XSV+ETN+맞/VV+아/EC"
          },
          {
            "id": 23,
            "text": "1 : 그거 시간당 얼마였더라?",
            "norm_text": "그거 시간당 얼마였더라?",
            "speaker": {
              "id": "1번",
              "sex": "여성",
              "age": "20대"
            },
            "speechAct": "(지시) 질문하기",
            "morpheme": "그거/NP+시간/NNG+당/XSN+얼마/NNG+였/VCP+EP+더라/EF"
          },
          {
            "id": 24,
            "text": "2 : 그거 한 8000원 이 정도 하는 거 같던데 키키",
            "norm_text": "그거 한 8000원 이 정도 하는 거 같던데 키키",
            "speaker": {
              "id": "2번",
              "sex": "남성",
              "age": "20대"
            },
            "speechAct": "(단언) 주장하기",
            "morpheme": "그거/NP+한/MM+8000/SN+원/NNBC+이/JKS+정도/NNG+하/XSV+는/ETM+거/NNB+같/VA+던데/EC+키/NNG+키/XSV+ETN"
          }
        ]
      }
    }
  ]
}