{
  "dataset": {
    "identifier": 116622,
    "name": "FACEBOOK_111_10_set",
    "src_path": "/data/file/cubeManager/PROJECT001/80/txt20211102153319050873/FACEBOOK_111_10_set/",
    "label_path": "/data/file/cubeManager/PROJECT001/80/txt20211102153319050873/FACEBOOK_111_10_set/",
    "category": 2,
    "type": 0
  },
  "licenses": {
    "name": "Apache License 1.0",
    "url": "http://www.apache.org/licenses/LICENSE-1.0"
  },
  "info": [
    {
      "id": 130034,
      "filename": "FACEBOOK_111_10.txt",
      "title": "FACEBOOK_111_10",
      "mediatype": "SNS",
      "medianame": "페이스북",
      "category": "일상대화",
      "date": "2021-11-02",
      "size": 422,
      "annotations": {
        "subject": "스포츠/레저",
        "speaker_type": "1:1",
        "size": 422,
        "word_size": 139,
        "text": "1 : 언니는 지금 헬스 다닌다고 했잖아!\n2 : 응! 헬스장 맨날 다니고 있지~\n1 : 언니 지금 개인 피티 받고 있는 거야?\n2 : 응 개인으로도 받고 혼자서도 하려고 해!\n1 : 오오 키키\n1 : 일주일에 헬스장은 몇 반이나 가?\n2 : 일주일에 5일 정도 가고 있어 하하\n1 : 와, 그게 가능해,?\n1 : 나는 일주일에 세 번도 헐떡이는데!\n2 : 키키 이게 습관이 되니까 괜찮더라~\n1 : 헐 그렇구나, 언니 다닌 지는 몇 개월 됐어?\n2 : 나 헬스장 다닌지 이제 2년 넘었어!\n1 : 와 대박, 진짜 오래 다녔구나,?\n2 : 응 식단도 거의 2년 돼가 하하\n1 : 와오, 대박,\n1 : 지금도 그러면 언니 샐러드 먹는 중이야?\n2 : 아침 점심만 샐러드로 먹고 있어!\n1 : 와, 나는 하루에 한 끼 먹으려고 해도 물리던데!?\n2 : 키키 드레싱을 다 다르게 먹으면 되지~",
        "lines": [
          {
            "id": 1,
            "text": "1 : 언니는 지금 헬스 다닌다고 했잖아!",
            "norm_text": "언니는 지금 헬스 다닌다고 했잖아!",
            "speaker": {
              "id": "1번",
              "sex": "여성",
              "age": "20대"
            },
            "speechAct": "(지시) 질문하기",
            "morpheme": "언니/NNG+는/JX+지금/MAG+헬스/NNG+다닌다고/VV+EC+했잖아/VX+EP+EC+VX+EF"
          },
          {
            "id": 2,
            "text": "2 : 응! 헬스장 맨날 다니고 있지~",
            "norm_text": "응! 헬스장 맨날 다니고 있지~",
            "speaker": {
              "id": "2번",
              "sex": "여성",
              "age": "20대"
            },
            "speechAct": "(단언) 주장하기",
            "morpheme": "응/IC+헬스/NNG+장/NNG+맨날/MAG+다니/VV+고/EC+있/VX+지/EC+~/SY"
          },
          {
            "id": 3,
            "text": "1 : 언니 지금 개인 피티 받고 있는 거야?",
            "norm_text": "언니 지금 개인 피티 받고 있는 거야?",
            "speaker": {
              "id": "1번",
              "sex": "여성",
              "age": "20대"
            },
            "speechAct": "(지시) 질문하기",
            "morpheme": "언니/NNG+지금/MAG+개인/NNG+피티/NNG+받/VV+고/EC+있/VX+는/ETM+거/NNB+야/VCP+EF"
          },
          {
            "id": 4,
            "text": "2 : 응 개인으로도 받고 혼자서도 하려고 해!",
            "norm_text": "응 개인으로도 받고 혼자서도 하려고 해!",
            "speaker": {
              "id": "2번",
              "sex": "여성",
              "age": "20대"
            },
            "speechAct": "(단언) 진술하기",
            "morpheme": "응/IC+개인/NNG+으로/JKB+도/JX+받/VV+고/EC+혼자/NNG+서/JKB+도/JX+하/VV+려고/EC+해/VX+EF"
          },
          {
            "id": 5,
            "text": "1 : 오오 키키",
            "norm_text": "오오 키키",
            "speaker": {
              "id": "1번",
              "sex": "여성",
              "age": "20대"
            },
            "speechAct": "(단언) 주장하기",
            "morpheme": "오/NR+오/NR+키/NNG+키/XSV+ETN"
          },
          {
            "id": 6,
            "text": "1 : 일주일에 헬스장은 몇 반이나 가?",
            "norm_text": "일주일에 헬스장은 몇 반이나 가?",
            "speaker": {
              "id": "1번",
              "sex": "여성",
              "age": "20대"
            },
            "speechAct": "(지시) 질문하기",
            "morpheme": "일/NR+주일/NNBC+에/JKB+헬스/NNG+장/NNG+은/JX+몇/MM+반/NNG+이/JKS+나가/VV+EF"
          },
          {
            "id": 7,
            "text": "2 : 일주일에 5일 정도 가고 있어 하하",
            "norm_text": "일주일에 5일 정도 가고 있어 하하",
            "speaker": {
              "id": "2번",
              "sex": "여성",
              "age": "20대"
            },
            "speechAct": "(단언) 진술하기",
            "morpheme": "일/NR+주일/NNBC+에/JKB+5/SN+일/NNBC+정도/NNG+가/VV+고/EC+있/VX+어/EC+하하/MAG"
          },
          {
            "id": 8,
            "text": "1 : 와, 그게 가능해,?",
            "norm_text": "와, 그게 가능해,?",
            "speaker": {
              "id": "1번",
              "sex": "여성",
              "age": "20대"
            },
            "speechAct": "(지시) 질문하기",
            "morpheme": "와/IC+,/SC+그게/NP+JKS+가능/NNG+해/XSV+EC+,/SY"
          },
          {
            "id": 9,
            "text": "1 : 나는 일주일에 세 번도 헐떡이는데!",
            "norm_text": "나는 일주일에 세 번도 헐떡이는데!",
            "speaker": {
              "id": "1번",
              "sex": "여성",
              "age": "20대"
            },
            "speechAct": "(단언) 주장하기",
            "morpheme": "나/NP+는/JX+일/NR+주일/NNBC+에/JKB+세/MM+번/NNBC+도/JX+헐떡이/VV+는데/EC"
          },
          {
            "id": 10,
            "text": "2 : 키키 이게 습관이 되니까 괜찮더라~",
            "norm_text": "키키 이게 습관이 되니까 괜찮더라~",
            "speaker": {
              "id": "2번",
              "sex": "여성",
              "age": "20대"
            },
            "speechAct": "(단언) 주장하기",
            "morpheme": "키/NNG+키/XSV+ETN+이게/NP+JKS+습관/NNG+이/JKS+되/VV+니까/EC+괜찮/VA+더라/EC+~/SY"
          },
          {
            "id": 11,
            "text": "1 : 헐 그렇구나, 언니 다닌 지는 몇 개월 됐어?",
            "norm_text": "헐 그렇구나, 언니 다닌 지는 몇 개월 됐어?",
            "speaker": {
              "id": "1번",
              "sex": "여성",
              "age": "20대"
            },
            "speechAct": "(지시) 질문하기",
            "morpheme": "헐/VV+JKO+그렇/VA+구나/EF+,/SC+언니/NNG+다닌지/VV+EC+는/JX+몇/MM+개월/NNBC+됐/VV+EP+어/EF"
          },
          {
            "id": 12,
            "text": "2 : 나 헬스장 다닌지 이제 2년 넘었어!",
            "norm_text": "나 헬스장 다닌지 이제 2년 넘었어!",
            "speaker": {
              "id": "2번",
              "sex": "여성",
              "age": "20대"
            },
            "speechAct": "(단언) 진술하기",
            "morpheme": "나/NP+헬스/NNG+장/NNG+다닌지/VV+EC+이제/MAG+2/SN+년/NNBC+넘/VV+었/EP+어/EF"
          },
          {
            "id": 13,
            "text": "1 : 와 대박, 진짜 오래 다녔구나,?",
            "norm_text": "와 대박, 진짜 오래 다녔구나,?",
            "speaker": {
              "id": "1번",
              "sex": "여성",
              "age": "20대"
            },
            "speechAct": "(지시) 질문하기",
            "morpheme": "와/IC+대박/NNG+,/SC+진짜/MAG+오래/MAG+다녔/VV+EP+구나/EF+,/SC"
          },
          {
            "id": 14,
            "text": "2 : 응 식단도 거의 2년 돼가 하하",
            "norm_text": "응 식단도 거의 2년 돼가 하하",
            "speaker": {
              "id": "2번",
              "sex": "여성",
              "age": "20대"
            },
            "speechAct": "(단언) 진술하기",
            "morpheme": "응/IC+식단/NNG+도/JX+거의/MAG+2/SN+년/NNBC+돼/VV+EF+가/JKS+하하/MAG"
          },
          {
            "id": 15,
            "text": "1 : 와오, 대박,",
            "norm_text": "와오, 대박,",
            "speaker": {
              "id": "1번",
              "sex": "여성",
              "age": "20대"
            },
            "speechAct": "(표현) 긍정감정 표현하기",
            "morpheme": "와오/NNG+,/SC+대박/NNG+,/SC"
          },
          {
            "id": 16,
            "text": "1 : 지금도 그러면 언니 샐러드 먹는 중이야?",
            "norm_text": "지금도 그러면 언니 샐러드 먹는 중이야?",
            "speaker": {
              "id": "1번",
              "sex": "여성",
              "age": "20대"
            },
            "speechAct": "(지시) 질문하기",
            "morpheme": "지금/NNG+도/JX+그러/VV+면/EC+언니/NNG+샐러드/NNG+먹/VV+는/ETM+중/NNB+이/VCP+야/EF"
          },
          {
            "id": 17,
            "text": "2 : 아침 점심만 샐러드로 먹고 있어!",
            "norm_text": "아침 점심만 샐러드로 먹고 있어!",
            "speaker": {
              "id": "2번",
              "sex": "여성",
              "age": "20대"
            },
            "speechAct": "(단언) 진술하기",
            "morpheme": "아침/NNG+점심/NNG+만/JX+샐러드/NNG+로/JKB+먹/VV+고/EC+있/VX+어/EF"
          },
          {
            "id": 18,
            "text": "1 : 와, 나는 하루에 한 끼 먹으려고 해도 물리던데!?",
            "norm_text": "와, 나는 하루에 한 끼 먹으려고 해도 물리던데!?",
            "speaker": {
              "id": "1번",
              "sex": "여성",
              "age": "20대"
            },
            "speechAct": "(지시) 질문하기",
            "morpheme": "와/IC+,/SC+나/NP+는/JX+하루/NNG+에/JKB+한/MM+끼/NNBC+먹/VV+으려고/EC+해도/VV+EC+물리/VV+던데/EC+!/SY"
          },
          {
            "id": 19,
            "text": "2 : 키키 드레싱을 다 다르게 먹으면 되지~",
            "norm_text": "키키 드레싱을 다 다르게 먹으면 되지~",
            "speaker": {
              "id": "2번",
              "sex": "여성",
              "age": "20대"
            },
            "speechAct": "(단언) 주장하기",
            "morpheme": "키/NNG+키/NNG+드레싱/NNG+을/JKO+다/MAG+다르/VA+게/EC+먹/VV+으면/EC+되/VV+지/EC+~/SY"
          }
        ]
      }
    }
  ]
}