{
  "dataset": {
    "identifier": 117776,
    "name": "FACEBOOK_105_16_set",
    "src_path": "/data/file/cubeManager/PROJECT001/77/txt20211028144832043073/FACEBOOK_105_16_set/",
    "label_path": "/data/file/cubeManager/PROJECT001/77/txt20211028144832043073/FACEBOOK_105_16_set/",
    "category": 2,
    "type": 0
  },
  "licenses": {
    "name": "Apache License 1.0",
    "url": "http://www.apache.org/licenses/LICENSE-1.0"
  },
  "info": [
    {
      "id": 100341,
      "filename": "FACEBOOK_105_16.txt",
      "title": "FACEBOOK_105_16",
      "mediatype": "SNS",
      "medianame": "페이스북",
      "category": "일상대화",
      "date": "2021-10-28",
      "size": 559,
      "annotations": {
        "subject": "미용",
        "speaker_type": "1:1",
        "size": 559,
        "word_size": 192,
        "text": "1 : 오빠는 샤워기에 필터 쓰고 있어?\n2 : 아니\n2 : 나는 귀찮아서 잘 안 해 키키\n1 : 나는 지금 쓰고 있거든!\n1 : 근데 좋은 거 같아!\n2 : 그 필터에 노랗게 변하는 거 눈으로 확인해?\n1 : 맞아 키키\n1 : 그래서 이제는 필터 쓰는 게 필수가 됐어\n2 : 맞아\n2 : 나중에 시간 지나면 그건 무조건 다들 쓸 거라고 그러더라 키키\n1 : 키키  맞아\n1 : 이게 눈으로 확인이 되니까 그냥은 못 쓰겠더라!\n2 : 수도관이 녹스는 것도 있고 그래서 녹물도 있는 거지 키키\n1 : 키키  맞아\n1 : 그리고 서울 같은 경우는 약품처리를 더 많이 한다는 말을 들었어!\n2 : 헐 그럼 필수적으로 쓰긴 해야겠다\n2 : 나도 한번 사서 써야지 ㅠㅠ\n1 : 그러니까 ㅜㅜ 올영에 파는데 좀 비싼 거 같아!\n2 : 나는 그 나블리네 가족들 선전하는 거 살라고 키키\n1 : 오 그것도 좋지!\n1 : 어차피 계속 쓸 거니까 한 번에 많이 사!\n2 : 키키  필터를 많이 사두라는 거지?\n2 : 헤드는 괜찮지?\n1 : 아 헤드는 한 번 사면 반영구적으로 쓰는 거 아니야?\n2 : 그래도 언제 고장이 날지 모르니까 비상용 하나 둬야겠다 키키",
        "lines": [
          {
            "id": 1,
            "text": "1 : 오빠는 샤워기에 필터 쓰고 있어?",
            "norm_text": "오빠는 샤워기에 필터 쓰고 있어?",
            "speaker": {
              "id": "1번",
              "sex": "여성",
              "age": "20대"
            },
            "speechAct": "(지시) 질문하기",
            "morpheme": "오빠/NNG+는/JX+샤워기/NNG+에/JKB+필터/NNG+쓰/VV+고/EC+있/VX+어/EF"
          },
          {
            "id": 2,
            "text": "2 : 아니",
            "norm_text": "아니",
            "speaker": {
              "id": "2번",
              "sex": "남성",
              "age": "20대"
            },
            "speechAct": "(단언) 진술하기",
            "morpheme": "아니/IC"
          },
          {
            "id": 3,
            "text": "2 : 나는 귀찮아서 잘 안 해 키키",
            "norm_text": "나는 귀찮아서 잘 안 해 키키",
            "speaker": {
              "id": "2번",
              "sex": "남성",
              "age": "20대"
            },
            "speechAct": "(단언) 주장하기",
            "morpheme": "나/NP+는/JX+귀찮/VA+아서/EC+잘/MAG+안/MAG+해/VV+EC+키/NNG+키/XSV+ETN"
          },
          {
            "id": 4,
            "text": "1 : 나는 지금 쓰고 있거든!",
            "norm_text": "나는 지금 쓰고 있거든!",
            "speaker": {
              "id": "1번",
              "sex": "여성",
              "age": "20대"
            },
            "speechAct": "(단언) 진술하기",
            "morpheme": "나/NP+는/JX+지금/MAG+쓰/VV+고/EC+있/VX+거든/EF"
          },
          {
            "id": 5,
            "text": "1 : 근데 좋은 거 같아!",
            "norm_text": "근데 좋은 거 같아!",
            "speaker": {
              "id": "1번",
              "sex": "여성",
              "age": "20대"
            },
            "speechAct": "(단언) 주장하기",
            "morpheme": "근데/MAJ+좋/VA+은/ETM+거/NNB+같/VA+아/EF"
          },
          {
            "id": 6,
            "text": "2 : 그 필터에 노랗게 변하는 거 눈으로 확인해?",
            "norm_text": "그 필터에 노랗게 변하는 거 눈으로 확인해?",
            "speaker": {
              "id": "2번",
              "sex": "남성",
              "age": "20대"
            },
            "speechAct": "(지시) 질문하기",
            "morpheme": "그/MM+필터/NNG+에/JKB+노랗/VA+게/EC+변하/VV+는/ETM+거/NNB+눈/NNG+으로/JKB+확인/NNG+해/XSV+EF"
          },
          {
            "id": 7,
            "text": "1 : 맞아 키키",
            "norm_text": "맞아 키키",
            "speaker": {
              "id": "1번",
              "sex": "여성",
              "age": "20대"
            },
            "speechAct": "(단언) 진술하기",
            "morpheme": "맞/VV+아/EC+키/NNG+키/XSV+ETN"
          },
          {
            "id": 8,
            "text": "1 : 그래서 이제는 필터 쓰는 게 필수가 됐어",
            "norm_text": "그래서 이제는 필터 쓰는 게 필수가 됐어",
            "speaker": {
              "id": "1번",
              "sex": "여성",
              "age": "20대"
            },
            "speechAct": "(단언) 주장하기",
            "morpheme": "그래서/MAJ+이제/NNG+는/JX+필터/NNG+쓰/VV+는/ETM+게/NNB+JKS+필수/NNG+가/JKS+됐/VV+EP+어/EC"
          },
          {
            "id": 9,
            "text": "2 : 맞아",
            "norm_text": "맞아",
            "speaker": {
              "id": "2번",
              "sex": "남성",
              "age": "20대"
            },
            "speechAct": "(단언) 주장하기",
            "morpheme": "맞/VV+아/EC"
          },
          {
            "id": 10,
            "text": "2 : 나중에 시간 지나면 그건 무조건 다들 쓸 거라고 그러더라 키키",
            "norm_text": "나중에 시간 지나면 그건 무조건 다들 쓸 거라고 그러더라 키키",
            "speaker": {
              "id": "2번",
              "sex": "남성",
              "age": "20대"
            },
            "speechAct": "(단언) 진술하기",
            "morpheme": "나중/NNG+에/JKB+시간/NNG+지나/VV+면/EC+그건/NP+JX+무조건/MAG+다/MAG+들/XSN+쓸/VV+ETM+거/NNB+라고/VCP+EC+그러/VV+더라/EC+키/NNG+키/XSV+ETN"
          },
          {
            "id": 11,
            "text": "1 : 키키  맞아",
            "norm_text": "키키  맞아",
            "speaker": {
              "id": "1번",
              "sex": "여성",
              "age": "20대"
            },
            "speechAct": "(단언) 주장하기",
            "morpheme": "키/NNG+키/XSV+ETN+맞/VV+아/EC"
          },
          {
            "id": 12,
            "text": "1 : 이게 눈으로 확인이 되니까 그냥은 못 쓰겠더라!",
            "norm_text": "이게 눈으로 확인이 되니까 그냥은 못 쓰겠더라!",
            "speaker": {
              "id": "1번",
              "sex": "여성",
              "age": "20대"
            },
            "speechAct": "(단언) 주장하기",
            "morpheme": "이게/NP+JKS+눈/NNG+으로/JKB+확인/NNG+이/JKS+되/VV+니까/EC+그냥/MAG+은/JX+못/MAG+쓰/VV+겠/EP+더라/EF"
          },
          {
            "id": 13,
            "text": "2 : 수도관이 녹스는 것도 있고 그래서 녹물도 있는 거지 키키",
            "norm_text": "수도관이 녹스는 것도 있고 그래서 녹물도 있는 거지 키키",
            "speaker": {
              "id": "2번",
              "sex": "남성",
              "age": "20대"
            },
            "speechAct": "(단언) 진술하기",
            "morpheme": "수도관/NNG+이/JKS+녹스/VV+는/ETM+것/NNB+도/JX+있/VA+고/EC+그래서/MAJ+녹물/NNG+도/JX+있/VX+는/ETM+거/NNB+지/VCP+EC+키/NNG+키/XSV+ETN"
          },
          {
            "id": 14,
            "text": "1 : 키키  맞아",
            "norm_text": "키키  맞아",
            "speaker": {
              "id": "1번",
              "sex": "여성",
              "age": "20대"
            },
            "speechAct": "(단언) 주장하기",
            "morpheme": "키/NNG+키/XSV+ETN+맞/VV+아/EC"
          },
          {
            "id": 15,
            "text": "1 : 그리고 서울 같은 경우는 약품처리를 더 많이 한다는 말을 들었어!",
            "norm_text": "그리고 서울 같은 경우는 약품처리를 더 많이 한다는 말을 들었어!",
            "speaker": {
              "id": "1번",
              "sex": "여성",
              "age": "20대"
            },
            "speechAct": "(단언) 진술하기",
            "morpheme": "그리고/MAJ+서울/NNP+같/VA+은/ETM+경우/NNG+는/JX+약품/NNG+처리/NNG+를/JKO+더/MAG+많이/MAG+한다는/VV+ETM+말/NNG+을/JKO+들/VV+었/EP+어/EF"
          },
          {
            "id": 16,
            "text": "2 : 헐 그럼 필수적으로 쓰긴 해야겠다",
            "norm_text": "헐 그럼 필수적으로 쓰긴 해야겠다",
            "speaker": {
              "id": "2번",
              "sex": "남성",
              "age": "20대"
            },
            "speechAct": "(단언) 주장하기",
            "morpheme": "헐/IC+그럼/MAJ+필수/NNG+적/XSN+으로/JKB+쓰/VV+긴/ETN+JX+해야/VX+EC+VX+겠/EP+다/EC"
          },
          {
            "id": 17,
            "text": "2 : 나도 한번 사서 써야지 ㅠㅠ",
            "norm_text": "나도 한번 사서 써야지 ㅠㅠ",
            "speaker": {
              "id": "2번",
              "sex": "남성",
              "age": "20대"
            },
            "speechAct": "(단언) 주장하기",
            "morpheme": "나/NP+도/JX+한/MM+번/NNBC+사/VV+서/EC+써야지/VV+EC+ㅠㅠ/UNKNOWN"
          },
          {
            "id": 18,
            "text": "1 : 그러니까 ㅜㅜ 올영에 파는데 좀 비싼 거 같아!",
            "norm_text": "그러니까 ㅜㅜ 올영에 파는데 좀 비싼 거 같아!",
            "speaker": {
              "id": "1번",
              "sex": "여성",
              "age": "20대"
            },
            "speechAct": "(단언) 주장하기",
            "morpheme": "그러니까/MAJ+ㅜㅜ/UNKNOWN+올/MM+영/NNG+에/JKB+파/VV+는데/EC+좀/MAG+비싼/VA+ETM+거/NNB+같/VA+아/EF"
          },
          {
            "id": 19,
            "text": "2 : 나는 그 나블리네 가족들 선전하는 거 살라고 키키",
            "norm_text": "나는 그 나블리네 가족들 선전하는 거 살라고 키키",
            "speaker": {
              "id": "2번",
              "sex": "남성",
              "age": "20대"
            },
            "speechAct": "(단언) 주장하기",
            "morpheme": "나/NP+는/JX+그나/MAJ+블리/NNP+네/XSN+가족/NNG+들/XSN+선전/NNG+하/XSV+는/ETM+거/NNB+살/VV+라고/EC+키/NNG+키/XSV+ETN"
          },
          {
            "id": 20,
            "text": "1 : 오 그것도 좋지!",
            "norm_text": "오 그것도 좋지!",
            "speaker": {
              "id": "1번",
              "sex": "여성",
              "age": "20대"
            },
            "speechAct": "(단언) 주장하기",
            "morpheme": "오/IC+그것/NP+도/JX+좋/VA+지/EF"
          },
          {
            "id": 21,
            "text": "1 : 어차피 계속 쓸 거니까 한 번에 많이 사!",
            "norm_text": "어차피 계속 쓸 거니까 한 번에 많이 사!",
            "speaker": {
              "id": "1번",
              "sex": "여성",
              "age": "20대"
            },
            "speechAct": "(지시) 충고/제안하기",
            "morpheme": "어차피/MAG+계속/MAG+쓸/VV+ETM+거/NNB+니까/VCP+EC+한/MM+번/NNBC+에/JKB+많이/MAG+사/VV+EF"
          },
          {
            "id": 22,
            "text": "2 : 키키  필터를 많이 사두라는 거지?",
            "norm_text": "키키  필터를 많이 사두라는 거지?",
            "speaker": {
              "id": "2번",
              "sex": "남성",
              "age": "20대"
            },
            "speechAct": "(지시) 질문하기",
            "morpheme": "키/NNG+키/NNG+필터/NNG+를/JKO+많이/MAG+사두/NNG+라는/VCP+ETM+거/NNB+지/VCP+EF"
          },
          {
            "id": 23,
            "text": "2 : 헤드는 괜찮지?",
            "norm_text": "헤드는 괜찮지?",
            "speaker": {
              "id": "2번",
              "sex": "남성",
              "age": "20대"
            },
            "speechAct": "(지시) 질문하기",
            "morpheme": "헤드/NNG+는/JX+괜찮/VA+지/EF"
          },
          {
            "id": 24,
            "text": "1 : 아 헤드는 한 번 사면 반영구적으로 쓰는 거 아니야?",
            "norm_text": "아 헤드는 한 번 사면 반영구적으로 쓰는 거 아니야?",
            "speaker": {
              "id": "1번",
              "sex": "여성",
              "age": "20대"
            },
            "speechAct": "(지시) 질문하기",
            "morpheme": "아/IC+헤드/NNG+는/JX+한/MM+번/NNBC+사/VV+면/EC+반영구/NNG+적/XSN+으로/JKB+쓰/VV+는/ETM+거/NNB+아니/VCN+야/EF"
          },
          {
            "id": 25,
            "text": "2 : 그래도 언제 고장이 날지 모르니까 비상용 하나 둬야겠다 키키",
            "norm_text": "그래도 언제 고장이 날지 모르니까 비상용 하나 둬야겠다 키키",
            "speaker": {
              "id": "2번",
              "sex": "남성",
              "age": "20대"
            },
            "speechAct": "(단언) 주장하기",
            "morpheme": "그래도/MAJ+언제/MAG+고장/NNG+이/JKS+날지/VV+EC+모르/VV+니까/EC+비상용/NNG+하/XSV+나/EC+둬야/VX+EC+VX+겠/EP+다키키/NNP"
          }
        ]
      }
    }
  ]
}