{
  "dataset": {
    "identifier": 118075,
    "name": "FACEBOOK_110_13_set",
    "src_path": "/data/file/cubeManager/PROJECT001/80/txt20211102153319037390/FACEBOOK_110_13_set/",
    "label_path": "/data/file/cubeManager/PROJECT001/80/txt20211102153319037390/FACEBOOK_110_13_set/",
    "category": 2,
    "type": 0
  },
  "licenses": {
    "name": "Apache License 1.0",
    "url": "http://www.apache.org/licenses/LICENSE-1.0"
  },
  "info": [
    {
      "id": 130017,
      "filename": "FACEBOOK_110_13.txt",
      "title": "FACEBOOK_110_13",
      "mediatype": "SNS",
      "medianame": "페이스북",
      "category": "일상대화",
      "date": "2021-11-02",
      "size": 437,
      "annotations": {
        "subject": "계절/날씨",
        "speaker_type": "1:1",
        "size": 437,
        "word_size": 144,
        "text": "1 : 오늘은 어제보다는 좀 추운 듯!\n2 : 어제가 좀 따뜻했지 맞지,\n1 : 근데 어제도 따뜻한 날씨는 아니었어!\n2 : 근데 오늘은 추워 ㅜㅜ 겨울이야\n1 : 맞아 ㅜㅜ\n1 : 월요일이 진짜 장난 아니었지!\n2 : 진짜 날씨 적응이 안 된다 지금...\n1 : 맞아 ㅜㅜ\n1 : 나 다음 주에 패딩 필수로 가져와야 해!\n2 : 나도 다다음주에 패딩 꼭 가져올 거야!\n1 : 키키 아 이제 진짜 반팔은 집어넣어야 해!\n2 : 맞아\n2 : 나 얼마 전에 옷 정리했는데 반팔 정리는 안 했는데...\n1 : 흙 ㅜㅜ 반팔, 이제 보내줘야 할 때가 됐어,\n2 : 뭔가 입고 겉옷 입을 정도는 될 거 같았는데... 이렇게 빨리 끝나다니\n1 : 그니까,\n1 : 이게 북극에 있어야 할 찬 기운인데 한반도로 내려온 거래!\n2 : 왜? 왜 내려왔대? 추워\n1 : 뭐 결국에는 지구온난화 때문이지!\n2 : 으 이러다 진짜 멸망해,",
        "lines": [
          {
            "id": 1,
            "text": "1 : 오늘은 어제보다는 좀 추운 듯!",
            "norm_text": "오늘은 어제보다는 좀 추운 듯!",
            "speaker": {
              "id": "1번",
              "sex": "여성",
              "age": "20대"
            },
            "speechAct": "(단언) 진술하기",
            "morpheme": "오늘/NNG+은/JX+어제/NNG+보다/JKB+는/JX+좀/MAG+추운/VA+ETM+듯/NNB"
          },
          {
            "id": 2,
            "text": "2 : 어제가 좀 따뜻했지 맞지,",
            "norm_text": "어제가 좀 따뜻했지 맞지,",
            "speaker": {
              "id": "2번",
              "sex": "여성",
              "age": "20대"
            },
            "speechAct": "(단언) 진술하기",
            "morpheme": "어제/NNG+가/JKS+좀/MAG+따뜻/XR+했/XSA+EP+지/EC+맞/VV+지/EF+,/SC"
          },
          {
            "id": 3,
            "text": "1 : 근데 어제도 따뜻한 날씨는 아니었어!",
            "norm_text": "근데 어제도 따뜻한 날씨는 아니었어!",
            "speaker": {
              "id": "1번",
              "sex": "여성",
              "age": "20대"
            },
            "speechAct": "(단언) 진술하기",
            "morpheme": "근데/MAJ+어제/NNG+도/JX+따뜻/XR+한/XSA+ETM+날씨/NNG+는/JX+아니/VCN+었/EP+어/EF"
          },
          {
            "id": 4,
            "text": "2 : 근데 오늘은 추워 ㅜㅜ 겨울이야",
            "norm_text": "근데 오늘은 추워 ㅜㅜ 겨울이야",
            "speaker": {
              "id": "2번",
              "sex": "여성",
              "age": "20대"
            },
            "speechAct": "(단언) 진술하기",
            "morpheme": "근데/MAJ+오늘/NNG+은/JX+추워/VA+EC+ㅜㅜ/UNKNOWN+겨울/NNG+이/VCP+야/EC"
          },
          {
            "id": 5,
            "text": "1 : 맞아 ㅜㅜ",
            "norm_text": "맞아 ㅜㅜ",
            "speaker": {
              "id": "1번",
              "sex": "여성",
              "age": "20대"
            },
            "speechAct": "(단언) 주장하기",
            "morpheme": "맞아ㅜㅜ/UNKNOWN"
          },
          {
            "id": 6,
            "text": "1 : 월요일이 진짜 장난 아니었지!",
            "norm_text": "월요일이 진짜 장난 아니었지!",
            "speaker": {
              "id": "1번",
              "sex": "여성",
              "age": "20대"
            },
            "speechAct": "(단언) 주장하기",
            "morpheme": "월요일/NNG+이/JKS+진짜/MAG+장난/NNG+아니/VCN+었/EP+지/EF"
          },
          {
            "id": 7,
            "text": "2 : 진짜 날씨 적응이 안 된다 지금...",
            "norm_text": "진짜 날씨 적응이 안 된다 지금...",
            "speaker": {
              "id": "2번",
              "sex": "여성",
              "age": "20대"
            },
            "speechAct": "(단언) 주장하기",
            "morpheme": "진짜/MAG+날씨/NNG+적응/NNG+이/JKS+안/MAG+된다/VV+EF+지금/MAG+./SY"
          },
          {
            "id": 8,
            "text": "1 : 맞아 ㅜㅜ",
            "norm_text": "맞아 ㅜㅜ",
            "speaker": {
              "id": "1번",
              "sex": "여성",
              "age": "20대"
            },
            "speechAct": "(단언) 주장하기",
            "morpheme": "맞아ㅜㅜ/UNKNOWN"
          },
          {
            "id": 9,
            "text": "1 : 나 다음 주에 패딩 필수로 가져와야 해!",
            "norm_text": "나 다음 주에 패딩 필수로 가져와야 해!",
            "speaker": {
              "id": "1번",
              "sex": "여성",
              "age": "20대"
            },
            "speechAct": "(단언) 주장하기",
            "morpheme": "나/NP+다음/NNG+주/NNG+에/JKB+패딩/NNG+필수/NNG+로/JKB+가져와야/VV+EC+해/VX+EF"
          },
          {
            "id": 10,
            "text": "2 : 나도 다다음주에 패딩 꼭 가져올 거야!",
            "norm_text": "나도 다다음주에 패딩 꼭 가져올 거야!",
            "speaker": {
              "id": "2번",
              "sex": "여성",
              "age": "20대"
            },
            "speechAct": "(언약) 약속하기(제3자와)/(개인적 수준)",
            "morpheme": "나/NP+도/JX+다/MAG+다음/NNG+주/NNG+에/JKB+패딩/NNG+꼭/MAG+가져올/VV+ETM+거/NNB+야/VCP+EF"
          },
          {
            "id": 11,
            "text": "1 : 키키 아 이제 진짜 반팔은 집어넣어야 해!",
            "norm_text": "키키 아 이제 진짜 반팔은 집어넣어야 해!",
            "speaker": {
              "id": "1번",
              "sex": "여성",
              "age": "20대"
            },
            "speechAct": "(단언) 주장하기",
            "morpheme": "키/NNG+키/VV+아/EC+이제/MAG+진짜/MAG+반팔/NNG+은/JX+집어넣/VV+어야/EC+해/VX+EF"
          },
          {
            "id": 12,
            "text": "2 : 맞아",
            "norm_text": "맞아",
            "speaker": {
              "id": "2번",
              "sex": "여성",
              "age": "20대"
            },
            "speechAct": "(단언) 주장하기",
            "morpheme": "맞/VV+아/EC"
          },
          {
            "id": 13,
            "text": "2 : 나 얼마 전에 옷 정리했는데 반팔 정리는 안 했는데...",
            "norm_text": "나 얼마 전에 옷 정리했는데 반팔 정리는 안 했는데...",
            "speaker": {
              "id": "2번",
              "sex": "여성",
              "age": "20대"
            },
            "speechAct": "(단언) 진술하기",
            "morpheme": "나/NP+얼마/NNG+전/NNG+에/JKB+옷/NNG+정리/NNG+했/XSV+EP+는데/EC+반팔/NNG+정리/NNG+는/JX+안/MAG+했/VV+EP+는데/EC+./SY+./SY"
          },
          {
            "id": 14,
            "text": "1 : 흙 ㅜㅜ 반팔, 이제 보내줘야 할 때가 됐어,",
            "norm_text": "흙 ㅜㅜ 반팔, 이제 보내줘야 할 때가 됐어,",
            "speaker": {
              "id": "1번",
              "sex": "여성",
              "age": "20대"
            },
            "speechAct": "(단언) 주장하기",
            "morpheme": "흙ㅜㅜ반팔/UNKNOWN+,/SC+이제/MAG+보내/VV+EC+줘야/VX+EC+할/VX+ETM+때/NNG+가/JKS+됐/VV+EP+어/EF+,/SC"
          },
          {
            "id": 15,
            "text": "2 : 뭔가 입고 겉옷 입을 정도는 될 거 같았는데... 이렇게 빨리 끝나다니",
            "norm_text": "뭔가 입고 겉옷 입을 정도는 될 거 같았는데... 이렇게 빨리 끝나다니",
            "speaker": {
              "id": "2번",
              "sex": "여성",
              "age": "20대"
            },
            "speechAct": "(단언) 주장하기",
            "morpheme": "뭔가/NP+VCP+EC+입/VV+고/EC+겉옷/NNG+입/NNG+을/JKO+정도/NNG+는/JX+될/VV+ETM+거/NNB+같/VA+았/EP+는데/EC+./SY+./SY+이렇게/MAG+빨리/MAG+끝나/VV+다니/EC"
          },
          {
            "id": 16,
            "text": "1 : 그니까,",
            "norm_text": "그니까,",
            "speaker": {
              "id": "1번",
              "sex": "여성",
              "age": "20대"
            },
            "speechAct": "(단언) 주장하기",
            "morpheme": "그니까/MAJ+,/SC"
          },
          {
            "id": 17,
            "text": "1 : 이게 북극에 있어야 할 찬 기운인데 한반도로 내려온 거래!",
            "norm_text": "이게 북극에 있어야 할 찬 기운인데 한반도로 내려온 거래!",
            "speaker": {
              "id": "1번",
              "sex": "여성",
              "age": "20대"
            },
            "speechAct": "(단언) 진술하기",
            "morpheme": "이게/NP+JKS+북극/NNG+에/JKB+있/VV+어야/EC+할/VX+ETM+찬/VA+ETM+기운/NNG+인데/VCP+EC+한반도/NNP+로/JKB+내려온/VV+ETM+거/NNB+래/VCP+EF"
          },
          {
            "id": 18,
            "text": "2 : 왜? 왜 내려왔대? 추워",
            "norm_text": "왜? 왜 내려왔대? 추워",
            "speaker": {
              "id": "2번",
              "sex": "여성",
              "age": "20대"
            },
            "speechAct": "(지시) 질문하기",
            "morpheme": "왜/MAG+왜/MAG+내려왔/VV+EP+대/EF+추워/VA+EC"
          },
          {
            "id": 19,
            "text": "1 : 뭐 결국에는 지구온난화 때문이지!",
            "norm_text": "뭐 결국에는 지구온난화 때문이지!",
            "speaker": {
              "id": "1번",
              "sex": "여성",
              "age": "20대"
            },
            "speechAct": "(단언) 주장하기",
            "morpheme": "뭐/IC+결국/NNG+에/JKB+는/JX+지구/NNG+온난/NNG+화/XSN+때문/NNB+이/VCP+지/EF"
          },
          {
            "id": 20,
            "text": "2 : 으 이러다 진짜 멸망해,",
            "norm_text": "으 이러다 진짜 멸망해,",
            "speaker": {
              "id": "2번",
              "sex": "여성",
              "age": "20대"
            },
            "speechAct": "(단언) 주장하기",
            "morpheme": "으/IC+이러다/MAJ+진짜/MAG+멸망/NNG+해/XSV+EC+,/SC"
          }
        ]
      }
    }
  ]
}