{
  "dataset": {
    "identifier": 117292,
    "name": "FACEBOOK_105_03_set",
    "src_path": "/data/file/cubeManager/PROJECT001/77/txt20211028144832021879/FACEBOOK_105_03_set/",
    "label_path": "/data/file/cubeManager/PROJECT001/77/txt20211028144832021879/FACEBOOK_105_03_set/",
    "category": 2,
    "type": 0
  },
  "licenses": {
    "name": "Apache License 1.0",
    "url": "http://www.apache.org/licenses/LICENSE-1.0"
  },
  "info": [
    {
      "id": 100328,
      "filename": "FACEBOOK_105_03.txt",
      "title": "FACEBOOK_105_03",
      "mediatype": "SNS",
      "medianame": "페이스북",
      "category": "일상대화",
      "date": "2021-10-28",
      "size": 578,
      "annotations": {
        "subject": "교통",
        "speaker_type": "1:1",
        "size": 578,
        "word_size": 190,
        "text": "1 : 오빠 자동차 보험은 어디 보험사로 들었어?\n2 : 나는 지금 현대해상에서 들고 있어 키키\n1 : 오 우리도 현대해상인데!\n1 : 현대해상이 좋은 듯!\n2 : 나는 처음 들 때 거기가 저렴해서 했는데 그냥 쭉 이어서 하는 중\n1 : 키키 아 오빠 들 때 비교해봤구나?\n2 : 처음에는 아는 분 통해서 현대 했다가 나중에 다이렉트 비교는 거기가 낫더라고!\n1 : 우리는 한화로 했다가 현대로 바꿨어!\n1 : 우리도 돈 때문에 키키\n2 : 근데 그 후에 갱신할 때 비교했는데 그때는 또 다른 데가 저렴하더라고 키키\n1 : 키키 맞아\n1 : 원래 보험은 그 해에 제일 좋은 보험으로 갈아타야 한다고 그랬어!\n2 : 아 근데 한 곳에 들면 또 할인율이 있다고 하니까 냅두는 거지 뭐\n1 : 키키 맞아\n1 : 이것저것 생각하면 그냥 계속 이어가는 게 나아~\n2 : 맞아\n2 : 머리 아파 귀찮고\n2 : 걍 그대로 이어주세요 해야지 키키\n1 : 키키 맞아\n1 : 보험 관리도 진짜 부지런한 사람만 하는 거임!\n2 : 시간 많은 사람이야 따지는데 나는 시간이 없거든 키키\n1 : 키키 시간이 없어도 부지런하지 않은 나도 안 함~\n2 : 키키 너는 그냥 둘 다 없는 거 아니냐 키키",
        "lines": [
          {
            "id": 1,
            "text": "1 : 오빠 자동차 보험은 어디 보험사로 들었어?",
            "norm_text": "오빠 자동차 보험은 어디 보험사로 들었어?",
            "speaker": {
              "id": "1번",
              "sex": "여성",
              "age": "20대"
            },
            "speechAct": "(지시) 질문하기",
            "morpheme": "오빠/NNG+자동차/NNG+보험/NNG+은/JX+어디/NP+보험/NNG+사/NNG+로/JKB+들/VV+었/EP+어/EF"
          },
          {
            "id": 2,
            "text": "2 : 나는 지금 현대해상에서 들고 있어 키키",
            "norm_text": "나는 지금 현대해상에서 들고 있어 키키",
            "speaker": {
              "id": "2번",
              "sex": "남성",
              "age": "20대"
            },
            "speechAct": "(단언) 진술하기",
            "morpheme": "나/NP+는/JX+지금/MAG+현대/NNG+해상/NNG+에서/JKB+들/VV+고/EC+있/VX+어/EC+키/NNG+키/XSV+ETN"
          },
          {
            "id": 3,
            "text": "1 : 오 우리도 현대해상인데!",
            "norm_text": "오 우리도 현대해상인데!",
            "speaker": {
              "id": "1번",
              "sex": "여성",
              "age": "20대"
            },
            "speechAct": "(단언) 주장하기",
            "morpheme": "오/IC+우리/NP+도/JX+현대/NNG+해상/NNG+인데/VCP+EF"
          },
          {
            "id": 4,
            "text": "1 : 현대해상이 좋은 듯!",
            "norm_text": "현대해상이 좋은 듯!",
            "speaker": {
              "id": "1번",
              "sex": "여성",
              "age": "20대"
            },
            "speechAct": "(단언) 주장하기",
            "morpheme": "현대/NNP+해상/NNG+이/JKS+좋/VA+은/ETM+듯/NNB"
          },
          {
            "id": 5,
            "text": "2 : 나는 처음 들 때 거기가 저렴해서 했는데 그냥 쭉 이어서 하는 중",
            "norm_text": "나는 처음 들 때 거기가 저렴해서 했는데 그냥 쭉 이어서 하는 중",
            "speaker": {
              "id": "2번",
              "sex": "남성",
              "age": "20대"
            },
            "speechAct": "(단언) 주장하기",
            "morpheme": "나/NP+는/JX+처음/NNG+들/XSN+때/NNG+거기/NP+가/JKS+저렴/XR+해서/XSA+EC+했/VX+EP+는데/EC+그냥/MAG+쭉/MAG+이/VCP+어서/EC+하/VV+는/ETM+중/NNB"
          },
          {
            "id": 6,
            "text": "1 : 키키 아 오빠 들 때 비교해봤구나?",
            "norm_text": "키키 아 오빠 들 때 비교해봤구나?",
            "speaker": {
              "id": "1번",
              "sex": "여성",
              "age": "20대"
            },
            "speechAct": "(단언) 주장하기",
            "morpheme": "키/NNG+키/VV+아/EC+오빠/NNG+들/XSN+때/NNG+비교/NNG+해/XSV+EC+봤/VX+EP+구나/EF"
          },
          {
            "id": 7,
            "text": "2 : 처음에는 아는 분 통해서 현대 했다가 나중에 다이렉트 비교는 거기가 낫더라고!",
            "norm_text": "처음에는 아는 분 통해서 현대 했다가 나중에 다이렉트 비교는 거기가 낫더라고!",
            "speaker": {
              "id": "2번",
              "sex": "남성",
              "age": "20대"
            },
            "speechAct": "(단언) 주장하기",
            "morpheme": "처음/NNG+에/JKB+는/JX+아/VV+는/ETM+분통/NNG+해서/XSV+EC+현대/NNG+했/XSV+EP+다가/EC+나중/NNG+에/JKB+다이렉트/NNP+비교/NNG+는/JX+거기/NP+가/JKS+낫/VA+더라고/EF"
          },
          {
            "id": 8,
            "text": "1 : 우리는 한화로 했다가 현대로 바꿨어!",
            "norm_text": "우리는 한화로 했다가 현대로 바꿨어!",
            "speaker": {
              "id": "1번",
              "sex": "여성",
              "age": "20대"
            },
            "speechAct": "(단언) 주장하기",
            "morpheme": "우리/NP+는/JX+한/MM+화로/NNG+했/XSV+EP+다가/EC+현대/NNG+로/JKB+바꿨/VV+EP+어/EF"
          },
          {
            "id": 9,
            "text": "1 : 우리도 돈 때문에 키키",
            "norm_text": "우리도 돈 때문에 키키",
            "speaker": {
              "id": "1번",
              "sex": "여성",
              "age": "20대"
            },
            "speechAct": "(단언) 주장하기",
            "morpheme": "우리/NP+도/JX+돈/NNG+때문/NNB+에/JKB+키/NNG+키/XSV+ETN"
          },
          {
            "id": 10,
            "text": "2 : 근데 그 후에 갱신할 때 비교했는데 그때는 또 다른 데가 저렴하더라고 키키",
            "norm_text": "근데 그 후에 갱신할 때 비교했는데 그때는 또 다른 데가 저렴하더라고 키키",
            "speaker": {
              "id": "2번",
              "sex": "남성",
              "age": "20대"
            },
            "speechAct": "(단언) 주장하기",
            "morpheme": "근데/MAJ+그/MM+후/NNG+에/JKB+갱신/NNG+할/XSV+ETM+때/NNG+비교/NNG+했/XSV+EP+는데/EC+그때/NNG+는/JX+또/MAG+다른/MM+데/NNB+가/JKS+저렴/XR+하/XSA+더라고/EC+키/NNG+키/XSV+ETN"
          },
          {
            "id": 11,
            "text": "1 : 키키 맞아",
            "norm_text": "키키 맞아",
            "speaker": {
              "id": "1번",
              "sex": "여성",
              "age": "20대"
            },
            "speechAct": "(단언) 주장하기",
            "morpheme": "키/NNG+키/XSV+ETN+맞/VV+아/EC"
          },
          {
            "id": 12,
            "text": "1 : 원래 보험은 그 해에 제일 좋은 보험으로 갈아타야 한다고 그랬어!",
            "norm_text": "원래 보험은 그 해에 제일 좋은 보험으로 갈아타야 한다고 그랬어!",
            "speaker": {
              "id": "1번",
              "sex": "여성",
              "age": "20대"
            },
            "speechAct": "(단언) 진술하기",
            "morpheme": "원래/MAG+보험/NNG+은/JX+그해/NNG+에/JKB+제일/MAG+좋/VA+은/ETM+보험/NNG+으로/JKB+갈아타/VV+야/EC+한다고/VX+EC+그랬/VV+EP+어/EF"
          },
          {
            "id": 13,
            "text": "2 : 아 근데 한 곳에 들면 또 할인율이 있다고 하니까 냅두는 거지 뭐",
            "norm_text": "아 근데 한 곳에 들면 또 할인율이 있다고 하니까 냅두는 거지 뭐",
            "speaker": {
              "id": "2번",
              "sex": "남성",
              "age": "20대"
            },
            "speechAct": "(단언) 주장하기",
            "morpheme": "아/IC+근데/MAJ+한/MM+곳/NNG+에/JKB+들/VV+면/EC+또/MAG+할인/NNG+율/XSN+이/JKS+있/VV+다고/EC+하/VV+니까/EC+냅두/VV+는/ETM+거/NNB+지/VCP+EF+뭐/IC"
          },
          {
            "id": 14,
            "text": "1 : 키키 맞아",
            "norm_text": "키키 맞아",
            "speaker": {
              "id": "1번",
              "sex": "여성",
              "age": "20대"
            },
            "speechAct": "(단언) 주장하기",
            "morpheme": "키/NNG+키/XSV+ETN+맞/VV+아/EC"
          },
          {
            "id": 15,
            "text": "1 : 이것저것 생각하면 그냥 계속 이어가는 게 나아~",
            "norm_text": "이것저것 생각하면 그냥 계속 이어가는 게 나아~",
            "speaker": {
              "id": "1번",
              "sex": "여성",
              "age": "20대"
            },
            "speechAct": "(단언) 주장하기",
            "morpheme": "이것저것/NNG+생각/NNG+하/XSV+면/EC+그냥/MAG+계속/NNG+이/VCP+어/EC+가/VX+는/ETM+게/NNB+JKS+나아/NNG+~/SY"
          },
          {
            "id": 16,
            "text": "2 : 맞아",
            "norm_text": "맞아",
            "speaker": {
              "id": "2번",
              "sex": "남성",
              "age": "20대"
            },
            "speechAct": "(단언) 주장하기",
            "morpheme": "맞/VV+아/EC"
          },
          {
            "id": 17,
            "text": "2 : 머리 아파 귀찮고",
            "norm_text": "머리 아파 귀찮고",
            "speaker": {
              "id": "2번",
              "sex": "남성",
              "age": "20대"
            },
            "speechAct": "(단언) 주장하기",
            "morpheme": "머리/NNG+아파/VA+EC+귀찮/VA+고/EC"
          },
          {
            "id": 18,
            "text": "2 : 걍 그대로 이어주세요 해야지 키키",
            "norm_text": "걍 그대로 이어주세요 해야지 키키",
            "speaker": {
              "id": "2번",
              "sex": "남성",
              "age": "20대"
            },
            "speechAct": "(단언) 주장하기",
            "morpheme": "걍/UNKNOWN+그대로/MAG+이/VCP+어/EC+주/VX+세요/EP+EF+해야지/VV+EC+키/NNG+키/XSV+ETN"
          },
          {
            "id": 19,
            "text": "1 : 키키 맞아",
            "norm_text": "키키 맞아",
            "speaker": {
              "id": "1번",
              "sex": "여성",
              "age": "20대"
            },
            "speechAct": "(단언) 주장하기",
            "morpheme": "키/NNG+키/XSV+ETN+맞/VV+아/EC"
          },
          {
            "id": 20,
            "text": "1 : 보험 관리도 진짜 부지런한 사람만 하는 거임!",
            "norm_text": "보험 관리도 진짜 부지런한 사람만 하는 거임!",
            "speaker": {
              "id": "1번",
              "sex": "여성",
              "age": "20대"
            },
            "speechAct": "(단언) 주장하기",
            "morpheme": "보험/NNG+관리/NNG+도/JX+진짜/MAG+부지런/NNG+한/XSA+ETM+사람/NNG+만/JX+하/VV+는/ETM+거/NNB+임/VCP+ETN"
          },
          {
            "id": 21,
            "text": "2 : 시간 많은 사람이야 따지는데 나는 시간이 없거든 키키",
            "norm_text": "시간 많은 사람이야 따지는데 나는 시간이 없거든 키키",
            "speaker": {
              "id": "2번",
              "sex": "남성",
              "age": "20대"
            },
            "speechAct": "(단언) 주장하기",
            "morpheme": "시간/NNG+많/VA+은/ETM+사람/NNG+이/VCP+야/EC+따지/VV+는데/EC+나/NP+는/JX+시간/NNG+이/JKS+없/VA+거든/EF+키/NNG+키/XSV+ETN"
          },
          {
            "id": 22,
            "text": "1 : 키키 시간이 없어도 부지런하지 않은 나도 안 함~",
            "norm_text": "키키 시간이 없어도 부지런하지 않은 나도 안 함~",
            "speaker": {
              "id": "1번",
              "sex": "여성",
              "age": "20대"
            },
            "speechAct": "(단언) 주장하기",
            "morpheme": "키/NNG+키/NNG+시간/NNG+이/JKS+없/VA+어도/EC+부지런/NNG+하/XSV+지/EC+않/VX+은/ETM+나/NP+도/JX+안/MAG+함/VV+ETN+~/SY"
          },
          {
            "id": 23,
            "text": "2 : 키키 너는 그냥 둘 다 없는 거 아니냐 키키",
            "norm_text": "키키 너는 그냥 둘 다 없는 거 아니냐 키키",
            "speaker": {
              "id": "2번",
              "sex": "남성",
              "age": "20대"
            },
            "speechAct": "(단언) 주장하기",
            "morpheme": "키/NNG+키/XSV+ETN+너/NP+는/JX+그냥/MAG+둘/NR+다/MAG+없/VA+는/ETM+거/NNB+아니/VCN+냐/EC+키/NNG+키/XSV+ETN"
          }
        ]
      }
    }
  ]
}