{
  "dataset": {
    "identifier": 99497,
    "name": "FACEBOOK_108_16_set",
    "src_path": "/data/file/cubeManager/PROJECT001/77/txt20211029160805050296/FACEBOOK_108_16_set/",
    "label_path": "/data/file/cubeManager/PROJECT001/77/txt20211029160805050296/FACEBOOK_108_16_set/",
    "category": 2,
    "type": 0
  },
  "licenses": {
    "name": "Apache License 1.0",
    "url": "http://www.apache.org/licenses/LICENSE-1.0"
  },
  "info": [
    {
      "id": 111304,
      "filename": "FACEBOOK_108_16.txt",
      "title": "FACEBOOK_108_16",
      "mediatype": "SNS",
      "medianame": "페이스북",
      "category": "일상대화",
      "date": "2021-10-29",
      "size": 474,
      "annotations": {
        "subject": "미용",
        "speaker_type": "1:1",
        "size": 474,
        "word_size": 162,
        "text": "1 : 너는 눈썹펌 해본 적 있어?\n2 : 속눈썹 펌?\n2 : 아니 해본 적 없어 ㅠㅠ\n1 : 맞아\n1 : 속눈썹 키키 나는 해보고 싶은데 이거 셀프키트 나왔다더라!?\n2 : 헐 진짜?\n2 : 근데 내가 하면 잘 안될 거 같아 ㅠㅠ\n1 : 나도 똥손이라 그게 무섭긴 해!\n2 : 키키 그리고 난 무쌍이라서 펌하면 이상할 까봐 못하겠어...\n1 : 아 진짜?\n1 : 무쌍이 더 잘 어울리지 않아?\n2 : 아 그런 거야?\n2 : 그럼 한 번 해볼까?\n1 : 왜냐하면 눈썹이 올라가 있으면 눈이 더 커 보이잖아!\n2 : 오케이\n2 : 나 이번 주에 받으러 가볼게\n1 : 키키 근데 가격대는 얼마인 줄 알고 가는 거야!?\n2 : 그럼 그럼 친구가 속눈썹 펌을 해서 거기로 가보려고!\n1 : 나도 내 친구가 잘하는 곳 있다고 해서 가보려고!\n2 : 키키 둘 다 속눈썹 펌 성공하고 만나는 거야 하하\n1 : 키키 오 좋지 망하면 둘 다 우는 거야!\n2 : 나 그냥 속눈썹 뽑아버리고 자숙할게...",
        "lines": [
          {
            "id": 1,
            "text": "1 : 너는 눈썹펌 해본 적 있어?",
            "norm_text": "너는 눈썹펌 해본 적 있어?",
            "speaker": {
              "id": "1번",
              "sex": "여성",
              "age": "20대"
            },
            "speechAct": "(지시) 질문하기",
            "morpheme": "너/NP+는/JX+눈썹/NNG+펌/NNG+해/XSV+EC+본/VX+ETM+적/NNB+있/VA+어/EF"
          },
          {
            "id": 2,
            "text": "2 : 속눈썹 펌?",
            "norm_text": "속눈썹 펌?",
            "speaker": {
              "id": "2번",
              "sex": "여성",
              "age": "20대"
            },
            "speechAct": "(지시) 질문하기",
            "morpheme": "속눈썹/NNG+펌/NNG"
          },
          {
            "id": 3,
            "text": "2 : 아니 해본 적 없어 ㅠㅠ",
            "norm_text": "아니 해본 적 없어 ㅠㅠ",
            "speaker": {
              "id": "2번",
              "sex": "여성",
              "age": "20대"
            },
            "speechAct": "(단언) 진술하기",
            "morpheme": "아니/MAG+해/VV+EC+본/VX+ETM+적/NNB+없/VA+어/EC+ㅠㅠ/UNKNOWN"
          },
          {
            "id": 4,
            "text": "1 : 맞아",
            "norm_text": "맞아",
            "speaker": {
              "id": "1번",
              "sex": "여성",
              "age": "20대"
            },
            "speechAct": "(단언) 주장하기",
            "morpheme": "맞/VV+아/EC"
          },
          {
            "id": 5,
            "text": "1 : 속눈썹 키키 나는 해보고 싶은데 이거 셀프키트 나왔다더라!?",
            "norm_text": "속눈썹 키키 나는 해보고 싶은데 이거 셀프키트 나왔다더라!?",
            "speaker": {
              "id": "1번",
              "sex": "여성",
              "age": "20대"
            },
            "speechAct": "(단언) 진술하기",
            "morpheme": "속눈썹/NNG+키/NNG+키나/XSA+ETN+JX+는/JX+해/VV+EC+보/VX+고/EC+싶/VX+은데/EC+이거/NP+셀프/NNG+키트/NNG+나왔/VV+EP+다더라/EC+!/SY"
          },
          {
            "id": 6,
            "text": "2 : 헐 진짜?",
            "norm_text": "헐 진짜?",
            "speaker": {
              "id": "2번",
              "sex": "여성",
              "age": "20대"
            },
            "speechAct": "(지시) 질문하기",
            "morpheme": "헐/IC+진짜/MAG"
          },
          {
            "id": 7,
            "text": "2 : 근데 내가 하면 잘 안될 거 같아 ㅠㅠ",
            "norm_text": "근데 내가 하면 잘 안될 거 같아 ㅠㅠ",
            "speaker": {
              "id": "2번",
              "sex": "여성",
              "age": "20대"
            },
            "speechAct": "(단언) 주장하기",
            "morpheme": "근데/MAJ+내/NP+가/JKS+하/VV+면/EC+잘/MAG+안/MAG+될/VV+ETM+거/NNB+같/VA+아/EC+ㅠㅠ/UNKNOWN"
          },
          {
            "id": 8,
            "text": "1 : 나도 똥손이라 그게 무섭긴 해!",
            "norm_text": "나도 똥손이라 그게 무섭긴 해!",
            "speaker": {
              "id": "1번",
              "sex": "여성",
              "age": "20대"
            },
            "speechAct": "(단언) 주장하기",
            "morpheme": "나/NP+도/JX+똥/NNG+손/NNG+이/VCP+라/EC+그게/NP+JKS+무섭/VA+긴/ETN+JX+해/VX+EF"
          },
          {
            "id": 9,
            "text": "2 : 키키 그리고 난 무쌍이라서 펌하면 이상할 까봐 못하겠어...",
            "norm_text": "키키 그리고 난 무쌍이라서 펌하면 이상할 까봐 못하겠어...",
            "speaker": {
              "id": "2번",
              "sex": "여성",
              "age": "20대"
            },
            "speechAct": "(단언) 주장하기",
            "morpheme": "키/NNG+키/XSV+ETN+그리고/MAJ+난무/NNG+쌍/NNG+이/VCP+라서/EC+펌/NNG+하/XSV+면/EC+이상/NNG+할까봐/XSV+EC+VX+EC+못하/VX+겠/EP+어/EF+./SY"
          },
          {
            "id": 10,
            "text": "1 : 아 진짜?",
            "norm_text": "아 진짜?",
            "speaker": {
              "id": "1번",
              "sex": "여성",
              "age": "20대"
            },
            "speechAct": "(지시) 질문하기",
            "morpheme": "아/IC+진짜/MAG"
          },
          {
            "id": 11,
            "text": "1 : 무쌍이 더 잘 어울리지 않아?",
            "norm_text": "무쌍이 더 잘 어울리지 않아?",
            "speaker": {
              "id": "1번",
              "sex": "여성",
              "age": "20대"
            },
            "speechAct": "(지시) 질문하기",
            "morpheme": "무/XPN+쌍/NNG+이/JKS+더/MAG+잘/MAG+어울리/VV+지/EC+않/VX+아/EF"
          },
          {
            "id": 12,
            "text": "2 : 아 그런 거야?",
            "norm_text": "아 그런 거야?",
            "speaker": {
              "id": "2번",
              "sex": "여성",
              "age": "20대"
            },
            "speechAct": "(지시) 질문하기",
            "morpheme": "아/IC+그런/MM+거/NNB+야/VCP+EF"
          },
          {
            "id": 13,
            "text": "2 : 그럼 한 번 해볼까?",
            "norm_text": "그럼 한 번 해볼까?",
            "speaker": {
              "id": "2번",
              "sex": "여성",
              "age": "20대"
            },
            "speechAct": "(지시) 질문하기",
            "morpheme": "그럼/MAJ+한/MM+번/NNBC+해/VV+EC+볼까/VX+EF"
          },
          {
            "id": 14,
            "text": "1 : 왜냐하면 눈썹이 올라가 있으면 눈이 더 커 보이잖아!",
            "norm_text": "왜냐하면 눈썹이 올라가 있으면 눈이 더 커 보이잖아!",
            "speaker": {
              "id": "1번",
              "sex": "여성",
              "age": "20대"
            },
            "speechAct": "(단언) 주장하기",
            "morpheme": "왜냐하면/MAJ+눈썹/NNG+이/JKS+올라가/VV+EC+있/VX+으면/EC+눈/NNG+이/JKS+더/MAG+커/VA+EC+보이/VV+잖아/EF"
          },
          {
            "id": 15,
            "text": "2 : 오케이",
            "norm_text": "오케이",
            "speaker": {
              "id": "2번",
              "sex": "여성",
              "age": "20대"
            },
            "speechAct": "(단언) 주장하기",
            "morpheme": "오케이/NNG"
          },
          {
            "id": 16,
            "text": "2 : 나 이번 주에 받으러 가볼게",
            "norm_text": "나 이번 주에 받으러 가볼게",
            "speaker": {
              "id": "2번",
              "sex": "여성",
              "age": "20대"
            },
            "speechAct": "(언약) 약속하기(제3자와)/(개인적 수준)",
            "morpheme": "나/NP+이번/NNG+주/NNG+에/JKB+받/VV+으러/EC+가/JKS+볼/VV+ETM+게/NNB+JKS"
          },
          {
            "id": 17,
            "text": "1 : 키키 근데 가격대는 얼마인 줄 알고 가는 거야!?",
            "norm_text": "키키 근데 가격대는 얼마인 줄 알고 가는 거야!?",
            "speaker": {
              "id": "1번",
              "sex": "여성",
              "age": "20대"
            },
            "speechAct": "(지시) 질문하기",
            "morpheme": "키/NNG+키/XSV+ETN+근데/MAJ+가격/NNG+대/XSV+는/ETM+얼마/NNG+인/VCP+ETM+줄/NNB+알/VV+고/EC+가/VX+는/ETM+거/NNB+야/VCP+EF+!/SY"
          },
          {
            "id": 18,
            "text": "2 : 그럼 그럼 친구가 속눈썹 펌을 해서 거기로 가보려고!",
            "norm_text": "그럼 그럼 친구가 속눈썹 펌을 해서 거기로 가보려고!",
            "speaker": {
              "id": "2번",
              "sex": "여성",
              "age": "20대"
            },
            "speechAct": "(단언) 주장하기",
            "morpheme": "그럼/MAJ+그럼/MAJ+친구/NNG+가/JKS+속눈썹/NNG+펌/NNG+을/JKO+해서/VV+EC+거기/NP+로/JKB+가/VV+EC+보/VX+려고/EF"
          },
          {
            "id": 19,
            "text": "1 : 나도 내 친구가 잘하는 곳 있다고 해서 가보려고!",
            "norm_text": "나도 내 친구가 잘하는 곳 있다고 해서 가보려고!",
            "speaker": {
              "id": "1번",
              "sex": "여성",
              "age": "20대"
            },
            "speechAct": "(단언) 주장하기",
            "morpheme": "나/NP+도/JX+내/NP+JKG+친구/NNG+가/JKS+잘/MAG+하/VV+는/ETM+곳/NNB+있/VV+다고/EC+해서/VV+EC+가/JX+보/VX+려고/EF"
          },
          {
            "id": 20,
            "text": "2 : 키키 둘 다 속눈썹 펌 성공하고 만나는 거야 하하",
            "norm_text": "키키 둘 다 속눈썹 펌 성공하고 만나는 거야 하하",
            "speaker": {
              "id": "2번",
              "sex": "여성",
              "age": "20대"
            },
            "speechAct": "(단언) 주장하기",
            "morpheme": "키/NNG+키/XSV+ETN+둘/NR+다/MAG+속눈썹/NNG+펌/NNG+성공/NNG+하/XSV+고/EC+만나/VV+는/ETM+거/NNB+야/VCP+EF+하하/MAG"
          },
          {
            "id": 21,
            "text": "1 : 키키 오 좋지 망하면 둘 다 우는 거야!",
            "norm_text": "키키 오 좋지 망하면 둘 다 우는 거야!",
            "speaker": {
              "id": "1번",
              "sex": "여성",
              "age": "20대"
            },
            "speechAct": "(단언) 주장하기",
            "morpheme": "키/NNG+키/VV+오/EC+좋/VA+지/EC+망하/VV+면/EC+둘/NR+다우/NNG+는/JX+거/NNB+야/VCP+EF"
          },
          {
            "id": 22,
            "text": "2 : 나 그냥 속눈썹 뽑아버리고 자숙할게...",
            "norm_text": "나 그냥 속눈썹 뽑아버리고 자숙할게...",
            "speaker": {
              "id": "2번",
              "sex": "여성",
              "age": "20대"
            },
            "speechAct": "(단언) 주장하기",
            "morpheme": "나/NP+그냥/MAG+속눈썹/NNG+뽑/VV+아/EC+버리/VX+고/EC+자숙/NNG+할게/XSV+EF+./SY"
          }
        ]
      }
    }
  ]
}