{
  "dataset": {
    "identifier": 126949,
    "name": "FACEBOOK_122_15_set",
    "src_path": "/data/file/cubeManager/PROJECT001/84/txt20211104181832010192/FACEBOOK_122_15_set/",
    "label_path": "/data/file/cubeManager/PROJECT001/84/txt20211104181832010192/FACEBOOK_122_15_set/",
    "category": 2,
    "type": 0
  },
  "licenses": {
    "name": "Apache License 1.0",
    "url": "http://www.apache.org/licenses/LICENSE-1.0"
  },
  "info": [
    {
      "id": 137583,
      "filename": "FACEBOOK_122_15.txt",
      "title": "FACEBOOK_122_15",
      "mediatype": "SNS",
      "medianame": "페이스북",
      "category": "일상대화",
      "date": "2021-11-04",
      "size": 407,
      "annotations": {
        "subject": "타 국가 이슈",
        "speaker_type": "1:1",
        "size": 407,
        "word_size": 142,
        "text": "1 : 모더나 백신 청소년 사용 승인 대기래\n2 : 청소년 사용 대기라고? 왜?\n1 : 청소년에게 심근염을 유발할 수 있다 하더라\n2 : 아 요즘 모더나 때문에 난리지\n1 : 건장한 성인도 백신 맞고 죽는데 ㅠㅠ\n2 : 진짜 내 주변도 그렇더라\n1 : 애기들도 맞으면 영향이 더 크지 않을까?\n2 : 나 아는 사람도 이차 맞고 열 엄청 나더라고\n1 : 난 청소년 백신 사용 아직 시기 상조라 봐\n2 : 내 친구 지인은 모더나 맞고 이틀 뒤에 죽었다고 하더라\n1 : 헐 진짜?\n1 : 그런 거 들으니깐 좀 무섭다 ㅠㅠ\n2 : 진짜 무서워 백신 맞는 것도 함부로 못 맞겠다\n1 : 맞아 키키 나도 맞고 나서 너무 아파서 놀랬어\n2 : 근데 나는 다 맞아서 다행이야 키키\n1 : 아 정말?\n1 : 난 아직 2차 남았어 키키\n2 : 아 진짜 난 다 맞았어 너무 좋아",
        "lines": [
          {
            "id": 1,
            "text": "1 : 모더나 백신 청소년 사용 승인 대기래",
            "norm_text": "모더나 백신 청소년 사용 승인 대기래",
            "speaker": {
              "id": "1번",
              "sex": "여성",
              "age": "20대"
            },
            "speechAct": "(단언) 주장하기",
            "morpheme": "모더/NNP+나/JC+백신/NNG+청소년/NNG+사용/NNG+승인/NNG+대기/NNG+래/VCP+EC"
          },
          {
            "id": 2,
            "text": "2 : 청소년 사용 대기라고? 왜?",
            "norm_text": "청소년 사용 대기라고? 왜?",
            "speaker": {
              "id": "2번",
              "sex": "남성",
              "age": "20대"
            },
            "speechAct": "(지시) 질문하기",
            "morpheme": "청소년/NNG+사용/NNG+대기/NNG+라고/VCP+EF+왜/MAG"
          },
          {
            "id": 3,
            "text": "1 : 청소년에게 심근염을 유발할 수 있다 하더라",
            "norm_text": "청소년에게 심근염을 유발할 수 있다 하더라",
            "speaker": {
              "id": "1번",
              "sex": "여성",
              "age": "20대"
            },
            "speechAct": "(단언) 주장하기",
            "morpheme": "청소년/NNG+에게/JKB+심근염/NNG+을/JKO+유발/NNG+할/XSV+ETM+수/NNB+있/VV+다/EC+하/VV+더라/EC"
          },
          {
            "id": 4,
            "text": "2 : 아 요즘 모더나 때문에 난리지",
            "norm_text": "아 요즘 모더나 때문에 난리지",
            "speaker": {
              "id": "2번",
              "sex": "남성",
              "age": "20대"
            },
            "speechAct": "(단언) 주장하기",
            "morpheme": "아/IC+요즘/MAG+모/NP+더나/VV+EC+때문/NNB+에/JKB+난리/NNG+지/VCP+EC"
          },
          {
            "id": 5,
            "text": "1 : 건장한 성인도 백신 맞고 죽는데 ㅠㅠ",
            "norm_text": "건장한 성인도 백신 맞고 죽는데 ㅠㅠ",
            "speaker": {
              "id": "1번",
              "sex": "여성",
              "age": "20대"
            },
            "speechAct": "(단언) 주장하기",
            "morpheme": "건장/XR+한/XSA+ETM+성인/NNG+도/JX+백신/NNG+맞/VV+고/EC+죽/VV+는데/EC+ㅠㅠ/UNKNOWN"
          },
          {
            "id": 6,
            "text": "2 : 진짜 내 주변도 그렇더라",
            "norm_text": "진짜 내 주변도 그렇더라",
            "speaker": {
              "id": "2번",
              "sex": "남성",
              "age": "20대"
            },
            "speechAct": "(단언) 주장하기",
            "morpheme": "진짜/MAG+내/NP+JKG+주변/NNG+도/JX+그렇/VA+더라/EC"
          },
          {
            "id": 7,
            "text": "1 : 애기들도 맞으면 영향이 더 크지 않을까?",
            "norm_text": "애기들도 맞으면 영향이 더 크지 않을까?",
            "speaker": {
              "id": "1번",
              "sex": "여성",
              "age": "20대"
            },
            "speechAct": "(지시) 질문하기",
            "morpheme": "애기/NNG+들/XSN+도/JX+맞/VV+으면/EC+영향/NNG+이/JKS+더/MAG+크/VA+지/EC+않/VX+을까/EF"
          },
          {
            "id": 8,
            "text": "2 : 나 아는 사람도 이차 맞고 열 엄청 나더라고",
            "norm_text": "나 아는 사람도 이차 맞고 열 엄청 나더라고",
            "speaker": {
              "id": "2번",
              "sex": "남성",
              "age": "20대"
            },
            "speechAct": "(단언) 주장하기",
            "morpheme": "나아/NP+는/JX+사람/NNG+도/JX+이/NR+차/NNBC+맞/VV+고/EC+열/NR+엄청나/VA+더라고/EC"
          },
          {
            "id": 9,
            "text": "1 : 난 청소년 백신 사용 아직 시기 상조라 봐",
            "norm_text": "난 청소년 백신 사용 아직 시기 상조라 봐",
            "speaker": {
              "id": "1번",
              "sex": "여성",
              "age": "20대"
            },
            "speechAct": "(단언) 주장하기",
            "morpheme": "난/NP+JX+청소년/NNG+백신/NNG+사용/NNG+아직/MAG+시기상조/NNG+라/VCP+EC+봐/VX+EC"
          },
          {
            "id": 10,
            "text": "2 : 내 친구 지인은 모더나 맞고 이틀 뒤에 죽었다고 하더라",
            "norm_text": "내 친구 지인은 모더나 맞고 이틀 뒤에 죽었다고 하더라",
            "speaker": {
              "id": "2번",
              "sex": "남성",
              "age": "20대"
            },
            "speechAct": "(단언) 주장하기",
            "morpheme": "내/NP+JKG+친구/NNG+지인/NNG+은/JX+모/NNG+더/MAG+나/JX+맞/VV+고/EC+이틀/NNG+뒤/NNG+에/JKB+죽/VV+었/EP+다고/EC+하/VV+더라/EC"
          },
          {
            "id": 11,
            "text": "1 : 헐 진짜?",
            "norm_text": "헐 진짜?",
            "speaker": {
              "id": "1번",
              "sex": "여성",
              "age": "20대"
            },
            "speechAct": "(지시) 질문하기",
            "morpheme": "헐/IC+진짜/MAG"
          },
          {
            "id": 12,
            "text": "1 : 그런 거 들으니깐 좀 무섭다 ㅠㅠ",
            "norm_text": "그런 거 들으니깐 좀 무섭다 ㅠㅠ",
            "speaker": {
              "id": "1번",
              "sex": "여성",
              "age": "20대"
            },
            "speechAct": "(단언) 주장하기",
            "morpheme": "그런/MM+거들/VV+으니깐/EC+좀/MAG+무섭/VA+다/EF+ㅠㅠ/UNKNOWN"
          },
          {
            "id": 13,
            "text": "2 : 진짜 무서워 백신 맞는 것도 함부로 못 맞겠다",
            "norm_text": "진짜 무서워 백신 맞는 것도 함부로 못 맞겠다",
            "speaker": {
              "id": "2번",
              "sex": "남성",
              "age": "20대"
            },
            "speechAct": "(단언) 주장하기",
            "morpheme": "진짜/MAG+무서워/VA+EC+백신/NNG+맞/VV+는/ETM+것/NNB+도/JX+함부로/MAG+못/MAG+맞/VV+겠/EP+다/EC"
          },
          {
            "id": 14,
            "text": "1 : 맞아 키키 나도 맞고 나서 너무 아파서 놀랬어",
            "norm_text": "맞아 키키 나도 맞고 나서 너무 아파서 놀랬어",
            "speaker": {
              "id": "1번",
              "sex": "여성",
              "age": "20대"
            },
            "speechAct": "(단언) 주장하기",
            "morpheme": "맞/VV+아/EC+키/NNG+키나/XSA+ETN+JX+도/JX+맞/VV+고/EC+나/VX+서/EC+너무/MAG+아파서/VA+EC+놀랬/VV+EP+어/EC"
          },
          {
            "id": 15,
            "text": "2 : 근데 나는 다 맞아서 다행이야 키키",
            "norm_text": "근데 나는 다 맞아서 다행이야 키키",
            "speaker": {
              "id": "2번",
              "sex": "남성",
              "age": "20대"
            },
            "speechAct": "(단언) 주장하기",
            "morpheme": "근데/MAJ+나/NP+는/JX+다/MAG+맞/VV+아서/EC+다행/NNG+이/VCP+야/EC+키/NNG+키/XSV+ETN"
          },
          {
            "id": 16,
            "text": "1 : 아 정말?",
            "norm_text": "아 정말?",
            "speaker": {
              "id": "1번",
              "sex": "여성",
              "age": "20대"
            },
            "speechAct": "(지시) 질문하기",
            "morpheme": "아/IC+정말/MAG"
          },
          {
            "id": 17,
            "text": "1 : 난 아직 2차 남았어 키키",
            "norm_text": "난 아직 2차 남았어 키키",
            "speaker": {
              "id": "1번",
              "sex": "여성",
              "age": "20대"
            },
            "speechAct": "(단언) 주장하기",
            "morpheme": "난/NP+JX+아직/MAG+2/SN+차/NNBC+남/VV+았/EP+어/EC+키/NNG+키/XSV+ETN"
          },
          {
            "id": 18,
            "text": "2 : 아 진짜 난 다 맞았어 너무 좋아",
            "norm_text": "아 진짜 난 다 맞았어 너무 좋아",
            "speaker": {
              "id": "2번",
              "sex": "남성",
              "age": "20대"
            },
            "speechAct": "(단언) 주장하기",
            "morpheme": "아/IC+진짜/MAG+난/NP+JX+다/MAG+맞/VV+았/EP+어/EC+너무/MAG+좋/VA+아/EC"
          }
        ]
      }
    }
  ]
}