{
  "dataset": {
    "identifier": 127788,
    "name": "FACEBOOK_121_13_set",
    "src_path": "/data/file/cubeManager/PROJECT001/84/txt20211108155848035716/FACEBOOK_121_13_set/",
    "label_path": "/data/file/cubeManager/PROJECT001/84/txt20211108155848035716/FACEBOOK_121_13_set/",
    "category": 2,
    "type": 0
  },
  "licenses": {
    "name": "Apache License 1.0",
    "url": "http://www.apache.org/licenses/LICENSE-1.0"
  },
  "info": [
    {
      "id": 141737,
      "filename": "FACEBOOK_121_13.txt",
      "title": "FACEBOOK_121_13",
      "mediatype": "SNS",
      "medianame": "페이스북",
      "category": "일상대화",
      "date": "2021-11-08",
      "size": 389,
      "annotations": {
        "subject": "계절/날씨",
        "speaker_type": "1:1",
        "size": 389,
        "word_size": 141,
        "text": "1 : 오빠네 동네는 지금 날씨 어때?\n2 : 여기 지금 좀 따뜻해 키키\n1 : 여긴 지금 비 오는 것 같아\n2 : 거기 날씨는 어때?\n2 : 많이 추워?\n1 : 아니 별로 안 추워 키키\n2 : 아 그래? 여기는 이제 추워질 거 같아\n1 : 그치~ 여기도 비 그치고 나면 추울 듯\n2 : 패딩 사야 하는데 뭘로 살까 지금 고민 중\n1 : 패딩? 벌써 패딩을 입으려고?\n2 : 진짜 겨울이라 눈 오는 거 엄청 싫은데...\n2 : 패딩 입어야지\n1 : 그치 키키 난 아직 패딩은 ㅠㅠ 먼 얘기\n2 : 눈 오면 질척거리고 아 너무 싫어 운전하기도 귀찮고\n1 : 그렇긴 해 키키\n1 : 오빤 겨울이 싫구나\n2 : 웅 진짜 싫어해\n2 : 여름이 훨 좋아\n1 : 나도~ 따듯한 여름이 더 좋더라고\n2 : 아 나도 진짜 여름이 좋아 바다 가고",
        "lines": [
          {
            "id": 1,
            "text": "1 : 오빠네 동네는 지금 날씨 어때?",
            "norm_text": "오빠네 동네는 지금 날씨 어때?",
            "speaker": {
              "id": "1번",
              "sex": "여성",
              "age": "20대"
            },
            "speechAct": "(지시) 질문하기",
            "morpheme": "오빠/NNG+네/XSN+동네/NNG+는/JX+지금/MAG+날씨/NNG+어때/VA+EF"
          },
          {
            "id": 2,
            "text": "2 : 여기 지금 좀 따뜻해 키키",
            "norm_text": "여기 지금 좀 따뜻해 키키",
            "speaker": {
              "id": "2번",
              "sex": "남성",
              "age": "20대"
            },
            "speechAct": "(단언) 진술하기",
            "morpheme": "여기/NP+지금/MAG+좀/MAG+따뜻/XR+해/XSA+EC+키/NNG+키/XSV+ETN"
          },
          {
            "id": 3,
            "text": "1 : 여긴 지금 비 오는 것 같아",
            "norm_text": "여긴 지금 비 오는 것 같아",
            "speaker": {
              "id": "1번",
              "sex": "여성",
              "age": "20대"
            },
            "speechAct": "(단언) 주장하기",
            "morpheme": "여긴/NP+JX+지금/MAG+비오/VV+는/ETM+것/NNB+같/VA+아/EC"
          },
          {
            "id": 4,
            "text": "2 : 거기 날씨는 어때?",
            "norm_text": "거기 날씨는 어때?",
            "speaker": {
              "id": "2번",
              "sex": "남성",
              "age": "20대"
            },
            "speechAct": "(지시) 질문하기",
            "morpheme": "거기/NP+날씨/NNG+는/JX+어때/VA+EF"
          },
          {
            "id": 5,
            "text": "2 : 많이 추워?",
            "norm_text": "많이 추워?",
            "speaker": {
              "id": "2번",
              "sex": "남성",
              "age": "20대"
            },
            "speechAct": "(지시) 질문하기",
            "morpheme": "많이/MAG+추워/VA+EF"
          },
          {
            "id": 6,
            "text": "1 : 아니 별로 안 추워 키키",
            "norm_text": "아니 별로 안 추워 키키",
            "speaker": {
              "id": "1번",
              "sex": "여성",
              "age": "20대"
            },
            "speechAct": "(단언) 주장하기",
            "morpheme": "아니/IC+별로/MAG+안/MAG+추워/VA+EC+키/NNG+키/XSV+ETN"
          },
          {
            "id": 7,
            "text": "2 : 아 그래? 여기는 이제 추워질 거 같아",
            "norm_text": "아 그래? 여기는 이제 추워질 거 같아",
            "speaker": {
              "id": "2번",
              "sex": "남성",
              "age": "20대"
            },
            "speechAct": "(단언) 진술하기",
            "morpheme": "아/IC+그래/IC+여기/NP+는/JX+이제/MAG+추워질/VA+EC+VX+ETM+거/NNB+같/VA+아/EC"
          },
          {
            "id": 8,
            "text": "1 : 그치~ 여기도 비 그치고 나면 추울 듯",
            "norm_text": "그치~ 여기도 비 그치고 나면 추울 듯",
            "speaker": {
              "id": "1번",
              "sex": "여성",
              "age": "20대"
            },
            "speechAct": "(단언) 주장하기",
            "morpheme": "그치/IC+~/SY+여기/NP+도/JX+비/NNG+그치/VV+고/EC+나/VX+면/EC+추울/VA+ETM+듯/NNB"
          },
          {
            "id": 9,
            "text": "2 : 패딩 사야 하는데 뭘로 살까 지금 고민 중",
            "norm_text": "패딩 사야 하는데 뭘로 살까 지금 고민 중",
            "speaker": {
              "id": "2번",
              "sex": "남성",
              "age": "20대"
            },
            "speechAct": "(단언) 주장하기",
            "morpheme": "패딩/NNG+사야/NNG+하/XSV+는데/EC+뭘로/NP+JKB+살/NNG+까지/JX+금고/NNG+민중/NNG"
          },
          {
            "id": 10,
            "text": "1 : 패딩? 벌써 패딩을 입으려고?",
            "norm_text": "패딩? 벌써 패딩을 입으려고?",
            "speaker": {
              "id": "1번",
              "sex": "여성",
              "age": "20대"
            },
            "speechAct": "(지시) 질문하기",
            "morpheme": "패딩/NNG+벌써/MAG+패딩/NNG+을/JKO+입/VV+으려고/EF"
          },
          {
            "id": 11,
            "text": "2 : 진짜 겨울이라 눈 오는 거 엄청 싫은데...",
            "norm_text": "진짜 겨울이라 눈 오는 거 엄청 싫은데...",
            "speaker": {
              "id": "2번",
              "sex": "남성",
              "age": "20대"
            },
            "speechAct": "(단언) 주장하기",
            "morpheme": "진짜/MAG+겨울/NNG+이/VCP+라/EC+눈/NNG+오/VV+는/ETM+거/NNB+엄청/MAG+싫/VA+은데/EF+./SY"
          },
          {
            "id": 12,
            "text": "2 : 패딩 입어야지",
            "norm_text": "패딩 입어야지",
            "speaker": {
              "id": "2번",
              "sex": "남성",
              "age": "20대"
            },
            "speechAct": "(단언) 주장하기",
            "morpheme": "패딩/NNG+입/VV+어야지/EC"
          },
          {
            "id": 13,
            "text": "1 : 그치 키키 난 아직 패딩은 ㅠㅠ 먼 얘기",
            "norm_text": "그치 키키 난 아직 패딩은 ㅠㅠ 먼 얘기",
            "speaker": {
              "id": "1번",
              "sex": "여성",
              "age": "20대"
            },
            "speechAct": "(단언) 주장하기",
            "morpheme": "그치/IC+키/NNG+키/XSV+ETN+난/NP+JX+아직/MAG+패딩/NNG+은/JX+ㅠㅠ/UNKNOWN+먼/VA+ETM+얘기/NNG"
          },
          {
            "id": 14,
            "text": "2 : 눈 오면 질척거리고 아 너무 싫어 운전하기도 귀찮고",
            "norm_text": "눈 오면 질척거리고 아 너무 싫어 운전하기도 귀찮고",
            "speaker": {
              "id": "2번",
              "sex": "남성",
              "age": "20대"
            },
            "speechAct": "(단언) 주장하기",
            "morpheme": "눈/NNG+오/VV+면/EC+질척거리/VV+고/EC+아/IC+너무/MAG+싫/VA+어/EC+운전/NNG+하/XSV+기/ETN+도/JX+귀찮/VA+고/EC"
          },
          {
            "id": 15,
            "text": "1 : 그렇긴 해 키키",
            "norm_text": "그렇긴 해 키키",
            "speaker": {
              "id": "1번",
              "sex": "여성",
              "age": "20대"
            },
            "speechAct": "턴토크 사인(관습적 반응)",
            "morpheme": "그렇/VA+긴/ETN+JX+해/VX+EC+키/NNG+키/XSV+ETN"
          },
          {
            "id": 16,
            "text": "1 : 오빤 겨울이 싫구나",
            "norm_text": "오빤 겨울이 싫구나",
            "speaker": {
              "id": "1번",
              "sex": "여성",
              "age": "20대"
            },
            "speechAct": "(지시) 질문하기",
            "morpheme": "오빤/NNG+VCP+JX+겨울/NNG+이/JKS+싫/VA+구나/EC"
          },
          {
            "id": 17,
            "text": "2 : 웅 진짜 싫어해",
            "norm_text": "웅 진짜 싫어해",
            "speaker": {
              "id": "2번",
              "sex": "남성",
              "age": "20대"
            },
            "speechAct": "(표현) 부정감정 표현하기",
            "morpheme": "웅/IC+진짜/MAG+싫/VA+어/EC+해/VV+EC"
          },
          {
            "id": 18,
            "text": "2 : 여름이 훨 좋아",
            "norm_text": "여름이 훨 좋아",
            "speaker": {
              "id": "2번",
              "sex": "남성",
              "age": "20대"
            },
            "speechAct": "(단언) 주장하기",
            "morpheme": "여름/NNG+이/JKS+훨/MAG+좋/VA+아/EC"
          },
          {
            "id": 19,
            "text": "1 : 나도~ 따듯한 여름이 더 좋더라고",
            "norm_text": "나도~ 따듯한 여름이 더 좋더라고",
            "speaker": {
              "id": "1번",
              "sex": "여성",
              "age": "20대"
            },
            "speechAct": "(단언) 주장하기",
            "morpheme": "나/NP+도/JX+~/SY+따듯/XR+한/XSA+ETM+여름/NNG+이/JKS+더/MAG+좋/VA+더라고/EC"
          },
          {
            "id": 20,
            "text": "2 : 아 나도 진짜 여름이 좋아 바다 가고",
            "norm_text": "아 나도 진짜 여름이 좋아 바다 가고",
            "speaker": {
              "id": "2번",
              "sex": "남성",
              "age": "20대"
            },
            "speechAct": "(단언) 주장하기",
            "morpheme": "아/IC+나/NP+도/JX+진짜/MAG+여름/NNG+이/JKS+좋/VA+아/EC+바다/NNG+가/VV+고/EC"
          }
        ]
      }
    }
  ]
}