{
  "dataset": {
    "identifier": 103636,
    "name": "FACEBOOK_107_07_set",
    "src_path": "/data/file/cubeManager/PROJECT001/77/txt20211029160805026899/FACEBOOK_107_07_set/",
    "label_path": "/data/file/cubeManager/PROJECT001/77/txt20211029160805026899/FACEBOOK_107_07_set/",
    "category": 2,
    "type": 0
  },
  "licenses": {
    "name": "Apache License 1.0",
    "url": "http://www.apache.org/licenses/LICENSE-1.0"
  },
  "info": [
    {
      "id": 111275,
      "filename": "FACEBOOK_107_07.txt",
      "title": "FACEBOOK_107_07",
      "mediatype": "SNS",
      "medianame": "페이스북",
      "category": "일상대화",
      "date": "2021-10-29",
      "size": 496,
      "annotations": {
        "subject": "가족",
        "speaker_type": "1:1",
        "size": 496,
        "word_size": 165,
        "text": "1 : 언니네는 가족여행 잘 가는 편이야?\n2 : 우리는 가족여행은 많이 안 가\n2 : 너넨?\n1 : 그렇구나\n1 : 물어보면 극과 극인 거 같아 일단 나는 아예 안 가 키키\n2 : 근데 가족여행 다니는 가족들이 화목한 거 같아\n1 : 맞아 키키\n1 : 우리 집은 파탄 났어~ 파산이다~\n2 : 키키 우리 집도야 다 개인주의지 신경 안 씀\n1 : 키키 우리 아빠는 놀러 다니는 거 좋아하는데 우리 엄마는 진짜 싫어해\n2 : 우리는 다 좋아하는데 다 따로따로\n1 : 키키 아 누구는 바다 좋아하고 누구는 산 좋아해서 그런 거야?\n2 : 아빠는 친구랑 다니고 엄마는 나랑 다니고 키키\n1 : 와 우리 가족이랑 너무 똑같다, 소름 돋았어\n2 : 키키 엄마랑 이모들이랑만 다니지 나는\n1 : 키키 우리 엄마는 형제가 없어서 우리랑 다녀 최근에 담양 갔다 왔어 언니랑 나랑 엄마랑!\n2 : 와 담양 좋겠다 난 작년이 끝인 거 같아\n1 : 진짜?\n1 : 작년에는 어디 갔다 왔어?\n2 : 작년에는 제주도나 서울?\n2 : 또 가고 싶다",
        "lines": [
          {
            "id": 1,
            "text": "1 : 언니네는 가족여행 잘 가는 편이야?",
            "norm_text": "언니네는 가족여행 잘 가는 편이야?",
            "speaker": {
              "id": "1번",
              "sex": "여성",
              "age": "20대"
            },
            "speechAct": "(지시) 질문하기",
            "morpheme": "언니네/NNP+는/JX+가족/NNG+여행/NNG+잘/MAG+가/VV+는/ETM+편/NNB+이/VCP+야/EF"
          },
          {
            "id": 2,
            "text": "2 : 우리는 가족여행은 많이 안 가",
            "norm_text": "우리는 가족여행은 많이 안 가",
            "speaker": {
              "id": "2번",
              "sex": "여성",
              "age": "20대"
            },
            "speechAct": "(단언) 주장하기",
            "morpheme": "우리/NP+는/JX+가족/NNG+여행/NNG+은/JX+많이/MAG+안/MAG+가/VV+EC"
          },
          {
            "id": 3,
            "text": "2 : 너넨?",
            "norm_text": "너넨?",
            "speaker": {
              "id": "2번",
              "sex": "여성",
              "age": "20대"
            },
            "speechAct": "(지시) 질문하기",
            "morpheme": "너/NP+넨/XPN+JX"
          },
          {
            "id": 4,
            "text": "1 : 그렇구나",
            "norm_text": "그렇구나",
            "speaker": {
              "id": "1번",
              "sex": "여성",
              "age": "20대"
            },
            "speechAct": "(단언) 주장하기",
            "morpheme": "그렇/VA+구나/EC"
          },
          {
            "id": 5,
            "text": "1 : 물어보면 극과 극인 거 같아 일단 나는 아예 안 가 키키",
            "norm_text": "물어보면 극과 극인 거 같아 일단 나는 아예 안 가 키키",
            "speaker": {
              "id": "1번",
              "sex": "여성",
              "age": "20대"
            },
            "speechAct": "(단언) 주장하기",
            "morpheme": "물/VV+어/EC+보/VX+면/EC+극/NNG+과/JC+극/NNG+인/VCP+ETM+거/NNB+같/VA+아/EC+일단/MAG+나/NP+는/JX+아예/MAG+안/MAG+가/VV+EC+키/NNG+키/XSV+ETN"
          },
          {
            "id": 6,
            "text": "2 : 근데 가족여행 다니는 가족들이 화목한 거 같아",
            "norm_text": "근데 가족여행 다니는 가족들이 화목한 거 같아",
            "speaker": {
              "id": "2번",
              "sex": "여성",
              "age": "20대"
            },
            "speechAct": "(단언) 주장하기",
            "morpheme": "근데/MAJ+가족/NNG+여행/NNG+다니/VV+는/ETM+가족/NNG+들/XSN+이/JKS+화목/NNG+한/XSA+ETM+거/NNB+같/VA+아/EC"
          },
          {
            "id": 7,
            "text": "1 : 맞아 키키",
            "norm_text": "맞아 키키",
            "speaker": {
              "id": "1번",
              "sex": "여성",
              "age": "20대"
            },
            "speechAct": "(단언) 주장하기",
            "morpheme": "맞/VV+아/EC+키/NNG+키/XSV+ETN"
          },
          {
            "id": 8,
            "text": "1 : 우리 집은 파탄 났어~ 파산이다~",
            "norm_text": "우리 집은 파탄 났어~ 파산이다~",
            "speaker": {
              "id": "1번",
              "sex": "여성",
              "age": "20대"
            },
            "speechAct": "(단언) 주장하기",
            "morpheme": "우리/NP+집/NNG+은/JX+파탄/NNG+났/VV+EP+어/EC+~/SY+파산/NNG+이/VCP+다/EC+~/SY"
          },
          {
            "id": 9,
            "text": "2 : 키키 우리 집도야 다 개인주의지 신경 안 씀",
            "norm_text": "키키 우리 집도야 다 개인주의지 신경 안 씀",
            "speaker": {
              "id": "2번",
              "sex": "여성",
              "age": "20대"
            },
            "speechAct": "(단언) 주장하기",
            "morpheme": "키/NNG+키/XSV+ETN+우리/NP+집도/NNG+야/JX+다/MAG+개인주의/NNG+지/VCP+EC+신경/NNG+안/MAG+씀/VV+ETN"
          },
          {
            "id": 10,
            "text": "1 : 키키 우리 아빠는 놀러 다니는 거 좋아하는데 우리 엄마는 진짜 싫어해",
            "norm_text": "키키 우리 아빠는 놀러 다니는 거 좋아하는데 우리 엄마는 진짜 싫어해",
            "speaker": {
              "id": "1번",
              "sex": "여성",
              "age": "20대"
            },
            "speechAct": "(단언) 주장하기",
            "morpheme": "키/NNG+키/XSV+ETN+우리/NP+아빠/NNG+는/JX+놀/VV+러/EC+다니/VV+는/ETM+거/NNB+좋/VA+아/EC+하/VV+는데/EC+우리/NP+엄마/NNG+는/JX+진짜/MAG+싫/VA+어/EC+해/VV+EC"
          },
          {
            "id": 11,
            "text": "2 : 우리는 다 좋아하는데 다 따로따로",
            "norm_text": "우리는 다 좋아하는데 다 따로따로",
            "speaker": {
              "id": "2번",
              "sex": "여성",
              "age": "20대"
            },
            "speechAct": "(단언) 주장하기",
            "morpheme": "우리/NP+는/JX+다/MAG+좋/VA+아/EC+하/VV+는/ETM+데/NNB+다/JX+따로따로/MAG"
          },
          {
            "id": 12,
            "text": "1 : 키키 아 누구는 바다 좋아하고 누구는 산 좋아해서 그런 거야?",
            "norm_text": "키키 아 누구는 바다 좋아하고 누구는 산 좋아해서 그런 거야?",
            "speaker": {
              "id": "1번",
              "sex": "여성",
              "age": "20대"
            },
            "speechAct": "(지시) 질문하기",
            "morpheme": "키키/NNP+아/JKV+누구/NP+는/JX+바다/NNG+좋/VA+아/EC+하/VV+고/EC+누구/NP+는/JX+산/NNG+좋/VA+아/EC+해서/VV+EC+그런/MM+거/NNB+야/VCP+EF"
          },
          {
            "id": 13,
            "text": "2 : 아빠는 친구랑 다니고 엄마는 나랑 다니고 키키",
            "norm_text": "아빠는 친구랑 다니고 엄마는 나랑 다니고 키키",
            "speaker": {
              "id": "2번",
              "sex": "여성",
              "age": "20대"
            },
            "speechAct": "(단언) 주장하기",
            "morpheme": "아빠/NNG+는/JX+친구/NNG+랑/JKB+다니/VV+고/EC+엄마/NNG+는/JX+나/NP+랑/JKB+다니/VV+고/EC+키/NNG+키/XSV+ETN"
          },
          {
            "id": 14,
            "text": "1 : 와 우리 가족이랑 너무 똑같다, 소름 돋았어",
            "norm_text": "와 우리 가족이랑 너무 똑같다, 소름 돋았어",
            "speaker": {
              "id": "1번",
              "sex": "여성",
              "age": "20대"
            },
            "speechAct": "(단언) 주장하기",
            "morpheme": "와/IC+우리/NP+가족/NNG+이랑/JKB+너무/MAG+똑같/VA+다/EF+,/SC+소름/NNG+돋/VV+았/EP+어/EC"
          },
          {
            "id": 15,
            "text": "2 : 키키 엄마랑 이모들이랑만 다니지 나는",
            "norm_text": "키키 엄마랑 이모들이랑만 다니지 나는",
            "speaker": {
              "id": "2번",
              "sex": "여성",
              "age": "20대"
            },
            "speechAct": "(단언) 주장하기",
            "morpheme": "키/NNG+키/NNG+엄마/NNG+랑/JKB+이모/NNG+들/XSN+이랑/JKB+만/JX+다니/VV+지/EC+나/VX+는/ETM"
          },
          {
            "id": 16,
            "text": "1 : 키키 우리 엄마는 형제가 없어서 우리랑 다녀 최근에 담양 갔다 왔어 언니랑 나랑 엄마랑!",
            "norm_text": "키키 우리 엄마는 형제가 없어서 우리랑 다녀 최근에 담양 갔다 왔어 언니랑 나랑 엄마랑!",
            "speaker": {
              "id": "1번",
              "sex": "여성",
              "age": "20대"
            },
            "speechAct": "(단언) 진술하기",
            "morpheme": "키/NNG+키/XSV+ETN+우리/NP+엄마/NNG+는/JX+형제/NNG+가/JKS+없/VA+어서/EC+우리/NP+랑/JKB+다녀/VV+EC+최근/NNG+에/JKB+담양/NNP+갔다왔/VV+EP+어/EC+언니/NNG+랑/JC+나/NP+랑/JKB+엄마/NNG+랑/JKB"
          },
          {
            "id": 17,
            "text": "2 : 와 담양 좋겠다 난 작년이 끝인 거 같아",
            "norm_text": "와 담양 좋겠다 난 작년이 끝인 거 같아",
            "speaker": {
              "id": "2번",
              "sex": "여성",
              "age": "20대"
            },
            "speechAct": "(단언) 주장하기",
            "morpheme": "와/IC+담양/NNP+좋/VA+겠/EP+다/EF+난/NP+JX+작년/NNG+이/JKS+끝/NNG+인/VCP+ETM+거/NNB+같/VA+아/EC"
          },
          {
            "id": 18,
            "text": "1 : 진짜?",
            "norm_text": "진짜?",
            "speaker": {
              "id": "1번",
              "sex": "여성",
              "age": "20대"
            },
            "speechAct": "(지시) 질문하기",
            "morpheme": "진짜/MAG"
          },
          {
            "id": 19,
            "text": "1 : 작년에는 어디 갔다 왔어?",
            "norm_text": "작년에는 어디 갔다 왔어?",
            "speaker": {
              "id": "1번",
              "sex": "여성",
              "age": "20대"
            },
            "speechAct": "(지시) 질문하기",
            "morpheme": "작년/NNG+에/JKB+는/JX+어디/NP+갔다왔/VV+EP+어/EF"
          },
          {
            "id": 20,
            "text": "2 : 작년에는 제주도나 서울?",
            "norm_text": "작년에는 제주도나 서울?",
            "speaker": {
              "id": "2번",
              "sex": "여성",
              "age": "20대"
            },
            "speechAct": "(단언) 주장하기",
            "morpheme": "작년/NNG+에/JKB+는/JX+제주도/NNP+나/JC+서울/NNP"
          },
          {
            "id": 21,
            "text": "2 : 또 가고 싶다",
            "norm_text": "또 가고 싶다",
            "speaker": {
              "id": "2번",
              "sex": "여성",
              "age": "20대"
            },
            "speechAct": "(단언) 주장하기",
            "morpheme": "또/MAG+가/VV+고/EC+싶/VX+다/EC"
          }
        ]
      }
    }
  ]
}