{
  "dataset": {
    "identifier": 99364,
    "name": "FACEBOOK_106_08_set",
    "src_path": "/data/file/cubeManager/PROJECT001/77/txt20211028145511031168/FACEBOOK_106_08_set/",
    "label_path": "/data/file/cubeManager/PROJECT001/77/txt20211028145511031168/FACEBOOK_106_08_set/",
    "category": 2,
    "type": 0
  },
  "licenses": {
    "name": "Apache License 1.0",
    "url": "http://www.apache.org/licenses/LICENSE-1.0"
  },
  "info": [
    {
      "id": 100513,
      "filename": "FACEBOOK_106_08.txt",
      "title": "FACEBOOK_106_08",
      "mediatype": "SNS",
      "medianame": "페이스북",
      "category": "일상대화",
      "date": "2021-10-28",
      "size": 386,
      "annotations": {
        "subject": "연애/결혼",
        "speaker_type": "1:1",
        "size": 386,
        "word_size": 137,
        "text": "1 : 언니는 나중에 애기 낳을 생각 있어?\n2 : 나는 애기 낳고 싶지\n1 : 아 진짜?\n1 : 딸램 아들램~?\n2 : 나는 딸 근데 못 생길까봐 무서워\n1 : 왜?\n1 : 언니 닮았으면 이쁘겠지~!\n2 : 아냐...\n2 : 좀 두려움이 있어 키키\n1 : 아니야\n1 : 근데 딸은 아빠 닮는다고 했어!\n2 : 첫째는 다 아빠 닮는 거 같아\n1 : 맞아!\n1 : 그리고 또 고모를 많이 닮더라!\n2 : 고모?\n2 : 아빠쪽 누나나 동생?\n1 : 어 맞아!\n1 : 이게 일리가 있는 말이래!\n2 : 와 신기하다\n2 : 조카들 한번 봐야겠다\n1 : 키키 진짜로 우리 언니 고모랑 판박이야!\n2 : 키키 너는?\n2 : 너는 누구 닮았어\n1 : 나는 그냥 아빠랑 엄마 골고루 닮았다고 해 사람들이~\n2 : 나도 그래 다 아빠랑 엄마랑 똑같데",
        "lines": [
          {
            "id": 1,
            "text": "1 : 언니는 나중에 애기 낳을 생각 있어?",
            "norm_text": "언니는 나중에 애기 낳을 생각 있어?",
            "speaker": {
              "id": "1번",
              "sex": "여성",
              "age": "20대"
            },
            "speechAct": "(지시) 질문하기",
            "morpheme": "언니/NNG+는/JX+나중/NNG+에/JKB+애기/NNG+낳/NNG+을/JKO+생각/NNG+있/VA+어/EF"
          },
          {
            "id": 2,
            "text": "2 : 나는 애기 낳고 싶지",
            "norm_text": "나는 애기 낳고 싶지",
            "speaker": {
              "id": "2번",
              "sex": "여성",
              "age": "20대"
            },
            "speechAct": "(단언) 주장하기",
            "morpheme": "나/NP+는/JX+애기/NNG+낳/VV+고/EC+싶/VX+지/EC"
          },
          {
            "id": 3,
            "text": "1 : 아 진짜?",
            "norm_text": "아 진짜?",
            "speaker": {
              "id": "1번",
              "sex": "여성",
              "age": "20대"
            },
            "speechAct": "(지시) 질문하기",
            "morpheme": "아/IC+진짜/MAG"
          },
          {
            "id": 4,
            "text": "1 : 딸램 아들램~?",
            "norm_text": "딸램 아들램~?",
            "speaker": {
              "id": "1번",
              "sex": "여성",
              "age": "20대"
            },
            "speechAct": "(지시) 질문하기",
            "morpheme": "딸/NNG+램/NNG+아들/NNG+램/NNG+~/SY"
          },
          {
            "id": 5,
            "text": "2 : 나는 딸 근데 못 생길까봐 무서워",
            "norm_text": "나는 딸 근데 못 생길까봐 무서워",
            "speaker": {
              "id": "2번",
              "sex": "여성",
              "age": "20대"
            },
            "speechAct": "(단언) 주장하기",
            "morpheme": "나/NP+는/JX+딸/NNG+근데/MAJ+못/MAG+생길까봐/VV+EC+VX+EC+무서워/VA+EC"
          },
          {
            "id": 6,
            "text": "1 : 왜?",
            "norm_text": "왜?",
            "speaker": {
              "id": "1번",
              "sex": "여성",
              "age": "20대"
            },
            "speechAct": "(지시) 질문하기",
            "morpheme": "왜/MAG"
          },
          {
            "id": 7,
            "text": "1 : 언니 닮았으면 이쁘겠지~!",
            "norm_text": "언니 닮았으면 이쁘겠지~!",
            "speaker": {
              "id": "1번",
              "sex": "여성",
              "age": "20대"
            },
            "speechAct": "(단언) 주장하기",
            "morpheme": "언니/NNG+닮/VV+았/EP+으면/EC+이쁘/VA+겠/EP+지/EC+~/SY"
          },
          {
            "id": 8,
            "text": "2 : 아냐...",
            "norm_text": "아냐...",
            "speaker": {
              "id": "2번",
              "sex": "여성",
              "age": "20대"
            },
            "speechAct": "(단언) 주장하기",
            "morpheme": "아냐/IC+./SY"
          },
          {
            "id": 9,
            "text": "2 : 좀 두려움이 있어 키키",
            "norm_text": "좀 두려움이 있어 키키",
            "speaker": {
              "id": "2번",
              "sex": "여성",
              "age": "20대"
            },
            "speechAct": "(단언) 주장하기",
            "morpheme": "좀/MAG+두려움/NNG+이/JKS+있/VV+어/EC+키/NNG+키/XSV+ETN"
          },
          {
            "id": 10,
            "text": "1 : 아니야",
            "norm_text": "아니야",
            "speaker": {
              "id": "1번",
              "sex": "여성",
              "age": "20대"
            },
            "speechAct": "(단언) 주장하기",
            "morpheme": "아니/VCN+야/EC"
          },
          {
            "id": 11,
            "text": "1 : 근데 딸은 아빠 닮는다고 했어!",
            "norm_text": "근데 딸은 아빠 닮는다고 했어!",
            "speaker": {
              "id": "1번",
              "sex": "여성",
              "age": "20대"
            },
            "speechAct": "(단언) 진술하기",
            "morpheme": "근데/MAJ+딸/NNG+은/JX+아빠/NNG+닮/VV+는다고/EC+했/VX+EP+어/EF"
          },
          {
            "id": 12,
            "text": "2 : 첫째는 다 아빠 닮는 거 같아",
            "norm_text": "첫째는 다 아빠 닮는 거 같아",
            "speaker": {
              "id": "2번",
              "sex": "여성",
              "age": "20대"
            },
            "speechAct": "(단언) 주장하기",
            "morpheme": "첫째/NR+는/JX+다/MAG+아빠/NNG+닮/VV+는/ETM+거/NNB+같/VA+아/EC"
          },
          {
            "id": 13,
            "text": "1 : 맞아!",
            "norm_text": "맞아!",
            "speaker": {
              "id": "1번",
              "sex": "여성",
              "age": "20대"
            },
            "speechAct": "(단언) 주장하기",
            "morpheme": "맞/VV+아/EF"
          },
          {
            "id": 14,
            "text": "1 : 그리고 또 고모를 많이 닮더라!",
            "norm_text": "그리고 또 고모를 많이 닮더라!",
            "speaker": {
              "id": "1번",
              "sex": "여성",
              "age": "20대"
            },
            "speechAct": "(단언) 주장하기",
            "morpheme": "그리고/MAJ+또/MAG+고모/NNG+를/JKO+많이/MAG+닮/VV+더라/EF"
          },
          {
            "id": 15,
            "text": "2 : 고모?",
            "norm_text": "고모?",
            "speaker": {
              "id": "2번",
              "sex": "여성",
              "age": "20대"
            },
            "speechAct": "(지시) 질문하기",
            "morpheme": "고모/NNG"
          },
          {
            "id": 16,
            "text": "2 : 아빠쪽 누나나 동생?",
            "norm_text": "아빠쪽 누나나 동생?",
            "speaker": {
              "id": "2번",
              "sex": "여성",
              "age": "20대"
            },
            "speechAct": "(지시) 질문하기",
            "morpheme": "아빠/NNG+쪽/NNB+누나/NNG+나/JC+동생/NNG"
          },
          {
            "id": 17,
            "text": "1 : 어 맞아!",
            "norm_text": "어 맞아!",
            "speaker": {
              "id": "1번",
              "sex": "여성",
              "age": "20대"
            },
            "speechAct": "(단언) 주장하기",
            "morpheme": "어/IC+맞/VV+아/EF"
          },
          {
            "id": 18,
            "text": "1 : 이게 일리가 있는 말이래!",
            "norm_text": "이게 일리가 있는 말이래!",
            "speaker": {
              "id": "1번",
              "sex": "여성",
              "age": "20대"
            },
            "speechAct": "(단언) 진술하기",
            "morpheme": "이게/NP+JKS+일리/NNG+가/JKS+있/VA+는/ETM+말/NNG+이/VCP+래/EF"
          },
          {
            "id": 19,
            "text": "2 : 와 신기하다",
            "norm_text": "와 신기하다",
            "speaker": {
              "id": "2번",
              "sex": "여성",
              "age": "20대"
            },
            "speechAct": "(단언) 주장하기",
            "morpheme": "와/IC+신기/XR+하/XSA+다/EC"
          },
          {
            "id": 20,
            "text": "2 : 조카들 한번 봐야겠다",
            "norm_text": "조카들 한번 봐야겠다",
            "speaker": {
              "id": "2번",
              "sex": "여성",
              "age": "20대"
            },
            "speechAct": "(단언) 주장하기",
            "morpheme": "조카/NNG+들/XSN+한번/MAG+봐야/VV+EC+VX+겠/EP+다/EC"
          },
          {
            "id": 21,
            "text": "1 : 키키 진짜로 우리 언니 고모랑 판박이야!",
            "norm_text": "키키 진짜로 우리 언니 고모랑 판박이야!",
            "speaker": {
              "id": "1번",
              "sex": "여성",
              "age": "20대"
            },
            "speechAct": "(단언) 주장하기",
            "morpheme": "키/NNG+키/NNG+진짜/NNG+로/JKB+우리/NP+언니/NNG+고모/NNG+랑/JKB+판박이/NNG+야/VCP+EF"
          },
          {
            "id": 22,
            "text": "2 : 키키 너는?",
            "norm_text": "키키 너는?",
            "speaker": {
              "id": "2번",
              "sex": "여성",
              "age": "20대"
            },
            "speechAct": "(지시) 질문하기",
            "morpheme": "키/NNG+키/XSV+ETN+너/NP+는/JX"
          },
          {
            "id": 23,
            "text": "2 : 너는 누구 닮았어",
            "norm_text": "너는 누구 닮았어",
            "speaker": {
              "id": "2번",
              "sex": "여성",
              "age": "20대"
            },
            "speechAct": "(지시) 질문하기",
            "morpheme": "너/NP+는/JX+누구/NP+닮/VV+았/EP+어/EC"
          },
          {
            "id": 24,
            "text": "1 : 나는 그냥 아빠랑 엄마 골고루 닮았다고 해 사람들이~",
            "norm_text": "나는 그냥 아빠랑 엄마 골고루 닮았다고 해 사람들이~",
            "speaker": {
              "id": "1번",
              "sex": "여성",
              "age": "20대"
            },
            "speechAct": "(단언) 진술하기",
            "morpheme": "나/NP+는/JX+그냥/MAG+아빠/NNG+랑/JKB+엄마/NNG+골고루/MAG+닮/VV+았/EP+다고/EC+해/VV+EC+사람/NNG+들/XSN+이/JKS+~/SY"
          },
          {
            "id": 25,
            "text": "2 : 나도 그래 다 아빠랑 엄마랑 똑같데",
            "norm_text": "나도 그래 다 아빠랑 엄마랑 똑같데",
            "speaker": {
              "id": "2번",
              "sex": "여성",
              "age": "20대"
            },
            "speechAct": "(단언) 진술하기",
            "morpheme": "나/NP+도/JX+그래/VA+EC+다/MAG+아빠/NNG+랑/JKB+엄마/NNG+랑/JKB+똑같/VA+데/EC"
          }
        ]
      }
    }
  ]
}