{
  "dataset": {
    "identifier": 117562,
    "name": "FACEBOOK_105_14_set",
    "src_path": "/data/file/cubeManager/PROJECT001/77/txt202110281448320417103/FACEBOOK_105_14_set/",
    "label_path": "/data/file/cubeManager/PROJECT001/77/txt202110281448320417103/FACEBOOK_105_14_set/",
    "category": 2,
    "type": 0
  },
  "licenses": {
    "name": "Apache License 1.0",
    "url": "http://www.apache.org/licenses/LICENSE-1.0"
  },
  "info": [
    {
      "id": 100339,
      "filename": "FACEBOOK_105_14.txt",
      "title": "FACEBOOK_105_14",
      "mediatype": "SNS",
      "medianame": "페이스북",
      "category": "일상대화",
      "date": "2021-10-28",
      "size": 493,
      "annotations": {
        "subject": "사회이슈",
        "speaker_type": "1:1",
        "size": 493,
        "word_size": 170,
        "text": "1 : 오빠 이번에 로또 샀어?\n2 : 나 매주에 항상 만 원씩 사\n1 : 키키 지금 시간이면 당첨번호 나왔을 텐데?\n2 : 맞아\n2 : 근데 항상 다음날 확인해 나는 ^^\n1 : 키키 아 진짜?\n1 : 내가 지금 알려줄까?\n2 : 아니\n2 : 당첨되면 토요일 일요일 2틀 못 자는데 일요일 날 확인하면 하루만 새면 되잖아 키키\n1 : 키키 나는 오늘 샀으면 5천 원 당첨됐었어!\n2 : 5천 원?\n2 : 그냥 본전 아니야?\n2 : 냅둬 걍\n1 : 키키 그래도 5천 원 당첨된 게 어디야!\n2 : 그래 맞아\n2 : 나는 맨날 그렇게 사는데도 천 원도 안된다 키키\n1 : 키키 근데 이번에 당첨자 10명 나왔대!\n2 : 대박\n2 : 그럼 나눠 갖는 사람이 많아서 당첨금 적겠네~\n1 : 어 맞아\n1 : 그래서 이번에 24억씩 가져간다더라~\n2 : 오? 생각보다는 많은데?\n2 : 평균 당첨자들이 몇 명인 거지...\n1 : 오빠 세금 뗄 생각 안 해~?  키키\n2 : 세금 당연히 드려야죠...\n2 : 꽁돈인데 그거 못 주겠니 ㅎ",
        "lines": [
          {
            "id": 1,
            "text": "1 : 오빠 이번에 로또 샀어?",
            "norm_text": "오빠 이번에 로또 샀어?",
            "speaker": {
              "id": "1번",
              "sex": "여성",
              "age": "20대"
            },
            "speechAct": "(지시) 질문하기",
            "morpheme": "오빠/NNG+이번/NNG+에/JKB+로또/NNP+샀/VV+EP+어/EF"
          },
          {
            "id": 2,
            "text": "2 : 나 매주에 항상 만 원씩 사",
            "norm_text": "나 매주에 항상 만 원씩 사",
            "speaker": {
              "id": "2번",
              "sex": "남성",
              "age": "20대"
            },
            "speechAct": "(단언) 진술하기",
            "morpheme": "나/NP+매주/NNG+에/JKB+항상/MAG+만/NR+원/NNBC+씩/XSN+사/VV+EC"
          },
          {
            "id": 3,
            "text": "1 : 키키 지금 시간이면 당첨번호 나왔을 텐데?",
            "norm_text": "키키 지금 시간이면 당첨번호 나왔을 텐데?",
            "speaker": {
              "id": "1번",
              "sex": "여성",
              "age": "20대"
            },
            "speechAct": "(단언) 주장하기",
            "morpheme": "키/NNG+키/NNG+지금/MAG+시간/NNG+이/VCP+면/EC+당첨/NNG+번호/NNG+나왔/VV+EP+을/ETM+텐데/NNB+VCP+EF"
          },
          {
            "id": 4,
            "text": "2 : 맞아",
            "norm_text": "맞아",
            "speaker": {
              "id": "2번",
              "sex": "남성",
              "age": "20대"
            },
            "speechAct": "(단언) 주장하기",
            "morpheme": "맞/VV+아/EC"
          },
          {
            "id": 5,
            "text": "2 : 근데 항상 다음날 확인해 나는 ^^",
            "norm_text": "근데 항상 다음날 확인해 나는 ^^",
            "speaker": {
              "id": "2번",
              "sex": "남성",
              "age": "20대"
            },
            "speechAct": "(단언) 진술하기",
            "morpheme": "근데/MAJ+항상/MAG+다음/NNG+날/NNG+확인/NNG+해/XSV+EC+나/NP+는/JX+^/SY+^/SY"
          },
          {
            "id": 6,
            "text": "1 : 키키 아 진짜?",
            "norm_text": "키키 아 진짜?",
            "speaker": {
              "id": "1번",
              "sex": "여성",
              "age": "20대"
            },
            "speechAct": "(지시) 질문하기",
            "morpheme": "키/NNG+키/VV+아/EC+진짜/MAG"
          },
          {
            "id": 7,
            "text": "1 : 내가 지금 알려줄까?",
            "norm_text": "내가 지금 알려줄까?",
            "speaker": {
              "id": "1번",
              "sex": "여성",
              "age": "20대"
            },
            "speechAct": "(지시) 충고/제안하기",
            "morpheme": "내/NP+가/JKS+지금/MAG+알려줄까/VV+EC+VX+EF"
          },
          {
            "id": 8,
            "text": "2 : 아니",
            "norm_text": "아니",
            "speaker": {
              "id": "2번",
              "sex": "남성",
              "age": "20대"
            },
            "speechAct": "(단언) 주장하기",
            "morpheme": "아니/IC"
          },
          {
            "id": 9,
            "text": "2 : 당첨되면 토요일 일요일 2틀 못 자는데 일요일 날 확인하면 하루만 새면 되잖아 키키",
            "norm_text": "당첨되면 토요일 일요일 2틀 못 자는데 일요일 날 확인하면 하루만 새면 되잖아 키키",
            "speaker": {
              "id": "2번",
              "sex": "남성",
              "age": "20대"
            },
            "speechAct": "(단언) 주장하기",
            "morpheme": "당첨/NNG+되/XSV+면/EC+토요일/NNG+일요일/NNG+2/SN+틀못자는데일요일날확인하면하루만새면되잖아키키/UNKNOWN"
          },
          {
            "id": 10,
            "text": "1 : 키키 나는 오늘 샀으면 5천 원 당첨됐었어!",
            "norm_text": "키키 나는 오늘 샀으면 5천 원 당첨됐었어!",
            "speaker": {
              "id": "1번",
              "sex": "여성",
              "age": "20대"
            },
            "speechAct": "(단언) 진술하기",
            "morpheme": "키/NNG+키나/XSA+ETN+JX+는/JX+오늘/MAG+샀으면/VV+EP+EC+5/SN+천/NR+원/NNBC+당첨/NNG+됐었/XSV+EP+어/EF"
          },
          {
            "id": 11,
            "text": "2 : 5천 원?",
            "norm_text": "5천 원?",
            "speaker": {
              "id": "2번",
              "sex": "남성",
              "age": "20대"
            },
            "speechAct": "(지시) 질문하기",
            "morpheme": "5/SN+천/NR+원/NNBC"
          },
          {
            "id": 12,
            "text": "2 : 그냥 본전 아니야?",
            "norm_text": "그냥 본전 아니야?",
            "speaker": {
              "id": "2번",
              "sex": "남성",
              "age": "20대"
            },
            "speechAct": "(단언) 주장하기",
            "morpheme": "그냥/MAG+본전/NNG+아니/VCN+야/EF"
          },
          {
            "id": 13,
            "text": "2 : 냅둬 걍",
            "norm_text": "냅둬 걍",
            "speaker": {
              "id": "2번",
              "sex": "남성",
              "age": "20대"
            },
            "speechAct": "(지시) 명령/요구하기",
            "morpheme": "냅둬걍/UNKNOWN"
          },
          {
            "id": 14,
            "text": "1 : 키키 그래도 5천 원 당첨된 게 어디야!",
            "norm_text": "키키 그래도 5천 원 당첨된 게 어디야!",
            "speaker": {
              "id": "1번",
              "sex": "여성",
              "age": "20대"
            },
            "speechAct": "(단언) 주장하기",
            "morpheme": "키/NNG+키/XSV+ETN+그래도/VV+EC+5/SN+천/NR+원/NNBC+당첨/NNG+된/XSV+ETM+게/NNB+JKS+어디/NP+야/VCP+EF"
          },
          {
            "id": 15,
            "text": "2 : 그래 맞아",
            "norm_text": "그래 맞아",
            "speaker": {
              "id": "2번",
              "sex": "남성",
              "age": "20대"
            },
            "speechAct": "(단언) 주장하기",
            "morpheme": "그래/VA+EC+맞/VV+아/EC"
          },
          {
            "id": 16,
            "text": "2 : 나는 맨날 그렇게 사는데도 천 원도 안된다 키키",
            "norm_text": "나는 맨날 그렇게 사는데도 천 원도 안된다 키키",
            "speaker": {
              "id": "2번",
              "sex": "남성",
              "age": "20대"
            },
            "speechAct": "(단언) 진술하기",
            "morpheme": "나/NP+는/JX+맨날/MAG+그렇게/MAG+사/VV+는데도/EC+천/NR+원/NNBC+도/JX+안/MAG+된/VV+ETM+다키키/NNP"
          },
          {
            "id": 17,
            "text": "1 : 키키 근데 이번에 당첨자 10명 나왔대!",
            "norm_text": "키키 근데 이번에 당첨자 10명 나왔대!",
            "speaker": {
              "id": "1번",
              "sex": "여성",
              "age": "20대"
            },
            "speechAct": "(단언) 진술하기",
            "morpheme": "키/NNG+키/XSV+ETN+근데/MAJ+이번/NNG+에/JKB+당첨자/NNG+10/SN+명/NNBC+나왔/VV+EP+대/EF"
          },
          {
            "id": 18,
            "text": "2 : 대박",
            "norm_text": "대박",
            "speaker": {
              "id": "2번",
              "sex": "남성",
              "age": "20대"
            },
            "speechAct": "(표현) 부정감정 표현하기",
            "morpheme": "대박/NNG"
          },
          {
            "id": 19,
            "text": "2 : 그럼 나눠 갖는 사람이 많아서 당첨금 적겠네~",
            "norm_text": "그럼 나눠 갖는 사람이 많아서 당첨금 적겠네~",
            "speaker": {
              "id": "2번",
              "sex": "남성",
              "age": "20대"
            },
            "speechAct": "(단언) 주장하기",
            "morpheme": "그럼/MAJ+나눠/VV+EC+갖/VX+는/ETM+사람/NNG+이/JKS+많/VA+아서/EC+당첨금/NNG+적/XSN+겠/VCP+EP+네/EF+~/SY"
          },
          {
            "id": 20,
            "text": "1 : 어 맞아",
            "norm_text": "어 맞아",
            "speaker": {
              "id": "1번",
              "sex": "여성",
              "age": "20대"
            },
            "speechAct": "(단언) 주장하기",
            "morpheme": "어/IC+맞/VV+아/EC"
          },
          {
            "id": 21,
            "text": "1 : 그래서 이번에 24억씩 가져간다더라~",
            "norm_text": "그래서 이번에 24억씩 가져간다더라~",
            "speaker": {
              "id": "1번",
              "sex": "여성",
              "age": "20대"
            },
            "speechAct": "(단언) 진술하기",
            "morpheme": "그래서/MAJ+이번/NNG+에/JKB+24/SN+억/NR+씩/XSN+가져/VV+EC+간다더라/VX+EC+~/SY"
          },
          {
            "id": 22,
            "text": "2 : 오? 생각보다는 많은데?",
            "norm_text": "오? 생각보다는 많은데?",
            "speaker": {
              "id": "2번",
              "sex": "남성",
              "age": "20대"
            },
            "speechAct": "(단언) 주장하기",
            "morpheme": "오/IC+생각/NNG+보다/JKB+는/JX+많/VA+은데/EF"
          },
          {
            "id": 23,
            "text": "2 : 평균 당첨자들이 몇 명인 거지...",
            "norm_text": "평균 당첨자들이 몇 명인 거지...",
            "speaker": {
              "id": "2번",
              "sex": "남성",
              "age": "20대"
            },
            "speechAct": "(지시) 질문하기",
            "morpheme": "평균/NNG+당첨자/NNG+들/XSN+이/JKS+몇/MM+명/NNBC+인/VCP+ETM+거/NNB+지/VCP+EF+./SY"
          },
          {
            "id": 24,
            "text": "1 : 오빠 세금 뗄 생각 안 해~?  키키",
            "norm_text": "오빠 세금 뗄 생각 안 해~?  키키",
            "speaker": {
              "id": "1번",
              "sex": "여성",
              "age": "20대"
            },
            "speechAct": "(지시) 질문하기",
            "morpheme": "오빠/NNG+세금/NNG+뗄/VV+ETM+생각/NNG+안/MAG+해/VV+EC+~/SY+키/NNG+키/XSV+ETN"
          },
          {
            "id": 25,
            "text": "2 : 세금 당연히 드려야죠...",
            "norm_text": "세금 당연히 드려야죠...",
            "speaker": {
              "id": "2번",
              "sex": "남성",
              "age": "20대"
            },
            "speechAct": "(단언) 주장하기",
            "morpheme": "세금/NNG+당연히/MAG+드려야/VV+EC+VX+죠/EF+./SY"
          },
          {
            "id": 26,
            "text": "2 : 꽁돈인데 그거 못 주겠니 ㅎ",
            "norm_text": "꽁돈인데 그거 못 주겠니 ㅎ",
            "speaker": {
              "id": "2번",
              "sex": "남성",
              "age": "20대"
            },
            "speechAct": "(단언) 주장하기",
            "morpheme": "꽁/MAG+돈/NNG+인데/VCP+EC+그거/NP+못/MAG+주/VV+겠/EP+니/EC+ㅎ/XSA"
          }
        ]
      }
    }
  ]
}