{
  "dataset": {
    "identifier": 99309,
    "name": "FACEBOOK_104_18_set",
    "src_path": "/data/file/cubeManager/PROJECT001/77/txt20211028145511024142/FACEBOOK_104_18_set/",
    "label_path": "/data/file/cubeManager/PROJECT001/77/txt20211028145511024142/FACEBOOK_104_18_set/",
    "category": 2,
    "type": 0
  },
  "licenses": {
    "name": "Apache License 1.0",
    "url": "http://www.apache.org/licenses/LICENSE-1.0"
  },
  "info": [
    {
      "id": 100503,
      "filename": "FACEBOOK_104_18.txt",
      "title": "FACEBOOK_104_18",
      "mediatype": "SNS",
      "medianame": "페이스북",
      "category": "일상대화",
      "date": "2021-10-28",
      "size": 517,
      "annotations": {
        "subject": "상거래 전반",
        "speaker_type": "1:1",
        "size": 517,
        "word_size": 174,
        "text": "1 : 너는 위메프 써본 적 있어?\n2 : 어 한 두번 써본 거 같아\n1 : 생각보다 많이 안 쓰네 왜 안 써?\n2 : 나는 쿠팡이나 브랜드 홈페이지에서 많이 사\n1 : 키키 그렇구나\n1 : 쿠팡 나오기 전에 사람들 위메프 많이 썼는데 나도 그랬고!\n2 : 맞아 맞아 위메프랑 지마켓 이런 거 많이 사용했었잖아!\n1 : 키키 아 맞아\n1 : 그러고 너 티몬도 알아?\n2 : 어 알아\n2 : 거기도 맨날 들어가서 살 거 없는데 구경하고 그랬어\n1 : 맞아 키키\n1 : 그때는 티몬에서 쿠폰 많이 뿌렸었는데!\n2 : 어 맞아\n2 : 그래서 맨날 이메일로 알림 오고 짜증 나가지고 알림 거부했잖아...\n1 : 키키 너는 이메일로 왔어?\n1 : 나는 문자 sns로  많이 왔어!\n2 : 키키 아 그래?\n2 : 그래서 난 메일 정리 항상 했어야 됐어 ㅠㅠ\n1 : 키키 나는 080으로 전화해서 수신 거부 눌렀음 키키\n2 : 와 키키 그거 국룰이잖아 다 거부 시켜버려야 돼\n1 : 그럼 그럼~ 쿠폰도 보면 쓸모없는 것들만 줬어!\n2 : 많아 풍요 속에 빈곤이 이런 건가...",
        "lines": [
          {
            "id": 1,
            "text": "1 : 너는 위메프 써본 적 있어?",
            "norm_text": "너는 위메프 써본 적 있어?",
            "speaker": {
              "id": "1번",
              "sex": "여성",
              "age": "20대"
            },
            "speechAct": "(지시) 질문하기",
            "morpheme": "너/NP+는/JX+위/NNG+메프/UNKNOWN+써본/VV+EC+VX+ETM+적/NNB+있/VA+어/EF"
          },
          {
            "id": 2,
            "text": "2 : 어 한 두번 써본 거 같아",
            "norm_text": "어 한 두번 써본 거 같아",
            "speaker": {
              "id": "2번",
              "sex": "여성",
              "age": "20대"
            },
            "speechAct": "(단언) 주장하기",
            "morpheme": "어/IC+한두/MM+번/NNBC+써본/VV+EC+VX+ETM+거/NNB+같/VA+아/EC"
          },
          {
            "id": 3,
            "text": "1 : 생각보다 많이 안 쓰네 왜 안 써?",
            "norm_text": "생각보다 많이 안 쓰네 왜 안 써?",
            "speaker": {
              "id": "1번",
              "sex": "여성",
              "age": "20대"
            },
            "speechAct": "(지시) 질문하기",
            "morpheme": "생각/NNG+보다/JKB+많이/MAG+안/MAG+쓰/VV+네/EF+왜/MAG+안/MAG+써/VV+EF"
          },
          {
            "id": 4,
            "text": "2 : 나는 쿠팡이나 브랜드 홈페이지에서 많이 사",
            "norm_text": "나는 쿠팡이나 브랜드 홈페이지에서 많이 사",
            "speaker": {
              "id": "2번",
              "sex": "여성",
              "age": "20대"
            },
            "speechAct": "(단언) 진술하기",
            "morpheme": "나/NP+는/JX+쿠팡/NNP+이나/JC+브랜드/NNG+홈페이지/NNG+에서/JKB+많이/MAG+사/VV+EC"
          },
          {
            "id": 5,
            "text": "1 : 키키 그렇구나",
            "norm_text": "키키 그렇구나",
            "speaker": {
              "id": "1번",
              "sex": "여성",
              "age": "20대"
            },
            "speechAct": "(단언) 주장하기",
            "morpheme": "키/NNG+키/XSV+ETN+그렇/VA+구나/EC"
          },
          {
            "id": 6,
            "text": "1 : 쿠팡 나오기 전에 사람들 위메프 많이 썼는데 나도 그랬고!",
            "norm_text": "쿠팡 나오기 전에 사람들 위메프 많이 썼는데 나도 그랬고!",
            "speaker": {
              "id": "1번",
              "sex": "여성",
              "age": "20대"
            },
            "speechAct": "(단언) 진술하기",
            "morpheme": "쿠팡/NNP+나오/VV+기/ETN+전/NNG+에/JKB+사람/NNG+들/XSN+위/NNG+메/VV+EC+프/VX+많이/MAG+썼/VV+EP+는데/EC+나/NP+도/JX+그랬/VV+EP+고/EC"
          },
          {
            "id": 7,
            "text": "2 : 맞아 맞아 위메프랑 지마켓 이런 거 많이 사용했었잖아!",
            "norm_text": "맞아 맞아 위메프랑 지마켓 이런 거 많이 사용했었잖아!",
            "speaker": {
              "id": "2번",
              "sex": "여성",
              "age": "20대"
            },
            "speechAct": "(단언) 주장하기",
            "morpheme": "맞/VV+아/EC+맞/VV+아/EC+위/NNG+메/VV+EC+프랑/NNP+지/NNP+마켓/NNP+이런/MM+거/NNB+많이/MAG+사용/NNG+했었/XSV+EP+잖아/EF"
          },
          {
            "id": 8,
            "text": "1 : 키키 아 맞아",
            "norm_text": "키키 아 맞아",
            "speaker": {
              "id": "1번",
              "sex": "여성",
              "age": "20대"
            },
            "speechAct": "(단언) 주장하기",
            "morpheme": "키/NNG+키/VV+아/EC+맞/VV+아/EC"
          },
          {
            "id": 9,
            "text": "1 : 그러고 너 티몬도 알아?",
            "norm_text": "그러고 너 티몬도 알아?",
            "speaker": {
              "id": "1번",
              "sex": "여성",
              "age": "20대"
            },
            "speechAct": "(지시) 질문하기",
            "morpheme": "그러고/MAJ+너/NP+티몬/NNP+도/JX+알/VV+아/EF"
          },
          {
            "id": 10,
            "text": "2 : 어 알아",
            "norm_text": "어 알아",
            "speaker": {
              "id": "2번",
              "sex": "여성",
              "age": "20대"
            },
            "speechAct": "(단언) 주장하기",
            "morpheme": "어/IC+알/VV+아/EC"
          },
          {
            "id": 11,
            "text": "2 : 거기도 맨날 들어가서 살 거 없는데 구경하고 그랬어",
            "norm_text": "거기도 맨날 들어가서 살 거 없는데 구경하고 그랬어",
            "speaker": {
              "id": "2번",
              "sex": "여성",
              "age": "20대"
            },
            "speechAct": "(단언) 주장하기",
            "morpheme": "거기/NP+도/JX+맨날/MAG+들어가/VV+서/EC+살/VV+ETM+거/NNB+없/VA+는데/EC+구경/NNG+하/XSV+고/EC+그랬/VV+EP+어/EC"
          },
          {
            "id": 12,
            "text": "1 : 맞아 키키",
            "norm_text": "맞아 키키",
            "speaker": {
              "id": "1번",
              "sex": "여성",
              "age": "20대"
            },
            "speechAct": "(단언) 주장하기",
            "morpheme": "맞/VV+아/EC+키/NNG+키/XSV+ETN"
          },
          {
            "id": 13,
            "text": "1 : 그때는 티몬에서 쿠폰 많이 뿌렸었는데!",
            "norm_text": "그때는 티몬에서 쿠폰 많이 뿌렸었는데!",
            "speaker": {
              "id": "1번",
              "sex": "여성",
              "age": "20대"
            },
            "speechAct": "(단언) 주장하기",
            "morpheme": "그때/NNG+는/JX+티몬/NNP+에서/JKB+쿠폰/NNG+많이/MAG+뿌렸/VV+EP+었/EP+는데/EF"
          },
          {
            "id": 14,
            "text": "2 : 어 맞아",
            "norm_text": "어 맞아",
            "speaker": {
              "id": "2번",
              "sex": "여성",
              "age": "20대"
            },
            "speechAct": "(단언) 주장하기",
            "morpheme": "어/IC+맞/VV+아/EC"
          },
          {
            "id": 15,
            "text": "2 : 그래서 맨날 이메일로 알림 오고 짜증 나가지고 알림 거부했잖아...",
            "norm_text": "그래서 맨날 이메일로 알림 오고 짜증 나가지고 알림 거부했잖아...",
            "speaker": {
              "id": "2번",
              "sex": "여성",
              "age": "20대"
            },
            "speechAct": "(단언) 주장하기",
            "morpheme": "그래서/MAJ+맨날/MAG+이메일/NNG+로/JKB+알림/VV+ETN+오/VV+고/EC+짜증/NNG+나가/VV+EC+지/VX+고/EC+알림/VV+ETN+거부/NNG+했잖아/XSV+EP+EC+VX+EF+./SY"
          },
          {
            "id": 16,
            "text": "1 : 키키 너는 이메일로 왔어?",
            "norm_text": "키키 너는 이메일로 왔어?",
            "speaker": {
              "id": "1번",
              "sex": "여성",
              "age": "20대"
            },
            "speechAct": "(지시) 질문하기",
            "morpheme": "키/NNG+키/XSV+ETN+너/NP+는/JX+이메일/NNG+로/JKB+왔/VV+EP+어/EF"
          },
          {
            "id": 17,
            "text": "1 : 나는 문자 sns로  많이 왔어!",
            "norm_text": "나는 문자 sns로  많이 왔어!",
            "speaker": {
              "id": "1번",
              "sex": "여성",
              "age": "20대"
            },
            "speechAct": "(단언) 주장하기",
            "morpheme": "나/NP+는/JX+문자/NNG+sns/SL+로/JKB+많이/MAG+왔/VV+EP+어/EF"
          },
          {
            "id": 18,
            "text": "2 : 키키 아 그래?",
            "norm_text": "키키 아 그래?",
            "speaker": {
              "id": "2번",
              "sex": "여성",
              "age": "20대"
            },
            "speechAct": "(지시) 질문하기",
            "morpheme": "키/NNG+키/VV+아/EC+그래/VV+EF"
          },
          {
            "id": 19,
            "text": "2 : 그래서 난 메일 정리 항상 했어야 됐어 ㅠㅠ",
            "norm_text": "그래서 난 메일 정리 항상 했어야 됐어 ㅠㅠ",
            "speaker": {
              "id": "2번",
              "sex": "여성",
              "age": "20대"
            },
            "speechAct": "(단언) 주장하기",
            "morpheme": "그래서/MAJ+난/NP+JX+메일/VV+ETM+정리/NNG+항상/MAG+했/VV+EP+어야/EC+됐/VV+EP+어/EF+ㅠㅠ/UNKNOWN"
          },
          {
            "id": 20,
            "text": "1 : 키키 나는 080으로 전화해서 수신 거부 눌렀음 키키",
            "norm_text": "키키 나는 080으로 전화해서 수신 거부 눌렀음 키키",
            "speaker": {
              "id": "1번",
              "sex": "여성",
              "age": "20대"
            },
            "speechAct": "(단언) 주장하기",
            "morpheme": "키/NNG+키나/XSA+ETN+JX+는/JX+080/SN+으로전화해서수신거부눌렀음키키/UNKNOWN"
          },
          {
            "id": 21,
            "text": "2 : 와 키키 그거 국룰이잖아 다 거부 시켜버려야 돼",
            "norm_text": "와 키키 그거 국룰이잖아 다 거부 시켜버려야 돼",
            "speaker": {
              "id": "2번",
              "sex": "여성",
              "age": "20대"
            },
            "speechAct": "(단언) 주장하기",
            "morpheme": "와키/NNP+키/NNG+그/MM+거국/NNG+룰/NNG+이/VCP+잖아/EC+다/MAG+거부/NNG+시켜/XSV+EC+버려야/VX+EC+돼/VV+EC"
          },
          {
            "id": 22,
            "text": "1 : 그럼 그럼~ 쿠폰도 보면 쓸모없는 것들만 줬어!",
            "norm_text": "그럼 그럼~ 쿠폰도 보면 쓸모없는 것들만 줬어!",
            "speaker": {
              "id": "1번",
              "sex": "여성",
              "age": "20대"
            },
            "speechAct": "(단언) 주장하기",
            "morpheme": "그럼/MAJ+그럼/MAJ+~/SY+쿠폰/NNG+도/JX+보/VV+면/EC+쓸모없/VA+는/ETM+것/NNB+들/XSN+만/JX+줬/VX+EP+어/EF"
          },
          {
            "id": 23,
            "text": "2 : 많아 풍요 속에 빈곤이 이런 건가...",
            "norm_text": "많아 풍요 속에 빈곤이 이런 건가...",
            "speaker": {
              "id": "2번",
              "sex": "여성",
              "age": "20대"
            },
            "speechAct": "(단언) 주장하기",
            "morpheme": "많/VA+아/EC+풍요/NNG+속/NNG+에/JKB+빈곤/NNG+이/JKS+이런/MM+건가/NNB+VCP+EF+./SY"
          }
        ]
      }
    }
  ]
}