{
  "dataset": {
    "identifier": 116663,
    "name": "FACEBOOK_111_20_set",
    "src_path": "/data/file/cubeManager/PROJECT001/80/txt20211102153319058983/FACEBOOK_111_20_set/",
    "label_path": "/data/file/cubeManager/PROJECT001/80/txt20211102153319058983/FACEBOOK_111_20_set/",
    "category": 2,
    "type": 0
  },
  "licenses": {
    "name": "Apache License 1.0",
    "url": "http://www.apache.org/licenses/LICENSE-1.0"
  },
  "info": [
    {
      "id": 130044,
      "filename": "FACEBOOK_111_20.txt",
      "title": "FACEBOOK_111_20",
      "mediatype": "SNS",
      "medianame": "페이스북",
      "category": "일상대화",
      "date": "2021-11-02",
      "size": 435,
      "annotations": {
        "subject": "영화/만화",
        "speaker_type": "1:1",
        "size": 435,
        "word_size": 151,
        "text": "1 : 언니는 최근에 봤던 영화 중에 나한테 소개 시켜 줄만한 영화 있어?\n2 : 나 얼마 전에 베놈2 보고 왔어!\n1 : 오 그거 진짜 재밌다던데 추천 할만 혀?\n2 : 내가 너무 기대해서 그런지 별로 ㅠㅠ\n1 : 아 진짜?\n1 : 그거 러닝 타임도 짧다며?\n2 : 응 그냥 누구나 다 예측할 수 있는 얘기야!\n1 : 키키 아 진짜?\n1 : 결말 얘기해줄 수 있어?\n2 : 그냥 베놈이 이기는 얘기야!\n1 : 키키 그 베놈이 1기에 아들이 다시 베놈이 된다던데?\n2 : 나 자세한 얘기까지는 잘 모르겠어 키키\n1 : 키키 오키 키키 언니 롯시에서 봤어?\n2 : 응 집 주변 롯시가 짱이지~\n1 : 그럼~\n1 : 나 영화관에서 영화 안 본지 꽤 됐어 ㅜㅜ\n2 : 맞아 ㅠㅠ\n2 : 영화관에서 팝콘도 못 먹잖아 ㅠㅠ\n1 : 맞아ㅜㅜ\n1 : 음료만 마실 수 있는 거지?\n2 : 응 ㅠㅠ 그냥 커피만 들고 가서 먹었어!",
        "lines": [
          {
            "id": 1,
            "text": "1 : 언니는 최근에 봤던 영화 중에 나한테 소개 시켜 줄만한 영화 있어?",
            "norm_text": "언니는 최근에 봤던 영화 중에 나한테 소개 시켜 줄만한 영화 있어?",
            "speaker": {
              "id": "1번",
              "sex": "여성",
              "age": "20대"
            },
            "speechAct": "(지시) 질문하기",
            "morpheme": "언니/NNG+는/JX+최근/NNG+에/JKB+봤/VV+EP+던/ETM+영화/NNG+중/NNB+에/JKB+나/NP+한테/JKB+소개/NNG+시켜/XSV+EC+줄/VX+ETM+만/NNB+한/XSA+ETM+영화/NNG+있/VA+어/EF"
          },
          {
            "id": 2,
            "text": "2 : 나 얼마 전에 베놈2 보고 왔어!",
            "norm_text": "나 얼마 전에 베놈2 보고 왔어!",
            "speaker": {
              "id": "2번",
              "sex": "여성",
              "age": "20대"
            },
            "speechAct": "(단언) 주장하기",
            "morpheme": "나얼마전에베놈/UNKNOWN+2/SN+보/VV+고/EC+왔/VX+EP+어/EF"
          },
          {
            "id": 3,
            "text": "1 : 오 그거 진짜 재밌다던데 추천 할만 혀?",
            "norm_text": "오 그거 진짜 재밌다던데 추천 할만 혀?",
            "speaker": {
              "id": "1번",
              "sex": "여성",
              "age": "20대"
            },
            "speechAct": "(지시) 질문하기",
            "morpheme": "오/IC+그거/NP+진짜/MAG+재밌/VA+다던데/EC+추천/NNG+할/XSV+ETM+만/NNB+혀/XSA+EF"
          },
          {
            "id": 4,
            "text": "2 : 내가 너무 기대해서 그런지 별로 ㅠㅠ",
            "norm_text": "내가 너무 기대해서 그런지 별로 ㅠㅠ",
            "speaker": {
              "id": "2번",
              "sex": "여성",
              "age": "20대"
            },
            "speechAct": "(단언) 주장하기",
            "morpheme": "내/NP+가/JKS+너무/MAG+기대/NNG+해서/XSV+EC+그런지/VA+EC+별로/MAG+ㅠㅠ/UNKNOWN"
          },
          {
            "id": 5,
            "text": "1 : 아 진짜?",
            "norm_text": "아 진짜?",
            "speaker": {
              "id": "1번",
              "sex": "여성",
              "age": "20대"
            },
            "speechAct": "(단언) 주장하기",
            "morpheme": "아/IC+진짜/MAG"
          },
          {
            "id": 6,
            "text": "1 : 그거 러닝 타임도 짧다며?",
            "norm_text": "그거 러닝 타임도 짧다며?",
            "speaker": {
              "id": "1번",
              "sex": "여성",
              "age": "20대"
            },
            "speechAct": "(지시) 질문하기",
            "morpheme": "그거/NP+러닝/NNG+타임/NNG+도/JX+짧/VA+다며/EF"
          },
          {
            "id": 7,
            "text": "2 : 응 그냥 누구나 다 예측할 수 있는 얘기야!",
            "norm_text": "응 그냥 누구나 다 예측할 수 있는 얘기야!",
            "speaker": {
              "id": "2번",
              "sex": "여성",
              "age": "20대"
            },
            "speechAct": "(단언) 주장하기",
            "morpheme": "응/IC+그냥/MAG+누구/NP+나/JX+다/MAG+예측/NNG+할/XSV+ETM+수/NNB+있/VV+는/ETM+얘기/NNG+야/VCP+EF"
          },
          {
            "id": 8,
            "text": "1 : 키키 아 진짜?",
            "norm_text": "키키 아 진짜?",
            "speaker": {
              "id": "1번",
              "sex": "여성",
              "age": "20대"
            },
            "speechAct": "(단언) 주장하기",
            "morpheme": "키/NNG+키/VV+아/EC+진짜/MAG"
          },
          {
            "id": 9,
            "text": "1 : 결말 얘기해줄 수 있어?",
            "norm_text": "결말 얘기해줄 수 있어?",
            "speaker": {
              "id": "1번",
              "sex": "여성",
              "age": "20대"
            },
            "speechAct": "(지시) 질문하기",
            "morpheme": "결말/NNG+얘기/NNG+해/XSV+EC+줄/VX+ETM+수/NNB+있/VV+어/EF"
          },
          {
            "id": 10,
            "text": "2 : 그냥 베놈이 이기는 얘기야!",
            "norm_text": "그냥 베놈이 이기는 얘기야!",
            "speaker": {
              "id": "2번",
              "sex": "여성",
              "age": "20대"
            },
            "speechAct": "(단언) 주장하기",
            "morpheme": "그냥/MAG+베/NNG+놈/NNB+이/JKS+이기/VV+는/ETM+얘기/NNG+야/VCP+EF"
          },
          {
            "id": 11,
            "text": "1 : 키키 그 베놈이 1기에 아들이 다시 베놈이 된다던데?",
            "norm_text": "키키 그 베놈이 1기에 아들이 다시 베놈이 된다던데?",
            "speaker": {
              "id": "1번",
              "sex": "여성",
              "age": "20대"
            },
            "speechAct": "(지시) 질문하기",
            "morpheme": "키키/NNP+그/MM+베/NNG+놈/NNB+이/JKS+1/SN+기/NNBC+에/JKB+아들/NNG+이/JKS+다시/MAG+베/NNG+놈/NNB+이/JKS+된다던데/VV+EF"
          },
          {
            "id": 12,
            "text": "2 : 나 자세한 얘기까지는 잘 모르겠어 키키",
            "norm_text": "나 자세한 얘기까지는 잘 모르겠어 키키",
            "speaker": {
              "id": "2번",
              "sex": "여성",
              "age": "20대"
            },
            "speechAct": "(단언) 주장하기",
            "morpheme": "나/NP+자세/XR+한/XSA+ETM+얘기/NNG+까지/JX+는/JX+잘/MAG+모르/VV+겠/EP+어/EC+키/NNG+키/XSV+ETN"
          },
          {
            "id": 13,
            "text": "1 : 키키 오키 키키 언니 롯시에서 봤어?",
            "norm_text": "키키 오키 키키 언니 롯시에서 봤어?",
            "speaker": {
              "id": "1번",
              "sex": "여성",
              "age": "20대"
            },
            "speechAct": "(지시) 질문하기",
            "morpheme": "키키/NNP+오키/NNP+키키/NNP+언니/NNG+롯시/NNP+에서/JKB+봤/VV+EP+어/EF"
          },
          {
            "id": 14,
            "text": "2 : 응 집 주변 롯시가 짱이지~",
            "norm_text": "응 집 주변 롯시가 짱이지~",
            "speaker": {
              "id": "2번",
              "sex": "여성",
              "age": "20대"
            },
            "speechAct": "(단언) 주장하기",
            "morpheme": "응집주변롯시가짱이지/UNKNOWN+~/SY"
          },
          {
            "id": 15,
            "text": "1 : 그럼~",
            "norm_text": "그럼~",
            "speaker": {
              "id": "1번",
              "sex": "여성",
              "age": "20대"
            },
            "speechAct": "(단언) 주장하기",
            "morpheme": "그럼/MAJ+~/SY"
          },
          {
            "id": 16,
            "text": "1 : 나 영화관에서 영화 안 본지 꽤 됐어 ㅜㅜ",
            "norm_text": "나 영화관에서 영화 안 본지 꽤 됐어 ㅜㅜ",
            "speaker": {
              "id": "1번",
              "sex": "여성",
              "age": "20대"
            },
            "speechAct": "(단언) 주장하기",
            "morpheme": "나/NP+영화관/NNG+에서/JKB+영화/NNG+안/MAG+본/VV+ETM+지/NNB+꽤/MAG+됐/VV+EP+어/EF+ㅜㅜ/UNKNOWN"
          },
          {
            "id": 17,
            "text": "2 : 맞아 ㅠㅠ",
            "norm_text": "맞아 ㅠㅠ",
            "speaker": {
              "id": "2번",
              "sex": "여성",
              "age": "20대"
            },
            "speechAct": "(단언) 주장하기",
            "morpheme": "맞아ㅠㅠ/UNKNOWN"
          },
          {
            "id": 18,
            "text": "2 : 영화관에서 팝콘도 못 먹잖아 ㅠㅠ",
            "norm_text": "영화관에서 팝콘도 못 먹잖아 ㅠㅠ",
            "speaker": {
              "id": "2번",
              "sex": "여성",
              "age": "20대"
            },
            "speechAct": "(단언) 진술하기",
            "morpheme": "영화관/NNG+에서/JKB+팝콘/NNG+도/JX+못/MAG+먹/VV+잖아/EF+ㅠㅠ/UNKNOWN"
          },
          {
            "id": 19,
            "text": "1 : 맞아ㅜㅜ",
            "norm_text": "맞아ㅜㅜ",
            "speaker": {
              "id": "1번",
              "sex": "여성",
              "age": "20대"
            },
            "speechAct": "(단언) 주장하기",
            "morpheme": "맞아ㅜㅜ/UNKNOWN"
          },
          {
            "id": 20,
            "text": "1 : 음료만 마실 수 있는 거지?",
            "norm_text": "음료만 마실 수 있는 거지?",
            "speaker": {
              "id": "1번",
              "sex": "여성",
              "age": "20대"
            },
            "speechAct": "(지시) 질문하기",
            "morpheme": "음료/NNG+만/JX+마실/VV+ETM+수/NNB+있/VV+는/ETM+거/NNB+지/VCP+EF"
          },
          {
            "id": 21,
            "text": "2 : 응 ㅠㅠ 그냥 커피만 들고 가서 먹었어!",
            "norm_text": "응 ㅠㅠ 그냥 커피만 들고 가서 먹었어!",
            "speaker": {
              "id": "2번",
              "sex": "여성",
              "age": "20대"
            },
            "speechAct": "(단언) 진술하기",
            "morpheme": "응/IC+ㅠㅠ/UNKNOWN+그냥/MAG+커피/NNG+만들/VV+고/EC+가/VX+서/EC+먹/VV+었/EP+어/EF"
          }
        ]
      }
    }
  ]
}