{
  "dataset": {
    "identifier": 100738,
    "name": "FACEBOOK_115_01_set",
    "src_path": "/data/file/cubeManager/PROJECT001/77/txt20211029153356024732/FACEBOOK_115_01_set/",
    "label_path": "/data/file/cubeManager/PROJECT001/77/txt20211029153356024732/FACEBOOK_115_01_set/",
    "category": 2,
    "type": 0
  },
  "licenses": {
    "name": "Apache License 1.0",
    "url": "http://www.apache.org/licenses/LICENSE-1.0"
  },
  "info": [
    {
      "id": 110949,
      "filename": "FACEBOOK_115_01.txt",
      "title": "FACEBOOK_115_01",
      "mediatype": "SNS",
      "medianame": "페이스북",
      "category": "일상대화",
      "date": "2021-10-29",
      "size": 387,
      "annotations": {
        "subject": "식음료",
        "speaker_type": "1:1",
        "size": 387,
        "word_size": 139,
        "text": "1 : 언니 회 좋아해?\n1 : 일식류 좋아해?\n2 : 나 일식 환장하지 왜?\n1 : 오랜만에 초밥이 너무 땡긴다!\n2 : 와 진짜 맛있겠다\n2 : 이 시간엔 배고파\n1 : 키키 오늘은 또 추우니까 우동 한사바리 땡기더라!\n2 : 저녁 뭐 먹었어?\n2 : 배고파\n1 : 나 오늘 군고구마 먹었어,\n2 : 너 다이어트 하지\n2 : 왜 조금 먹어\n1 : 아니,\n1 : 나 점심 때 치킨 먹었어,\n2 : 와 점심부터 치킨?\n2 : 누구랑\n1 : 키키 우리 한식뷔페 있는데 오늘 메뉴가 양념치킨이었어!\n2 : 와 맛있겠다\n2 : 얼마나 먹었어\n1 : 나 일단 닭다리 하나 날개 하나 갈비대 두 개 조짐!\n2 : 키키 콜라도 먹음\n2 : 콜라 없나?\n1 : 아니,\n1 : 그런 거는 이제 따로 사 먹어야지,\n2 : 좋다\n2 : 거기 메뉴 잘나오네",
        "lines": [
          {
            "id": 1,
            "text": "1 : 언니 회 좋아해?",
            "norm_text": "언니 회 좋아해?",
            "speaker": {
              "id": "1번",
              "sex": "여성",
              "age": "20대"
            },
            "speechAct": "(지시) 질문하기",
            "morpheme": "언니/NNG+회/XSN+좋/VA+아/EC+해/VX+EF"
          },
          {
            "id": 2,
            "text": "1 : 일식류 좋아해?",
            "norm_text": "일식류 좋아해?",
            "speaker": {
              "id": "1번",
              "sex": "여성",
              "age": "20대"
            },
            "speechAct": "(지시) 질문하기",
            "morpheme": "일식/NNG+류/XSN+좋/VA+아/EC+해/VX+EF"
          },
          {
            "id": 3,
            "text": "2 : 나 일식 환장하지 왜?",
            "norm_text": "나 일식 환장하지 왜?",
            "speaker": {
              "id": "2번",
              "sex": "여성",
              "age": "20대"
            },
            "speechAct": "(지시) 질문하기",
            "morpheme": "나/NP+일식/NNG+환장/NNG+하/XSV+지/EC+왜/MAG"
          },
          {
            "id": 4,
            "text": "1 : 오랜만에 초밥이 너무 땡긴다!",
            "norm_text": "오랜만에 초밥이 너무 땡긴다!",
            "speaker": {
              "id": "1번",
              "sex": "여성",
              "age": "20대"
            },
            "speechAct": "(단언) 주장하기",
            "morpheme": "오랜만/NNG+에/JKB+초밥/NNG+이/JKS+너무/MAG+땡/MAG+긴다/VV+EF"
          },
          {
            "id": 5,
            "text": "2 : 와 진짜 맛있겠다",
            "norm_text": "와 진짜 맛있겠다",
            "speaker": {
              "id": "2번",
              "sex": "여성",
              "age": "20대"
            },
            "speechAct": "(단언) 주장하기",
            "morpheme": "와/IC+진짜/MAG+맛있/VA+겠/EP+다/EC"
          },
          {
            "id": 6,
            "text": "2 : 이 시간엔 배고파",
            "norm_text": "이 시간엔 배고파",
            "speaker": {
              "id": "2번",
              "sex": "여성",
              "age": "20대"
            },
            "speechAct": "(단언) 주장하기",
            "morpheme": "이/MM+시간/NNG+엔/JKB+JX+배고파/VA+EC"
          },
          {
            "id": 7,
            "text": "1 : 키키 오늘은 또 추우니까 우동 한사바리 땡기더라!",
            "norm_text": "키키 오늘은 또 추우니까 우동 한사바리 땡기더라!",
            "speaker": {
              "id": "1번",
              "sex": "여성",
              "age": "20대"
            },
            "speechAct": "(단언) 주장하기",
            "morpheme": "키/NNG+키/NNG+오늘/NNG+은/JX+또/MAG+추우/VV+니까/EC+우동/NNG+한/XSA+ETM+사바리/NNP+땡기/VV+더라/EF"
          },
          {
            "id": 8,
            "text": "2 : 저녁 뭐 먹었어?",
            "norm_text": "저녁 뭐 먹었어?",
            "speaker": {
              "id": "2번",
              "sex": "여성",
              "age": "20대"
            },
            "speechAct": "(지시) 질문하기",
            "morpheme": "저녁/NNG+뭐/IC+먹/VV+었/EP+어/EF"
          },
          {
            "id": 9,
            "text": "2 : 배고파",
            "norm_text": "배고파",
            "speaker": {
              "id": "2번",
              "sex": "여성",
              "age": "20대"
            },
            "speechAct": "(단언) 주장하기",
            "morpheme": "배고파/VA+EC"
          },
          {
            "id": 10,
            "text": "1 : 나 오늘 군고구마 먹었어,",
            "norm_text": "나 오늘 군고구마 먹었어,",
            "speaker": {
              "id": "1번",
              "sex": "여성",
              "age": "20대"
            },
            "speechAct": "(단언) 진술하기",
            "morpheme": "나/NP+오늘/MAG+군고구마/NNG+먹/VV+었/EP+어/EF+,/SC"
          },
          {
            "id": 11,
            "text": "2 : 너 다이어트 하지",
            "norm_text": "너 다이어트 하지",
            "speaker": {
              "id": "2번",
              "sex": "여성",
              "age": "20대"
            },
            "speechAct": "(지시) 질문하기",
            "morpheme": "너/NP+다이어트/NNG+하/XSV+지/EC"
          },
          {
            "id": 12,
            "text": "2 : 왜 조금 먹어",
            "norm_text": "왜 조금 먹어",
            "speaker": {
              "id": "2번",
              "sex": "여성",
              "age": "20대"
            },
            "speechAct": "(지시) 질문하기",
            "morpheme": "왜/MAG+조금/MAG+먹/VV+어/EC"
          },
          {
            "id": 13,
            "text": "1 : 아니,",
            "norm_text": "아니,",
            "speaker": {
              "id": "1번",
              "sex": "여성",
              "age": "20대"
            },
            "speechAct": "(단언) 주장하기",
            "morpheme": "아니/IC+,/SC"
          },
          {
            "id": 14,
            "text": "1 : 나 점심 때 치킨 먹었어,",
            "norm_text": "나 점심 때 치킨 먹었어,",
            "speaker": {
              "id": "1번",
              "sex": "여성",
              "age": "20대"
            },
            "speechAct": "(단언) 주장하기",
            "morpheme": "나/NP+점심때/NNG+치킨/NNG+먹/VV+었/EP+어/EF+,/SC"
          },
          {
            "id": 15,
            "text": "2 : 와 점심부터 치킨?",
            "norm_text": "와 점심부터 치킨?",
            "speaker": {
              "id": "2번",
              "sex": "여성",
              "age": "20대"
            },
            "speechAct": "(지시) 질문하기",
            "morpheme": "와/IC+점심/NNG+부터/JX+치킨/NNG"
          },
          {
            "id": 16,
            "text": "2 : 누구랑",
            "norm_text": "누구랑",
            "speaker": {
              "id": "2번",
              "sex": "여성",
              "age": "20대"
            },
            "speechAct": "(지시) 질문하기",
            "morpheme": "누구/NP+랑/JKB"
          },
          {
            "id": 17,
            "text": "1 : 키키 우리 한식뷔페 있는데 오늘 메뉴가 양념치킨이었어!",
            "norm_text": "키키 우리 한식뷔페 있는데 오늘 메뉴가 양념치킨이었어!",
            "speaker": {
              "id": "1번",
              "sex": "여성",
              "age": "20대"
            },
            "speechAct": "(단언) 진술하기",
            "morpheme": "키/NNG+키/XSV+ETN+우리/NP+한식/NNG+뷔페/NNG+있/VV+는데/EC+오늘/MAG+메뉴/NNG+가/JKS+양념치킨/NNP+이/VCP+었/EP+어/EF"
          },
          {
            "id": 18,
            "text": "2 : 와 맛있겠다",
            "norm_text": "와 맛있겠다",
            "speaker": {
              "id": "2번",
              "sex": "여성",
              "age": "20대"
            },
            "speechAct": "(단언) 주장하기",
            "morpheme": "와/IC+맛있/VA+겠/EP+다/EC"
          },
          {
            "id": 19,
            "text": "2 : 얼마나 먹었어",
            "norm_text": "얼마나 먹었어",
            "speaker": {
              "id": "2번",
              "sex": "여성",
              "age": "20대"
            },
            "speechAct": "(지시) 질문하기",
            "morpheme": "얼마나/MAG+먹/VV+었/EP+어/EC"
          },
          {
            "id": 20,
            "text": "1 : 나 일단 닭다리 하나 날개 하나 갈비대 두 개 조짐!",
            "norm_text": "나 일단 닭다리 하나 날개 하나 갈비대 두 개 조짐!",
            "speaker": {
              "id": "1번",
              "sex": "여성",
              "age": "20대"
            },
            "speechAct": "(단언) 진술하기",
            "morpheme": "나/NP+일단/MAG+닭다리/NNG+하나/NR+날개/NNG+하/XSV+나갈/EC+VX+ETM+비대/NNG+두/MM+개/NNBC+조짐/NNG"
          },
          {
            "id": 21,
            "text": "2 : 키키 콜라도 먹음",
            "norm_text": "키키 콜라도 먹음",
            "speaker": {
              "id": "2번",
              "sex": "여성",
              "age": "20대"
            },
            "speechAct": "(단언) 진술하기",
            "morpheme": "키/NNG+키/NNG+콜라/NNG+도/JX+먹/VV+음/ETN"
          },
          {
            "id": 22,
            "text": "2 : 콜라 없나?",
            "norm_text": "콜라 없나?",
            "speaker": {
              "id": "2번",
              "sex": "여성",
              "age": "20대"
            },
            "speechAct": "(지시) 질문하기",
            "morpheme": "콜라/NNG+없/VA+나/EF"
          },
          {
            "id": 23,
            "text": "1 : 아니,",
            "norm_text": "아니,",
            "speaker": {
              "id": "1번",
              "sex": "여성",
              "age": "20대"
            },
            "speechAct": "(단언) 주장하기",
            "morpheme": "아니/IC+,/SC"
          },
          {
            "id": 24,
            "text": "1 : 그런 거는 이제 따로 사 먹어야지,",
            "norm_text": "그런 거는 이제 따로 사 먹어야지,",
            "speaker": {
              "id": "1번",
              "sex": "여성",
              "age": "20대"
            },
            "speechAct": "(단언) 주장하기",
            "morpheme": "그런/MM+거/NNB+는/JX+이제/MAG+따로/MAG+사먹/VV+어야지/EF+,/SC"
          },
          {
            "id": 25,
            "text": "2 : 좋다",
            "norm_text": "좋다",
            "speaker": {
              "id": "2번",
              "sex": "여성",
              "age": "20대"
            },
            "speechAct": "(단언) 주장하기",
            "morpheme": "좋/VA+다/EC"
          },
          {
            "id": 26,
            "text": "2 : 거기 메뉴 잘나오네",
            "norm_text": "거기 메뉴 잘나오네",
            "speaker": {
              "id": "2번",
              "sex": "여성",
              "age": "20대"
            },
            "speechAct": "(단언) 주장하기",
            "morpheme": "거기/NP+메뉴/NNG+잘/MAG+나오/VV+네/EC"
          }
        ]
      }
    }
  ]
}