{
  "dataset": {
    "identifier": 104600,
    "name": "FACEBOOK_108_18_set",
    "src_path": "/data/file/cubeManager/PROJECT001/77/txt20211029160805051831/FACEBOOK_108_18_set/",
    "label_path": "/data/file/cubeManager/PROJECT001/77/txt20211029160805051831/FACEBOOK_108_18_set/",
    "category": 2,
    "type": 0
  },
  "licenses": {
    "name": "Apache License 1.0",
    "url": "http://www.apache.org/licenses/LICENSE-1.0"
  },
  "info": [
    {
      "id": 111306,
      "filename": "FACEBOOK_108_18.txt",
      "title": "FACEBOOK_108_18",
      "mediatype": "SNS",
      "medianame": "페이스북",
      "category": "일상대화",
      "date": "2021-10-29",
      "size": 512,
      "annotations": {
        "subject": "상거래 전반",
        "speaker_type": "1:1",
        "size": 512,
        "word_size": 176,
        "text": "1 : 너는 현금영수증 잘 챙기는 편이야?\n2 : 어 현금 사용하면 웬만하면 하는 거 같아\n1 : 근데 만 원 이하 금액은 현금영수증 잘 안 하게 되지 않아?\n2 : 어 맞아\n2 : 나도 적은 금액은 잘 안하고 큰 금액은 하게 되더라\n1 : 맞아 키키\n1 : 그 정도 금액은 좀 눈치 보여!\n1 : 그치?\n2 : 어 맞아\n2 : 번호도 일일이 눌러야 되고 ㅠㅠ\n1 : 맞아 키키\n1 : 근데 나중에 연말정산을 위해서는 꼭 해야 하는 건데!\n2 : 그러니까 그게 완전 티끌모아 태산이더라\n1 : 키키 맞아 나 올해 소득세 많이 내서 내년에 연말정산으로 꼭 환급 받아야 해!\n2 : 와 이번에 많이 환급 받겠는데?\n2 : 그게 쏠쏠하잖아!\n1 : 나 이번에 알바를 많이 해서 소득세 많이 떼였어!\n2 : 헐 나도 이번에 한번 기대해 봐야겠다 하하\n1 : 키키 내년 3월에 환급 받고 그 돈으로 어디 놀러 가자!\n2 : 키키 그래그래\n2 : 나 얼른 놀러 가고 싶어 하하\n1 : 나도 ㅜㅜ 내년 3월까지 존버하자!\n2 : 오케이\n2 : 나 3월까지 동면 들어간다",
        "lines": [
          {
            "id": 1,
            "text": "1 : 너는 현금영수증 잘 챙기는 편이야?",
            "norm_text": "너는 현금영수증 잘 챙기는 편이야?",
            "speaker": {
              "id": "1번",
              "sex": "여성",
              "age": "20대"
            },
            "speechAct": "(지시) 질문하기",
            "morpheme": "너/NP+는/JX+현금영수증/NNP+잘/MAG+챙기/VV+는/ETM+편/NNB+이/VCP+야/EF"
          },
          {
            "id": 2,
            "text": "2 : 어 현금 사용하면 웬만하면 하는 거 같아",
            "norm_text": "어 현금 사용하면 웬만하면 하는 거 같아",
            "speaker": {
              "id": "2번",
              "sex": "여성",
              "age": "20대"
            },
            "speechAct": "(단언) 주장하기",
            "morpheme": "어/IC+현금/NNG+사용/NNG+하/XSV+면/EC+웬만/XR+하/XSA+면/EC+하/VV+는/ETM+거/NNB+같/VA+아/EC"
          },
          {
            "id": 3,
            "text": "1 : 근데 만 원 이하 금액은 현금영수증 잘 안 하게 되지 않아?",
            "norm_text": "근데 만 원 이하 금액은 현금영수증 잘 안 하게 되지 않아?",
            "speaker": {
              "id": "1번",
              "sex": "여성",
              "age": "20대"
            },
            "speechAct": "(지시) 질문하기",
            "morpheme": "근데/MAJ+만/NR+원/NNBC+이하/NNG+금액/NNG+은/JX+현금영수증/NNP+잘/MAG+안/MAG+하/VV+게/EC+되/VV+지/EC+않/VX+아/EF"
          },
          {
            "id": 4,
            "text": "2 : 어 맞아",
            "norm_text": "어 맞아",
            "speaker": {
              "id": "2번",
              "sex": "여성",
              "age": "20대"
            },
            "speechAct": "(단언) 주장하기",
            "morpheme": "어/IC+맞/VV+아/EC"
          },
          {
            "id": 5,
            "text": "2 : 나도 적은 금액은 잘 안하고 큰 금액은 하게 되더라",
            "norm_text": "나도 적은 금액은 잘 안하고 큰 금액은 하게 되더라",
            "speaker": {
              "id": "2번",
              "sex": "여성",
              "age": "20대"
            },
            "speechAct": "(단언) 주장하기",
            "morpheme": "나/NP+도/JX+적/VA+은/ETM+금액/NNG+은/JX+잘/MAG+안/MAG+하/VV+고/EC+큰/VA+ETM+금액/NNG+은/JX+하/VV+게/EC+되/VV+더라/EC"
          },
          {
            "id": 6,
            "text": "1 : 맞아 키키",
            "norm_text": "맞아 키키",
            "speaker": {
              "id": "1번",
              "sex": "여성",
              "age": "20대"
            },
            "speechAct": "(단언) 주장하기",
            "morpheme": "맞/VV+아/EC+키/NNG+키/XSV+ETN"
          },
          {
            "id": 7,
            "text": "1 : 그 정도 금액은 좀 눈치 보여!",
            "norm_text": "그 정도 금액은 좀 눈치 보여!",
            "speaker": {
              "id": "1번",
              "sex": "여성",
              "age": "20대"
            },
            "speechAct": "(단언) 주장하기",
            "morpheme": "그/MM+정도/NNG+금액/NNG+은/JX+좀/MAG+눈치/NNG+보여/VV+EF"
          },
          {
            "id": 8,
            "text": "1 : 그치?",
            "norm_text": "그치?",
            "speaker": {
              "id": "1번",
              "sex": "여성",
              "age": "20대"
            },
            "speechAct": "(지시) 질문하기",
            "morpheme": "그치/IC"
          },
          {
            "id": 9,
            "text": "2 : 어 맞아",
            "norm_text": "어 맞아",
            "speaker": {
              "id": "2번",
              "sex": "여성",
              "age": "20대"
            },
            "speechAct": "(단언) 주장하기",
            "morpheme": "어/IC+맞/VV+아/EC"
          },
          {
            "id": 10,
            "text": "2 : 번호도 일일이 눌러야 되고 ㅠㅠ",
            "norm_text": "번호도 일일이 눌러야 되고 ㅠㅠ",
            "speaker": {
              "id": "2번",
              "sex": "여성",
              "age": "20대"
            },
            "speechAct": "(단언) 주장하기",
            "morpheme": "번호/NNG+도/JX+일일이/MAG+눌러야/VV+EC+되/VV+고/EC+ㅠㅠ/UNKNOWN"
          },
          {
            "id": 11,
            "text": "1 : 맞아 키키",
            "norm_text": "맞아 키키",
            "speaker": {
              "id": "1번",
              "sex": "여성",
              "age": "20대"
            },
            "speechAct": "(단언) 주장하기",
            "morpheme": "맞/VV+아/EC+키/NNG+키/XSV+ETN"
          },
          {
            "id": 12,
            "text": "1 : 근데 나중에 연말정산을 위해서는 꼭 해야 하는 건데!",
            "norm_text": "근데 나중에 연말정산을 위해서는 꼭 해야 하는 건데!",
            "speaker": {
              "id": "1번",
              "sex": "여성",
              "age": "20대"
            },
            "speechAct": "(단언) 주장하기",
            "morpheme": "근데/MAJ+나중/NNG+에/JKB+연말/NNG+정산/NNG+을/JKO+위해서/VV+EC+는/JX+꼭/MAG+해야/VV+EC+하/VV+는/ETM+건데/NNB+VCP+EF"
          },
          {
            "id": 13,
            "text": "2 : 그러니까 그게 완전 티끌모아 태산이더라",
            "norm_text": "그러니까 그게 완전 티끌모아 태산이더라",
            "speaker": {
              "id": "2번",
              "sex": "여성",
              "age": "20대"
            },
            "speechAct": "(단언) 주장하기",
            "morpheme": "그러니까/MAJ+그게/NP+JKS+완전/MAG+티끌/NNG+모아/VV+EC+태산/NNG+이/VCP+더라/EC"
          },
          {
            "id": 14,
            "text": "1 : 키키 맞아 나 올해 소득세 많이 내서 내년에 연말정산으로 꼭 환급 받아야 해!",
            "norm_text": "키키 맞아 나 올해 소득세 많이 내서 내년에 연말정산으로 꼭 환급 받아야 해!",
            "speaker": {
              "id": "1번",
              "sex": "여성",
              "age": "20대"
            },
            "speechAct": "(단언) 주장하기",
            "morpheme": "키/NNG+키/XSV+ETN+맞/VV+아/EC+나올/VV+ETM+해소/NNG+득세/NNG+많이/MAG+내서/NNP+내년/NNG+에/JKB+연말/NNG+정산/NNG+으로/JKB+꼭/MAG+환급/NNG+받/VV+아야/EC+해/VX+EF"
          },
          {
            "id": 15,
            "text": "2 : 와 이번에 많이 환급 받겠는데?",
            "norm_text": "와 이번에 많이 환급 받겠는데?",
            "speaker": {
              "id": "2번",
              "sex": "여성",
              "age": "20대"
            },
            "speechAct": "(지시) 질문하기",
            "morpheme": "와이번/NNP+에/JKB+많이/MAG+환급/NNG+받/VV+겠/EP+는데/EF"
          },
          {
            "id": 16,
            "text": "2 : 그게 쏠쏠하잖아!",
            "norm_text": "그게 쏠쏠하잖아!",
            "speaker": {
              "id": "2번",
              "sex": "여성",
              "age": "20대"
            },
            "speechAct": "(단언) 주장하기",
            "morpheme": "그게/NP+JKS+쏠쏠/XR+하/XSA+잖아/EF"
          },
          {
            "id": 17,
            "text": "1 : 나 이번에 알바를 많이 해서 소득세 많이 떼였어!",
            "norm_text": "나 이번에 알바를 많이 해서 소득세 많이 떼였어!",
            "speaker": {
              "id": "1번",
              "sex": "여성",
              "age": "20대"
            },
            "speechAct": "(단언) 진술하기",
            "morpheme": "나/NP+이번/NNG+에/JKB+알/VV+ETM+바/NNB+를/JKO+많이/MAG+해서/VV+EC+소득세/NNG+많이/MAG+떼였/VV+EP+어/EF"
          },
          {
            "id": 18,
            "text": "2 : 헐 나도 이번에 한번 기대해 봐야겠다 하하",
            "norm_text": "헐 나도 이번에 한번 기대해 봐야겠다 하하",
            "speaker": {
              "id": "2번",
              "sex": "여성",
              "age": "20대"
            },
            "speechAct": "(단언) 주장하기",
            "morpheme": "헐/IC+나/NP+도/JX+이번/NNG+에/JKB+한/MM+번/NNBC+기대/NNG+해봐야/XSV+EC+VX+EC+VX+겠/EP+다/EF+하하/MAG"
          },
          {
            "id": 19,
            "text": "1 : 키키 내년 3월에 환급 받고 그 돈으로 어디 놀러 가자!",
            "norm_text": "키키 내년 3월에 환급 받고 그 돈으로 어디 놀러 가자!",
            "speaker": {
              "id": "1번",
              "sex": "여성",
              "age": "20대"
            },
            "speechAct": "(단언) 주장하기",
            "morpheme": "키/NNG+키/NNG+내년/NNG+3/SN+월/NNBC+에/JKB+환급/NNG+받/VV+고/EC+그/MM+돈/NNG+으로/JKB+어디/NP+놀/VV+러/EC+가/VX+자/EF"
          },
          {
            "id": 20,
            "text": "2 : 키키 그래그래",
            "norm_text": "키키 그래그래",
            "speaker": {
              "id": "2번",
              "sex": "여성",
              "age": "20대"
            },
            "speechAct": "(단언) 주장하기",
            "morpheme": "키/NNG+키/XSV+ETN+그래/JX+그래/VA+EC"
          },
          {
            "id": 21,
            "text": "2 : 나 얼른 놀러 가고 싶어 하하",
            "norm_text": "나 얼른 놀러 가고 싶어 하하",
            "speaker": {
              "id": "2번",
              "sex": "여성",
              "age": "20대"
            },
            "speechAct": "(단언) 주장하기",
            "morpheme": "나/NP+얼른/MAG+놀/VV+러/EC+가/VX+고/EC+싶/VX+어/EC+하하/MAG"
          },
          {
            "id": 22,
            "text": "1 : 나도 ㅜㅜ 내년 3월까지 존버하자!",
            "norm_text": "나도 ㅜㅜ 내년 3월까지 존버하자!",
            "speaker": {
              "id": "1번",
              "sex": "여성",
              "age": "20대"
            },
            "speechAct": "(단언) 주장하기",
            "morpheme": "나도ㅜㅜ내년/UNKNOWN+3/SN+월/NNBC+까지/JX+존버/UNKNOWN+하/VV+자/EF"
          },
          {
            "id": 23,
            "text": "2 : 오케이",
            "norm_text": "오케이",
            "speaker": {
              "id": "2번",
              "sex": "여성",
              "age": "20대"
            },
            "speechAct": "(단언) 주장하기",
            "morpheme": "오케이/NNG"
          },
          {
            "id": 24,
            "text": "2 : 나 3월까지 동면 들어간다",
            "norm_text": "나 3월까지 동면 들어간다",
            "speaker": {
              "id": "2번",
              "sex": "여성",
              "age": "20대"
            },
            "speechAct": "(단언) 주장하기",
            "morpheme": "나/NP+3/SN+월/NNBC+까지/JX+동면/NNG+들어간다/VV+EC"
          }
        ]
      }
    }
  ]
}