{
  "dataset": {
    "identifier": 117179,
    "name": "FACEBOOK_102_17_set",
    "src_path": "/data/file/cubeManager/PROJECT001/77/txt20211028144832017114/FACEBOOK_102_17_set/",
    "label_path": "/data/file/cubeManager/PROJECT001/77/txt20211028144832017114/FACEBOOK_102_17_set/",
    "category": 2,
    "type": 0
  },
  "licenses": {
    "name": "Apache License 1.0",
    "url": "http://www.apache.org/licenses/LICENSE-1.0"
  },
  "info": [
    {
      "id": 100322,
      "filename": "FACEBOOK_102_17.txt",
      "title": "FACEBOOK_102_17",
      "mediatype": "SNS",
      "medianame": "페이스북",
      "category": "일상대화",
      "date": "2021-10-28",
      "size": 420,
      "annotations": {
        "subject": "건강",
        "speaker_type": "1:1",
        "size": 420,
        "word_size": 144,
        "text": "1 : 작은엄마는 입원해 본 적 없어?\n2 : 글쎄 워낙 건강해서 아직 없지~\n1 : 키키 다행이다\n1 : 최근에 작은아빠는 입원하지 않았어?\n2 : 응 그거 교통사고 난 거여서~\n1 : 맞아\n1 : 뒤에서 갑자기 냅다 박았다며!?\n2 : 그려\n2 : 레이가 달려 들었대\n1 : 키키 레이?\n1 : 그 쪼꼬만 자동차 얘기하는 거야?\n2 : 응 와서 박아서~\n2 : 한방 병원 갔어\n1 : 키키 그 자동차 차주 초보 여자였겠네?\n2 : 응 어린 애라서 보험 처리했지 뭐\n1 : 키키  레이 차가 더 많이 다쳤을 건디?!\n2 : 앞 범퍼가 찢어졌대 그 차\n1 : 헐랭 키키 작은아빠 차는 어떻게 다쳤어?\n2 : 뒤에 살짝 나간 거 그 쪽에서 해줬지\n1 : 그렇구나 키키\n1 : 그것도 작은아빠 차는 커서 돈 꽤 많이 나갔을 것이여!\n2 : 그러게~\n2 : 거기다 렌트비랑 병원비까지 많이 나왔지",
        "lines": [
          {
            "id": 1,
            "text": "1 : 작은엄마는 입원해 본 적 없어?",
            "norm_text": "작은엄마는 입원해 본 적 없어?",
            "speaker": {
              "id": "1번",
              "sex": "여성",
              "age": "20대"
            },
            "speechAct": "(지시) 질문하기",
            "morpheme": "작/VA+은/ETM+엄마/NNG+는/JX+입원/NNG+해/XSV+EC+본/VX+ETM+적/NNB+없/VA+어/EF"
          },
          {
            "id": 2,
            "text": "2 : 글쎄 워낙 건강해서 아직 없지~",
            "norm_text": "글쎄 워낙 건강해서 아직 없지~",
            "speaker": {
              "id": "2번",
              "sex": "여성",
              "age": "40대"
            },
            "speechAct": "(단언) 진술하기",
            "morpheme": "글쎄/IC+워낙/MAG+건강/NNG+해서/XSV+EC+아직/MAG+없/VA+지/EC+~/SY"
          },
          {
            "id": 3,
            "text": "1 : 키키 다행이다",
            "norm_text": "키키 다행이다",
            "speaker": {
              "id": "1번",
              "sex": "여성",
              "age": "20대"
            },
            "speechAct": "(단언) 주장하기",
            "morpheme": "키/NNG+키/NNG+다행/NNG+이/VCP+다/EC"
          },
          {
            "id": 4,
            "text": "1 : 최근에 작은아빠는 입원하지 않았어?",
            "norm_text": "최근에 작은아빠는 입원하지 않았어?",
            "speaker": {
              "id": "1번",
              "sex": "여성",
              "age": "20대"
            },
            "speechAct": "(지시) 질문하기",
            "morpheme": "최근/NNG+에/JKB+작/VA+은/ETM+아빠/NNG+는/JX+입원/NNG+하/XSV+지/EC+않/VX+았/EP+어/EF"
          },
          {
            "id": 5,
            "text": "2 : 응 그거 교통사고 난 거여서~",
            "norm_text": "응 그거 교통사고 난 거여서~",
            "speaker": {
              "id": "2번",
              "sex": "여성",
              "age": "40대"
            },
            "speechAct": "(단언) 진술하기",
            "morpheme": "응/IC+그거/NP+교통/NNG+사/VV+고/EC+난/VX+ETM+거/NNB+여서/VCP+EC+~/SY"
          },
          {
            "id": 6,
            "text": "1 : 맞아",
            "norm_text": "맞아",
            "speaker": {
              "id": "1번",
              "sex": "여성",
              "age": "20대"
            },
            "speechAct": "(단언) 주장하기",
            "morpheme": "맞/VV+아/EC"
          },
          {
            "id": 7,
            "text": "1 : 뒤에서 갑자기 냅다 박았다며!?",
            "norm_text": "뒤에서 갑자기 냅다 박았다며!?",
            "speaker": {
              "id": "1번",
              "sex": "여성",
              "age": "20대"
            },
            "speechAct": "(지시) 질문하기",
            "morpheme": "뒤/NNG+에서/JKB+갑자기/MAG+냅다/MAG+박/VV+았/EP+다며/EC+!/SY"
          },
          {
            "id": 8,
            "text": "2 : 그려",
            "norm_text": "그려",
            "speaker": {
              "id": "2번",
              "sex": "여성",
              "age": "40대"
            },
            "speechAct": "(단언) 주장하기",
            "morpheme": "그려/VV+EC"
          },
          {
            "id": 9,
            "text": "2 : 레이가 달려 들었대",
            "norm_text": "레이가 달려 들었대",
            "speaker": {
              "id": "2번",
              "sex": "여성",
              "age": "40대"
            },
            "speechAct": "(단언) 진술하기",
            "morpheme": "레이/NNG+가/JKS+달려들/VV+었/EP+대/EC"
          },
          {
            "id": 10,
            "text": "1 : 키키 레이?",
            "norm_text": "키키 레이?",
            "speaker": {
              "id": "1번",
              "sex": "여성",
              "age": "20대"
            },
            "speechAct": "(지시) 질문하기",
            "morpheme": "키/NNG+키/XSV+ETN+레/JKS+이/IC"
          },
          {
            "id": 11,
            "text": "1 : 그 쪼꼬만 자동차 얘기하는 거야?",
            "norm_text": "그 쪼꼬만 자동차 얘기하는 거야?",
            "speaker": {
              "id": "1번",
              "sex": "여성",
              "age": "20대"
            },
            "speechAct": "(지시) 질문하기",
            "morpheme": "그/MM+쪼꼬만/VA+ETM+자동차/NNG+얘기/NNG+하/XSV+는/ETM+거/NNB+야/VCP+EF"
          },
          {
            "id": 12,
            "text": "2 : 응 와서 박아서~",
            "norm_text": "응 와서 박아서~",
            "speaker": {
              "id": "2번",
              "sex": "여성",
              "age": "40대"
            },
            "speechAct": "(단언) 진술하기",
            "morpheme": "응/IC+와서/VV+EC+박/VV+아서/EC+~/SY"
          },
          {
            "id": 13,
            "text": "2 : 한방 병원 갔어",
            "norm_text": "한방 병원 갔어",
            "speaker": {
              "id": "2번",
              "sex": "여성",
              "age": "40대"
            },
            "speechAct": "(단언) 진술하기",
            "morpheme": "한방/NNG+병원/NNG+갔/VV+EP+어/EC"
          },
          {
            "id": 14,
            "text": "1 : 키키 그 자동차 차주 초보 여자였겠네?",
            "norm_text": "키키 그 자동차 차주 초보 여자였겠네?",
            "speaker": {
              "id": "1번",
              "sex": "여성",
              "age": "20대"
            },
            "speechAct": "(지시) 질문하기",
            "morpheme": "키키/NNP+그/MM+자동차/NNG+차주/NNG+초보/NNG+여자/NNG+였/VCP+EP+겠/EP+네/EF"
          },
          {
            "id": 15,
            "text": "2 : 응 어린 애라서 보험 처리했지 뭐",
            "norm_text": "응 어린 애라서 보험 처리했지 뭐",
            "speaker": {
              "id": "2번",
              "sex": "여성",
              "age": "40대"
            },
            "speechAct": "(단언) 주장하기",
            "morpheme": "응/IC+어린애/NNG+라서/VCP+EC+보험/NNG+처리/NNG+했/XSV+EP+지/EF+뭐/IC"
          },
          {
            "id": 16,
            "text": "1 : 키키  레이 차가 더 많이 다쳤을 건디?!",
            "norm_text": "키키  레이 차가 더 많이 다쳤을 건디?!",
            "speaker": {
              "id": "1번",
              "sex": "여성",
              "age": "20대"
            },
            "speechAct": "(단언) 주장하기",
            "morpheme": "키/NNG+키/XSV+ETN+레/JKS+이/NR+차/NNBC+가/JKS+더/MAG+많이/MAG+다쳤/VV+EP+을/ETM+건디/NNB+VCP+EC+?/SY"
          },
          {
            "id": 17,
            "text": "2 : 앞 범퍼가 찢어졌대 그 차",
            "norm_text": "앞 범퍼가 찢어졌대 그 차",
            "speaker": {
              "id": "2번",
              "sex": "여성",
              "age": "40대"
            },
            "speechAct": "(단언) 주장하기",
            "morpheme": "앞/NNG+범퍼/NNG+가/JKS+찢어졌/VV+EP+대/EF+그/MM+차/NNG"
          },
          {
            "id": 18,
            "text": "1 : 헐랭 키키 작은아빠 차는 어떻게 다쳤어?",
            "norm_text": "헐랭 키키 작은아빠 차는 어떻게 다쳤어?",
            "speaker": {
              "id": "1번",
              "sex": "여성",
              "age": "20대"
            },
            "speechAct": "(지시) 명령/요구하기",
            "morpheme": "헐랭/NNP+키키/NNP+작은아빠/NNG+차/NNG+는/JX+어떻게/MAG+다쳤/VV+EP+어/EF"
          },
          {
            "id": 19,
            "text": "2 : 뒤에 살짝 나간 거 그 쪽에서 해줬지",
            "norm_text": "뒤에 살짝 나간 거 그 쪽에서 해줬지",
            "speaker": {
              "id": "2번",
              "sex": "여성",
              "age": "40대"
            },
            "speechAct": "(단언) 주장하기",
            "morpheme": "뒤/NNG+에/JKB+살짝/MAG+나간/VV+ETM+거/NNB+그쪽/NP+에서/JKB+해/VV+EC+줬/VX+EP+지/EC"
          },
          {
            "id": 20,
            "text": "1 : 그렇구나 키키",
            "norm_text": "그렇구나 키키",
            "speaker": {
              "id": "1번",
              "sex": "여성",
              "age": "20대"
            },
            "speechAct": "(단언) 주장하기",
            "morpheme": "그렇/VA+구나/EF+키/NNG+키/XSV+ETN"
          },
          {
            "id": 21,
            "text": "1 : 그것도 작은아빠 차는 커서 돈 꽤 많이 나갔을 것이여!",
            "norm_text": "그것도 작은아빠 차는 커서 돈 꽤 많이 나갔을 것이여!",
            "speaker": {
              "id": "1번",
              "sex": "여성",
              "age": "20대"
            },
            "speechAct": "(단언) 주장하기",
            "morpheme": "그것/NP+도/JX+작/VA+은/ETM+아빠/NNG+차/NNG+는/JX+커서/VV+EC+돈/NNG+꽤/MAG+많이/MAG+나갔/VV+EP+을/ETM+것/NNB+이/VCP+여/EF"
          },
          {
            "id": 22,
            "text": "2 : 그러게~",
            "norm_text": "그러게~",
            "speaker": {
              "id": "2번",
              "sex": "여성",
              "age": "40대"
            },
            "speechAct": "(단언) 주장하기",
            "morpheme": "그러/VV+게/EC+~/SY"
          },
          {
            "id": 23,
            "text": "2 : 거기다 렌트비랑 병원비까지 많이 나왔지",
            "norm_text": "거기다 렌트비랑 병원비까지 많이 나왔지",
            "speaker": {
              "id": "2번",
              "sex": "여성",
              "age": "40대"
            },
            "speechAct": "(단언) 주장하기",
            "morpheme": "거기/NP+다/JX+렌트/NNG+비랑/NNG+병원/NNG+비/NNG+까지/JX+많이/MAG+나왔/VV+EP+지/EC"
          }
        ]
      }
    }
  ]
}