{
  "dataset": {
    "identifier": 118137,
    "name": "FACEBOOK_111_04_set",
    "src_path": "/data/file/cubeManager/PROJECT001/80/txt20211102153319046186/FACEBOOK_111_04_set/",
    "label_path": "/data/file/cubeManager/PROJECT001/80/txt20211102153319046186/FACEBOOK_111_04_set/",
    "category": 2,
    "type": 0
  },
  "licenses": {
    "name": "Apache License 1.0",
    "url": "http://www.apache.org/licenses/LICENSE-1.0"
  },
  "info": [
    {
      "id": 130028,
      "filename": "FACEBOOK_111_04.txt",
      "title": "FACEBOOK_111_04",
      "mediatype": "SNS",
      "medianame": "페이스북",
      "category": "일상대화",
      "date": "2021-11-02",
      "size": 455,
      "annotations": {
        "subject": "회사/아르바이트",
        "speaker_type": "1:1",
        "size": 455,
        "word_size": 144,
        "text": "1 : 언니는 알바 했던 것 중에 꿀알바 해봤었어?\n2 : 재활용 사진 찍는 꿀알바 있었지~\n1 : 그거는 어떤 알바야?\n1 : 사진 찍는 알바인가?\n2 : 인공지능 만드는 회산데 사진이 필요하다고 하더라~\n1 : 아 그거!  내 친구는 자동차 사진 그거 저장하던데 비슷한 건가?\n2 : 아마도 비슷한 맥락 아닐까?\n1 : 그러면 그거는 시간당 받는 게 아니고 언니가 하는 만큼 받는 거구나?\n2 : 아니 그냥 시급제라서 할당량만 올리면 돼!\n1 : 오 진짜? 하루에 몇 개 올렸어야 했는데?\n2 : 하루에 1500장 정도 찍어서 올려!\n1 : 엉,? 1500장,?  너무 많은 거 아니야?\n2 : 나는 요령이 생겨서 금방 찍어 키키\n1 : 근데 재활용 사진 찍으려면 쓰레기통 뒤져야 하지 않아?\n2 : 집에서 나오는 쓰레기 위주로 찍어!\n1 : 오 신기하다!\n1 : 아 어떤 로봇 만드는 거 같은데! ?\n2 : 로봇? 그런 거 일수도 있겠다!",
        "lines": [
          {
            "id": 1,
            "text": "1 : 언니는 알바 했던 것 중에 꿀알바 해봤었어?",
            "norm_text": "언니는 알바 했던 것 중에 꿀알바 해봤었어?",
            "speaker": {
              "id": "1번",
              "sex": "여성",
              "age": "20대"
            },
            "speechAct": "(지시) 질문하기",
            "morpheme": "언니/NNG+는/JX+알/VV+ETM+바/NNB+했/VV+EP+던/ETM+것/NNB+중/NNB+에/JKB+꿀/VV+ETM+알/VV+ETM+바/NNB+해/VV+EC+봤었/VX+EP+어/EF"
          },
          {
            "id": 2,
            "text": "2 : 재활용 사진 찍는 꿀알바 있었지~",
            "norm_text": "재활용 사진 찍는 꿀알바 있었지~",
            "speaker": {
              "id": "2번",
              "sex": "여성",
              "age": "20대"
            },
            "speechAct": "(단언) 진술하기",
            "morpheme": "재활용사진찍는꿀알바있었지/UNKNOWN+~/SY"
          },
          {
            "id": 3,
            "text": "1 : 그거는 어떤 알바야?",
            "norm_text": "그거는 어떤 알바야?",
            "speaker": {
              "id": "1번",
              "sex": "여성",
              "age": "20대"
            },
            "speechAct": "(지시) 질문하기",
            "morpheme": "그거/NP+는/JX+어떤/MM+알/VV+ETM+바/NNB+야/VCP+EF"
          },
          {
            "id": 4,
            "text": "1 : 사진 찍는 알바인가?",
            "norm_text": "사진 찍는 알바인가?",
            "speaker": {
              "id": "1번",
              "sex": "여성",
              "age": "20대"
            },
            "speechAct": "(지시) 질문하기",
            "morpheme": "사진/NNG+찍/VV+는/ETM+알바/NNP+인가/VCP+EF"
          },
          {
            "id": 5,
            "text": "2 : 인공지능 만드는 회산데 사진이 필요하다고 하더라~",
            "norm_text": "인공지능 만드는 회산데 사진이 필요하다고 하더라~",
            "speaker": {
              "id": "2번",
              "sex": "여성",
              "age": "20대"
            },
            "speechAct": "(단언) 진술하기",
            "morpheme": "인공지능/NNP+만드/VV+는/ETM+회산데/NNG+VCP+EC+사진/NNG+이/JKS+필요/NNG+하/XSV+다고/EC+하/VV+더라/EC+~/SY"
          },
          {
            "id": 6,
            "text": "1 : 아 그거!  내 친구는 자동차 사진 그거 저장하던데 비슷한 건가?",
            "norm_text": "아 그거!  내 친구는 자동차 사진 그거 저장하던데 비슷한 건가?",
            "speaker": {
              "id": "1번",
              "sex": "여성",
              "age": "20대"
            },
            "speechAct": "(단언) 주장하기",
            "morpheme": "아/IC+그거/NP+내/NP+JKG+친구/NNG+는/JX+자동차/NNG+사진/NNG+그거/NP+저장/NNG+하/XSV+던데/EC+비슷/XR+한/XSA+ETM+건가/NNB+VCP+EF"
          },
          {
            "id": 7,
            "text": "2 : 아마도 비슷한 맥락 아닐까?",
            "norm_text": "아마도 비슷한 맥락 아닐까?",
            "speaker": {
              "id": "2번",
              "sex": "여성",
              "age": "20대"
            },
            "speechAct": "(단언) 주장하기",
            "morpheme": "아마도/MAG+비슷/XR+한/XSA+ETM+맥락/NNG+아닐까/VCN+EF"
          },
          {
            "id": 8,
            "text": "1 : 그러면 그거는 시간당 받는 게 아니고 언니가 하는 만큼 받는 거구나?",
            "norm_text": "그러면 그거는 시간당 받는 게 아니고 언니가 하는 만큼 받는 거구나?",
            "speaker": {
              "id": "1번",
              "sex": "여성",
              "age": "20대"
            },
            "speechAct": "(지시) 질문하기",
            "morpheme": "그러면/MAJ+그거/NP+는/JX+시간/NNG+당/XSN+받/VV+는/ETM+게/NNB+JKC+아니/VCN+고/EC+언니/NNG+가/JKS+하/VV+는/ETM+만큼/NNB+받/VV+는/ETM+거/NNB+구나/VCP+EF"
          },
          {
            "id": 9,
            "text": "2 : 아니 그냥 시급제라서 할당량만 올리면 돼!",
            "norm_text": "아니 그냥 시급제라서 할당량만 올리면 돼!",
            "speaker": {
              "id": "2번",
              "sex": "여성",
              "age": "20대"
            },
            "speechAct": "(단언) 진술하기",
            "morpheme": "아니/IC+그냥/MAG+시급제/NNG+라서/VCP+EC+할당량/NNG+만/JX+올리/VV+면/EC+돼/VV+EF"
          },
          {
            "id": 10,
            "text": "1 : 오 진짜? 하루에 몇 개 올렸어야 했는데?",
            "norm_text": "오 진짜? 하루에 몇 개 올렸어야 했는데?",
            "speaker": {
              "id": "1번",
              "sex": "여성",
              "age": "20대"
            },
            "speechAct": "(지시) 질문하기",
            "morpheme": "오/IC+진짜/MAG+하루/NNG+에/JKB+몇/MM+개/NNBC+올렸/VV+EP+어야/EC+했/VX+EP+는데/EF"
          },
          {
            "id": 11,
            "text": "2 : 하루에 1500장 정도 찍어서 올려!",
            "norm_text": "하루에 1500장 정도 찍어서 올려!",
            "speaker": {
              "id": "2번",
              "sex": "여성",
              "age": "20대"
            },
            "speechAct": "(단언) 진술하기",
            "morpheme": "하루/NNG+에/JKB+1500/SN+장정/NNG+도/JX+찍/VV+어서/EC+올려/VV+EF"
          },
          {
            "id": 12,
            "text": "1 : 엉,? 1500장,?  너무 많은 거 아니야?",
            "norm_text": "엉,? 1500장,?  너무 많은 거 아니야?",
            "speaker": {
              "id": "1번",
              "sex": "여성",
              "age": "20대"
            },
            "speechAct": "(단언) 주장하기",
            "morpheme": "엉/IC+,/SC+?/SY+1500/SN+장/NNBC+,/SC+?/SY+너무/MAG+많/VA+은/ETM+거/NNB+아니/VCN+야/EF"
          },
          {
            "id": 13,
            "text": "2 : 나는 요령이 생겨서 금방 찍어 키키",
            "norm_text": "나는 요령이 생겨서 금방 찍어 키키",
            "speaker": {
              "id": "2번",
              "sex": "여성",
              "age": "20대"
            },
            "speechAct": "(단언) 주장하기",
            "morpheme": "나/NP+는/JX+요령/NNG+이/JKS+생겨서/VV+EC+금방/MAG+찍/VV+어/EC+키/NNG+키/XSV+ETN"
          },
          {
            "id": 14,
            "text": "1 : 근데 재활용 사진 찍으려면 쓰레기통 뒤져야 하지 않아?",
            "norm_text": "근데 재활용 사진 찍으려면 쓰레기통 뒤져야 하지 않아?",
            "speaker": {
              "id": "1번",
              "sex": "여성",
              "age": "20대"
            },
            "speechAct": "(지시) 질문하기",
            "morpheme": "근데/MAJ+재/XPN+활용/NNG+사진/NNG+찍/VV+으려면/EC+쓰레기통/NNG+뒤져야/VV+EC+하/VV+지/EC+않/VX+아/EF"
          },
          {
            "id": 15,
            "text": "2 : 집에서 나오는 쓰레기 위주로 찍어!",
            "norm_text": "집에서 나오는 쓰레기 위주로 찍어!",
            "speaker": {
              "id": "2번",
              "sex": "여성",
              "age": "20대"
            },
            "speechAct": "(단언) 진술하기",
            "morpheme": "집/NNG+에서/JKB+나오/VV+는/ETM+쓰레기/NNG+위주/NNG+로/JKB+찍/VV+어/EF"
          },
          {
            "id": 16,
            "text": "1 : 오 신기하다!",
            "norm_text": "오 신기하다!",
            "speaker": {
              "id": "1번",
              "sex": "여성",
              "age": "20대"
            },
            "speechAct": "(단언) 주장하기",
            "morpheme": "오/IC+신기/XR+하/XSA+다/EF"
          },
          {
            "id": 17,
            "text": "1 : 아 어떤 로봇 만드는 거 같은데! ?",
            "norm_text": "아 어떤 로봇 만드는 거 같은데! ?",
            "speaker": {
              "id": "1번",
              "sex": "여성",
              "age": "20대"
            },
            "speechAct": "(단언) 주장하기",
            "morpheme": "아/IC+어떤/MM+로봇/NNG+만드/VV+는/ETM+거/NNB+같/VA+은데/EC+!/SY"
          },
          {
            "id": 18,
            "text": "2 : 로봇? 그런 거 일수도 있겠다!",
            "norm_text": "로봇? 그런 거 일수도 있겠다!",
            "speaker": {
              "id": "2번",
              "sex": "여성",
              "age": "20대"
            },
            "speechAct": "(단언) 주장하기",
            "morpheme": "로봇/NNG+그런/MM+거/NNB+일/VCP+ETM+수/NNB+도/JX+있/VA+겠/EP+다/EF"
          }
        ]
      }
    }
  ]
}