{
  "dataset": {
    "identifier": 101242,
    "name": "FACEBOOK_101_12_set",
    "src_path": "/data/file/cubeManager/PROJECT001/77/txt20211027152210047745/FACEBOOK_101_12_set/",
    "label_path": "/data/file/cubeManager/PROJECT001/77/txt20211027152210047745/FACEBOOK_101_12_set/",
    "category": 2,
    "type": 0
  },
  "licenses": {
    "name": "Apache License 1.0",
    "url": "http://www.apache.org/licenses/LICENSE-1.0"
  },
  "info": [
    {
      "id": 99353,
      "filename": "FACEBOOK_101_12.txt",
      "title": "FACEBOOK_101_12",
      "mediatype": "SNS",
      "medianame": "페이스북",
      "category": "일상대화",
      "date": "2021-10-27",
      "size": 389,
      "annotations": {
        "subject": "여행",
        "speaker_type": "1:1",
        "size": 389,
        "word_size": 138,
        "text": "1 : 언니 이번 년도 얼마 안 남았는데 가고 싶은 곳 있어?\n2 : 나는 진짜 해외 가고 싶다...\n1 : 근데 지금 해외는 너무 위험해 ㅜ\n2 : 키키 근데 난 어디든 놀러 다니는 건 좋아\n1 : 키키 그렇구나\n1 : 올해는 어디 다녀와 봤어?\n2 : 올해는 물놀이만 좀 다니고 제주도나 가고\n1 : 헐! 제주도 몇월달에 다녀 왔어?\n2 : 나 4월인가 갔다 왔어\n1 : 4월이어도 좀 쌀쌀하지 않았어?\n2 : 그리고 또 좀 더울 때도 갔다 왔어\n1 : 와 이번 년도에 몇 번이나 갔다 온 거야!\n2 : 두번 갔다 왔어\n2 : 갈 데가 없잖아\n1 : 나는 제주도 3년 전에 갔다 온 게 마지막인데 ㅜㅜ\n2 : 키키 그럼 요즘 어디 다녀?\n1 : 나 최근에는 강릉 갔다 왔어!\n2 : 와 강릉 부럽다\n2 : 나도 나중에 가볼래",
        "lines": [
          {
            "id": 1,
            "text": "1 : 언니 이번 년도 얼마 안 남았는데 가고 싶은 곳 있어?",
            "norm_text": "언니 이번 년도 얼마 안 남았는데 가고 싶은 곳 있어?",
            "speaker": {
              "id": "1번",
              "sex": "여성",
              "age": "20대"
            },
            "speechAct": "(지시) 질문하기",
            "morpheme": "언니/NNG+이번/NNG+년/XSN+도/JX+얼마/NNG+안/MAG+남/VV+았/EP+는데/EC+가/VX+고/EC+싶/VX+은/ETM+곳/NNB+있/VA+어/EF"
          },
          {
            "id": 2,
            "text": "2 : 나는 진짜 해외 가고 싶다...",
            "norm_text": "나는 진짜 해외 가고 싶다...",
            "speaker": {
              "id": "2번",
              "sex": "여성",
              "age": "20대"
            },
            "speechAct": "(단언) 진술하기",
            "morpheme": "나/NP+는/JX+진짜/MAG+해외/NNG+가/VV+고/EC+싶/VX+다/EF+./SY"
          },
          {
            "id": 3,
            "text": "1 : 근데 지금 해외는 너무 위험해 ㅜ",
            "norm_text": "근데 지금 해외는 너무 위험해 ㅜ",
            "speaker": {
              "id": "1번",
              "sex": "여성",
              "age": "20대"
            },
            "speechAct": "(단언) 진술하기",
            "morpheme": "근데/MAJ+지금/MAG+해외/NNG+는/JX+너무/MAG+위험/NNG+해/XSV+EC+ㅜ/UNKNOWN"
          },
          {
            "id": 4,
            "text": "2 : 키키 근데 난 어디든 놀러 다니는 건 좋아",
            "norm_text": "키키 근데 난 어디든 놀러 다니는 건 좋아",
            "speaker": {
              "id": "2번",
              "sex": "여성",
              "age": "20대"
            },
            "speechAct": "(단언) 주장하기",
            "morpheme": "키/NNG+키/XSV+ETN+근데/MAJ+난/NP+JX+어디/NP+든/VCP+EC+놀/VV+러/EC+다니/VV+는/ETM+건/NNB+JX+좋/VA+아/EC"
          },
          {
            "id": 5,
            "text": "1 : 키키 그렇구나",
            "norm_text": "키키 그렇구나",
            "speaker": {
              "id": "1번",
              "sex": "여성",
              "age": "20대"
            },
            "speechAct": "(단언) 주장하기",
            "morpheme": "키/NNG+키/XSV+ETN+그렇/VA+구나/EC"
          },
          {
            "id": 6,
            "text": "1 : 올해는 어디 다녀와 봤어?",
            "norm_text": "올해는 어디 다녀와 봤어?",
            "speaker": {
              "id": "1번",
              "sex": "여성",
              "age": "20대"
            },
            "speechAct": "(지시) 질문하기",
            "morpheme": "올해/NNG+는/JX+어디/NP+다녀와/VV+EC+봤/VX+EP+어/EF"
          },
          {
            "id": 7,
            "text": "2 : 올해는 물놀이만 좀 다니고 제주도나 가고",
            "norm_text": "올해는 물놀이만 좀 다니고 제주도나 가고",
            "speaker": {
              "id": "2번",
              "sex": "여성",
              "age": "20대"
            },
            "speechAct": "(단언) 진술하기",
            "morpheme": "올해/NNG+는/JX+물놀이/NNG+만/JX+좀/MAG+다니/VV+고/EC+제주/NNP+도/JX+나가/VV+고/EC"
          },
          {
            "id": 8,
            "text": "1 : 헐! 제주도 몇월달에 다녀 왔어?",
            "norm_text": "헐! 제주도 몇월달에 다녀 왔어?",
            "speaker": {
              "id": "1번",
              "sex": "여성",
              "age": "20대"
            },
            "speechAct": "(지시) 질문하기",
            "morpheme": "헐/IC+제주도/NNP+몇/MM+월/NNBC+달/NNG+에/JKB+다녀왔/VV+EP+어/EF"
          },
          {
            "id": 9,
            "text": "2 : 나 4월인가 갔다 왔어",
            "norm_text": "나 4월인가 갔다 왔어",
            "speaker": {
              "id": "2번",
              "sex": "여성",
              "age": "20대"
            },
            "speechAct": "(단언) 진술하기",
            "morpheme": "나/NP+4/SN+월/NNBC+인가/VCP+EC+갔다왔/VV+EP+어/EC"
          },
          {
            "id": 10,
            "text": "1 : 4월이어도 좀 쌀쌀하지 않았어?",
            "norm_text": "4월이어도 좀 쌀쌀하지 않았어?",
            "speaker": {
              "id": "1번",
              "sex": "여성",
              "age": "20대"
            },
            "speechAct": "(지시) 질문하기",
            "morpheme": "4/SN+월/NNBC+이/VCP+어도/EC+좀/MAG+쌀쌀/XR+하/XSA+지/EC+않/VX+았/EP+어/EF"
          },
          {
            "id": 11,
            "text": "2 : 그리고 또 좀 더울 때도 갔다 왔어",
            "norm_text": "그리고 또 좀 더울 때도 갔다 왔어",
            "speaker": {
              "id": "2번",
              "sex": "여성",
              "age": "20대"
            },
            "speechAct": "(단언) 주장하기",
            "morpheme": "그리고/MAJ+또/MAG+좀/MAG+더울/VA+ETM+때/NNG+도/JX+갔다왔/VV+EP+어/EC"
          },
          {
            "id": 12,
            "text": "1 : 와 이번 년도에 몇 번이나 갔다 온 거야!",
            "norm_text": "와 이번 년도에 몇 번이나 갔다 온 거야!",
            "speaker": {
              "id": "1번",
              "sex": "여성",
              "age": "20대"
            },
            "speechAct": "(단언) 주장하기",
            "morpheme": "와이번/NNP+년/NNB+도/JX+에/IC+몇/MM+번/NNBC+이나/JX+갔다온/VV+ETM+거/NNB+야/VCP+EF"
          },
          {
            "id": 13,
            "text": "2 : 두번 갔다 왔어",
            "norm_text": "두번 갔다 왔어",
            "speaker": {
              "id": "2번",
              "sex": "여성",
              "age": "20대"
            },
            "speechAct": "(단언) 주장하기",
            "morpheme": "두/MM+번/NNBC+갔다왔/VV+EP+어/EC"
          },
          {
            "id": 14,
            "text": "2 : 갈 데가 없잖아",
            "norm_text": "갈 데가 없잖아",
            "speaker": {
              "id": "2번",
              "sex": "여성",
              "age": "20대"
            },
            "speechAct": "(단언) 주장하기",
            "morpheme": "갈/VV+ETM+데/NNB+가/JKS+없/VA+잖아/EC"
          },
          {
            "id": 15,
            "text": "1 : 나는 제주도 3년 전에 갔다 온 게 마지막인데 ㅜㅜ",
            "norm_text": "나는 제주도 3년 전에 갔다 온 게 마지막인데 ㅜㅜ",
            "speaker": {
              "id": "1번",
              "sex": "여성",
              "age": "20대"
            },
            "speechAct": "(단언) 진술하기",
            "morpheme": "나/NP+는/JX+제주도/NNP+3/SN+년전에갔다온게마지막인데ㅜㅜ/UNKNOWN"
          },
          {
            "id": 16,
            "text": "2 : 키키 그럼 요즘 어디 다녀?",
            "norm_text": "키키 그럼 요즘 어디 다녀?",
            "speaker": {
              "id": "2번",
              "sex": "여성",
              "age": "20대"
            },
            "speechAct": "(지시) 질문하기",
            "morpheme": "키/NNG+키/XSV+ETN+그럼/MAJ+요즘/MAG+어디/NP+다녀/VV+EF"
          },
          {
            "id": 17,
            "text": "1 : 나 최근에는 강릉 갔다 왔어!",
            "norm_text": "나 최근에는 강릉 갔다 왔어!",
            "speaker": {
              "id": "1번",
              "sex": "여성",
              "age": "20대"
            },
            "speechAct": "(단언) 진술하기",
            "morpheme": "나/NP+최근/NNG+에/JKB+는/JX+강릉/NNP+갔다왔/VV+EP+어/EF"
          },
          {
            "id": 18,
            "text": "2 : 와 강릉 부럽다",
            "norm_text": "와 강릉 부럽다",
            "speaker": {
              "id": "2번",
              "sex": "여성",
              "age": "20대"
            },
            "speechAct": "(단언) 주장하기",
            "morpheme": "와/IC+강릉/NNP+부럽/VA+다/EC"
          },
          {
            "id": 19,
            "text": "2 : 나도 나중에 가볼래",
            "norm_text": "나도 나중에 가볼래",
            "speaker": {
              "id": "2번",
              "sex": "여성",
              "age": "20대"
            },
            "speechAct": "(단언) 주장하기",
            "morpheme": "나/NP+도/JX+나중/NNG+에/JKB+가/VV+EC+볼래/VX+EC"
          }
        ]
      }
    }
  ]
}