{
  "dataset": {
    "identifier": 124825,
    "name": "FACEBOOK_123_07_set",
    "src_path": "/data/file/cubeManager/PROJECT001/84/txt20211105092819062691/FACEBOOK_123_07_set/",
    "label_path": "/data/file/cubeManager/PROJECT001/84/txt20211105092819062691/FACEBOOK_123_07_set/",
    "category": 2,
    "type": 0
  },
  "licenses": {
    "name": "Apache License 1.0",
    "url": "http://www.apache.org/licenses/LICENSE-1.0"
  },
  "info": [
    {
      "id": 138076,
      "filename": "FACEBOOK_123_07.txt",
      "title": "FACEBOOK_123_07",
      "mediatype": "SNS",
      "medianame": "페이스북",
      "category": "일상대화",
      "date": "2021-11-05",
      "size": 404,
      "annotations": {
        "subject": "가족",
        "speaker_type": "1:1",
        "size": 404,
        "word_size": 138,
        "text": "1 : 가족 모임 하러 오마카세 간다 하하\n2 : 아 진짜 오마카세?\n2 : 대박이다 키키\n1 : 코스 요리인데 디너가 11만 원이야 키키\n2 : 알아 진짜 거기 비싸잖아\n1 : 나중에 부모님 모시고 가볼려고\n2 : 우리 부모님도 델고 나도 가고 싶다\n1 : 나는 친척들이랑 이번에 가거든!\n2 : 진짜 효도 하러 가는구나 와\n1 : 효도라기보단 친목 도모야 이번에 키키\n2 : 진짜 친척들이랑 부럽다 나도 델꼬 가 키키\n1 : 응 좋지~ 키키 합석해 키키\n1 : 사촌 오빠가 쏘는 거야 ㅠㅠ\n2 : 친목 도모 하러 좋은 곳을 가네\n2 : 우리는 그런 게 없어\n1 : 그치 사촌끼리 친하기 쉽지 않대~\n2 : 맛있는 거 많이 먹고 와 분위기도 좋잖아\n1 : 완전 좋아 키키\n1 : 거기서 생일 파티도 할 거야~\n2 : 그치 진짜 친척들끼리 친하기 쉽지 않아",
        "lines": [
          {
            "id": 1,
            "text": "1 : 가족 모임 하러 오마카세 간다 하하",
            "norm_text": "가족 모임 하러 오마카세 간다 하하",
            "speaker": {
              "id": "1번",
              "sex": "여성",
              "age": "20대"
            },
            "speechAct": "(단언) 진술하기",
            "morpheme": "가족/NNG+모임/NNG+하/XSV+러/EC+오마/IC+카세/NNP+간/NNB+다/MAG+하하/MAG"
          },
          {
            "id": 2,
            "text": "2 : 아 진짜 오마카세?",
            "norm_text": "아 진짜 오마카세?",
            "speaker": {
              "id": "2번",
              "sex": "남성",
              "age": "20대"
            },
            "speechAct": "(지시) 질문하기",
            "morpheme": "아/IC+진짜/MAG+오마/IC+카세/NNP"
          },
          {
            "id": 3,
            "text": "2 : 대박이다 키키",
            "norm_text": "대박이다 키키",
            "speaker": {
              "id": "2번",
              "sex": "남성",
              "age": "20대"
            },
            "speechAct": "(단언) 주장하기",
            "morpheme": "대박/NNG+이/JKS+다키키/NNP"
          },
          {
            "id": 4,
            "text": "1 : 코스 요리인데 디너가 11만 원이야 키키",
            "norm_text": "코스 요리인데 디너가 11만 원이야 키키",
            "speaker": {
              "id": "1번",
              "sex": "여성",
              "age": "20대"
            },
            "speechAct": "(단언) 진술하기",
            "morpheme": "코스/NNG+요리/NNG+인데/VCP+EC+디너/NNP+가/JKS+11/SN+만/NR+원/NNBC+이/VCP+야/EC+키/NNG+키/XSV+ETN"
          },
          {
            "id": 5,
            "text": "2 : 알아 진짜 거기 비싸잖아",
            "norm_text": "알아 진짜 거기 비싸잖아",
            "speaker": {
              "id": "2번",
              "sex": "남성",
              "age": "20대"
            },
            "speechAct": "(단언) 주장하기",
            "morpheme": "알/VV+아/EC+진짜/MAG+거기/NP+비싸/VA+잖아/EC"
          },
          {
            "id": 6,
            "text": "1 : 나중에 부모님 모시고 가볼려고",
            "norm_text": "나중에 부모님 모시고 가볼려고",
            "speaker": {
              "id": "1번",
              "sex": "여성",
              "age": "20대"
            },
            "speechAct": "(단언) 주장하기",
            "morpheme": "나중/NNG+에/JKB+부모/NNG+님/XSN+모시/VV+고/EC+가/JX+볼려고/VX+EC"
          },
          {
            "id": 7,
            "text": "2 : 우리 부모님도 델고 나도 가고 싶다",
            "norm_text": "우리 부모님도 델고 나도 가고 싶다",
            "speaker": {
              "id": "2번",
              "sex": "남성",
              "age": "20대"
            },
            "speechAct": "(단언) 주장하기",
            "morpheme": "우리/NP+부모/NNG+님/XSN+도/JX+델/VV+고/EC+나/NP+도/JX+가/VV+고/EC+싶/VX+다/EC"
          },
          {
            "id": 8,
            "text": "1 : 나는 친척들이랑 이번에 가거든!",
            "norm_text": "나는 친척들이랑 이번에 가거든!",
            "speaker": {
              "id": "1번",
              "sex": "여성",
              "age": "20대"
            },
            "speechAct": "(단언) 진술하기",
            "morpheme": "나/NP+는/JX+친척/NNG+들/XSN+이랑/JKB+이번/NNG+에/JKB+가/VV+거든/EF"
          },
          {
            "id": 9,
            "text": "2 : 진짜 효도 하러 가는구나 와",
            "norm_text": "진짜 효도 하러 가는구나 와",
            "speaker": {
              "id": "2번",
              "sex": "남성",
              "age": "20대"
            },
            "speechAct": "(단언) 주장하기",
            "morpheme": "진짜/MAG+효도/NNG+하/XSV+러/EC+가/VX+는구/EF+나와/VV+EC"
          },
          {
            "id": 10,
            "text": "1 : 효도라기보단 친목 도모야 이번에 키키",
            "norm_text": "효도라기보단 친목 도모야 이번에 키키",
            "speaker": {
              "id": "1번",
              "sex": "여성",
              "age": "20대"
            },
            "speechAct": "(단언) 주장하기",
            "morpheme": "효도/NNG+라/VCP+EC+기보단/VV+ETN+JKB+JX+친목도모/NNP+야/JKV+이번/NNG+에/JKB+키/NNG+키/XSV+ETN"
          },
          {
            "id": 11,
            "text": "2 : 진짜 친척들이랑 부럽다 나도 델꼬 가 키키",
            "norm_text": "진짜 친척들이랑 부럽다 나도 델꼬 가 키키",
            "speaker": {
              "id": "2번",
              "sex": "남성",
              "age": "20대"
            },
            "speechAct": "(단언) 주장하기",
            "morpheme": "진짜/MAG+친척/NNG+들/XSN+이랑/JKB+부럽/VA+다/EF+나/NP+도/JX+델/VV+꼬/EC+가/JKS+키/NNG+키/XSV+ETN"
          },
          {
            "id": 12,
            "text": "1 : 응 좋지~ 키키 합석해 키키",
            "norm_text": "응 좋지~ 키키 합석해 키키",
            "speaker": {
              "id": "1번",
              "sex": "여성",
              "age": "20대"
            },
            "speechAct": "(단언) 주장하기",
            "morpheme": "응/IC+좋/VA+지/EC+~/SY+키키합석해키키/UNKNOWN"
          },
          {
            "id": 13,
            "text": "1 : 사촌 오빠가 쏘는 거야 ㅠㅠ",
            "norm_text": "사촌 오빠가 쏘는 거야 ㅠㅠ",
            "speaker": {
              "id": "1번",
              "sex": "여성",
              "age": "20대"
            },
            "speechAct": "(단언) 진술하기",
            "morpheme": "사촌/NNG+오빠/NNG+가/JKS+쏘/VV+는/ETM+거/NNB+야/VCP+EF+ㅠㅠ/UNKNOWN"
          },
          {
            "id": 14,
            "text": "2 : 친목 도모 하러 좋은 곳을 가네",
            "norm_text": "친목 도모 하러 좋은 곳을 가네",
            "speaker": {
              "id": "2번",
              "sex": "남성",
              "age": "20대"
            },
            "speechAct": "(단언) 주장하기",
            "morpheme": "친목도모/NNP+하/VV+러/EC+좋/VA+은/ETM+곳/NNG+을/JKO+가/VV+네/EC"
          },
          {
            "id": 15,
            "text": "2 : 우리는 그런 게 없어",
            "norm_text": "우리는 그런 게 없어",
            "speaker": {
              "id": "2번",
              "sex": "남성",
              "age": "20대"
            },
            "speechAct": "(단언) 진술하기",
            "morpheme": "우리/NP+는/JX+그런/MM+게/NNB+JKS+없/VA+어/EC"
          },
          {
            "id": 16,
            "text": "1 : 그치 사촌끼리 친하기 쉽지 않대~",
            "norm_text": "그치 사촌끼리 친하기 쉽지 않대~",
            "speaker": {
              "id": "1번",
              "sex": "여성",
              "age": "20대"
            },
            "speechAct": "(단언) 진술하기",
            "morpheme": "그치사촌끼리친하기쉽지않대/UNKNOWN+~/SY"
          },
          {
            "id": 17,
            "text": "2 : 맛있는 거 많이 먹고 와 분위기도 좋잖아",
            "norm_text": "맛있는 거 많이 먹고 와 분위기도 좋잖아",
            "speaker": {
              "id": "2번",
              "sex": "남성",
              "age": "20대"
            },
            "speechAct": "(단언) 주장하기",
            "morpheme": "맛있/VA+는/ETM+거/NNB+많이/MAG+먹/VV+고/EC+와/JC+분위기/NNG+도/JX+좋/VA+잖아/EC"
          },
          {
            "id": 18,
            "text": "1 : 완전 좋아 키키",
            "norm_text": "완전 좋아 키키",
            "speaker": {
              "id": "1번",
              "sex": "여성",
              "age": "20대"
            },
            "speechAct": "(단언) 주장하기",
            "morpheme": "완전/MAG+좋/VA+아/EC+키/NNG+키/XSV+ETN"
          },
          {
            "id": 19,
            "text": "1 : 거기서 생일 파티도 할 거야~",
            "norm_text": "거기서 생일 파티도 할 거야~",
            "speaker": {
              "id": "1번",
              "sex": "여성",
              "age": "20대"
            },
            "speechAct": "(단언) 주장하기",
            "morpheme": "거기/NP+서/JKB+생일/NNG+파티/NNG+도/JX+할/VV+ETM+거/NNB+야/VCP+EF+~/SY"
          },
          {
            "id": 20,
            "text": "2 : 그치 진짜 친척들끼리 친하기 쉽지 않아",
            "norm_text": "그치 진짜 친척들끼리 친하기 쉽지 않아",
            "speaker": {
              "id": "2번",
              "sex": "남성",
              "age": "20대"
            },
            "speechAct": "(단언) 주장하기",
            "morpheme": "그치/IC+진짜/MAG+친척/NNG+들/XSN+끼리/XSN+친하/VA+기/ETN+쉽/VA+지/EC+않/VX+아/EC"
          }
        ]
      }
    }
  ]
}