{
  "dataset": {
    "identifier": 113667,
    "name": "FACEBOOK_113_19_set",
    "src_path": "/data/file/cubeManager/PROJECT001/80/txt20211103154237048980/FACEBOOK_113_19_set/",
    "label_path": "/data/file/cubeManager/PROJECT001/80/txt20211103154237048980/FACEBOOK_113_19_set/",
    "category": 2,
    "type": 0
  },
  "licenses": {
    "name": "Apache License 1.0",
    "url": "http://www.apache.org/licenses/LICENSE-1.0"
  },
  "info": [
    {
      "id": 135374,
      "filename": "FACEBOOK_113_19.txt",
      "title": "FACEBOOK_113_19",
      "mediatype": "SNS",
      "medianame": "페이스북",
      "category": "일상대화",
      "date": "2021-11-03",
      "size": 477,
      "annotations": {
        "subject": "방송/연예",
        "speaker_type": "1:1",
        "size": 477,
        "word_size": 156,
        "text": "1 : 밥 먹으면서 오랜만에 무한도전 보니까 진짜 배 찢어질 뻔!\n2 : 무한도전 끝난지가 벌써 몇 년이다...\n1 : 근데 나는 무한도전만큼 재밌게 봤던 예능이 없어!\n2 : 다시 시작 했음 좋겠어 나도\n1 : 키키 맞아 언니 정형돈이랑 지디랑 가요제 한 거 봤어?\n2 : 맞아 그거 엄청 웃겨 나 어떻게 해볼라꼬?\n1 : 이거 키키 맞아 와이지 사옥 가서 정형돈이 밥먹는 장면 봤어?\n2 : 키키 맞아 진짜 허세 웃겨 그거 뭔 장면이였지\n1 : 키키 그게 정형돈이 지디 만나러 가면서 와이지 급식 먹는 장면이었어!\n2 : 아 알 거 같은데 하여튼 그거 진짜 웃겨\n1 : 키키 맞아 정형돈이 지디 패션 지적하는 것도 완전 웃김\n2 : 맞아 그래서 동대문인가 어디 갔잖아 키키\n1 : 키키 아 동묘 키키 그 뒤로 동묘 시장 완전 커졌잖아!\n2 : 아 그 뒤로 커진 거야?\n2 : 정형돈 덕이네\n1 : 어 맞아!\n1 : 가격도 엄청 오르고 말이야!\n2 : 나도 가보고싶다 동묘, 서울,",
        "lines": [
          {
            "id": 1,
            "text": "1 : 밥 먹으면서 오랜만에 무한도전 보니까 진짜 배 찢어질 뻔!",
            "norm_text": "밥 먹으면서 오랜만에 무한도전 보니까 진짜 배 찢어질 뻔!",
            "speaker": {
              "id": "1번",
              "sex": "여성",
              "age": "20대"
            },
            "speechAct": "(단언) 주장하기",
            "morpheme": "밥/NNG+먹/VV+으면서/EC+오랜만/NNG+에/JKB+무한도전/NNP+보/VV+니까/EC+진짜/MAG+배/NNG+찢어질/VV+ETM+뻔/NNB"
          },
          {
            "id": 2,
            "text": "2 : 무한도전 끝난지가 벌써 몇 년이다...",
            "norm_text": "무한도전 끝난지가 벌써 몇 년이다...",
            "speaker": {
              "id": "2번",
              "sex": "여성",
              "age": "20대"
            },
            "speechAct": "(단언) 주장하기",
            "morpheme": "무한도전/NNP+끝/NNG+난지/NNG+가/JKS+벌써/MAG+몇/MM+년/NNBC+이/VCP+다/EF+./SY"
          },
          {
            "id": 3,
            "text": "1 : 근데 나는 무한도전만큼 재밌게 봤던 예능이 없어!",
            "norm_text": "근데 나는 무한도전만큼 재밌게 봤던 예능이 없어!",
            "speaker": {
              "id": "1번",
              "sex": "여성",
              "age": "20대"
            },
            "speechAct": "(단언) 주장하기",
            "morpheme": "근데/MAJ+나/NP+는/JX+무한도전/NNP+만큼/JKB+재밌/VA+게/EC+봤/VX+EP+던/ETM+예능/NNG+이/JKS+없/VA+어/EF"
          },
          {
            "id": 4,
            "text": "2 : 다시 시작 했음 좋겠어 나도",
            "norm_text": "다시 시작 했음 좋겠어 나도",
            "speaker": {
              "id": "2번",
              "sex": "여성",
              "age": "20대"
            },
            "speechAct": "(단언) 주장하기",
            "morpheme": "다시/MAG+시작/NNG+했/XSV+EP+음/ETN+좋/VA+겠/EP+어/EF+나/NP+도/JX"
          },
          {
            "id": 5,
            "text": "1 : 키키 맞아 언니 정형돈이랑 지디랑 가요제 한 거 봤어?",
            "norm_text": "키키 맞아 언니 정형돈이랑 지디랑 가요제 한 거 봤어?",
            "speaker": {
              "id": "1번",
              "sex": "여성",
              "age": "20대"
            },
            "speechAct": "(지시) 질문하기",
            "morpheme": "키/NNG+키/XSV+ETN+맞/VV+아/EC+언니/NNG+정형돈/NNP+이랑/JC+지디/NNP+랑/JC+가요제/NNG+한/XSA+ETM+거/NNB+봤/VV+EP+어/EF"
          },
          {
            "id": 6,
            "text": "2 : 맞아 그거 엄청 웃겨 나 어떻게 해볼라꼬?",
            "norm_text": "맞아 그거 엄청 웃겨 나 어떻게 해볼라꼬?",
            "speaker": {
              "id": "2번",
              "sex": "여성",
              "age": "20대"
            },
            "speechAct": "(지시) 질문하기",
            "morpheme": "맞/VV+아/EC+그거/NP+엄청/MAG+웃겨/VV+EF+나/NP+어떻게/MAG+해/VV+EC+볼라꼬/VV+EF"
          },
          {
            "id": 7,
            "text": "1 : 이거 키키 맞아 와이지 사옥 가서 정형돈이 밥먹는 장면 봤어?",
            "norm_text": "이거 키키 맞아 와이지 사옥 가서 정형돈이 밥먹는 장면 봤어?",
            "speaker": {
              "id": "1번",
              "sex": "여성",
              "age": "20대"
            },
            "speechAct": "(지시) 질문하기",
            "morpheme": "이거/NP+키/NNG+키/XSV+ETN+맞/VV+아/EC+와이/MM+지사/NNG+옥가/NNG+서/JKB+정형/NNG+돈/NNG+이/JKS+밥/NNG+먹/VV+는/ETM+장면/NNG+봤/VV+EP+어/EF"
          },
          {
            "id": 8,
            "text": "2 : 키키 맞아 진짜 허세 웃겨 그거 뭔 장면이였지",
            "norm_text": "키키 맞아 진짜 허세 웃겨 그거 뭔 장면이였지",
            "speaker": {
              "id": "2번",
              "sex": "여성",
              "age": "20대"
            },
            "speechAct": "(단언) 주장하기",
            "morpheme": "키/NNG+키/XSV+ETN+맞/VV+아/EC+진짜/MAG+허세/NNG+웃겨/VV+EF+그거/NP+뭔/MM+장면/NNG+이/VCP+였/EP+지/EC"
          },
          {
            "id": 9,
            "text": "1 : 키키 그게 정형돈이 지디 만나러 가면서 와이지 급식 먹는 장면이었어!",
            "norm_text": "키키 그게 정형돈이 지디 만나러 가면서 와이지 급식 먹는 장면이었어!",
            "speaker": {
              "id": "1번",
              "sex": "여성",
              "age": "20대"
            },
            "speechAct": "(단언) 진술하기",
            "morpheme": "키/NNG+키/XSV+ETN+그게/NP+JKS+정형/NNG+돈/NNG+이/VCP+지/EC+디/NNG+만나/VV+러/EC+가/VX+면서/EC+와이/MM+지급식/NNP+먹/VV+는/ETM+장면/NNG+이/VCP+었/EP+어/EF"
          },
          {
            "id": 10,
            "text": "2 : 아 알 거 같은데 하여튼 그거 진짜 웃겨",
            "norm_text": "아 알 거 같은데 하여튼 그거 진짜 웃겨",
            "speaker": {
              "id": "2번",
              "sex": "여성",
              "age": "20대"
            },
            "speechAct": "(단언) 주장하기",
            "morpheme": "아/IC+알/VV+ETM+거/NNB+같/VA+은데/EC+하여튼/MAG+그거/NP+진짜/MAG+웃겨/VV+EC"
          },
          {
            "id": 11,
            "text": "1 : 키키 맞아 정형돈이 지디 패션 지적하는 것도 완전 웃김",
            "norm_text": "키키 맞아 정형돈이 지디 패션 지적하는 것도 완전 웃김",
            "speaker": {
              "id": "1번",
              "sex": "여성",
              "age": "20대"
            },
            "speechAct": "(단언) 주장하기",
            "morpheme": "키/NNG+키/XSV+ETN+맞/VV+아/EC+정형/NNG+돈/NNG+이/JKS+지디/NNP+패션/NNG+지적/NNG+하/XSV+는/ETM+것/NNB+도/JX+완전/MAG+웃/VV+EP+김/NNB"
          },
          {
            "id": 12,
            "text": "2 : 맞아 그래서 동대문인가 어디 갔잖아 키키",
            "norm_text": "맞아 그래서 동대문인가 어디 갔잖아 키키",
            "speaker": {
              "id": "2번",
              "sex": "여성",
              "age": "20대"
            },
            "speechAct": "(단언) 주장하기",
            "morpheme": "맞아/IC+그래서/MAJ+동대문/NNP+인가/VCP+EC+어디/NP+갔/VV+EP+잖아/EF+키/NNG+키/XSV+ETN"
          },
          {
            "id": 13,
            "text": "1 : 키키 아 동묘 키키 그 뒤로 동묘 시장 완전 커졌잖아!",
            "norm_text": "키키 아 동묘 키키 그 뒤로 동묘 시장 완전 커졌잖아!",
            "speaker": {
              "id": "1번",
              "sex": "여성",
              "age": "20대"
            },
            "speechAct": "(단언) 진술하기",
            "morpheme": "키/NNG+키/VV+아/EC+동묘/NNG+키/NNG+키/XSV+ETN+그/MM+뒤/NNG+로/JKB+동묘/NNG+시장/NNG+완전/MAG+커졌/VV+EP+잖아/EF"
          },
          {
            "id": 14,
            "text": "2 : 아 그 뒤로 커진 거야?",
            "norm_text": "아 그 뒤로 커진 거야?",
            "speaker": {
              "id": "2번",
              "sex": "여성",
              "age": "20대"
            },
            "speechAct": "(지시) 질문하기",
            "morpheme": "아/IC+그/MM+뒤/NNG+로/JKB+커진/VA+EC+VX+ETM+거/NNB+야/VCP+EF"
          },
          {
            "id": 15,
            "text": "2 : 정형돈 덕이네",
            "norm_text": "정형돈 덕이네",
            "speaker": {
              "id": "2번",
              "sex": "여성",
              "age": "20대"
            },
            "speechAct": "(단언) 주장하기",
            "morpheme": "정형/NNG+돈덕/NNG+이/VCP+네/EC"
          },
          {
            "id": 16,
            "text": "1 : 어 맞아!",
            "norm_text": "어 맞아!",
            "speaker": {
              "id": "1번",
              "sex": "여성",
              "age": "20대"
            },
            "speechAct": "(단언) 주장하기",
            "morpheme": "어/IC+맞/VV+아/EF"
          },
          {
            "id": 17,
            "text": "1 : 가격도 엄청 오르고 말이야!",
            "norm_text": "가격도 엄청 오르고 말이야!",
            "speaker": {
              "id": "1번",
              "sex": "여성",
              "age": "20대"
            },
            "speechAct": "(단언) 주장하기",
            "morpheme": "가격/NNG+도/JX+엄청/MAG+오르/VV+고/EC+말/NNG+이/VCP+야/EF"
          },
          {
            "id": 18,
            "text": "2 : 나도 가보고싶다 동묘, 서울,",
            "norm_text": "나도 가보고싶다 동묘, 서울,",
            "speaker": {
              "id": "2번",
              "sex": "여성",
              "age": "20대"
            },
            "speechAct": "(단언) 주장하기",
            "morpheme": "나/NP+도/JX+가/VV+EC+보/VX+고/EC+싶/VX+다/EC+동묘/NNG+,/SC+서울/NNP+,/SC"
          }
        ]
      }
    }
  ]
}