{
  "dataset": {
    "identifier": 100368,
    "name": "FACEBOOK_101_05_set",
    "src_path": "/data/file/cubeManager/PROJECT001/77/txt202110271522100432102/FACEBOOK_101_05_set/",
    "label_path": "/data/file/cubeManager/PROJECT001/77/txt202110271522100432102/FACEBOOK_101_05_set/",
    "category": 2,
    "type": 0
  },
  "licenses": {
    "name": "Apache License 1.0",
    "url": "http://www.apache.org/licenses/LICENSE-1.0"
  },
  "info": [
    {
      "id": 99346,
      "filename": "FACEBOOK_101_05.txt",
      "title": "FACEBOOK_101_05",
      "mediatype": "SNS",
      "medianame": "페이스북",
      "category": "일상대화",
      "date": "2021-10-27",
      "size": 482,
      "annotations": {
        "subject": "군대",
        "speaker_type": "1:1",
        "size": 482,
        "word_size": 169,
        "text": "1 : 언니 남동생이나 오빠 있엉?\n2 : 아니\n2 : 나 외동 키키 왜?\n1 : 나는 언니 한 명 있는데 남친이 군인이야!\n2 : 응? 군인 왜 만나... 왜\n1 : 키키 태국에서 만났지 뭐야!?\n1 : 완전 운명이지 않아?\n2 : 태국?\n2 : 와 대박 신기하다...\n1 : 키키 진짜 신기하지?\n1 : 근데 지금은 언니 완전 스트레스 받고 있어!\n2 : 왜? 직업군인인 거지? 왜 키키\n1 : 키키 직업군인 이렇게 바쁠 줄 몰랐대 키키\n1 : 만나는 것도 2달에 한 번씩 만나!\n2 : 키키 바쁘대?\n2 : 와... 얼마나 만났어\n1 : 지금 딱 1년인데 만난 건 2달에 한번씩 만났대 키키\n2 : 결혼할 거 같애?\n2 : 신기해\n1 : 키키 아니 남친이 지금 나랑 동갑이야\n1 : 아직 어려!\n2 : 그렇구나 키키\n2 : 와 연하야?\n2 : 멋있지\n1 : 키키 음 멋있는 건 모르겠고 날이 갈수록 늙어가는 건 보임 키키\n2 : 본 적 있어?\n2 : 걔네 맬 밖에서 일하자나\n2 : 나도 남친 구하러 간다",
        "lines": [
          {
            "id": 1,
            "text": "1 : 언니 남동생이나 오빠 있엉?",
            "norm_text": "언니 남동생이나 오빠 있엉?",
            "speaker": {
              "id": "1번",
              "sex": "여성",
              "age": "20대"
            },
            "speechAct": "(지시) 질문하기",
            "morpheme": "언니/NNG+남동생/NNG+이나/JC+오빠/NNG+있/VA+엉/EF"
          },
          {
            "id": 2,
            "text": "2 : 아니",
            "norm_text": "아니",
            "speaker": {
              "id": "2번",
              "sex": "여성",
              "age": "20대"
            },
            "speechAct": "(단언) 진술하기",
            "morpheme": "아니/IC"
          },
          {
            "id": 3,
            "text": "2 : 나 외동 키키 왜?",
            "norm_text": "나 외동 키키 왜?",
            "speaker": {
              "id": "2번",
              "sex": "여성",
              "age": "20대"
            },
            "speechAct": "(지시) 질문하기",
            "morpheme": "나/NP+외동/NNG+키/NNG+키/XSV+ETN+왜/MAG"
          },
          {
            "id": 4,
            "text": "1 : 나는 언니 한 명 있는데 남친이 군인이야!",
            "norm_text": "나는 언니 한 명 있는데 남친이 군인이야!",
            "speaker": {
              "id": "1번",
              "sex": "여성",
              "age": "20대"
            },
            "speechAct": "(단언) 진술하기",
            "morpheme": "나/NP+는/JX+언니/NNG+한/MM+명/NNBC+있/VA+는데/EC+남친/NNG+이/JKS+군인/NNG+이/VCP+야/EF"
          },
          {
            "id": 5,
            "text": "2 : 응? 군인 왜 만나... 왜",
            "norm_text": "응? 군인 왜 만나... 왜",
            "speaker": {
              "id": "2번",
              "sex": "여성",
              "age": "20대"
            },
            "speechAct": "(지시) 질문하기",
            "morpheme": "응/IC+군인/NNG+왜/MAG+만나/VV+EF+./SY+왜/MAG"
          },
          {
            "id": 6,
            "text": "1 : 키키 태국에서 만났지 뭐야!?",
            "norm_text": "키키 태국에서 만났지 뭐야!?",
            "speaker": {
              "id": "1번",
              "sex": "여성",
              "age": "20대"
            },
            "speechAct": "(단언) 진술하기",
            "morpheme": "키키/NNP+태국/NNP+에서/JKB+만났/VV+EP+지/EF+뭐/NP+야/VCP+EF+!/SY"
          },
          {
            "id": 7,
            "text": "1 : 완전 운명이지 않아?",
            "norm_text": "완전 운명이지 않아?",
            "speaker": {
              "id": "1번",
              "sex": "여성",
              "age": "20대"
            },
            "speechAct": "(지시) 질문하기",
            "morpheme": "완전/NNG+운명/NNG+이/VCP+지/EC+않/VX+아/EF"
          },
          {
            "id": 8,
            "text": "2 : 태국?",
            "norm_text": "태국?",
            "speaker": {
              "id": "2번",
              "sex": "여성",
              "age": "20대"
            },
            "speechAct": "(단언) 주장하기",
            "morpheme": "태국/NNP"
          },
          {
            "id": 9,
            "text": "2 : 와 대박 신기하다...",
            "norm_text": "와 대박 신기하다...",
            "speaker": {
              "id": "2번",
              "sex": "여성",
              "age": "20대"
            },
            "speechAct": "(단언) 주장하기",
            "morpheme": "와/IC+대박/NNG+신기/XR+하/XSA+다/EF+./SY"
          },
          {
            "id": 10,
            "text": "1 : 키키 진짜 신기하지?",
            "norm_text": "키키 진짜 신기하지?",
            "speaker": {
              "id": "1번",
              "sex": "여성",
              "age": "20대"
            },
            "speechAct": "(지시) 질문하기",
            "morpheme": "키/NNG+키/XSV+ETN+진짜/MAG+신기/XR+하/XSA+지/EF"
          },
          {
            "id": 11,
            "text": "1 : 근데 지금은 언니 완전 스트레스 받고 있어!",
            "norm_text": "근데 지금은 언니 완전 스트레스 받고 있어!",
            "speaker": {
              "id": "1번",
              "sex": "여성",
              "age": "20대"
            },
            "speechAct": "(단언) 진술하기",
            "morpheme": "근데/MAJ+지금/MAG+은/JX+언니/NNG+완전/NNG+스트레스/NNG+받/VV+고/EC+있/VX+어/EF"
          },
          {
            "id": 12,
            "text": "2 : 왜? 직업군인인 거지? 왜 키키",
            "norm_text": "왜? 직업군인인 거지? 왜 키키",
            "speaker": {
              "id": "2번",
              "sex": "여성",
              "age": "20대"
            },
            "speechAct": "(지시) 질문하기",
            "morpheme": "왜/MAG+직업/NNG+군인/NNG+인/VCP+ETM+거/NNB+지/VCP+EF+왜/MAG+키/NNG+키/XSV+ETN"
          },
          {
            "id": 13,
            "text": "1 : 키키 직업군인 이렇게 바쁠 줄 몰랐대 키키",
            "norm_text": "키키 직업군인 이렇게 바쁠 줄 몰랐대 키키",
            "speaker": {
              "id": "1번",
              "sex": "여성",
              "age": "20대"
            },
            "speechAct": "(단언) 진술하기",
            "morpheme": "키/NNG+키/NNG+직업/NNG+군인/NNG+이렇게/MAG+바쁠/VA+ETM+줄/NNB+몰랐/VV+EP+대/XPN+키/NNG+키/XSV+ETN"
          },
          {
            "id": 14,
            "text": "1 : 만나는 것도 2달에 한 번씩 만나!",
            "norm_text": "만나는 것도 2달에 한 번씩 만나!",
            "speaker": {
              "id": "1번",
              "sex": "여성",
              "age": "20대"
            },
            "speechAct": "(단언) 진술하기",
            "morpheme": "만나/VV+는/ETM+것/NNB+도/JX+2/SN+달/NNG+에/JKB+한/MM+번/NNBC+씩/XSN+만나/VV+EF"
          },
          {
            "id": 15,
            "text": "2 : 키키 바쁘대?",
            "norm_text": "키키 바쁘대?",
            "speaker": {
              "id": "2번",
              "sex": "여성",
              "age": "20대"
            },
            "speechAct": "(지시) 질문하기",
            "morpheme": "키/NNG+키/XSV+ETN+바쁘/VA+대/EF"
          },
          {
            "id": 16,
            "text": "2 : 와... 얼마나 만났어",
            "norm_text": "와... 얼마나 만났어",
            "speaker": {
              "id": "2번",
              "sex": "여성",
              "age": "20대"
            },
            "speechAct": "(단언) 주장하기",
            "morpheme": "와/IC+./SY+얼마나/MAG+만났/VV+EP+어/EC"
          },
          {
            "id": 17,
            "text": "1 : 지금 딱 1년인데 만난 건 2달에 한번씩 만났대 키키",
            "norm_text": "지금 딱 1년인데 만난 건 2달에 한번씩 만났대 키키",
            "speaker": {
              "id": "1번",
              "sex": "여성",
              "age": "20대"
            },
            "speechAct": "(단언) 진술하기",
            "morpheme": "지금/MAG+딱/MAG+1/SN+년/NNBC+인데/VCP+EC+만난/VV+ETM+건/NNB+JX+2/SN+달/NNG+에/JKB+한/MM+번/NNBC+씩/XSN+만났/VV+EP+대/XPN+키/NNG+키/XSV+ETN"
          },
          {
            "id": 18,
            "text": "2 : 결혼할 거 같애?",
            "norm_text": "결혼할 거 같애?",
            "speaker": {
              "id": "2번",
              "sex": "여성",
              "age": "20대"
            },
            "speechAct": "(지시) 질문하기",
            "morpheme": "결혼/NNG+할/XSV+ETM+거/NNB+같/VA+애/EF"
          },
          {
            "id": 19,
            "text": "2 : 신기해",
            "norm_text": "신기해",
            "speaker": {
              "id": "2번",
              "sex": "여성",
              "age": "20대"
            },
            "speechAct": "(단언) 주장하기",
            "morpheme": "신기/NNG+해/XSV+EC"
          },
          {
            "id": 20,
            "text": "1 : 키키 아니 남친이 지금 나랑 동갑이야",
            "norm_text": "키키 아니 남친이 지금 나랑 동갑이야",
            "speaker": {
              "id": "1번",
              "sex": "여성",
              "age": "20대"
            },
            "speechAct": "(단언) 진술하기",
            "morpheme": "키/NNG+키/XSV+ETN+아니/VCN+남친/NNG+이/JKS+지금/MAG+나/NP+랑/JKB+동갑/NNG+이/VCP+야/EC"
          },
          {
            "id": 21,
            "text": "1 : 아직 어려!",
            "norm_text": "아직 어려!",
            "speaker": {
              "id": "1번",
              "sex": "여성",
              "age": "20대"
            },
            "speechAct": "(단언) 주장하기",
            "morpheme": "아직/MAG+어려/VA+EF"
          },
          {
            "id": 22,
            "text": "2 : 그렇구나 키키",
            "norm_text": "그렇구나 키키",
            "speaker": {
              "id": "2번",
              "sex": "여성",
              "age": "20대"
            },
            "speechAct": "(단언) 주장하기",
            "morpheme": "그렇/VA+구나/EF+키/NNG+키/XSV+ETN"
          },
          {
            "id": 23,
            "text": "2 : 와 연하야?",
            "norm_text": "와 연하야?",
            "speaker": {
              "id": "2번",
              "sex": "여성",
              "age": "20대"
            },
            "speechAct": "(지시) 질문하기",
            "morpheme": "와연/NNG+하/XSA+야/EF"
          },
          {
            "id": 24,
            "text": "2 : 멋있지",
            "norm_text": "멋있지",
            "speaker": {
              "id": "2번",
              "sex": "여성",
              "age": "20대"
            },
            "speechAct": "(단언) 주장하기",
            "morpheme": "멋있/VA+지/EC"
          },
          {
            "id": 25,
            "text": "1 : 키키 음 멋있는 건 모르겠고 날이 갈수록 늙어가는 건 보임 키키",
            "norm_text": "키키 음 멋있는 건 모르겠고 날이 갈수록 늙어가는 건 보임 키키",
            "speaker": {
              "id": "1번",
              "sex": "여성",
              "age": "20대"
            },
            "speechAct": "(단언) 주장하기",
            "morpheme": "키/NNG+키/XSV+ETN+음/IC+멋있/VA+는/ETM+건/NNB+JX+모르/VV+겠/EP+고/EC+날/NNG+이/JKS+갈수록/MAG+늙/VV+어/EC+가/VX+는/ETM+건/NNB+JX+보임/NNG+키/NNG+키/XSV+ETN"
          },
          {
            "id": 26,
            "text": "2 : 본 적 있어?",
            "norm_text": "본 적 있어?",
            "speaker": {
              "id": "2번",
              "sex": "여성",
              "age": "20대"
            },
            "speechAct": "(지시) 질문하기",
            "morpheme": "본/VV+ETM+적/NNB+있/VA+어/EF"
          },
          {
            "id": 27,
            "text": "2 : 걔네 맬 밖에서 일하자나",
            "norm_text": "걔네 맬 밖에서 일하자나",
            "speaker": {
              "id": "2번",
              "sex": "여성",
              "age": "20대"
            },
            "speechAct": "(단언) 진술하기",
            "morpheme": "걔/NP+네/XSN+맬/NNG+밖/NNG+에서/JKB+일/NNG+하/XSV+자/EC+나/VX"
          },
          {
            "id": 28,
            "text": "2 : 나도 남친 구하러 간다",
            "norm_text": "나도 남친 구하러 간다",
            "speaker": {
              "id": "2번",
              "sex": "여성",
              "age": "20대"
            },
            "speechAct": "(단언) 주장하기",
            "morpheme": "나/NP+도/JX+남/NNG+친구/NNG+하/XSV+러/EC+간다/VX+EC"
          }
        ]
      }
    }
  ]
}