{
  "dataset": {
    "identifier": 102736,
    "name": "FACEBOOK_101_08_set",
    "src_path": "/data/file/cubeManager/PROJECT001/77/txt20211027152210045273/FACEBOOK_101_08_set/",
    "label_path": "/data/file/cubeManager/PROJECT001/77/txt20211027152210045273/FACEBOOK_101_08_set/",
    "category": 2,
    "type": 0
  },
  "licenses": {
    "name": "Apache License 1.0",
    "url": "http://www.apache.org/licenses/LICENSE-1.0"
  },
  "info": [
    {
      "id": 99349,
      "filename": "FACEBOOK_101_08.txt",
      "title": "FACEBOOK_101_08",
      "mediatype": "SNS",
      "medianame": "페이스북",
      "category": "일상대화",
      "date": "2021-10-27",
      "size": 416,
      "annotations": {
        "subject": "연애/결혼",
        "speaker_type": "1:1",
        "size": 416,
        "word_size": 152,
        "text": "1 : 언니는 지금 남자친구 있어?\n2 : 없어 없어\n2 : 너 있어?\n1 : 나는 있어\n1 : 다음 주에 기념일이야!\n2 : 대박\n2 : 얼마나 됐어?\n2 : 좋아?\n1 : 나는 다음 주에 7주년이야!\n2 : 와 칠주년?\n2 : 대박 키키\n2 : 나 일년도 못 만났는데\n1 : 진짜?\n1 : 나나 남친이나 시간 개념이 없으~\n2 : 와 너 곧 결혼하겠네\n2 : 남친 몇살이야?\n1 : 남친은 이제 계란 한 판 됐으~\n2 : 키키 이제 결혼할 때 됐네\n2 : 언제 하게\n1 : 키키 아니야\n1 : 나는 서른 넘을 때 결혼할 거야\n1 : 20대를 즐길 거라구!\n2 : 근데 진짜 없으면 안될 거 같아 이제,\n1 : 키키 음 지금은 약간 의리로 살고 있다는 느낌?\n2 : 키키 남친은 어디 사람이야?\n2 : 논산?\n1 : 남친은 지금 평택에 있어!\n2 : 언제 소개시켜줘\n2 : 친구들도 다리 놔줘",
        "lines": [
          {
            "id": 1,
            "text": "1 : 언니는 지금 남자친구 있어?",
            "norm_text": "언니는 지금 남자친구 있어?",
            "speaker": {
              "id": "1번",
              "sex": "여성",
              "age": "20대"
            },
            "speechAct": "(지시) 질문하기",
            "morpheme": "언니/NNG+는/JX+지금/MAG+남자/NNG+친구/NNG+있/VA+어/EF"
          },
          {
            "id": 2,
            "text": "2 : 없어 없어",
            "norm_text": "없어 없어",
            "speaker": {
              "id": "2번",
              "sex": "여성",
              "age": "20대"
            },
            "speechAct": "(단언) 진술하기",
            "morpheme": "없/VA+어/EC+없/VA+어/EC"
          },
          {
            "id": 3,
            "text": "2 : 너 있어?",
            "norm_text": "너 있어?",
            "speaker": {
              "id": "2번",
              "sex": "여성",
              "age": "20대"
            },
            "speechAct": "(지시) 질문하기",
            "morpheme": "너/NP+있/VA+어/EF"
          },
          {
            "id": 4,
            "text": "1 : 나는 있어",
            "norm_text": "나는 있어",
            "speaker": {
              "id": "1번",
              "sex": "여성",
              "age": "20대"
            },
            "speechAct": "(단언) 진술하기",
            "morpheme": "나/NP+는/JX+있/VX+어/EC"
          },
          {
            "id": 5,
            "text": "1 : 다음 주에 기념일이야!",
            "norm_text": "다음 주에 기념일이야!",
            "speaker": {
              "id": "1번",
              "sex": "여성",
              "age": "20대"
            },
            "speechAct": "(단언) 진술하기",
            "morpheme": "다음/NNG+주/NNG+에/JKB+기념일/NNG+이/VCP+야/EF"
          },
          {
            "id": 6,
            "text": "2 : 대박",
            "norm_text": "대박",
            "speaker": {
              "id": "2번",
              "sex": "여성",
              "age": "20대"
            },
            "speechAct": "(단언) 주장하기",
            "morpheme": "대박/NNG"
          },
          {
            "id": 7,
            "text": "2 : 얼마나 됐어?",
            "norm_text": "얼마나 됐어?",
            "speaker": {
              "id": "2번",
              "sex": "여성",
              "age": "20대"
            },
            "speechAct": "(지시) 질문하기",
            "morpheme": "얼마나/MAG+됐/VV+EP+어/EF"
          },
          {
            "id": 8,
            "text": "2 : 좋아?",
            "norm_text": "좋아?",
            "speaker": {
              "id": "2번",
              "sex": "여성",
              "age": "20대"
            },
            "speechAct": "(지시) 질문하기",
            "morpheme": "좋/VA+아/EF"
          },
          {
            "id": 9,
            "text": "1 : 나는 다음 주에 7주년이야!",
            "norm_text": "나는 다음 주에 7주년이야!",
            "speaker": {
              "id": "1번",
              "sex": "여성",
              "age": "20대"
            },
            "speechAct": "(단언) 진술하기",
            "morpheme": "나/NP+는/JX+다음/NNG+주/NNG+에/JKB+7/SN+주년/NNBC+이/VCP+야/EF"
          },
          {
            "id": 10,
            "text": "2 : 와 칠주년?",
            "norm_text": "와 칠주년?",
            "speaker": {
              "id": "2번",
              "sex": "여성",
              "age": "20대"
            },
            "speechAct": "(지시) 질문하기",
            "morpheme": "와/IC+칠/NR+주년/NNBC"
          },
          {
            "id": 11,
            "text": "2 : 대박 키키",
            "norm_text": "대박 키키",
            "speaker": {
              "id": "2번",
              "sex": "여성",
              "age": "20대"
            },
            "speechAct": "(단언) 주장하기",
            "morpheme": "대박/NNG+키/NNG+키/XSV+ETN"
          },
          {
            "id": 12,
            "text": "2 : 나 일년도 못 만났는데",
            "norm_text": "나 일년도 못 만났는데",
            "speaker": {
              "id": "2번",
              "sex": "여성",
              "age": "20대"
            },
            "speechAct": "(단언) 진술하기",
            "morpheme": "나/NP+일/NR+년/NNBC+도/JX+못/MAG+만났/VV+EP+는데/EC"
          },
          {
            "id": 13,
            "text": "1 : 진짜?",
            "norm_text": "진짜?",
            "speaker": {
              "id": "1번",
              "sex": "여성",
              "age": "20대"
            },
            "speechAct": "(지시) 질문하기",
            "morpheme": "진짜/MAG"
          },
          {
            "id": 14,
            "text": "1 : 나나 남친이나 시간 개념이 없으~",
            "norm_text": "나나 남친이나 시간 개념이 없으~",
            "speaker": {
              "id": "1번",
              "sex": "여성",
              "age": "20대"
            },
            "speechAct": "(단언) 주장하기",
            "morpheme": "나/NP+나/JX+남친/NNG+이나/JC+시간/NNG+개념/NNG+이/JKS+없/VA+으/EC+~/SY"
          },
          {
            "id": 15,
            "text": "2 : 와 너 곧 결혼하겠네",
            "norm_text": "와 너 곧 결혼하겠네",
            "speaker": {
              "id": "2번",
              "sex": "여성",
              "age": "20대"
            },
            "speechAct": "(단언) 주장하기",
            "morpheme": "와/IC+너/NP+곧/MAG+결혼/NNG+하/XSV+겠/EP+네/EF"
          },
          {
            "id": 16,
            "text": "2 : 남친 몇살이야?",
            "norm_text": "남친 몇살이야?",
            "speaker": {
              "id": "2번",
              "sex": "여성",
              "age": "20대"
            },
            "speechAct": "(지시) 질문하기",
            "morpheme": "남친/NNG+몇/MM+살/NNBC+이/VCP+야/EF"
          },
          {
            "id": 17,
            "text": "1 : 남친은 이제 계란 한 판 됐으~",
            "norm_text": "남친은 이제 계란 한 판 됐으~",
            "speaker": {
              "id": "1번",
              "sex": "여성",
              "age": "20대"
            },
            "speechAct": "(단언) 진술하기",
            "morpheme": "남친/NNG+은/JX+이제/MAG+계란/NNG+한판/NNG+됐/XSV+EP+으/EC+~/SY"
          },
          {
            "id": 18,
            "text": "2 : 키키 이제 결혼할 때 됐네",
            "norm_text": "키키 이제 결혼할 때 됐네",
            "speaker": {
              "id": "2번",
              "sex": "여성",
              "age": "20대"
            },
            "speechAct": "(단언) 주장하기",
            "morpheme": "키/NNG+키/NNG+이제/MAG+결혼/NNG+할/XSV+ETM+때/NNG+됐/XSV+EP+네/EF"
          },
          {
            "id": 19,
            "text": "2 : 언제 하게",
            "norm_text": "언제 하게",
            "speaker": {
              "id": "2번",
              "sex": "여성",
              "age": "20대"
            },
            "speechAct": "(지시) 질문하기",
            "morpheme": "언제/MAG+하/VV+게/EC"
          },
          {
            "id": 20,
            "text": "1 : 키키 아니야",
            "norm_text": "키키 아니야",
            "speaker": {
              "id": "1번",
              "sex": "여성",
              "age": "20대"
            },
            "speechAct": "(단언) 주장하기",
            "morpheme": "키/NNG+키/XSV+ETN+아니/VCN+야/EC"
          },
          {
            "id": 21,
            "text": "1 : 나는 서른 넘을 때 결혼할 거야",
            "norm_text": "나는 서른 넘을 때 결혼할 거야",
            "speaker": {
              "id": "1번",
              "sex": "여성",
              "age": "20대"
            },
            "speechAct": "(단언) 주장하기",
            "morpheme": "나/NP+는/JX+서른/NR+넘/VV+을/ETM+때/NNG+결혼/NNG+할/XSV+ETM+거/NNB+야/VCP+EF"
          },
          {
            "id": 22,
            "text": "1 : 20대를 즐길 거라구!",
            "norm_text": "20대를 즐길 거라구!",
            "speaker": {
              "id": "1번",
              "sex": "여성",
              "age": "20대"
            },
            "speechAct": "(단언) 주장하기",
            "morpheme": "20/SN+대/NNBC+를/JKO+즐길/VV+ETM+거/NNB+라구/VCP+EF"
          },
          {
            "id": 23,
            "text": "2 : 근데 진짜 없으면 안될 거 같아 이제,",
            "norm_text": "근데 진짜 없으면 안될 거 같아 이제,",
            "speaker": {
              "id": "2번",
              "sex": "여성",
              "age": "20대"
            },
            "speechAct": "(단언) 주장하기",
            "morpheme": "근데/MAJ+진짜/MAG+없/VA+으면/EC+안/MAG+될/VV+ETM+거/NNB+같/VA+아/EC+이제/MAG+,/SC"
          },
          {
            "id": 24,
            "text": "1 : 키키 음 지금은 약간 의리로 살고 있다는 느낌?",
            "norm_text": "키키 음 지금은 약간 의리로 살고 있다는 느낌?",
            "speaker": {
              "id": "1번",
              "sex": "여성",
              "age": "20대"
            },
            "speechAct": "(단언) 주장하기",
            "morpheme": "키/NNG+키/XSV+ETN+음/IC+지금/MAG+은/JX+약간/MAG+의리/NNG+로/JKB+살/VV+고/EC+있/VX+다는/ETM+느낌/NNG"
          },
          {
            "id": 25,
            "text": "2 : 키키 남친은 어디 사람이야?",
            "norm_text": "키키 남친은 어디 사람이야?",
            "speaker": {
              "id": "2번",
              "sex": "여성",
              "age": "20대"
            },
            "speechAct": "(지시) 질문하기",
            "morpheme": "키/NNG+키/NNG+남친/NNG+은/JX+어디/NP+사람/NNG+이/VCP+야/EF"
          },
          {
            "id": 26,
            "text": "2 : 논산?",
            "norm_text": "논산?",
            "speaker": {
              "id": "2번",
              "sex": "여성",
              "age": "20대"
            },
            "speechAct": "(지시) 질문하기",
            "morpheme": "논산/NNP"
          },
          {
            "id": 27,
            "text": "1 : 남친은 지금 평택에 있어!",
            "norm_text": "남친은 지금 평택에 있어!",
            "speaker": {
              "id": "1번",
              "sex": "여성",
              "age": "20대"
            },
            "speechAct": "(단언) 진술하기",
            "morpheme": "남친/NNG+은/JX+지금/MAG+평택/NNP+에/JKB+있/VV+어/EF"
          },
          {
            "id": 28,
            "text": "2 : 언제 소개시켜줘",
            "norm_text": "언제 소개시켜줘",
            "speaker": {
              "id": "2번",
              "sex": "여성",
              "age": "20대"
            },
            "speechAct": "(지시) 질문하기",
            "morpheme": "언제/MAG+소개/NNG+시켜/XSV+EC+줘/VX+EC"
          },
          {
            "id": 29,
            "text": "2 : 친구들도 다리 놔줘",
            "norm_text": "친구들도 다리 놔줘",
            "speaker": {
              "id": "2번",
              "sex": "여성",
              "age": "20대"
            },
            "speechAct": "(지시) 부탁하기",
            "morpheme": "친구/NNG+들/XSN+도/JX+다리/NNG+놔/VV+EC+줘/VX+EC"
          }
        ]
      }
    }
  ]
}