{
  "dataset": {
    "identifier": 117286,
    "name": "FACEBOOK_102_15_set",
    "src_path": "/data/file/cubeManager/PROJECT001/77/txt20211028144832015516/FACEBOOK_102_15_set/",
    "label_path": "/data/file/cubeManager/PROJECT001/77/txt20211028144832015516/FACEBOOK_102_15_set/",
    "category": 2,
    "type": 0
  },
  "licenses": {
    "name": "Apache License 1.0",
    "url": "http://www.apache.org/licenses/LICENSE-1.0"
  },
  "info": [
    {
      "id": 100320,
      "filename": "FACEBOOK_102_15.txt",
      "title": "FACEBOOK_102_15",
      "mediatype": "SNS",
      "medianame": "페이스북",
      "category": "일상대화",
      "date": "2021-10-28",
      "size": 494,
      "annotations": {
        "subject": "타 국가 이슈",
        "speaker_type": "1:1",
        "size": 494,
        "word_size": 155,
        "text": "1 : 작은엄마 중국도 핵무기 개발하는 거 알고 있었어?\n2 : 응~ 북한 옆이라 그러겠지 뭐\n1 : 키키 중국이랑 러시아가 북한 핵무기 개발하는 거 알려줬잖아!\n2 : 그래서 지금의 우리를 위협하고 있지.\n1 : 키키 그러니까 이번에 극초음속 미사일을 시험 발사했는데 성공했대,\n2 : 점점 그런 무기들로 위협을 해오는 거야\n1 : 이제 나중에 있을 뭔가에 대비하는 거겠지,\n2 : 3차 세계대전 일어나는 거 아닌가 몰라~\n1 : 그러니까, 가운데에 있는 우리는 뭐냐고 ㅜㅜ\n2 : 이래서 나라가 힘이 있어야 사는 거야\n2 : 외교 국방 이런 게 잘되어 있어야지\n1 : ㅜㅜ 맞아\n1 : 미국 말대로 했다가 우리만 봉 됐지 뭐\n2 : 그러게\n2 : 다음 세대에 나라가 어떻게 될지 모르겠어\n1 : 그렇지,\n1 : 일단 중국이 이래서 미국에서 엄청 비판하고 있다는데 모르것음,\n2 : 고래싸움에 새우 등만 터지게 생겼어~\n1 : 키키  맞아\n1 : 우리는 완전 작은 육젓이여 ㅜ\n2 : 응~ 그냥 잠자코 살아야 해 ㅜㅜ",
        "lines": [
          {
            "id": 1,
            "text": "1 : 작은엄마 중국도 핵무기 개발하는 거 알고 있었어?",
            "norm_text": "작은엄마 중국도 핵무기 개발하는 거 알고 있었어?",
            "speaker": {
              "id": "1번",
              "sex": "여성",
              "age": "20대"
            },
            "speechAct": "(지시) 질문하기",
            "morpheme": "작/VA+은/ETM+엄마/NNG+중국/NNP+도/JX+핵무기/NNG+개발/NNG+하/XSV+는/ETM+거/NNB+알/VV+고/EC+있/VX+었/EP+어/EF"
          },
          {
            "id": 2,
            "text": "2 : 응~ 북한 옆이라 그러겠지 뭐",
            "norm_text": "응~ 북한 옆이라 그러겠지 뭐",
            "speaker": {
              "id": "2번",
              "sex": "여성",
              "age": "40대"
            },
            "speechAct": "(단언) 주장하기",
            "morpheme": "응/IC+~/SY+북한/NNP+옆/NNG+이/VCP+라/EC+그러/VV+겠/EP+지/EF+뭐/IC"
          },
          {
            "id": 3,
            "text": "1 : 키키 중국이랑 러시아가 북한 핵무기 개발하는 거 알려줬잖아!",
            "norm_text": "키키 중국이랑 러시아가 북한 핵무기 개발하는 거 알려줬잖아!",
            "speaker": {
              "id": "1번",
              "sex": "여성",
              "age": "20대"
            },
            "speechAct": "(단언) 진술하기",
            "morpheme": "키키/NNP+중국/NNP+이랑/JC+러시아/NNP+가/JKS+북한/NNP+핵무기/NNG+개발/NNG+하/XSV+는/ETM+거/NNB+알려/VV+EC+줬/VX+EP+잖아/EF"
          },
          {
            "id": 4,
            "text": "2 : 그래서 지금의 우리를 위협하고 있지.",
            "norm_text": "그래서 지금의 우리를 위협하고 있지.",
            "speaker": {
              "id": "2번",
              "sex": "여성",
              "age": "40대"
            },
            "speechAct": "(단언) 주장하기",
            "morpheme": "그래서/MAJ+지금/NNG+의/JKG+우리/NP+를/JKO+위협/NNG+하/XSV+고/EC+있/VX+지/EF"
          },
          {
            "id": 5,
            "text": "1 : 키키 그러니까 이번에 극초음속 미사일을 시험 발사했는데 성공했대,",
            "norm_text": "키키 그러니까 이번에 극초음속 미사일을 시험 발사했는데 성공했대,",
            "speaker": {
              "id": "1번",
              "sex": "여성",
              "age": "20대"
            },
            "speechAct": "(단언) 진술하기",
            "morpheme": "키/NNG+키/XSV+ETN+그러니까/MAJ+이번/NNG+에/JKB+극초음속/NNG+미사일/NNG+을/JKO+시험/NNG+발사/NNG+했/XSV+EP+는데/EC+성공/NNG+했/XSV+EP+대/EF+,/SC"
          },
          {
            "id": 6,
            "text": "2 : 점점 그런 무기들로 위협을 해오는 거야",
            "norm_text": "점점 그런 무기들로 위협을 해오는 거야",
            "speaker": {
              "id": "2번",
              "sex": "여성",
              "age": "40대"
            },
            "speechAct": "(단언) 주장하기",
            "morpheme": "점점/MAG+그런/MM+무기/NNG+들/XSN+로/JKB+위협/NNG+을/JKO+해/VV+EC+오/VV+는/ETM+거/NNB+야/VCP+EF"
          },
          {
            "id": 7,
            "text": "1 : 이제 나중에 있을 뭔가에 대비하는 거겠지,",
            "norm_text": "이제 나중에 있을 뭔가에 대비하는 거겠지,",
            "speaker": {
              "id": "1번",
              "sex": "여성",
              "age": "20대"
            },
            "speechAct": "(단언) 주장하기",
            "morpheme": "이제/MAG+나중/NNG+에/JKB+있/VV+을/ETM+뭔가/NP+VCP+EC+에/JKB+대비/NNG+하/XSV+는/ETM+거/NNB+겠/VCP+EP+지/EF+,/SC"
          },
          {
            "id": 8,
            "text": "2 : 3차 세계대전 일어나는 거 아닌가 몰라~",
            "norm_text": "3차 세계대전 일어나는 거 아닌가 몰라~",
            "speaker": {
              "id": "2번",
              "sex": "여성",
              "age": "40대"
            },
            "speechAct": "(단언) 주장하기",
            "morpheme": "3/SN+차/NNBC+세계/NNG+대전/NNG+일어나/VV+는/ETM+거/NNB+아닌가/VCN+EC+몰라/VV+EC+~/SY"
          },
          {
            "id": 9,
            "text": "1 : 그러니까, 가운데에 있는 우리는 뭐냐고 ㅜㅜ",
            "norm_text": "그러니까, 가운데에 있는 우리는 뭐냐고 ㅜㅜ",
            "speaker": {
              "id": "1번",
              "sex": "여성",
              "age": "20대"
            },
            "speechAct": "(단언) 주장하기",
            "morpheme": "그러니까/MAJ+,/SC+가운데/NNG+에/JKB+있/VV+는/ETM+우리/NP+는/JX+뭐/NP+냐고/VCP+EC+ㅜㅜ/UNKNOWN"
          },
          {
            "id": 10,
            "text": "2 : 이래서 나라가 힘이 있어야 사는 거야",
            "norm_text": "이래서 나라가 힘이 있어야 사는 거야",
            "speaker": {
              "id": "2번",
              "sex": "여성",
              "age": "40대"
            },
            "speechAct": "(단언) 주장하기",
            "morpheme": "이래서/VV+EC+나라/NNG+가/JKS+힘/NNG+이/JKS+있/VV+어야/EC+사/VV+는/ETM+거/NNB+야/VCP+EF"
          },
          {
            "id": 11,
            "text": "2 : 외교 국방 이런 게 잘되어 있어야지",
            "norm_text": "외교 국방 이런 게 잘되어 있어야지",
            "speaker": {
              "id": "2번",
              "sex": "여성",
              "age": "40대"
            },
            "speechAct": "(단언) 주장하기",
            "morpheme": "외교/NNG+국방/NNG+이런/MM+게/NNB+JKS+잘/MAG+되/VV+어/EC+있/VX+어야지/EC"
          },
          {
            "id": 12,
            "text": "1 : ㅜㅜ 맞아",
            "norm_text": "ㅜㅜ 맞아",
            "speaker": {
              "id": "1번",
              "sex": "여성",
              "age": "20대"
            },
            "speechAct": "(단언) 주장하기",
            "morpheme": "ㅜㅜ맞아/UNKNOWN"
          },
          {
            "id": 13,
            "text": "1 : 미국 말대로 했다가 우리만 봉 됐지 뭐",
            "norm_text": "미국 말대로 했다가 우리만 봉 됐지 뭐",
            "speaker": {
              "id": "1번",
              "sex": "여성",
              "age": "20대"
            },
            "speechAct": "(단언) 주장하기",
            "morpheme": "미국/NNP+말/NNG+대로/JKB+했/VV+EP+다가/EC+우리/NP+만/JX+봉/NNG+됐/XSV+EP+지/EF+뭐/IC"
          },
          {
            "id": 14,
            "text": "2 : 그러게",
            "norm_text": "그러게",
            "speaker": {
              "id": "2번",
              "sex": "여성",
              "age": "40대"
            },
            "speechAct": "(단언) 주장하기",
            "morpheme": "그러/VV+게/EC"
          },
          {
            "id": 15,
            "text": "2 : 다음 세대에 나라가 어떻게 될지 모르겠어",
            "norm_text": "다음 세대에 나라가 어떻게 될지 모르겠어",
            "speaker": {
              "id": "2번",
              "sex": "여성",
              "age": "40대"
            },
            "speechAct": "(단언) 주장하기",
            "morpheme": "다음/NNG+세대/NNG+에/JKB+나라/NNG+가/JKS+어떻게/MAG+될지/VV+EC+모르/VV+겠/EP+어/EC"
          },
          {
            "id": 16,
            "text": "1 : 그렇지,",
            "norm_text": "그렇지,",
            "speaker": {
              "id": "1번",
              "sex": "여성",
              "age": "20대"
            },
            "speechAct": "(단언) 주장하기",
            "morpheme": "그렇/VA+지/EF+,/SC"
          },
          {
            "id": 17,
            "text": "1 : 일단 중국이 이래서 미국에서 엄청 비판하고 있다는데 모르것음,",
            "norm_text": "일단 중국이 이래서 미국에서 엄청 비판하고 있다는데 모르것음,",
            "speaker": {
              "id": "1번",
              "sex": "여성",
              "age": "20대"
            },
            "speechAct": "(단언) 주장하기",
            "morpheme": "일단/MAG+중국/NNP+이/JKS+이래서/VV+EC+미국/NNP+에서/JKB+엄청/MAG+비판/NNG+하/XSV+고/EC+있/VX+다는/ETM+데/NNB+모르/VV+것/EP+음/ETN+,/SC"
          },
          {
            "id": 18,
            "text": "2 : 고래싸움에 새우 등만 터지게 생겼어~",
            "norm_text": "고래싸움에 새우 등만 터지게 생겼어~",
            "speaker": {
              "id": "2번",
              "sex": "여성",
              "age": "40대"
            },
            "speechAct": "(단언) 주장하기",
            "morpheme": "고래/NNG+싸움/NNG+에/JKB+새우등/NNG+만/JX+터지/VV+게/EC+생겼/VV+EP+어/EC+~/SY"
          },
          {
            "id": 19,
            "text": "1 : 키키  맞아",
            "norm_text": "키키  맞아",
            "speaker": {
              "id": "1번",
              "sex": "여성",
              "age": "20대"
            },
            "speechAct": "(단언) 주장하기",
            "morpheme": "키/NNG+키/XSV+ETN+맞/VV+아/EC"
          },
          {
            "id": 20,
            "text": "1 : 우리는 완전 작은 육젓이여 ㅜ",
            "norm_text": "우리는 완전 작은 육젓이여 ㅜ",
            "speaker": {
              "id": "1번",
              "sex": "여성",
              "age": "20대"
            },
            "speechAct": "(단언) 주장하기",
            "morpheme": "우리/NP+는/JX+완전/MAG+작/VA+은/ETM+육젓/NNG+이/JKS+여ㅜ/UNKNOWN"
          },
          {
            "id": 21,
            "text": "2 : 응~ 그냥 잠자코 살아야 해 ㅜㅜ",
            "norm_text": "응~ 그냥 잠자코 살아야 해 ㅜㅜ",
            "speaker": {
              "id": "2번",
              "sex": "여성",
              "age": "40대"
            },
            "speechAct": "(단언) 주장하기",
            "morpheme": "응/IC+~/SY+그냥잠자코살아야해ㅜㅜ/UNKNOWN"
          }
        ]
      }
    }
  ]
}