{
  "dataset": {
    "identifier": 125300,
    "name": "FACEBOOK_125_19_set",
    "src_path": "/data/file/cubeManager/PROJECT001/84/txt20211105160907011778/FACEBOOK_125_19_set/",
    "label_path": "/data/file/cubeManager/PROJECT001/84/txt20211105160907011778/FACEBOOK_125_19_set/",
    "category": 2,
    "type": 0
  },
  "licenses": {
    "name": "Apache License 1.0",
    "url": "http://www.apache.org/licenses/LICENSE-1.0"
  },
  "info": [
    {
      "id": 140176,
      "filename": "FACEBOOK_125_19.txt",
      "title": "FACEBOOK_125_19",
      "mediatype": "SNS",
      "medianame": "페이스북",
      "category": "일상대화",
      "date": "2021-11-05",
      "size": 444,
      "annotations": {
        "subject": "방송/연예",
        "speaker_type": "1:1",
        "size": 444,
        "word_size": 147,
        "text": "1 : 요즘 연예인 중에 인기 많은 사람이 누굴까~\n2 : 요즘 김선호가 제일 핫 하잖아\n1 : 아 김선호 갯마을 차차차인가 이 드라마 주인공? 하하\n2 : 사건 사고 많은 사람으로 지금 핫 해!\n1 : 키키 사건 사고 많은 건 안 좋은 거 아니야?\n2 : 웅 갯마을 차차차 진짜 멋있게 봤었는데 키키\n1 : 거기 신민아도 나오잖아 존예던데...\n2 : 웅 맞아 신민아 진짜 보조개 와\n1 : 여자가 봐도 진짜 이쁘긴 하더라 키키\n2 : 나는 보조개 있는 사람 너무 좋더라 ...\n1 : 그거 난데 안 그래? 하하\n2 : 송혜교도 드라마 찍던데\n2 : 응? 갑자기?\n1 : 미안 장난이야 키키\n1 : 송혜교는 태양의 후예 때가 리즈 시절이지\n2 : 진짜 나 지금 안 좋은 소리 할라다가 참았어 알지?\n1 : 에이 그러지마~\n1 : 신민아보단 아니지만 있긴 있어...\n2 : 태양의 후예 진짜 너무 재밌지 나 송중기 키키 알지?",
        "lines": [
          {
            "id": 1,
            "text": "1 : 요즘 연예인 중에 인기 많은 사람이 누굴까~",
            "norm_text": "요즘 연예인 중에 인기 많은 사람이 누굴까~",
            "speaker": {
              "id": "1번",
              "sex": "여성",
              "age": "20대"
            },
            "speechAct": "(지시) 질문하기",
            "morpheme": "요즘/NNG+연예인/NNG+중/NNB+에/JKB+인기/NNG+많/VA+은/ETM+사람/NNG+이/JKS+누굴까/NP+VCP+EC+~/SY"
          },
          {
            "id": 2,
            "text": "2 : 요즘 김선호가 제일 핫 하잖아",
            "norm_text": "요즘 김선호가 제일 핫 하잖아",
            "speaker": {
              "id": "2번",
              "sex": "남성",
              "age": "20대"
            },
            "speechAct": "(단언) 주장하기",
            "morpheme": "요즘/MAG+김선호/NNP+가/JKS+제일/MAG+핫/NNG+하/XSV+잖아/EC"
          },
          {
            "id": 3,
            "text": "1 : 아 김선호 갯마을 차차차인가 이 드라마 주인공? 하하",
            "norm_text": "아 김선호 갯마을 차차차인가 이 드라마 주인공? 하하",
            "speaker": {
              "id": "1번",
              "sex": "여성",
              "age": "20대"
            },
            "speechAct": "(단언) 주장하기",
            "morpheme": "아김선호갯마을차차차인가이드라마주인공/UNKNOWN+하하/MAG"
          },
          {
            "id": 4,
            "text": "2 : 사건 사고 많은 사람으로 지금 핫 해!",
            "norm_text": "사건 사고 많은 사람으로 지금 핫 해!",
            "speaker": {
              "id": "2번",
              "sex": "남성",
              "age": "20대"
            },
            "speechAct": "(단언) 주장하기",
            "morpheme": "사건/NNG+사고/NNG+많/VA+은/ETM+사람/NNG+으로/JKB+지금/MAG+핫/NNG+해/XSV+EF"
          },
          {
            "id": 5,
            "text": "1 : 키키 사건 사고 많은 건 안 좋은 거 아니야?",
            "norm_text": "키키 사건 사고 많은 건 안 좋은 거 아니야?",
            "speaker": {
              "id": "1번",
              "sex": "여성",
              "age": "20대"
            },
            "speechAct": "(지시) 질문하기",
            "morpheme": "키/NNG+키/NNG+사건/NNG+사고/NNG+많/VA+은/ETM+건/NNB+JX+안/MAG+좋/VA+은/ETM+거/NNB+아니/VCN+야/EF"
          },
          {
            "id": 6,
            "text": "2 : 웅 갯마을 차차차 진짜 멋있게 봤었는데 키키",
            "norm_text": "웅 갯마을 차차차 진짜 멋있게 봤었는데 키키",
            "speaker": {
              "id": "2번",
              "sex": "남성",
              "age": "20대"
            },
            "speechAct": "(단언) 주장하기",
            "morpheme": "웅/IC+갯마을/NNG+차차차/MAG+진짜/MAG+멋있/VA+게/EC+봤었/VX+EP+는데/EC+키/NNG+키/XSV+ETN"
          },
          {
            "id": 7,
            "text": "1 : 거기 신민아도 나오잖아 존예던데...",
            "norm_text": "거기 신민아도 나오잖아 존예던데...",
            "speaker": {
              "id": "1번",
              "sex": "여성",
              "age": "20대"
            },
            "speechAct": "(단언) 주장하기",
            "morpheme": "거기/NP+신민아/NNP+도/JX+나오/VV+잖아/EC+존/NNP+예/NNG+던데/VCP+EF+./SY"
          },
          {
            "id": 8,
            "text": "2 : 웅 맞아 신민아 진짜 보조개 와",
            "norm_text": "웅 맞아 신민아 진짜 보조개 와",
            "speaker": {
              "id": "2번",
              "sex": "남성",
              "age": "20대"
            },
            "speechAct": "(단언) 주장하기",
            "morpheme": "웅/MAG+맞/VV+아/EC+신민아/NNP+진짜/MAG+보조개/NNG+와/JC"
          },
          {
            "id": 9,
            "text": "1 : 여자가 봐도 진짜 이쁘긴 하더라 키키",
            "norm_text": "여자가 봐도 진짜 이쁘긴 하더라 키키",
            "speaker": {
              "id": "1번",
              "sex": "여성",
              "age": "20대"
            },
            "speechAct": "(단언) 주장하기",
            "morpheme": "여자/NNG+가/JKS+봐도/VV+EC+진짜/MAG+이쁘/VA+긴/ETN+JX+하/VX+더라/EC+키/NNG+키/XSV+ETN"
          },
          {
            "id": 10,
            "text": "2 : 나는 보조개 있는 사람 너무 좋더라 ...",
            "norm_text": "나는 보조개 있는 사람 너무 좋더라 ...",
            "speaker": {
              "id": "2번",
              "sex": "남성",
              "age": "20대"
            },
            "speechAct": "(단언) 주장하기",
            "morpheme": "나/NP+는/JX+보조개/NNG+있/VA+는/ETM+사람/NNG+너무/MAG+좋/VA+더라/EF+./SY"
          },
          {
            "id": 11,
            "text": "1 : 그거 난데 안 그래? 하하",
            "norm_text": "그거 난데 안 그래? 하하",
            "speaker": {
              "id": "1번",
              "sex": "여성",
              "age": "20대"
            },
            "speechAct": "(지시) 질문하기",
            "morpheme": "그거/NP+난데/NP+VCP+EC+안/MAG+그래/VV+EF+하하/MAG"
          },
          {
            "id": 12,
            "text": "2 : 송혜교도 드라마 찍던데",
            "norm_text": "송혜교도 드라마 찍던데",
            "speaker": {
              "id": "2번",
              "sex": "남성",
              "age": "20대"
            },
            "speechAct": "(단언) 주장하기",
            "morpheme": "송혜교/NNP+도/JX+드라마/NNG+찍/VV+던데/EC"
          },
          {
            "id": 13,
            "text": "2 : 응? 갑자기?",
            "norm_text": "응? 갑자기?",
            "speaker": {
              "id": "2번",
              "sex": "남성",
              "age": "20대"
            },
            "speechAct": "(지시) 질문하기",
            "morpheme": "응/IC+갑자기/MAG"
          },
          {
            "id": 14,
            "text": "1 : 미안 장난이야 키키",
            "norm_text": "미안 장난이야 키키",
            "speaker": {
              "id": "1번",
              "sex": "여성",
              "age": "20대"
            },
            "speechAct": "(단언) 주장하기",
            "morpheme": "미안/NNG+장난/NNG+이/VCP+야/EC+키/NNG+키/XSV+ETN"
          },
          {
            "id": 15,
            "text": "1 : 송혜교는 태양의 후예 때가 리즈 시절이지",
            "norm_text": "송혜교는 태양의 후예 때가 리즈 시절이지",
            "speaker": {
              "id": "1번",
              "sex": "여성",
              "age": "20대"
            },
            "speechAct": "(단언) 주장하기",
            "morpheme": "송혜교/NNP+는/JX+태양/NNG+의/JKG+후예/NNG+때/NNG+가/JKS+리즈/NNP+시절/NNG+이/VCP+지/EC"
          },
          {
            "id": 16,
            "text": "2 : 진짜 나 지금 안 좋은 소리 할라다가 참았어 알지?",
            "norm_text": "진짜 나 지금 안 좋은 소리 할라다가 참았어 알지?",
            "speaker": {
              "id": "2번",
              "sex": "남성",
              "age": "20대"
            },
            "speechAct": "(지시) 질문하기",
            "morpheme": "진짜/MAG+나/NP+지금/MAG+안/MAG+좋/VA+은/ETM+소리/NNG+할/XSV+ETM+라다/NNG+가/JKS+참/VV+았/EP+어/EC+알/VV+지/EF"
          },
          {
            "id": 17,
            "text": "1 : 에이 그러지마~",
            "norm_text": "에이 그러지마~",
            "speaker": {
              "id": "1번",
              "sex": "여성",
              "age": "20대"
            },
            "speechAct": "(단언) 주장하기",
            "morpheme": "에이/NNG+그러/VV+지/EC+마/VX+EC+~/SY"
          },
          {
            "id": 18,
            "text": "1 : 신민아보단 아니지만 있긴 있어...",
            "norm_text": "신민아보단 아니지만 있긴 있어...",
            "speaker": {
              "id": "1번",
              "sex": "여성",
              "age": "20대"
            },
            "speechAct": "(단언) 주장하기",
            "morpheme": "신민아/NNP+보단/JKB+JX+아니/VCN+지만/EC+있/VX+긴/ETN+JX+있/VX+어/EF+./SY"
          },
          {
            "id": 19,
            "text": "2 : 태양의 후예 진짜 너무 재밌지 나 송중기 키키 알지?",
            "norm_text": "태양의 후예 진짜 너무 재밌지 나 송중기 키키 알지?",
            "speaker": {
              "id": "2번",
              "sex": "남성",
              "age": "20대"
            },
            "speechAct": "(지시) 질문하기",
            "morpheme": "태양/NNG+의/JKG+후예/NNG+진짜/MAG+너무/MAG+재밌/VA+지나/EC+송중기/NNP+키/NNG+키/XSV+ETN+알/VV+지/EF"
          }
        ]
      }
    }
  ]
}