{
  "dataset": {
    "identifier": 118282,
    "name": "FACEBOOK_119_11_set",
    "src_path": "/data/file/cubeManager/PROJECT001/80/txt20211102103850077969/FACEBOOK_119_11_set/",
    "label_path": "/data/file/cubeManager/PROJECT001/80/txt20211102103850077969/FACEBOOK_119_11_set/",
    "category": 2,
    "type": 0
  },
  "licenses": {
    "name": "Apache License 1.0",
    "url": "http://www.apache.org/licenses/LICENSE-1.0"
  },
  "info": [
    {
      "id": 129774,
      "filename": "FACEBOOK_119_11.txt",
      "title": "FACEBOOK_119_11",
      "mediatype": "SNS",
      "medianame": "페이스북",
      "category": "일상대화",
      "date": "2021-11-02",
      "size": 421,
      "annotations": {
        "subject": "게임",
        "speaker_type": "1:1",
        "size": 421,
        "word_size": 140,
        "text": "1 : 언니 한게임 플레쉬라고 알고 있어?\n2 : 예전에 우리가 했었던 한게임?\n1 : 맞아 키키 거기에 고군분투라는 게임 알아?\n2 : 아니 나 그거는 처음 들어보는데?\n1 : 그거 고양이 닌자가 표창 던지는 거 기억 안 나?\n2 : 어 나 그 게임은 안 했던 거 같아 키키\n1 : 키키 오랜만에 유튜브 보는데 이거를 하는 거야!\n2 : 아 그래서 너 지금 게임 켰어?\n1 : 그래서 해 봤지 키키\n1 : 그게 7단계까지 있거든!\n2 : 아 뭐야 별로 없네?\n1 : 와 근데 별로 없다고 생각하는데 7단계까지 못 가!\n2 : 넌 그거 몇 단계까지 했는데?\n1 : 나 5단계가 그때 마지막이었는데 이제는 3단계도 못 감 ㅜ\n2 : 나이와 같이 실력도 늙어 버렸구나 키키\n1 : 맞아 ㅜㅜ 순발력이 진짜 10대 때랑은 다른 거 같아!\n2 : 나도 게임 하려면 손가락이 안 움직여 하하",
        "lines": [
          {
            "id": 1,
            "text": "1 : 언니 한게임 플레쉬라고 알고 있어?",
            "norm_text": "언니 한게임 플레쉬라고 알고 있어?",
            "speaker": {
              "id": "1번",
              "sex": "여성",
              "age": "20대"
            },
            "speechAct": "(지시) 질문하기",
            "morpheme": "언니/NNG+한/XSA+ETM+게임/NNG+플레/NNP+쉬/VV+라고/EC+알/VV+고/EC+있/VX+어/EF"
          },
          {
            "id": 2,
            "text": "2 : 예전에 우리가 했었던 한게임?",
            "norm_text": "예전에 우리가 했었던 한게임?",
            "speaker": {
              "id": "2번",
              "sex": "여성",
              "age": "20대"
            },
            "speechAct": "(지시) 질문하기",
            "morpheme": "예전/NNG+에/JKB+우리/NP+가/JKS+했었/VV+EP+던/ETM+한/MM+게임/NNG"
          },
          {
            "id": 3,
            "text": "1 : 맞아 키키 거기에 고군분투라는 게임 알아?",
            "norm_text": "맞아 키키 거기에 고군분투라는 게임 알아?",
            "speaker": {
              "id": "1번",
              "sex": "여성",
              "age": "20대"
            },
            "speechAct": "(지시) 질문하기",
            "morpheme": "맞/VV+아/EC+키/NNG+키/XSV+ETN+거기/NP+에/JKB+고군분투/NNG+라는/VCP+ETM+게임/NNG+알/VV+아/EF"
          },
          {
            "id": 4,
            "text": "2 : 아니 나 그거는 처음 들어보는데?",
            "norm_text": "아니 나 그거는 처음 들어보는데?",
            "speaker": {
              "id": "2번",
              "sex": "여성",
              "age": "20대"
            },
            "speechAct": "(단언) 주장하기",
            "morpheme": "아니/IC+나/NP+그거/NP+는/JX+처음/MAG+들/VV+어/EC+보/VX+는데/EC"
          },
          {
            "id": 5,
            "text": "1 : 그거 고양이 닌자가 표창 던지는 거 기억 안 나?",
            "norm_text": "그거 고양이 닌자가 표창 던지는 거 기억 안 나?",
            "speaker": {
              "id": "1번",
              "sex": "여성",
              "age": "20대"
            },
            "speechAct": "(지시) 질문하기",
            "morpheme": "그거/NP+고양이/NNG+닌자/NNP+가/JKS+표창/NNG+던지/VV+는/ETM+거/NNB+기억/NNG+안/MAG+나/VV+EF"
          },
          {
            "id": 6,
            "text": "2 : 어 나 그 게임은 안 했던 거 같아 키키",
            "norm_text": "어 나 그 게임은 안 했던 거 같아 키키",
            "speaker": {
              "id": "2번",
              "sex": "여성",
              "age": "20대"
            },
            "speechAct": "(단언) 진술하기",
            "morpheme": "어/IC+나/NP+그/MM+게임/NNG+은/JX+안/MAG+했/VV+EP+던/ETM+거/NNB+같/VA+아/EC+키/NNG+키/XSV+ETN"
          },
          {
            "id": 7,
            "text": "1 : 키키 오랜만에 유튜브 보는데 이거를 하는 거야!",
            "norm_text": "키키 오랜만에 유튜브 보는데 이거를 하는 거야!",
            "speaker": {
              "id": "1번",
              "sex": "여성",
              "age": "20대"
            },
            "speechAct": "(단언) 진술하기",
            "morpheme": "키/NNG+키/NNG+오랜만/NNG+에/JKB+유튜브/NNP+보/VV+는데/EC+이거/NP+를/JKO+하/VV+는/ETM+거/NNB+야/VCP+EF"
          },
          {
            "id": 8,
            "text": "2 : 아 그래서 너 지금 게임 켰어?",
            "norm_text": "아 그래서 너 지금 게임 켰어?",
            "speaker": {
              "id": "2번",
              "sex": "여성",
              "age": "20대"
            },
            "speechAct": "(지시) 질문하기",
            "morpheme": "아/IC+그래서/MAJ+너/NP+지금/MAG+게임/NNG+켰/VV+EP+어/EF"
          },
          {
            "id": 9,
            "text": "1 : 그래서 해 봤지 키키",
            "norm_text": "그래서 해 봤지 키키",
            "speaker": {
              "id": "1번",
              "sex": "여성",
              "age": "20대"
            },
            "speechAct": "(단언) 진술하기",
            "morpheme": "그래서/MAJ+해/VV+EC+봤/VX+EP+지/EC+키/NNG+키/XSV+ETN"
          },
          {
            "id": 10,
            "text": "1 : 그게 7단계까지 있거든!",
            "norm_text": "그게 7단계까지 있거든!",
            "speaker": {
              "id": "1번",
              "sex": "여성",
              "age": "20대"
            },
            "speechAct": "(단언) 진술하기",
            "morpheme": "그게/NP+JKS+7/SN+단계/NNG+까지/JX+있/VV+거든/EF"
          },
          {
            "id": 11,
            "text": "2 : 아 뭐야 별로 없네?",
            "norm_text": "아 뭐야 별로 없네?",
            "speaker": {
              "id": "2번",
              "sex": "여성",
              "age": "20대"
            },
            "speechAct": "(단언) 주장하기",
            "morpheme": "아/IC+뭐/NP+야/JX+별로/MAG+없/VA+네/EF"
          },
          {
            "id": 12,
            "text": "1 : 와 근데 별로 없다고 생각하는데 7단계까지 못 가!",
            "norm_text": "와 근데 별로 없다고 생각하는데 7단계까지 못 가!",
            "speaker": {
              "id": "1번",
              "sex": "여성",
              "age": "20대"
            },
            "speechAct": "(단언) 주장하기",
            "morpheme": "와/IC+근데/MAJ+별로/MAG+없/VA+다고/EC+생각/NNG+하/XSV+는/ETM+데/NNB+7/SN+단계/NNG+까지/JX+못/MAG+가/VV+EF"
          },
          {
            "id": 13,
            "text": "2 : 넌 그거 몇 단계까지 했는데?",
            "norm_text": "넌 그거 몇 단계까지 했는데?",
            "speaker": {
              "id": "2번",
              "sex": "여성",
              "age": "20대"
            },
            "speechAct": "(지시) 질문하기",
            "morpheme": "넌/NP+JX+그거/NP+몇/MM+단계/NNG+까지/JX+했/VV+EP+는데/EF"
          },
          {
            "id": 14,
            "text": "1 : 나 5단계가 그때 마지막이었는데 이제는 3단계도 못 감 ㅜ",
            "norm_text": "나 5단계가 그때 마지막이었는데 이제는 3단계도 못 감 ㅜ",
            "speaker": {
              "id": "1번",
              "sex": "여성",
              "age": "20대"
            },
            "speechAct": "(단언) 진술하기",
            "morpheme": "나/NP+5/SN+단계/NNG+가/JKS+그때/NNG+마지막/NNG+이/VCP+었/EP+는데/EC+이제/NNG+는/JX+3/SN+단계도못감ㅜ/UNKNOWN"
          },
          {
            "id": 15,
            "text": "2 : 나이와 같이 실력도 늙어 버렸구나 키키",
            "norm_text": "나이와 같이 실력도 늙어 버렸구나 키키",
            "speaker": {
              "id": "2번",
              "sex": "여성",
              "age": "20대"
            },
            "speechAct": "(단언) 주장하기",
            "morpheme": "나이/NNG+와/JKB+같이/MAG+실력/NNG+도/JX+늙/VV+어/EC+버렸/VX+EP+구나/EF+키/NNG+키/XSV+ETN"
          },
          {
            "id": 16,
            "text": "1 : 맞아 ㅜㅜ 순발력이 진짜 10대 때랑은 다른 거 같아!",
            "norm_text": "맞아 ㅜㅜ 순발력이 진짜 10대 때랑은 다른 거 같아!",
            "speaker": {
              "id": "1번",
              "sex": "여성",
              "age": "20대"
            },
            "speechAct": "(단언) 주장하기",
            "morpheme": "맞아ㅜㅜ순발력이진짜/UNKNOWN+10/SN+대/NNBC+때/NNG+랑/JKB+은/JX+다른/VA+ETM+거/NNB+같/VA+아/EF"
          },
          {
            "id": 17,
            "text": "2 : 나도 게임 하려면 손가락이 안 움직여 하하",
            "norm_text": "나도 게임 하려면 손가락이 안 움직여 하하",
            "speaker": {
              "id": "2번",
              "sex": "여성",
              "age": "20대"
            },
            "speechAct": "(단언) 주장하기",
            "morpheme": "나/NP+도/JX+게임/NNG+하/XSV+려면/EC+손가락/NNG+이/JKS+안/MAG+움직여/VV+EC+하하/MAG"
          }
        ]
      }
    }
  ]
}