{
  "dataset": {
    "identifier": 126952,
    "name": "FACEBOOK_122_18_set",
    "src_path": "/data/file/cubeManager/PROJECT001/84/txt20211104181832012895/FACEBOOK_122_18_set/",
    "label_path": "/data/file/cubeManager/PROJECT001/84/txt20211104181832012895/FACEBOOK_122_18_set/",
    "category": 2,
    "type": 0
  },
  "licenses": {
    "name": "Apache License 1.0",
    "url": "http://www.apache.org/licenses/LICENSE-1.0"
  },
  "info": [
    {
      "id": 137586,
      "filename": "FACEBOOK_122_18.txt",
      "title": "FACEBOOK_122_18",
      "mediatype": "SNS",
      "medianame": "페이스북",
      "category": "일상대화",
      "date": "2021-11-04",
      "size": 387,
      "annotations": {
        "subject": "상거래 전반",
        "speaker_type": "1:1",
        "size": 387,
        "word_size": 139,
        "text": "1 : 요즘 물가 엄청 오른 거 알아?\n2 : 뭐 어떤 거 올랐는데 나 잘 몰라\n1 : 마트 가도 진짜 살 거 없는데 돈 5만 원 순삭\n2 : 아 요즘에 비싸 그치\n1 : 생활용품이 많이 오른 것 같더라\n2 : 웅 맞아 그래서 나도 잘 안 사\n1 : 대형마트도 이제 비싸고 어디 가서 사야지 ㅠㅠ\n2 : 쿠팡 이런 곳에서 사봐 좀 저렴해\n1 : 난 혼자 자취하니깐 돈이 많이 들더라고 키키\n2 : 진짜 나도 지마켓 이런 곳에서 사\n1 : 쿠팡은 완전 대용량 아니야? 키키\n2 : 혼자 자취하면 진짜 돈 너무 들어\n1 : 그러게 키키 식비 생필품 비 키키 장난 아니야\n2 : 나는 그래서 집에서 가져와 생필품 키키\n1 : 아 그러는 게 좋겠어 키키 명절에 한번씩\n2 : 잘 안 살라고 해 돈 아까워서 엄마한테 다 받아 와",
        "lines": [
          {
            "id": 1,
            "text": "1 : 요즘 물가 엄청 오른 거 알아?",
            "norm_text": "요즘 물가 엄청 오른 거 알아?",
            "speaker": {
              "id": "1번",
              "sex": "여성",
              "age": "20대"
            },
            "speechAct": "(지시) 질문하기",
            "morpheme": "요즘/NNG+물가/NNG+엄청/MAG+오른/VV+ETM+거/NNB+알/VV+아/EF"
          },
          {
            "id": 2,
            "text": "2 : 뭐 어떤 거 올랐는데 나 잘 몰라",
            "norm_text": "뭐 어떤 거 올랐는데 나 잘 몰라",
            "speaker": {
              "id": "2번",
              "sex": "남성",
              "age": "20대"
            },
            "speechAct": "(단언) 주장하기",
            "morpheme": "뭐/IC+어떤/MM+거/NNB+올랐/VV+EP+는데/EC+나/NP+잘/MAG+몰라/VV+EC"
          },
          {
            "id": 3,
            "text": "1 : 마트 가도 진짜 살 거 없는데 돈 5만 원 순삭",
            "norm_text": "마트 가도 진짜 살 거 없는데 돈 5만 원 순삭",
            "speaker": {
              "id": "1번",
              "sex": "여성",
              "age": "20대"
            },
            "speechAct": "(단언) 주장하기",
            "morpheme": "마트/NNG+가/XSN+도/JX+진짜/MAG+살/VV+ETM+거/NNB+없/VA+는데/EC+돈/NNG+5/SN+만/NR+원/NNBC+순삭/NNG"
          },
          {
            "id": 4,
            "text": "2 : 아 요즘에 비싸 그치",
            "norm_text": "아 요즘에 비싸 그치",
            "speaker": {
              "id": "2번",
              "sex": "남성",
              "age": "20대"
            },
            "speechAct": "(단언) 주장하기",
            "morpheme": "아/IC+요즘/NNG+에/JKB+비싸/VA+EF+그치/IC"
          },
          {
            "id": 5,
            "text": "1 : 생활용품이 많이 오른 것 같더라",
            "norm_text": "생활용품이 많이 오른 것 같더라",
            "speaker": {
              "id": "1번",
              "sex": "여성",
              "age": "20대"
            },
            "speechAct": "(단언) 주장하기",
            "morpheme": "생활/NNG+용품/NNG+이/JKS+많이/MAG+오른/VV+ETM+것/NNB+같/VA+더라/EC"
          },
          {
            "id": 6,
            "text": "2 : 웅 맞아 그래서 나도 잘 안 사",
            "norm_text": "웅 맞아 그래서 나도 잘 안 사",
            "speaker": {
              "id": "2번",
              "sex": "남성",
              "age": "20대"
            },
            "speechAct": "(단언) 주장하기",
            "morpheme": "웅/IC+맞아/IC+그래서/MAJ+나/NP+도/JX+잘/MAG+안/MAG+사/VV+EC"
          },
          {
            "id": 7,
            "text": "1 : 대형마트도 이제 비싸고 어디 가서 사야지 ㅠㅠ",
            "norm_text": "대형마트도 이제 비싸고 어디 가서 사야지 ㅠㅠ",
            "speaker": {
              "id": "1번",
              "sex": "여성",
              "age": "20대"
            },
            "speechAct": "(단언) 주장하기",
            "morpheme": "대형/NNG+마트/NNG+도/JX+이제/MAG+비싸/VA+고/EC+어디/NP+가/JKS+서사/NNG+야지/NNG+ㅠㅠ/UNKNOWN"
          },
          {
            "id": 8,
            "text": "2 : 쿠팡 이런 곳에서 사봐 좀 저렴해",
            "norm_text": "쿠팡 이런 곳에서 사봐 좀 저렴해",
            "speaker": {
              "id": "2번",
              "sex": "남성",
              "age": "20대"
            },
            "speechAct": "(단언) 주장하기",
            "morpheme": "쿠팡/NNP+이런/MM+곳/NNG+에서/JKB+사/VV+EC+봐/VX+EF+좀/MAG+저렴/XR+해/XSA+EC"
          },
          {
            "id": 9,
            "text": "1 : 난 혼자 자취하니깐 돈이 많이 들더라고 키키",
            "norm_text": "난 혼자 자취하니깐 돈이 많이 들더라고 키키",
            "speaker": {
              "id": "1번",
              "sex": "여성",
              "age": "20대"
            },
            "speechAct": "(단언) 주장하기",
            "morpheme": "난/NP+JX+혼자/MAG+자취/NNG+하/XSV+니깐/EC+돈/NNG+이/JKS+많이/MAG+들/VV+더라고/EC+키/NNG+키/XSV+ETN"
          },
          {
            "id": 10,
            "text": "2 : 진짜 나도 지마켓 이런 곳에서 사",
            "norm_text": "진짜 나도 지마켓 이런 곳에서 사",
            "speaker": {
              "id": "2번",
              "sex": "남성",
              "age": "20대"
            },
            "speechAct": "(단언) 주장하기",
            "morpheme": "진짜/NNG+나/JC+도지마/NNP+켓/NNP+이런/MM+곳/NNG+에서/JKB+사/VV+EC"
          },
          {
            "id": 11,
            "text": "1 : 쿠팡은 완전 대용량 아니야? 키키",
            "norm_text": "쿠팡은 완전 대용량 아니야? 키키",
            "speaker": {
              "id": "1번",
              "sex": "여성",
              "age": "20대"
            },
            "speechAct": "(지시) 질문하기",
            "morpheme": "쿠팡/NNP+은/JX+완전/NNG+대용량/NNG+아니/VCN+야/EF+키/NNG+키/XSV+ETN"
          },
          {
            "id": 12,
            "text": "2 : 혼자 자취하면 진짜 돈 너무 들어",
            "norm_text": "혼자 자취하면 진짜 돈 너무 들어",
            "speaker": {
              "id": "2번",
              "sex": "남성",
              "age": "20대"
            },
            "speechAct": "(단언) 주장하기",
            "morpheme": "혼자/NNG+자취/NNG+하/XSV+면/EC+진짜/MAG+돈/NNG+너무/MAG+들/VV+어/EC"
          },
          {
            "id": 13,
            "text": "1 : 그러게 키키 식비 생필품 비 키키 장난 아니야",
            "norm_text": "그러게 키키 식비 생필품 비 키키 장난 아니야",
            "speaker": {
              "id": "1번",
              "sex": "여성",
              "age": "20대"
            },
            "speechAct": "(단언) 주장하기",
            "morpheme": "그러/VV+게/EC+키/NNG+키/NNG+식비/NNG+생필품/NNG+비/XPN+키/NNG+키/NNG+장난/NNG+아니/VCN+야/EC"
          },
          {
            "id": 14,
            "text": "2 : 나는 그래서 집에서 가져와 생필품 키키",
            "norm_text": "나는 그래서 집에서 가져와 생필품 키키",
            "speaker": {
              "id": "2번",
              "sex": "남성",
              "age": "20대"
            },
            "speechAct": "(단언) 주장하기",
            "morpheme": "나/NP+는/JX+그래서/MAJ+집/NNG+에서/JKB+가져와/VV+EC+생필품/NNG+키/NNG+키/XSV+ETN"
          },
          {
            "id": 15,
            "text": "1 : 아 그러는 게 좋겠어 키키 명절에 한번씩",
            "norm_text": "아 그러는 게 좋겠어 키키 명절에 한번씩",
            "speaker": {
              "id": "1번",
              "sex": "여성",
              "age": "20대"
            },
            "speechAct": "(단언) 주장하기",
            "morpheme": "아/IC+그러/VV+는/ETM+게/NNB+JKS+좋/VA+겠/EP+어/EC+키/NNG+키/NNG+명절/NNG+에/JKB+한/MM+번/NNBC+씩/XSN"
          },
          {
            "id": 16,
            "text": "2 : 잘 안 살라고 해 돈 아까워서 엄마한테 다 받아 와",
            "norm_text": "잘 안 살라고 해 돈 아까워서 엄마한테 다 받아 와",
            "speaker": {
              "id": "2번",
              "sex": "남성",
              "age": "20대"
            },
            "speechAct": "(단언) 주장하기",
            "morpheme": "잘/MAG+안/MAG+살/VV+라고/EC+해돈/NNG+아까워서/VA+EC+엄마/NNG+한테/JKB+다/MAG+받/VV+아/EC+와/VV+EC"
          }
        ]
      }
    }
  ]
}