{
  "dataset": {
    "identifier": 125278,
    "name": "FACEBOOK_124_14_set",
    "src_path": "/data/file/cubeManager/PROJECT001/84/txt20211105143621029255/FACEBOOK_124_14_set/",
    "label_path": "/data/file/cubeManager/PROJECT001/84/txt20211105143621029255/FACEBOOK_124_14_set/",
    "category": 2,
    "type": 0
  },
  "licenses": {
    "name": "Apache License 1.0",
    "url": "http://www.apache.org/licenses/LICENSE-1.0"
  },
  "info": [
    {
      "id": 140150,
      "filename": "FACEBOOK_124_14.txt",
      "title": "FACEBOOK_124_14",
      "mediatype": "SNS",
      "medianame": "페이스북",
      "category": "일상대화",
      "date": "2021-11-05",
      "size": 458,
      "annotations": {
        "subject": "사회이슈",
        "speaker_type": "1:1",
        "size": 458,
        "word_size": 148,
        "text": "1 : 요즘 전기차 충전 카드 도용하는 사람이 있나 봐\n2 : 아 정말 나는 잘 몰랐는데\n1 : 조금 전에 뉴스에 기사로 나왔어!\n2 : 아 그런 것도 다 도용하는 사람이 있구나 처음 알았어\n1 : 그니까 ㅠㅠ 잡혀서 다행이지 괜히 피해 본 사람이 나왔네\n2 : 진짜 나도 뉴스로 한번 봐야겠네 키키\n1 : 얼른 봐! 전기차 충전 번호만 알면 도용 가능하다더라\n2 : 진짜 잡혀서 다행이다\n2 : 안 그랬음 또 그러고 있을 거 아니야 키키\n1 : 그치! 안 잡혔으면 사건이 더 커지지 않았을까?~\n2 : 아 진짜 전기차 충전 번호 조심해야겠네 키키\n1 : 전기차 안 타서 다행이지...\n1 : 카드 번호도 조심해야 해\n2 : 그치 이곳 저곳 돌아다니면서 계속 했겠지\n1 : 맞아 키키 그래도 더 커지기 전에 잡아서 다행이다\n2 : 진짜 조심해야겠다 세상 무섭네\n1 : 세상 무서워 우리가 생각하는 것보다...\n2 : 더 커지기 전에 방법을 찾아야 해",
        "lines": [
          {
            "id": 1,
            "text": "1 : 요즘 전기차 충전 카드 도용하는 사람이 있나 봐",
            "norm_text": "요즘 전기차 충전 카드 도용하는 사람이 있나 봐",
            "speaker": {
              "id": "1번",
              "sex": "여성",
              "age": "20대"
            },
            "speechAct": "(단언) 주장하기",
            "morpheme": "요즘/MAG+전기차/NNP+충전/NNG+카드/NNG+도용/NNG+하/XSV+는/ETM+사람/NNG+이/JKS+있/VV+나/EC+봐/VX+EC"
          },
          {
            "id": 2,
            "text": "2 : 아 정말 나는 잘 몰랐는데",
            "norm_text": "아 정말 나는 잘 몰랐는데",
            "speaker": {
              "id": "2번",
              "sex": "남성",
              "age": "20대"
            },
            "speechAct": "(단언) 주장하기",
            "morpheme": "아/IC+정말/MAG+나/NP+는/JX+잘/MAG+몰랐/VV+EP+는데/EC"
          },
          {
            "id": 3,
            "text": "1 : 조금 전에 뉴스에 기사로 나왔어!",
            "norm_text": "조금 전에 뉴스에 기사로 나왔어!",
            "speaker": {
              "id": "1번",
              "sex": "여성",
              "age": "20대"
            },
            "speechAct": "(단언) 주장하기",
            "morpheme": "조금/MAG+전/NNG+에/JKB+뉴스/NNG+에/JKB+기사/NNG+로/JKB+나왔/VV+EP+어/EF"
          },
          {
            "id": 4,
            "text": "2 : 아 그런 것도 다 도용하는 사람이 있구나 처음 알았어",
            "norm_text": "아 그런 것도 다 도용하는 사람이 있구나 처음 알았어",
            "speaker": {
              "id": "2번",
              "sex": "남성",
              "age": "20대"
            },
            "speechAct": "(단언) 주장하기",
            "morpheme": "아/IC+그런/MM+것/NNB+도/JX+다/MAG+도용/NNG+하/XSV+는/ETM+사람/NNG+이/JKS+있/VA+구나/EF+처음/MAG+알/VV+았/EP+어/EC"
          },
          {
            "id": 5,
            "text": "1 : 그니까 ㅠㅠ 잡혀서 다행이지 괜히 피해 본 사람이 나왔네",
            "norm_text": "그니까 ㅠㅠ 잡혀서 다행이지 괜히 피해 본 사람이 나왔네",
            "speaker": {
              "id": "1번",
              "sex": "여성",
              "age": "20대"
            },
            "speechAct": "(단언) 주장하기",
            "morpheme": "그니까/MAJ+ㅠㅠ/UNKNOWN+잡혀서/VV+EC+다행/NNG+이/VCP+지/EC+괜히/MAG+피해/VV+EC+본/VX+ETM+사람/NNG+이/JKS+나왔/VV+EP+네/EF"
          },
          {
            "id": 6,
            "text": "2 : 진짜 나도 뉴스로 한번 봐야겠네 키키",
            "norm_text": "진짜 나도 뉴스로 한번 봐야겠네 키키",
            "speaker": {
              "id": "2번",
              "sex": "남성",
              "age": "20대"
            },
            "speechAct": "(단언) 주장하기",
            "morpheme": "진짜/MAG+나/NP+도/JX+뉴스/NNG+로/JKB+한번/MAG+봐야/VV+EC+VX+겠/EP+네/EF+키/NNG+키/XSV+ETN"
          },
          {
            "id": 7,
            "text": "1 : 얼른 봐! 전기차 충전 번호만 알면 도용 가능하다더라",
            "norm_text": "얼른 봐! 전기차 충전 번호만 알면 도용 가능하다더라",
            "speaker": {
              "id": "1번",
              "sex": "여성",
              "age": "20대"
            },
            "speechAct": "(단언) 주장하기",
            "morpheme": "얼른/MAG+봐/VV+EF+전기차충전번호만알면도용가능하다더라/UNKNOWN"
          },
          {
            "id": 8,
            "text": "2 : 진짜 잡혀서 다행이다",
            "norm_text": "진짜 잡혀서 다행이다",
            "speaker": {
              "id": "2번",
              "sex": "남성",
              "age": "20대"
            },
            "speechAct": "(단언) 주장하기",
            "morpheme": "진짜/MAG+잡혀서/VV+EC+다행/NNG+이/VCP+다/EC"
          },
          {
            "id": 9,
            "text": "2 : 안 그랬음 또 그러고 있을 거 아니야 키키",
            "norm_text": "안 그랬음 또 그러고 있을 거 아니야 키키",
            "speaker": {
              "id": "2번",
              "sex": "남성",
              "age": "20대"
            },
            "speechAct": "(단언) 주장하기",
            "morpheme": "안/MAG+그랬음/VA+EP+EC+또/MAG+그러/VV+고/EC+있/VX+을/ETM+거/NNB+아니/VCN+야/EC+키/NNG+키/XSV+ETN"
          },
          {
            "id": 10,
            "text": "1 : 그치! 안 잡혔으면 사건이 더 커지지 않았을까?~",
            "norm_text": "그치! 안 잡혔으면 사건이 더 커지지 않았을까?~",
            "speaker": {
              "id": "1번",
              "sex": "여성",
              "age": "20대"
            },
            "speechAct": "(지시) 질문하기",
            "morpheme": "그치/IC+안/MAG+잡혔/VV+EP+으면/EC+사건/NNG+이/JKS+더/MAG+커지/VV+지/EC+않/VX+았/EP+을까/EF+~/SY"
          },
          {
            "id": 11,
            "text": "2 : 아 진짜 전기차 충전 번호 조심해야겠네 키키",
            "norm_text": "아 진짜 전기차 충전 번호 조심해야겠네 키키",
            "speaker": {
              "id": "2번",
              "sex": "남성",
              "age": "20대"
            },
            "speechAct": "(단언) 주장하기",
            "morpheme": "아/IC+진짜/MAG+전기차/NNP+충전/NNG+번호/NNG+조심/NNG+해야/XSV+EC+VX+겠/EP+네/EF+키/NNG+키/XSV+ETN"
          },
          {
            "id": 12,
            "text": "1 : 전기차 안 타서 다행이지...",
            "norm_text": "전기차 안 타서 다행이지...",
            "speaker": {
              "id": "1번",
              "sex": "여성",
              "age": "20대"
            },
            "speechAct": "(단언) 주장하기",
            "morpheme": "전기차/NNP+안/MAG+타/VV+서/EC+다행/NNG+이/VCP+지/EF+./SY"
          },
          {
            "id": 13,
            "text": "1 : 카드 번호도 조심해야 해",
            "norm_text": "카드 번호도 조심해야 해",
            "speaker": {
              "id": "1번",
              "sex": "여성",
              "age": "20대"
            },
            "speechAct": "(단언) 주장하기",
            "morpheme": "카드/NNG+번호/NNG+도/JX+조심/NNG+해야/XSV+EC+해/VV+EC"
          },
          {
            "id": 14,
            "text": "2 : 그치 이곳 저곳 돌아다니면서 계속 했겠지",
            "norm_text": "그치 이곳 저곳 돌아다니면서 계속 했겠지",
            "speaker": {
              "id": "2번",
              "sex": "남성",
              "age": "20대"
            },
            "speechAct": "(단언) 주장하기",
            "morpheme": "그치/IC+이곳저곳/NNG+돌아다니/VV+면서/EC+계속/NNG+했/XSV+EP+겠/EP+지/EC"
          },
          {
            "id": 15,
            "text": "1 : 맞아 키키 그래도 더 커지기 전에 잡아서 다행이다",
            "norm_text": "맞아 키키 그래도 더 커지기 전에 잡아서 다행이다",
            "speaker": {
              "id": "1번",
              "sex": "여성",
              "age": "20대"
            },
            "speechAct": "(단언) 주장하기",
            "morpheme": "맞/VV+아/EC+키/NNG+키/XSV+ETN+그래도/MAJ+더/MAG+커지/VV+기/ETN+전/NNG+에/JKB+잡/VV+아서/EC+다행/NNG+이/VCP+다/EC"
          },
          {
            "id": 16,
            "text": "2 : 진짜 조심해야겠다 세상 무섭네",
            "norm_text": "진짜 조심해야겠다 세상 무섭네",
            "speaker": {
              "id": "2번",
              "sex": "남성",
              "age": "20대"
            },
            "speechAct": "(단언) 주장하기",
            "morpheme": "진짜/MAG+조심/NNG+해야/XSV+EC+VX+겠/EP+다/EC+세상/NNG+무섭/VA+네/EC"
          },
          {
            "id": 17,
            "text": "1 : 세상 무서워 우리가 생각하는 것보다...",
            "norm_text": "세상 무서워 우리가 생각하는 것보다...",
            "speaker": {
              "id": "1번",
              "sex": "여성",
              "age": "20대"
            },
            "speechAct": "(단언) 주장하기",
            "morpheme": "세상/NNG+무서워/VA+EC+우리/NP+가/JKS+생각/NNG+하/XSV+는/ETM+것/NNB+보다/JKB+./SY"
          },
          {
            "id": 18,
            "text": "2 : 더 커지기 전에 방법을 찾아야 해",
            "norm_text": "더 커지기 전에 방법을 찾아야 해",
            "speaker": {
              "id": "2번",
              "sex": "남성",
              "age": "20대"
            },
            "speechAct": "(단언) 주장하기",
            "morpheme": "더/MAG+커지/VV+기/ETN+전/NNG+에/JKB+방법/NNG+을/JKO+찾/VV+아야/EC+해/VV+EC"
          }
        ]
      }
    }
  ]
}