{
  "dataset": {
    "identifier": 101443,
    "name": "FACEBOOK_104_02_set",
    "src_path": "/data/file/cubeManager/PROJECT001/77/txt20211028145511012163/FACEBOOK_104_02_set/",
    "label_path": "/data/file/cubeManager/PROJECT001/77/txt20211028145511012163/FACEBOOK_104_02_set/",
    "category": 2,
    "type": 0
  },
  "licenses": {
    "name": "Apache License 1.0",
    "url": "http://www.apache.org/licenses/LICENSE-1.0"
  },
  "info": [
    {
      "id": 100487,
      "filename": "FACEBOOK_104_02.txt",
      "title": "FACEBOOK_104_02",
      "mediatype": "SNS",
      "medianame": "페이스북",
      "category": "일상대화",
      "date": "2021-10-28",
      "size": 444,
      "annotations": {
        "subject": "주거와 생활",
        "speaker_type": "1:1",
        "size": 444,
        "word_size": 154,
        "text": "1 : 너네는 빨래 어떻게 해?\n2 : 우리 빨래는 그냥 같이 돌려!\n1 : 그냥 날 잡고 같이 하는 거야?\n2 : 어어 앞에 바구니에 넣어 놓고 쌓이면 빨래해\n1 : 그러면 빨래 너는 건 누가 해?\n2 : 보고 빨래 돌린 사람이 하고 보통 같이 널어\n1 : 그렇구나 빨래 개는 것도 같이 해?\n2 : 같이 하는데 친구가 더 많이 개고 본인꺼 각자 개\n1 : 그렇구나 키키\n1 : 빨래는 일주일에 한 번 정도 같이 하는 거야?\n2 : 일주일에 두 번씩 하고 있어!\n1 : 나는 일주일에 한 번씩 하는데 왜 이렇게 힘드냐,\n2 : 키키 나도... 힘들다 특히 수건 개는 게 제일 싫어\n1 : 키키 아 맞아\n1 : 나 혼자 사는데 수건만 14개야!\n2 : 와 키키 진짜 많다 빨래도 귀찮을 듯 ㅠㅠ\n1 : 키키 근데 하루에 두개씩 스니까 금방 쓰게 되더라 ㅜ\n2 : 그러니까 ㅠㅠ\n2 : 우리도 하루에 4개씩 사용해서 금방 쓰더라",
        "lines": [
          {
            "id": 1,
            "text": "1 : 너네는 빨래 어떻게 해?",
            "norm_text": "너네는 빨래 어떻게 해?",
            "speaker": {
              "id": "1번",
              "sex": "여성",
              "age": "20대"
            },
            "speechAct": "(지시) 질문하기",
            "morpheme": "너/NP+네/XSN+는/JX+빨래/NNG+어떻게/MAG+해/VV+EF"
          },
          {
            "id": 2,
            "text": "2 : 우리 빨래는 그냥 같이 돌려!",
            "norm_text": "우리 빨래는 그냥 같이 돌려!",
            "speaker": {
              "id": "2번",
              "sex": "여성",
              "age": "20대"
            },
            "speechAct": "(단언) 주장하기",
            "morpheme": "우리/NP+빨래/NNG+는/JX+그냥/MAG+같이/MAG+돌려/VV+EF"
          },
          {
            "id": 3,
            "text": "1 : 그냥 날 잡고 같이 하는 거야?",
            "norm_text": "그냥 날 잡고 같이 하는 거야?",
            "speaker": {
              "id": "1번",
              "sex": "여성",
              "age": "20대"
            },
            "speechAct": "(지시) 질문하기",
            "morpheme": "그냥/MAG+날/NNG+잡/VV+고/EC+같이/MAG+하/VV+는/ETM+거/NNB+야/VCP+EF"
          },
          {
            "id": 4,
            "text": "2 : 어어 앞에 바구니에 넣어 놓고 쌓이면 빨래해",
            "norm_text": "어어 앞에 바구니에 넣어 놓고 쌓이면 빨래해",
            "speaker": {
              "id": "2번",
              "sex": "여성",
              "age": "20대"
            },
            "speechAct": "(단언) 주장하기",
            "morpheme": "어/IC+어/IC+앞/NNG+에/JKB+바구니/NNG+에/JKB+넣/VV+어/EC+놓/VX+고/EC+쌓이/VV+면/EC+빨래/NNG+해/XSV+EC"
          },
          {
            "id": 5,
            "text": "1 : 그러면 빨래 너는 건 누가 해?",
            "norm_text": "그러면 빨래 너는 건 누가 해?",
            "speaker": {
              "id": "1번",
              "sex": "여성",
              "age": "20대"
            },
            "speechAct": "(지시) 질문하기",
            "morpheme": "그러면/MAJ+빨래/NNG+너/VV+는/ETM+건/NNB+JX+누가/NP+JKS+해/VV+EF"
          },
          {
            "id": 6,
            "text": "2 : 보고 빨래 돌린 사람이 하고 보통 같이 널어",
            "norm_text": "보고 빨래 돌린 사람이 하고 보통 같이 널어",
            "speaker": {
              "id": "2번",
              "sex": "여성",
              "age": "20대"
            },
            "speechAct": "(단언) 주장하기",
            "morpheme": "보/VV+고/EC+빨래/NNG+돌린/VV+ETM+사람/NNG+이/JKS+하/VV+고/EC+보통/NNG+같이/JKB+널/VV+어/EC"
          },
          {
            "id": 7,
            "text": "1 : 그렇구나 빨래 개는 것도 같이 해?",
            "norm_text": "그렇구나 빨래 개는 것도 같이 해?",
            "speaker": {
              "id": "1번",
              "sex": "여성",
              "age": "20대"
            },
            "speechAct": "(지시) 질문하기",
            "morpheme": "그렇/VA+구나/EF+빨래/NNG+개/VV+는/ETM+것/NNB+도/JX+같이/MAG+해/VV+EF"
          },
          {
            "id": 8,
            "text": "2 : 같이 하는데 친구가 더 많이 개고 본인꺼 각자 개",
            "norm_text": "같이 하는데 친구가 더 많이 개고 본인꺼 각자 개",
            "speaker": {
              "id": "2번",
              "sex": "여성",
              "age": "20대"
            },
            "speechAct": "(단언) 주장하기",
            "morpheme": "같이/MAG+하/VV+는데/EC+친구/NNG+가/JKS+더/MAG+많이/MAG+개/VV+고/EC+본인/NNG+꺼/VV+EC+각/MM+자개/NNG"
          },
          {
            "id": 9,
            "text": "1 : 그렇구나 키키",
            "norm_text": "그렇구나 키키",
            "speaker": {
              "id": "1번",
              "sex": "여성",
              "age": "20대"
            },
            "speechAct": "(단언) 주장하기",
            "morpheme": "그렇/VA+구나/EF+키/NNG+키/XSV+ETN"
          },
          {
            "id": 10,
            "text": "1 : 빨래는 일주일에 한 번 정도 같이 하는 거야?",
            "norm_text": "빨래는 일주일에 한 번 정도 같이 하는 거야?",
            "speaker": {
              "id": "1번",
              "sex": "여성",
              "age": "20대"
            },
            "speechAct": "(지시) 질문하기",
            "morpheme": "빨래/NNG+는/JX+일/NR+주일/NNBC+에/JKB+한/MM+번/NNBC+정도/NNG+같이/JKB+하/VV+는/ETM+거/NNB+야/VCP+EF"
          },
          {
            "id": 11,
            "text": "2 : 일주일에 두 번씩 하고 있어!",
            "norm_text": "일주일에 두 번씩 하고 있어!",
            "speaker": {
              "id": "2번",
              "sex": "여성",
              "age": "20대"
            },
            "speechAct": "(단언) 주장하기",
            "morpheme": "일/NR+주일/NNBC+에/JKB+두/MM+번/NNBC+씩/XSN+하/VV+고/EC+있/VX+어/EF"
          },
          {
            "id": 12,
            "text": "1 : 나는 일주일에 한 번씩 하는데 왜 이렇게 힘드냐,",
            "norm_text": "나는 일주일에 한 번씩 하는데 왜 이렇게 힘드냐,",
            "speaker": {
              "id": "1번",
              "sex": "여성",
              "age": "20대"
            },
            "speechAct": "(단언) 주장하기",
            "morpheme": "나/NP+는/JX+일/NR+주일/NNBC+에/JKB+한/MM+번/NNBC+씩/XSN+하/VV+는데/EC+왜/MAG+이렇게/MAG+힘드/VA+냐/EF+,/SC"
          },
          {
            "id": 13,
            "text": "2 : 키키 나도... 힘들다 특히 수건 개는 게 제일 싫어",
            "norm_text": "키키 나도... 힘들다 특히 수건 개는 게 제일 싫어",
            "speaker": {
              "id": "2번",
              "sex": "여성",
              "age": "20대"
            },
            "speechAct": "(단언) 주장하기",
            "morpheme": "키/NNG+키나/XSA+ETN+JX+도/JX+./SY+./SY+힘들/VA+다/EC+특히/MAG+수건/NNG+개/VV+는/ETM+게/NNB+JKS+제일/MAG+싫/VA+어/EC"
          },
          {
            "id": 14,
            "text": "1 : 키키 아 맞아",
            "norm_text": "키키 아 맞아",
            "speaker": {
              "id": "1번",
              "sex": "여성",
              "age": "20대"
            },
            "speechAct": "(단언) 주장하기",
            "morpheme": "키/NNG+키/VV+아/EC+맞/VV+아/EC"
          },
          {
            "id": 15,
            "text": "1 : 나 혼자 사는데 수건만 14개야!",
            "norm_text": "나 혼자 사는데 수건만 14개야!",
            "speaker": {
              "id": "1번",
              "sex": "여성",
              "age": "20대"
            },
            "speechAct": "(단언) 주장하기",
            "morpheme": "나/NP+혼자/MAG+사/VV+는데/EC+수건/NNG+만/JX+14/SN+개/NNBC+야/VCP+EF"
          },
          {
            "id": 16,
            "text": "2 : 와 키키 진짜 많다 빨래도 귀찮을 듯 ㅠㅠ",
            "norm_text": "와 키키 진짜 많다 빨래도 귀찮을 듯 ㅠㅠ",
            "speaker": {
              "id": "2번",
              "sex": "여성",
              "age": "20대"
            },
            "speechAct": "(단언) 진술하기",
            "morpheme": "와키/NNP+키/NNG+진짜/MAG+많/VA+다/EC+빨래/NNG+도/JX+귀찮/VA+을/ETM+듯/NNB+ㅠㅠ/UNKNOWN"
          },
          {
            "id": 17,
            "text": "1 : 키키 근데 하루에 두개씩 스니까 금방 쓰게 되더라 ㅜ",
            "norm_text": "키키 근데 하루에 두개씩 스니까 금방 쓰게 되더라 ㅜ",
            "speaker": {
              "id": "1번",
              "sex": "여성",
              "age": "20대"
            },
            "speechAct": "(단언) 주장하기",
            "morpheme": "키/NNG+키/XSV+ETN+근데/MAJ+하루/NNG+에/JKB+두/MM+개/NNBC+씩/XSN+스/VV+니까/EC+금방/MAG+쓰/VV+게/EC+되/VV+더라/EF+ㅜ/UNKNOWN"
          },
          {
            "id": 18,
            "text": "2 : 그러니까 ㅠㅠ",
            "norm_text": "그러니까 ㅠㅠ",
            "speaker": {
              "id": "2번",
              "sex": "여성",
              "age": "20대"
            },
            "speechAct": "(단언) 주장하기",
            "morpheme": "그러니까/MAJ+ㅠㅠ/UNKNOWN"
          },
          {
            "id": 19,
            "text": "2 : 우리도 하루에 4개씩 사용해서 금방 쓰더라",
            "norm_text": "우리도 하루에 4개씩 사용해서 금방 쓰더라",
            "speaker": {
              "id": "2번",
              "sex": "여성",
              "age": "20대"
            },
            "speechAct": "(단언) 주장하기",
            "morpheme": "우리/NP+도/JX+하루/NNG+에/JKB+4/SN+개/NNBC+씩/XSN+사용/NNG+해서/XSV+EC+금방/MAG+쓰/VV+더라/EC"
          }
        ]
      }
    }
  ]
}