{
  "dataset": {
    "identifier": 118414,
    "name": "FACEBOOK_119_03_set",
    "src_path": "/data/file/cubeManager/PROJECT001/80/txt20211102103850058846/FACEBOOK_119_03_set/",
    "label_path": "/data/file/cubeManager/PROJECT001/80/txt20211102103850058846/FACEBOOK_119_03_set/",
    "category": 2,
    "type": 0
  },
  "licenses": {
    "name": "Apache License 1.0",
    "url": "http://www.apache.org/licenses/LICENSE-1.0"
  },
  "info": [
    {
      "id": 129766,
      "filename": "FACEBOOK_119_03.txt",
      "title": "FACEBOOK_119_03",
      "mediatype": "SNS",
      "medianame": "페이스북",
      "category": "일상대화",
      "date": "2021-11-02",
      "size": 472,
      "annotations": {
        "subject": "교통",
        "speaker_type": "1:1",
        "size": 472,
        "word_size": 159,
        "text": "1 : 와 오늘도 지옥철에서 빠져나왔다!\n2 : 아 거기는 퇴근 시간에 사람 없을 때 없지?\n1 : 키키 어 내가 늦게 퇴근한 적이 있었거든!? 그 때!\n2 : 아 그 때는 몇 시에 퇴근 했었는데?\n1 : 그 때 나 9시에 퇴근했는데 그래도 앉을 곳은 없더라 ㅋ\n2 : 와 진짜 인구가 많기는 많나 보다 키키\n1 : 맞아 나 진짜 깜짝 놀랐어!\n2 : 그럼 지하철 말고 버스는 잘 안타?\n1 : 거기? 도로가 더 막혀~ 버스 타면 큰일 나~\n2 : 버스 전용도로 그런 건 없는 거야?\n1 : 거기도 엄청 막혀 버스가 주르륵 서 있음!\n2 : 아 그럼 서서 가더라도 지하철 타는 게 좋을 듯\n1 : 맞아 키키 콩나물 시루에 타지더라도 시간 단축되는 지하철이 나아\n2 : 콩나물 시루 키키\n2 : 예전 어른들이 타던 버스잖아 키키\n1 : 키키 맞아 옛날에는 그 안내원이 밀어 넣었잖아 여기는 그냥 사람들이 막 들어옴 키키\n2 : 그래서 가끔 가방 큰 거 맨 사람들 너무 싫더라",
        "lines": [
          {
            "id": 1,
            "text": "1 : 와 오늘도 지옥철에서 빠져나왔다!",
            "norm_text": "와 오늘도 지옥철에서 빠져나왔다!",
            "speaker": {
              "id": "1번",
              "sex": "여성",
              "age": "20대"
            },
            "speechAct": "(단언) 주장하기",
            "morpheme": "와/IC+오늘/NNG+도/JX+지옥/NNG+철/NNG+에서/JKB+빠져나왔/VV+EP+다/EF"
          },
          {
            "id": 2,
            "text": "2 : 아 거기는 퇴근 시간에 사람 없을 때 없지?",
            "norm_text": "아 거기는 퇴근 시간에 사람 없을 때 없지?",
            "speaker": {
              "id": "2번",
              "sex": "여성",
              "age": "20대"
            },
            "speechAct": "(지시) 질문하기",
            "morpheme": "아/IC+거기/NP+는/JX+퇴근/NNG+시간/NNG+에/JKB+사람/NNG+없/VA+을/ETM+때/NNG+없/VA+지/EF"
          },
          {
            "id": 3,
            "text": "1 : 키키 어 내가 늦게 퇴근한 적이 있었거든!? 그 때!",
            "norm_text": "키키 어 내가 늦게 퇴근한 적이 있었거든!? 그 때!",
            "speaker": {
              "id": "1번",
              "sex": "여성",
              "age": "20대"
            },
            "speechAct": "(단언) 진술하기",
            "morpheme": "키/NNG+키/VV+어/EC+내/NP+가/JKS+늦/VA+게/EC+퇴근/NNG+한/XSA+ETM+적/NNB+이/JKS+있/VA+었/EP+거든/EF+?/SY+그때/NNG"
          },
          {
            "id": 4,
            "text": "2 : 아 그 때는 몇 시에 퇴근 했었는데?",
            "norm_text": "아 그 때는 몇 시에 퇴근 했었는데?",
            "speaker": {
              "id": "2번",
              "sex": "여성",
              "age": "20대"
            },
            "speechAct": "(지시) 질문하기",
            "morpheme": "아/IC+그때/NNG+는/JX+몇/MM+시/NNBC+에/JKB+퇴근/NNG+했었/XSV+EP+는데/EF"
          },
          {
            "id": 5,
            "text": "1 : 그 때 나 9시에 퇴근했는데 그래도 앉을 곳은 없더라 ㅋ",
            "norm_text": "그 때 나 9시에 퇴근했는데 그래도 앉을 곳은 없더라 ㅋ",
            "speaker": {
              "id": "1번",
              "sex": "여성",
              "age": "20대"
            },
            "speechAct": "(단언) 진술하기",
            "morpheme": "그때/NNG+나/JC+9/SN+시에퇴근했는데그래도앉을곳은없더라ㅋ/UNKNOWN"
          },
          {
            "id": 6,
            "text": "2 : 와 진짜 인구가 많기는 많나 보다 키키",
            "norm_text": "와 진짜 인구가 많기는 많나 보다 키키",
            "speaker": {
              "id": "2번",
              "sex": "여성",
              "age": "20대"
            },
            "speechAct": "(단언) 주장하기",
            "morpheme": "와/IC+진짜/MAG+인구/NNG+가/JKS+많/VA+기/ETN+는/JX+많/VA+나/NP+보다/JKB+키/NNG+키/XSV+ETN"
          },
          {
            "id": 7,
            "text": "1 : 맞아 나 진짜 깜짝 놀랐어!",
            "norm_text": "맞아 나 진짜 깜짝 놀랐어!",
            "speaker": {
              "id": "1번",
              "sex": "여성",
              "age": "20대"
            },
            "speechAct": "(단언) 주장하기",
            "morpheme": "맞/VV+아나/EC+진짜/MAG+깜짝/MAG+놀랐/VV+EP+어/EF"
          },
          {
            "id": 8,
            "text": "2 : 그럼 지하철 말고 버스는 잘 안타?",
            "norm_text": "그럼 지하철 말고 버스는 잘 안타?",
            "speaker": {
              "id": "2번",
              "sex": "여성",
              "age": "20대"
            },
            "speechAct": "(지시) 질문하기",
            "morpheme": "그럼/MAJ+지하철/NNG+말/VV+고/EC+버스/NNG+는/JX+잘/MAG+안/MAG+타/VV+EF"
          },
          {
            "id": 9,
            "text": "1 : 거기? 도로가 더 막혀~ 버스 타면 큰일 나~",
            "norm_text": "거기? 도로가 더 막혀~ 버스 타면 큰일 나~",
            "speaker": {
              "id": "1번",
              "sex": "여성",
              "age": "20대"
            },
            "speechAct": "(단언) 주장하기",
            "morpheme": "거기/NP+도로/NNG+가/JKS+더/MAG+막혀/VV+EC+~/SY+버스/NNG+타/VV+면/EC+큰일나/VV+EC+~/SY"
          },
          {
            "id": 10,
            "text": "2 : 버스 전용도로 그런 건 없는 거야?",
            "norm_text": "버스 전용도로 그런 건 없는 거야?",
            "speaker": {
              "id": "2번",
              "sex": "여성",
              "age": "20대"
            },
            "speechAct": "(지시) 질문하기",
            "morpheme": "버스/NNG+전용도로/NNP+그런/MM+건/NNB+JX+없/VA+는/ETM+거/NNB+야/VCP+EF"
          },
          {
            "id": 11,
            "text": "1 : 거기도 엄청 막혀 버스가 주르륵 서 있음!",
            "norm_text": "거기도 엄청 막혀 버스가 주르륵 서 있음!",
            "speaker": {
              "id": "1번",
              "sex": "여성",
              "age": "20대"
            },
            "speechAct": "(단언) 진술하기",
            "morpheme": "거기/NP+도/JX+엄청/MAG+막혀/VV+EC+버스/NNG+가/JKS+주르륵/MAG+서/VV+EC+있/VX+음/ETN"
          },
          {
            "id": 12,
            "text": "2 : 아 그럼 서서 가더라도 지하철 타는 게 좋을 듯",
            "norm_text": "아 그럼 서서 가더라도 지하철 타는 게 좋을 듯",
            "speaker": {
              "id": "2번",
              "sex": "여성",
              "age": "20대"
            },
            "speechAct": "(단언) 주장하기",
            "morpheme": "아/IC+그럼/MAJ+서/VV+서/EC+가/VX+더라도/EC+지하철/NNG+타/VV+는/ETM+게/NNB+JKS+좋/VA+을/ETM+듯/NNB"
          },
          {
            "id": 13,
            "text": "1 : 맞아 키키 콩나물 시루에 타지더라도 시간 단축되는 지하철이 나아",
            "norm_text": "맞아 키키 콩나물 시루에 타지더라도 시간 단축되는 지하철이 나아",
            "speaker": {
              "id": "1번",
              "sex": "여성",
              "age": "20대"
            },
            "speechAct": "(단언) 주장하기",
            "morpheme": "맞/VV+아/EC+키/NNG+키/NNG+콩나물시루/NNG+에/JKB+타지/VV+더라도/EC+시간/NNG+단축/NNG+되/XSV+는/ETM+지하철/NNG+이/JKS+나/VV+아/EC"
          },
          {
            "id": 14,
            "text": "2 : 콩나물 시루 키키",
            "norm_text": "콩나물 시루 키키",
            "speaker": {
              "id": "2번",
              "sex": "여성",
              "age": "20대"
            },
            "speechAct": "(단언) 주장하기",
            "morpheme": "콩나물시루/NNG+키/NNG+키/XSV+ETN"
          },
          {
            "id": 15,
            "text": "2 : 예전 어른들이 타던 버스잖아 키키",
            "norm_text": "예전 어른들이 타던 버스잖아 키키",
            "speaker": {
              "id": "2번",
              "sex": "여성",
              "age": "20대"
            },
            "speechAct": "(단언) 진술하기",
            "morpheme": "예전/NNG+어른/NNG+들/XSN+이/JKS+타/VV+던/ETM+버스/NNG+잖아/VCP+EC+VX+EC+키/NNG+키/XSV+ETN"
          },
          {
            "id": 16,
            "text": "1 : 키키 맞아 옛날에는 그 안내원이 밀어 넣었잖아 여기는 그냥 사람들이 막 들어옴 키키",
            "norm_text": "키키 맞아 옛날에는 그 안내원이 밀어 넣었잖아 여기는 그냥 사람들이 막 들어옴 키키",
            "speaker": {
              "id": "1번",
              "sex": "여성",
              "age": "20대"
            },
            "speechAct": "(단언) 진술하기",
            "morpheme": "키/NNG+키/XSV+ETN+맞/VV+아/EC+옛날/NNG+에/JKB+는/JX+그/MM+안내원/NNG+이/JKS+밀/VV+어/EC+넣/VV+었/EP+잖아/EF+여기/NP+는/JX+그냥/MAG+사람/NNG+들/XSN+이/JKS+막/NNG+들어옴/VV+ETN+키/NNG+키/XSV+ETN"
          },
          {
            "id": 17,
            "text": "2 : 그래서 가끔 가방 큰 거 맨 사람들 너무 싫더라",
            "norm_text": "그래서 가끔 가방 큰 거 맨 사람들 너무 싫더라",
            "speaker": {
              "id": "2번",
              "sex": "여성",
              "age": "20대"
            },
            "speechAct": "(단언) 주장하기",
            "morpheme": "그래서/MAJ+가끔/MAG+가방/NNG+큰/VA+ETM+거/NNB+맨/MM+사람/NNG+들/XSN+너무/MAG+싫/VA+더라/EC"
          }
        ]
      }
    }
  ]
}