{
  "dataset": {
    "identifier": 125292,
    "name": "FACEBOOK_125_10_set",
    "src_path": "/data/file/cubeManager/PROJECT001/84/txt20211105160907004559/FACEBOOK_125_10_set/",
    "label_path": "/data/file/cubeManager/PROJECT001/84/txt20211105160907004559/FACEBOOK_125_10_set/",
    "category": 2,
    "type": 0
  },
  "licenses": {
    "name": "Apache License 1.0",
    "url": "http://www.apache.org/licenses/LICENSE-1.0"
  },
  "info": [
    {
      "id": 140167,
      "filename": "FACEBOOK_125_10.txt",
      "title": "FACEBOOK_125_10",
      "mediatype": "SNS",
      "medianame": "페이스북",
      "category": "일상대화",
      "date": "2021-11-05",
      "size": 445,
      "annotations": {
        "subject": "스포츠/레저",
        "speaker_type": "1:1",
        "size": 445,
        "word_size": 152,
        "text": "1 : 여름엔 무슨 스포츠를 해야 잘 했다 소문이 날까\n2 : 나는 물놀이 하는 거 좋아해 웨이크 보드\n1 : 웨이크 보드? 그 빠지 이런 곳 말하는 건가\n2 : 진짜 웨이크 보드는 사랑이야 키키\n1 : 아니 여자들이 좋아하는 스포츠 말이야...\n2 : 아 여자들이 좋아하는 거 난 모르겠다 키키\n1 : 지금 서핑해 볼까 하고 고민 중이야 하하\n2 : 서핑 웨이크 보드 비슷한 거야 해봐\n1 : 그래? 그러면 빠지 가서 한 번 타 볼까!\n2 : 너 근데 몸치라 진짜 못 할 거 같은데 괜찮겠어? 키키\n1 : 아 키키 몸치긴 한데 그래도 해 보면 잘 하지 않을까\n2 : 빠지 가서 너 계속 빠지는 거 아니야? 빠지야?\n1 : 와 진짜 재미없다 그게 무슨 드립이야...\n2 : 미안 이상한 드립 쳐서 하하\n2 : 잘 할 거 같아 열심히 하면\n1 : 그래~ 이번 여름엔 한 번 도전해 봐야지\n2 : 내가 알려줄게 나 고수거든 키키",
        "lines": [
          {
            "id": 1,
            "text": "1 : 여름엔 무슨 스포츠를 해야 잘 했다 소문이 날까",
            "norm_text": "여름엔 무슨 스포츠를 해야 잘 했다 소문이 날까",
            "speaker": {
              "id": "1번",
              "sex": "여성",
              "age": "20대"
            },
            "speechAct": "(단언) 주장하기",
            "morpheme": "여름/NNG+엔/JKB+JX+무슨/MM+스포츠/NNG+를/JKO+해야/VV+EC+잘/MAG+했/VV+EP+다/EC+소문/NNG+이/JKS+날까/VV+EC"
          },
          {
            "id": 2,
            "text": "2 : 나는 물놀이 하는 거 좋아해 웨이크 보드",
            "norm_text": "나는 물놀이 하는 거 좋아해 웨이크 보드",
            "speaker": {
              "id": "2번",
              "sex": "남성",
              "age": "20대"
            },
            "speechAct": "(단언) 주장하기",
            "morpheme": "나/NP+는/JX+물놀이/NNG+하/XSV+는/ETM+거/NNB+좋/VA+아/EC+해/VV+EC+웨이크/NNP+보드/NNP"
          },
          {
            "id": 3,
            "text": "1 : 웨이크 보드? 그 빠지 이런 곳 말하는 건가",
            "norm_text": "웨이크 보드? 그 빠지 이런 곳 말하는 건가",
            "speaker": {
              "id": "1번",
              "sex": "여성",
              "age": "20대"
            },
            "speechAct": "(지시) 질문하기",
            "morpheme": "웨이크/NNP+보드/NNP+그/IC+빠/VV+지/EC+이런/MM+곳/NNG+말/NNG+하/XSV+는/ETM+건가/NNB+VCP+EC"
          },
          {
            "id": 4,
            "text": "2 : 진짜 웨이크 보드는 사랑이야 키키",
            "norm_text": "진짜 웨이크 보드는 사랑이야 키키",
            "speaker": {
              "id": "2번",
              "sex": "남성",
              "age": "20대"
            },
            "speechAct": "(단언) 주장하기",
            "morpheme": "진짜/MAG+웨이크/NNP+보드/NNP+는/JX+사랑/NNG+이/VCP+야/EC+키/NNG+키/XSV+ETN"
          },
          {
            "id": 5,
            "text": "1 : 아니 여자들이 좋아하는 스포츠 말이야...",
            "norm_text": "아니 여자들이 좋아하는 스포츠 말이야...",
            "speaker": {
              "id": "1번",
              "sex": "여성",
              "age": "20대"
            },
            "speechAct": "(단언) 주장하기",
            "morpheme": "아니/IC+여자/NNG+들/XSN+이/JKS+좋/VA+아/EC+하/VV+는/ETM+스포츠/NNG+말/NNG+이/VCP+야/EF+./SY"
          },
          {
            "id": 6,
            "text": "2 : 아 여자들이 좋아하는 거 난 모르겠다 키키",
            "norm_text": "아 여자들이 좋아하는 거 난 모르겠다 키키",
            "speaker": {
              "id": "2번",
              "sex": "남성",
              "age": "20대"
            },
            "speechAct": "(단언) 주장하기",
            "morpheme": "아/IC+여자/NNG+들/XSN+이/JKS+좋/VA+아/EC+하/VV+는/ETM+거/NNB+난/NP+JX+모르/VV+겠/EP+다키키/NNP"
          },
          {
            "id": 7,
            "text": "1 : 지금 서핑해 볼까 하고 고민 중이야 하하",
            "norm_text": "지금 서핑해 볼까 하고 고민 중이야 하하",
            "speaker": {
              "id": "1번",
              "sex": "여성",
              "age": "20대"
            },
            "speechAct": "(단언) 주장하기",
            "morpheme": "지금/MAG+서핑/NNG+해/XSV+EC+볼까/VX+EC+하/VV+고/EC+고민/NNG+중/NNB+이/VCP+야/EC+하하/MAG"
          },
          {
            "id": 8,
            "text": "2 : 서핑 웨이크 보드 비슷한 거야 해봐",
            "norm_text": "서핑 웨이크 보드 비슷한 거야 해봐",
            "speaker": {
              "id": "2번",
              "sex": "남성",
              "age": "20대"
            },
            "speechAct": "(지시) 충고/제안하기",
            "morpheme": "서핑/NNG+웨이크/NNP+보드/NNP+비슷/XR+한/XSA+ETM+거/NNB+야/VCP+EF+해/VV+EC+봐/VX+EC"
          },
          {
            "id": 9,
            "text": "1 : 그래? 그러면 빠지 가서 한 번 타 볼까!",
            "norm_text": "그래? 그러면 빠지 가서 한 번 타 볼까!",
            "speaker": {
              "id": "1번",
              "sex": "여성",
              "age": "20대"
            },
            "speechAct": "(단언) 주장하기",
            "morpheme": "그래/IC+그러/VV+면/EC+빠/VV+지/EC+가/VX+서/EC+한/MM+번/NNBC+타/VV+볼까/EC+VX+EF"
          },
          {
            "id": 10,
            "text": "2 : 너 근데 몸치라 진짜 못 할 거 같은데 괜찮겠어? 키키",
            "norm_text": "너 근데 몸치라 진짜 못 할 거 같은데 괜찮겠어? 키키",
            "speaker": {
              "id": "2번",
              "sex": "남성",
              "age": "20대"
            },
            "speechAct": "(지시) 질문하기",
            "morpheme": "너/NP+근데/MAJ+몸치/NNG+라/VCP+EC+진짜/MAG+못/MAG+할/VV+ETM+거/NNB+같/VA+은/ETM+데/NNB+괜찮/VA+겠/EP+어/EF+키/NNG+키/XSV+ETN"
          },
          {
            "id": 11,
            "text": "1 : 아 키키 몸치긴 한데 그래도 해 보면 잘 하지 않을까",
            "norm_text": "아 키키 몸치긴 한데 그래도 해 보면 잘 하지 않을까",
            "speaker": {
              "id": "1번",
              "sex": "여성",
              "age": "20대"
            },
            "speechAct": "(단언) 주장하기",
            "morpheme": "아키/NNP+키/NNG+몸/NNG+치/VV+긴/ETN+JX+한데/VX+EC+그래도/VV+EC+해/VV+EC+보/VX+면/EC+잘/MAG+하/VV+지/EC+않/VX+을까/EC"
          },
          {
            "id": 12,
            "text": "2 : 빠지 가서 너 계속 빠지는 거 아니야? 빠지야?",
            "norm_text": "빠지 가서 너 계속 빠지는 거 아니야? 빠지야?",
            "speaker": {
              "id": "2번",
              "sex": "남성",
              "age": "20대"
            },
            "speechAct": "(지시) 질문하기",
            "morpheme": "빠/VV+지/EC+가/VX+서/EC+너/NP+계속/MAG+빠지/VV+는/ETM+거/NNB+아니/VCN+야/EF+빠지/VV+야/EF"
          },
          {
            "id": 13,
            "text": "1 : 와 진짜 재미없다 그게 무슨 드립이야...",
            "norm_text": "와 진짜 재미없다 그게 무슨 드립이야...",
            "speaker": {
              "id": "1번",
              "sex": "여성",
              "age": "20대"
            },
            "speechAct": "(단언) 주장하기",
            "morpheme": "와/IC+진짜/MAG+재미없/VA+다/EF+그게/NP+JKS+무슨/MM+드립/NNG+이/VCP+야/EF+./SY"
          },
          {
            "id": 14,
            "text": "2 : 미안 이상한 드립 쳐서 하하",
            "norm_text": "미안 이상한 드립 쳐서 하하",
            "speaker": {
              "id": "2번",
              "sex": "남성",
              "age": "20대"
            },
            "speechAct": "(단언) 주장하기",
            "morpheme": "미안/NNG+이/JKS+상한/VV+ETM+드립/NNG+쳐서/VV+EC+하하/MAG"
          },
          {
            "id": 15,
            "text": "2 : 잘 할 거 같아 열심히 하면",
            "norm_text": "잘 할 거 같아 열심히 하면",
            "speaker": {
              "id": "2번",
              "sex": "남성",
              "age": "20대"
            },
            "speechAct": "(단언) 주장하기",
            "morpheme": "잘/MAG+할/VV+ETM+거/NNB+같/VA+아/EC+열심히/MAG+하/VV+면/EC"
          },
          {
            "id": 16,
            "text": "1 : 그래~ 이번 여름엔 한 번 도전해 봐야지",
            "norm_text": "그래~ 이번 여름엔 한 번 도전해 봐야지",
            "speaker": {
              "id": "1번",
              "sex": "여성",
              "age": "20대"
            },
            "speechAct": "(단언) 주장하기",
            "morpheme": "그래/VA+EC+~/SY+이번/NNG+여름/NNG+엔/JKB+JX+한/MM+번/NNBC+도/JX+전해/VV+EC+봐야/VX+EC+VV+지/EC"
          },
          {
            "id": 17,
            "text": "2 : 내가 알려줄게 나 고수거든 키키",
            "norm_text": "내가 알려줄게 나 고수거든 키키",
            "speaker": {
              "id": "2번",
              "sex": "남성",
              "age": "20대"
            },
            "speechAct": "(단언) 주장하기",
            "morpheme": "내/NP+가/JKS+알려/VV+EC+줄게/VX+EC+나/VX+고/EC+수거/NNG+든/VCP+EC+키/NNG+키/XSV+ETN"
          }
        ]
      }
    }
  ]
}