{
  "dataset": {
    "identifier": 125287,
    "name": "FACEBOOK_125_04_set",
    "src_path": "/data/file/cubeManager/PROJECT001/84/txt20211105160906099571/FACEBOOK_125_04_set/",
    "label_path": "/data/file/cubeManager/PROJECT001/84/txt20211105160906099571/FACEBOOK_125_04_set/",
    "category": 2,
    "type": 0
  },
  "licenses": {
    "name": "Apache License 1.0",
    "url": "http://www.apache.org/licenses/LICENSE-1.0"
  },
  "info": [
    {
      "id": 140161,
      "filename": "FACEBOOK_125_04.txt",
      "title": "FACEBOOK_125_04",
      "mediatype": "SNS",
      "medianame": "페이스북",
      "category": "일상대화",
      "date": "2021-11-05",
      "size": 406,
      "annotations": {
        "subject": "회사/아르바이트",
        "speaker_type": "1:1",
        "size": 406,
        "word_size": 133,
        "text": "1 : 아 알바 구해야 하는데 할 곳이 없네 ㅠㅠ\n2 : 아 진짜 와인 파는 알바 구하던데\n1 : 오 어디서 그런 알바를 구해?!\n2 : 주말에 홈플러스에서 거기 가서 일하고 싶다 나\n1 : 홈플러스 알바 은근 꿀이라던데 키키\n2 : 주말에만 하면 꿀일 텐데 그치 나 할까\n1 : 괜찮네 거기 한 번 지원해봐\n2 : 하루 일당 칠만 원 준다던데 몇 시간인지는 모르겠다\n1 : 내가 홈플러스 가서 알바 할 때 놀려줄게!\n2 : 그래서 한번 전화해 볼라고 고민 중\n1 : 합격하면 알려줘 내가 방해하러 갈게!\n2 : 키키 그래서 친구랑 같이하자고 꼬시는 중이야\n1 : 친구랑 알바하면 시간도 잘 가고 재밌잖아~ 키키\n2 : 아 방해하지 말고 와인 사서 먹어라 남자친구랑\n1 : 알았어 와인이라도 사러 내가 갈게\n2 : 그래서 나 지금 알바 찾고 있어 꿀알바",
        "lines": [
          {
            "id": 1,
            "text": "1 : 아 알바 구해야 하는데 할 곳이 없네 ㅠㅠ",
            "norm_text": "아 알바 구해야 하는데 할 곳이 없네 ㅠㅠ",
            "speaker": {
              "id": "1번",
              "sex": "여성",
              "age": "20대"
            },
            "speechAct": "(단언) 주장하기",
            "morpheme": "아/IC+알/NNG+바구/NNG+해야/XSV+EC+하/VV+는/ETM+데/NNB+할/VV+ETM+곳/NNG+이/JKS+없/VA+네/EF+ㅠㅠ/UNKNOWN"
          },
          {
            "id": 2,
            "text": "2 : 아 진짜 와인 파는 알바 구하던데",
            "norm_text": "아 진짜 와인 파는 알바 구하던데",
            "speaker": {
              "id": "2번",
              "sex": "남성",
              "age": "20대"
            },
            "speechAct": "(단언) 주장하기",
            "morpheme": "아/IC+진짜/NNG+와/JC+인파/NNG+는/JX+알/VV+ETM+바/NNB+구하/VV+던데/EC"
          },
          {
            "id": 3,
            "text": "1 : 오 어디서 그런 알바를 구해?!",
            "norm_text": "오 어디서 그런 알바를 구해?!",
            "speaker": {
              "id": "1번",
              "sex": "여성",
              "age": "20대"
            },
            "speechAct": "(지시) 질문하기",
            "morpheme": "오/IC+어디/NP+서/JKB+그런/MM+알바/NNP+를/JKO+구해/VV+EC+?/SY"
          },
          {
            "id": 4,
            "text": "2 : 주말에 홈플러스에서 거기 가서 일하고 싶다 나",
            "norm_text": "주말에 홈플러스에서 거기 가서 일하고 싶다 나",
            "speaker": {
              "id": "2번",
              "sex": "남성",
              "age": "20대"
            },
            "speechAct": "(단언) 주장하기",
            "morpheme": "주말/NNG+에/JKB+홈플러스/NNP+에서/JKB+거기/NP+가/JKS+서일/NNG+하/XSV+고/EC+싶/VX+다나/EC"
          },
          {
            "id": 5,
            "text": "1 : 홈플러스 알바 은근 꿀이라던데 키키",
            "norm_text": "홈플러스 알바 은근 꿀이라던데 키키",
            "speaker": {
              "id": "1번",
              "sex": "여성",
              "age": "20대"
            },
            "speechAct": "(단언) 주장하기",
            "morpheme": "홈플러스/NNP+알바/NNP+은근/NNG+꿀/NNG+이/VCP+라던데/EC+키/NNG+키/XSV+ETN"
          },
          {
            "id": 6,
            "text": "2 : 주말에만 하면 꿀일 텐데 그치 나 할까",
            "norm_text": "주말에만 하면 꿀일 텐데 그치 나 할까",
            "speaker": {
              "id": "2번",
              "sex": "남성",
              "age": "20대"
            },
            "speechAct": "(지시) 질문하기",
            "morpheme": "주말/NNG+에/JKB+만/JX+하/VV+면/EC+꿀/NNG+일/VCP+ETM+텐데/NNB+VCP+EC+그치/VV+나/EC+할까/VX+EC"
          },
          {
            "id": 7,
            "text": "1 : 괜찮네 거기 한 번 지원해봐",
            "norm_text": "괜찮네 거기 한 번 지원해봐",
            "speaker": {
              "id": "1번",
              "sex": "여성",
              "age": "20대"
            },
            "speechAct": "(단언) 주장하기",
            "morpheme": "괜찮/VA+네/EF+거기/NP+한번/MAG+지원/NNG+해/XSV+EC+봐/VX+EC"
          },
          {
            "id": 8,
            "text": "2 : 하루 일당 칠만 원 준다던데 몇 시간인지는 모르겠다",
            "norm_text": "하루 일당 칠만 원 준다던데 몇 시간인지는 모르겠다",
            "speaker": {
              "id": "2번",
              "sex": "남성",
              "age": "20대"
            },
            "speechAct": "(단언) 주장하기",
            "morpheme": "하루/NNG+일당/NNG+칠만/NR+원/NNBC+준다던데/VV+EC+몇/MM+시간/NNG+인지/VCP+EC+는/JX+모르/VV+겠/EP+다/EC"
          },
          {
            "id": 9,
            "text": "1 : 내가 홈플러스 가서 알바 할 때 놀려줄게!",
            "norm_text": "내가 홈플러스 가서 알바 할 때 놀려줄게!",
            "speaker": {
              "id": "1번",
              "sex": "여성",
              "age": "20대"
            },
            "speechAct": "(단언) 주장하기",
            "morpheme": "내/NP+가/JKS+홈플러스/NNP+가/VV+서/EC+알/VV+ETM+바/NNB+할/VV+ETM+때/NNG+놀려/VV+EC+줄게/VX+EF"
          },
          {
            "id": 10,
            "text": "2 : 그래서 한번 전화해 볼라고 고민 중",
            "norm_text": "그래서 한번 전화해 볼라고 고민 중",
            "speaker": {
              "id": "2번",
              "sex": "남성",
              "age": "20대"
            },
            "speechAct": "(단언) 주장하기",
            "morpheme": "그래서/MAJ+한/MM+번/NNBC+전화/NNG+해/XSV+EC+볼/VX+라고/EC+고민/NNG+중/NNB"
          },
          {
            "id": 11,
            "text": "1 : 합격하면 알려줘 내가 방해하러 갈게!",
            "norm_text": "합격하면 알려줘 내가 방해하러 갈게!",
            "speaker": {
              "id": "1번",
              "sex": "여성",
              "age": "20대"
            },
            "speechAct": "(단언) 주장하기",
            "morpheme": "합격/NNG+하/XSV+면/EC+알려줘/VV+EC+VX+EC+내/NP+가/JKS+방해/NNG+하/XSV+러/EC+갈게/VV+EF"
          },
          {
            "id": 12,
            "text": "2 : 키키 그래서 친구랑 같이하자고 꼬시는 중이야",
            "norm_text": "키키 그래서 친구랑 같이하자고 꼬시는 중이야",
            "speaker": {
              "id": "2번",
              "sex": "남성",
              "age": "20대"
            },
            "speechAct": "(단언) 주장하기",
            "morpheme": "키/NNG+키/XSV+ETN+그래서/MAJ+친구/NNG+랑/JKB+같이/MAG+하/VV+자고/EC+꼬시/VV+는/ETM+중/NNB+이/VCP+야/EC"
          },
          {
            "id": 13,
            "text": "1 : 친구랑 알바하면 시간도 잘 가고 재밌잖아~ 키키",
            "norm_text": "친구랑 알바하면 시간도 잘 가고 재밌잖아~ 키키",
            "speaker": {
              "id": "1번",
              "sex": "여성",
              "age": "20대"
            },
            "speechAct": "(단언) 주장하기",
            "morpheme": "친구/NNG+랑/JKB+알/VV+ETM+바/NNB+하/VV+면/EC+시간/NNG+도/JX+잘/MAG+가/VV+고/EC+재밌/VA+잖아/EC+~/SY+키/NNG+키/XSV+ETN"
          },
          {
            "id": 14,
            "text": "2 : 아 방해하지 말고 와인 사서 먹어라 남자친구랑",
            "norm_text": "아 방해하지 말고 와인 사서 먹어라 남자친구랑",
            "speaker": {
              "id": "2번",
              "sex": "남성",
              "age": "20대"
            },
            "speechAct": "(단언) 주장하기",
            "morpheme": "아/IC+방해/NNG+하/XSV+지/EC+말/VX+고/EC+와인/NNG+사/VV+서/EC+먹/VV+어라/EC+남자/NNG+친구/NNG+랑/JKB"
          },
          {
            "id": 15,
            "text": "1 : 알았어 와인이라도 사러 내가 갈게",
            "norm_text": "알았어 와인이라도 사러 내가 갈게",
            "speaker": {
              "id": "1번",
              "sex": "여성",
              "age": "20대"
            },
            "speechAct": "(단언) 주장하기",
            "morpheme": "알/VV+았/EP+어/EC+와인/NNG+이/VCP+라도/EC+사/VV+러/EC+내/NP+가/JKS+갈게/VV+EC"
          },
          {
            "id": 16,
            "text": "2 : 그래서 나 지금 알바 찾고 있어 꿀알바",
            "norm_text": "그래서 나 지금 알바 찾고 있어 꿀알바",
            "speaker": {
              "id": "2번",
              "sex": "남성",
              "age": "20대"
            },
            "speechAct": "(단언) 주장하기",
            "morpheme": "그래서/MAJ+나/NP+지금/MAG+알/VV+ETM+바/NNB+찾/VV+고/EC+있/VX+어/EC+꿀/VV+ETM+알바/NNP"
          }
        ]
      }
    }
  ]
}