{
  "dataset": {
    "identifier": 125289,
    "name": "FACEBOOK_125_07_set",
    "src_path": "/data/file/cubeManager/PROJECT001/84/txt20211105160907002022/FACEBOOK_125_07_set/",
    "label_path": "/data/file/cubeManager/PROJECT001/84/txt20211105160907002022/FACEBOOK_125_07_set/",
    "category": 2,
    "type": 0
  },
  "licenses": {
    "name": "Apache License 1.0",
    "url": "http://www.apache.org/licenses/LICENSE-1.0"
  },
  "info": [
    {
      "id": 140164,
      "filename": "FACEBOOK_125_07.txt",
      "title": "FACEBOOK_125_07",
      "mediatype": "SNS",
      "medianame": "페이스북",
      "category": "일상대화",
      "date": "2021-11-05",
      "size": 444,
      "annotations": {
        "subject": "가족",
        "speaker_type": "1:1",
        "size": 444,
        "word_size": 144,
        "text": "1 : 가족 외식은 뭘 하는 게 좋을까?~\n2 : 당근 장어지 장어 먹으러 가\n1 : 부모님이랑 장어...?\n1 : 내가 이상한 생각 하는 건가\n2 : 엄마 아빠 장어 좋아하시지 않아?\n1 : 우리 부모님은 아구찜 좋아하셔!\n2 : 진짜 너 안 되겠다 키키\n2 : 혼나야겠어\n1 : 부모님은 아구찜 좋아하는데 내가 안 좋아해서 고민이야 ㅠㅠ\n2 : 장어 꼬리 먹고 너 남자친구랑 음...\n1 : 에이 농담하지 마~\n1 : 나 지금 메뉴 고민이라고!\n2 : 아 진짜 아구찜 나도 좋아하는데... ㅠㅠ 아구찜 완전 킬러\n1 : 그래? 아구찜 말고 고기는 어떨까!\n2 : 아구찜 말고 안동찜닭 이런 거 아님 삼계탕 이런 거\n1 : 오 찜닭 좋다 가족 외식으로 적당한 걸?~\n2 : 나는 왜케 훈제 찜 이런 게 좋지 ㅋㅋ 늙었나\n1 : 그러게... 그럼 찜닭 먹자고 부모님한테 말해야겠다\n2 : 아님 한식파야 나는 밥 먹는 걸 좋아해",
        "lines": [
          {
            "id": 1,
            "text": "1 : 가족 외식은 뭘 하는 게 좋을까?~",
            "norm_text": "가족 외식은 뭘 하는 게 좋을까?~",
            "speaker": {
              "id": "1번",
              "sex": "여성",
              "age": "20대"
            },
            "speechAct": "(지시) 질문하기",
            "morpheme": "가족/NNG+외식/NNG+은/JX+뭘/NP+JKO+하/VV+는/ETM+게/NNB+JKS+좋/VA+을까/EF+~/SY"
          },
          {
            "id": 2,
            "text": "2 : 당근 장어지 장어 먹으러 가",
            "norm_text": "당근 장어지 장어 먹으러 가",
            "speaker": {
              "id": "2번",
              "sex": "남성",
              "age": "20대"
            },
            "speechAct": "(단언) 주장하기",
            "morpheme": "당근/NNG+장어/NNG+지장/NNG+어/IC+먹/VV+으러/EC+가/VX"
          },
          {
            "id": 3,
            "text": "1 : 부모님이랑 장어...?",
            "norm_text": "부모님이랑 장어...?",
            "speaker": {
              "id": "1번",
              "sex": "여성",
              "age": "20대"
            },
            "speechAct": "(지시) 질문하기",
            "morpheme": "부모/NNG+님/XSN+이랑/JKB+장어/NNG+./SY+./SY"
          },
          {
            "id": 4,
            "text": "1 : 내가 이상한 생각 하는 건가",
            "norm_text": "내가 이상한 생각 하는 건가",
            "speaker": {
              "id": "1번",
              "sex": "여성",
              "age": "20대"
            },
            "speechAct": "(단언) 주장하기",
            "morpheme": "내/NP+가/JKS+이상/NNG+한/XSA+ETM+생각/NNG+하/XSV+는/ETM+건가/NNB+VCP+EC"
          },
          {
            "id": 5,
            "text": "2 : 엄마 아빠 장어 좋아하시지 않아?",
            "norm_text": "엄마 아빠 장어 좋아하시지 않아?",
            "speaker": {
              "id": "2번",
              "sex": "남성",
              "age": "20대"
            },
            "speechAct": "(지시) 질문하기",
            "morpheme": "엄마/NNG+아빠/NNG+장어/NNG+좋/VA+아/EC+하/VX+시/EP+지/EC+않/VX+아/EF"
          },
          {
            "id": 6,
            "text": "1 : 우리 부모님은 아구찜 좋아하셔!",
            "norm_text": "우리 부모님은 아구찜 좋아하셔!",
            "speaker": {
              "id": "1번",
              "sex": "여성",
              "age": "20대"
            },
            "speechAct": "(단언) 주장하기",
            "morpheme": "우리/NP+부모/NNG+님/XSN+은/JX+아구찜/NNG+좋/VA+아/EC+하/VX+셔/EP+EF"
          },
          {
            "id": 7,
            "text": "2 : 진짜 너 안 되겠다 키키",
            "norm_text": "진짜 너 안 되겠다 키키",
            "speaker": {
              "id": "2번",
              "sex": "남성",
              "age": "20대"
            },
            "speechAct": "(단언) 주장하기",
            "morpheme": "진짜/MAG+너/NP+안/MAG+되/VV+겠/EP+다키키/NNP"
          },
          {
            "id": 8,
            "text": "2 : 혼나야겠어",
            "norm_text": "혼나야겠어",
            "speaker": {
              "id": "2번",
              "sex": "남성",
              "age": "20대"
            },
            "speechAct": "(단언) 주장하기",
            "morpheme": "혼/NNG+나야/VV+EC+겠어/VX+EP+EC"
          },
          {
            "id": 9,
            "text": "1 : 부모님은 아구찜 좋아하는데 내가 안 좋아해서 고민이야 ㅠㅠ",
            "norm_text": "부모님은 아구찜 좋아하는데 내가 안 좋아해서 고민이야 ㅠㅠ",
            "speaker": {
              "id": "1번",
              "sex": "여성",
              "age": "20대"
            },
            "speechAct": "(단언) 주장하기",
            "morpheme": "부모/NNG+님/XSN+은/JX+아구찜/NNG+좋/VA+아/EC+하/VV+는데/EC+내/NP+가/JKS+안/MAG+좋/VA+아/EC+해서/VV+EC+고민/NNG+이/VCP+야/EF+ㅠㅠ/UNKNOWN"
          },
          {
            "id": 10,
            "text": "2 : 장어 꼬리 먹고 너 남자친구랑 음...",
            "norm_text": "장어 꼬리 먹고 너 남자친구랑 음...",
            "speaker": {
              "id": "2번",
              "sex": "남성",
              "age": "20대"
            },
            "speechAct": "(단언) 주장하기",
            "morpheme": "장어꼬리먹고너남자친구랑음/UNKNOWN+./SY"
          },
          {
            "id": 11,
            "text": "1 : 에이 농담하지 마~",
            "norm_text": "에이 농담하지 마~",
            "speaker": {
              "id": "1번",
              "sex": "여성",
              "age": "20대"
            },
            "speechAct": "(단언) 주장하기",
            "morpheme": "에이/NNG+농담/NNG+하/XSV+지/EC+마/VX+EC+~/SY"
          },
          {
            "id": 12,
            "text": "1 : 나 지금 메뉴 고민이라고!",
            "norm_text": "나 지금 메뉴 고민이라고!",
            "speaker": {
              "id": "1번",
              "sex": "여성",
              "age": "20대"
            },
            "speechAct": "(단언) 주장하기",
            "morpheme": "나/NP+지금/MAG+메뉴/NNG+고민/NNG+이/VCP+라고/EF"
          },
          {
            "id": 13,
            "text": "2 : 아 진짜 아구찜 나도 좋아하는데... ㅠㅠ 아구찜 완전 킬러",
            "norm_text": "아 진짜 아구찜 나도 좋아하는데... ㅠㅠ 아구찜 완전 킬러",
            "speaker": {
              "id": "2번",
              "sex": "남성",
              "age": "20대"
            },
            "speechAct": "(단언) 주장하기",
            "morpheme": "아/IC+진짜/MAG+아구찜/NNG+나/NP+도/JX+좋/VA+아/EC+하/VV+는데/EC+./SY+./SY+ㅠㅠ아구찜완전킬러/UNKNOWN"
          },
          {
            "id": 14,
            "text": "1 : 그래? 아구찜 말고 고기는 어떨까!",
            "norm_text": "그래? 아구찜 말고 고기는 어떨까!",
            "speaker": {
              "id": "1번",
              "sex": "여성",
              "age": "20대"
            },
            "speechAct": "(지시) 충고/제안하기",
            "morpheme": "그래/IC+아구찜/NNG+말/VV+고/EC+고기/NNG+는/JX+어떨까/VA+EF"
          },
          {
            "id": 15,
            "text": "2 : 아구찜 말고 안동찜닭 이런 거 아님 삼계탕 이런 거",
            "norm_text": "아구찜 말고 안동찜닭 이런 거 아님 삼계탕 이런 거",
            "speaker": {
              "id": "2번",
              "sex": "남성",
              "age": "20대"
            },
            "speechAct": "(단언) 주장하기",
            "morpheme": "아구찜/NNG+말/VV+고/EC+안동/NNP+찜/NNG+닭/NNG+이런/MM+거/NNB+아님/VCN+ETN+삼계탕/NNG+이런/MM+거/NNB"
          },
          {
            "id": 16,
            "text": "1 : 오 찜닭 좋다 가족 외식으로 적당한 걸?~",
            "norm_text": "오 찜닭 좋다 가족 외식으로 적당한 걸?~",
            "speaker": {
              "id": "1번",
              "sex": "여성",
              "age": "20대"
            },
            "speechAct": "(단언) 주장하기",
            "morpheme": "오찜닭좋다가족외식으로적당한걸/UNKNOWN+~/SY"
          },
          {
            "id": 17,
            "text": "2 : 나는 왜케 훈제 찜 이런 게 좋지 ㅋㅋ 늙었나",
            "norm_text": "나는 왜케 훈제 찜 이런 게 좋지 ㅋㅋ 늙었나",
            "speaker": {
              "id": "2번",
              "sex": "남성",
              "age": "20대"
            },
            "speechAct": "(단언) 주장하기",
            "morpheme": "나/NP+는/JX+왜/MAG+케/XSA+EC+훈제/NNG+찜/NNG+이런/MM+게/NNB+JKS+좋/VA+지/EC+ㅋㅋ/UNKNOWN+늙/VV+었/EP+나/EC"
          },
          {
            "id": 18,
            "text": "1 : 그러게... 그럼 찜닭 먹자고 부모님한테 말해야겠다",
            "norm_text": "그러게... 그럼 찜닭 먹자고 부모님한테 말해야겠다",
            "speaker": {
              "id": "1번",
              "sex": "여성",
              "age": "20대"
            },
            "speechAct": "(단언) 주장하기",
            "morpheme": "그러게/IC+./SY+그럼/MAJ+찜/NNG+닭/NNG+먹/VV+자고/EC+부모/NNG+님/XSN+한테/JKB+말/NNG+해야/XSV+EC+VX+겠/EP+다/EC"
          },
          {
            "id": 19,
            "text": "2 : 아님 한식파야 나는 밥 먹는 걸 좋아해",
            "norm_text": "아님 한식파야 나는 밥 먹는 걸 좋아해",
            "speaker": {
              "id": "2번",
              "sex": "남성",
              "age": "20대"
            },
            "speechAct": "(단언) 주장하기",
            "morpheme": "아님/MAJ+한식/NNG+파/VV+야/EF+나/NP+는/JX+밥/NNG+먹/VV+는/ETM+걸/NNB+JKO+좋/VA+아/EC+해/VV+EC"
          }
        ]
      }
    }
  ]
}