{
  "dataset": {
    "identifier": 127783,
    "name": "FACEBOOK_121_08_set",
    "src_path": "/data/file/cubeManager/PROJECT001/84/txt20211108155848031870/FACEBOOK_121_08_set/",
    "label_path": "/data/file/cubeManager/PROJECT001/84/txt20211108155848031870/FACEBOOK_121_08_set/",
    "category": 2,
    "type": 0
  },
  "licenses": {
    "name": "Apache License 1.0",
    "url": "http://www.apache.org/licenses/LICENSE-1.0"
  },
  "info": [
    {
      "id": 141732,
      "filename": "FACEBOOK_121_08.txt",
      "title": "FACEBOOK_121_08",
      "mediatype": "SNS",
      "medianame": "페이스북",
      "category": "일상대화",
      "date": "2021-11-08",
      "size": 441,
      "annotations": {
        "subject": "연애/결혼",
        "speaker_type": "1:1",
        "size": 441,
        "word_size": 157,
        "text": "1 : 여친이랑 만난 지 얼마나 됨?\n2 : 나 이제 200일 키키\n2 : 아직 애기지\n1 : 헐 키키 아직 많이 안됐구나~\n1 : 나는 일 년 넘음\n2 : 아 진짜 일 년 넘었음 결혼은?\n1 : 난 아직 결혼 생각은 없어 하하\n2 : 나는 결혼하고 싶어 일 년 뒤에 키키\n2 : 빨리 장가가고 싶다\n1 : 헐 키키 여친 나이 차이는 얼마나 나?\n2 : 여자친구가 나한테 너무 잘해줘서 결혼하고 싶어 키키\n1 : 아 정말?\n1 : 그렇게 빨리 가고 싶어?\n2 : 나이 차는 4살 차이 나는데 나보다 많이 성숙해 키키\n1 : 오~ 연하야 연상이야?\n1 : 둘 다 성공인데 키키\n2 : 웅 진짜 빨리 하고 싶어 나는 애기도 빨리 낳고 싶고\n1 : 애기는 몇 명이나 낳고 싶은데\n2 : 연상이야 나보다 누나\n2 : 애기는 빨리 낳고 싶어\n1 : 와, 연상이면 얼른 결혼 해야지 키키\n2 : 웅 연상이라 결혼을 빨리 하자고 한다 키키",
        "lines": [
          {
            "id": 1,
            "text": "1 : 여친이랑 만난 지 얼마나 됨?",
            "norm_text": "여친이랑 만난 지 얼마나 됨?",
            "speaker": {
              "id": "1번",
              "sex": "여성",
              "age": "20대"
            },
            "speechAct": "(지시) 질문하기",
            "morpheme": "여친/NNG+이랑/JKB+만난/VV+ETM+지/NNB+얼마나/MAG+됨/VV+ETN"
          },
          {
            "id": 2,
            "text": "2 : 나 이제 200일 키키",
            "norm_text": "나 이제 200일 키키",
            "speaker": {
              "id": "2번",
              "sex": "남성",
              "age": "20대"
            },
            "speechAct": "(단언) 진술하기",
            "morpheme": "나/NP+이제/MAG+200/SN+일/NNBC+키/NNG+키/XSV+ETN"
          },
          {
            "id": 3,
            "text": "2 : 아직 애기지",
            "norm_text": "아직 애기지",
            "speaker": {
              "id": "2번",
              "sex": "남성",
              "age": "20대"
            },
            "speechAct": "(단언) 주장하기",
            "morpheme": "아직/MAG+애/NNG+기지/NNG"
          },
          {
            "id": 4,
            "text": "1 : 헐 키키 아직 많이 안됐구나~",
            "norm_text": "헐 키키 아직 많이 안됐구나~",
            "speaker": {
              "id": "1번",
              "sex": "여성",
              "age": "20대"
            },
            "speechAct": "(단언) 주장하기",
            "morpheme": "헐/IC+키/NNG+키/NNG+아직/MAG+많이/MAG+안/MAG+됐/VV+EP+구나/EF+~/SY"
          },
          {
            "id": 5,
            "text": "1 : 나는 일 년 넘음",
            "norm_text": "나는 일 년 넘음",
            "speaker": {
              "id": "1번",
              "sex": "여성",
              "age": "20대"
            },
            "speechAct": "(단언) 진술하기",
            "morpheme": "나/NP+는/JX+일/NR+년/NNBC+넘/VV+음/ETN"
          },
          {
            "id": 6,
            "text": "2 : 아 진짜 일 년 넘었음 결혼은?",
            "norm_text": "아 진짜 일 년 넘었음 결혼은?",
            "speaker": {
              "id": "2번",
              "sex": "남성",
              "age": "20대"
            },
            "speechAct": "(지시) 질문하기",
            "morpheme": "아/IC+진짜/MAG+일/NR+년/NNBC+넘/VV+었/EP+음/ETN+결혼/NNG+은/JX"
          },
          {
            "id": 7,
            "text": "1 : 난 아직 결혼 생각은 없어 하하",
            "norm_text": "난 아직 결혼 생각은 없어 하하",
            "speaker": {
              "id": "1번",
              "sex": "여성",
              "age": "20대"
            },
            "speechAct": "(단언) 주장하기",
            "morpheme": "난/NP+JX+아직/MAG+결혼/NNG+생각/NNG+은/JX+없/VA+어/EC+하하/MAG"
          },
          {
            "id": 8,
            "text": "2 : 나는 결혼하고 싶어 일 년 뒤에 키키",
            "norm_text": "나는 결혼하고 싶어 일 년 뒤에 키키",
            "speaker": {
              "id": "2번",
              "sex": "남성",
              "age": "20대"
            },
            "speechAct": "(단언) 주장하기",
            "morpheme": "나/NP+는/JX+결혼/NNG+하/XSV+고/EC+싶/VX+어/EC+일/NR+년/NNBC+뒤/NNG+에/JKB+키/NNG+키/XSV+ETN"
          },
          {
            "id": 9,
            "text": "2 : 빨리 장가가고 싶다",
            "norm_text": "빨리 장가가고 싶다",
            "speaker": {
              "id": "2번",
              "sex": "남성",
              "age": "20대"
            },
            "speechAct": "(단언) 주장하기",
            "morpheme": "빨리/MAG+장가가/VV+고/EC+싶/VX+다/EC"
          },
          {
            "id": 10,
            "text": "1 : 헐 키키 여친 나이 차이는 얼마나 나?",
            "norm_text": "헐 키키 여친 나이 차이는 얼마나 나?",
            "speaker": {
              "id": "1번",
              "sex": "여성",
              "age": "20대"
            },
            "speechAct": "(지시) 질문하기",
            "morpheme": "헐/IC+키/NNG+키/NNG+여친/NNG+나이/NNG+차이/NNG+는/JX+얼마나/MAG+나/JX"
          },
          {
            "id": 11,
            "text": "2 : 여자친구가 나한테 너무 잘해줘서 결혼하고 싶어 키키",
            "norm_text": "여자친구가 나한테 너무 잘해줘서 결혼하고 싶어 키키",
            "speaker": {
              "id": "2번",
              "sex": "남성",
              "age": "20대"
            },
            "speechAct": "(단언) 주장하기",
            "morpheme": "여자/NNG+친구/NNG+가/JKS+나/NP+한테/JKB+너무/MAG+잘/MAG+해/VV+EC+줘서/VX+EC+결혼/NNG+하/XSV+고/EC+싶/VX+어/EC+키/NNG+키/XSV+ETN"
          },
          {
            "id": 12,
            "text": "1 : 아 정말?",
            "norm_text": "아 정말?",
            "speaker": {
              "id": "1번",
              "sex": "여성",
              "age": "20대"
            },
            "speechAct": "턴토크 사인(관습적 반응)",
            "morpheme": "아/IC+정말/MAG"
          },
          {
            "id": 13,
            "text": "1 : 그렇게 빨리 가고 싶어?",
            "norm_text": "그렇게 빨리 가고 싶어?",
            "speaker": {
              "id": "1번",
              "sex": "여성",
              "age": "20대"
            },
            "speechAct": "(지시) 질문하기",
            "morpheme": "그렇게/MAG+빨리/MAG+가/VV+고/EC+싶/VX+어/EF"
          },
          {
            "id": 14,
            "text": "2 : 나이 차는 4살 차이 나는데 나보다 많이 성숙해 키키",
            "norm_text": "나이 차는 4살 차이 나는데 나보다 많이 성숙해 키키",
            "speaker": {
              "id": "2번",
              "sex": "남성",
              "age": "20대"
            },
            "speechAct": "(단언) 진술하기",
            "morpheme": "나이/NNG+차/NNG+는/JX+4/SN+살/NNBC+차이/NNG+나/VV+는데/EC+나/NP+보다/JKB+많이/MAG+성숙/NNG+해/XSV+EC+키/NNG+키/XSV+ETN"
          },
          {
            "id": 15,
            "text": "1 : 오~ 연하야 연상이야?",
            "norm_text": "오~ 연하야 연상이야?",
            "speaker": {
              "id": "1번",
              "sex": "여성",
              "age": "20대"
            },
            "speechAct": "(지시) 질문하기",
            "morpheme": "오/NR+~/SY+연하/VA+야/EC+연상/NNG+이/VCP+야/EF"
          },
          {
            "id": 16,
            "text": "1 : 둘 다 성공인데 키키",
            "norm_text": "둘 다 성공인데 키키",
            "speaker": {
              "id": "1번",
              "sex": "여성",
              "age": "20대"
            },
            "speechAct": "(단언) 진술하기",
            "morpheme": "둘/NR+다/MAG+성공/NNG+인데/VCP+EC+키/NNG+키/XSV+ETN"
          },
          {
            "id": 17,
            "text": "2 : 웅 진짜 빨리 하고 싶어 나는 애기도 빨리 낳고 싶고",
            "norm_text": "웅 진짜 빨리 하고 싶어 나는 애기도 빨리 낳고 싶고",
            "speaker": {
              "id": "2번",
              "sex": "남성",
              "age": "20대"
            },
            "speechAct": "(단언) 주장하기",
            "morpheme": "웅/IC+진짜/MAG+빨리/MAG+하/VV+고/EC+싶/VX+어/EC+나/NP+는/JX+애기/NNG+도/JX+빨리/MAG+낳/VV+고/EC+싶/VX+고/EC"
          },
          {
            "id": 18,
            "text": "1 : 애기는 몇 명이나 낳고 싶은데",
            "norm_text": "애기는 몇 명이나 낳고 싶은데",
            "speaker": {
              "id": "1번",
              "sex": "여성",
              "age": "20대"
            },
            "speechAct": "(지시) 질문하기",
            "morpheme": "애기/NNG+는/JX+몇/MM+명/NNBC+이나/JX+낳/VV+고/EC+싶/VX+은데/EC"
          },
          {
            "id": 19,
            "text": "2 : 연상이야 나보다 누나",
            "norm_text": "연상이야 나보다 누나",
            "speaker": {
              "id": "2번",
              "sex": "남성",
              "age": "20대"
            },
            "speechAct": "(단언) 진술하기",
            "morpheme": "연상/NNG+이/VCP+야/EF+나/NP+보다/JKB+누나/NNG"
          },
          {
            "id": 20,
            "text": "2 : 애기는 빨리 낳고 싶어",
            "norm_text": "애기는 빨리 낳고 싶어",
            "speaker": {
              "id": "2번",
              "sex": "남성",
              "age": "20대"
            },
            "speechAct": "(단언) 주장하기",
            "morpheme": "애기/NNG+는/JX+빨리/MAG+낳/VV+고/EC+싶/VX+어/EC"
          },
          {
            "id": 21,
            "text": "1 : 와, 연상이면 얼른 결혼 해야지 키키",
            "norm_text": "와, 연상이면 얼른 결혼 해야지 키키",
            "speaker": {
              "id": "1번",
              "sex": "여성",
              "age": "20대"
            },
            "speechAct": "(단언) 주장하기",
            "morpheme": "와/IC+,/SC+연상/NNG+이/VCP+면/EC+얼른/MAG+결혼/NNG+해야지/XSV+EC+키/NNG+키/XSV+ETN"
          },
          {
            "id": 22,
            "text": "2 : 웅 연상이라 결혼을 빨리 하자고 한다 키키",
            "norm_text": "웅 연상이라 결혼을 빨리 하자고 한다 키키",
            "speaker": {
              "id": "2번",
              "sex": "남성",
              "age": "20대"
            },
            "speechAct": "(단언) 주장하기",
            "morpheme": "웅/IC+연상/NNG+이/VCP+라/EC+결혼/NNG+을/JKO+빨리/MAG+하/VV+자고/EC+한/VX+ETM+다키키/NNP"
          }
        ]
      }
    }
  ]
}