{
  "dataset": {
    "identifier": 119503,
    "name": "FACEBOOK_114_12_set",
    "src_path": "/data/file/cubeManager/PROJECT001/80/txt20211103151014090017/FACEBOOK_114_12_set/",
    "label_path": "/data/file/cubeManager/PROJECT001/80/txt20211103151014090017/FACEBOOK_114_12_set/",
    "category": 2,
    "type": 0
  },
  "licenses": {
    "name": "Apache License 1.0",
    "url": "http://www.apache.org/licenses/LICENSE-1.0"
  },
  "info": [
    {
      "id": 134415,
      "filename": "FACEBOOK_114_12.txt",
      "title": "FACEBOOK_114_12",
      "mediatype": "SNS",
      "medianame": "페이스북",
      "category": "일상대화",
      "date": "2021-11-03",
      "size": 466,
      "annotations": {
        "subject": "여행",
        "speaker_type": "1:1",
        "size": 466,
        "word_size": 153,
        "text": "1 : 요즘 애들 프사 보니까 핑뮬 엄청 찍고 다니네~\n2 : 핑뮬? 핑크뮬리?\n2 : 그게 어디 있어?\n1 : 모르겠어~ 인스타 보니까 무주인가? 거기에 많다고 하더라!\n2 : 아, 그거 찍으러 거기까지 못 가겠다\n1 : 키키 나도 키키 나중에 제주도 가면 거기에도 있다고 하니까 거기서 막 찍어야지!\n2 : 맞아 위드 코로나 하면 어디든지 가야지\n1 : 키키 맞아 나 원래 핑뮬 별로 안 좋아했었는데 그거 보니까 가서 직접 보고 싶음!\n2 : 부산에도 핑뮬 엄청 많던데\n1 : 아 진짜?\n1 : 어디에 있어?\n2 : 기장에 가면 핑뮬 널렸어!\n1 : 헐 대박 키키\n1 : 근데 요즘에 핑뮬 사람들이 엄청 심더라!\n2 : 심으면 관리가 잘 될까?\n1 : 흠, 관리가 잘 되니까 물도 많이 안 줘도 되고 그래서 심는 거 아닐까?\n2 : 그래도 키우면 예쁘기는 하겠다 키키\n1 : 키키 맞아 그리고 핑뮬 생각보다 키가 작지 않아?\n2 : 어 맞아 그래서 좀 실망 ㅠㅠ",
        "lines": [
          {
            "id": 1,
            "text": "1 : 요즘 애들 프사 보니까 핑뮬 엄청 찍고 다니네~",
            "norm_text": "요즘 애들 프사 보니까 핑뮬 엄청 찍고 다니네~",
            "speaker": {
              "id": "1번",
              "sex": "여성",
              "age": "20대"
            },
            "speechAct": "(단언) 진술하기",
            "morpheme": "요즘애들프사보니까핑뮬엄청찍고다니네/UNKNOWN+~/SY"
          },
          {
            "id": 2,
            "text": "2 : 핑뮬? 핑크뮬리?",
            "norm_text": "핑뮬? 핑크뮬리?",
            "speaker": {
              "id": "2번",
              "sex": "여성",
              "age": "20대"
            },
            "speechAct": "(지시) 질문하기",
            "morpheme": "핑/MAG+뮬/NNG+?/SY+핑크뮬리/UNKNOWN"
          },
          {
            "id": 3,
            "text": "2 : 그게 어디 있어?",
            "norm_text": "그게 어디 있어?",
            "speaker": {
              "id": "2번",
              "sex": "여성",
              "age": "20대"
            },
            "speechAct": "(지시) 질문하기",
            "morpheme": "그게/NP+JKS+어디/NP+있/VA+어/EF"
          },
          {
            "id": 4,
            "text": "1 : 모르겠어~ 인스타 보니까 무주인가? 거기에 많다고 하더라!",
            "norm_text": "모르겠어~ 인스타 보니까 무주인가? 거기에 많다고 하더라!",
            "speaker": {
              "id": "1번",
              "sex": "여성",
              "age": "20대"
            },
            "speechAct": "(단언) 주장하기",
            "morpheme": "모르/VV+겠/EP+어/EC+~/SY+인/VCP+ETM+스타/NNG+보/VV+니까/EC+무주/NNG+인가/VCP+EF+거기/NP+에/JKB+많/VA+다고/EC+하/VX+더라/EF"
          },
          {
            "id": 5,
            "text": "2 : 아, 그거 찍으러 거기까지 못 가겠다",
            "norm_text": "아, 그거 찍으러 거기까지 못 가겠다",
            "speaker": {
              "id": "2번",
              "sex": "여성",
              "age": "20대"
            },
            "speechAct": "(단언) 주장하기",
            "morpheme": "아/IC+,/SC+그거/NP+찍/VV+으러/EC+거기/NP+까지/JX+못/MAG+가/VV+겠/EP+다/EC"
          },
          {
            "id": 6,
            "text": "1 : 키키 나도 키키 나중에 제주도 가면 거기에도 있다고 하니까 거기서 막 찍어야지!",
            "norm_text": "키키 나도 키키 나중에 제주도 가면 거기에도 있다고 하니까 거기서 막 찍어야지!",
            "speaker": {
              "id": "1번",
              "sex": "여성",
              "age": "20대"
            },
            "speechAct": "(단언) 주장하기",
            "morpheme": "키/NNG+키나/XSA+ETN+JX+도키/NNG+키/NNG+나중/NNG+에/JKB+제주/NNP+도/JX+가/VV+면/EC+거기/NP+에/JKB+도/JX+있/VA+다고/EC+하/VV+니까/EC+거기/NP+서막/NNG+찍/VV+어야지/EF"
          },
          {
            "id": 7,
            "text": "2 : 맞아 위드 코로나 하면 어디든지 가야지",
            "norm_text": "맞아 위드 코로나 하면 어디든지 가야지",
            "speaker": {
              "id": "2번",
              "sex": "여성",
              "age": "20대"
            },
            "speechAct": "(단언) 주장하기",
            "morpheme": "맞/VV+아/EC+위드/NNP+코로나/NNG+하/XSV+면/EC+어디/NP+든지/VCP+EC+가/VX+야지/EC"
          },
          {
            "id": 8,
            "text": "1 : 키키 맞아 나 원래 핑뮬 별로 안 좋아했었는데 그거 보니까 가서 직접 보고 싶음!",
            "norm_text": "키키 맞아 나 원래 핑뮬 별로 안 좋아했었는데 그거 보니까 가서 직접 보고 싶음!",
            "speaker": {
              "id": "1번",
              "sex": "여성",
              "age": "20대"
            },
            "speechAct": "(단언) 주장하기",
            "morpheme": "키/NNG+키/XSV+ETN+맞/VV+아/EC+나원/IC+래핑/NNG+뮬/NNG+별로/MAG+안/MAG+좋/VA+아/EC+했었/VX+EP+는데/EC+그거/NP+보/VV+니까/EC+가/VX+서/EC+직접/MAG+보/VV+고/EC+싶/VX+음/ETN"
          },
          {
            "id": 9,
            "text": "2 : 부산에도 핑뮬 엄청 많던데",
            "norm_text": "부산에도 핑뮬 엄청 많던데",
            "speaker": {
              "id": "2번",
              "sex": "여성",
              "age": "20대"
            },
            "speechAct": "(단언) 진술하기",
            "morpheme": "부산/NNP+에/JKB+도핑/NNG+뮬/NNG+엄청/MAG+많/VA+던데/EC"
          },
          {
            "id": 10,
            "text": "1 : 아 진짜?",
            "norm_text": "아 진짜?",
            "speaker": {
              "id": "1번",
              "sex": "여성",
              "age": "20대"
            },
            "speechAct": "(지시) 질문하기",
            "morpheme": "아/IC+진짜/MAG"
          },
          {
            "id": 11,
            "text": "1 : 어디에 있어?",
            "norm_text": "어디에 있어?",
            "speaker": {
              "id": "1번",
              "sex": "여성",
              "age": "20대"
            },
            "speechAct": "(지시) 질문하기",
            "morpheme": "어디/NP+에/JKB+있/VV+어/EF"
          },
          {
            "id": 12,
            "text": "2 : 기장에 가면 핑뮬 널렸어!",
            "norm_text": "기장에 가면 핑뮬 널렸어!",
            "speaker": {
              "id": "2번",
              "sex": "여성",
              "age": "20대"
            },
            "speechAct": "(단언) 진술하기",
            "morpheme": "기장/NNG+에/JKB+가/VV+면/EC+핑/MAG+뮬/NNG+널렸/VV+EP+어/EF"
          },
          {
            "id": 13,
            "text": "1 : 헐 대박 키키",
            "norm_text": "헐 대박 키키",
            "speaker": {
              "id": "1번",
              "sex": "여성",
              "age": "20대"
            },
            "speechAct": "(단언) 주장하기",
            "morpheme": "헐/IC+대박/NNG+키/NNG+키/XSV+ETN"
          },
          {
            "id": 14,
            "text": "1 : 근데 요즘에 핑뮬 사람들이 엄청 심더라!",
            "norm_text": "근데 요즘에 핑뮬 사람들이 엄청 심더라!",
            "speaker": {
              "id": "1번",
              "sex": "여성",
              "age": "20대"
            },
            "speechAct": "(단언) 주장하기",
            "morpheme": "근데/MAJ+요즘/NNG+에/JKB+핑/MAG+뮬/NNG+사람/NNG+들/XSN+이/JKS+엄청/MAG+심/VV+더라/EF"
          },
          {
            "id": 15,
            "text": "2 : 심으면 관리가 잘 될까?",
            "norm_text": "심으면 관리가 잘 될까?",
            "speaker": {
              "id": "2번",
              "sex": "여성",
              "age": "20대"
            },
            "speechAct": "(지시) 질문하기",
            "morpheme": "심/VV+으면/EC+관리/NNG+가/JKS+잘/MAG+될까/VV+EF"
          },
          {
            "id": 16,
            "text": "1 : 흠, 관리가 잘 되니까 물도 많이 안 줘도 되고 그래서 심는 거 아닐까?",
            "norm_text": "흠, 관리가 잘 되니까 물도 많이 안 줘도 되고 그래서 심는 거 아닐까?",
            "speaker": {
              "id": "1번",
              "sex": "여성",
              "age": "20대"
            },
            "speechAct": "(지시) 질문하기",
            "morpheme": "흠/IC+,/SC+관리/NNG+가/JKS+잘/MAG+되/VV+니까/EC+물/NNG+도/JX+많이/MAG+안/MAG+줘도/VV+EC+되/VV+고/EC+그래서/VV+EC+심/VV+는/ETM+거/NNB+아닐까/VCN+EF"
          },
          {
            "id": 17,
            "text": "2 : 그래도 키우면 예쁘기는 하겠다 키키",
            "norm_text": "그래도 키우면 예쁘기는 하겠다 키키",
            "speaker": {
              "id": "2번",
              "sex": "여성",
              "age": "20대"
            },
            "speechAct": "(단언) 주장하기",
            "morpheme": "그래도/MAJ+키우/VV+면/EC+예쁘/VA+기/ETN+는/JX+하/VV+겠/EP+다키키/NNP"
          },
          {
            "id": 18,
            "text": "1 : 키키 맞아 그리고 핑뮬 생각보다 키가 작지 않아?",
            "norm_text": "키키 맞아 그리고 핑뮬 생각보다 키가 작지 않아?",
            "speaker": {
              "id": "1번",
              "sex": "여성",
              "age": "20대"
            },
            "speechAct": "(지시) 질문하기",
            "morpheme": "키/NNG+키/XSV+ETN+맞/VV+아/EC+그리고/MAJ+핑/MAG+뮬/NNG+생각/NNG+보다/JKB+키/NNG+가/JKS+작/VA+지/EC+않/VX+아/EF"
          },
          {
            "id": 19,
            "text": "2 : 어 맞아 그래서 좀 실망 ㅠㅠ",
            "norm_text": "어 맞아 그래서 좀 실망 ㅠㅠ",
            "speaker": {
              "id": "2번",
              "sex": "여성",
              "age": "20대"
            },
            "speechAct": "(단언) 주장하기",
            "morpheme": "어/IC+맞아/IC+그래서/MAJ+좀/MAG+실망/NNG+ㅠㅠ/UNKNOWN"
          }
        ]
      }
    }
  ]
}