{
  "dataset": {
    "identifier": 117563,
    "name": "FACEBOOK_111_13_set",
    "src_path": "/data/file/cubeManager/PROJECT001/80/txt202111021533190532103/FACEBOOK_111_13_set/",
    "label_path": "/data/file/cubeManager/PROJECT001/80/txt202111021533190532103/FACEBOOK_111_13_set/",
    "category": 2,
    "type": 0
  },
  "licenses": {
    "name": "Apache License 1.0",
    "url": "http://www.apache.org/licenses/LICENSE-1.0"
  },
  "info": [
    {
      "id": 130037,
      "filename": "FACEBOOK_111_13.txt",
      "title": "FACEBOOK_111_13",
      "mediatype": "SNS",
      "medianame": "페이스북",
      "category": "일상대화",
      "date": "2021-11-02",
      "size": 438,
      "annotations": {
        "subject": "계절/날씨",
        "speaker_type": "1:1",
        "size": 438,
        "word_size": 143,
        "text": "1 : 그래서 이번에 옷은 털로 사야 하는가 얇은 코트를 사야 하는가 그것이 문제여~\n2 : 아무래도 겨울은 얇은 코트지~\n1 : 아직  11월도 안 왔는데 초겨울이 와버렸어 ㅜ\n2 : 그럼 두꺼운 코트로 사면 되지~\n1 : 근데 이미 얇은 코트를 사버렸는데 이건 어쩌쥬?\n2 : 헐 그런 건 환불 안되나?\n1 : 이미 택도 다 뜯고 입기만을 기다리고 있었는데!\n2 : 헐 ㅠㅠ 그거 진짜 아깝다\n1 : 근데 지금 부산도 춥긴 하지?\n2 : 응 여기도 바람 엄청 불고 추워 ㅠㅠ\n1 : 홀 ㅜㅜ\n1 : 서울도 큰 건물이 있으니까 아주 차가와 죽겠어!\n2 : 겨울이 진짜 훅 온 거 같아 ㅠㅠ\n1 : 맞아,\n1 : 이게 지구온난화 영향이라고 하던데!?\n2 : 헐... 그렇게 얘기하니까 엄청 와 닿는다\n1 : 그러니까 ㅜㅜ\n1 : 이 찬 기운이 원래 북극에 머물렀어야 한대!\n2 : 하... 내년엔 9월이 겨울이겠네~",
        "lines": [
          {
            "id": 1,
            "text": "1 : 그래서 이번에 옷은 털로 사야 하는가 얇은 코트를 사야 하는가 그것이 문제여~",
            "norm_text": "그래서 이번에 옷은 털로 사야 하는가 얇은 코트를 사야 하는가 그것이 문제여~",
            "speaker": {
              "id": "1번",
              "sex": "여성",
              "age": "20대"
            },
            "speechAct": "(단언) 주장하기",
            "morpheme": "그래서/MAJ+이번/NNG+에/JKB+옷/NNG+은/JX+털/NNG+로/JKB+사/VV+야/EC+하/VV+는가/EC+얇/VA+은/ETM+코트/NNG+를/JKO+사/VV+야/EC+하/VV+는가/EC+그것/NP+이/JKS+문제/NNG+여/JKV+~/SY"
          },
          {
            "id": 2,
            "text": "2 : 아무래도 겨울은 얇은 코트지~",
            "norm_text": "아무래도 겨울은 얇은 코트지~",
            "speaker": {
              "id": "2번",
              "sex": "여성",
              "age": "20대"
            },
            "speechAct": "(단언) 주장하기",
            "morpheme": "아무래도/MAG+겨울/NNG+은/JX+얇/VA+은/ETM+코트지/NNG+~/SY"
          },
          {
            "id": 3,
            "text": "1 : 아직  11월도 안 왔는데 초겨울이 와버렸어 ㅜ",
            "norm_text": "아직  11월도 안 왔는데 초겨울이 와버렸어 ㅜ",
            "speaker": {
              "id": "1번",
              "sex": "여성",
              "age": "20대"
            },
            "speechAct": "(단언) 주장하기",
            "morpheme": "아직/MAG+11/SN+월/NNBC+도/JX+안/MAG+왔/VV+EP+는데/EC+초겨울/NNG+이/JKS+와버렸/VV+EC+VX+EP+어ㅜ/UNKNOWN"
          },
          {
            "id": 4,
            "text": "2 : 그럼 두꺼운 코트로 사면 되지~",
            "norm_text": "그럼 두꺼운 코트로 사면 되지~",
            "speaker": {
              "id": "2번",
              "sex": "여성",
              "age": "20대"
            },
            "speechAct": "(단언) 주장하기",
            "morpheme": "그럼/MAJ+두꺼운/VA+ETM+코트/NNG+로/JKB+사면/NNG+되/XSV+지/EC+~/SY"
          },
          {
            "id": 5,
            "text": "1 : 근데 이미 얇은 코트를 사버렸는데 이건 어쩌쥬?",
            "norm_text": "근데 이미 얇은 코트를 사버렸는데 이건 어쩌쥬?",
            "speaker": {
              "id": "1번",
              "sex": "여성",
              "age": "20대"
            },
            "speechAct": "(단언) 주장하기",
            "morpheme": "근데/MAJ+이미/MAG+얇/VA+은/ETM+코트/NNG+를/JKO+사/VV+EC+버렸/VX+EP+는데/EC+이건/NP+JX+어쩌/VV+쥬/EF"
          },
          {
            "id": 6,
            "text": "2 : 헐 그런 건 환불 안되나?",
            "norm_text": "헐 그런 건 환불 안되나?",
            "speaker": {
              "id": "2번",
              "sex": "여성",
              "age": "20대"
            },
            "speechAct": "(지시) 질문하기",
            "morpheme": "헐/IC+그런/MM+건/NNB+JX+환불/NNG+안/MAG+되/VV+나/EF"
          },
          {
            "id": 7,
            "text": "1 : 이미 택도 다 뜯고 입기만을 기다리고 있었는데!",
            "norm_text": "이미 택도 다 뜯고 입기만을 기다리고 있었는데!",
            "speaker": {
              "id": "1번",
              "sex": "여성",
              "age": "20대"
            },
            "speechAct": "(단언) 주장하기",
            "morpheme": "이미/MAG+택/NNG+도/JX+다/MAG+뜯/VV+고/EC+입/VV+기/ETN+만/JX+을/JKO+기다리/VV+고/EC+있/VX+었/EP+는데/EF"
          },
          {
            "id": 8,
            "text": "2 : 헐 ㅠㅠ 그거 진짜 아깝다",
            "norm_text": "헐 ㅠㅠ 그거 진짜 아깝다",
            "speaker": {
              "id": "2번",
              "sex": "여성",
              "age": "20대"
            },
            "speechAct": "(단언) 주장하기",
            "morpheme": "헐/VV+JKO+ㅠㅠ/UNKNOWN+그거/NP+진짜/MAG+아깝/VA+다/EC"
          },
          {
            "id": 9,
            "text": "1 : 근데 지금 부산도 춥긴 하지?",
            "norm_text": "근데 지금 부산도 춥긴 하지?",
            "speaker": {
              "id": "1번",
              "sex": "여성",
              "age": "20대"
            },
            "speechAct": "(지시) 질문하기",
            "morpheme": "근데/MAJ+지금/MAG+부산/NNP+도/JX+춥/VA+긴/ETN+JX+하/VX+지/EF"
          },
          {
            "id": 10,
            "text": "2 : 응 여기도 바람 엄청 불고 추워 ㅠㅠ",
            "norm_text": "응 여기도 바람 엄청 불고 추워 ㅠㅠ",
            "speaker": {
              "id": "2번",
              "sex": "여성",
              "age": "20대"
            },
            "speechAct": "(단언) 진술하기",
            "morpheme": "응/IC+여기/NP+도/JX+바람/NNG+엄청/MAG+불/VV+고/EC+추워/VA+EC+ㅠㅠ/UNKNOWN"
          },
          {
            "id": 11,
            "text": "1 : 홀 ㅜㅜ",
            "norm_text": "홀 ㅜㅜ",
            "speaker": {
              "id": "1번",
              "sex": "여성",
              "age": "20대"
            },
            "speechAct": "턴토크 사인(관습적 반응)",
            "morpheme": "홀ㅜㅜ/UNKNOWN"
          },
          {
            "id": 12,
            "text": "1 : 서울도 큰 건물이 있으니까 아주 차가와 죽겠어!",
            "norm_text": "서울도 큰 건물이 있으니까 아주 차가와 죽겠어!",
            "speaker": {
              "id": "1번",
              "sex": "여성",
              "age": "20대"
            },
            "speechAct": "(단언) 진술하기",
            "morpheme": "서울/NNP+도/JX+큰/VA+ETM+건물/NNG+이/JKS+있/VV+으니까/EC+아주/MAG+차가와/VA+EC+죽/VV+겠/EP+어/EF"
          },
          {
            "id": 13,
            "text": "2 : 겨울이 진짜 훅 온 거 같아 ㅠㅠ",
            "norm_text": "겨울이 진짜 훅 온 거 같아 ㅠㅠ",
            "speaker": {
              "id": "2번",
              "sex": "여성",
              "age": "20대"
            },
            "speechAct": "(단언) 주장하기",
            "morpheme": "겨울/NNG+이/JKS+진짜/MAG+훅/MAG+온/VV+ETM+거/NNB+같/VA+아/EC+ㅠㅠ/UNKNOWN"
          },
          {
            "id": 14,
            "text": "1 : 맞아,",
            "norm_text": "맞아,",
            "speaker": {
              "id": "1번",
              "sex": "여성",
              "age": "20대"
            },
            "speechAct": "(단언) 주장하기",
            "morpheme": "맞/VV+아/EC+,/SC"
          },
          {
            "id": 15,
            "text": "1 : 이게 지구온난화 영향이라고 하던데!?",
            "norm_text": "이게 지구온난화 영향이라고 하던데!?",
            "speaker": {
              "id": "1번",
              "sex": "여성",
              "age": "20대"
            },
            "speechAct": "(단언) 주장하기",
            "morpheme": "이게/NP+JKS+지구/NNG+온난/NNG+화/XSN+영향/NNG+이/VCP+라고/EC+하/VV+던데/EC+!/SY"
          },
          {
            "id": 16,
            "text": "2 : 헐... 그렇게 얘기하니까 엄청 와 닿는다",
            "norm_text": "헐... 그렇게 얘기하니까 엄청 와 닿는다",
            "speaker": {
              "id": "2번",
              "sex": "여성",
              "age": "20대"
            },
            "speechAct": "(단언) 주장하기",
            "morpheme": "헐/IC+./SY+그렇게/MAG+얘기/NNG+하/XSV+니까/EC+엄청/MAG+와/VV+EC+닿/VV+는다/EC"
          },
          {
            "id": 17,
            "text": "1 : 그러니까 ㅜㅜ",
            "norm_text": "그러니까 ㅜㅜ",
            "speaker": {
              "id": "1번",
              "sex": "여성",
              "age": "20대"
            },
            "speechAct": "(단언) 주장하기",
            "morpheme": "그러니까/MAJ+ㅜㅜ/UNKNOWN"
          },
          {
            "id": 18,
            "text": "1 : 이 찬 기운이 원래 북극에 머물렀어야 한대!",
            "norm_text": "이 찬 기운이 원래 북극에 머물렀어야 한대!",
            "speaker": {
              "id": "1번",
              "sex": "여성",
              "age": "20대"
            },
            "speechAct": "(단언) 주장하기",
            "morpheme": "이찬/NNG+기운/NNG+이/JKS+원래/MAG+북극/NNG+에/JKB+머물렀/VV+EP+어야/EC+한대/VX+EF"
          },
          {
            "id": 19,
            "text": "2 : 하... 내년엔 9월이 겨울이겠네~",
            "norm_text": "하... 내년엔 9월이 겨울이겠네~",
            "speaker": {
              "id": "2번",
              "sex": "여성",
              "age": "20대"
            },
            "speechAct": "(단언) 주장하기",
            "morpheme": "하/IC+./SY+내년/NNG+엔/JKB+JX+9/SN+월/NNBC+이/JKS+겨울/NNG+이/VCP+겠/EP+네/EF+~/SY"
          }
        ]
      }
    }
  ]
}