{
  "dataset": {
    "identifier": 126938,
    "name": "FACEBOOK_122_04_set",
    "src_path": "/data/file/cubeManager/PROJECT001/84/txt20211104181832001575/FACEBOOK_122_04_set/",
    "label_path": "/data/file/cubeManager/PROJECT001/84/txt20211104181832001575/FACEBOOK_122_04_set/",
    "category": 2,
    "type": 0
  },
  "licenses": {
    "name": "Apache License 1.0",
    "url": "http://www.apache.org/licenses/LICENSE-1.0"
  },
  "info": [
    {
      "id": 137572,
      "filename": "FACEBOOK_122_04.txt",
      "title": "FACEBOOK_122_04",
      "mediatype": "SNS",
      "medianame": "페이스북",
      "category": "일상대화",
      "date": "2021-11-04",
      "size": 433,
      "annotations": {
        "subject": "회사/아르바이트",
        "speaker_type": "1:1",
        "size": 433,
        "word_size": 151,
        "text": "1 : 오빠 직장 생활 어떤 것 같아?\n2 : 나 진짜 요새 너무 힘들어 ... 사람들 때문에\n1 : 나도 요즘 일거리 많아서 야근해 키키\n2 : 진짜 나 일 너무 시켜 ...\n2 : 일이 너무 많아\n1 : 아 정말? 직장 상사 눈치 봐?\n2 : 상사 눈치는 안 보는데 일을 너무 나한테 시켜\n1 : 나도 진짜 처음에 엄청 까였는데 키키\n2 : 진짜 분담해서 해야 하는데 진짜 너무 하다\n1 : 아 그래?\n1 : 지금 회사가 바쁠 시기야?\n2 : 하루 종일 말도 못하고 입 다물고 일만하다 왔어\n1 : 헐 ㅠㅠ 에바다...\n1 : 나는 연차도 못 썼어 키키\n2 : 진짜 남의 돈 벌기 너무 힘들어 키키\n1 : 그러게, 난 계약직이라 올해까지 일해\n2 : 아 진짜 연차 나는 연차도 없다 ... 다 써가지고 키키\n1 : 헐~ 나는 있어도 못쓰고 있단 말이야 ㅠㅠ\n2 : 아 진짜 올해까지 일해서 부럽다 ...",
        "lines": [
          {
            "id": 1,
            "text": "1 : 오빠 직장 생활 어떤 것 같아?",
            "norm_text": "오빠 직장 생활 어떤 것 같아?",
            "speaker": {
              "id": "1번",
              "sex": "여성",
              "age": "20대"
            },
            "speechAct": "(지시) 질문하기",
            "morpheme": "오빠/NNG+직장/NNG+생활/NNG+어떤/MM+것/NNB+같/VA+아/EF"
          },
          {
            "id": 2,
            "text": "2 : 나 진짜 요새 너무 힘들어 ... 사람들 때문에",
            "norm_text": "나 진짜 요새 너무 힘들어 ... 사람들 때문에",
            "speaker": {
              "id": "2번",
              "sex": "남성",
              "age": "20대"
            },
            "speechAct": "(단언) 진술하기",
            "morpheme": "나/NP+진짜/MAG+요새/MAG+너무/MAG+힘들/VA+어/EF+./SY+사람/NNG+들/XSN+때문/NNB+에/JKB"
          },
          {
            "id": 3,
            "text": "1 : 나도 요즘 일거리 많아서 야근해 키키",
            "norm_text": "나도 요즘 일거리 많아서 야근해 키키",
            "speaker": {
              "id": "1번",
              "sex": "여성",
              "age": "20대"
            },
            "speechAct": "(단언) 진술하기",
            "morpheme": "나/NP+도/JX+요즘/NNG+일거리/NNG+많/VA+아서/EC+야근/NNG+해/XSV+EC+키/NNG+키/XSV+ETN"
          },
          {
            "id": 4,
            "text": "2 : 진짜 나 일 너무 시켜 ...",
            "norm_text": "진짜 나 일 너무 시켜 ...",
            "speaker": {
              "id": "2번",
              "sex": "남성",
              "age": "20대"
            },
            "speechAct": "(단언) 주장하기",
            "morpheme": "진짜/NNG+나/JC+일/NNG+너무/MAG+시켜/VV+EF+./SY"
          },
          {
            "id": 5,
            "text": "2 : 일이 너무 많아",
            "norm_text": "일이 너무 많아",
            "speaker": {
              "id": "2번",
              "sex": "남성",
              "age": "20대"
            },
            "speechAct": "(단언) 주장하기",
            "morpheme": "일/NNG+이/JKS+너무/MAG+많/VA+아/EC"
          },
          {
            "id": 6,
            "text": "1 : 아 정말? 직장 상사 눈치 봐?",
            "norm_text": "아 정말? 직장 상사 눈치 봐?",
            "speaker": {
              "id": "1번",
              "sex": "여성",
              "age": "20대"
            },
            "speechAct": "(지시) 질문하기",
            "morpheme": "아/IC+정말/MAG+직장/NNG+상사/NNG+눈치/NNG+봐/VV+EF"
          },
          {
            "id": 7,
            "text": "2 : 상사 눈치는 안 보는데 일을 너무 나한테 시켜",
            "norm_text": "상사 눈치는 안 보는데 일을 너무 나한테 시켜",
            "speaker": {
              "id": "2번",
              "sex": "남성",
              "age": "20대"
            },
            "speechAct": "(단언) 주장하기",
            "morpheme": "상사/NNG+눈치/NNG+는/JX+안/MAG+보/VV+는데/EC+일/NNG+을/JKO+너무/MAG+나/NP+한테/JKB+시켜/VV+EC"
          },
          {
            "id": 8,
            "text": "1 : 나도 진짜 처음에 엄청 까였는데 키키",
            "norm_text": "나도 진짜 처음에 엄청 까였는데 키키",
            "speaker": {
              "id": "1번",
              "sex": "여성",
              "age": "20대"
            },
            "speechAct": "(단언) 주장하기",
            "morpheme": "나/NP+도/JX+진짜/MAG+처음/NNG+에/JKB+엄청/MAG+까/VV+였/EP+는데/EC+키/NNG+키/XSV+ETN"
          },
          {
            "id": 9,
            "text": "2 : 진짜 분담해서 해야 하는데 진짜 너무 하다",
            "norm_text": "진짜 분담해서 해야 하는데 진짜 너무 하다",
            "speaker": {
              "id": "2번",
              "sex": "남성",
              "age": "20대"
            },
            "speechAct": "(단언) 주장하기",
            "morpheme": "진짜/MAG+분담/NNG+해서/XSV+EC+해야/VV+EC+하/VV+는데/EC+진짜/MAG+너무/MAG+하/VV+다/EC"
          },
          {
            "id": 10,
            "text": "1 : 아 그래?",
            "norm_text": "아 그래?",
            "speaker": {
              "id": "1번",
              "sex": "여성",
              "age": "20대"
            },
            "speechAct": "(지시) 질문하기",
            "morpheme": "아/IC+그래/IC"
          },
          {
            "id": 11,
            "text": "1 : 지금 회사가 바쁠 시기야?",
            "norm_text": "지금 회사가 바쁠 시기야?",
            "speaker": {
              "id": "1번",
              "sex": "여성",
              "age": "20대"
            },
            "speechAct": "(지시) 질문하기",
            "morpheme": "지금/MAG+회사/NNG+가/JKS+바쁠/VA+ETM+시기/NNG+야/VCP+EF"
          },
          {
            "id": 12,
            "text": "2 : 하루 종일 말도 못하고 입 다물고 일만하다 왔어",
            "norm_text": "하루 종일 말도 못하고 입 다물고 일만하다 왔어",
            "speaker": {
              "id": "2번",
              "sex": "남성",
              "age": "20대"
            },
            "speechAct": "(단언) 주장하기",
            "morpheme": "하루/NNG+종일/NNG+말/NNG+도/JX+못하/VX+고/EC+입다물/VV+고/EC+일/NNG+만/JX+하/VV+다/EC+왔/VX+EP+어/EC"
          },
          {
            "id": 13,
            "text": "1 : 헐 ㅠㅠ 에바다...",
            "norm_text": "헐 ㅠㅠ 에바다...",
            "speaker": {
              "id": "1번",
              "sex": "여성",
              "age": "20대"
            },
            "speechAct": "(표현) 부정감정 표현하기",
            "morpheme": "헐ㅠㅠ에바다/UNKNOWN+./SY"
          },
          {
            "id": 14,
            "text": "1 : 나는 연차도 못 썼어 키키",
            "norm_text": "나는 연차도 못 썼어 키키",
            "speaker": {
              "id": "1번",
              "sex": "여성",
              "age": "20대"
            },
            "speechAct": "(단언) 진술하기",
            "morpheme": "나/NP+는/JX+연차/NNG+도/JX+못/MAG+썼/VV+EP+어/EC+키/NNG+키/XSV+ETN"
          },
          {
            "id": 15,
            "text": "2 : 진짜 남의 돈 벌기 너무 힘들어 키키",
            "norm_text": "진짜 남의 돈 벌기 너무 힘들어 키키",
            "speaker": {
              "id": "2번",
              "sex": "남성",
              "age": "20대"
            },
            "speechAct": "(단언) 주장하기",
            "morpheme": "진짜/MAG+남/NNG+의/JKG+돈/NNG+벌기/NNG+너무/MAG+힘들/VA+어/EC+키/NNG+키/XSV+ETN"
          },
          {
            "id": 16,
            "text": "1 : 그러게, 난 계약직이라 올해까지 일해",
            "norm_text": "그러게, 난 계약직이라 올해까지 일해",
            "speaker": {
              "id": "1번",
              "sex": "여성",
              "age": "20대"
            },
            "speechAct": "(단언) 주장하기",
            "morpheme": "그러게/IC+,/SC+난/NP+JX+계약직/NNG+이/VCP+라/EC+올해/NNG+까지/JX+일/NNG+해/XSV+EC"
          },
          {
            "id": 17,
            "text": "2 : 아 진짜 연차 나는 연차도 없다 ... 다 써가지고 키키",
            "norm_text": "아 진짜 연차 나는 연차도 없다 ... 다 써가지고 키키",
            "speaker": {
              "id": "2번",
              "sex": "남성",
              "age": "20대"
            },
            "speechAct": "(단언) 주장하기",
            "morpheme": "아/IC+진짜/MAG+연차/MAG+나/NP+는/JX+연차/NNG+도/JX+없/VA+다/EF+./SY+다/MAG+써/VV+EC+가지/VX+고/EC+키/NNG+키/XSV+ETN"
          },
          {
            "id": 18,
            "text": "1 : 헐~ 나는 있어도 못쓰고 있단 말이야 ㅠㅠ",
            "norm_text": "헐~ 나는 있어도 못쓰고 있단 말이야 ㅠㅠ",
            "speaker": {
              "id": "1번",
              "sex": "여성",
              "age": "20대"
            },
            "speechAct": "(단언) 주장하기",
            "morpheme": "헐/NNP+~/SY+나는있어도못쓰고있단말이야ㅠㅠ/UNKNOWN"
          },
          {
            "id": 19,
            "text": "2 : 아 진짜 올해까지 일해서 부럽다 ...",
            "norm_text": "아 진짜 올해까지 일해서 부럽다 ...",
            "speaker": {
              "id": "2번",
              "sex": "남성",
              "age": "20대"
            },
            "speechAct": "(단언) 주장하기",
            "morpheme": "아/IC+진짜/MAG+올해/NNG+까지/JX+일/NNG+해서/XSV+EC+부럽/VA+다/EF+./SY"
          }
        ]
      }
    }
  ]
}