{
  "dataset": {
    "identifier": 118558,
    "name": "FACEBOOK_110_20_set",
    "src_path": "/data/file/cubeManager/PROJECT001/80/txt20211102153319042966/FACEBOOK_110_20_set/",
    "label_path": "/data/file/cubeManager/PROJECT001/80/txt20211102153319042966/FACEBOOK_110_20_set/",
    "category": 2,
    "type": 0
  },
  "licenses": {
    "name": "Apache License 1.0",
    "url": "http://www.apache.org/licenses/LICENSE-1.0"
  },
  "info": [
    {
      "id": 130024,
      "filename": "FACEBOOK_110_20.txt",
      "title": "FACEBOOK_110_20",
      "mediatype": "SNS",
      "medianame": "페이스북",
      "category": "일상대화",
      "date": "2021-11-02",
      "size": 473,
      "annotations": {
        "subject": "영화/만화",
        "speaker_type": "1:1",
        "size": 473,
        "word_size": 165,
        "text": "1 : 언니 이번 주에 영화보러는 안 가?\n2 : 나 안 가\n2 : 볼 영화가 없어...\n1 : 그렇지?\n1 : 요즘에 코로나라 영화사도 지금 개봉하면 다 적자니까 안 내보내는 거래!\n2 : 보이스 봤어? 보이스 재밌어!\n1 : 아 진짜? 나 그거는 아직 못 봤어 ㅜㅜ\n2 : 베놈인가? 그것도 뜨던데 돈 아깝데 키키\n1 : 맞아 키키 다들 그러더라\n1 : 보이스는 그거 보면 링크 같은 거 못 누르게 된다던데?\n2 : 보이스 진짜 재밌 어 봐바\n2 : 남친 언제 만나?\n1 : 흠 일단 이번 달은 못 만날 거 같고 그냥 혼자 보러 가야지!\n2 : 웅 봐 바 혼자도 볼만해\n1 : 키키 오키 주말에 심야 영화로 봐야겠다!\n2 : 가서 핫도그 먹어야 되는데 키키\n1 : 키키 나는 가면 무조건 오징어~\n2 : 근데 요새 못 먹게 하잖아 음료만 가능 ㅜㅜ\n1 : 맞아 ㅜㅜ 어쩔 수 없지\n1 : 차라리 집에서 편하게 먹는 게 나아 그런 거는!\n2 : 맞아\n2 : 하여튼 봐 바 꿀잼이다~",
        "lines": [
          {
            "id": 1,
            "text": "1 : 언니 이번 주에 영화보러는 안 가?",
            "norm_text": "언니 이번 주에 영화보러는 안 가?",
            "speaker": {
              "id": "1번",
              "sex": "여성",
              "age": "20대"
            },
            "speechAct": "(지시) 질문하기",
            "morpheme": "언니/NNG+이번/NNG+주/NNG+에/JKB+영화/NNG+보러/JKB+는/JX+안/MAG+가/VV+EF"
          },
          {
            "id": 2,
            "text": "2 : 나 안 가",
            "norm_text": "나 안 가",
            "speaker": {
              "id": "2번",
              "sex": "여성",
              "age": "20대"
            },
            "speechAct": "(단언) 진술하기",
            "morpheme": "나/NP+안/MAG+가/VV+EC"
          },
          {
            "id": 3,
            "text": "2 : 볼 영화가 없어...",
            "norm_text": "볼 영화가 없어...",
            "speaker": {
              "id": "2번",
              "sex": "여성",
              "age": "20대"
            },
            "speechAct": "(단언) 주장하기",
            "morpheme": "볼/VV+ETM+영화/NNG+가/JKS+없/VA+어/EF+./SY"
          },
          {
            "id": 4,
            "text": "1 : 그렇지?",
            "norm_text": "그렇지?",
            "speaker": {
              "id": "1번",
              "sex": "여성",
              "age": "20대"
            },
            "speechAct": "(지시) 질문하기",
            "morpheme": "그렇/VA+지/EF"
          },
          {
            "id": 5,
            "text": "1 : 요즘에 코로나라 영화사도 지금 개봉하면 다 적자니까 안 내보내는 거래!",
            "norm_text": "요즘에 코로나라 영화사도 지금 개봉하면 다 적자니까 안 내보내는 거래!",
            "speaker": {
              "id": "1번",
              "sex": "여성",
              "age": "20대"
            },
            "speechAct": "(단언) 진술하기",
            "morpheme": "요즘/NNG+에/JKB+코/NNG+로/JKB+나라/NNG+영화사/NNG+도/JX+지금/MAG+개봉/NNG+하/XSV+면/EC+다/MAG+적자/NNG+니까/VCP+EC+안/MAG+내보내/VV+는/ETM+거/NNB+래/VCP+EF"
          },
          {
            "id": 6,
            "text": "2 : 보이스 봤어? 보이스 재밌어!",
            "norm_text": "보이스 봤어? 보이스 재밌어!",
            "speaker": {
              "id": "2번",
              "sex": "여성",
              "age": "20대"
            },
            "speechAct": "(지시) 질문하기",
            "morpheme": "보이스/NNP+봤/VV+EP+어/EF+보이스/NNP+재밌/VA+어/EF"
          },
          {
            "id": 7,
            "text": "1 : 아 진짜? 나 그거는 아직 못 봤어 ㅜㅜ",
            "norm_text": "아 진짜? 나 그거는 아직 못 봤어 ㅜㅜ",
            "speaker": {
              "id": "1번",
              "sex": "여성",
              "age": "20대"
            },
            "speechAct": "(단언) 진술하기",
            "morpheme": "아/IC+진짜/MAG+나/NP+그거/NP+는/JX+아직/MAG+못/MAG+봤/VV+EP+어/EF+ㅜㅜ/UNKNOWN"
          },
          {
            "id": 8,
            "text": "2 : 베놈인가? 그것도 뜨던데 돈 아깝데 키키",
            "norm_text": "베놈인가? 그것도 뜨던데 돈 아깝데 키키",
            "speaker": {
              "id": "2번",
              "sex": "여성",
              "age": "20대"
            },
            "speechAct": "(단언) 진술하기",
            "morpheme": "베/NNG+놈/NNB+인가/VCP+EF+그것도뜨던데돈아깝데키키/UNKNOWN"
          },
          {
            "id": 9,
            "text": "1 : 맞아 키키 다들 그러더라",
            "norm_text": "맞아 키키 다들 그러더라",
            "speaker": {
              "id": "1번",
              "sex": "여성",
              "age": "20대"
            },
            "speechAct": "(단언) 주장하기",
            "morpheme": "맞/VV+아/EC+키/NNG+키/VV+다/EC+들/XSN+그러/VV+더라/EC"
          },
          {
            "id": 10,
            "text": "1 : 보이스는 그거 보면 링크 같은 거 못 누르게 된다던데?",
            "norm_text": "보이스는 그거 보면 링크 같은 거 못 누르게 된다던데?",
            "speaker": {
              "id": "1번",
              "sex": "여성",
              "age": "20대"
            },
            "speechAct": "(지시) 질문하기",
            "morpheme": "보이스/NNP+는/JX+그거/NP+보/VV+면/EC+링크/NNG+같/VA+은/ETM+거/NNB+못/MAG+누르/VV+게/EC+된다던데/VV+EF"
          },
          {
            "id": 11,
            "text": "2 : 보이스 진짜 재밌 어 봐바",
            "norm_text": "보이스 진짜 재밌 어 봐바",
            "speaker": {
              "id": "2번",
              "sex": "여성",
              "age": "20대"
            },
            "speechAct": "(단언) 주장하기",
            "morpheme": "보이스/NNP+진짜/MAG+재밌/VA+어/EC+봐/VX+바/EC"
          },
          {
            "id": 12,
            "text": "2 : 남친 언제 만나?",
            "norm_text": "남친 언제 만나?",
            "speaker": {
              "id": "2번",
              "sex": "여성",
              "age": "20대"
            },
            "speechAct": "(지시) 질문하기",
            "morpheme": "남친/NNG+언제/MAG+만나/VV+EF"
          },
          {
            "id": 13,
            "text": "1 : 흠 일단 이번 달은 못 만날 거 같고 그냥 혼자 보러 가야지!",
            "norm_text": "흠 일단 이번 달은 못 만날 거 같고 그냥 혼자 보러 가야지!",
            "speaker": {
              "id": "1번",
              "sex": "여성",
              "age": "20대"
            },
            "speechAct": "(단언) 주장하기",
            "morpheme": "흠/IC+일단/MAG+이번/NNG+달/NNG+은/JX+못/MAG+만날/VV+ETM+거/NNB+같/VA+고/EC+그냥/MAG+혼자/MAG+보/VV+러/EC+가/VX+야지/EF"
          },
          {
            "id": 14,
            "text": "2 : 웅 봐 바 혼자도 볼만해",
            "norm_text": "웅 봐 바 혼자도 볼만해",
            "speaker": {
              "id": "2번",
              "sex": "여성",
              "age": "20대"
            },
            "speechAct": "(단언) 주장하기",
            "morpheme": "웅/MAG+봐/VV+바/EC+혼자/NNG+도/JX+볼/NNG+만/JX+해/VV+EC"
          },
          {
            "id": 15,
            "text": "1 : 키키 오키 주말에 심야 영화로 봐야겠다!",
            "norm_text": "키키 오키 주말에 심야 영화로 봐야겠다!",
            "speaker": {
              "id": "1번",
              "sex": "여성",
              "age": "20대"
            },
            "speechAct": "(단언) 주장하기",
            "morpheme": "키키/NNP+오키/NNP+주말/NNG+에/JKB+심야/NNG+영화/NNG+로/JKB+봐야겠다/VV+EC+VX+EP+EF"
          },
          {
            "id": 16,
            "text": "2 : 가서 핫도그 먹어야 되는데 키키",
            "norm_text": "가서 핫도그 먹어야 되는데 키키",
            "speaker": {
              "id": "2번",
              "sex": "여성",
              "age": "20대"
            },
            "speechAct": "(단언) 주장하기",
            "morpheme": "가/VV+서/EC+핫도그/NNG+먹/VV+어야/EC+되/VV+는데/EC+키/NNG+키/XSV+ETN"
          },
          {
            "id": 17,
            "text": "1 : 키키 나는 가면 무조건 오징어~",
            "norm_text": "키키 나는 가면 무조건 오징어~",
            "speaker": {
              "id": "1번",
              "sex": "여성",
              "age": "20대"
            },
            "speechAct": "(단언) 주장하기",
            "morpheme": "키/NNG+키나/XSA+ETN+JX+는/JX+가/VV+면/EC+무조건/MAG+오징어/NNG+~/SY"
          },
          {
            "id": 18,
            "text": "2 : 근데 요새 못 먹게 하잖아 음료만 가능 ㅜㅜ",
            "norm_text": "근데 요새 못 먹게 하잖아 음료만 가능 ㅜㅜ",
            "speaker": {
              "id": "2번",
              "sex": "여성",
              "age": "20대"
            },
            "speechAct": "(단언) 주장하기",
            "morpheme": "근데/MAJ+요새/MAG+못/MAG+먹/VV+게/EC+하/VV+잖아/EC+음료/NNG+만/JX+가능/NNG+ㅜㅜ/UNKNOWN"
          },
          {
            "id": 19,
            "text": "1 : 맞아 ㅜㅜ 어쩔 수 없지",
            "norm_text": "맞아 ㅜㅜ 어쩔 수 없지",
            "speaker": {
              "id": "1번",
              "sex": "여성",
              "age": "20대"
            },
            "speechAct": "(단언) 주장하기",
            "morpheme": "맞/VV+아/EC+ㅜㅜ/UNKNOWN+어쩔/VV+ETM+수/NNB+없/VA+지/EC"
          },
          {
            "id": 20,
            "text": "1 : 차라리 집에서 편하게 먹는 게 나아 그런 거는!",
            "norm_text": "차라리 집에서 편하게 먹는 게 나아 그런 거는!",
            "speaker": {
              "id": "1번",
              "sex": "여성",
              "age": "20대"
            },
            "speechAct": "(단언) 주장하기",
            "morpheme": "차라리/MAG+집/NNG+에서/JKB+편하/VA+게/EC+먹/VV+는/ETM+게/NNB+JKS+나아/VA+EF+그런/MM+거/NNB+는/JX"
          },
          {
            "id": 21,
            "text": "2 : 맞아",
            "norm_text": "맞아",
            "speaker": {
              "id": "2번",
              "sex": "여성",
              "age": "20대"
            },
            "speechAct": "(단언) 주장하기",
            "morpheme": "맞/VV+아/EC"
          },
          {
            "id": 22,
            "text": "2 : 하여튼 봐 바 꿀잼이다~",
            "norm_text": "하여튼 봐 바 꿀잼이다~",
            "speaker": {
              "id": "2번",
              "sex": "여성",
              "age": "20대"
            },
            "speechAct": "(단언) 주장하기",
            "morpheme": "하여튼/MAG+봐/VV+EC+바꿀/VV+ETM+잼/NNG+이/VCP+다/EC+~/SY"
          }
        ]
      }
    }
  ]
}