{
  "dataset": {
    "identifier": 117219,
    "name": "FACEBOOK_110_01_set",
    "src_path": "/data/file/cubeManager/PROJECT001/80/txt20211102153319027374/FACEBOOK_110_01_set/",
    "label_path": "/data/file/cubeManager/PROJECT001/80/txt20211102153319027374/FACEBOOK_110_01_set/",
    "category": 2,
    "type": 0
  },
  "licenses": {
    "name": "Apache License 1.0",
    "url": "http://www.apache.org/licenses/LICENSE-1.0"
  },
  "info": [
    {
      "id": 130005,
      "filename": "FACEBOOK_110_01.txt",
      "title": "FACEBOOK_110_01",
      "mediatype": "SNS",
      "medianame": "페이스북",
      "category": "일상대화",
      "date": "2021-11-02",
      "size": 389,
      "annotations": {
        "subject": "식음료",
        "speaker_type": "1:1",
        "size": 389,
        "word_size": 130,
        "text": "1 : 아 역시 떡볶이는 존맛이야!\n2 : 나도 오늘 떡볶이 생각 엄청 했는데\n1 : 아 진짜? 저녁 안 먹었어?\n2 : 웅 아직 안 먹었지 다이어트..\n1 : 흙 내가 언니한테 배워야 할 점이 되게 많다!\n2 : 키키 아냐 요새 너무 많이 먹었어\n1 : 키키 언니 근데 물어보면 맨날 저녁에 굶는다고 하잖아!\n2 : 맞아 대부분은 안 먹으려고 하지\n1 : 키키 그니까\n1 : 하지만 저녁에 먹는 떡볶이는 존맛이지!\n2 : 와 떡볶이 먹었어 그래서?\n1 : 어! 거기다가 김밥도 먹었어!\n2 : 와 나도 김밥 사오려다 말았는데\n1 : 헐 키키 김밥 사오지 그랬어!\n1 : 내일 일 어떻게 하려고!\n2 : 아냐 그래도 살 빠지는 거 보면 뿌듯\n1 : 키키 나는 떡볶이 국물에 김밥 찍어 먹음!\n2 : 여기까지 살찌는 소리 들린다",
        "lines": [
          {
            "id": 1,
            "text": "1 : 아 역시 떡볶이는 존맛이야!",
            "norm_text": "아 역시 떡볶이는 존맛이야!",
            "speaker": {
              "id": "1번",
              "sex": "여성",
              "age": "20대"
            },
            "speechAct": "(단언) 주장하기",
            "morpheme": "아/IC+역시/MAJ+떡볶이/NNG+는/JX+존/NNP+맛/NNG+이/VCP+야/EF"
          },
          {
            "id": 2,
            "text": "2 : 나도 오늘 떡볶이 생각 엄청 했는데",
            "norm_text": "나도 오늘 떡볶이 생각 엄청 했는데",
            "speaker": {
              "id": "2번",
              "sex": "여성",
              "age": "20대"
            },
            "speechAct": "(단언) 진술하기",
            "morpheme": "나/NP+도/JX+오늘/MAG+떡볶이/NNG+생각/NNG+엄청/MAG+했/VV+EP+는데/EC"
          },
          {
            "id": 3,
            "text": "1 : 아 진짜? 저녁 안 먹었어?",
            "norm_text": "아 진짜? 저녁 안 먹었어?",
            "speaker": {
              "id": "1번",
              "sex": "여성",
              "age": "20대"
            },
            "speechAct": "(지시) 질문하기",
            "morpheme": "아/IC+진짜/MAG+저녁/NNG+안/MAG+먹/VV+었/EP+어/EF"
          },
          {
            "id": 4,
            "text": "2 : 웅 아직 안 먹었지 다이어트..",
            "norm_text": "웅 아직 안 먹었지 다이어트..",
            "speaker": {
              "id": "2번",
              "sex": "여성",
              "age": "20대"
            },
            "speechAct": "(단언) 진술하기",
            "morpheme": "웅/IC+아직/MAG+안/MAG+먹/VV+었/EP+지/EC+다이어트/NNG+./SY"
          },
          {
            "id": 5,
            "text": "1 : 흙 내가 언니한테 배워야 할 점이 되게 많다!",
            "norm_text": "흙 내가 언니한테 배워야 할 점이 되게 많다!",
            "speaker": {
              "id": "1번",
              "sex": "여성",
              "age": "20대"
            },
            "speechAct": "(단언) 주장하기",
            "morpheme": "흙내/NNG+가/JKS+언니/NNG+한테/JKB+배워야/VV+EC+할/VX+ETM+점/NNG+이/JKS+되게/MAG+많/VA+다/EF"
          },
          {
            "id": 6,
            "text": "2 : 키키 아냐 요새 너무 많이 먹었어",
            "norm_text": "키키 아냐 요새 너무 많이 먹었어",
            "speaker": {
              "id": "2번",
              "sex": "여성",
              "age": "20대"
            },
            "speechAct": "(단언) 주장하기",
            "morpheme": "키/NNG+키/XSV+ETN+아냐/VCN+EF+요새/MAG+너무/MAG+많이/MAG+먹/VV+었/EP+어/EC"
          },
          {
            "id": 7,
            "text": "1 : 키키 언니 근데 물어보면 맨날 저녁에 굶는다고 하잖아!",
            "norm_text": "키키 언니 근데 물어보면 맨날 저녁에 굶는다고 하잖아!",
            "speaker": {
              "id": "1번",
              "sex": "여성",
              "age": "20대"
            },
            "speechAct": "(단언) 진술하기",
            "morpheme": "키/NNG+키/NNG+언니/NNG+근데/MAJ+물/VV+어/EC+보/VX+면/EC+맨날/MAG+저녁/NNG+에/JKB+굶/VV+는다고/EC+하/VX+잖아/EF"
          },
          {
            "id": 8,
            "text": "2 : 맞아 대부분은 안 먹으려고 하지",
            "norm_text": "맞아 대부분은 안 먹으려고 하지",
            "speaker": {
              "id": "2번",
              "sex": "여성",
              "age": "20대"
            },
            "speechAct": "(단언) 주장하기",
            "morpheme": "맞/VV+아/EC+대부분/NNG+은/JX+안/MAG+먹/VV+으려고/EC+하/VV+지/EC"
          },
          {
            "id": 9,
            "text": "1 : 키키 그니까",
            "norm_text": "키키 그니까",
            "speaker": {
              "id": "1번",
              "sex": "여성",
              "age": "20대"
            },
            "speechAct": "(단언) 주장하기",
            "morpheme": "키/NNG+키/XSV+ETN+그니까/MAJ"
          },
          {
            "id": 10,
            "text": "1 : 하지만 저녁에 먹는 떡볶이는 존맛이지!",
            "norm_text": "하지만 저녁에 먹는 떡볶이는 존맛이지!",
            "speaker": {
              "id": "1번",
              "sex": "여성",
              "age": "20대"
            },
            "speechAct": "(단언) 주장하기",
            "morpheme": "하지만/MAJ+저녁/NNG+에/JKB+먹/VV+는/ETM+떡볶이/NNG+는/JX+존/NNP+맛/NNG+이/VCP+지/EF"
          },
          {
            "id": 11,
            "text": "2 : 와 떡볶이 먹었어 그래서?",
            "norm_text": "와 떡볶이 먹었어 그래서?",
            "speaker": {
              "id": "2번",
              "sex": "여성",
              "age": "20대"
            },
            "speechAct": "(지시) 질문하기",
            "morpheme": "와/IC+떡볶이/NNG+먹/VV+었/EP+어/EF+그래서/MAJ"
          },
          {
            "id": 12,
            "text": "1 : 어! 거기다가 김밥도 먹었어!",
            "norm_text": "어! 거기다가 김밥도 먹었어!",
            "speaker": {
              "id": "1번",
              "sex": "여성",
              "age": "20대"
            },
            "speechAct": "(단언) 진술하기",
            "morpheme": "어/IC+거기/NP+다가/JX+김밥/NNG+도/JX+먹/VV+었/EP+어/EF"
          },
          {
            "id": 13,
            "text": "2 : 와 나도 김밥 사오려다 말았는데",
            "norm_text": "와 나도 김밥 사오려다 말았는데",
            "speaker": {
              "id": "2번",
              "sex": "여성",
              "age": "20대"
            },
            "speechAct": "(단언) 주장하기",
            "morpheme": "와나/NNP+도/JX+김밥/NNG+사/VV+오려다/EC+말/VX+았/EP+는데/EC"
          },
          {
            "id": 14,
            "text": "1 : 헐 키키 김밥 사오지 그랬어!",
            "norm_text": "헐 키키 김밥 사오지 그랬어!",
            "speaker": {
              "id": "1번",
              "sex": "여성",
              "age": "20대"
            },
            "speechAct": "(단언) 주장하기",
            "morpheme": "헐/IC+키/NNG+키/NNG+김밥/NNG+사/VV+EC+오/VV+지/EC+그랬/VV+EP+어/EF"
          },
          {
            "id": 15,
            "text": "1 : 내일 일 어떻게 하려고!",
            "norm_text": "내일 일 어떻게 하려고!",
            "speaker": {
              "id": "1번",
              "sex": "여성",
              "age": "20대"
            },
            "speechAct": "(단언) 주장하기",
            "morpheme": "내일/MAG+일/NNG+어떻게/MAG+하/VV+려고/EF"
          },
          {
            "id": 16,
            "text": "2 : 아냐 그래도 살 빠지는 거 보면 뿌듯",
            "norm_text": "아냐 그래도 살 빠지는 거 보면 뿌듯",
            "speaker": {
              "id": "2번",
              "sex": "여성",
              "age": "20대"
            },
            "speechAct": "(단언) 주장하기",
            "morpheme": "아냐/IC+그래도/MAJ+살/NNG+빠지/VV+는/ETM+거/NNB+보/VV+면/EC+뿌/VX+듯/EC"
          },
          {
            "id": 17,
            "text": "1 : 키키 나는 떡볶이 국물에 김밥 찍어 먹음!",
            "norm_text": "키키 나는 떡볶이 국물에 김밥 찍어 먹음!",
            "speaker": {
              "id": "1번",
              "sex": "여성",
              "age": "20대"
            },
            "speechAct": "(단언) 진술하기",
            "morpheme": "키/NNG+키나/XSA+ETN+JX+는/JX+떡볶이/NNG+국물/NNG+에/JKB+김밥/NNG+찍/VV+어/EC+먹/VV+음/ETN"
          },
          {
            "id": 18,
            "text": "2 : 여기까지 살찌는 소리 들린다",
            "norm_text": "여기까지 살찌는 소리 들린다",
            "speaker": {
              "id": "2번",
              "sex": "여성",
              "age": "20대"
            },
            "speechAct": "(단언) 주장하기",
            "morpheme": "여기/NP+까지/JX+살찌/VV+는/ETM+소리/NNG+들린다/VV+EC"
          }
        ]
      }
    }
  ]
}