{
  "dataset": {
    "identifier": 102303,
    "name": "FACEBOOK_109_16_set",
    "src_path": "/data/file/cubeManager/PROJECT001/77/txt20211029160805066936/FACEBOOK_109_16_set/",
    "label_path": "/data/file/cubeManager/PROJECT001/77/txt20211029160805066936/FACEBOOK_109_16_set/",
    "category": 2,
    "type": 0
  },
  "licenses": {
    "name": "Apache License 1.0",
    "url": "http://www.apache.org/licenses/LICENSE-1.0"
  },
  "info": [
    {
      "id": 111324,
      "filename": "FACEBOOK_109_16.txt",
      "title": "FACEBOOK_109_16",
      "mediatype": "SNS",
      "medianame": "페이스북",
      "category": "일상대화",
      "date": "2021-10-29",
      "size": 418,
      "annotations": {
        "subject": "미용",
        "speaker_type": "1:1",
        "size": 418,
        "word_size": 145,
        "text": "1 : 언니는 지금 하고 싶은 머리스타일 있어?\n2 : 나는 뿌리 매직 좀 하고 싶다!\n1 : 뿌리 매직?\n1 : 머리가 많이 떠?\n2 : 나 천생 곱슬이라 스트레스야ㅠㅠ\n1 : 아 진짜? 키키\n1 : 곱슬인 줄 몰랐어!\n2 : 나 앞머리 부분만 곱슬이야ㅠㅠ\n1 : 헐 그런 경우도 있어?\n1 : 그러면 파마한 것처럼 보여?\n2 : 응!\n2 : 그래서 여름에 항상 힘들어\n1 : 헐 ㅜㅜ 나도 반곱슬이긴 한데 그렇다고 스트레스 받지는 않거든!\n2 : 너도 매번 매직 해?\n1 : 아니\n1 : 나는 중학생 때 단발머리 했을 때 빼고는 안 했어!\n2 : 와, 그럼 너는 축복 받은 거다 키키\n1 : 키키 아 진짜?\n1 : 대신에 머리숱이 많아서 머리가 무거움 ㅜ\n2 : 키키 맨날 머리 잘라줘야겠네!\n1 : 키키 맞아\n1 : 이제 조만간 미용실 갈 거야!\n2 : 응 미용실 같이 가서 보자!",
        "lines": [
          {
            "id": 1,
            "text": "1 : 언니는 지금 하고 싶은 머리스타일 있어?",
            "norm_text": "언니는 지금 하고 싶은 머리스타일 있어?",
            "speaker": {
              "id": "1번",
              "sex": "여성",
              "age": "20대"
            },
            "speechAct": "(지시) 질문하기",
            "morpheme": "언니/NNG+는/JX+지금/NNG+하/XSV+고/EC+싶/VX+은/ETM+머리/NNG+스타일/NNG+있/VA+어/EF"
          },
          {
            "id": 2,
            "text": "2 : 나는 뿌리 매직 좀 하고 싶다!",
            "norm_text": "나는 뿌리 매직 좀 하고 싶다!",
            "speaker": {
              "id": "2번",
              "sex": "여성",
              "age": "20대"
            },
            "speechAct": "(단언) 주장하기",
            "morpheme": "나/NP+는/JX+뿌리/NNG+매직/NNG+좀/MAG+하/VV+고/EC+싶/VX+다/EF"
          },
          {
            "id": 3,
            "text": "1 : 뿌리 매직?",
            "norm_text": "뿌리 매직?",
            "speaker": {
              "id": "1번",
              "sex": "여성",
              "age": "20대"
            },
            "speechAct": "(지시) 질문하기",
            "morpheme": "뿌리/NNG+매직/NNG"
          },
          {
            "id": 4,
            "text": "1 : 머리가 많이 떠?",
            "norm_text": "머리가 많이 떠?",
            "speaker": {
              "id": "1번",
              "sex": "여성",
              "age": "20대"
            },
            "speechAct": "(지시) 질문하기",
            "morpheme": "머리/NNG+가/JKS+많이/MAG+떠/VV+EF"
          },
          {
            "id": 5,
            "text": "2 : 나 천생 곱슬이라 스트레스야ㅠㅠ",
            "norm_text": "나 천생 곱슬이라 스트레스야ㅠㅠ",
            "speaker": {
              "id": "2번",
              "sex": "여성",
              "age": "20대"
            },
            "speechAct": "(단언) 주장하기",
            "morpheme": "나/NP+천생/MAG+곱슬/MAG+이/VCP+라/EC+스트레스/NNG+야/VCP+EF+ㅠㅠ/UNKNOWN"
          },
          {
            "id": 6,
            "text": "1 : 아 진짜? 키키",
            "norm_text": "아 진짜? 키키",
            "speaker": {
              "id": "1번",
              "sex": "여성",
              "age": "20대"
            },
            "speechAct": "(지시) 질문하기",
            "morpheme": "아/IC+진짜/MAG+키/NNG+키/XSV+ETN"
          },
          {
            "id": 7,
            "text": "1 : 곱슬인 줄 몰랐어!",
            "norm_text": "곱슬인 줄 몰랐어!",
            "speaker": {
              "id": "1번",
              "sex": "여성",
              "age": "20대"
            },
            "speechAct": "(단언) 진술하기",
            "morpheme": "곱슬/MAG+인/VCP+ETM+줄/NNB+몰랐/VV+EP+어/EF"
          },
          {
            "id": 8,
            "text": "2 : 나 앞머리 부분만 곱슬이야ㅠㅠ",
            "norm_text": "나 앞머리 부분만 곱슬이야ㅠㅠ",
            "speaker": {
              "id": "2번",
              "sex": "여성",
              "age": "20대"
            },
            "speechAct": "(단언) 진술하기",
            "morpheme": "나/NP+앞머리/NNG+부분/NNG+만/JX+곱슬/MAG+이야/JX+ㅠㅠ/UNKNOWN"
          },
          {
            "id": 9,
            "text": "1 : 헐 그런 경우도 있어?",
            "norm_text": "헐 그런 경우도 있어?",
            "speaker": {
              "id": "1번",
              "sex": "여성",
              "age": "20대"
            },
            "speechAct": "(지시) 질문하기",
            "morpheme": "헐/IC+그런/MM+경우/NNG+도/JX+있/VA+어/EF"
          },
          {
            "id": 10,
            "text": "1 : 그러면 파마한 것처럼 보여?",
            "norm_text": "그러면 파마한 것처럼 보여?",
            "speaker": {
              "id": "1번",
              "sex": "여성",
              "age": "20대"
            },
            "speechAct": "(지시) 질문하기",
            "morpheme": "그러면/MAJ+파마/NNG+한/XSA+ETM+것/NNB+처럼/JKB+보여/VV+EF"
          },
          {
            "id": 11,
            "text": "2 : 응!",
            "norm_text": "응!",
            "speaker": {
              "id": "2번",
              "sex": "여성",
              "age": "20대"
            },
            "speechAct": "(단언) 진술하기",
            "morpheme": "응/IC"
          },
          {
            "id": 12,
            "text": "2 : 그래서 여름에 항상 힘들어",
            "norm_text": "그래서 여름에 항상 힘들어",
            "speaker": {
              "id": "2번",
              "sex": "여성",
              "age": "20대"
            },
            "speechAct": "(단언) 주장하기",
            "morpheme": "그래서/MAJ+여름/NNG+에/JKB+항상/MAG+힘들/VA+어/EC"
          },
          {
            "id": 13,
            "text": "1 : 헐 ㅜㅜ 나도 반곱슬이긴 한데 그렇다고 스트레스 받지는 않거든!",
            "norm_text": "헐 ㅜㅜ 나도 반곱슬이긴 한데 그렇다고 스트레스 받지는 않거든!",
            "speaker": {
              "id": "1번",
              "sex": "여성",
              "age": "20대"
            },
            "speechAct": "(단언) 진술하기",
            "morpheme": "헐/VV+JKO+ㅜㅜ/UNKNOWN+나/NP+도/JX+반/NNG+곱슬/MAG+이/VCP+긴/ETN+JX+한데/VX+EC+그렇/VA+다고/EC+스트레스/NNG+받/VV+지/EC+는/JX+않/VX+거든/EF"
          },
          {
            "id": 14,
            "text": "2 : 너도 매번 매직 해?",
            "norm_text": "너도 매번 매직 해?",
            "speaker": {
              "id": "2번",
              "sex": "여성",
              "age": "20대"
            },
            "speechAct": "(지시) 질문하기",
            "morpheme": "너/NP+도/JX+매번/MAG+매직/NNG+해/XSV+EF"
          },
          {
            "id": 15,
            "text": "1 : 아니",
            "norm_text": "아니",
            "speaker": {
              "id": "1번",
              "sex": "여성",
              "age": "20대"
            },
            "speechAct": "(단언) 진술하기",
            "morpheme": "아니/IC"
          },
          {
            "id": 16,
            "text": "1 : 나는 중학생 때 단발머리 했을 때 빼고는 안 했어!",
            "norm_text": "나는 중학생 때 단발머리 했을 때 빼고는 안 했어!",
            "speaker": {
              "id": "1번",
              "sex": "여성",
              "age": "20대"
            },
            "speechAct": "(단언) 진술하기",
            "morpheme": "나/NP+는/JX+중학생/NNG+때/NNG+단발머리/NNG+했/XSV+EP+을/ETM+때/NNG+빼/VV+고/EC+는/JX+안/MAG+했/VV+EP+어/EF"
          },
          {
            "id": 17,
            "text": "2 : 와, 그럼 너는 축복 받은 거다 키키",
            "norm_text": "와, 그럼 너는 축복 받은 거다 키키",
            "speaker": {
              "id": "2번",
              "sex": "여성",
              "age": "20대"
            },
            "speechAct": "(단언) 주장하기",
            "morpheme": "와/IC+,/SC+그럼/MAJ+너/NP+는/JX+축복/NNG+받/VV+은/ETM+거/NNB+다키키/NNP"
          },
          {
            "id": 18,
            "text": "1 : 키키 아 진짜?",
            "norm_text": "키키 아 진짜?",
            "speaker": {
              "id": "1번",
              "sex": "여성",
              "age": "20대"
            },
            "speechAct": "(지시) 질문하기",
            "morpheme": "키/NNG+키/VV+아/EC+진짜/MAG"
          },
          {
            "id": 19,
            "text": "1 : 대신에 머리숱이 많아서 머리가 무거움 ㅜ",
            "norm_text": "대신에 머리숱이 많아서 머리가 무거움 ㅜ",
            "speaker": {
              "id": "1번",
              "sex": "여성",
              "age": "20대"
            },
            "speechAct": "(단언) 진술하기",
            "morpheme": "대신/NNG+에/JKB+머리숱/NNG+이/JKS+많/VA+아서/EC+머리/NNG+가/JKS+무거움/VA+ETN+ㅜ/UNKNOWN"
          },
          {
            "id": 20,
            "text": "2 : 키키 맨날 머리 잘라줘야겠네!",
            "norm_text": "키키 맨날 머리 잘라줘야겠네!",
            "speaker": {
              "id": "2번",
              "sex": "여성",
              "age": "20대"
            },
            "speechAct": "(단언) 주장하기",
            "morpheme": "키/NNG+키/NNG+맨날/MAG+머리/NNG+잘라/VV+EC+줘야/VX+EC+VX+겠/EP+네/EF"
          },
          {
            "id": 21,
            "text": "1 : 키키 맞아",
            "norm_text": "키키 맞아",
            "speaker": {
              "id": "1번",
              "sex": "여성",
              "age": "20대"
            },
            "speechAct": "(단언) 주장하기",
            "morpheme": "키/NNG+키/XSV+ETN+맞/VV+아/EC"
          },
          {
            "id": 22,
            "text": "1 : 이제 조만간 미용실 갈 거야!",
            "norm_text": "이제 조만간 미용실 갈 거야!",
            "speaker": {
              "id": "1번",
              "sex": "여성",
              "age": "20대"
            },
            "speechAct": "(단언) 주장하기",
            "morpheme": "이제/MAG+조만간/MAG+미용실/NNG+갈/VV+ETM+거/NNB+야/VCP+EF"
          },
          {
            "id": 23,
            "text": "2 : 응 미용실 같이 가서 보자!",
            "norm_text": "응 미용실 같이 가서 보자!",
            "speaker": {
              "id": "2번",
              "sex": "여성",
              "age": "20대"
            },
            "speechAct": "(지시) 충고/제안하기",
            "morpheme": "응/IC+미용실/NNG+같이/JKB+가/VV+서/EC+보/VX+자/EF"
          }
        ]
      }
    }
  ]
}