{
  "dataset": {
    "identifier": 125293,
    "name": "FACEBOOK_125_11_set",
    "src_path": "/data/file/cubeManager/PROJECT001/84/txt20211105160907005364/FACEBOOK_125_11_set/",
    "label_path": "/data/file/cubeManager/PROJECT001/84/txt20211105160907005364/FACEBOOK_125_11_set/",
    "category": 2,
    "type": 0
  },
  "licenses": {
    "name": "Apache License 1.0",
    "url": "http://www.apache.org/licenses/LICENSE-1.0"
  },
  "info": [
    {
      "id": 140168,
      "filename": "FACEBOOK_125_11.txt",
      "title": "FACEBOOK_125_11",
      "mediatype": "SNS",
      "medianame": "페이스북",
      "category": "일상대화",
      "date": "2021-11-05",
      "size": 430,
      "annotations": {
        "subject": "게임",
        "speaker_type": "1:1",
        "size": 430,
        "word_size": 140,
        "text": "1 : 피시방 가서 할 게임이 없다 요즘\n2 : 아 오징어 게임 지금 도전 중이야 키키\n1 : 오징어 게임? 그거 넷플 게임이잖아 키키\n2 : 내가 친구들이랑 오징어 게임 하는 중이야\n1 : 그게 무슨 게임이야? 처음 들어보네\n2 : 무궁화 꽃이 피었습니다... 밖에 나가서 맨날 해\n1 : 아 키키 그거 요즘 sns에 올라오더라\n2 : 집 앞에서 달고나 구워 먹고 키키 초딩들이랑\n1 : 달고나 게임 너무 유명해졌어 최근 들어\n2 : 웅 진짜 애기들이랑 노는데 얼마나 재미있는 줄 알아? 일 끝나고?\n1 : 애기들이 달고나 게임 하는 거 보고 있으면 귀엽겠다\n2 : 진짜 줄다리기도 할아버지네 집 가서 하고 키키\n1 : 완전 오징어 게임 현실판 아니야? 하하\n2 : 딱지 치기 맨날 해 나 진짜 애들이랑\n1 : 나 딱지 치기 잘 하는데 다음에 한 판 붙자!\n2 : 오천 원 내기 하면서 재미있어",
        "lines": [
          {
            "id": 1,
            "text": "1 : 피시방 가서 할 게임이 없다 요즘",
            "norm_text": "피시방 가서 할 게임이 없다 요즘",
            "speaker": {
              "id": "1번",
              "sex": "여성",
              "age": "20대"
            },
            "speechAct": "(단언) 주장하기",
            "morpheme": "피시방/NNG+가/VV+서/EC+할/VX+ETM+게임/NNG+이/JKS+없/VA+다/EC+요즘/NNG"
          },
          {
            "id": 2,
            "text": "2 : 아 오징어 게임 지금 도전 중이야 키키",
            "norm_text": "아 오징어 게임 지금 도전 중이야 키키",
            "speaker": {
              "id": "2번",
              "sex": "남성",
              "age": "20대"
            },
            "speechAct": "(단언) 주장하기",
            "morpheme": "아/IC+오징어/NNG+게임/NNG+지금/MAG+도전/NNG+중/NNB+이/VCP+야/EC+키/NNG+키/XSV+ETN"
          },
          {
            "id": 3,
            "text": "1 : 오징어 게임? 그거 넷플 게임이잖아 키키",
            "norm_text": "오징어 게임? 그거 넷플 게임이잖아 키키",
            "speaker": {
              "id": "1번",
              "sex": "여성",
              "age": "20대"
            },
            "speechAct": "(단언) 주장하기",
            "morpheme": "오징어/NNG+게임/NNG+?/SY+그거넷플게임이잖아키키/UNKNOWN"
          },
          {
            "id": 4,
            "text": "2 : 내가 친구들이랑 오징어 게임 하는 중이야",
            "norm_text": "내가 친구들이랑 오징어 게임 하는 중이야",
            "speaker": {
              "id": "2번",
              "sex": "남성",
              "age": "20대"
            },
            "speechAct": "(단언) 주장하기",
            "morpheme": "내/NP+가/JKS+친구/NNG+들/XSN+이랑/JKB+오징어/NNG+게임/NNG+하/XSV+는/ETM+중/NNB+이/VCP+야/EC"
          },
          {
            "id": 5,
            "text": "1 : 그게 무슨 게임이야? 처음 들어보네",
            "norm_text": "그게 무슨 게임이야? 처음 들어보네",
            "speaker": {
              "id": "1번",
              "sex": "여성",
              "age": "20대"
            },
            "speechAct": "(지시) 질문하기",
            "morpheme": "그게/NP+JKS+무슨/MM+게임/NNG+이/VCP+야/EF+처음/MAG+들/VV+어/EC+보/VX+네/EC"
          },
          {
            "id": 6,
            "text": "2 : 무궁화 꽃이 피었습니다... 밖에 나가서 맨날 해",
            "norm_text": "무궁화 꽃이 피었습니다... 밖에 나가서 맨날 해",
            "speaker": {
              "id": "2번",
              "sex": "남성",
              "age": "20대"
            },
            "speechAct": "(단언) 주장하기",
            "morpheme": "무궁화/NNG+꽃/NNG+이/JKS+피/VV+었/EP+습니다/EF+./SY+밖/NNG+에/JKB+나가/VV+서/EC+맨날/MAG+해/VV+EC"
          },
          {
            "id": 7,
            "text": "1 : 아 키키 그거 요즘 sns에 올라오더라",
            "norm_text": "아 키키 그거 요즘 sns에 올라오더라",
            "speaker": {
              "id": "1번",
              "sex": "여성",
              "age": "20대"
            },
            "speechAct": "(단언) 주장하기",
            "morpheme": "아키/NNP+키/NNG+그거/NP+요즘/NNG+sns/SL+에/JKB+올라오/VV+더라/EC"
          },
          {
            "id": 8,
            "text": "2 : 집 앞에서 달고나 구워 먹고 키키 초딩들이랑",
            "norm_text": "집 앞에서 달고나 구워 먹고 키키 초딩들이랑",
            "speaker": {
              "id": "2번",
              "sex": "남성",
              "age": "20대"
            },
            "speechAct": "(단언) 주장하기",
            "morpheme": "집/NNG+앞/NNG+에서/JKB+달고나/NNP+구워/VV+EC+먹/VV+고/EC+키/NNG+키/NNG+초딩/NNG+들/XSN+이랑/JKB"
          },
          {
            "id": 9,
            "text": "1 : 달고나 게임 너무 유명해졌어 최근 들어",
            "norm_text": "달고나 게임 너무 유명해졌어 최근 들어",
            "speaker": {
              "id": "1번",
              "sex": "여성",
              "age": "20대"
            },
            "speechAct": "(단언) 주장하기",
            "morpheme": "달고나/NNP+게임/NNG+너무/MAG+유명/NNG+해졌/XSA+EC+VX+EP+어/EC+최근/NNG+들/VV+어/EC"
          },
          {
            "id": 10,
            "text": "2 : 웅 진짜 애기들이랑 노는데 얼마나 재미있는 줄 알아? 일 끝나고?",
            "norm_text": "웅 진짜 애기들이랑 노는데 얼마나 재미있는 줄 알아? 일 끝나고?",
            "speaker": {
              "id": "2번",
              "sex": "남성",
              "age": "20대"
            },
            "speechAct": "(지시) 질문하기",
            "morpheme": "웅/IC+진짜/MAG+애기/NNG+들/XSN+이랑/JKB+노/VV+는데/EC+얼마나/MAG+재미있/VA+는/ETM+줄/NNB+알/VV+아/EF+일/NR+끝/NNG+나/VV+고/EC"
          },
          {
            "id": 11,
            "text": "1 : 애기들이 달고나 게임 하는 거 보고 있으면 귀엽겠다",
            "norm_text": "애기들이 달고나 게임 하는 거 보고 있으면 귀엽겠다",
            "speaker": {
              "id": "1번",
              "sex": "여성",
              "age": "20대"
            },
            "speechAct": "(단언) 주장하기",
            "morpheme": "애기/NNG+들/XSN+이/JKS+달/VV+고/EC+나/VX+게/EC+임하/VV+는/ETM+거/NNB+보/VV+고/EC+있/VX+으면/EC+귀엽/VA+겠/EP+다/EC"
          },
          {
            "id": 12,
            "text": "2 : 진짜 줄다리기도 할아버지네 집 가서 하고 키키",
            "norm_text": "진짜 줄다리기도 할아버지네 집 가서 하고 키키",
            "speaker": {
              "id": "2번",
              "sex": "남성",
              "age": "20대"
            },
            "speechAct": "(단언) 주장하기",
            "morpheme": "진짜/MAG+줄다리기/NNG+도/JX+할아버지/NNG+네/XSN+집/NNG+가/VV+서/EC+하/VV+고/EC+키/NNG+키/XSV+ETN"
          },
          {
            "id": 13,
            "text": "1 : 완전 오징어 게임 현실판 아니야? 하하",
            "norm_text": "완전 오징어 게임 현실판 아니야? 하하",
            "speaker": {
              "id": "1번",
              "sex": "여성",
              "age": "20대"
            },
            "speechAct": "(지시) 질문하기",
            "morpheme": "완전/NNG+오징어/NNG+게임/NNG+현실/NNG+판/NNG+아니/VCN+야/EF+하하/MAG"
          },
          {
            "id": 14,
            "text": "2 : 딱지 치기 맨날 해 나 진짜 애들이랑",
            "norm_text": "딱지 치기 맨날 해 나 진짜 애들이랑",
            "speaker": {
              "id": "2번",
              "sex": "남성",
              "age": "20대"
            },
            "speechAct": "(단언) 주장하기",
            "morpheme": "딱지치기/NNG+맨날/MAG+해/VV+EC+나/NP+진짜/MAG+애/NNG+들/XSN+이랑/JKB"
          },
          {
            "id": 15,
            "text": "1 : 나 딱지 치기 잘 하는데 다음에 한 판 붙자!",
            "norm_text": "나 딱지 치기 잘 하는데 다음에 한 판 붙자!",
            "speaker": {
              "id": "1번",
              "sex": "여성",
              "age": "20대"
            },
            "speechAct": "(지시) 충고/제안하기",
            "morpheme": "나/NP+딱지치기/NNG+잘/MAG+하/VV+는데/EC+다음/NNG+에/JKB+한판/NNG+붙/VV+자/EF"
          },
          {
            "id": 16,
            "text": "2 : 오천 원 내기 하면서 재미있어",
            "norm_text": "오천 원 내기 하면서 재미있어",
            "speaker": {
              "id": "2번",
              "sex": "남성",
              "age": "20대"
            },
            "speechAct": "(단언) 주장하기",
            "morpheme": "오/NR+천/NR+원/NNBC+내기/NNG+하/XSV+면서/EC+재미있/VA+어/EC"
          }
        ]
      }
    }
  ]
}