{
  "dataset": {
    "identifier": 100436,
    "name": "FACEBOOK_107_17_set",
    "src_path": "/data/file/cubeManager/PROJECT001/77/txt20211029160805034995/FACEBOOK_107_17_set/",
    "label_path": "/data/file/cubeManager/PROJECT001/77/txt20211029160805034995/FACEBOOK_107_17_set/",
    "category": 2,
    "type": 0
  },
  "licenses": {
    "name": "Apache License 1.0",
    "url": "http://www.apache.org/licenses/LICENSE-1.0"
  },
  "info": [
    {
      "id": 111285,
      "filename": "FACEBOOK_107_17.txt",
      "title": "FACEBOOK_107_17",
      "mediatype": "SNS",
      "medianame": "페이스북",
      "category": "일상대화",
      "date": "2021-10-29",
      "size": 416,
      "annotations": {
        "subject": "건강",
        "speaker_type": "1:1",
        "size": 416,
        "word_size": 144,
        "text": "1 : 내가 지금 핫도그를 먹고 볼이 가려운데 알러지가 생긴 건가!?\n2 : 핫도그 알러지?\n2 : 너 무슨 알러지 있어?\n1 : 아니 기름이 안 좋은 건가?\n1 : 왜 볼에 두드러기가 나지?\n2 : 너 좀 그런 거 예민해?\n1 : 그런 거 같아 내 성격은 1도 안 예민한데\n2 : 에 핫도그 먹고?\n2 : 딴 거 먹은 거 없고?\n1 : 근데 핫도그 먹고 다른 거 먹은 게 없어 물도 안 먹음!\n2 : 케찹 같은 게 유통기한 지났나\n1 : 헉! 케찹 그렇기엔 너무 맛있었는데!\n2 : 케찹은 그냥 먹어도 맛있어\n1 : 키키 인정 핫도그에 설탕 범벅해서 먹었더니 그래서 그런 가?\n2 : 와 명랑 오랜만에 먹고 싶다 진짜\n1 : 핫도그는 설탕 플라스 케첩이 최고여!\n2 : 맞아\n2 : 인정 설탕 있어야 됨\n1 : 나의 알러지와 맞바꾼 핫독!\n2 : 키키 약 먹어봐 클난다 그러다",
        "lines": [
          {
            "id": 1,
            "text": "1 : 내가 지금 핫도그를 먹고 볼이 가려운데 알러지가 생긴 건가!?",
            "norm_text": "내가 지금 핫도그를 먹고 볼이 가려운데 알러지가 생긴 건가!?",
            "speaker": {
              "id": "1번",
              "sex": "여성",
              "age": "20대"
            },
            "speechAct": "(단언) 주장하기",
            "morpheme": "내/NP+가/JKS+지금/MAG+핫도그/NNG+를/JKO+먹/VV+고/EC+볼/NNG+이/JKS+가려운/VA+ETM+데/NNB+알/VV+러지/EF+가/JKS+생긴/VV+ETM+건가/NNB+VCP+EC+!/SY"
          },
          {
            "id": 2,
            "text": "2 : 핫도그 알러지?",
            "norm_text": "핫도그 알러지?",
            "speaker": {
              "id": "2번",
              "sex": "여성",
              "age": "20대"
            },
            "speechAct": "(지시) 질문하기",
            "morpheme": "핫도그/NNG+알/VV+러지/EF"
          },
          {
            "id": 3,
            "text": "2 : 너 무슨 알러지 있어?",
            "norm_text": "너 무슨 알러지 있어?",
            "speaker": {
              "id": "2번",
              "sex": "여성",
              "age": "20대"
            },
            "speechAct": "(지시) 질문하기",
            "morpheme": "너/NP+무슨/MM+알/VV+러지/EF+있/VA+어/EF"
          },
          {
            "id": 4,
            "text": "1 : 아니 기름이 안 좋은 건가?",
            "norm_text": "아니 기름이 안 좋은 건가?",
            "speaker": {
              "id": "1번",
              "sex": "여성",
              "age": "20대"
            },
            "speechAct": "(지시) 질문하기",
            "morpheme": "아니/IC+기름/NNG+이/JKS+안/MAG+좋/VA+은/ETM+건가/NNB+VCP+EF"
          },
          {
            "id": 5,
            "text": "1 : 왜 볼에 두드러기가 나지?",
            "norm_text": "왜 볼에 두드러기가 나지?",
            "speaker": {
              "id": "1번",
              "sex": "여성",
              "age": "20대"
            },
            "speechAct": "(지시) 질문하기",
            "morpheme": "왜/MAG+볼/NNG+에/JKB+두드러기/NNG+가/JKS+나/NP+지/VCP+EF"
          },
          {
            "id": 6,
            "text": "2 : 너 좀 그런 거 예민해?",
            "norm_text": "너 좀 그런 거 예민해?",
            "speaker": {
              "id": "2번",
              "sex": "여성",
              "age": "20대"
            },
            "speechAct": "(지시) 질문하기",
            "morpheme": "너/NP+좀/MAG+그런/VA+ETM+거/NNB+예민/XR+해/XSA+EF"
          },
          {
            "id": 7,
            "text": "1 : 그런 거 같아 내 성격은 1도 안 예민한데",
            "norm_text": "그런 거 같아 내 성격은 1도 안 예민한데",
            "speaker": {
              "id": "1번",
              "sex": "여성",
              "age": "20대"
            },
            "speechAct": "(단언) 주장하기",
            "morpheme": "그런/MM+거/NNB+같/VA+아/EC+내/NP+JKG+성격/NNG+은/JX+1/SN+도/NNBC+안/MAG+예민/XR+한데/XSA+EC"
          },
          {
            "id": 8,
            "text": "2 : 에 핫도그 먹고?",
            "norm_text": "에 핫도그 먹고?",
            "speaker": {
              "id": "2번",
              "sex": "여성",
              "age": "20대"
            },
            "speechAct": "(단언) 주장하기",
            "morpheme": "에/IC+핫도그/NNG+먹/VV+고/EC"
          },
          {
            "id": 9,
            "text": "2 : 딴 거 먹은 거 없고?",
            "norm_text": "딴 거 먹은 거 없고?",
            "speaker": {
              "id": "2번",
              "sex": "여성",
              "age": "20대"
            },
            "speechAct": "(지시) 질문하기",
            "morpheme": "딴/MM+거/NNB+먹/VV+은/ETM+거/NNB+없/VA+고/EC"
          },
          {
            "id": 10,
            "text": "1 : 근데 핫도그 먹고 다른 거 먹은 게 없어 물도 안 먹음!",
            "norm_text": "근데 핫도그 먹고 다른 거 먹은 게 없어 물도 안 먹음!",
            "speaker": {
              "id": "1번",
              "sex": "여성",
              "age": "20대"
            },
            "speechAct": "(단언) 주장하기",
            "morpheme": "근데/MAJ+핫도그/NNG+먹/VV+고/EC+다른/MM+거/NNB+먹/VV+은/ETM+게/NNB+JKS+없/VA+어/EC+물/NNG+도/JX+안/MAG+먹/VV+음/ETN"
          },
          {
            "id": 11,
            "text": "2 : 케찹 같은 게 유통기한 지났나",
            "norm_text": "케찹 같은 게 유통기한 지났나",
            "speaker": {
              "id": "2번",
              "sex": "여성",
              "age": "20대"
            },
            "speechAct": "(단언) 주장하기",
            "morpheme": "케/IC+찹/VA+같/VA+은/ETM+게/NNB+JKS+유통/NNG+기한/NNG+지났/VV+EP+나/EC"
          },
          {
            "id": 12,
            "text": "1 : 헉! 케찹 그렇기엔 너무 맛있었는데!",
            "norm_text": "헉! 케찹 그렇기엔 너무 맛있었는데!",
            "speaker": {
              "id": "1번",
              "sex": "여성",
              "age": "20대"
            },
            "speechAct": "(단언) 주장하기",
            "morpheme": "헉/IC+케찹그렇기엔너무맛있었는데/UNKNOWN"
          },
          {
            "id": 13,
            "text": "2 : 케찹은 그냥 먹어도 맛있어",
            "norm_text": "케찹은 그냥 먹어도 맛있어",
            "speaker": {
              "id": "2번",
              "sex": "여성",
              "age": "20대"
            },
            "speechAct": "(단언) 주장하기",
            "morpheme": "케/IC+찹/VA+은/ETM+그냥/MAG+먹/VV+어도/EC+맛있/VA+어/EC"
          },
          {
            "id": 14,
            "text": "1 : 키키 인정 핫도그에 설탕 범벅해서 먹었더니 그래서 그런 가?",
            "norm_text": "키키 인정 핫도그에 설탕 범벅해서 먹었더니 그래서 그런 가?",
            "speaker": {
              "id": "1번",
              "sex": "여성",
              "age": "20대"
            },
            "speechAct": "(지시) 질문하기",
            "morpheme": "키/NNG+키/NNG+인정/NNG+핫도그/NNG+에/JKB+설탕/NNG+범벅/NNG+해서/XSV+EC+먹/VV+었/EP+더니/EC+그래서/MAJ+그런가/VA+EF"
          },
          {
            "id": 15,
            "text": "2 : 와 명랑 오랜만에 먹고 싶다 진짜",
            "norm_text": "와 명랑 오랜만에 먹고 싶다 진짜",
            "speaker": {
              "id": "2번",
              "sex": "여성",
              "age": "20대"
            },
            "speechAct": "(단언) 주장하기",
            "morpheme": "와명/NNG+랑/JC+오랜만/NNG+에/JKB+먹/VV+고/EC+싶/VX+다/EF+진짜/MAG"
          },
          {
            "id": 16,
            "text": "1 : 핫도그는 설탕 플라스 케첩이 최고여!",
            "norm_text": "핫도그는 설탕 플라스 케첩이 최고여!",
            "speaker": {
              "id": "1번",
              "sex": "여성",
              "age": "20대"
            },
            "speechAct": "(단언) 주장하기",
            "morpheme": "핫도그/NNG+는/JX+설탕/NNG+플라스/NNP+케첩/NNG+이/JKS+최고/NNG+여/VCP+EF"
          },
          {
            "id": 17,
            "text": "2 : 맞아",
            "norm_text": "맞아",
            "speaker": {
              "id": "2번",
              "sex": "여성",
              "age": "20대"
            },
            "speechAct": "(단언) 주장하기",
            "morpheme": "맞/VV+아/EC"
          },
          {
            "id": 18,
            "text": "2 : 인정 설탕 있어야 됨",
            "norm_text": "인정 설탕 있어야 됨",
            "speaker": {
              "id": "2번",
              "sex": "여성",
              "age": "20대"
            },
            "speechAct": "(단언) 주장하기",
            "morpheme": "인정/NNG+설탕/NNG+있/VV+어야/EC+됨/VV+ETN"
          },
          {
            "id": 19,
            "text": "1 : 나의 알러지와 맞바꾼 핫독!",
            "norm_text": "나의 알러지와 맞바꾼 핫독!",
            "speaker": {
              "id": "1번",
              "sex": "여성",
              "age": "20대"
            },
            "speechAct": "(단언) 주장하기",
            "morpheme": "나/NP+의/JKG+알러/NNP+지와/NNG+맞바꾼/VV+ETM+핫/NNG+독/NNG"
          },
          {
            "id": 20,
            "text": "2 : 키키 약 먹어봐 클난다 그러다",
            "norm_text": "키키 약 먹어봐 클난다 그러다",
            "speaker": {
              "id": "2번",
              "sex": "여성",
              "age": "20대"
            },
            "speechAct": "(단언) 주장하기",
            "morpheme": "키/NNG+키/VV+약/EC+먹/VV+어/EC+봐/VX+EF+클/VA+ETM+난/NP+JX+다/MAG+그러/VV+다/EC"
          }
        ]
      }
    }
  ]
}