{
  "dataset": {
    "identifier": 116597,
    "name": "FACEBOOK_120_06_set",
    "src_path": "/data/file/cubeManager/PROJECT001/80/txt20211102113528088555/FACEBOOK_120_06_set/",
    "label_path": "/data/file/cubeManager/PROJECT001/80/txt20211102113528088555/FACEBOOK_120_06_set/",
    "category": 2,
    "type": 0
  },
  "licenses": {
    "name": "Apache License 1.0",
    "url": "http://www.apache.org/licenses/LICENSE-1.0"
  },
  "info": [
    {
      "id": 129889,
      "filename": "FACEBOOK_120_06.txt",
      "title": "FACEBOOK_120_06",
      "mediatype": "SNS",
      "medianame": "페이스북",
      "category": "일상대화",
      "date": "2021-11-02",
      "size": 460,
      "annotations": {
        "subject": "교육",
        "speaker_type": "1:1",
        "size": 460,
        "word_size": 162,
        "text": "1 : 언니는 배우고 싶은 거 없어?\n2 : 나는 패러글라이딩 한번 배워 보고 싶어\n1 : 아 언니가 나중에 패러글라이딩 사람들 태워 주게?\n2 : 아니\n2 : 그거 배우면 어디든지 가서 혼자 탈 수 있대\n1 : 아 진짜?\n1 : 근데 혼자는 무섭지 않아?\n2 : 그래도 누가 태워 주는 거 말고 내가 자유롭게 타 보고 싶어 키키\n1 : 키키 어우\n1 : 난 무서워서 그런 거 못 해!\n2 : 아 근데 그거 장미만 천 단위라 포기했어 키키\n1 : 장비도 그렇고 그거 교육 같은 것도 이수해야 하지 않아?\n2 : 맞아\n2 : 교육비도 다 주고 배워야 해 키키\n1 : 와오\n1 : 교육비는 얼마나 한대?\n2 : 그건 장비 얘기 듣고 안 물어봤어 키키\n1 : 키키 개웃기\n1 : 교육 시간은 몇 시간이래!?\n2 : 아 거기는 그냥 와서 편하게 배우면 된다고 그랬어!\n1 : 아 진짜?\n1 : 근데 일단 배우는 곳부터 멀쥬?\n2 : 아니쥬\n2 : 여기 가까운 데에 있쥬~",
        "lines": [
          {
            "id": 1,
            "text": "1 : 언니는 배우고 싶은 거 없어?",
            "norm_text": "언니는 배우고 싶은 거 없어?",
            "speaker": {
              "id": "1번",
              "sex": "여성",
              "age": "20대"
            },
            "speechAct": "(지시) 질문하기",
            "morpheme": "언니/NNG+는/JX+배우/VV+고/EC+싶/VX+은/ETM+거/NNB+없/VA+어/EF"
          },
          {
            "id": 2,
            "text": "2 : 나는 패러글라이딩 한번 배워 보고 싶어",
            "norm_text": "나는 패러글라이딩 한번 배워 보고 싶어",
            "speaker": {
              "id": "2번",
              "sex": "여성",
              "age": "20대"
            },
            "speechAct": "(단언) 주장하기",
            "morpheme": "나/NP+는/JX+패러글라이딩/NNG+한/MM+번/NNBC+배워/VV+EC+보/VX+고/EC+싶/VX+어/EC"
          },
          {
            "id": 3,
            "text": "1 : 아 언니가 나중에 패러글라이딩 사람들 태워 주게?",
            "norm_text": "아 언니가 나중에 패러글라이딩 사람들 태워 주게?",
            "speaker": {
              "id": "1번",
              "sex": "여성",
              "age": "20대"
            },
            "speechAct": "(지시) 질문하기",
            "morpheme": "아/IC+언니/NNG+가/JKS+나중/NNG+에/JKB+패러글라이딩/NNG+사람/NNG+들/XSN+태워/VV+EC+주/VX+게/EC"
          },
          {
            "id": 4,
            "text": "2 : 아니",
            "norm_text": "아니",
            "speaker": {
              "id": "2번",
              "sex": "여성",
              "age": "20대"
            },
            "speechAct": "(단언) 주장하기",
            "morpheme": "아니/IC"
          },
          {
            "id": 5,
            "text": "2 : 그거 배우면 어디든지 가서 혼자 탈 수 있대",
            "norm_text": "그거 배우면 어디든지 가서 혼자 탈 수 있대",
            "speaker": {
              "id": "2번",
              "sex": "여성",
              "age": "20대"
            },
            "speechAct": "(단언) 진술하기",
            "morpheme": "그거/NP+배우/VV+면/EC+어디/NP+든지/VCP+EC+가/VX+서/EC+혼자/MAG+탈/VV+ETM+수/NNB+있/VV+대/EC"
          },
          {
            "id": 6,
            "text": "1 : 아 진짜?",
            "norm_text": "아 진짜?",
            "speaker": {
              "id": "1번",
              "sex": "여성",
              "age": "20대"
            },
            "speechAct": "(단언) 주장하기",
            "morpheme": "아/IC+진짜/MAG"
          },
          {
            "id": 7,
            "text": "1 : 근데 혼자는 무섭지 않아?",
            "norm_text": "근데 혼자는 무섭지 않아?",
            "speaker": {
              "id": "1번",
              "sex": "여성",
              "age": "20대"
            },
            "speechAct": "(지시) 질문하기",
            "morpheme": "근데/MAJ+혼자/NNG+는/JX+무섭/VA+지/EC+않/VX+아/EF"
          },
          {
            "id": 8,
            "text": "2 : 그래도 누가 태워 주는 거 말고 내가 자유롭게 타 보고 싶어 키키",
            "norm_text": "그래도 누가 태워 주는 거 말고 내가 자유롭게 타 보고 싶어 키키",
            "speaker": {
              "id": "2번",
              "sex": "여성",
              "age": "20대"
            },
            "speechAct": "(단언) 주장하기",
            "morpheme": "그래도/MAJ+누가/NP+JKS+태워/VV+EC+주/VX+는/ETM+거/NNB+말/VV+고/EC+내/NP+가/JKS+자유/NNG+롭/XSA+게/EC+타/VV+EC+보/VX+고/EC+싶/VX+어/EC+키/NNG+키/XSV+ETN"
          },
          {
            "id": 9,
            "text": "1 : 키키 어우",
            "norm_text": "키키 어우",
            "speaker": {
              "id": "1번",
              "sex": "여성",
              "age": "20대"
            },
            "speechAct": "(단언) 주장하기",
            "morpheme": "키/NNG+키/NNG+어우/NNG"
          },
          {
            "id": 10,
            "text": "1 : 난 무서워서 그런 거 못 해!",
            "norm_text": "난 무서워서 그런 거 못 해!",
            "speaker": {
              "id": "1번",
              "sex": "여성",
              "age": "20대"
            },
            "speechAct": "(단언) 주장하기",
            "morpheme": "난/NP+JX+무서워서/VA+EC+그런/MM+거/NNB+못/MAG+해/VV+EF"
          },
          {
            "id": 11,
            "text": "2 : 아 근데 그거 장미만 천 단위라 포기했어 키키",
            "norm_text": "아 근데 그거 장미만 천 단위라 포기했어 키키",
            "speaker": {
              "id": "2번",
              "sex": "여성",
              "age": "20대"
            },
            "speechAct": "(단언) 주장하기",
            "morpheme": "아/IC+근데/MAJ+그거/NP+장미/NNG+만/JX+천/NR+단위/NNG+라/VCP+EC+포기/NNG+했/XSV+EP+어/EC+키/NNG+키/XSV+ETN"
          },
          {
            "id": 12,
            "text": "1 : 장비도 그렇고 그거 교육 같은 것도 이수해야 하지 않아?",
            "norm_text": "장비도 그렇고 그거 교육 같은 것도 이수해야 하지 않아?",
            "speaker": {
              "id": "1번",
              "sex": "여성",
              "age": "20대"
            },
            "speechAct": "(지시) 질문하기",
            "morpheme": "장비/NNG+도/JX+그렇/VA+고/EC+그거/NP+교육/NNG+같/VA+은/ETM+것/NNB+도/JX+이수/NNG+해야/XSV+EC+하/VV+지/EC+않/VX+아/EF"
          },
          {
            "id": 13,
            "text": "2 : 맞아",
            "norm_text": "맞아",
            "speaker": {
              "id": "2번",
              "sex": "여성",
              "age": "20대"
            },
            "speechAct": "(단언) 주장하기",
            "morpheme": "맞/VV+아/EC"
          },
          {
            "id": 14,
            "text": "2 : 교육비도 다 주고 배워야 해 키키",
            "norm_text": "교육비도 다 주고 배워야 해 키키",
            "speaker": {
              "id": "2번",
              "sex": "여성",
              "age": "20대"
            },
            "speechAct": "(단언) 진술하기",
            "morpheme": "교육비/NNG+도/JX+다/MAG+주/VV+고/EC+배워야/VV+EC+해/VV+EC+키/NNG+키/XSV+ETN"
          },
          {
            "id": 15,
            "text": "1 : 와오",
            "norm_text": "와오",
            "speaker": {
              "id": "1번",
              "sex": "여성",
              "age": "20대"
            },
            "speechAct": "(단언) 주장하기",
            "morpheme": "와오/NNG"
          },
          {
            "id": 16,
            "text": "1 : 교육비는 얼마나 한대?",
            "norm_text": "교육비는 얼마나 한대?",
            "speaker": {
              "id": "1번",
              "sex": "여성",
              "age": "20대"
            },
            "speechAct": "(지시) 질문하기",
            "morpheme": "교육비/NNG+는/JX+얼마나/MAG+한대/VV+EF"
          },
          {
            "id": 17,
            "text": "2 : 그건 장비 얘기 듣고 안 물어봤어 키키",
            "norm_text": "그건 장비 얘기 듣고 안 물어봤어 키키",
            "speaker": {
              "id": "2번",
              "sex": "여성",
              "age": "20대"
            },
            "speechAct": "(단언) 진술하기",
            "morpheme": "그건/NP+JX+장비/NNG+얘기/NNG+듣/VV+고/EC+안/MAG+물/VV+어/EC+봤/VX+EP+어/EC+키/NNG+키/XSV+ETN"
          },
          {
            "id": 18,
            "text": "1 : 키키 개웃기",
            "norm_text": "키키 개웃기",
            "speaker": {
              "id": "1번",
              "sex": "여성",
              "age": "20대"
            },
            "speechAct": "(단언) 주장하기",
            "morpheme": "키/NNG+키/XSV+ETN+개/NNBC+웃/VV+기/ETN"
          },
          {
            "id": 19,
            "text": "1 : 교육 시간은 몇 시간이래!?",
            "norm_text": "교육 시간은 몇 시간이래!?",
            "speaker": {
              "id": "1번",
              "sex": "여성",
              "age": "20대"
            },
            "speechAct": "(지시) 질문하기",
            "morpheme": "교육/NNG+시간/NNG+은/JX+몇/MM+시간/NNG+이래/NNB+!/SY"
          },
          {
            "id": 20,
            "text": "2 : 아 거기는 그냥 와서 편하게 배우면 된다고 그랬어!",
            "norm_text": "아 거기는 그냥 와서 편하게 배우면 된다고 그랬어!",
            "speaker": {
              "id": "2번",
              "sex": "여성",
              "age": "20대"
            },
            "speechAct": "(단언) 진술하기",
            "morpheme": "아/IC+거기/NP+는/JX+그냥/MAG+와서/VV+EC+편하/VA+게/EC+배우/VV+면/EC+된다고/VV+EC+그랬/VV+EP+어/EF"
          },
          {
            "id": 21,
            "text": "1 : 아 진짜?",
            "norm_text": "아 진짜?",
            "speaker": {
              "id": "1번",
              "sex": "여성",
              "age": "20대"
            },
            "speechAct": "(단언) 주장하기",
            "morpheme": "아/IC+진짜/MAG"
          },
          {
            "id": 22,
            "text": "1 : 근데 일단 배우는 곳부터 멀쥬?",
            "norm_text": "근데 일단 배우는 곳부터 멀쥬?",
            "speaker": {
              "id": "1번",
              "sex": "여성",
              "age": "20대"
            },
            "speechAct": "(지시) 질문하기",
            "morpheme": "근데/MAJ+일단/MAG+배우/VV+는/ETM+곳/NNB+부터/JX+멀/VA+쥬/EF"
          },
          {
            "id": 23,
            "text": "2 : 아니쥬",
            "norm_text": "아니쥬",
            "speaker": {
              "id": "2번",
              "sex": "여성",
              "age": "20대"
            },
            "speechAct": "(단언) 주장하기",
            "morpheme": "아니/VCN+쥬/EC"
          },
          {
            "id": 24,
            "text": "2 : 여기 가까운 데에 있쥬~",
            "norm_text": "여기 가까운 데에 있쥬~",
            "speaker": {
              "id": "2번",
              "sex": "여성",
              "age": "20대"
            },
            "speechAct": "(단언) 주장하기",
            "morpheme": "여기/NP+가까운/VA+ETM+데/NNB+에/JKB+있/VV+쥬/EC+~/SY"
          }
        ]
      }
    }
  ]
}