{
  "dataset": {
    "identifier": 117828,
    "name": "FACEBOOK_119_09_set",
    "src_path": "/data/file/cubeManager/PROJECT001/80/txt20211102103850073568/FACEBOOK_119_09_set/",
    "label_path": "/data/file/cubeManager/PROJECT001/80/txt20211102103850073568/FACEBOOK_119_09_set/",
    "category": 2,
    "type": 0
  },
  "licenses": {
    "name": "Apache License 1.0",
    "url": "http://www.apache.org/licenses/LICENSE-1.0"
  },
  "info": [
    {
      "id": 129772,
      "filename": "FACEBOOK_119_09.txt",
      "title": "FACEBOOK_119_09",
      "mediatype": "SNS",
      "medianame": "페이스북",
      "category": "일상대화",
      "date": "2021-11-02",
      "size": 441,
      "annotations": {
        "subject": "반려동물",
        "speaker_type": "1:1",
        "size": 441,
        "word_size": 149,
        "text": "1 : 우리 오복이 오늘 또 병원 갔어 ㅜ\n2 : 오복이 요즘 왜캐 아푸냐 ㅠㅠ\n1 : 아니 저번에 털 빠져서 병원 갔었거든?\n2 : 어 맞아 땜빵 났다고 했었잖아 ㅠㅠ\n1 : 맞아 근데 의사 센세가 연고 처방해줬거든?\n2 : 웅 근데 그게 오복이랑 안 맞아?\n1 : 어 그런 거 같아 땜빵이 엄청 커졌어!\n2 : 헐 뭐야 그럼 병원에 청구 해야 되는 거 아니야?\n1 : 아니 연고면 될 줄 알았는데 이번에는 약까지 받아왔어!\n2 : 아 그럼 약물 치료하면 낫긴 한데?\n1 : 어 그거까지는 모르겠고 아니면 원래 먹고 있던 약 때문에 그런 거일 수도 있대 ㅜ\n2 : 아 그럼 그 약을 끊어봐야 하는 건가? ㅠ\n1 : 근데 그거 끊으면 오복이 구내염이 심해져 ㅜ\n2 : 아 이러지도 저러지도 못 하겠네 ㅠㅠ\n1 : 응 그러니까 ㅜㅜ\n1 : 약이랑 소독약도 받아왔대 ㅜ\n2 : 일단 최선의 방법으로 애기 잘 치료해줘 ㅠㅠ",
        "lines": [
          {
            "id": 1,
            "text": "1 : 우리 오복이 오늘 또 병원 갔어 ㅜ",
            "norm_text": "우리 오복이 오늘 또 병원 갔어 ㅜ",
            "speaker": {
              "id": "1번",
              "sex": "여성",
              "age": "20대"
            },
            "speechAct": "(단언) 진술하기",
            "morpheme": "우리/NP+오복/NNG+이/JKS+오늘/MAG+또/MAG+병원/NNG+갔/VV+EP+어ㅜ/UNKNOWN"
          },
          {
            "id": 2,
            "text": "2 : 오복이 요즘 왜캐 아푸냐 ㅠㅠ",
            "norm_text": "오복이 요즘 왜캐 아푸냐 ㅠㅠ",
            "speaker": {
              "id": "2번",
              "sex": "여성",
              "age": "20대"
            },
            "speechAct": "(단언) 주장하기",
            "morpheme": "오복/NNG+이/JKS+요즘/MAG+왜/MAG+캐/VV+EC+아푸/VA+냐/EF+ㅠㅠ/UNKNOWN"
          },
          {
            "id": 3,
            "text": "1 : 아니 저번에 털 빠져서 병원 갔었거든?",
            "norm_text": "아니 저번에 털 빠져서 병원 갔었거든?",
            "speaker": {
              "id": "1번",
              "sex": "여성",
              "age": "20대"
            },
            "speechAct": "(단언) 진술하기",
            "morpheme": "아니/IC+저번/NNG+에/JKB+털/NNG+빠져서/VV+EC+병원/NNG+갔었/VV+EP+거든/EF"
          },
          {
            "id": 4,
            "text": "2 : 어 맞아 땜빵 났다고 했었잖아 ㅠㅠ",
            "norm_text": "어 맞아 땜빵 났다고 했었잖아 ㅠㅠ",
            "speaker": {
              "id": "2번",
              "sex": "여성",
              "age": "20대"
            },
            "speechAct": "(단언) 진술하기",
            "morpheme": "어/IC+맞/VV+아/EC+땜/NNG+빵/NNG+났/VV+EP+다고/EC+했었잖/VX+EP+EC+VX+아/EC+ㅠㅠ/UNKNOWN"
          },
          {
            "id": 5,
            "text": "1 : 맞아 근데 의사 센세가 연고 처방해줬거든?",
            "norm_text": "맞아 근데 의사 센세가 연고 처방해줬거든?",
            "speaker": {
              "id": "1번",
              "sex": "여성",
              "age": "20대"
            },
            "speechAct": "(단언) 진술하기",
            "morpheme": "맞아/IC+근데/MAJ+의사/NNG+센/VA+ETM+세/MM+가연고/NNG+처방/NNG+해/XSV+EC+줬/VX+EP+거든/EF"
          },
          {
            "id": 6,
            "text": "2 : 웅 근데 그게 오복이랑 안 맞아?",
            "norm_text": "웅 근데 그게 오복이랑 안 맞아?",
            "speaker": {
              "id": "2번",
              "sex": "여성",
              "age": "20대"
            },
            "speechAct": "(지시) 질문하기",
            "morpheme": "웅/IC+근데/MAJ+그게/NP+JKS+오복/NNG+이랑/JC+안/MAG+맞/VV+아/EF"
          },
          {
            "id": 7,
            "text": "1 : 어 그런 거 같아 땜빵이 엄청 커졌어!",
            "norm_text": "어 그런 거 같아 땜빵이 엄청 커졌어!",
            "speaker": {
              "id": "1번",
              "sex": "여성",
              "age": "20대"
            },
            "speechAct": "(단언) 진술하기",
            "morpheme": "어/IC+그런/MM+거/NNB+같/VA+아/EC+땜/NNG+빵/NNG+이/JKS+엄청/MAG+커졌/VV+EP+어/EF"
          },
          {
            "id": 8,
            "text": "2 : 헐 뭐야 그럼 병원에 청구 해야 되는 거 아니야?",
            "norm_text": "헐 뭐야 그럼 병원에 청구 해야 되는 거 아니야?",
            "speaker": {
              "id": "2번",
              "sex": "여성",
              "age": "20대"
            },
            "speechAct": "(지시) 질문하기",
            "morpheme": "헐/IC+뭐/NP+야/VCP+EF+그럼/MAJ+병원/NNG+에/JKB+청구/NNG+해야/XSV+EC+되/VV+는/ETM+거/NNB+아니/VCN+야/EF"
          },
          {
            "id": 9,
            "text": "1 : 아니 연고면 될 줄 알았는데 이번에는 약까지 받아왔어!",
            "norm_text": "아니 연고면 될 줄 알았는데 이번에는 약까지 받아왔어!",
            "speaker": {
              "id": "1번",
              "sex": "여성",
              "age": "20대"
            },
            "speechAct": "(단언) 진술하기",
            "morpheme": "아니/IC+연고/NNG+면/VCP+EC+될/VV+ETM+줄/NNB+알/VV+았/EP+는데/EC+이번/NNG+에/JKB+는/JX+약/NNG+까지/JX+받/VV+아/EC+왔/VX+EP+어/EF"
          },
          {
            "id": 10,
            "text": "2 : 아 그럼 약물 치료하면 낫긴 한데?",
            "norm_text": "아 그럼 약물 치료하면 낫긴 한데?",
            "speaker": {
              "id": "2번",
              "sex": "여성",
              "age": "20대"
            },
            "speechAct": "(지시) 질문하기",
            "morpheme": "아/IC+그럼/MAJ+약물/NNG+치료/NNG+하/XSV+면/EC+낫/VV+긴/ETN+JX+한데/VX+EF"
          },
          {
            "id": 11,
            "text": "1 : 어 그거까지는 모르겠고 아니면 원래 먹고 있던 약 때문에 그런 거일 수도 있대 ㅜ",
            "norm_text": "어 그거까지는 모르겠고 아니면 원래 먹고 있던 약 때문에 그런 거일 수도 있대 ㅜ",
            "speaker": {
              "id": "1번",
              "sex": "여성",
              "age": "20대"
            },
            "speechAct": "(단언) 진술하기",
            "morpheme": "어/IC+그거/NP+까지/JX+는/JX+모르/VV+겠/EP+고/EC+아니/VCN+면/EC+원래/MAG+먹/VV+고/EC+있/VX+던/ETM+약/NNG+때문/NNB+에/JKB+그런/MM+거/NNB+일/VCP+ETM+수/NNB+도/JX+있/VX+대ㅜ/UNKNOWN"
          },
          {
            "id": 12,
            "text": "2 : 아 그럼 그 약을 끊어봐야 하는 건가? ㅠ",
            "norm_text": "아 그럼 그 약을 끊어봐야 하는 건가? ㅠ",
            "speaker": {
              "id": "2번",
              "sex": "여성",
              "age": "20대"
            },
            "speechAct": "(단언) 주장하기",
            "morpheme": "아/IC+그럼/MAJ+그/MM+약/NNG+을/JKO+끊/VV+어/EC+봐야/VX+EC+하/VV+는/ETM+건가/NNB+VCP+EF+ㅠ/UNKNOWN"
          },
          {
            "id": 13,
            "text": "1 : 근데 그거 끊으면 오복이 구내염이 심해져 ㅜ",
            "norm_text": "근데 그거 끊으면 오복이 구내염이 심해져 ㅜ",
            "speaker": {
              "id": "1번",
              "sex": "여성",
              "age": "20대"
            },
            "speechAct": "(단언) 진술하기",
            "morpheme": "근데/MAJ+그거/NP+끊/VV+으면/EC+오복/NNG+이/JKS+구내염/NNG+이/JKS+심해져/VA+EC+VX+EC+ㅜ/UNKNOWN"
          },
          {
            "id": 14,
            "text": "2 : 아 이러지도 저러지도 못 하겠네 ㅠㅠ",
            "norm_text": "아 이러지도 저러지도 못 하겠네 ㅠㅠ",
            "speaker": {
              "id": "2번",
              "sex": "여성",
              "age": "20대"
            },
            "speechAct": "(단언) 주장하기",
            "morpheme": "아/IC+이러/VV+지/EC+도/JX+저러/VV+지/EC+도/JX+못하/VX+겠/EP+네/EF+ㅠㅠ/UNKNOWN"
          },
          {
            "id": 15,
            "text": "1 : 응 그러니까 ㅜㅜ",
            "norm_text": "응 그러니까 ㅜㅜ",
            "speaker": {
              "id": "1번",
              "sex": "여성",
              "age": "20대"
            },
            "speechAct": "(단언) 주장하기",
            "morpheme": "응/IC+그러니까/MAJ+ㅜㅜ/UNKNOWN"
          },
          {
            "id": 16,
            "text": "1 : 약이랑 소독약도 받아왔대 ㅜ",
            "norm_text": "약이랑 소독약도 받아왔대 ㅜ",
            "speaker": {
              "id": "1번",
              "sex": "여성",
              "age": "20대"
            },
            "speechAct": "(단언) 진술하기",
            "morpheme": "약/NNG+이랑/JKB+소독약/NNG+도/JX+받/VV+아/EC+왔/VX+EP+대ㅜ/UNKNOWN"
          },
          {
            "id": 17,
            "text": "2 : 일단 최선의 방법으로 애기 잘 치료해줘 ㅠㅠ",
            "norm_text": "일단 최선의 방법으로 애기 잘 치료해줘 ㅠㅠ",
            "speaker": {
              "id": "2번",
              "sex": "여성",
              "age": "20대"
            },
            "speechAct": "(지시) 충고/제안하기",
            "morpheme": "일단/MAG+최선/NNG+의/JKG+방법/NNG+으로/JKB+애기/NNG+잘/MAG+치료/NNG+해/XSV+EC+줘/VX+EF+ㅠㅠ/UNKNOWN"
          }
        ]
      }
    }
  ]
}