{
  "dataset": {
    "identifier": 127781,
    "name": "FACEBOOK_121_06_set",
    "src_path": "/data/file/cubeManager/PROJECT001/84/txt20211108155848030285/FACEBOOK_121_06_set/",
    "label_path": "/data/file/cubeManager/PROJECT001/84/txt20211108155848030285/FACEBOOK_121_06_set/",
    "category": 2,
    "type": 0
  },
  "licenses": {
    "name": "Apache License 1.0",
    "url": "http://www.apache.org/licenses/LICENSE-1.0"
  },
  "info": [
    {
      "id": 141730,
      "filename": "FACEBOOK_121_06.txt",
      "title": "FACEBOOK_121_06",
      "mediatype": "SNS",
      "medianame": "페이스북",
      "category": "일상대화",
      "date": "2021-11-08",
      "size": 371,
      "annotations": {
        "subject": "교육",
        "speaker_type": "1:1",
        "size": 371,
        "word_size": 132,
        "text": "1 : 간호 조무사 얼마나 공부하고 딴 거?\n2 : 나 일 년 공부하고 땄어\n1 : 진짜 빨리 땄다 키키\n1 : 잘했네\n2 : 진짜 노력 많이 했어 키키\n1 : 그러게~\n1 : 어디 학원 다니고 그랬어?\n2 : 근데 여자들이랑 일하느라 좀 힘들어\n1 : 그치 힘든 거 다 오빠 시키지?\n2 : 학원 다녔지 난 국비 지원해서 다녔어\n1 : 국비 지원이면 돈 얼마 안 들겠네\n2 : 웅 힘든 일은 다 나한테 시켜 남자니까 키키\n1 : 그러게,\n1 : 그래도 잘해서 다행이야\n2 : 웅 돈 얼마 안 들고 열심히 다녔지\n1 : 실기 시험도 봐 그거?\n2 : 아니 실기 시험은 없고 실습 기간 있어\n1 : 아하 실습 기간만 이수하면 자격증 주구나\n2 : 실습 나가면 돈 안주고 그냥 4개월 동안 하는 거야",
        "lines": [
          {
            "id": 1,
            "text": "1 : 간호 조무사 얼마나 공부하고 딴 거?",
            "norm_text": "간호 조무사 얼마나 공부하고 딴 거?",
            "speaker": {
              "id": "1번",
              "sex": "여성",
              "age": "20대"
            },
            "speechAct": "(지시) 질문하기",
            "morpheme": "간호조무사/NNG+얼마나/MAG+공부/NNG+하/XSV+고/EC+딴/MM+거/NNB"
          },
          {
            "id": 2,
            "text": "2 : 나 일 년 공부하고 땄어",
            "norm_text": "나 일 년 공부하고 땄어",
            "speaker": {
              "id": "2번",
              "sex": "남성",
              "age": "20대"
            },
            "speechAct": "(단언) 진술하기",
            "morpheme": "나/NP+일/NR+년/NNBC+공부/NNG+하/XSV+고/EC+땄/VV+EP+어/EC"
          },
          {
            "id": 3,
            "text": "1 : 진짜 빨리 땄다 키키",
            "norm_text": "진짜 빨리 땄다 키키",
            "speaker": {
              "id": "1번",
              "sex": "여성",
              "age": "20대"
            },
            "speechAct": "(단언) 주장하기",
            "morpheme": "진짜/MAG+빨리/MAG+땄/VV+EP+다키키/NNP"
          },
          {
            "id": 4,
            "text": "1 : 잘했네",
            "norm_text": "잘했네",
            "speaker": {
              "id": "1번",
              "sex": "여성",
              "age": "20대"
            },
            "speechAct": "(표현) 긍정감정 표현하기",
            "morpheme": "잘/MAG+했/VV+EP+네/EF"
          },
          {
            "id": 5,
            "text": "2 : 진짜 노력 많이 했어 키키",
            "norm_text": "진짜 노력 많이 했어 키키",
            "speaker": {
              "id": "2번",
              "sex": "남성",
              "age": "20대"
            },
            "speechAct": "(단언) 주장하기",
            "morpheme": "진짜/MAG+노력/NNG+많이/MAG+했/VV+EP+어/EC+키/NNG+키/XSV+ETN"
          },
          {
            "id": 6,
            "text": "1 : 그러게~",
            "norm_text": "그러게~",
            "speaker": {
              "id": "1번",
              "sex": "여성",
              "age": "20대"
            },
            "speechAct": "턴토크 사인(관습적 반응)",
            "morpheme": "그러/VV+게/EC+~/SY"
          },
          {
            "id": 7,
            "text": "1 : 어디 학원 다니고 그랬어?",
            "norm_text": "어디 학원 다니고 그랬어?",
            "speaker": {
              "id": "1번",
              "sex": "여성",
              "age": "20대"
            },
            "speechAct": "(지시) 질문하기",
            "morpheme": "어디/NP+학원/NNG+다니/VV+고/EC+그랬/VV+EP+어/EF"
          },
          {
            "id": 8,
            "text": "2 : 근데 여자들이랑 일하느라 좀 힘들어",
            "norm_text": "근데 여자들이랑 일하느라 좀 힘들어",
            "speaker": {
              "id": "2번",
              "sex": "남성",
              "age": "20대"
            },
            "speechAct": "(단언) 주장하기",
            "morpheme": "근데/MAJ+여자/NNG+들/XSN+이랑/JKB+일/NNG+하/XSV+느라/EC+좀/MAG+힘들/VA+어/EC"
          },
          {
            "id": 9,
            "text": "1 : 그치 힘든 거 다 오빠 시키지?",
            "norm_text": "그치 힘든 거 다 오빠 시키지?",
            "speaker": {
              "id": "1번",
              "sex": "여성",
              "age": "20대"
            },
            "speechAct": "(지시) 질문하기",
            "morpheme": "그치/IC+힘든/VA+ETM+거/NNB+다/MAG+오빠/NNG+시키/XSV+지/EF"
          },
          {
            "id": 10,
            "text": "2 : 학원 다녔지 난 국비 지원해서 다녔어",
            "norm_text": "학원 다녔지 난 국비 지원해서 다녔어",
            "speaker": {
              "id": "2번",
              "sex": "남성",
              "age": "20대"
            },
            "speechAct": "(단언) 진술하기",
            "morpheme": "학원/NNG+다녔/VV+EP+지난/VV+ETM+국비/NNG+지원/NNG+해서/XSV+EC+다녔/VV+EP+어/EC"
          },
          {
            "id": 11,
            "text": "1 : 국비 지원이면 돈 얼마 안 들겠네",
            "norm_text": "국비 지원이면 돈 얼마 안 들겠네",
            "speaker": {
              "id": "1번",
              "sex": "여성",
              "age": "20대"
            },
            "speechAct": "(단언) 주장하기",
            "morpheme": "국비/NNG+지원/NNG+이/VCP+면/EC+돈/NNG+얼마/NNG+안/MAG+들/VV+겠/EP+네/EF"
          },
          {
            "id": 12,
            "text": "2 : 웅 힘든 일은 다 나한테 시켜 남자니까 키키",
            "norm_text": "웅 힘든 일은 다 나한테 시켜 남자니까 키키",
            "speaker": {
              "id": "2번",
              "sex": "남성",
              "age": "20대"
            },
            "speechAct": "(단언) 주장하기",
            "morpheme": "웅/IC+힘든/VA+ETM+일/NNG+은/JX+다/MAG+나/NP+한테/JKB+시켜/VV+EC+남자/NNG+니까/VCP+EC+키/NNG+키/XSV+ETN"
          },
          {
            "id": 13,
            "text": "1 : 그러게,",
            "norm_text": "그러게,",
            "speaker": {
              "id": "1번",
              "sex": "여성",
              "age": "20대"
            },
            "speechAct": "턴토크 사인(관습적 반응)",
            "morpheme": "그러게/IC+,/SC"
          },
          {
            "id": 14,
            "text": "1 : 그래도 잘해서 다행이야",
            "norm_text": "그래도 잘해서 다행이야",
            "speaker": {
              "id": "1번",
              "sex": "여성",
              "age": "20대"
            },
            "speechAct": "(단언) 진술하기",
            "morpheme": "그래도/MAJ+잘/MAG+해서/VV+EC+다행/NNG+이/VCP+야/EC"
          },
          {
            "id": 15,
            "text": "2 : 웅 돈 얼마 안 들고 열심히 다녔지",
            "norm_text": "웅 돈 얼마 안 들고 열심히 다녔지",
            "speaker": {
              "id": "2번",
              "sex": "남성",
              "age": "20대"
            },
            "speechAct": "(단언) 주장하기",
            "morpheme": "웅/IC+돈/NNG+얼마/NNG+안/MAG+들/VV+고/EC+열심히/MAG+다녔/VV+EP+지/EC"
          },
          {
            "id": 16,
            "text": "1 : 실기 시험도 봐 그거?",
            "norm_text": "실기 시험도 봐 그거?",
            "speaker": {
              "id": "1번",
              "sex": "여성",
              "age": "20대"
            },
            "speechAct": "(지시) 질문하기",
            "morpheme": "실기/NNG+시험/NNG+도/JX+봐/VX+EF+그거/NP"
          },
          {
            "id": 17,
            "text": "2 : 아니 실기 시험은 없고 실습 기간 있어",
            "norm_text": "아니 실기 시험은 없고 실습 기간 있어",
            "speaker": {
              "id": "2번",
              "sex": "남성",
              "age": "20대"
            },
            "speechAct": "(단언) 진술하기",
            "morpheme": "아니/IC+실기/NNG+시험/NNG+은/JX+없/VA+고/EC+실습/NNG+기간/NNG+있/VV+어/EC"
          },
          {
            "id": 18,
            "text": "1 : 아하 실습 기간만 이수하면 자격증 주구나",
            "norm_text": "아하 실습 기간만 이수하면 자격증 주구나",
            "speaker": {
              "id": "1번",
              "sex": "여성",
              "age": "20대"
            },
            "speechAct": "(단언) 진술하기",
            "morpheme": "아하/IC+실습/NNG+기간/NNG+만/JX+이수/NNG+하/XSV+면/EC+자격증/NNG+주/VV+구나/EC"
          },
          {
            "id": 19,
            "text": "2 : 실습 나가면 돈 안주고 그냥 4개월 동안 하는 거야",
            "norm_text": "실습 나가면 돈 안주고 그냥 4개월 동안 하는 거야",
            "speaker": {
              "id": "2번",
              "sex": "남성",
              "age": "20대"
            },
            "speechAct": "(단언) 진술하기",
            "morpheme": "실습/NNG+나가/VV+면/EC+돈/NNG+안/MAG+주/VV+고/EC+그냥/MAG+4/SN+개월/NNBC+동안/NNG+하/XSV+는/ETM+거/NNB+야/VCP+EF"
          }
        ]
      }
    }
  ]
}