{
  "dataset": {
    "identifier": 125283,
    "name": "FACEBOOK_124_20_set",
    "src_path": "/data/file/cubeManager/PROJECT001/84/txt20211105143621099098/FACEBOOK_124_20_set/",
    "label_path": "/data/file/cubeManager/PROJECT001/84/txt20211105143621099098/FACEBOOK_124_20_set/",
    "category": 2,
    "type": 0
  },
  "licenses": {
    "name": "Apache License 1.0",
    "url": "http://www.apache.org/licenses/LICENSE-1.0"
  },
  "info": [
    {
      "id": 140156,
      "filename": "FACEBOOK_124_20.txt",
      "title": "FACEBOOK_124_20",
      "mediatype": "SNS",
      "medianame": "페이스북",
      "category": "일상대화",
      "date": "2021-11-05",
      "size": 376,
      "annotations": {
        "subject": "영화/만화",
        "speaker_type": "1:1",
        "size": 376,
        "word_size": 123,
        "text": "1 : 오늘 유튜브에서 짱구 봤는데 꿀잼이야 키키\n2 : 아 진짜 짱구 귀엽다 키키\n1 : 짱구 유튜브에서 요즘 많이 올라오더라고!\n2 : 유치하게 무슨 짱구야 너 짱구 닮았잖아 키키\n1 : 뭐래 짱구보다 훨 내가 귀엽거든~\n2 : 짱구 울라울라 춤 춰줘\n1 : 그거 유튜브에 있으니 마음껏 봐...ㅎ\n2 : 아니야 비슷해 너랑 짱구랑 키키 그치\n1 : 아니거든 키키 짱구 극장판이나 얼른 봐바\n2 : 키키 아 그래 여자친구랑 같이 봐야겠다\n1 : 유튜브 내가 링크 보내 줄게!\n2 : 알겠어 언능 보내줘 봐 나 보게\n1 : 아마 짱구는 여자친구도 좋아할 거야~ 키키\n2 : 아 진짜 귀엽잖아 짱구 키키\n1 : 애니 원탑은 짱구지~\n1 : 지금 바로 보낼게!\n2 : 나도 짱구 좋아해 짱구 아빠랑 키키",
        "lines": [
          {
            "id": 1,
            "text": "1 : 오늘 유튜브에서 짱구 봤는데 꿀잼이야 키키",
            "norm_text": "오늘 유튜브에서 짱구 봤는데 꿀잼이야 키키",
            "speaker": {
              "id": "1번",
              "sex": "여성",
              "age": "20대"
            },
            "speechAct": "(단언) 주장하기",
            "morpheme": "오늘/MAG+유튜브/NNP+에서/JKB+짱구/NNG+봤/VV+EP+는데/EC+꿀/VV+ETM+잼/NNG+이/VCP+야/EC+키/NNG+키/XSV+ETN"
          },
          {
            "id": 2,
            "text": "2 : 아 진짜 짱구 귀엽다 키키",
            "norm_text": "아 진짜 짱구 귀엽다 키키",
            "speaker": {
              "id": "2번",
              "sex": "남성",
              "age": "20대"
            },
            "speechAct": "(단언) 주장하기",
            "morpheme": "아/IC+진짜/MAG+짱구/NNG+귀엽/VA+다키키/NNP"
          },
          {
            "id": 3,
            "text": "1 : 짱구 유튜브에서 요즘 많이 올라오더라고!",
            "norm_text": "짱구 유튜브에서 요즘 많이 올라오더라고!",
            "speaker": {
              "id": "1번",
              "sex": "여성",
              "age": "20대"
            },
            "speechAct": "(단언) 주장하기",
            "morpheme": "짱구/NNG+유튜브/NNP+에서/JKB+요즘/MAG+많이/MAG+올라오/VV+더라고/EF"
          },
          {
            "id": 4,
            "text": "2 : 유치하게 무슨 짱구야 너 짱구 닮았잖아 키키",
            "norm_text": "유치하게 무슨 짱구야 너 짱구 닮았잖아 키키",
            "speaker": {
              "id": "2번",
              "sex": "남성",
              "age": "20대"
            },
            "speechAct": "(단언) 주장하기",
            "morpheme": "유치/XR+하/XSA+게/EC+무슨/MM+짱구/NNG+야/VCP+EF+너/NP+짱구/NNG+닮/VV+았/EP+잖아/EF+키/NNG+키/XSV+ETN"
          },
          {
            "id": 5,
            "text": "1 : 뭐래 짱구보다 훨 내가 귀엽거든~",
            "norm_text": "뭐래 짱구보다 훨 내가 귀엽거든~",
            "speaker": {
              "id": "1번",
              "sex": "여성",
              "age": "20대"
            },
            "speechAct": "(단언) 주장하기",
            "morpheme": "뭐래짱구보다훨내가귀엽거든/UNKNOWN+~/SY"
          },
          {
            "id": 6,
            "text": "2 : 짱구 울라울라 춤 춰줘",
            "norm_text": "짱구 울라울라 춤 춰줘",
            "speaker": {
              "id": "2번",
              "sex": "남성",
              "age": "20대"
            },
            "speechAct": "(단언) 주장하기",
            "morpheme": "짱구/NNG+울라/NNP+울라/NNP+춤/NNG+춰/VV+EC+줘/VX+EC"
          },
          {
            "id": 7,
            "text": "1 : 그거 유튜브에 있으니 마음껏 봐...ㅎ",
            "norm_text": "그거 유튜브에 있으니 마음껏 봐...ㅎ",
            "speaker": {
              "id": "1번",
              "sex": "여성",
              "age": "20대"
            },
            "speechAct": "(단언) 주장하기",
            "morpheme": "그거/NP+유튜브/NNP+에/JKB+있/VV+으니/EC+마음껏/MAG+봐/VV+EF+./SY+ㅎ/XSA"
          },
          {
            "id": 8,
            "text": "2 : 아니야 비슷해 너랑 짱구랑 키키 그치",
            "norm_text": "아니야 비슷해 너랑 짱구랑 키키 그치",
            "speaker": {
              "id": "2번",
              "sex": "남성",
              "age": "20대"
            },
            "speechAct": "(단언) 주장하기",
            "morpheme": "아니야/IC+비슷/XR+해/XSA+EC+너/NP+랑/JKB+짱구/NNG+랑/JKB+키/NNG+키/XSV+ETN+그치/IC"
          },
          {
            "id": 9,
            "text": "1 : 아니거든 키키 짱구 극장판이나 얼른 봐바",
            "norm_text": "아니거든 키키 짱구 극장판이나 얼른 봐바",
            "speaker": {
              "id": "1번",
              "sex": "여성",
              "age": "20대"
            },
            "speechAct": "(단언) 주장하기",
            "morpheme": "아니/MAG+거든/VV+ETM+키/NNG+키/NNG+짱구/NNG+극장판/NNP+이나/JC+얼른/MAG+봐/VV+바/EC"
          },
          {
            "id": 10,
            "text": "2 : 키키 아 그래 여자친구랑 같이 봐야겠다",
            "norm_text": "키키 아 그래 여자친구랑 같이 봐야겠다",
            "speaker": {
              "id": "2번",
              "sex": "남성",
              "age": "20대"
            },
            "speechAct": "(단언) 주장하기",
            "morpheme": "키/NNG+키/XSV+ETN+아/IC+그래/IC+여자/NNG+친구/NNG+랑/JKB+같이/MAG+봐야/VV+EC+VX+겠/EP+다/EC"
          },
          {
            "id": 11,
            "text": "1 : 유튜브 내가 링크 보내 줄게!",
            "norm_text": "유튜브 내가 링크 보내 줄게!",
            "speaker": {
              "id": "1번",
              "sex": "여성",
              "age": "20대"
            },
            "speechAct": "(단언) 주장하기",
            "morpheme": "유튜브/NNP+내/NP+가/JKS+링크/NNG+보내/VV+EC+줄게/VX+EF"
          },
          {
            "id": 12,
            "text": "2 : 알겠어 언능 보내줘 봐 나 보게",
            "norm_text": "알겠어 언능 보내줘 봐 나 보게",
            "speaker": {
              "id": "2번",
              "sex": "남성",
              "age": "20대"
            },
            "speechAct": "(단언) 주장하기",
            "morpheme": "알/VV+겠/EP+어/EF+언능/MAG+보내/VV+줘/EC+VV+EC+봐/VX+EF+나/NP+보/VV+게/EC"
          },
          {
            "id": 13,
            "text": "1 : 아마 짱구는 여자친구도 좋아할 거야~ 키키",
            "norm_text": "아마 짱구는 여자친구도 좋아할 거야~ 키키",
            "speaker": {
              "id": "1번",
              "sex": "여성",
              "age": "20대"
            },
            "speechAct": "(단언) 주장하기",
            "morpheme": "아마/MAG+짱구/NNG+는/JX+여자/NNG+친구/NNG+도/JX+좋/VA+아/EC+할/VX+ETM+거/NNB+야/VCP+EF+~/SY+키/NNG+키/XSV+ETN"
          },
          {
            "id": 14,
            "text": "2 : 아 진짜 귀엽잖아 짱구 키키",
            "norm_text": "아 진짜 귀엽잖아 짱구 키키",
            "speaker": {
              "id": "2번",
              "sex": "남성",
              "age": "20대"
            },
            "speechAct": "(단언) 주장하기",
            "morpheme": "아/IC+진짜/MAG+귀엽/VA+잖아/EC+짱구/NNG+키/NNG+키/XSV+ETN"
          },
          {
            "id": 15,
            "text": "1 : 애니 원탑은 짱구지~",
            "norm_text": "애니 원탑은 짱구지~",
            "speaker": {
              "id": "1번",
              "sex": "여성",
              "age": "20대"
            },
            "speechAct": "(단언) 주장하기",
            "morpheme": "애니원/NNP+탑/NNG+은/JX+짱/NNG+구지/NNG+~/SY"
          },
          {
            "id": 16,
            "text": "1 : 지금 바로 보낼게!",
            "norm_text": "지금 바로 보낼게!",
            "speaker": {
              "id": "1번",
              "sex": "여성",
              "age": "20대"
            },
            "speechAct": "(단언) 주장하기",
            "morpheme": "지금/MAG+바로/MAG+보낼게/VV+EF"
          },
          {
            "id": 17,
            "text": "2 : 나도 짱구 좋아해 짱구 아빠랑 키키",
            "norm_text": "나도 짱구 좋아해 짱구 아빠랑 키키",
            "speaker": {
              "id": "2번",
              "sex": "남성",
              "age": "20대"
            },
            "speechAct": "(단언) 주장하기",
            "morpheme": "나/NP+도/JX+짱구/NNG+좋/VA+아/EC+해/VV+EC+짱구/NNG+아빠/NNG+랑/JKB+키/NNG+키/XSV+ETN"
          }
        ]
      }
    }
  ]
}