{
  "dataset": {
    "identifier": 98071,
    "name": "FACEBOOK_104_12_set",
    "src_path": "/data/file/cubeManager/PROJECT001/77/txt202110281455110196109/FACEBOOK_104_12_set/",
    "label_path": "/data/file/cubeManager/PROJECT001/77/txt202110281455110196109/FACEBOOK_104_12_set/",
    "category": 2,
    "type": 0
  },
  "licenses": {
    "name": "Apache License 1.0",
    "url": "http://www.apache.org/licenses/LICENSE-1.0"
  },
  "info": [
    {
      "id": 100497,
      "filename": "FACEBOOK_104_12.txt",
      "title": "FACEBOOK_104_12",
      "mediatype": "SNS",
      "medianame": "페이스북",
      "category": "일상대화",
      "date": "2021-10-28",
      "size": 497,
      "annotations": {
        "subject": "여행",
        "speaker_type": "1:1",
        "size": 497,
        "word_size": 173,
        "text": "1 : 너는 요즘 어디 갈 여행 계획 있어?\n2 : 아직은 없는데 조만간 제주도 가고 싶긴 해\n1 : 제주도?\n1 : 가면 되지!\n1 : 거기 연돈이라고 알아?\n2 : 어 알지 알지\n2 : 근데 먹어 본 적 은 없어 ㅠㅠ\n1 : 나도 ㅜㅜ\n1 : 내 친구 제주도 가서 먹으려고 했는데 아예 품절이어서 못 먹음 ㅜ\n2 : 와 아직도 사람 많이 오나보네 ㅠㅠ\n1 : 어 맞아\n1 : 거기 맨날 매진이래!\n2 : 그런데는 어떻게 해야 먹을 수 있는 거지?\n1 : 요즘에는 인터넷 예약 시스템으로 바뀌었다는데 그것도 예약하기 너무 힘들대 ㅜ\n2 : 와 진짜?\n2 : 인터넷 빠른 사람만 먹을 수 있겠네!\n1 : 키키 맞아\n1 : 나는 못 먹을 거 같아 대신에 강남에 연돈 2호점 생겼잖아!\n2 : 아 맞다\n2 : 거기는 예약 이런 거 안 해도 돼?\n1 : 그래도 거기도 오픈빨이라 그런가 줄서서 사더라!\n2 : 와 그 정도야?\n2 : 인기 진짜 많다\n1 : 키키 나는 한 3년 뒤에나 먹어보려고!\n2 : 키키 그정도면 거품 빠져있긴 하겠다",
        "lines": [
          {
            "id": 1,
            "text": "1 : 너는 요즘 어디 갈 여행 계획 있어?",
            "norm_text": "너는 요즘 어디 갈 여행 계획 있어?",
            "speaker": {
              "id": "1번",
              "sex": "여성",
              "age": "20대"
            },
            "speechAct": "(지시) 질문하기",
            "morpheme": "너/NP+는/JX+요즘/MAG+어디/NP+갈/VV+ETM+여행/NNG+계획/NNG+있/VA+어/EF"
          },
          {
            "id": 2,
            "text": "2 : 아직은 없는데 조만간 제주도 가고 싶긴 해",
            "norm_text": "아직은 없는데 조만간 제주도 가고 싶긴 해",
            "speaker": {
              "id": "2번",
              "sex": "여성",
              "age": "20대"
            },
            "speechAct": "(단언) 주장하기",
            "morpheme": "아직/MAG+은/JX+없/VA+는데/EC+조만간/MAG+제주/NNP+도/JX+가/VV+고/EC+싶/VX+긴/ETN+JX+해/VX+EC"
          },
          {
            "id": 3,
            "text": "1 : 제주도?",
            "norm_text": "제주도?",
            "speaker": {
              "id": "1번",
              "sex": "여성",
              "age": "20대"
            },
            "speechAct": "(지시) 질문하기",
            "morpheme": "제주도/NNP"
          },
          {
            "id": 4,
            "text": "1 : 가면 되지!",
            "norm_text": "가면 되지!",
            "speaker": {
              "id": "1번",
              "sex": "여성",
              "age": "20대"
            },
            "speechAct": "(단언) 주장하기",
            "morpheme": "가/VV+면/EC+되/VV+지/EF"
          },
          {
            "id": 5,
            "text": "1 : 거기 연돈이라고 알아?",
            "norm_text": "거기 연돈이라고 알아?",
            "speaker": {
              "id": "1번",
              "sex": "여성",
              "age": "20대"
            },
            "speechAct": "(지시) 질문하기",
            "morpheme": "거기/NP+연/VV+ETM+돈/NNG+이/VCP+라고/EC+알/VV+아/EF"
          },
          {
            "id": 6,
            "text": "2 : 어 알지 알지",
            "norm_text": "어 알지 알지",
            "speaker": {
              "id": "2번",
              "sex": "여성",
              "age": "20대"
            },
            "speechAct": "(단언) 주장하기",
            "morpheme": "어/IC+알/VV+지/EC+알/VV+지/EC"
          },
          {
            "id": 7,
            "text": "2 : 근데 먹어 본 적 은 없어 ㅠㅠ",
            "norm_text": "근데 먹어 본 적 은 없어 ㅠㅠ",
            "speaker": {
              "id": "2번",
              "sex": "여성",
              "age": "20대"
            },
            "speechAct": "(단언) 진술하기",
            "morpheme": "근데/MAJ+먹/VV+어/EC+본/VX+ETM+적/NNB+은/JX+없/VA+어/EC+ㅠㅠ/UNKNOWN"
          },
          {
            "id": 8,
            "text": "1 : 나도 ㅜㅜ",
            "norm_text": "나도 ㅜㅜ",
            "speaker": {
              "id": "1번",
              "sex": "여성",
              "age": "20대"
            },
            "speechAct": "(단언) 주장하기",
            "morpheme": "나/NP+도/JX+ㅜㅜ/UNKNOWN"
          },
          {
            "id": 9,
            "text": "1 : 내 친구 제주도 가서 먹으려고 했는데 아예 품절이어서 못 먹음 ㅜ",
            "norm_text": "내 친구 제주도 가서 먹으려고 했는데 아예 품절이어서 못 먹음 ㅜ",
            "speaker": {
              "id": "1번",
              "sex": "여성",
              "age": "20대"
            },
            "speechAct": "(단언) 진술하기",
            "morpheme": "내/NP+JKG+친구/NNG+제주/NNP+도/JX+가/VV+서/EC+먹/VV+으려고/EC+했/VX+EP+는데/EC+아예/MAG+품절/NNG+이/VCP+어서/EC+못/MAG+먹/VV+음/ETN+ㅜ/UNKNOWN"
          },
          {
            "id": 10,
            "text": "2 : 와 아직도 사람 많이 오나보네 ㅠㅠ",
            "norm_text": "와 아직도 사람 많이 오나보네 ㅠㅠ",
            "speaker": {
              "id": "2번",
              "sex": "여성",
              "age": "20대"
            },
            "speechAct": "(단언) 주장하기",
            "morpheme": "와/IC+아직/MAG+도/JX+사람/NNG+많이/MAG+오/VV+나/EC+보/VX+네/EF+ㅠㅠ/UNKNOWN"
          },
          {
            "id": 11,
            "text": "1 : 어 맞아",
            "norm_text": "어 맞아",
            "speaker": {
              "id": "1번",
              "sex": "여성",
              "age": "20대"
            },
            "speechAct": "(단언) 주장하기",
            "morpheme": "어/IC+맞/VV+아/EC"
          },
          {
            "id": 12,
            "text": "1 : 거기 맨날 매진이래!",
            "norm_text": "거기 맨날 매진이래!",
            "speaker": {
              "id": "1번",
              "sex": "여성",
              "age": "20대"
            },
            "speechAct": "(단언) 진술하기",
            "morpheme": "거기/NP+맨날/MAG+매진/NNG+이/VCP+래/EF"
          },
          {
            "id": 13,
            "text": "2 : 그런데는 어떻게 해야 먹을 수 있는 거지?",
            "norm_text": "그런데는 어떻게 해야 먹을 수 있는 거지?",
            "speaker": {
              "id": "2번",
              "sex": "여성",
              "age": "20대"
            },
            "speechAct": "(지시) 질문하기",
            "morpheme": "그런/MM+데/NNB+는/JX+어떻게/MAG+해야/VV+EC+먹/VV+을/ETM+수/NNB+있/VV+는/ETM+거/NNB+지/VCP+EF"
          },
          {
            "id": 14,
            "text": "1 : 요즘에는 인터넷 예약 시스템으로 바뀌었다는데 그것도 예약하기 너무 힘들대 ㅜ",
            "norm_text": "요즘에는 인터넷 예약 시스템으로 바뀌었다는데 그것도 예약하기 너무 힘들대 ㅜ",
            "speaker": {
              "id": "1번",
              "sex": "여성",
              "age": "20대"
            },
            "speechAct": "(단언) 진술하기",
            "morpheme": "요즘/NNG+에/JKB+는/JX+인터넷/NNG+예약/NNG+시스템/NNG+으로/JKB+바뀌/VV+었/EP+다는데/EC+그것/NP+도/JX+예약/NNG+하/XSV+기/ETN+너무/MAG+힘들/VA+ETM+대ㅜ/UNKNOWN"
          },
          {
            "id": 15,
            "text": "2 : 와 진짜?",
            "norm_text": "와 진짜?",
            "speaker": {
              "id": "2번",
              "sex": "여성",
              "age": "20대"
            },
            "speechAct": "턴토크 사인(관습적 반응)",
            "morpheme": "와/IC+진짜/MAG"
          },
          {
            "id": 16,
            "text": "2 : 인터넷 빠른 사람만 먹을 수 있겠네!",
            "norm_text": "인터넷 빠른 사람만 먹을 수 있겠네!",
            "speaker": {
              "id": "2번",
              "sex": "여성",
              "age": "20대"
            },
            "speechAct": "(단언) 주장하기",
            "morpheme": "인터넷/NNG+빠른/VA+ETM+사람/NNG+만/JX+먹/VV+을/ETM+수/NNB+있/VV+겠/EP+네/EF"
          },
          {
            "id": 17,
            "text": "1 : 키키 맞아",
            "norm_text": "키키 맞아",
            "speaker": {
              "id": "1번",
              "sex": "여성",
              "age": "20대"
            },
            "speechAct": "(단언) 주장하기",
            "morpheme": "키/NNG+키/XSV+ETN+맞/VV+아/EC"
          },
          {
            "id": 18,
            "text": "1 : 나는 못 먹을 거 같아 대신에 강남에 연돈 2호점 생겼잖아!",
            "norm_text": "나는 못 먹을 거 같아 대신에 강남에 연돈 2호점 생겼잖아!",
            "speaker": {
              "id": "1번",
              "sex": "여성",
              "age": "20대"
            },
            "speechAct": "(단언) 진술하기",
            "morpheme": "나/NP+는/JX+못/MAG+먹/VV+을/ETM+거/NNB+같/VA+아/EC+대신/NNG+에/JKB+강남/NNP+에/JKB+연/VV+ETM+돈/NNG+2/SN+호/NNBC+점/NNG+생겼/VV+EP+잖아/EF"
          },
          {
            "id": 19,
            "text": "2 : 아 맞다",
            "norm_text": "아 맞다",
            "speaker": {
              "id": "2번",
              "sex": "여성",
              "age": "20대"
            },
            "speechAct": "(단언) 주장하기",
            "morpheme": "아/IC+맞/VV+다/EC"
          },
          {
            "id": 20,
            "text": "2 : 거기는 예약 이런 거 안 해도 돼?",
            "norm_text": "거기는 예약 이런 거 안 해도 돼?",
            "speaker": {
              "id": "2번",
              "sex": "여성",
              "age": "20대"
            },
            "speechAct": "(지시) 질문하기",
            "morpheme": "거기/NP+는/JX+예약/NNG+이런/MM+거/NNB+안/MAG+해도/VV+EC+돼/VV+EF"
          },
          {
            "id": 21,
            "text": "1 : 그래도 거기도 오픈빨이라 그런가 줄서서 사더라!",
            "norm_text": "그래도 거기도 오픈빨이라 그런가 줄서서 사더라!",
            "speaker": {
              "id": "1번",
              "sex": "여성",
              "age": "20대"
            },
            "speechAct": "(단언) 진술하기",
            "morpheme": "그래도/MAJ+거기/NP+도/JX+오픈/NNG+빨/VV+이라/EC+그런가/VA+EC+줄서/VV+서/EC+사/VV+더라/EF"
          },
          {
            "id": 22,
            "text": "2 : 와 그 정도야?",
            "norm_text": "와 그 정도야?",
            "speaker": {
              "id": "2번",
              "sex": "여성",
              "age": "20대"
            },
            "speechAct": "(지시) 질문하기",
            "morpheme": "와/IC+그/MM+정도/NNG+야/VCP+EF"
          },
          {
            "id": 23,
            "text": "2 : 인기 진짜 많다",
            "norm_text": "인기 진짜 많다",
            "speaker": {
              "id": "2번",
              "sex": "여성",
              "age": "20대"
            },
            "speechAct": "(단언) 주장하기",
            "morpheme": "인기/NNG+진짜/MAG+많/VA+다/EC"
          },
          {
            "id": 24,
            "text": "1 : 키키 나는 한 3년 뒤에나 먹어보려고!",
            "norm_text": "키키 나는 한 3년 뒤에나 먹어보려고!",
            "speaker": {
              "id": "1번",
              "sex": "여성",
              "age": "20대"
            },
            "speechAct": "(단언) 주장하기",
            "morpheme": "키/NNG+키나/XSA+ETN+JX+는/JX+한/MM+3/SN+년/NNBC+뒤/NNG+에/JKB+나/JX+먹/VV+어/EC+보/VX+려고/EF"
          },
          {
            "id": 25,
            "text": "2 : 키키 그정도면 거품 빠져있긴 하겠다",
            "norm_text": "키키 그정도면 거품 빠져있긴 하겠다",
            "speaker": {
              "id": "2번",
              "sex": "여성",
              "age": "20대"
            },
            "speechAct": "(단언) 주장하기",
            "morpheme": "키키/NNP+그/MM+정도/NNG+면/VCP+EC+거품/NNG+빠져/VV+EC+있/VX+긴/ETN+JX+하/VX+겠/EP+다/EC"
          }
        ]
      }
    }
  ]
}