{
  "dataset": {
    "identifier": 119508,
    "name": "FACEBOOK_114_08_set",
    "src_path": "/data/file/cubeManager/PROJECT001/80/txt20211103151014086771/FACEBOOK_114_08_set/",
    "label_path": "/data/file/cubeManager/PROJECT001/80/txt20211103151014086771/FACEBOOK_114_08_set/",
    "category": 2,
    "type": 0
  },
  "licenses": {
    "name": "Apache License 1.0",
    "url": "http://www.apache.org/licenses/LICENSE-1.0"
  },
  "info": [
    {
      "id": 134411,
      "filename": "FACEBOOK_114_08.txt",
      "title": "FACEBOOK_114_08",
      "mediatype": "SNS",
      "medianame": "페이스북",
      "category": "일상대화",
      "date": "2021-11-03",
      "size": 395,
      "annotations": {
        "subject": "연애/결혼",
        "speaker_type": "1:1",
        "size": 395,
        "word_size": 128,
        "text": "1 : 나 엊그제 기념일이었는데 싸움 ㅜ\n2 : 헐 ㅠㅠ 기념일인데 왜 싸운 거야 ㅠㅠ\n1 : 몰라 남친이 나 서운하게 해서!\n2 : 서운하게 한 게 무슨 일인데?\n1 : 아니 연락이 잘 안 되는 거야! 그래서 화났어!\n2 : 아니 연락이 제일 중요한데 뭐 한 거야?\n1 : 그니까 엄청 바빴다고 하는데!  모르겠음!\n2 : 바빠도 연락은 해줘야 되는 거 아니야?\n1 : 맞아 키키 그래서 싸웠는데 남친이 배달 시키더라\n2 : 키키 맛있는 음식 시켜주면 바로 풀어야지\n1 : 맞아 그래서 바로 풀림!\n2 : 키키 싸움도 진짜 뭐 별거 없다~\n1 : 키키 맞아 심지어 내가 제일 좋아하는 닭발을 시켜줌!\n2 : 아 닭발은 또 못 참지\n1 : 키키 그니까~ 그리고 닭발도 맛있는 집에다가 시켰더라고~\n2 : 계란찜도 다음에 꼭 추가해줘~",
        "lines": [
          {
            "id": 1,
            "text": "1 : 나 엊그제 기념일이었는데 싸움 ㅜ",
            "norm_text": "나 엊그제 기념일이었는데 싸움 ㅜ",
            "speaker": {
              "id": "1번",
              "sex": "여성",
              "age": "20대"
            },
            "speechAct": "(단언) 진술하기",
            "morpheme": "나/NP+엊그제/MAG+기념일/NNG+이/VCP+었/EP+는데/EC+싸/VX+EF+움ㅜ/UNKNOWN"
          },
          {
            "id": 2,
            "text": "2 : 헐 ㅠㅠ 기념일인데 왜 싸운 거야 ㅠㅠ",
            "norm_text": "헐 ㅠㅠ 기념일인데 왜 싸운 거야 ㅠㅠ",
            "speaker": {
              "id": "2번",
              "sex": "여성",
              "age": "20대"
            },
            "speechAct": "(지시) 질문하기",
            "morpheme": "헐/VV+JKO+ㅠㅠ/UNKNOWN+기념일/NNG+인데/VCP+EC+왜/MAG+싸운/VV+ETM+거/NNB+야/VCP+EF+ㅠㅠ/UNKNOWN"
          },
          {
            "id": 3,
            "text": "1 : 몰라 남친이 나 서운하게 해서!",
            "norm_text": "몰라 남친이 나 서운하게 해서!",
            "speaker": {
              "id": "1번",
              "sex": "여성",
              "age": "20대"
            },
            "speechAct": "(단언) 주장하기",
            "morpheme": "몰라/VV+EC+남친/NNG+이나/JC+서운/XR+하/XSA+게/EC+해서/VX+EF"
          },
          {
            "id": 4,
            "text": "2 : 서운하게 한 게 무슨 일인데?",
            "norm_text": "서운하게 한 게 무슨 일인데?",
            "speaker": {
              "id": "2번",
              "sex": "여성",
              "age": "20대"
            },
            "speechAct": "(지시) 질문하기",
            "morpheme": "서운/XR+하/XSA+게/EC+한게/VX+ETM+NNB+JKS+무슨/MM+일/NNG+인데/VCP+EF"
          },
          {
            "id": 5,
            "text": "1 : 아니 연락이 잘 안 되는 거야! 그래서 화났어!",
            "norm_text": "아니 연락이 잘 안 되는 거야! 그래서 화났어!",
            "speaker": {
              "id": "1번",
              "sex": "여성",
              "age": "20대"
            },
            "speechAct": "(단언) 주장하기",
            "morpheme": "아니/IC+연락/NNG+이/JKS+잘/MAG+안/MAG+되/VV+는/ETM+거/NNB+야/VCP+EF+그래서/MAJ+화났/VV+EP+어/EF"
          },
          {
            "id": 6,
            "text": "2 : 아니 연락이 제일 중요한데 뭐 한 거야?",
            "norm_text": "아니 연락이 제일 중요한데 뭐 한 거야?",
            "speaker": {
              "id": "2번",
              "sex": "여성",
              "age": "20대"
            },
            "speechAct": "(지시) 질문하기",
            "morpheme": "아니/IC+연락/NNG+이/JKS+제일/MAG+중요/NNG+한/XSA+ETM+데/NNB+뭐한/VV+ETM+거/NNB+야/VCP+EF"
          },
          {
            "id": 7,
            "text": "1 : 그니까 엄청 바빴다고 하는데!  모르겠음!",
            "norm_text": "그니까 엄청 바빴다고 하는데!  모르겠음!",
            "speaker": {
              "id": "1번",
              "sex": "여성",
              "age": "20대"
            },
            "speechAct": "(단언) 주장하기",
            "morpheme": "그니까/MAJ+엄청/MAG+바빴/VA+EP+다고/EC+하/VV+는데/EC+모르/VV+겠/EP+음/ETN"
          },
          {
            "id": 8,
            "text": "2 : 바빠도 연락은 해줘야 되는 거 아니야?",
            "norm_text": "바빠도 연락은 해줘야 되는 거 아니야?",
            "speaker": {
              "id": "2번",
              "sex": "여성",
              "age": "20대"
            },
            "speechAct": "(지시) 질문하기",
            "morpheme": "바빠도/VA+EC+연락/NNG+은/JX+해/VV+EC+줘야/VX+EC+되/VV+는/ETM+거/NNB+아니/VCN+야/EF"
          },
          {
            "id": 9,
            "text": "1 : 맞아 키키 그래서 싸웠는데 남친이 배달 시키더라",
            "norm_text": "맞아 키키 그래서 싸웠는데 남친이 배달 시키더라",
            "speaker": {
              "id": "1번",
              "sex": "여성",
              "age": "20대"
            },
            "speechAct": "(단언) 진술하기",
            "morpheme": "맞/VV+아/EC+키/NNG+키/XSV+ETN+그래서/MAJ+싸웠/VV+EP+는데/EC+남친/NNG+이/JKS+배달/NNG+시키/XSV+더라/EC"
          },
          {
            "id": 10,
            "text": "2 : 키키 맛있는 음식 시켜주면 바로 풀어야지",
            "norm_text": "키키 맛있는 음식 시켜주면 바로 풀어야지",
            "speaker": {
              "id": "2번",
              "sex": "여성",
              "age": "20대"
            },
            "speechAct": "(단언) 주장하기",
            "morpheme": "키/NNG+키/XSV+ETN+맛있/VA+는/ETM+음식/NNG+시켜/XSV+EC+주/VX+면/EC+바로/MAG+풀/VV+어야지/EC"
          },
          {
            "id": 11,
            "text": "1 : 맞아 그래서 바로 풀림!",
            "norm_text": "맞아 그래서 바로 풀림!",
            "speaker": {
              "id": "1번",
              "sex": "여성",
              "age": "20대"
            },
            "speechAct": "(단언) 주장하기",
            "morpheme": "맞아/IC+그래서/MAJ+바로/MAG+풀림/VV+ETN"
          },
          {
            "id": 12,
            "text": "2 : 키키 싸움도 진짜 뭐 별거 없다~",
            "norm_text": "키키 싸움도 진짜 뭐 별거 없다~",
            "speaker": {
              "id": "2번",
              "sex": "여성",
              "age": "20대"
            },
            "speechAct": "(단언) 주장하기",
            "morpheme": "키/NNG+키/NNG+싸움/NNG+도/JX+진짜/MAG+뭐/IC+별거/NNG+없/VA+다/EC+~/SY"
          },
          {
            "id": 13,
            "text": "1 : 키키 맞아 심지어 내가 제일 좋아하는 닭발을 시켜줌!",
            "norm_text": "키키 맞아 심지어 내가 제일 좋아하는 닭발을 시켜줌!",
            "speaker": {
              "id": "1번",
              "sex": "여성",
              "age": "20대"
            },
            "speechAct": "(단언) 진술하기",
            "morpheme": "키/NNG+키/XSV+ETN+맞/VV+아/EC+심지어/MAG+내/NP+가/JKS+제일/MAG+좋/VA+아/EC+하/VV+는/ETM+닭발/NNG+을/JKO+시켜줌/VV+EC+VX+ETN"
          },
          {
            "id": 14,
            "text": "2 : 아 닭발은 또 못 참지",
            "norm_text": "아 닭발은 또 못 참지",
            "speaker": {
              "id": "2번",
              "sex": "여성",
              "age": "20대"
            },
            "speechAct": "(단언) 주장하기",
            "morpheme": "아/IC+닭발/NNG+은/JX+또/MAG+못/MAG+참/VV+지/EC"
          },
          {
            "id": 15,
            "text": "1 : 키키 그니까~ 그리고 닭발도 맛있는 집에다가 시켰더라고~",
            "norm_text": "키키 그니까~ 그리고 닭발도 맛있는 집에다가 시켰더라고~",
            "speaker": {
              "id": "1번",
              "sex": "여성",
              "age": "20대"
            },
            "speechAct": "(단언) 주장하기",
            "morpheme": "키/NNG+키/XSV+ETN+그니까/MAJ+~/SY+그리고/MAJ+닭발/NNG+도/JX+맛있/VA+는/ETM+집/NNG+에다가/JKB+시켰/VV+EP+더라고/EC+~/SY"
          },
          {
            "id": 16,
            "text": "2 : 계란찜도 다음에 꼭 추가해줘~",
            "norm_text": "계란찜도 다음에 꼭 추가해줘~",
            "speaker": {
              "id": "2번",
              "sex": "여성",
              "age": "20대"
            },
            "speechAct": "(단언) 주장하기",
            "morpheme": "계란찜/NNG+도/JX+다음/NNG+에/JKB+꼭/MAG+추가/NNG+해/XSV+EC+줘/VX+EC+~/SY"
          }
        ]
      }
    }
  ]
}