{
  "dataset": {
    "identifier": 99722,
    "name": "FACEBOOK_103_08_set",
    "src_path": "/data/file/cubeManager/PROJECT001/77/txt20211028145511001494/FACEBOOK_103_08_set/",
    "label_path": "/data/file/cubeManager/PROJECT001/77/txt20211028145511001494/FACEBOOK_103_08_set/",
    "category": 2,
    "type": 0
  },
  "licenses": {
    "name": "Apache License 1.0",
    "url": "http://www.apache.org/licenses/LICENSE-1.0"
  },
  "info": [
    {
      "id": 100473,
      "filename": "FACEBOOK_103_08.txt",
      "title": "FACEBOOK_103_08",
      "mediatype": "SNS",
      "medianame": "페이스북",
      "category": "일상대화",
      "date": "2021-10-28",
      "size": 366,
      "annotations": {
        "subject": "연애/결혼",
        "speaker_type": "1:1",
        "size": 366,
        "word_size": 128,
        "text": "1 : 너는 남자친구에 대한 환상이 있어?\n1 : 이상형이 어떻게 돼?\n2 : 나는 예의만 바르면 다 좋아\n1 : 키키 그러면 키도 너보다 작아도 좋아?\n2 : 웅 키는 별로 상관없는 거 같아\n1 : 그러면 요즘에 눈에 밟히는 애 있어?\n2 : 연락하는 애 있는데 연락만 해\n1 : 그렇구나\n1 : 최근에 둘이서 만난 적 있어?\n2 : 있는데 잘 안 만나\n1 : 그렇구나\n1 : 걔랑은 연락은 잘 돼?\n2 : 연락은 서로 잘하는 거 같아\n1 : 걔는 어떻게 알게 된 친구야?\n2 : 친구랑 놀다가 친구 남친이 데리고 왔어\n1 : 그렇구나 안지는 얼마나 됐어?\n2 : 별로 안됐어 한 3주?\n1 : 생각보다 오래 안 됐네?\n1 : 지금은 썸 타는 중인가?\n2 : 그런가 봐 나도 잘 모르겠어",
        "lines": [
          {
            "id": 1,
            "text": "1 : 너는 남자친구에 대한 환상이 있어?",
            "norm_text": "너는 남자친구에 대한 환상이 있어?",
            "speaker": {
              "id": "1번",
              "sex": "여성",
              "age": "20대"
            },
            "speechAct": "(지시) 질문하기",
            "morpheme": "너/NP+는/JX+남자/NNG+친구/NNG+에/JKB+대한/VV+ETM+환상/NNG+이/JKS+있/VA+어/EF"
          },
          {
            "id": 2,
            "text": "1 : 이상형이 어떻게 돼?",
            "norm_text": "이상형이 어떻게 돼?",
            "speaker": {
              "id": "1번",
              "sex": "여성",
              "age": "20대"
            },
            "speechAct": "(지시) 질문하기",
            "morpheme": "이상형/NNP+이/JKS+어떻게/MAG+돼/VV+EF"
          },
          {
            "id": 3,
            "text": "2 : 나는 예의만 바르면 다 좋아",
            "norm_text": "나는 예의만 바르면 다 좋아",
            "speaker": {
              "id": "2번",
              "sex": "여성",
              "age": "20대"
            },
            "speechAct": "(단언) 주장하기",
            "morpheme": "나/NP+는/JX+예의/NNG+만/JX+바르/VV+면/EC+다/MAG+좋/VA+아/EC"
          },
          {
            "id": 4,
            "text": "1 : 키키 그러면 키도 너보다 작아도 좋아?",
            "norm_text": "키키 그러면 키도 너보다 작아도 좋아?",
            "speaker": {
              "id": "1번",
              "sex": "여성",
              "age": "20대"
            },
            "speechAct": "(지시) 질문하기",
            "morpheme": "키/NNG+키/XSV+ETN+그러/VV+면/EC+키/NNG+도/JX+너/NP+보다/JKB+작/VA+아도/EC+좋/VA+아/EF"
          },
          {
            "id": 5,
            "text": "2 : 웅 키는 별로 상관없는 거 같아",
            "norm_text": "웅 키는 별로 상관없는 거 같아",
            "speaker": {
              "id": "2번",
              "sex": "여성",
              "age": "20대"
            },
            "speechAct": "(단언) 주장하기",
            "morpheme": "웅키/VV+는/ETM+별로/MAG+상관없/VA+는/ETM+거/NNB+같/VA+아/EC"
          },
          {
            "id": 6,
            "text": "1 : 그러면 요즘에 눈에 밟히는 애 있어?",
            "norm_text": "그러면 요즘에 눈에 밟히는 애 있어?",
            "speaker": {
              "id": "1번",
              "sex": "여성",
              "age": "20대"
            },
            "speechAct": "(지시) 질문하기",
            "morpheme": "그러면/MAJ+요즘/NNG+에/JKB+눈/NNG+에/JKB+밟히/VV+는/ETM+애/NNG+있/VA+어/EF"
          },
          {
            "id": 7,
            "text": "2 : 연락하는 애 있는데 연락만 해",
            "norm_text": "연락하는 애 있는데 연락만 해",
            "speaker": {
              "id": "2번",
              "sex": "여성",
              "age": "20대"
            },
            "speechAct": "(단언) 주장하기",
            "morpheme": "연락/NNG+하/XSV+는/ETM+애/NNG+있/VV+는데/EC+연락/NNG+만/JX+해/VV+EC"
          },
          {
            "id": 8,
            "text": "1 : 그렇구나",
            "norm_text": "그렇구나",
            "speaker": {
              "id": "1번",
              "sex": "여성",
              "age": "20대"
            },
            "speechAct": "(단언) 주장하기",
            "morpheme": "그렇/VA+구나/EC"
          },
          {
            "id": 9,
            "text": "1 : 최근에 둘이서 만난 적 있어?",
            "norm_text": "최근에 둘이서 만난 적 있어?",
            "speaker": {
              "id": "1번",
              "sex": "여성",
              "age": "20대"
            },
            "speechAct": "(지시) 질문하기",
            "morpheme": "최근/NNG+에/JKB+둘/NR+이/XSN+서/JKS+만난/VV+ETM+적/NNB+있/VA+어/EF"
          },
          {
            "id": 10,
            "text": "2 : 있는데 잘 안 만나",
            "norm_text": "있는데 잘 안 만나",
            "speaker": {
              "id": "2번",
              "sex": "여성",
              "age": "20대"
            },
            "speechAct": "(단언) 주장하기",
            "morpheme": "있/VA+는데/EC+잘/MAG+안/MAG+만나/VV+EC"
          },
          {
            "id": 11,
            "text": "1 : 그렇구나",
            "norm_text": "그렇구나",
            "speaker": {
              "id": "1번",
              "sex": "여성",
              "age": "20대"
            },
            "speechAct": "(단언) 주장하기",
            "morpheme": "그렇/VA+구나/EC"
          },
          {
            "id": 12,
            "text": "1 : 걔랑은 연락은 잘 돼?",
            "norm_text": "걔랑은 연락은 잘 돼?",
            "speaker": {
              "id": "1번",
              "sex": "여성",
              "age": "20대"
            },
            "speechAct": "(지시) 질문하기",
            "morpheme": "걔/NP+랑/JKB+은/JX+연락/NNG+은/JX+잘/MAG+돼/VV+EF"
          },
          {
            "id": 13,
            "text": "2 : 연락은 서로 잘하는 거 같아",
            "norm_text": "연락은 서로 잘하는 거 같아",
            "speaker": {
              "id": "2번",
              "sex": "여성",
              "age": "20대"
            },
            "speechAct": "(단언) 주장하기",
            "morpheme": "연락/NNG+은/JX+서로/MAG+잘/MAG+하/VV+는/ETM+거/NNB+같/VA+아/EC"
          },
          {
            "id": 14,
            "text": "1 : 걔는 어떻게 알게 된 친구야?",
            "norm_text": "걔는 어떻게 알게 된 친구야?",
            "speaker": {
              "id": "1번",
              "sex": "여성",
              "age": "20대"
            },
            "speechAct": "(지시) 질문하기",
            "morpheme": "걔/NP+는/JX+어떻게/MAG+알/VV+게/EC+된/VV+ETM+친구/NNG+야/VCP+EF"
          },
          {
            "id": 15,
            "text": "2 : 친구랑 놀다가 친구 남친이 데리고 왔어",
            "norm_text": "친구랑 놀다가 친구 남친이 데리고 왔어",
            "speaker": {
              "id": "2번",
              "sex": "여성",
              "age": "20대"
            },
            "speechAct": "(단언) 진술하기",
            "morpheme": "친구/NNG+랑/JKB+놀/VV+다가/EC+친구/NNG+남친/NNG+이/JKS+데리/VV+고/EC+왔/VX+EP+어/EC"
          },
          {
            "id": 16,
            "text": "1 : 그렇구나 안지는 얼마나 됐어?",
            "norm_text": "그렇구나 안지는 얼마나 됐어?",
            "speaker": {
              "id": "1번",
              "sex": "여성",
              "age": "20대"
            },
            "speechAct": "(지시) 질문하기",
            "morpheme": "그렇/VA+구나/EC+안지/VV+ETM+NNB+는/JX+얼마나/MAG+됐/VV+EP+어/EF"
          },
          {
            "id": 17,
            "text": "2 : 별로 안됐어 한 3주?",
            "norm_text": "별로 안됐어 한 3주?",
            "speaker": {
              "id": "2번",
              "sex": "여성",
              "age": "20대"
            },
            "speechAct": "(단언) 진술하기",
            "morpheme": "별로/MAG+안/MAG+됐/VV+EP+어/EC+한/VX+ETM+3/SN+주/NNBC"
          },
          {
            "id": 18,
            "text": "1 : 생각보다 오래 안 됐네?",
            "norm_text": "생각보다 오래 안 됐네?",
            "speaker": {
              "id": "1번",
              "sex": "여성",
              "age": "20대"
            },
            "speechAct": "(지시) 질문하기",
            "morpheme": "생각/NNG+보다/JKB+오래/MAG+안/MAG+됐/VV+EP+네/EF"
          },
          {
            "id": 19,
            "text": "1 : 지금은 썸 타는 중인가?",
            "norm_text": "지금은 썸 타는 중인가?",
            "speaker": {
              "id": "1번",
              "sex": "여성",
              "age": "20대"
            },
            "speechAct": "(지시) 질문하기",
            "morpheme": "지금/MAG+은/JX+썸/NNG+타/VV+는/ETM+중/NNB+인가/VCP+EF"
          },
          {
            "id": 20,
            "text": "2 : 그런가 봐 나도 잘 모르겠어",
            "norm_text": "그런가 봐 나도 잘 모르겠어",
            "speaker": {
              "id": "2번",
              "sex": "여성",
              "age": "20대"
            },
            "speechAct": "(단언) 주장하기",
            "morpheme": "그런가/VA+EC+봐/VX+EF+나/NP+도/JX+잘/MAG+모르/VV+겠/EP+어/EC"
          }
        ]
      }
    }
  ]
}