{
  "dataset": {
    "identifier": 125277,
    "name": "FACEBOOK_124_11_set",
    "src_path": "/data/file/cubeManager/PROJECT001/84/txt20211105143620095062/FACEBOOK_124_11_set/",
    "label_path": "/data/file/cubeManager/PROJECT001/84/txt20211105143620095062/FACEBOOK_124_11_set/",
    "category": 2,
    "type": 0
  },
  "licenses": {
    "name": "Apache License 1.0",
    "url": "http://www.apache.org/licenses/LICENSE-1.0"
  },
  "info": [
    {
      "id": 140147,
      "filename": "FACEBOOK_124_11.txt",
      "title": "FACEBOOK_124_11",
      "mediatype": "SNS",
      "medianame": "페이스북",
      "category": "일상대화",
      "date": "2021-11-05",
      "size": 387,
      "annotations": {
        "subject": "게임",
        "speaker_type": "1:1",
        "size": 387,
        "word_size": 133,
        "text": "1 : 요즘 하는 게임 있어?~\n2 : 나 요즘에 게임 핸드폰으로 해\n1 : 핸드폰으로? 어떤 게임 하는데? 하하\n2 : 그거 계단으로 하는 게임 있거든 재미있어 키키\n1 : 아 그 천국의 계단 그건가? 키키~\n2 : 친구 아들램이랑 맨날 시합해 키키\n1 : 아하 그거 재밌다던데 난 안 해 봤어 ㅠㅠ\n2 : 웅 천국의 계단 진짜 재미있어\n2 : 맨날 일 할 때마다 그거 한다 키키\n1 : 그거 몰래 하면 스릴감 있겠다!\n2 : 진짜 해봐 중독성 짱이야 키키\n1 : 나 저번에 해 봤는데 어렵더라고...\n2 : 진짜 나중에 내기 한번 해보자\n1 : 에이 무슨 내기 할까!?\n2 : 나 여자친구랑 맨날 그걸로 치킨 내기 함\n1 : 좋아 그럼 치킨 걸고 게임 한 판 하자 키키\n2 : 점수 높은 사람이 이기는 거야 키키 어때",
        "lines": [
          {
            "id": 1,
            "text": "1 : 요즘 하는 게임 있어?~",
            "norm_text": "요즘 하는 게임 있어?~",
            "speaker": {
              "id": "1번",
              "sex": "여성",
              "age": "20대"
            },
            "speechAct": "(지시) 질문하기",
            "morpheme": "요즘/NNG+하/XSV+는/ETM+게임/NNG+있/VA+어/EF+~/SY"
          },
          {
            "id": 2,
            "text": "2 : 나 요즘에 게임 핸드폰으로 해",
            "norm_text": "나 요즘에 게임 핸드폰으로 해",
            "speaker": {
              "id": "2번",
              "sex": "남성",
              "age": "20대"
            },
            "speechAct": "(단언) 주장하기",
            "morpheme": "나/NP+요즘/NNG+에/JKB+게임/NNG+핸드폰/NNG+으로/JKB+해/VV+EC"
          },
          {
            "id": 3,
            "text": "1 : 핸드폰으로? 어떤 게임 하는데? 하하",
            "norm_text": "핸드폰으로? 어떤 게임 하는데? 하하",
            "speaker": {
              "id": "1번",
              "sex": "여성",
              "age": "20대"
            },
            "speechAct": "(지시) 질문하기",
            "morpheme": "핸드폰/NNG+으로/JKB+어떤/MM+게임/NNG+하/XSV+는데/EC+하하/MAG"
          },
          {
            "id": 4,
            "text": "2 : 그거 계단으로 하는 게임 있거든 재미있어 키키",
            "norm_text": "그거 계단으로 하는 게임 있거든 재미있어 키키",
            "speaker": {
              "id": "2번",
              "sex": "남성",
              "age": "20대"
            },
            "speechAct": "(단언) 주장하기",
            "morpheme": "그거/NP+계단/NNG+으로/JKB+하/VV+는/ETM+게임/NNG+있/VA+거든/EF+재미있/VA+어/EC+키/NNG+키/XSV+ETN"
          },
          {
            "id": 5,
            "text": "1 : 아 그 천국의 계단 그건가? 키키~",
            "norm_text": "아 그 천국의 계단 그건가? 키키~",
            "speaker": {
              "id": "1번",
              "sex": "여성",
              "age": "20대"
            },
            "speechAct": "(지시) 질문하기",
            "morpheme": "아/IC+그/MM+천국/NNG+의/JKG+계단/NNG+그건가/NP+VCP+EF+키/NNG+키/XSV+ETN+~/SY"
          },
          {
            "id": 6,
            "text": "2 : 친구 아들램이랑 맨날 시합해 키키",
            "norm_text": "친구 아들램이랑 맨날 시합해 키키",
            "speaker": {
              "id": "2번",
              "sex": "남성",
              "age": "20대"
            },
            "speechAct": "(단언) 주장하기",
            "morpheme": "친구/NNG+아들/NNG+램/NNG+이랑/JKB+맨날/MAG+시합/NNG+해/XSV+EC+키/NNG+키/XSV+ETN"
          },
          {
            "id": 7,
            "text": "1 : 아하 그거 재밌다던데 난 안 해 봤어 ㅠㅠ",
            "norm_text": "아하 그거 재밌다던데 난 안 해 봤어 ㅠㅠ",
            "speaker": {
              "id": "1번",
              "sex": "여성",
              "age": "20대"
            },
            "speechAct": "(단언) 주장하기",
            "morpheme": "아하/IC+그거/NP+재밌/VA+다던데/EC+난/NP+JX+안/MAG+해/VV+EC+봤/VX+EP+어/EF+ㅠㅠ/UNKNOWN"
          },
          {
            "id": 8,
            "text": "2 : 웅 천국의 계단 진짜 재미있어",
            "norm_text": "웅 천국의 계단 진짜 재미있어",
            "speaker": {
              "id": "2번",
              "sex": "남성",
              "age": "20대"
            },
            "speechAct": "(단언) 주장하기",
            "morpheme": "웅/IC+천국/NNG+의/JKG+계단/NNG+진짜/MAG+재미있/VA+어/EC"
          },
          {
            "id": 9,
            "text": "2 : 맨날 일 할 때마다 그거 한다 키키",
            "norm_text": "맨날 일 할 때마다 그거 한다 키키",
            "speaker": {
              "id": "2번",
              "sex": "남성",
              "age": "20대"
            },
            "speechAct": "(단언) 주장하기",
            "morpheme": "맨날/MAG+일/NNG+할/XSV+ETM+때/NNG+마다/JX+그거/NP+한/XSA+ETM+다키키/NNP"
          },
          {
            "id": 10,
            "text": "1 : 그거 몰래 하면 스릴감 있겠다!",
            "norm_text": "그거 몰래 하면 스릴감 있겠다!",
            "speaker": {
              "id": "1번",
              "sex": "여성",
              "age": "20대"
            },
            "speechAct": "(단언) 주장하기",
            "morpheme": "그거/NP+몰래/MAG+하/VV+면/EC+스릴감/NNG+있/VV+겠/EP+다/EF"
          },
          {
            "id": 11,
            "text": "2 : 진짜 해봐 중독성 짱이야 키키",
            "norm_text": "진짜 해봐 중독성 짱이야 키키",
            "speaker": {
              "id": "2번",
              "sex": "남성",
              "age": "20대"
            },
            "speechAct": "(지시) 충고/제안하기",
            "morpheme": "진짜/MAG+해/VV+EC+봐/VX+EF+중독/NNG+성/XSN+짱/NNG+이/VCP+야/EC+키/NNG+키/XSV+ETN"
          },
          {
            "id": 12,
            "text": "1 : 나 저번에 해 봤는데 어렵더라고...",
            "norm_text": "나 저번에 해 봤는데 어렵더라고...",
            "speaker": {
              "id": "1번",
              "sex": "여성",
              "age": "20대"
            },
            "speechAct": "(단언) 주장하기",
            "morpheme": "나/NP+저번/NNG+에/JKB+해/VV+EC+봤/VX+EP+는데/EC+어렵/VA+더라고/EF+./SY"
          },
          {
            "id": 13,
            "text": "2 : 진짜 나중에 내기 한번 해보자",
            "norm_text": "진짜 나중에 내기 한번 해보자",
            "speaker": {
              "id": "2번",
              "sex": "남성",
              "age": "20대"
            },
            "speechAct": "(지시) 충고/제안하기",
            "morpheme": "진짜/MAG+나중/NNG+에/JKB+내/VV+기/ETN+한/MM+번/NNBC+해/VV+EC+보/VX+자/EC"
          },
          {
            "id": 14,
            "text": "1 : 에이 무슨 내기 할까!?",
            "norm_text": "에이 무슨 내기 할까!?",
            "speaker": {
              "id": "1번",
              "sex": "여성",
              "age": "20대"
            },
            "speechAct": "(지시) 질문하기",
            "morpheme": "에이/IC+무슨/MM+내기/NNG+할까/XSV+EC+!/SY"
          },
          {
            "id": 15,
            "text": "2 : 나 여자친구랑 맨날 그걸로 치킨 내기 함",
            "norm_text": "나 여자친구랑 맨날 그걸로 치킨 내기 함",
            "speaker": {
              "id": "2번",
              "sex": "남성",
              "age": "20대"
            },
            "speechAct": "(단언) 주장하기",
            "morpheme": "나/NP+여자/NNG+친구/NNG+랑/JKB+맨날/MAG+그걸로/NP+JKB+치킨/VV+ETM+내기/NNG+함/XSV+ETN"
          },
          {
            "id": 16,
            "text": "1 : 좋아 그럼 치킨 걸고 게임 한 판 하자 키키",
            "norm_text": "좋아 그럼 치킨 걸고 게임 한 판 하자 키키",
            "speaker": {
              "id": "1번",
              "sex": "여성",
              "age": "20대"
            },
            "speechAct": "(단언) 주장하기",
            "morpheme": "좋/VA+아/EC+그럼/VV+EC+치킨/VV+ETM+걸/NNB+JKO+고게/NP+JKS+임한/VV+ETM+판하/NNG+자키/NNG+키/XSV+ETN"
          },
          {
            "id": 17,
            "text": "2 : 점수 높은 사람이 이기는 거야 키키 어때",
            "norm_text": "점수 높은 사람이 이기는 거야 키키 어때",
            "speaker": {
              "id": "2번",
              "sex": "남성",
              "age": "20대"
            },
            "speechAct": "(단언) 주장하기",
            "morpheme": "점수/NNG+높/VA+은/ETM+사람/NNG+이/JKS+이기/VV+는/ETM+거/NNB+야/VCP+EF+키/NNG+키/XSV+ETN+어때/VA+EC"
          }
        ]
      }
    }
  ]
}