{
  "dataset": {
    "identifier": 101824,
    "name": "FACEBOOK_108_15_set",
    "src_path": "/data/file/cubeManager/PROJECT001/77/txt20211029160805049429/FACEBOOK_108_15_set/",
    "label_path": "/data/file/cubeManager/PROJECT001/77/txt20211029160805049429/FACEBOOK_108_15_set/",
    "category": 2,
    "type": 0
  },
  "licenses": {
    "name": "Apache License 1.0",
    "url": "http://www.apache.org/licenses/LICENSE-1.0"
  },
  "info": [
    {
      "id": 111303,
      "filename": "FACEBOOK_108_15.txt",
      "title": "FACEBOOK_108_15",
      "mediatype": "SNS",
      "medianame": "페이스북",
      "category": "일상대화",
      "date": "2021-10-29",
      "size": 513,
      "annotations": {
        "subject": "타 국가 이슈",
        "speaker_type": "1:1",
        "size": 513,
        "word_size": 156,
        "text": "1 : 이번에 이슈인 배구 쌍둥이 선수 알지?\n2 : 어어 알지 알지!\n2 : 배구 선수가 왜?\n1 : 결국에 그리스로 이적하게 됐잖아!\n2 : 에휴 그럴 거 같더라 진짜 왜 저러는 거야...\n1 : 이번에 그리스로 출국해서 공항에 나타났대!\n2 : 아 완전 당당하네... 별루야!\n1 : 키키 기자들이 플래쉬 엄청 터트리고 그러더라!\n2 : 그거 기자들이 일부러 그런 거 아니야? 키키\n1 : 그치\n1 : 지금 엄청 이슈니까 다들 이 배구선수 인터뷰 하러 갔겠지!\n2 : 그래서 인터뷰는 그 배구선수가 해줬대?\n1 : 키키 아니\n1 : 고개 푹 숙이고 지나가는데 얘네 엄마가 고개 숙이지 마! 하고  소리쳤대 키키\n2 : 와 엄마 뭐야... 진짜 뭐야...키키\n2 : 그래도 배구선수는 부끄러운 줄 아는 거 같은데...\n1 : 내가 봤을 때 보스몹은 얘네 엄마임 키키\n2 : 어떻게 처치 가능하냐... 진짜 알 수가 없다...\n1 : 키키 어쨌든 그리스로 가 버렸으니까, 어떻게든 되겠지,\n2 : 그치 이미 떠나버렸으니까... 어쩔 수 가 없네...",
        "lines": [
          {
            "id": 1,
            "text": "1 : 이번에 이슈인 배구 쌍둥이 선수 알지?",
            "norm_text": "이번에 이슈인 배구 쌍둥이 선수 알지?",
            "speaker": {
              "id": "1번",
              "sex": "여성",
              "age": "20대"
            },
            "speechAct": "(지시) 질문하기",
            "morpheme": "이번/NNG+에/JKB+이슈/NNG+인/VCP+ETM+배구/NNG+쌍둥이/NNG+선수/NNG+알/VV+지/EF"
          },
          {
            "id": 2,
            "text": "2 : 어어 알지 알지!",
            "norm_text": "어어 알지 알지!",
            "speaker": {
              "id": "2번",
              "sex": "여성",
              "age": "20대"
            },
            "speechAct": "(단언) 주장하기",
            "morpheme": "어/IC+어/IC+알/VV+지/EC+알/VV+지/EF"
          },
          {
            "id": 3,
            "text": "2 : 배구 선수가 왜?",
            "norm_text": "배구 선수가 왜?",
            "speaker": {
              "id": "2번",
              "sex": "여성",
              "age": "20대"
            },
            "speechAct": "(지시) 질문하기",
            "morpheme": "배구/NNG+선수/NNG+가/JKS+왜/MAG"
          },
          {
            "id": 4,
            "text": "1 : 결국에 그리스로 이적하게 됐잖아!",
            "norm_text": "결국에 그리스로 이적하게 됐잖아!",
            "speaker": {
              "id": "1번",
              "sex": "여성",
              "age": "20대"
            },
            "speechAct": "(단언) 진술하기",
            "morpheme": "결국/NNG+에/JKB+그리스/NNP+로/JKB+이적/NNG+하/XSV+게/EC+됐/VV+EP+잖아/EF"
          },
          {
            "id": 5,
            "text": "2 : 에휴 그럴 거 같더라 진짜 왜 저러는 거야...",
            "norm_text": "에휴 그럴 거 같더라 진짜 왜 저러는 거야...",
            "speaker": {
              "id": "2번",
              "sex": "여성",
              "age": "20대"
            },
            "speechAct": "(단언) 주장하기",
            "morpheme": "에휴/IC+그럴/VA+ETM+거/NNB+같/VA+더라/EF+진짜/MAG+왜/MAG+저러/VV+는/ETM+거/NNB+야/VCP+EF+./SY"
          },
          {
            "id": 6,
            "text": "1 : 이번에 그리스로 출국해서 공항에 나타났대!",
            "norm_text": "이번에 그리스로 출국해서 공항에 나타났대!",
            "speaker": {
              "id": "1번",
              "sex": "여성",
              "age": "20대"
            },
            "speechAct": "(단언) 진술하기",
            "morpheme": "이번/NNG+에/JKB+그리스/NNP+로/JKB+출국/NNG+해서/XSV+EC+공항/NNG+에/JKB+나타났/VV+EP+대/EF"
          },
          {
            "id": 7,
            "text": "2 : 아 완전 당당하네... 별루야!",
            "norm_text": "아 완전 당당하네... 별루야!",
            "speaker": {
              "id": "2번",
              "sex": "여성",
              "age": "20대"
            },
            "speechAct": "(단언) 주장하기",
            "morpheme": "아/IC+완전/MAG+당당/XR+하/XSA+네/EF+./SY+별루/MAG+야/VCP+EF"
          },
          {
            "id": 8,
            "text": "1 : 키키 기자들이 플래쉬 엄청 터트리고 그러더라!",
            "norm_text": "키키 기자들이 플래쉬 엄청 터트리고 그러더라!",
            "speaker": {
              "id": "1번",
              "sex": "여성",
              "age": "20대"
            },
            "speechAct": "(단언) 진술하기",
            "morpheme": "키/NNG+키/NNG+기자/NNG+들/XSN+이/JKS+플/NNG+래/VCP+EF+쉬/IC+엄청/MAG+터트리/VV+고/EC+그러/VV+더라/EF"
          },
          {
            "id": 9,
            "text": "2 : 그거 기자들이 일부러 그런 거 아니야? 키키",
            "norm_text": "그거 기자들이 일부러 그런 거 아니야? 키키",
            "speaker": {
              "id": "2번",
              "sex": "여성",
              "age": "20대"
            },
            "speechAct": "(지시) 질문하기",
            "morpheme": "그거/NP+기자/NNG+들/XSN+이/JKS+일부러/MAG+그런/MM+거/NNB+아니/VCN+야/EF+키/NNG+키/XSV+ETN"
          },
          {
            "id": 10,
            "text": "1 : 그치",
            "norm_text": "그치",
            "speaker": {
              "id": "1번",
              "sex": "여성",
              "age": "20대"
            },
            "speechAct": "(단언) 주장하기",
            "morpheme": "그치/IC"
          },
          {
            "id": 11,
            "text": "1 : 지금 엄청 이슈니까 다들 이 배구선수 인터뷰 하러 갔겠지!",
            "norm_text": "지금 엄청 이슈니까 다들 이 배구선수 인터뷰 하러 갔겠지!",
            "speaker": {
              "id": "1번",
              "sex": "여성",
              "age": "20대"
            },
            "speechAct": "(단언) 주장하기",
            "morpheme": "지금/MAG+엄청/MAG+이슈/NNG+니까/VCP+EC+다/MAG+들/XSN+이/JKS+배구/NNG+선수/NNG+인터뷰/NNG+하/XSV+러/EC+갔/VV+EP+겠/EP+지/EF"
          },
          {
            "id": 12,
            "text": "2 : 그래서 인터뷰는 그 배구선수가 해줬대?",
            "norm_text": "그래서 인터뷰는 그 배구선수가 해줬대?",
            "speaker": {
              "id": "2번",
              "sex": "여성",
              "age": "20대"
            },
            "speechAct": "(지시) 질문하기",
            "morpheme": "그래서/MAJ+인터뷰/NNG+는/JX+그/MM+배구/NNG+선수/NNG+가/JKS+해/VV+EC+줬/VX+EP+대/EF"
          },
          {
            "id": 13,
            "text": "1 : 키키 아니",
            "norm_text": "키키 아니",
            "speaker": {
              "id": "1번",
              "sex": "여성",
              "age": "20대"
            },
            "speechAct": "(단언) 진술하기",
            "morpheme": "키/NNG+키/XSV+ETN+아니/VCN"
          },
          {
            "id": 14,
            "text": "1 : 고개 푹 숙이고 지나가는데 얘네 엄마가 고개 숙이지 마! 하고  소리쳤대 키키",
            "norm_text": "고개 푹 숙이고 지나가는데 얘네 엄마가 고개 숙이지 마! 하고  소리쳤대 키키",
            "speaker": {
              "id": "1번",
              "sex": "여성",
              "age": "20대"
            },
            "speechAct": "(단언) 진술하기",
            "morpheme": "고개푹숙이고지나가는데얘네엄마가고개숙이지마/UNKNOWN+하/VV+고/EC+소리쳤/VV+EP+대/XPN+키/NNG+키/XSV+ETN"
          },
          {
            "id": 15,
            "text": "2 : 와 엄마 뭐야... 진짜 뭐야...키키",
            "norm_text": "와 엄마 뭐야... 진짜 뭐야...키키",
            "speaker": {
              "id": "2번",
              "sex": "여성",
              "age": "20대"
            },
            "speechAct": "(단언) 주장하기",
            "morpheme": "와/IC+엄마/NNG+뭐/NP+야/VCP+EF+./SY+진짜/MAG+뭐/NP+야/VCP+EF+./SY+키/NNG+키/XSV+ETN"
          },
          {
            "id": 16,
            "text": "2 : 그래도 배구선수는 부끄러운 줄 아는 거 같은데...",
            "norm_text": "그래도 배구선수는 부끄러운 줄 아는 거 같은데...",
            "speaker": {
              "id": "2번",
              "sex": "여성",
              "age": "20대"
            },
            "speechAct": "(단언) 주장하기",
            "morpheme": "그래도/MAJ+배구/NNG+선수/NNG+는/JX+부끄러운/VA+ETM+줄/NNB+아/VV+는/ETM+거/NNB+같/VA+은데/EF+./SY"
          },
          {
            "id": 17,
            "text": "1 : 내가 봤을 때 보스몹은 얘네 엄마임 키키",
            "norm_text": "내가 봤을 때 보스몹은 얘네 엄마임 키키",
            "speaker": {
              "id": "1번",
              "sex": "여성",
              "age": "20대"
            },
            "speechAct": "(단언) 주장하기",
            "morpheme": "내/NP+가/JKS+봤/VV+EP+을/ETM+때/NNG+보스/NNG+몹/NNP+은/JX+얘/NP+네/XSN+엄마/NNG+임/VCP+ETN+키/NNG+키/XSV+ETN"
          },
          {
            "id": 18,
            "text": "2 : 어떻게 처치 가능하냐... 진짜 알 수가 없다...",
            "norm_text": "어떻게 처치 가능하냐... 진짜 알 수가 없다...",
            "speaker": {
              "id": "2번",
              "sex": "여성",
              "age": "20대"
            },
            "speechAct": "(단언) 주장하기",
            "morpheme": "어떻게/MAG+처치/NNG+가능/NNG+하/XSA+냐/EF+./SY+진짜/MAG+알/VV+ETM+수/NNB+가/JKS+없/VA+다/EF+./SY"
          },
          {
            "id": 19,
            "text": "1 : 키키 어쨌든 그리스로 가 버렸으니까, 어떻게든 되겠지,",
            "norm_text": "키키 어쨌든 그리스로 가 버렸으니까, 어떻게든 되겠지,",
            "speaker": {
              "id": "1번",
              "sex": "여성",
              "age": "20대"
            },
            "speechAct": "(단언) 주장하기",
            "morpheme": "키/NNG+키/XSV+ETN+어쨌든/MAJ+그리스/NNP+로/JKB+가/VV+버렸/EC+VX+EP+으니까/EC+,/SC+어떻게/MAG+든/JX+되/VV+겠/EP+지/EF+,/SC"
          },
          {
            "id": 20,
            "text": "2 : 그치 이미 떠나버렸으니까... 어쩔 수 가 없네...",
            "norm_text": "그치 이미 떠나버렸으니까... 어쩔 수 가 없네...",
            "speaker": {
              "id": "2번",
              "sex": "여성",
              "age": "20대"
            },
            "speechAct": "(단언) 주장하기",
            "morpheme": "그치/IC+이미/MAG+떠나/VV+EC+버렸/VX+EP+으니까/EC+./SY+./SY+어쩔/VV+ETM+수/NNB+가/JKS+없/VA+네/EF+./SY"
          }
        ]
      }
    }
  ]
}