{
  "dataset": {
    "identifier": 126942,
    "name": "FACEBOOK_122_08_set",
    "src_path": "/data/file/cubeManager/PROJECT001/84/txt20211104181832004749/FACEBOOK_122_08_set/",
    "label_path": "/data/file/cubeManager/PROJECT001/84/txt20211104181832004749/FACEBOOK_122_08_set/",
    "category": 2,
    "type": 0
  },
  "licenses": {
    "name": "Apache License 1.0",
    "url": "http://www.apache.org/licenses/LICENSE-1.0"
  },
  "info": [
    {
      "id": 137576,
      "filename": "FACEBOOK_122_08.txt",
      "title": "FACEBOOK_122_08",
      "mediatype": "SNS",
      "medianame": "페이스북",
      "category": "일상대화",
      "date": "2021-11-04",
      "size": 407,
      "annotations": {
        "subject": "연애/결혼",
        "speaker_type": "1:1",
        "size": 407,
        "word_size": 143,
        "text": "1 : 오빠 나 올해 7주년임 키키\n2 : 와 진짜 대박이다 키키\n2 : 엄청 오래 만났네\n1 : 완전 롱런 중 키키\n1 : 내가 어려서 아직 결혼 ㅠㅠ\n2 : 나는 여자친구랑 1년 만났는데\n2 : 너 언제 결혼하게\n1 : 나 삼십 넘어서 하고 싶어 키키\n2 : 나는 내년이라도 빨리 하고 싶다\n1 : 즐길 거 다 즐기고 해야지~\n2 : 여자친구가 해줄라나 모르겠네 키키\n1 : 여친이랑 나이 차이 얼마나 나는데?\n2 : 진짜 나 이제 그만 즐기고 싶어\n2 : 4살 차이나\n1 : 아 그래? 나는 오빠랑 5살 차이나 키키\n2 : 4살은 궁합도 안 본다던데 프로포즈 해볼까\n1 : 정말 좋지 키키\n1 : 샤넬 들고 가서 해봐\n2 : 진짜 나 얘랑 결혼하고 싶은데 키키 맨날 싸워\n1 : 그래? 뭐 때문에 그렇게 싸워 키키\n2 : 그냥 맨날 사소한 걸로 질투하고 그래",
        "lines": [
          {
            "id": 1,
            "text": "1 : 오빠 나 올해 7주년임 키키",
            "norm_text": "오빠 나 올해 7주년임 키키",
            "speaker": {
              "id": "1번",
              "sex": "여성",
              "age": "20대"
            },
            "speechAct": "(단언) 주장하기",
            "morpheme": "오빠/NNG+나/JC+올해/NNG+7/SN+주년/NNBC+임/VCP+ETN+키/NNG+키/XSV+ETN"
          },
          {
            "id": 2,
            "text": "2 : 와 진짜 대박이다 키키",
            "norm_text": "와 진짜 대박이다 키키",
            "speaker": {
              "id": "2번",
              "sex": "남성",
              "age": "20대"
            },
            "speechAct": "(단언) 주장하기",
            "morpheme": "와/IC+진짜/MAG+대박/NNG+이/JKS+다키키/NNP"
          },
          {
            "id": 3,
            "text": "2 : 엄청 오래 만났네",
            "norm_text": "엄청 오래 만났네",
            "speaker": {
              "id": "2번",
              "sex": "남성",
              "age": "20대"
            },
            "speechAct": "(단언) 주장하기",
            "morpheme": "엄청/MAG+오래/MAG+만났/VV+EP+네/EF"
          },
          {
            "id": 4,
            "text": "1 : 완전 롱런 중 키키",
            "norm_text": "완전 롱런 중 키키",
            "speaker": {
              "id": "1번",
              "sex": "여성",
              "age": "20대"
            },
            "speechAct": "(단언) 주장하기",
            "morpheme": "완전/NNG+롱런/NNG+중키/NNG+키/XSV+ETN"
          },
          {
            "id": 5,
            "text": "1 : 내가 어려서 아직 결혼 ㅠㅠ",
            "norm_text": "내가 어려서 아직 결혼 ㅠㅠ",
            "speaker": {
              "id": "1번",
              "sex": "여성",
              "age": "20대"
            },
            "speechAct": "(단언) 주장하기",
            "morpheme": "내/NP+가/JKS+어려서/VA+EC+아직/MAG+결혼/NNG+ㅠㅠ/UNKNOWN"
          },
          {
            "id": 6,
            "text": "2 : 나는 여자친구랑 1년 만났는데",
            "norm_text": "나는 여자친구랑 1년 만났는데",
            "speaker": {
              "id": "2번",
              "sex": "남성",
              "age": "20대"
            },
            "speechAct": "(단언) 주장하기",
            "morpheme": "나/NP+는/JX+여자/NNG+친구/NNG+랑/JKB+1/SN+년/NNBC+만났/VV+EP+는데/EC"
          },
          {
            "id": 7,
            "text": "2 : 너 언제 결혼하게",
            "norm_text": "너 언제 결혼하게",
            "speaker": {
              "id": "2번",
              "sex": "남성",
              "age": "20대"
            },
            "speechAct": "(지시) 질문하기",
            "morpheme": "너/NP+언제/MAG+결혼/NNG+하/XSV+게/EC"
          },
          {
            "id": 8,
            "text": "1 : 나 삼십 넘어서 하고 싶어 키키",
            "norm_text": "나 삼십 넘어서 하고 싶어 키키",
            "speaker": {
              "id": "1번",
              "sex": "여성",
              "age": "20대"
            },
            "speechAct": "(단언) 주장하기",
            "morpheme": "나/NP+삼/NR+십/NR+넘/VV+어서/EC+하/VV+고/EC+싶/VX+어/EC+키/NNG+키/XSV+ETN"
          },
          {
            "id": 9,
            "text": "2 : 나는 내년이라도 빨리 하고 싶다",
            "norm_text": "나는 내년이라도 빨리 하고 싶다",
            "speaker": {
              "id": "2번",
              "sex": "남성",
              "age": "20대"
            },
            "speechAct": "(단언) 주장하기",
            "morpheme": "나/NP+는/JX+내년/NNG+이/VCP+라도/EC+빨리/MAG+하/VV+고/EC+싶/VX+다/EC"
          },
          {
            "id": 10,
            "text": "1 : 즐길 거 다 즐기고 해야지~",
            "norm_text": "즐길 거 다 즐기고 해야지~",
            "speaker": {
              "id": "1번",
              "sex": "여성",
              "age": "20대"
            },
            "speechAct": "(단언) 주장하기",
            "morpheme": "즐길/VV+ETM+거/NNB+다/MAG+즐기/VV+고/EC+해야지/VX+EC+~/SY"
          },
          {
            "id": 11,
            "text": "2 : 여자친구가 해줄라나 모르겠네 키키",
            "norm_text": "여자친구가 해줄라나 모르겠네 키키",
            "speaker": {
              "id": "2번",
              "sex": "남성",
              "age": "20대"
            },
            "speechAct": "(단언) 주장하기",
            "morpheme": "여자/NNG+친구/NNG+가/JKS+해/VV+EC+줄라나/VX+EF+모르/VV+겠/EP+네/EF+키/NNG+키/XSV+ETN"
          },
          {
            "id": 12,
            "text": "1 : 여친이랑 나이 차이 얼마나 나는데?",
            "norm_text": "여친이랑 나이 차이 얼마나 나는데?",
            "speaker": {
              "id": "1번",
              "sex": "여성",
              "age": "20대"
            },
            "speechAct": "(지시) 질문하기",
            "morpheme": "여친/NNG+이랑/JKB+나이/NNG+차이/NNG+얼마나/MAG+나/VV+는데/EC"
          },
          {
            "id": 13,
            "text": "2 : 진짜 나 이제 그만 즐기고 싶어",
            "norm_text": "진짜 나 이제 그만 즐기고 싶어",
            "speaker": {
              "id": "2번",
              "sex": "남성",
              "age": "20대"
            },
            "speechAct": "(단언) 주장하기",
            "morpheme": "진짜/MAG+나/NP+이제/MAG+그만/MAG+즐기/VV+고/EC+싶/VX+어/EC"
          },
          {
            "id": 14,
            "text": "2 : 4살 차이나",
            "norm_text": "4살 차이나",
            "speaker": {
              "id": "2번",
              "sex": "남성",
              "age": "20대"
            },
            "speechAct": "(단언) 주장하기",
            "morpheme": "4/SN+살/NNBC+차이/NNG+나/JC"
          },
          {
            "id": 15,
            "text": "1 : 아 그래? 나는 오빠랑 5살 차이나 키키",
            "norm_text": "아 그래? 나는 오빠랑 5살 차이나 키키",
            "speaker": {
              "id": "1번",
              "sex": "여성",
              "age": "20대"
            },
            "speechAct": "(단언) 주장하기",
            "morpheme": "아/IC+그래/IC+나/NP+는/JX+오빠/NNG+랑/JKB+5/SN+살/NNBC+차이/NNG+나/JC+키/NNG+키/XSV+ETN"
          },
          {
            "id": 16,
            "text": "2 : 4살은 궁합도 안 본다던데 프로포즈 해볼까",
            "norm_text": "4살은 궁합도 안 본다던데 프로포즈 해볼까",
            "speaker": {
              "id": "2번",
              "sex": "남성",
              "age": "20대"
            },
            "speechAct": "(단언) 주장하기",
            "morpheme": "4/SN+살/NNBC+은/JX+궁합/NNG+도/JX+안/MAG+본다/VV+EC+던데/VV+EC+프로/NNG+포즈/NNG+해/XSV+EC+볼까/VX+EC"
          },
          {
            "id": 17,
            "text": "1 : 정말 좋지 키키",
            "norm_text": "정말 좋지 키키",
            "speaker": {
              "id": "1번",
              "sex": "여성",
              "age": "20대"
            },
            "speechAct": "(표현) 긍정감정 표현하기",
            "morpheme": "정말/MAG+좋/VA+지/EC+키/NNG+키/XSV+ETN"
          },
          {
            "id": 18,
            "text": "1 : 샤넬 들고 가서 해봐",
            "norm_text": "샤넬 들고 가서 해봐",
            "speaker": {
              "id": "1번",
              "sex": "여성",
              "age": "20대"
            },
            "speechAct": "(단언) 주장하기",
            "morpheme": "샤넬/NNP+들/VV+고/EC+가/VX+서/EC+해/VV+EC+봐/VX+EC"
          },
          {
            "id": 19,
            "text": "2 : 진짜 나 얘랑 결혼하고 싶은데 키키 맨날 싸워",
            "norm_text": "진짜 나 얘랑 결혼하고 싶은데 키키 맨날 싸워",
            "speaker": {
              "id": "2번",
              "sex": "남성",
              "age": "20대"
            },
            "speechAct": "(단언) 주장하기",
            "morpheme": "진짜/MAG+나/NP+얘/NP+랑/JKB+결혼/NNG+하/XSV+고/EC+싶/VX+은데/EC+키/NNG+키/NNG+맨날/MAG+싸워/VV+EC"
          },
          {
            "id": 20,
            "text": "1 : 그래? 뭐 때문에 그렇게 싸워 키키",
            "norm_text": "그래? 뭐 때문에 그렇게 싸워 키키",
            "speaker": {
              "id": "1번",
              "sex": "여성",
              "age": "20대"
            },
            "speechAct": "(지시) 질문하기",
            "morpheme": "그래/IC+뭐/IC+때문/NNB+에/JKB+그렇게/MAG+싸워/VV+EC+키/NNG+키/XSV+ETN"
          },
          {
            "id": 21,
            "text": "2 : 그냥 맨날 사소한 걸로 질투하고 그래",
            "norm_text": "그냥 맨날 사소한 걸로 질투하고 그래",
            "speaker": {
              "id": "2번",
              "sex": "남성",
              "age": "20대"
            },
            "speechAct": "(단언) 주장하기",
            "morpheme": "그냥/MAG+맨날/MAG+사소/XR+한/XSA+ETM+걸로/NNB+JKB+질투/NNG+하/XSV+고/EC+그래/VV+EC"
          }
        ]
      }
    }
  ]
}