{
  "dataset": {
    "identifier": 99342,
    "name": "FACEBOOK_101_15_set",
    "src_path": "/data/file/cubeManager/PROJECT001/77/txt20211027152210049733/FACEBOOK_101_15_set/",
    "label_path": "/data/file/cubeManager/PROJECT001/77/txt20211027152210049733/FACEBOOK_101_15_set/",
    "category": 2,
    "type": 0
  },
  "licenses": {
    "name": "Apache License 1.0",
    "url": "http://www.apache.org/licenses/LICENSE-1.0"
  },
  "info": [
    {
      "id": 99356,
      "filename": "FACEBOOK_101_15.txt",
      "title": "FACEBOOK_101_15",
      "mediatype": "SNS",
      "medianame": "페이스북",
      "category": "일상대화",
      "date": "2021-10-27",
      "size": 517,
      "annotations": {
        "subject": "타 국가 이슈",
        "speaker_type": "1:1",
        "size": 517,
        "word_size": 181,
        "text": "1 : 지금 세계 기아 위험 1위가 어느 나라인 줄 알아?\n2 : 그게 뭐야?\n2 : 난 모르지\n1 : 언니 그러면 소말리아라는 나라 들어봤어?\n2 : 소말리아?\n2 : 아프리카 아냐?\n2 : 몰라\n1 : 그 소말리아라는 나라의 애기들이 진짜 말랐잖아\n1 : 사진 못 봤어?\n2 : 맞아\n2 : 매일 티비에 나오는 애들?\n1 : 맞아 ㅜㅜ\n1 : 여기가 지금 1위래,\n1 : 왜 그런 줄 알아?\n2 : 왜 그런데 ?\n2 : 걔네 전쟁해?\n1 : 어 맞아!\n1 : 내전이 몇십년 동안 이어져서 아직도 안 끝났대!\n2 : 그럼 전쟁 그만 하면 되잖아\n1 : 키키 근데 또 걔네는 걔네들만의 문제가 있지!\n1 : 근데 북한은 몇 위인 줄 알아?\n2 : 불쌍해\n2 : 북한 몇위야?\n2 : 거지\n1 : 북한은 21위 생각보다 위 순위에 없더라고\n1 : 북한은 꽃거지가 있잖아!\n1 : 나는 상위일 줄 알았는데!\n2 : 북한보다 더 못사는 나라가 많은가 보네\n1 : 어 맞아\n1 : 일단 아프리카에 있는 작은 나라들이 있어!\n2 : 불쌍해\n2 : 걔네는 뭐 먹고 살지?\n2 : 우리나 잘살자",
        "lines": [
          {
            "id": 1,
            "text": "1 : 지금 세계 기아 위험 1위가 어느 나라인 줄 알아?",
            "norm_text": "지금 세계 기아 위험 1위가 어느 나라인 줄 알아?",
            "speaker": {
              "id": "1번",
              "sex": "여성",
              "age": "20대"
            },
            "speechAct": "(지시) 질문하기",
            "morpheme": "지금/MAG+세계/NNG+기아/NNP+위험/NNG+1/SN+위/NNBC+가/JKS+어느/MM+나라/NNG+인/VCP+ETM+줄/NNB+알/VV+아/EF"
          },
          {
            "id": 2,
            "text": "2 : 그게 뭐야?",
            "norm_text": "그게 뭐야?",
            "speaker": {
              "id": "2번",
              "sex": "여성",
              "age": "20대"
            },
            "speechAct": "(지시) 질문하기",
            "morpheme": "그게/NP+JKS+뭐/NP+야/VCP+EF"
          },
          {
            "id": 3,
            "text": "2 : 난 모르지",
            "norm_text": "난 모르지",
            "speaker": {
              "id": "2번",
              "sex": "여성",
              "age": "20대"
            },
            "speechAct": "(단언) 주장하기",
            "morpheme": "난/NP+JX+모르/VV+지/EC"
          },
          {
            "id": 4,
            "text": "1 : 언니 그러면 소말리아라는 나라 들어봤어?",
            "norm_text": "언니 그러면 소말리아라는 나라 들어봤어?",
            "speaker": {
              "id": "1번",
              "sex": "여성",
              "age": "20대"
            },
            "speechAct": "(지시) 질문하기",
            "morpheme": "언니/NNG+그러/VV+면/EC+소말리아/NNP+라는/VCP+ETM+나라/NNG+들/VV+어/EC+봤/VX+EP+어/EF"
          },
          {
            "id": 5,
            "text": "2 : 소말리아?",
            "norm_text": "소말리아?",
            "speaker": {
              "id": "2번",
              "sex": "여성",
              "age": "20대"
            },
            "speechAct": "(지시) 질문하기",
            "morpheme": "소말리아/NNP"
          },
          {
            "id": 6,
            "text": "2 : 아프리카 아냐?",
            "norm_text": "아프리카 아냐?",
            "speaker": {
              "id": "2번",
              "sex": "여성",
              "age": "20대"
            },
            "speechAct": "(지시) 질문하기",
            "morpheme": "아프리카/NNP+아냐/VCN+EF"
          },
          {
            "id": 7,
            "text": "2 : 몰라",
            "norm_text": "몰라",
            "speaker": {
              "id": "2번",
              "sex": "여성",
              "age": "20대"
            },
            "speechAct": "(단언) 주장하기",
            "morpheme": "몰라/VV+EC"
          },
          {
            "id": 8,
            "text": "1 : 그 소말리아라는 나라의 애기들이 진짜 말랐잖아",
            "norm_text": "그 소말리아라는 나라의 애기들이 진짜 말랐잖아",
            "speaker": {
              "id": "1번",
              "sex": "여성",
              "age": "20대"
            },
            "speechAct": "(단언) 주장하기",
            "morpheme": "그/MM+소말리아/NNP+라는/VCP+ETM+나라/NNG+의/JKG+애기/NNG+들/XSN+이/JKS+진짜/MAG+말랐/VV+EP+잖아/EC"
          },
          {
            "id": 9,
            "text": "1 : 사진 못 봤어?",
            "norm_text": "사진 못 봤어?",
            "speaker": {
              "id": "1번",
              "sex": "여성",
              "age": "20대"
            },
            "speechAct": "(지시) 질문하기",
            "morpheme": "사진/NNG+못/MAG+봤/VV+EP+어/EF"
          },
          {
            "id": 10,
            "text": "2 : 맞아",
            "norm_text": "맞아",
            "speaker": {
              "id": "2번",
              "sex": "여성",
              "age": "20대"
            },
            "speechAct": "(단언) 주장하기",
            "morpheme": "맞/VV+아/EC"
          },
          {
            "id": 11,
            "text": "2 : 매일 티비에 나오는 애들?",
            "norm_text": "매일 티비에 나오는 애들?",
            "speaker": {
              "id": "2번",
              "sex": "여성",
              "age": "20대"
            },
            "speechAct": "(지시) 질문하기",
            "morpheme": "매일/MAG+티비/NNG+에/JKB+나오/VV+는/ETM+애/NNG+들/XSN"
          },
          {
            "id": 12,
            "text": "1 : 맞아 ㅜㅜ",
            "norm_text": "맞아 ㅜㅜ",
            "speaker": {
              "id": "1번",
              "sex": "여성",
              "age": "20대"
            },
            "speechAct": "(단언) 주장하기",
            "morpheme": "맞아ㅜㅜ/UNKNOWN"
          },
          {
            "id": 13,
            "text": "1 : 여기가 지금 1위래,",
            "norm_text": "여기가 지금 1위래,",
            "speaker": {
              "id": "1번",
              "sex": "여성",
              "age": "20대"
            },
            "speechAct": "(단언) 진술하기",
            "morpheme": "여기/NP+가/JKS+지금/MAG+1/SN+위/NNBC+래/VCP+EF+,/SC"
          },
          {
            "id": 14,
            "text": "1 : 왜 그런 줄 알아?",
            "norm_text": "왜 그런 줄 알아?",
            "speaker": {
              "id": "1번",
              "sex": "여성",
              "age": "20대"
            },
            "speechAct": "(지시) 질문하기",
            "morpheme": "왜/MAG+그런/MM+줄/NNB+알/VV+아/EF"
          },
          {
            "id": 15,
            "text": "2 : 왜 그런데 ?",
            "norm_text": "왜 그런데 ?",
            "speaker": {
              "id": "2번",
              "sex": "여성",
              "age": "20대"
            },
            "speechAct": "(지시) 질문하기",
            "morpheme": "왜/MAG+그런데/MAJ"
          },
          {
            "id": 16,
            "text": "2 : 걔네 전쟁해?",
            "norm_text": "걔네 전쟁해?",
            "speaker": {
              "id": "2번",
              "sex": "여성",
              "age": "20대"
            },
            "speechAct": "(지시) 질문하기",
            "morpheme": "걔/NP+네/XSN+전쟁/NNG+해/XSV+EF"
          },
          {
            "id": 17,
            "text": "1 : 어 맞아!",
            "norm_text": "어 맞아!",
            "speaker": {
              "id": "1번",
              "sex": "여성",
              "age": "20대"
            },
            "speechAct": "(단언) 주장하기",
            "morpheme": "어/IC+맞/VV+아/EF"
          },
          {
            "id": 18,
            "text": "1 : 내전이 몇십년 동안 이어져서 아직도 안 끝났대!",
            "norm_text": "내전이 몇십년 동안 이어져서 아직도 안 끝났대!",
            "speaker": {
              "id": "1번",
              "sex": "여성",
              "age": "20대"
            },
            "speechAct": "(단언) 진술하기",
            "morpheme": "내전/NNG+이/JKS+몇/MM+십/NR+년/NNBC+동안/NNG+이/VCP+어/EC+져서/VX+EC+아직/MAG+도/JX+안/MAG+끝났/VV+EP+대/EF"
          },
          {
            "id": 19,
            "text": "2 : 그럼 전쟁 그만 하면 되잖아",
            "norm_text": "그럼 전쟁 그만 하면 되잖아",
            "speaker": {
              "id": "2번",
              "sex": "여성",
              "age": "20대"
            },
            "speechAct": "(단언) 주장하기",
            "morpheme": "그럼/MAJ+전쟁/NNG+그만/MAG+하/VV+면/EC+되/VV+잖아/EC"
          },
          {
            "id": 20,
            "text": "1 : 키키 근데 또 걔네는 걔네들만의 문제가 있지!",
            "norm_text": "키키 근데 또 걔네는 걔네들만의 문제가 있지!",
            "speaker": {
              "id": "1번",
              "sex": "여성",
              "age": "20대"
            },
            "speechAct": "(단언) 주장하기",
            "morpheme": "키/NNG+키/XSV+ETN+근데/MAJ+또/MAG+걔/NP+네/XSN+는/JX+걔/NP+네/XSN+들/XSN+만/JX+의/JKG+문제/NNG+가/JKS+있/VA+지/EF"
          },
          {
            "id": 21,
            "text": "1 : 근데 북한은 몇 위인 줄 알아?",
            "norm_text": "근데 북한은 몇 위인 줄 알아?",
            "speaker": {
              "id": "1번",
              "sex": "여성",
              "age": "20대"
            },
            "speechAct": "(지시) 질문하기",
            "morpheme": "근데/MAJ+북한/NNP+은/JX+몇/MM+위/NNBC+인/VCP+ETM+줄/NNB+알/VV+아/EF"
          },
          {
            "id": 22,
            "text": "2 : 불쌍해",
            "norm_text": "불쌍해",
            "speaker": {
              "id": "2번",
              "sex": "여성",
              "age": "20대"
            },
            "speechAct": "(단언) 주장하기",
            "morpheme": "불쌍/XR+해/XSA+EC"
          },
          {
            "id": 23,
            "text": "2 : 북한 몇위야?",
            "norm_text": "북한 몇위야?",
            "speaker": {
              "id": "2번",
              "sex": "여성",
              "age": "20대"
            },
            "speechAct": "(지시) 질문하기",
            "morpheme": "북한/NNP+몇/MM+위/NNBC+야/VCP+EF"
          },
          {
            "id": 24,
            "text": "2 : 거지",
            "norm_text": "거지",
            "speaker": {
              "id": "2번",
              "sex": "여성",
              "age": "20대"
            },
            "speechAct": "(단언) 주장하기",
            "morpheme": "거지/NNG"
          },
          {
            "id": 25,
            "text": "1 : 북한은 21위 생각보다 위 순위에 없더라고",
            "norm_text": "북한은 21위 생각보다 위 순위에 없더라고",
            "speaker": {
              "id": "1번",
              "sex": "여성",
              "age": "20대"
            },
            "speechAct": "(단언) 진술하기",
            "morpheme": "북한/NNP+은/JX+21/SN+위/NNBC+생각/NNG+보다/JKB+위/NNG+순위/NNG+에/JKB+없/VA+더라고/EC"
          },
          {
            "id": 26,
            "text": "1 : 북한은 꽃거지가 있잖아!",
            "norm_text": "북한은 꽃거지가 있잖아!",
            "speaker": {
              "id": "1번",
              "sex": "여성",
              "age": "20대"
            },
            "speechAct": "(단언) 주장하기",
            "morpheme": "북한/NNP+은/JX+꽃/NNG+거지/NNG+가/JKS+있/VA+잖아/EF"
          },
          {
            "id": 27,
            "text": "1 : 나는 상위일 줄 알았는데!",
            "norm_text": "나는 상위일 줄 알았는데!",
            "speaker": {
              "id": "1번",
              "sex": "여성",
              "age": "20대"
            },
            "speechAct": "(단언) 주장하기",
            "morpheme": "나/NP+는/JX+상위/NNG+일/VCP+ETM+줄/NNB+알/VV+았/EP+는데/EF"
          },
          {
            "id": 28,
            "text": "2 : 북한보다 더 못사는 나라가 많은가 보네",
            "norm_text": "북한보다 더 못사는 나라가 많은가 보네",
            "speaker": {
              "id": "2번",
              "sex": "여성",
              "age": "20대"
            },
            "speechAct": "(단언) 주장하기",
            "morpheme": "북한/NNP+보다/JKB+더/MAG+못/MAG+사/VV+는/ETM+나라/NNG+가/JKS+많/VA+은가/EC+보/VX+네/EC"
          },
          {
            "id": 29,
            "text": "1 : 어 맞아",
            "norm_text": "어 맞아",
            "speaker": {
              "id": "1번",
              "sex": "여성",
              "age": "20대"
            },
            "speechAct": "(단언) 주장하기",
            "morpheme": "어/IC+맞/VV+아/EC"
          },
          {
            "id": 30,
            "text": "1 : 일단 아프리카에 있는 작은 나라들이 있어!",
            "norm_text": "일단 아프리카에 있는 작은 나라들이 있어!",
            "speaker": {
              "id": "1번",
              "sex": "여성",
              "age": "20대"
            },
            "speechAct": "(단언) 주장하기",
            "morpheme": "일단/MAG+아프리카/NNP+에/JKB+있/VV+는/ETM+작/VA+은/ETM+나라/NNG+들/XSN+이/JKS+있/VA+어/EF"
          },
          {
            "id": 31,
            "text": "2 : 불쌍해",
            "norm_text": "불쌍해",
            "speaker": {
              "id": "2번",
              "sex": "여성",
              "age": "20대"
            },
            "speechAct": "(단언) 주장하기",
            "morpheme": "불쌍/XR+해/XSA+EC"
          },
          {
            "id": 32,
            "text": "2 : 걔네는 뭐 먹고 살지?",
            "norm_text": "걔네는 뭐 먹고 살지?",
            "speaker": {
              "id": "2번",
              "sex": "여성",
              "age": "20대"
            },
            "speechAct": "(지시) 질문하기",
            "morpheme": "걔/NP+네/XSN+는/JX+뭐/IC+먹/VV+고/EC+살/VV+지/EF"
          },
          {
            "id": 33,
            "text": "2 : 우리나 잘살자",
            "norm_text": "우리나 잘살자",
            "speaker": {
              "id": "2번",
              "sex": "여성",
              "age": "20대"
            },
            "speechAct": "(단언) 주장하기",
            "morpheme": "우리/NP+나/JX+잘/MAG+살/VV+자/EC"
          }
        ]
      }
    }
  ]
}