{
  "dataset": {
    "identifier": 125279,
    "name": "FACEBOOK_124_15_set",
    "src_path": "/data/file/cubeManager/PROJECT001/84/txt20211105143621040213/FACEBOOK_124_15_set/",
    "label_path": "/data/file/cubeManager/PROJECT001/84/txt20211105143621040213/FACEBOOK_124_15_set/",
    "category": 2,
    "type": 0
  },
  "licenses": {
    "name": "Apache License 1.0",
    "url": "http://www.apache.org/licenses/LICENSE-1.0"
  },
  "info": [
    {
      "id": 140151,
      "filename": "FACEBOOK_124_15.txt",
      "title": "FACEBOOK_124_15",
      "mediatype": "SNS",
      "medianame": "페이스북",
      "category": "일상대화",
      "date": "2021-11-05",
      "size": 435,
      "annotations": {
        "subject": "타 국가 이슈",
        "speaker_type": "1:1",
        "size": 435,
        "word_size": 135,
        "text": "1 : 이번에 아메리칸 항공에서 항공편이 무더기로 취소 됐다던데?!\n2 : 아 진짜 나 처음 들었어 뭐야?\n1 : 그니까 나도 처음 들었긴 한데 뉴스 기사에 지금 나오고 있어 하하\n2 : 왜 무더기로 취소 됐다는 거야\n1 : 코로나 때문에 인력 감축해서 그렇다더라 ㅠㅠ\n2 : 진짜 와 그런 일이 다 있다니 무슨\n1 : 1700편 취소면 사람들 피해도 이만저만이 아닌 거 같아\n2 : 코로나 땜시 다 망했다 진짜로\n1 : 그치 코로나가 이리저리 다 망치더라고!\n2 : 아 진짜 피해가 크겠다 ... ㅠㅠ\n1 : 1700편이면 금전적인 손실이 어마어마할 텐데 그치?\n2 : 그니까 가게 하시는 분들도 다 힘들잖아\n1 : 그래도 메이저 항공사라 큰 타격은 없나 봐 키키\n2 : 진짜 어마어마한 금액이겠지 대박...\n1 : 그니까~ 이슈가 된 거에는 이유가 있긴 있나 봐\n2 : 아 타격이 없으면 다행이지 키키",
        "lines": [
          {
            "id": 1,
            "text": "1 : 이번에 아메리칸 항공에서 항공편이 무더기로 취소 됐다던데?!",
            "norm_text": "이번에 아메리칸 항공에서 항공편이 무더기로 취소 됐다던데?!",
            "speaker": {
              "id": "1번",
              "sex": "여성",
              "age": "20대"
            },
            "speechAct": "(단언) 주장하기",
            "morpheme": "이번/NNG+에/JKB+아메리칸/NNG+항공/NNG+에서/JKB+항공편/NNG+이/JKS+무더기/NNG+로/JKB+취소/NNG+됐/XSV+EP+다던데/EC+?/SY"
          },
          {
            "id": 2,
            "text": "2 : 아 진짜 나 처음 들었어 뭐야?",
            "norm_text": "아 진짜 나 처음 들었어 뭐야?",
            "speaker": {
              "id": "2번",
              "sex": "남성",
              "age": "20대"
            },
            "speechAct": "(지시) 질문하기",
            "morpheme": "아/IC+진짜/MAG+나/NP+처음/MAG+들/VV+었/EP+어/EF+뭐/NP+야/VCP+EF"
          },
          {
            "id": 3,
            "text": "1 : 그니까 나도 처음 들었긴 한데 뉴스 기사에 지금 나오고 있어 하하",
            "norm_text": "그니까 나도 처음 들었긴 한데 뉴스 기사에 지금 나오고 있어 하하",
            "speaker": {
              "id": "1번",
              "sex": "여성",
              "age": "20대"
            },
            "speechAct": "(단언) 주장하기",
            "morpheme": "그니까/MAJ+나/NP+도/JX+처음/MAG+들/VV+었/EP+긴/ETN+JX+한데/VX+EC+뉴스/NNG+기사/NNG+에/JKB+지금/MAG+나오/VV+고/EC+있/VX+어/EC+하하/MAG"
          },
          {
            "id": 4,
            "text": "2 : 왜 무더기로 취소 됐다는 거야",
            "norm_text": "왜 무더기로 취소 됐다는 거야",
            "speaker": {
              "id": "2번",
              "sex": "남성",
              "age": "20대"
            },
            "speechAct": "(지시) 질문하기",
            "morpheme": "왜/MAG+무더기/NNG+로/JKB+취소/NNG+됐/XSV+EP+다는/ETM+거/NNB+야/VCP+EF"
          },
          {
            "id": 5,
            "text": "1 : 코로나 때문에 인력 감축해서 그렇다더라 ㅠㅠ",
            "norm_text": "코로나 때문에 인력 감축해서 그렇다더라 ㅠㅠ",
            "speaker": {
              "id": "1번",
              "sex": "여성",
              "age": "20대"
            },
            "speechAct": "(단언) 주장하기",
            "morpheme": "코로나/NNG+때문/NNB+에/JKB+인력/NNG+감축/NNG+해서/XSV+EC+그렇/VA+다더라/EC+ㅠㅠ/UNKNOWN"
          },
          {
            "id": 6,
            "text": "2 : 진짜 와 그런 일이 다 있다니 무슨",
            "norm_text": "진짜 와 그런 일이 다 있다니 무슨",
            "speaker": {
              "id": "2번",
              "sex": "남성",
              "age": "20대"
            },
            "speechAct": "(단언) 주장하기",
            "morpheme": "진짜/NNG+와/JC+그런/MM+일/NNG+이/VCP+다/EC+있/VX+다니/EC+무슨/MM"
          },
          {
            "id": 7,
            "text": "1 : 1700편 취소면 사람들 피해도 이만저만이 아닌 거 같아",
            "norm_text": "1700편 취소면 사람들 피해도 이만저만이 아닌 거 같아",
            "speaker": {
              "id": "1번",
              "sex": "여성",
              "age": "20대"
            },
            "speechAct": "(단언) 주장하기",
            "morpheme": "1700/SN+편취/NNG+소면/NNG+사람/NNG+들/XSN+피해/NNG+도/JX+이만저만/NNG+이/JKC+아닌/VCN+ETM+거/NNB+같/VA+아/EC"
          },
          {
            "id": 8,
            "text": "2 : 코로나 땜시 다 망했다 진짜로",
            "norm_text": "코로나 땜시 다 망했다 진짜로",
            "speaker": {
              "id": "2번",
              "sex": "남성",
              "age": "20대"
            },
            "speechAct": "(단언) 주장하기",
            "morpheme": "코로나/NNG+땜시/MAG+다망/NNG+했/XSV+EP+다/EC+진짜/NNG+로/JKB"
          },
          {
            "id": 9,
            "text": "1 : 그치 코로나가 이리저리 다 망치더라고!",
            "norm_text": "그치 코로나가 이리저리 다 망치더라고!",
            "speaker": {
              "id": "1번",
              "sex": "여성",
              "age": "20대"
            },
            "speechAct": "(단언) 주장하기",
            "morpheme": "그치/IC+코/NNG+로/JKB+나가/VV+EC+이리저리/MAG+다/MAG+망치/VV+더라고/EF"
          },
          {
            "id": 10,
            "text": "2 : 아 진짜 피해가 크겠다 ... ㅠㅠ",
            "norm_text": "아 진짜 피해가 크겠다 ... ㅠㅠ",
            "speaker": {
              "id": "2번",
              "sex": "남성",
              "age": "20대"
            },
            "speechAct": "(단언) 주장하기",
            "morpheme": "아/IC+진짜/MAG+피해/NNG+가/JKS+크/VA+겠/EP+다/EF+./SY+ㅠㅠ/UNKNOWN"
          },
          {
            "id": 11,
            "text": "1 : 1700편이면 금전적인 손실이 어마어마할 텐데 그치?",
            "norm_text": "1700편이면 금전적인 손실이 어마어마할 텐데 그치?",
            "speaker": {
              "id": "1번",
              "sex": "여성",
              "age": "20대"
            },
            "speechAct": "(지시) 질문하기",
            "morpheme": "1700/SN+편/NNBC+이/VCP+면/EC+금전/NNG+적/XSN+인/VCP+ETM+손실/NNG+이/JKS+어마어마/XR+할/XSA+ETM+텐데/NNB+VCP+EC+그치/IC"
          },
          {
            "id": 12,
            "text": "2 : 그니까 가게 하시는 분들도 다 힘들잖아",
            "norm_text": "그니까 가게 하시는 분들도 다 힘들잖아",
            "speaker": {
              "id": "2번",
              "sex": "남성",
              "age": "20대"
            },
            "speechAct": "(단언) 주장하기",
            "morpheme": "그니까/MAJ+가게/NNG+하/XSV+시/EP+는/ETM+분/NNB+들/XSN+도/JX+다/MAG+힘들/VA+잖아/EC"
          },
          {
            "id": 13,
            "text": "1 : 그래도 메이저 항공사라 큰 타격은 없나 봐 키키",
            "norm_text": "그래도 메이저 항공사라 큰 타격은 없나 봐 키키",
            "speaker": {
              "id": "1번",
              "sex": "여성",
              "age": "20대"
            },
            "speechAct": "(단언) 주장하기",
            "morpheme": "그래도/MAJ+메이저/NNP+항공사/NNG+라/VCP+EC+큰/VA+ETM+타격/NNG+은/JX+없/VA+나/EC+봐/VX+EF+키/NNG+키/XSV+ETN"
          },
          {
            "id": 14,
            "text": "2 : 진짜 어마어마한 금액이겠지 대박...",
            "norm_text": "진짜 어마어마한 금액이겠지 대박...",
            "speaker": {
              "id": "2번",
              "sex": "남성",
              "age": "20대"
            },
            "speechAct": "(단언) 주장하기",
            "morpheme": "진짜/MAG+어마어마/XR+한/XSA+ETM+금액/NNG+이/VCP+겠/EP+지/EC+대박/NNG+./SY+./SY"
          },
          {
            "id": 15,
            "text": "1 : 그니까~ 이슈가 된 거에는 이유가 있긴 있나 봐",
            "norm_text": "그니까~ 이슈가 된 거에는 이유가 있긴 있나 봐",
            "speaker": {
              "id": "1번",
              "sex": "여성",
              "age": "20대"
            },
            "speechAct": "(단언) 주장하기",
            "morpheme": "그니까/MAJ+~/SY+이슈/NNG+가/JKS+된/VV+ETM+거/NNB+에/JKB+는/JX+이유/NNG+가/JKS+있/VV+긴/ETN+JX+있/VX+나/EC+봐/VX+EC"
          },
          {
            "id": 16,
            "text": "2 : 아 타격이 없으면 다행이지 키키",
            "norm_text": "아 타격이 없으면 다행이지 키키",
            "speaker": {
              "id": "2번",
              "sex": "남성",
              "age": "20대"
            },
            "speechAct": "(단언) 주장하기",
            "morpheme": "아/IC+타격/NNG+이/JKS+없/VA+으면/EC+다행/NNG+이/VCP+지/EC+키/NNG+키/XSV+ETN"
          }
        ]
      }
    }
  ]
}