{
  "dataset": {
    "identifier": 99294,
    "name": "FACEBOOK_107_01_set",
    "src_path": "/data/file/cubeManager/PROJECT001/77/txt20211029160805021844/FACEBOOK_107_01_set/",
    "label_path": "/data/file/cubeManager/PROJECT001/77/txt20211029160805021844/FACEBOOK_107_01_set/",
    "category": 2,
    "type": 0
  },
  "licenses": {
    "name": "Apache License 1.0",
    "url": "http://www.apache.org/licenses/LICENSE-1.0"
  },
  "info": [
    {
      "id": 111269,
      "filename": "FACEBOOK_107_01.txt",
      "title": "FACEBOOK_107_01",
      "mediatype": "SNS",
      "medianame": "페이스북",
      "category": "일상대화",
      "date": "2021-10-29",
      "size": 393,
      "annotations": {
        "subject": "식음료",
        "speaker_type": "1:1",
        "size": 393,
        "word_size": 137,
        "text": "1 : 언니 싫어하는 음식 있으?\n2 : 나는 없어 추어탕 못 먹어\n1 : 헐!\n1 : 그거 존맛인데 그걸 못 먹어?\n2 : 근데 어죽은 먹는다 너 추어탕 먹어?\n1 : 엉?\n1 : 나는 둘 다 처먹인데!?\n2 : 도리뱅뱅 먹어봄?\n2 : 어죽엔 도리뱅뱅이지\n1 : 헐 도리뱅뱅이?\n1 : 그거는 이영자가 먹는 거만 봤으!\n2 : 그거 진짜 맛있어 꼭 먹어봐\n1 : 근데 그거 머리까지 다 먹어야 하는 거 아니야?\n2 : 맞아\n2 : 멸치같은거 진짜 바삭하고 맛있어\n1 : 아 진짜?\n1 : 그거 위에 양념인가 소스 뿌려주잖아!\n2 : 맞아\n2 : 그 양념이랑 야채가 맛있어 키키\n1 : 헐 ㅜㅜ 그거 어디가서 먹어 봤어!?\n2 : 난 어죽 먹을 때 같이 먹지\n1 : 오 키키 대전에 어죽 맛집이 있어?\n2 : 금산에 있어 나중에 가서 먹어봐",
        "lines": [
          {
            "id": 1,
            "text": "1 : 언니 싫어하는 음식 있으?",
            "norm_text": "언니 싫어하는 음식 있으?",
            "speaker": {
              "id": "1번",
              "sex": "여성",
              "age": "20대"
            },
            "speechAct": "(지시) 질문하기",
            "morpheme": "언니/NNG+싫/VA+어/EC+하/VV+는/ETM+음식/NNG+있/VA+으/EF"
          },
          {
            "id": 2,
            "text": "2 : 나는 없어 추어탕 못 먹어",
            "norm_text": "나는 없어 추어탕 못 먹어",
            "speaker": {
              "id": "2번",
              "sex": "여성",
              "age": "20대"
            },
            "speechAct": "(단언) 주장하기",
            "morpheme": "나/NP+는/JX+없/VA+어/EC+추어탕/NNG+못/MAG+먹/VV+어/EC"
          },
          {
            "id": 3,
            "text": "1 : 헐!",
            "norm_text": "헐!",
            "speaker": {
              "id": "1번",
              "sex": "여성",
              "age": "20대"
            },
            "speechAct": "(단언) 주장하기",
            "morpheme": "헐/IC"
          },
          {
            "id": 4,
            "text": "1 : 그거 존맛인데 그걸 못 먹어?",
            "norm_text": "그거 존맛인데 그걸 못 먹어?",
            "speaker": {
              "id": "1번",
              "sex": "여성",
              "age": "20대"
            },
            "speechAct": "(지시) 질문하기",
            "morpheme": "그거/NP+존/VA+ETM+맛/NNG+인데/VCP+EC+그걸/NP+JKO+못/MAG+먹/VV+어/EF"
          },
          {
            "id": 5,
            "text": "2 : 근데 어죽은 먹는다 너 추어탕 먹어?",
            "norm_text": "근데 어죽은 먹는다 너 추어탕 먹어?",
            "speaker": {
              "id": "2번",
              "sex": "여성",
              "age": "20대"
            },
            "speechAct": "(지시) 질문하기",
            "morpheme": "근데/MAJ+어죽/NNG+은/JX+먹/VV+는다/EF+너/NP+추어탕/NNG+먹/VV+어/EF"
          },
          {
            "id": 6,
            "text": "1 : 엉?",
            "norm_text": "엉?",
            "speaker": {
              "id": "1번",
              "sex": "여성",
              "age": "20대"
            },
            "speechAct": "(단언) 주장하기",
            "morpheme": "엉/IC"
          },
          {
            "id": 7,
            "text": "1 : 나는 둘 다 처먹인데!?",
            "norm_text": "나는 둘 다 처먹인데!?",
            "speaker": {
              "id": "1번",
              "sex": "여성",
              "age": "20대"
            },
            "speechAct": "(단언) 주장하기",
            "morpheme": "나/NP+는/JX+둘/NR+다처/NNG+먹/NNG+인데/VCP+EC+!/SY"
          },
          {
            "id": 8,
            "text": "2 : 도리뱅뱅 먹어봄?",
            "norm_text": "도리뱅뱅 먹어봄?",
            "speaker": {
              "id": "2번",
              "sex": "여성",
              "age": "20대"
            },
            "speechAct": "(지시) 질문하기",
            "morpheme": "도리/NNG+뱅뱅/MAG+먹/VV+어/EC+봄/VX+ETN"
          },
          {
            "id": 9,
            "text": "2 : 어죽엔 도리뱅뱅이지",
            "norm_text": "어죽엔 도리뱅뱅이지",
            "speaker": {
              "id": "2번",
              "sex": "여성",
              "age": "20대"
            },
            "speechAct": "(단언) 주장하기",
            "morpheme": "어죽/NNG+엔/JKB+JX+도리/NNG+뱅뱅/MAG+이/VCP+지/EC"
          },
          {
            "id": 10,
            "text": "1 : 헐 도리뱅뱅이?",
            "norm_text": "헐 도리뱅뱅이?",
            "speaker": {
              "id": "1번",
              "sex": "여성",
              "age": "20대"
            },
            "speechAct": "(지시) 질문하기",
            "morpheme": "헐/IC+도리/NNG+뱅뱅이/NNG"
          },
          {
            "id": 11,
            "text": "1 : 그거는 이영자가 먹는 거만 봤으!",
            "norm_text": "그거는 이영자가 먹는 거만 봤으!",
            "speaker": {
              "id": "1번",
              "sex": "여성",
              "age": "20대"
            },
            "speechAct": "(단언) 주장하기",
            "morpheme": "그거/NP+는/JX+이영자/NNP+가/JKS+먹/VV+는/ETM+거/NNB+만/JX+봤/VV+EP+으/EF"
          },
          {
            "id": 12,
            "text": "2 : 그거 진짜 맛있어 꼭 먹어봐",
            "norm_text": "그거 진짜 맛있어 꼭 먹어봐",
            "speaker": {
              "id": "2번",
              "sex": "여성",
              "age": "20대"
            },
            "speechAct": "(지시) 충고/제안하기",
            "morpheme": "그거/NP+진짜/MAG+맛있/VA+어/EC+꼭/MAG+먹/VV+어/EC+봐/VX+EC"
          },
          {
            "id": 13,
            "text": "1 : 근데 그거 머리까지 다 먹어야 하는 거 아니야?",
            "norm_text": "근데 그거 머리까지 다 먹어야 하는 거 아니야?",
            "speaker": {
              "id": "1번",
              "sex": "여성",
              "age": "20대"
            },
            "speechAct": "(지시) 질문하기",
            "morpheme": "근데/MAJ+그거/NP+머리/NNG+까지/JX+다/MAG+먹/VV+어야/EC+하/VV+는/ETM+거/NNB+아니/VCN+야/EF"
          },
          {
            "id": 14,
            "text": "2 : 맞아",
            "norm_text": "맞아",
            "speaker": {
              "id": "2번",
              "sex": "여성",
              "age": "20대"
            },
            "speechAct": "(단언) 주장하기",
            "morpheme": "맞/VV+아/EC"
          },
          {
            "id": 15,
            "text": "2 : 멸치같은거 진짜 바삭하고 맛있어",
            "norm_text": "멸치같은거 진짜 바삭하고 맛있어",
            "speaker": {
              "id": "2번",
              "sex": "여성",
              "age": "20대"
            },
            "speechAct": "(단언) 주장하기",
            "morpheme": "멸치/NNG+같/VA+은/ETM+거/NNB+진짜/MAG+바삭/MAG+하/VV+고/EC+맛있/VA+어/EC"
          },
          {
            "id": 16,
            "text": "1 : 아 진짜?",
            "norm_text": "아 진짜?",
            "speaker": {
              "id": "1번",
              "sex": "여성",
              "age": "20대"
            },
            "speechAct": "(지시) 질문하기",
            "morpheme": "아/IC+진짜/MAG"
          },
          {
            "id": 17,
            "text": "1 : 그거 위에 양념인가 소스 뿌려주잖아!",
            "norm_text": "그거 위에 양념인가 소스 뿌려주잖아!",
            "speaker": {
              "id": "1번",
              "sex": "여성",
              "age": "20대"
            },
            "speechAct": "(단언) 주장하기",
            "morpheme": "그거/NP+위/NNG+에/JKB+양념/NNG+인가/VCP+EC+소스/NNG+뿌려/VV+EC+주/VX+잖아/EF"
          },
          {
            "id": 18,
            "text": "2 : 맞아",
            "norm_text": "맞아",
            "speaker": {
              "id": "2번",
              "sex": "여성",
              "age": "20대"
            },
            "speechAct": "(단언) 주장하기",
            "morpheme": "맞/VV+아/EC"
          },
          {
            "id": 19,
            "text": "2 : 그 양념이랑 야채가 맛있어 키키",
            "norm_text": "그 양념이랑 야채가 맛있어 키키",
            "speaker": {
              "id": "2번",
              "sex": "여성",
              "age": "20대"
            },
            "speechAct": "(단언) 주장하기",
            "morpheme": "그/MM+양념/NNG+이랑/JKB+야채/NNG+가/JKS+맛있/VA+어/EC+키/NNG+키/XSV+ETN"
          },
          {
            "id": 20,
            "text": "1 : 헐 ㅜㅜ 그거 어디가서 먹어 봤어!?",
            "norm_text": "헐 ㅜㅜ 그거 어디가서 먹어 봤어!?",
            "speaker": {
              "id": "1번",
              "sex": "여성",
              "age": "20대"
            },
            "speechAct": "(지시) 질문하기",
            "morpheme": "헐ㅜㅜ그거어디가서먹어봤어/UNKNOWN+!/SY"
          },
          {
            "id": 21,
            "text": "2 : 난 어죽 먹을 때 같이 먹지",
            "norm_text": "난 어죽 먹을 때 같이 먹지",
            "speaker": {
              "id": "2번",
              "sex": "여성",
              "age": "20대"
            },
            "speechAct": "(단언) 진술하기",
            "morpheme": "난/NP+JX+어죽/NNG+먹/VV+을/ETM+때/NNG+같이/JKB+먹/VV+지/EC"
          },
          {
            "id": 22,
            "text": "1 : 오 키키 대전에 어죽 맛집이 있어?",
            "norm_text": "오 키키 대전에 어죽 맛집이 있어?",
            "speaker": {
              "id": "1번",
              "sex": "여성",
              "age": "20대"
            },
            "speechAct": "(지시) 질문하기",
            "morpheme": "오키/NNP+키/NNG+대전/NNG+에/JKB+어죽/NNG+맛집/NNG+이/JKS+있/VA+어/EF"
          },
          {
            "id": 23,
            "text": "2 : 금산에 있어 나중에 가서 먹어봐",
            "norm_text": "금산에 있어 나중에 가서 먹어봐",
            "speaker": {
              "id": "2번",
              "sex": "여성",
              "age": "20대"
            },
            "speechAct": "(지시) 충고/제안하기",
            "morpheme": "금산/NNG+에/JKB+있/VV+어/EC+나중/NNG+에/JKB+가/VV+서/EC+먹/VV+어/EC+봐/VX+EC"
          }
        ]
      }
    }
  ]
}