{
  "dataset": {
    "identifier": 123622,
    "name": "FACEBOOK_123_19_set",
    "src_path": "/data/file/cubeManager/PROJECT001/84/txt20211105092819070475/FACEBOOK_123_19_set/",
    "label_path": "/data/file/cubeManager/PROJECT001/84/txt20211105092819070475/FACEBOOK_123_19_set/",
    "category": 2,
    "type": 0
  },
  "licenses": {
    "name": "Apache License 1.0",
    "url": "http://www.apache.org/licenses/LICENSE-1.0"
  },
  "info": [
    {
      "id": 138088,
      "filename": "FACEBOOK_123_19.txt",
      "title": "FACEBOOK_123_19",
      "mediatype": "SNS",
      "medianame": "페이스북",
      "category": "일상대화",
      "date": "2021-11-05",
      "size": 434,
      "annotations": {
        "subject": "방송/연예",
        "speaker_type": "1:1",
        "size": 434,
        "word_size": 150,
        "text": "1 : 오징어 게임 한번 더 정주행 했어\n2 : 아 진짜 그거 너무 재미있지\n1 : 재밌더라 키키\n1 : 시간 완전 순삭이야\n2 : 요즘에 어린아이들 그 옷 다 입고 다니더라\n1 : 특히 줄다리기 할 때 희열 오져\n2 : 키키 달고나도 너무 인기이고 키키\n1 : 맞아 나도 거리에서 그거 입은 사람들 많이 봤어\n2 : 진짜 줄다리기 할 때 재미있지\n2 : 사람들 다 오징어 게임 얘기만 해\n1 : 달고나 세트 전국 품절인 거 알아?\n2 : 진짜 나도 달고나 게임 했는데 재미있더라\n1 : 맞아 키키 이번 할로윈에도 오징어 게임 분장이 절반이래\n2 : 맞아 나도 오징어 게임 분장한 곳으로 갔어\n1 : 완전 성공 했어 키키\n1 : 한류 인기 대박임\n2 : 키키 나도 사진 찍고 사람들이랑 키키 달고나 게임하고\n1 : 오 대박 키키\n1 : 아 시즌 2 얼른 나와라 ㅠ\n2 : 진짜 재미있지\n2 : 언제쯤 사그라들라나",
        "lines": [
          {
            "id": 1,
            "text": "1 : 오징어 게임 한번 더 정주행 했어",
            "norm_text": "오징어 게임 한번 더 정주행 했어",
            "speaker": {
              "id": "1번",
              "sex": "여성",
              "age": "20대"
            },
            "speechAct": "(단언) 진술하기",
            "morpheme": "오징어/NNG+게임/NNG+한/MM+번/NNBC+더/MAG+정주/NNG+행했/VV+EP+어/EC"
          },
          {
            "id": 2,
            "text": "2 : 아 진짜 그거 너무 재미있지",
            "norm_text": "아 진짜 그거 너무 재미있지",
            "speaker": {
              "id": "2번",
              "sex": "남성",
              "age": "20대"
            },
            "speechAct": "(단언) 주장하기",
            "morpheme": "아/IC+진짜/MAG+그거/NP+너무/MAG+재미있/VA+지/EC"
          },
          {
            "id": 3,
            "text": "1 : 재밌더라 키키",
            "norm_text": "재밌더라 키키",
            "speaker": {
              "id": "1번",
              "sex": "여성",
              "age": "20대"
            },
            "speechAct": "(단언) 진술하기",
            "morpheme": "재밌/VA+더라/EC+키/NNG+키/XSV+ETN"
          },
          {
            "id": 4,
            "text": "1 : 시간 완전 순삭이야",
            "norm_text": "시간 완전 순삭이야",
            "speaker": {
              "id": "1번",
              "sex": "여성",
              "age": "20대"
            },
            "speechAct": "(단언) 주장하기",
            "morpheme": "시간/NNG+완전/NNG+순삭/NNG+이/VCP+야/EC"
          },
          {
            "id": 5,
            "text": "2 : 요즘에 어린아이들 그 옷 다 입고 다니더라",
            "norm_text": "요즘에 어린아이들 그 옷 다 입고 다니더라",
            "speaker": {
              "id": "2번",
              "sex": "남성",
              "age": "20대"
            },
            "speechAct": "(단언) 진술하기",
            "morpheme": "요즘/NNG+에/JKB+어린아이/NNG+들/XSN+그/MM+옷/NNG+다/MAG+입/VV+고/EC+다니/VV+더라/EC"
          },
          {
            "id": 6,
            "text": "1 : 특히 줄다리기 할 때 희열 오져",
            "norm_text": "특히 줄다리기 할 때 희열 오져",
            "speaker": {
              "id": "1번",
              "sex": "여성",
              "age": "20대"
            },
            "speechAct": "(단언) 주장하기",
            "morpheme": "특히/MAG+줄다리기/NNG+할/XSV+ETM+때/NNG+희열/NNG+오져/VV+EC"
          },
          {
            "id": 7,
            "text": "2 : 키키 달고나도 너무 인기이고 키키",
            "norm_text": "키키 달고나도 너무 인기이고 키키",
            "speaker": {
              "id": "2번",
              "sex": "남성",
              "age": "20대"
            },
            "speechAct": "(단언) 주장하기",
            "morpheme": "키키/NNP+달고나/NNP+도/JX+너무/MAG+인기/NNG+이/VCP+고/EC+키/NNG+키/XSV+ETN"
          },
          {
            "id": 8,
            "text": "1 : 맞아 나도 거리에서 그거 입은 사람들 많이 봤어",
            "norm_text": "맞아 나도 거리에서 그거 입은 사람들 많이 봤어",
            "speaker": {
              "id": "1번",
              "sex": "여성",
              "age": "20대"
            },
            "speechAct": "(단언) 진술하기",
            "morpheme": "맞/VV+아/EC+나/NP+도/JX+거리/NNG+에서/JKB+그거/NP+입/VV+은/ETM+사람/NNG+들/XSN+많이/MAG+봤/VV+EP+어/EC"
          },
          {
            "id": 9,
            "text": "2 : 진짜 줄다리기 할 때 재미있지",
            "norm_text": "진짜 줄다리기 할 때 재미있지",
            "speaker": {
              "id": "2번",
              "sex": "남성",
              "age": "20대"
            },
            "speechAct": "(단언) 주장하기",
            "morpheme": "진짜/MAG+줄다리기/NNG+할/XSV+ETM+때/NNG+재미있/VA+지/EC"
          },
          {
            "id": 10,
            "text": "2 : 사람들 다 오징어 게임 얘기만 해",
            "norm_text": "사람들 다 오징어 게임 얘기만 해",
            "speaker": {
              "id": "2번",
              "sex": "남성",
              "age": "20대"
            },
            "speechAct": "(단언) 주장하기",
            "morpheme": "사람/NNG+들/XSN+다/MAG+오징어/NNG+게임/NNG+얘기/NNG+만/JX+해/VV+EC"
          },
          {
            "id": 11,
            "text": "1 : 달고나 세트 전국 품절인 거 알아?",
            "norm_text": "달고나 세트 전국 품절인 거 알아?",
            "speaker": {
              "id": "1번",
              "sex": "여성",
              "age": "20대"
            },
            "speechAct": "(지시) 질문하기",
            "morpheme": "달고나/NNP+세트/NNG+전국/NNG+품절/NNG+인/VCP+ETM+거/NNB+알/VV+아/EF"
          },
          {
            "id": 12,
            "text": "2 : 진짜 나도 달고나 게임 했는데 재미있더라",
            "norm_text": "진짜 나도 달고나 게임 했는데 재미있더라",
            "speaker": {
              "id": "2번",
              "sex": "남성",
              "age": "20대"
            },
            "speechAct": "(단언) 진술하기",
            "morpheme": "진짜/MAG+나/NP+도/JX+달/VX+고/EC+나/VX+게/EC+임했/VV+EP+는데/EC+재미있/VA+더라/EC"
          },
          {
            "id": 13,
            "text": "1 : 맞아 키키 이번 할로윈에도 오징어 게임 분장이 절반이래",
            "norm_text": "맞아 키키 이번 할로윈에도 오징어 게임 분장이 절반이래",
            "speaker": {
              "id": "1번",
              "sex": "여성",
              "age": "20대"
            },
            "speechAct": "(단언) 진술하기",
            "morpheme": "맞/VV+아/EC+키/NNG+키/NNG+이번/NNG+할로윈/NNG+에/JKB+도/JX+오징어/NNG+게임/NNG+분장/NNG+이/JKS+절반/NNG+이래/NNB"
          },
          {
            "id": 14,
            "text": "2 : 맞아 나도 오징어 게임 분장한 곳으로 갔어",
            "norm_text": "맞아 나도 오징어 게임 분장한 곳으로 갔어",
            "speaker": {
              "id": "2번",
              "sex": "남성",
              "age": "20대"
            },
            "speechAct": "(단언) 진술하기",
            "morpheme": "맞/VV+아/EC+나/NP+도/JX+오징어/NNG+게임/NNG+분장/NNG+한/XSA+ETM+곳/NNG+으로/JKB+갔/VV+EP+어/EC"
          },
          {
            "id": 15,
            "text": "1 : 완전 성공 했어 키키",
            "norm_text": "완전 성공 했어 키키",
            "speaker": {
              "id": "1번",
              "sex": "여성",
              "age": "20대"
            },
            "speechAct": "(단언) 주장하기",
            "morpheme": "완전/NNG+성공/NNG+했/XSV+EP+어/EC+키/NNG+키/XSV+ETN"
          },
          {
            "id": 16,
            "text": "1 : 한류 인기 대박임",
            "norm_text": "한류 인기 대박임",
            "speaker": {
              "id": "1번",
              "sex": "여성",
              "age": "20대"
            },
            "speechAct": "(단언) 주장하기",
            "morpheme": "한류/NNG+인기/NNG+대박/NNG+임/VCP+ETN"
          },
          {
            "id": 17,
            "text": "2 : 키키 나도 사진 찍고 사람들이랑 키키 달고나 게임하고",
            "norm_text": "키키 나도 사진 찍고 사람들이랑 키키 달고나 게임하고",
            "speaker": {
              "id": "2번",
              "sex": "남성",
              "age": "20대"
            },
            "speechAct": "(단언) 진술하기",
            "morpheme": "키/NNG+키나/XSA+ETN+JX+도/JX+사진/NNG+찍/VV+고/EC+사람/NNG+들/XSN+이랑/JKB+키/NNG+키/XSV+ETN+달/VV+고/EC+나/VX+게/EC+임하/VV+고/EC"
          },
          {
            "id": 18,
            "text": "1 : 오 대박 키키",
            "norm_text": "오 대박 키키",
            "speaker": {
              "id": "1번",
              "sex": "여성",
              "age": "20대"
            },
            "speechAct": "(단언) 주장하기",
            "morpheme": "오/NR+대/NNBC+박/NNP+키키/NNP"
          },
          {
            "id": 19,
            "text": "1 : 아 시즌 2 얼른 나와라 ㅠ",
            "norm_text": "아 시즌 2 얼른 나와라 ㅠ",
            "speaker": {
              "id": "1번",
              "sex": "여성",
              "age": "20대"
            },
            "speechAct": "(단언) 주장하기",
            "morpheme": "아/IC+시즌/NNG+2/SN+얼른나와라ㅠ/UNKNOWN"
          },
          {
            "id": 20,
            "text": "2 : 진짜 재미있지",
            "norm_text": "진짜 재미있지",
            "speaker": {
              "id": "2번",
              "sex": "남성",
              "age": "20대"
            },
            "speechAct": "(단언) 주장하기",
            "morpheme": "진짜/MAG+재미있/VA+지/EC"
          },
          {
            "id": 21,
            "text": "2 : 언제쯤 사그라들라나",
            "norm_text": "언제쯤 사그라들라나",
            "speaker": {
              "id": "2번",
              "sex": "남성",
              "age": "20대"
            },
            "speechAct": "(단언) 주장하기",
            "morpheme": "언제/NP+쯤/XSN+사그라들/VV+라나/EC"
          }
        ]
      }
    }
  ]
}