{
  "dataset": {
    "identifier": 117680,
    "name": "FACEBOOK_117_14_set",
    "src_path": "/data/file/cubeManager/PROJECT001/80/txt20211102103331039386/FACEBOOK_117_14_set/",
    "label_path": "/data/file/cubeManager/PROJECT001/80/txt20211102103331039386/FACEBOOK_117_14_set/",
    "category": 2,
    "type": 0
  },
  "licenses": {
    "name": "Apache License 1.0",
    "url": "http://www.apache.org/licenses/LICENSE-1.0"
  },
  "info": [
    {
      "id": 129657,
      "filename": "FACEBOOK_117_14.txt",
      "title": "FACEBOOK_117_14",
      "mediatype": "SNS",
      "medianame": "페이스북",
      "category": "일상대화",
      "date": "2021-11-02",
      "size": 523,
      "annotations": {
        "subject": "사회이슈",
        "speaker_type": "1:1",
        "size": 523,
        "word_size": 167,
        "text": "1 : 와 어린이집 선생님이 학대를 신고했는데 오히려 짤렸대!\n2 : 누가 학대한 건데?\n2 : 왜 짤라?\n1 : 같은 동료 교사가 학대하는 걸 보고 원장한테 신고를 했는데 오히려 이 신고한 쌤이 짤렸대!\n2 : 그건 미쳤다\n2 : 진짜 왜 선생을 하는 거야?\n1 : 그러고 그 동료 교사 부모가 연락이 와서 협박까지 했대!\n2 : 무서워서 어린이집 보내겠어?\n2 : 미쳤어\n1 : 맞아! 그 부모가 학대가 아니라고 판명이 되면 각오하라고 그랬대!\n2 : 키키 헐 정의도 없네 이제\n1 : 그니까 근데 그 부모는 이 신고한 쌤 번호는 어떻게 알고 전화했는지!\n2 : 원장이 정보 알려줬겠지 다\n1 : 어이가 없어, 이러면 누가 정의롭게 신고를 할 수가 있냐!?\n2 : 신고해도 욕 먹고 안 해도 방치 키키\n1 : 맞아 그 학대한 교사는 부모가 하는 행동 보니까 왜 그랬는지 알겠더라\n2 : 그래서 가정 교육이 중요한 거야\n1 : 맞아 키키 그리고 신고하면 오히려 피해보는 건 신고한 사람이잖아!\n1 : 나는 신고 안 해!\n2 : 그런 사람들은 내 눈에 없었음 좋겠다 ~",
        "lines": [
          {
            "id": 1,
            "text": "1 : 와 어린이집 선생님이 학대를 신고했는데 오히려 짤렸대!",
            "norm_text": "와 어린이집 선생님이 학대를 신고했는데 오히려 짤렸대!",
            "speaker": {
              "id": "1번",
              "sex": "여성",
              "age": "20대"
            },
            "speechAct": "(단언) 진술하기",
            "morpheme": "와/IC+어린이집/NNG+선생/NNG+님/XSN+이/JKS+학대/NNG+를/JKO+신고/NNG+했/XSV+EP+는데/EC+오히려/MAJ+짤렸/VV+EP+대/EF"
          },
          {
            "id": 2,
            "text": "2 : 누가 학대한 건데?",
            "norm_text": "누가 학대한 건데?",
            "speaker": {
              "id": "2번",
              "sex": "여성",
              "age": "20대"
            },
            "speechAct": "(지시) 질문하기",
            "morpheme": "누가/NP+JKS+학대/NNG+한/XSA+ETM+건데/NNB+VCP+EF"
          },
          {
            "id": 3,
            "text": "2 : 왜 짤라?",
            "norm_text": "왜 짤라?",
            "speaker": {
              "id": "2번",
              "sex": "여성",
              "age": "20대"
            },
            "speechAct": "(지시) 질문하기",
            "morpheme": "왜/MAG+짤라/VV+EF"
          },
          {
            "id": 4,
            "text": "1 : 같은 동료 교사가 학대하는 걸 보고 원장한테 신고를 했는데 오히려 이 신고한 쌤이 짤렸대!",
            "norm_text": "같은 동료 교사가 학대하는 걸 보고 원장한테 신고를 했는데 오히려 이 신고한 쌤이 짤렸대!",
            "speaker": {
              "id": "1번",
              "sex": "여성",
              "age": "20대"
            },
            "speechAct": "(단언) 진술하기",
            "morpheme": "같/VA+은/ETM+동료/NNG+교사/NNG+가/JKS+학대/NNG+하/XSV+는/ETM+걸/NNB+JKO+보/VV+고/EC+원장/NNG+한테/JKB+신고/NNG+를/JKO+했/VV+EP+는데/EC+오히려/MAJ+이/MM+신고/NNG+한/XSA+ETM+쌤/NNG+이/JKS+짤렸/VV+EP+대/EF"
          },
          {
            "id": 5,
            "text": "2 : 그건 미쳤다",
            "norm_text": "그건 미쳤다",
            "speaker": {
              "id": "2번",
              "sex": "여성",
              "age": "20대"
            },
            "speechAct": "(단언) 주장하기",
            "morpheme": "그건/NP+JX+미쳤/VV+EP+다/EC"
          },
          {
            "id": 6,
            "text": "2 : 진짜 왜 선생을 하는 거야?",
            "norm_text": "진짜 왜 선생을 하는 거야?",
            "speaker": {
              "id": "2번",
              "sex": "여성",
              "age": "20대"
            },
            "speechAct": "(단언) 주장하기",
            "morpheme": "진짜/MAG+왜/MAG+선생/NNG+을/JKO+하/VV+는/ETM+거/NNB+야/VCP+EF"
          },
          {
            "id": 7,
            "text": "1 : 그러고 그 동료 교사 부모가 연락이 와서 협박까지 했대!",
            "norm_text": "그러고 그 동료 교사 부모가 연락이 와서 협박까지 했대!",
            "speaker": {
              "id": "1번",
              "sex": "여성",
              "age": "20대"
            },
            "speechAct": "(단언) 진술하기",
            "morpheme": "그러고/MAJ+그/MM+동료/NNG+교사/NNG+부모/NNG+가/JKS+연락/NNG+이/JKS+와서/VV+EC+협박/NNG+까지/JX+했/VV+EP+대/EF"
          },
          {
            "id": 8,
            "text": "2 : 무서워서 어린이집 보내겠어?",
            "norm_text": "무서워서 어린이집 보내겠어?",
            "speaker": {
              "id": "2번",
              "sex": "여성",
              "age": "20대"
            },
            "speechAct": "(단언) 주장하기",
            "morpheme": "무서워서/VA+EC+어린이집/NNG+보내/VV+겠/EP+어/EF"
          },
          {
            "id": 9,
            "text": "2 : 미쳤어",
            "norm_text": "미쳤어",
            "speaker": {
              "id": "2번",
              "sex": "여성",
              "age": "20대"
            },
            "speechAct": "(단언) 주장하기",
            "morpheme": "미쳤/VV+EP+어/EC"
          },
          {
            "id": 10,
            "text": "1 : 맞아! 그 부모가 학대가 아니라고 판명이 되면 각오하라고 그랬대!",
            "norm_text": "맞아! 그 부모가 학대가 아니라고 판명이 되면 각오하라고 그랬대!",
            "speaker": {
              "id": "1번",
              "sex": "여성",
              "age": "20대"
            },
            "speechAct": "(단언) 진술하기",
            "morpheme": "맞/VV+아/EF+그/MM+부모/NNG+가/JKS+학대/NNG+가/JKC+아니/VCN+라고/EC+판명/NNG+이/JKS+되/VV+면/EC+각오/NNG+하/XSV+라고/EC+그랬/VV+EP+대/EF"
          },
          {
            "id": 11,
            "text": "2 : 키키 헐 정의도 없네 이제",
            "norm_text": "키키 헐 정의도 없네 이제",
            "speaker": {
              "id": "2번",
              "sex": "여성",
              "age": "20대"
            },
            "speechAct": "(단언) 주장하기",
            "morpheme": "키/NNG+키/NNG+헐/XSV+ETM+정의/NNG+도/JX+없/VA+네/EF+이제/MAG"
          },
          {
            "id": 12,
            "text": "1 : 그니까 근데 그 부모는 이 신고한 쌤 번호는 어떻게 알고 전화했는지!",
            "norm_text": "그니까 근데 그 부모는 이 신고한 쌤 번호는 어떻게 알고 전화했는지!",
            "speaker": {
              "id": "1번",
              "sex": "여성",
              "age": "20대"
            },
            "speechAct": "(단언) 주장하기",
            "morpheme": "그니까/MAJ+근데/MAJ+그/MM+부모/NNG+는/JX+이/MM+신고/NNG+한/XSA+ETM+쌤/NNG+번호/NNG+는/JX+어떻게/MAG+알/VV+고/EC+전화/NNG+했/XSV+EP+는지/EF"
          },
          {
            "id": 13,
            "text": "2 : 원장이 정보 알려줬겠지 다",
            "norm_text": "원장이 정보 알려줬겠지 다",
            "speaker": {
              "id": "2번",
              "sex": "여성",
              "age": "20대"
            },
            "speechAct": "(단언) 주장하기",
            "morpheme": "원장/NNG+이/JKS+정보/NNG+알려/VV+EC+줬/VX+EP+겠/EP+지다/EC+VX+EC"
          },
          {
            "id": 14,
            "text": "1 : 어이가 없어, 이러면 누가 정의롭게 신고를 할 수가 있냐!?",
            "norm_text": "어이가 없어, 이러면 누가 정의롭게 신고를 할 수가 있냐!?",
            "speaker": {
              "id": "1번",
              "sex": "여성",
              "age": "20대"
            },
            "speechAct": "(단언) 주장하기",
            "morpheme": "어/IC+이/NP+가/JKS+없/VA+어/EF+,/SC+이러면/MAJ+누가/NP+JKS+정의/NNG+롭/XSA+게/EC+신고/NNG+를/JKO+할/VV+ETM+수/NNB+가/JKS+있/VA+냐/EC+!/SY"
          },
          {
            "id": 15,
            "text": "2 : 신고해도 욕 먹고 안 해도 방치 키키",
            "norm_text": "신고해도 욕 먹고 안 해도 방치 키키",
            "speaker": {
              "id": "2번",
              "sex": "여성",
              "age": "20대"
            },
            "speechAct": "(단언) 주장하기",
            "morpheme": "신고/NNG+해도/XSV+EC+욕먹/VV+고/EC+안/MAG+해도/VV+EC+방치/NNG+키/NNG+키/XSV+ETN"
          },
          {
            "id": 16,
            "text": "1 : 맞아 그 학대한 교사는 부모가 하는 행동 보니까 왜 그랬는지 알겠더라",
            "norm_text": "맞아 그 학대한 교사는 부모가 하는 행동 보니까 왜 그랬는지 알겠더라",
            "speaker": {
              "id": "1번",
              "sex": "여성",
              "age": "20대"
            },
            "speechAct": "(단언) 주장하기",
            "morpheme": "맞/VV+아/EC+그/MM+학대/NNG+한/XSA+ETM+교사/NNG+는/JX+부모/NNG+가/JKS+하/VV+는/ETM+행동/NNG+보/VV+니까/EC+왜/MAG+그랬/VV+EP+는지/EC+알/VV+겠/EP+더라/EC"
          },
          {
            "id": 17,
            "text": "2 : 그래서 가정 교육이 중요한 거야",
            "norm_text": "그래서 가정 교육이 중요한 거야",
            "speaker": {
              "id": "2번",
              "sex": "여성",
              "age": "20대"
            },
            "speechAct": "(단언) 주장하기",
            "morpheme": "그래서/MAJ+가정교육/NNP+이/JKS+중요/XR+한/XSA+ETM+거/NNB+야/VCP+EF"
          },
          {
            "id": 18,
            "text": "1 : 맞아 키키 그리고 신고하면 오히려 피해보는 건 신고한 사람이잖아!",
            "norm_text": "맞아 키키 그리고 신고하면 오히려 피해보는 건 신고한 사람이잖아!",
            "speaker": {
              "id": "1번",
              "sex": "여성",
              "age": "20대"
            },
            "speechAct": "(단언) 주장하기",
            "morpheme": "맞/VV+아/EC+키/NNG+키/XSV+ETN+그리고/MAJ+신고/NNG+하/XSV+면/EC+오히려/MAJ+피해/VV+EC+보/VX+는/ETM+건/NNB+JX+신고/NNG+한/XSA+ETM+사람/NNG+이/VCP+잖아/EF"
          },
          {
            "id": 19,
            "text": "1 : 나는 신고 안 해!",
            "norm_text": "나는 신고 안 해!",
            "speaker": {
              "id": "1번",
              "sex": "여성",
              "age": "20대"
            },
            "speechAct": "(단언) 주장하기",
            "morpheme": "나/NP+는/JX+신고/NNG+안/MAG+해/VV+EF"
          },
          {
            "id": 20,
            "text": "2 : 그런 사람들은 내 눈에 없었음 좋겠다 ~",
            "norm_text": "그런 사람들은 내 눈에 없었음 좋겠다 ~",
            "speaker": {
              "id": "2번",
              "sex": "여성",
              "age": "20대"
            },
            "speechAct": "(단언) 주장하기",
            "morpheme": "그런/MM+사람/NNG+들/XSN+은/JX+내/NP+JKG+눈/NNG+에/JKB+없/VA+었/EP+음/ETN+좋/VA+겠/EP+다/EC+~/SY"
          }
        ]
      }
    }
  ]
}