{
  "dataset": {
    "identifier": 125272,
    "name": "FACEBOOK_124_03_set",
    "src_path": "/data/file/cubeManager/PROJECT001/84/txt20211105143620036211/FACEBOOK_124_03_set/",
    "label_path": "/data/file/cubeManager/PROJECT001/84/txt20211105143620036211/FACEBOOK_124_03_set/",
    "category": 2,
    "type": 0
  },
  "licenses": {
    "name": "Apache License 1.0",
    "url": "http://www.apache.org/licenses/LICENSE-1.0"
  },
  "info": [
    {
      "id": 140139,
      "filename": "FACEBOOK_124_03.txt",
      "title": "FACEBOOK_124_03",
      "mediatype": "SNS",
      "medianame": "페이스북",
      "category": "일상대화",
      "date": "2021-11-05",
      "size": 392,
      "annotations": {
        "subject": "교통",
        "speaker_type": "1:1",
        "size": 392,
        "word_size": 144,
        "text": "1 : 요즘 열 시 넘어서 버스 운행 잘 안 해\n2 : 맞아 잘 안 하더라 막차가 열 시더라\n1 : 그래서 퇴근하고 후딱 집 가야 해 ㅠ\n2 : 버스 타고 놀러나 가고 싶다\n1 : 어딜 놀러 가고 싶은데?\n2 : 진짜 기차 타고 놀러 안 간 지도 엄청 오래됐어 ...\n1 : 아 정말?\n1 : 난 최근에 기차 타고 집 갔어\n2 : 나 그냥 기차 여행 부산이라도 가고 싶다\n1 : 부산 좋지 키키\n1 : ktx 빠르고 괜찮아\n2 : 웅 진짜 부산은 기차 타고 가야 해\n1 : 나도 부산 가고 싶다 키키\n2 : 자동차 타고 가면 진짜 힘들어 죽어 기차가 최고야\n1 : 맞아 은근 운전하기 빡 세 거기\n2 : 같이 기차 타고 부산이나 가자 키키\n1 : 좋아~ 내 남친도 데려갈 거임 키키 같이가 넷이\n2 : 그래 좋다 같이 가자 재밌겠다",
        "lines": [
          {
            "id": 1,
            "text": "1 : 요즘 열 시 넘어서 버스 운행 잘 안 해",
            "norm_text": "요즘 열 시 넘어서 버스 운행 잘 안 해",
            "speaker": {
              "id": "1번",
              "sex": "여성",
              "age": "20대"
            },
            "speechAct": "(단언) 주장하기",
            "morpheme": "요즘/NNG+열/NR+시/NNBC+넘/VV+어서/EC+버스/NNG+운행/NNG+잘/MAG+안/MAG+해/VV+EC"
          },
          {
            "id": 2,
            "text": "2 : 맞아 잘 안 하더라 막차가 열 시더라",
            "norm_text": "맞아 잘 안 하더라 막차가 열 시더라",
            "speaker": {
              "id": "2번",
              "sex": "남성",
              "age": "20대"
            },
            "speechAct": "(단언) 주장하기",
            "morpheme": "맞/VV+아/EC+잘/MAG+안/MAG+하/VV+더라/EC+막차/NNG+가/JKS+열/VV+시/EP+더라/EC"
          },
          {
            "id": 3,
            "text": "1 : 그래서 퇴근하고 후딱 집 가야 해 ㅠ",
            "norm_text": "그래서 퇴근하고 후딱 집 가야 해 ㅠ",
            "speaker": {
              "id": "1번",
              "sex": "여성",
              "age": "20대"
            },
            "speechAct": "(단언) 주장하기",
            "morpheme": "그래서/MAJ+퇴근/NNG+하/XSV+고/EC+후딱/MAG+집/NNG+가/VV+야/EF+해ㅠ/UNKNOWN"
          },
          {
            "id": 4,
            "text": "2 : 버스 타고 놀러나 가고 싶다",
            "norm_text": "버스 타고 놀러나 가고 싶다",
            "speaker": {
              "id": "2번",
              "sex": "남성",
              "age": "20대"
            },
            "speechAct": "(단언) 주장하기",
            "morpheme": "버스/NNG+타/VV+고/EC+놀/VV+러/EC+나가/VX+고/EC+싶/VX+다/EC"
          },
          {
            "id": 5,
            "text": "1 : 어딜 놀러 가고 싶은데?",
            "norm_text": "어딜 놀러 가고 싶은데?",
            "speaker": {
              "id": "1번",
              "sex": "여성",
              "age": "20대"
            },
            "speechAct": "(지시) 질문하기",
            "morpheme": "어딜/NP+JKO+놀/VV+러/EC+가/VX+고/EC+싶/VX+은데/EF"
          },
          {
            "id": 6,
            "text": "2 : 진짜 기차 타고 놀러 안 간 지도 엄청 오래됐어 ...",
            "norm_text": "진짜 기차 타고 놀러 안 간 지도 엄청 오래됐어 ...",
            "speaker": {
              "id": "2번",
              "sex": "남성",
              "age": "20대"
            },
            "speechAct": "(단언) 주장하기",
            "morpheme": "진짜/MAG+기차/NNG+타/VV+고/EC+놀/VV+러/EC+안/MAG+간지/VV+EC+도/JX+엄청/MAG+오래/MAG+됐/VV+EP+어/EF+./SY"
          },
          {
            "id": 7,
            "text": "1 : 아 정말?",
            "norm_text": "아 정말?",
            "speaker": {
              "id": "1번",
              "sex": "여성",
              "age": "20대"
            },
            "speechAct": "(지시) 질문하기",
            "morpheme": "아/IC+정말/MAG"
          },
          {
            "id": 8,
            "text": "1 : 난 최근에 기차 타고 집 갔어",
            "norm_text": "난 최근에 기차 타고 집 갔어",
            "speaker": {
              "id": "1번",
              "sex": "여성",
              "age": "20대"
            },
            "speechAct": "(단언) 주장하기",
            "morpheme": "난/NP+JX+최근/NNG+에/JKB+기차/NNG+타/VV+고/EC+집/NNG+갔/VV+EP+어/EC"
          },
          {
            "id": 9,
            "text": "2 : 나 그냥 기차 여행 부산이라도 가고 싶다",
            "norm_text": "나 그냥 기차 여행 부산이라도 가고 싶다",
            "speaker": {
              "id": "2번",
              "sex": "남성",
              "age": "20대"
            },
            "speechAct": "(단언) 주장하기",
            "morpheme": "나/NP+그냥/MAG+기차/NNG+여행/NNG+부산/NNG+이/VCP+라도/EC+가/VX+고/EC+싶/VX+다/EC"
          },
          {
            "id": 10,
            "text": "1 : 부산 좋지 키키",
            "norm_text": "부산 좋지 키키",
            "speaker": {
              "id": "1번",
              "sex": "여성",
              "age": "20대"
            },
            "speechAct": "(단언) 주장하기",
            "morpheme": "부산/NNP+좋/VA+지/EC+키/NNG+키/XSV+ETN"
          },
          {
            "id": 11,
            "text": "1 : ktx 빠르고 괜찮아",
            "norm_text": "ktx 빠르고 괜찮아",
            "speaker": {
              "id": "1번",
              "sex": "여성",
              "age": "20대"
            },
            "speechAct": "(단언) 주장하기",
            "morpheme": "ktx/SL+빠르/VA+고/EC+괜찮/VA+아/EC"
          },
          {
            "id": 12,
            "text": "2 : 웅 진짜 부산은 기차 타고 가야 해",
            "norm_text": "웅 진짜 부산은 기차 타고 가야 해",
            "speaker": {
              "id": "2번",
              "sex": "남성",
              "age": "20대"
            },
            "speechAct": "(단언) 주장하기",
            "morpheme": "웅/IC+진짜/MAG+부산/NNP+은/JX+기차/NNG+타/VV+고/EC+가/VX+야/EC+해/VV+EC"
          },
          {
            "id": 13,
            "text": "1 : 나도 부산 가고 싶다 키키",
            "norm_text": "나도 부산 가고 싶다 키키",
            "speaker": {
              "id": "1번",
              "sex": "여성",
              "age": "20대"
            },
            "speechAct": "(단언) 주장하기",
            "morpheme": "나/NP+도/JX+부산/NNP+가/VV+고/EC+싶/VX+다키키/NNP"
          },
          {
            "id": 14,
            "text": "2 : 자동차 타고 가면 진짜 힘들어 죽어 기차가 최고야",
            "norm_text": "자동차 타고 가면 진짜 힘들어 죽어 기차가 최고야",
            "speaker": {
              "id": "2번",
              "sex": "남성",
              "age": "20대"
            },
            "speechAct": "(단언) 주장하기",
            "morpheme": "자동차/NNG+타/VV+고/EC+가/VX+면/EC+진짜/MAG+힘들/VA+어/EC+죽/VV+어/EC+기차/NNG+가/JKS+최고/NNG+야/VCP+EF"
          },
          {
            "id": 15,
            "text": "1 : 맞아 은근 운전하기 빡 세 거기",
            "norm_text": "맞아 은근 운전하기 빡 세 거기",
            "speaker": {
              "id": "1번",
              "sex": "여성",
              "age": "20대"
            },
            "speechAct": "(단언) 주장하기",
            "morpheme": "맞/VV+아/EC+은근/NNG+운전/NNG+하/XSV+기/ETN+빡세/VA+EC+거기/NP"
          },
          {
            "id": 16,
            "text": "2 : 같이 기차 타고 부산이나 가자 키키",
            "norm_text": "같이 기차 타고 부산이나 가자 키키",
            "speaker": {
              "id": "2번",
              "sex": "남성",
              "age": "20대"
            },
            "speechAct": "(지시) 충고/제안하기",
            "morpheme": "같이/MAG+기차/NNG+타/VV+고/EC+부산/NNP+이/JKS+나/NP+가/JKS+자키/NNG+키/XSV+ETN"
          },
          {
            "id": 17,
            "text": "1 : 좋아~ 내 남친도 데려갈 거임 키키 같이가 넷이",
            "norm_text": "좋아~ 내 남친도 데려갈 거임 키키 같이가 넷이",
            "speaker": {
              "id": "1번",
              "sex": "여성",
              "age": "20대"
            },
            "speechAct": "(단언) 주장하기",
            "morpheme": "좋/VA+아/EC+~/SY+내남친도데려갈거임키키같이가넷이/UNKNOWN"
          },
          {
            "id": 18,
            "text": "2 : 그래 좋다 같이 가자 재밌겠다",
            "norm_text": "그래 좋다 같이 가자 재밌겠다",
            "speaker": {
              "id": "2번",
              "sex": "남성",
              "age": "20대"
            },
            "speechAct": "(단언) 주장하기",
            "morpheme": "그래/IC+좋/VA+다/EC+같이/MAG+가/VV+자/EC+재밌/VA+겠/EP+다/EC"
          }
        ]
      }
    }
  ]
}