{
  "dataset": {
    "identifier": 116667,
    "name": "FACEBOOK_119_02_set",
    "src_path": "/data/file/cubeManager/PROJECT001/80/txt20211102103850056496/FACEBOOK_119_02_set/",
    "label_path": "/data/file/cubeManager/PROJECT001/80/txt20211102103850056496/FACEBOOK_119_02_set/",
    "category": 2,
    "type": 0
  },
  "licenses": {
    "name": "Apache License 1.0",
    "url": "http://www.apache.org/licenses/LICENSE-1.0"
  },
  "info": [
    {
      "id": 129765,
      "filename": "FACEBOOK_119_02.txt",
      "title": "FACEBOOK_119_02",
      "mediatype": "SNS",
      "medianame": "페이스북",
      "category": "일상대화",
      "date": "2021-11-02",
      "size": 392,
      "annotations": {
        "subject": "주거와 생활",
        "speaker_type": "1:1",
        "size": 392,
        "word_size": 135,
        "text": "1 : 언니 지금 살고 있는 곳은 아파트야?\n2 : 아니 나는 1.5룸에서 살고 있어!\n1 : 와 부럽다 나도 1. 5룸에서 살고 싶다!\n2 : 너는 지금 원룸에서 생활하고 있는 거야?\n1 : 응 문 열자마자 내 이불 바로 보임 키키\n2 : 키키 뭐야 얼마나 작길래 그런 거야\n1 : 키키 와 서울에서 자취해 봄?\n2 : 그래도 남자친구 놀러 오면 알콩달콩 하겠는데?\n1 : 키키 당연하지 맨날 붙어있어야 해~\n2 : 오 부럽다 하하\n2 : 오빠랑 싸우진 않고?\n1 : 키키 부럽다구,?  맨날 오빠가 내 발 밟아\n2 : 아 설마 화장실 갈 때 밟고 가?\n1 : 맞아 ㅜㅜ 나 완전 쭈구리야 얘 있으면!\n2 : 그럼 너도 다음에 밟고 지나가 줘 키키\n1 : 키키 그래서 일부러 배 밟음!\n2 : 야 그건 좀 너무한 거 같은데 키키",
        "lines": [
          {
            "id": 1,
            "text": "1 : 언니 지금 살고 있는 곳은 아파트야?",
            "norm_text": "언니 지금 살고 있는 곳은 아파트야?",
            "speaker": {
              "id": "1번",
              "sex": "여성",
              "age": "20대"
            },
            "speechAct": "(지시) 질문하기",
            "morpheme": "언니/NNG+지금/MAG+살/VV+고/EC+있/VX+는/ETM+곳/NNG+은/JX+아파트/NNG+야/VCP+EF"
          },
          {
            "id": 2,
            "text": "2 : 아니 나는 1.5룸에서 살고 있어!",
            "norm_text": "아니 나는 1.5룸에서 살고 있어!",
            "speaker": {
              "id": "2번",
              "sex": "여성",
              "age": "20대"
            },
            "speechAct": "(단언) 진술하기",
            "morpheme": "아니/IC+나/NP+는/JX+1/SN+./SY+5/SN+룸/NNG+에서/JKB+살/VV+고/EC+있/VX+어/EF"
          },
          {
            "id": 3,
            "text": "1 : 와 부럽다 나도 1. 5룸에서 살고 싶다!",
            "norm_text": "와 부럽다 나도 1. 5룸에서 살고 싶다!",
            "speaker": {
              "id": "1번",
              "sex": "여성",
              "age": "20대"
            },
            "speechAct": "(단언) 주장하기",
            "morpheme": "와/IC+부럽/VA+다/EF+나/NP+도/JX+1/SN+./SY+5/SN+룸/NNG+에서/JKB+살/VV+고/EC+싶/VX+다/EF"
          },
          {
            "id": 4,
            "text": "2 : 너는 지금 원룸에서 생활하고 있는 거야?",
            "norm_text": "너는 지금 원룸에서 생활하고 있는 거야?",
            "speaker": {
              "id": "2번",
              "sex": "여성",
              "age": "20대"
            },
            "speechAct": "(지시) 질문하기",
            "morpheme": "너/NP+는/JX+지금/MAG+원룸/NNG+에서/JKB+생활/NNG+하/XSV+고/EC+있/VX+는/ETM+거/NNB+야/VCP+EF"
          },
          {
            "id": 5,
            "text": "1 : 응 문 열자마자 내 이불 바로 보임 키키",
            "norm_text": "응 문 열자마자 내 이불 바로 보임 키키",
            "speaker": {
              "id": "1번",
              "sex": "여성",
              "age": "20대"
            },
            "speechAct": "(단언) 주장하기",
            "morpheme": "응문/NNG+열/VV+자마자/EC+내/NP+JKG+이불/NNG+바로/MAG+보임/NNG+키/NNG+키/XSV+ETN"
          },
          {
            "id": 6,
            "text": "2 : 키키 뭐야 얼마나 작길래 그런 거야",
            "norm_text": "키키 뭐야 얼마나 작길래 그런 거야",
            "speaker": {
              "id": "2번",
              "sex": "여성",
              "age": "20대"
            },
            "speechAct": "(단언) 주장하기",
            "morpheme": "키/NNG+키/XSV+ETN+뭐/NP+야/JX+얼마나/MAG+작/VA+길래/EC+그런/MM+거/NNB+야/VCP+EF"
          },
          {
            "id": 7,
            "text": "1 : 키키 와 서울에서 자취해 봄?",
            "norm_text": "키키 와 서울에서 자취해 봄?",
            "speaker": {
              "id": "1번",
              "sex": "여성",
              "age": "20대"
            },
            "speechAct": "(지시) 질문하기",
            "morpheme": "키/NNG+키/XSV+ETN+와/JC+서울/NNP+에서/JKB+자취/NNG+해봄/XSV+EC+VX+ETN"
          },
          {
            "id": 8,
            "text": "2 : 그래도 남자친구 놀러 오면 알콩달콩 하겠는데?",
            "norm_text": "그래도 남자친구 놀러 오면 알콩달콩 하겠는데?",
            "speaker": {
              "id": "2번",
              "sex": "여성",
              "age": "20대"
            },
            "speechAct": "(지시) 질문하기",
            "morpheme": "그래도/MAJ+남자/NNG+친구/NNG+놀러오/VV+면/EC+알콩달콩/MAG+하/VV+겠/EP+는데/EF"
          },
          {
            "id": 9,
            "text": "1 : 키키 당연하지 맨날 붙어있어야 해~",
            "norm_text": "키키 당연하지 맨날 붙어있어야 해~",
            "speaker": {
              "id": "1번",
              "sex": "여성",
              "age": "20대"
            },
            "speechAct": "(단언) 주장하기",
            "morpheme": "키/NNG+키/XSV+ETN+당연/XR+하/XSA+지/EF+맨날/MAG+붙/VV+어/EC+있/VX+어야/EC+해/VV+EC+~/SY"
          },
          {
            "id": 10,
            "text": "2 : 오 부럽다 하하",
            "norm_text": "오 부럽다 하하",
            "speaker": {
              "id": "2번",
              "sex": "여성",
              "age": "20대"
            },
            "speechAct": "(단언) 주장하기",
            "morpheme": "오/NR+부럽/VA+다/EC+하하/MAG"
          },
          {
            "id": 11,
            "text": "2 : 오빠랑 싸우진 않고?",
            "norm_text": "오빠랑 싸우진 않고?",
            "speaker": {
              "id": "2번",
              "sex": "여성",
              "age": "20대"
            },
            "speechAct": "(지시) 질문하기",
            "morpheme": "오빠/NNG+랑/JKB+싸우/VV+진/EC+JX+않/VX+고/EC"
          },
          {
            "id": 12,
            "text": "1 : 키키 부럽다구,?  맨날 오빠가 내 발 밟아",
            "norm_text": "키키 부럽다구,?  맨날 오빠가 내 발 밟아",
            "speaker": {
              "id": "1번",
              "sex": "여성",
              "age": "20대"
            },
            "speechAct": "(단언) 주장하기",
            "morpheme": "키/NNG+키/XSV+ETN+부럽/VA+다구/EC+,/SC+?/SY+맨날/MAG+오빠/NNG+가/JKS+내발/NNG+밟/VV+아/EC"
          },
          {
            "id": 13,
            "text": "2 : 아 설마 화장실 갈 때 밟고 가?",
            "norm_text": "아 설마 화장실 갈 때 밟고 가?",
            "speaker": {
              "id": "2번",
              "sex": "여성",
              "age": "20대"
            },
            "speechAct": "(지시) 질문하기",
            "morpheme": "아/IC+설마/MAG+화장실/NNG+갈/VV+ETM+때/NNG+밟/VV+고/EC+가/VX+EF"
          },
          {
            "id": 14,
            "text": "1 : 맞아 ㅜㅜ 나 완전 쭈구리야 얘 있으면!",
            "norm_text": "맞아 ㅜㅜ 나 완전 쭈구리야 얘 있으면!",
            "speaker": {
              "id": "1번",
              "sex": "여성",
              "age": "20대"
            },
            "speechAct": "(단언) 주장하기",
            "morpheme": "맞/VV+아/EC+ㅜㅜ/UNKNOWN+나/NP+완전/MAG+쭈구리/VV+야/EC+VX+얘/EC+있/VX+으면/EC"
          },
          {
            "id": 15,
            "text": "2 : 그럼 너도 다음에 밟고 지나가 줘 키키",
            "norm_text": "그럼 너도 다음에 밟고 지나가 줘 키키",
            "speaker": {
              "id": "2번",
              "sex": "여성",
              "age": "20대"
            },
            "speechAct": "(지시) 충고/제안하기",
            "morpheme": "그럼/MAJ+너/NP+도/JX+다음/NNG+에/JKB+밟/VV+고/EC+지나가/VV+줘/EC+VV+EC+키/NNG+키/XSV+ETN"
          },
          {
            "id": 16,
            "text": "1 : 키키 그래서 일부러 배 밟음!",
            "norm_text": "키키 그래서 일부러 배 밟음!",
            "speaker": {
              "id": "1번",
              "sex": "여성",
              "age": "20대"
            },
            "speechAct": "(단언) 주장하기",
            "morpheme": "키/NNG+키/XSV+ETN+그래서/MAJ+일부러/MAG+배/NNG+밟/VV+음/ETN"
          },
          {
            "id": 17,
            "text": "2 : 야 그건 좀 너무한 거 같은데 키키",
            "norm_text": "야 그건 좀 너무한 거 같은데 키키",
            "speaker": {
              "id": "2번",
              "sex": "여성",
              "age": "20대"
            },
            "speechAct": "(단언) 주장하기",
            "morpheme": "야/IC+그건/NP+JX+좀/MAG+너무/MAG+한/XSA+ETM+거/NNB+같/VA+은데/EC+키/NNG+키/XSV+ETN"
          }
        ]
      }
    }
  ]
}