{
  "dataset": {
    "identifier": 125271,
    "name": "FACEBOOK_124_01_set",
    "src_path": "/data/file/cubeManager/PROJECT001/84/txt202111051436200123106/FACEBOOK_124_01_set/",
    "label_path": "/data/file/cubeManager/PROJECT001/84/txt202111051436200123106/FACEBOOK_124_01_set/",
    "category": 2,
    "type": 0
  },
  "licenses": {
    "name": "Apache License 1.0",
    "url": "http://www.apache.org/licenses/LICENSE-1.0"
  },
  "info": [
    {
      "id": 140137,
      "filename": "FACEBOOK_124_01.txt",
      "title": "FACEBOOK_124_01",
      "mediatype": "SNS",
      "medianame": "페이스북",
      "category": "일상대화",
      "date": "2021-11-05",
      "size": 418,
      "annotations": {
        "subject": "식음료",
        "speaker_type": "1:1",
        "size": 418,
        "word_size": 153,
        "text": "1 : 디저트 카페 가 본 적 있어?\n2 : 웅 가 본 적 있지 마카롱 먹으러\n1 : 나는 허니 브레드 좋아해 키키\n2 : 진짜 맛있는데 마카롱 먹고 싶다 키키\n2 : 여자친구랑 맨날 가\n1 : 아 정말? 마카롱 엄청 달지 않아?\n2 : 아 진짜 허니브레드 맛있지 키키\n2 : 어디 꺼 좋아해 ?\n1 : 나는 카페 베네에서 자주 먹었어\n2 : 나는 엔젤리너스 허니 브레드 좋아하는데\n1 : 지금은 카페 베네 사라진 것 같아\n2 : 아 맞아 다 사라졌더라\n1 : 응 카페 베네 부도 난 것 같더라고 ㅠ\n2 : 아 말하니까 달달 한 게 땡긴다\n1 : 그치 키키 나도 그래 ㅠㅠ\n1 : 지금 나갈까\n2 : 아 진짜 카페 베네 부도 난 거 같아?\n2 : 왜 그러지 망했나 보다\n1 : 맞아 키키 적자 나서 그렇지 뭐 요즘 카페 많잖아 키키\n2 : 우리 만나면 달달 한 거 먹으러 같이 가자",
        "lines": [
          {
            "id": 1,
            "text": "1 : 디저트 카페 가 본 적 있어?",
            "norm_text": "디저트 카페 가 본 적 있어?",
            "speaker": {
              "id": "1번",
              "sex": "여성",
              "age": "20대"
            },
            "speechAct": "(지시) 질문하기",
            "morpheme": "디저트/NNG+카페/NNG+가/JKS+본/VV+ETM+적/NNB+있/VA+어/EF"
          },
          {
            "id": 2,
            "text": "2 : 웅 가 본 적 있지 마카롱 먹으러",
            "norm_text": "웅 가 본 적 있지 마카롱 먹으러",
            "speaker": {
              "id": "2번",
              "sex": "남성",
              "age": "20대"
            },
            "speechAct": "(단언) 주장하기",
            "morpheme": "웅/IC+가본/NNG+적/XSN+있/VA+지/EC+마카롱/NNG+먹/VV+으러/EC"
          },
          {
            "id": 3,
            "text": "1 : 나는 허니 브레드 좋아해 키키",
            "norm_text": "나는 허니 브레드 좋아해 키키",
            "speaker": {
              "id": "1번",
              "sex": "여성",
              "age": "20대"
            },
            "speechAct": "(단언) 주장하기",
            "morpheme": "나/NP+는/JX+허니/NNP+브레드/NNP+좋/VA+아/EC+해/VV+EC+키/NNG+키/XSV+ETN"
          },
          {
            "id": 4,
            "text": "2 : 진짜 맛있는데 마카롱 먹고 싶다 키키",
            "norm_text": "진짜 맛있는데 마카롱 먹고 싶다 키키",
            "speaker": {
              "id": "2번",
              "sex": "남성",
              "age": "20대"
            },
            "speechAct": "(단언) 주장하기",
            "morpheme": "진짜/MAG+맛있/VA+는데/EC+마카롱/NNG+먹/VV+고/EC+싶/VX+다키키/NNP"
          },
          {
            "id": 5,
            "text": "2 : 여자친구랑 맨날 가",
            "norm_text": "여자친구랑 맨날 가",
            "speaker": {
              "id": "2번",
              "sex": "남성",
              "age": "20대"
            },
            "speechAct": "(단언) 주장하기",
            "morpheme": "여자/NNG+친구/NNG+랑/JKB+맨날/MAG+가/VV+EC"
          },
          {
            "id": 6,
            "text": "1 : 아 정말? 마카롱 엄청 달지 않아?",
            "norm_text": "아 정말? 마카롱 엄청 달지 않아?",
            "speaker": {
              "id": "1번",
              "sex": "여성",
              "age": "20대"
            },
            "speechAct": "(지시) 질문하기",
            "morpheme": "아/IC+정말/MAG+마카롱/NNG+엄청/MAG+달/VV+지/EC+않/VX+아/EF"
          },
          {
            "id": 7,
            "text": "2 : 아 진짜 허니브레드 맛있지 키키",
            "norm_text": "아 진짜 허니브레드 맛있지 키키",
            "speaker": {
              "id": "2번",
              "sex": "남성",
              "age": "20대"
            },
            "speechAct": "(단언) 주장하기",
            "morpheme": "아/IC+진짜/MAG+허/XSA+EP+니/EC+브레드/NNG+맛있/VA+지/EC+키/NNG+키/XSV+ETN"
          },
          {
            "id": 8,
            "text": "2 : 어디 꺼 좋아해 ?",
            "norm_text": "어디 꺼 좋아해 ?",
            "speaker": {
              "id": "2번",
              "sex": "남성",
              "age": "20대"
            },
            "speechAct": "(지시) 질문하기",
            "morpheme": "어디/NP+꺼/VV+EC+좋/VA+아/EC+해/VX+EF"
          },
          {
            "id": 9,
            "text": "1 : 나는 카페 베네에서 자주 먹었어",
            "norm_text": "나는 카페 베네에서 자주 먹었어",
            "speaker": {
              "id": "1번",
              "sex": "여성",
              "age": "20대"
            },
            "speechAct": "(단언) 주장하기",
            "morpheme": "나/NP+는/JX+카페베네/NNP+에서/JKB+자주/MAG+먹/VV+었/EP+어/EC"
          },
          {
            "id": 10,
            "text": "2 : 나는 엔젤리너스 허니 브레드 좋아하는데",
            "norm_text": "나는 엔젤리너스 허니 브레드 좋아하는데",
            "speaker": {
              "id": "2번",
              "sex": "남성",
              "age": "20대"
            },
            "speechAct": "(단언) 주장하기",
            "morpheme": "나/NP+는/JX+엔젤/+리/+너스/NNG+허/XSA+EP+니/EC+브레드/NNG+좋/VA+아/EC+하/VV+는데/EC"
          },
          {
            "id": 11,
            "text": "1 : 지금은 카페 베네 사라진 것 같아",
            "norm_text": "지금은 카페 베네 사라진 것 같아",
            "speaker": {
              "id": "1번",
              "sex": "여성",
              "age": "20대"
            },
            "speechAct": "(단언) 주장하기",
            "morpheme": "지금/MAG+은/JX+카페베네/NNP+사라진/VV+ETM+것/NNB+같/VA+아/EC"
          },
          {
            "id": 12,
            "text": "2 : 아 맞아 다 사라졌더라",
            "norm_text": "아 맞아 다 사라졌더라",
            "speaker": {
              "id": "2번",
              "sex": "남성",
              "age": "20대"
            },
            "speechAct": "(단언) 주장하기",
            "morpheme": "아/IC+맞/VV+아다/EC+사라졌/VV+EP+더라/EC"
          },
          {
            "id": 13,
            "text": "1 : 응 카페 베네 부도 난 것 같더라고 ㅠ",
            "norm_text": "응 카페 베네 부도 난 것 같더라고 ㅠ",
            "speaker": {
              "id": "1번",
              "sex": "여성",
              "age": "20대"
            },
            "speechAct": "(단언) 주장하기",
            "morpheme": "응/IC+카페베네/NNP+부도난/VV+ETM+것/NNB+같/VA+더라고/EF+ㅠ/UNKNOWN"
          },
          {
            "id": 14,
            "text": "2 : 아 말하니까 달달 한 게 땡긴다",
            "norm_text": "아 말하니까 달달 한 게 땡긴다",
            "speaker": {
              "id": "2번",
              "sex": "남성",
              "age": "20대"
            },
            "speechAct": "(단언) 주장하기",
            "morpheme": "아/IC+말/NNG+하/XSV+니까/EC+달달/MAG+한/XSA+ETM+게/NNB+JKS+땡긴다/VV+EC"
          },
          {
            "id": 15,
            "text": "1 : 그치 키키 나도 그래 ㅠㅠ",
            "norm_text": "그치 키키 나도 그래 ㅠㅠ",
            "speaker": {
              "id": "1번",
              "sex": "여성",
              "age": "20대"
            },
            "speechAct": "(단언) 주장하기",
            "morpheme": "그치/IC+키/NNG+키나/XSA+ETN+JX+도/JX+그래/VA+EC+ㅠㅠ/UNKNOWN"
          },
          {
            "id": 16,
            "text": "1 : 지금 나갈까",
            "norm_text": "지금 나갈까",
            "speaker": {
              "id": "1번",
              "sex": "여성",
              "age": "20대"
            },
            "speechAct": "(단언) 주장하기",
            "morpheme": "지금/MAG+나갈까/VV+EC"
          },
          {
            "id": 17,
            "text": "2 : 아 진짜 카페 베네 부도 난 거 같아?",
            "norm_text": "아 진짜 카페 베네 부도 난 거 같아?",
            "speaker": {
              "id": "2번",
              "sex": "남성",
              "age": "20대"
            },
            "speechAct": "(지시) 질문하기",
            "morpheme": "아/IC+진짜/MAG+카페베네/NNP+부도난/VV+ETM+거/NNB+같/VA+아/EF"
          },
          {
            "id": 18,
            "text": "2 : 왜 그러지 망했나 보다",
            "norm_text": "왜 그러지 망했나 보다",
            "speaker": {
              "id": "2번",
              "sex": "남성",
              "age": "20대"
            },
            "speechAct": "(단언) 주장하기",
            "morpheme": "왜/MAG+그러/VV+지/EC+망했/VV+EP+나/NP+보다/JKB"
          },
          {
            "id": 19,
            "text": "1 : 맞아 키키 적자 나서 그렇지 뭐 요즘 카페 많잖아 키키",
            "norm_text": "맞아 키키 적자 나서 그렇지 뭐 요즘 카페 많잖아 키키",
            "speaker": {
              "id": "1번",
              "sex": "여성",
              "age": "20대"
            },
            "speechAct": "(단언) 주장하기",
            "morpheme": "맞/VV+아/EC+키/NNG+키/NNG+적/XSN+자나/VV+서/EC+그렇/VA+지/EF+뭐/IC+요즘/MAG+카페/NNG+많/VA+잖아/EC+키/NNG+키/XSV+ETN"
          },
          {
            "id": 20,
            "text": "2 : 우리 만나면 달달 한 거 먹으러 같이 가자",
            "norm_text": "우리 만나면 달달 한 거 먹으러 같이 가자",
            "speaker": {
              "id": "2번",
              "sex": "남성",
              "age": "20대"
            },
            "speechAct": "(지시) 충고/제안하기",
            "morpheme": "우리/NP+만나/VV+면/EC+달달/MAG+한/XSA+ETM+거/NNB+먹/VV+으러/EC+같이/MAG+가/VV+자/EC"
          }
        ]
      }
    }
  ]
}