{
  "dataset": {
    "identifier": 99714,
    "name": "FACEBOOK_109_04_set",
    "src_path": "/data/file/cubeManager/PROJECT001/77/txt20211029160805056863/FACEBOOK_109_04_set/",
    "label_path": "/data/file/cubeManager/PROJECT001/77/txt20211029160805056863/FACEBOOK_109_04_set/",
    "category": 2,
    "type": 0
  },
  "licenses": {
    "name": "Apache License 1.0",
    "url": "http://www.apache.org/licenses/LICENSE-1.0"
  },
  "info": [
    {
      "id": 111312,
      "filename": "FACEBOOK_109_04.txt",
      "title": "FACEBOOK_109_04",
      "mediatype": "SNS",
      "medianame": "페이스북",
      "category": "일상대화",
      "date": "2021-10-29",
      "size": 421,
      "annotations": {
        "subject": "회사/아르바이트",
        "speaker_type": "1:1",
        "size": 421,
        "word_size": 145,
        "text": "1 : 언니는 지금 알바하는 중이야?\n2 : 나 요즘에 알바하는 중이지~\n1 : 언니 지금 어떤 알바하고 있어?\n2 : 나 요즘에 카톡하는 알바하고 있어~\n1 : 카톡하는 알바?\n1 : 그거 혹시 나도 할 수 있어?\n2 : 응 내가 한번 물어봐 줄까?\n1 : 키키 오 너무 좋지!\n1 : 다른 알바는 안 해?\n2 : 다른 알바?\n2 : 그런 건 딱히 없는데\n1 : 그렇구나\n1 : 언니는 그러면 다른 알바는 할 생각 없어?\n2 : 체력이 안돼서 못할 거 같아\n1 : 그렇구나 ㅜㅜ\n1 : 언니가 했던 알바 중에 제일 힘들었던 알바가 뭐야?\n2 : 음 가림막 설치 알반데 진짜 힘들어\n1 : 가림막 설치?\n1 : 그런 거는 남자가 하는 거 아니야?\n2 : 나도 그런 줄 알았는데 아니더라 키키\n1 : 그거 언니가 무거운 것도 들어야 하는 거 아니야?\n2 : 무거운 거는 남자가 다 들어주던데?",
        "lines": [
          {
            "id": 1,
            "text": "1 : 언니는 지금 알바하는 중이야?",
            "norm_text": "언니는 지금 알바하는 중이야?",
            "speaker": {
              "id": "1번",
              "sex": "여성",
              "age": "20대"
            },
            "speechAct": "(지시) 질문하기",
            "morpheme": "언니/NNG+는/JX+지금/MAG+알/VV+ETM+바/NNB+하/VV+는/ETM+중/NNB+이/VCP+야/EF"
          },
          {
            "id": 2,
            "text": "2 : 나 요즘에 알바하는 중이지~",
            "norm_text": "나 요즘에 알바하는 중이지~",
            "speaker": {
              "id": "2번",
              "sex": "여성",
              "age": "20대"
            },
            "speechAct": "(단언) 진술하기",
            "morpheme": "나/NP+요즘/NNG+에/JKB+알/VV+ETM+바/NNB+하/VV+는/ETM+중/NNB+이/VCP+지/EC+~/SY"
          },
          {
            "id": 3,
            "text": "1 : 언니 지금 어떤 알바하고 있어?",
            "norm_text": "언니 지금 어떤 알바하고 있어?",
            "speaker": {
              "id": "1번",
              "sex": "여성",
              "age": "20대"
            },
            "speechAct": "(지시) 질문하기",
            "morpheme": "언니/NNG+지금/MAG+어떤/MM+알/VV+ETM+바/NNB+하/VV+고/EC+있/VX+어/EF"
          },
          {
            "id": 4,
            "text": "2 : 나 요즘에 카톡하는 알바하고 있어~",
            "norm_text": "나 요즘에 카톡하는 알바하고 있어~",
            "speaker": {
              "id": "2번",
              "sex": "여성",
              "age": "20대"
            },
            "speechAct": "(단언) 진술하기",
            "morpheme": "나/NP+요즘/NNG+에/JKB+카톡/NNP+하/VV+는/ETM+알/VV+ETM+바/NNB+하/VV+고/EC+있/VX+어/EC+~/SY"
          },
          {
            "id": 5,
            "text": "1 : 카톡하는 알바?",
            "norm_text": "카톡하는 알바?",
            "speaker": {
              "id": "1번",
              "sex": "여성",
              "age": "20대"
            },
            "speechAct": "(지시) 질문하기",
            "morpheme": "카톡/NNP+하/VV+는/ETM+알바/NNP"
          },
          {
            "id": 6,
            "text": "1 : 그거 혹시 나도 할 수 있어?",
            "norm_text": "그거 혹시 나도 할 수 있어?",
            "speaker": {
              "id": "1번",
              "sex": "여성",
              "age": "20대"
            },
            "speechAct": "(지시) 질문하기",
            "morpheme": "그거/NP+혹시/MAG+나/NP+도/JX+할/VV+ETM+수/NNB+있/VV+어/EF"
          },
          {
            "id": 7,
            "text": "2 : 응 내가 한번 물어봐 줄까?",
            "norm_text": "응 내가 한번 물어봐 줄까?",
            "speaker": {
              "id": "2번",
              "sex": "여성",
              "age": "20대"
            },
            "speechAct": "(지시) 질문하기",
            "morpheme": "응/IC+내/NP+가/JKS+한/MM+번/NNBC+물어봐/VV+EC+줄까/VX+EF"
          },
          {
            "id": 8,
            "text": "1 : 키키 오 너무 좋지!",
            "norm_text": "키키 오 너무 좋지!",
            "speaker": {
              "id": "1번",
              "sex": "여성",
              "age": "20대"
            },
            "speechAct": "(단언) 주장하기",
            "morpheme": "키/NNG+키/VV+오/EC+너무/MAG+좋/VA+지/EF"
          },
          {
            "id": 9,
            "text": "1 : 다른 알바는 안 해?",
            "norm_text": "다른 알바는 안 해?",
            "speaker": {
              "id": "1번",
              "sex": "여성",
              "age": "20대"
            },
            "speechAct": "(지시) 질문하기",
            "morpheme": "다른/MM+알바/NNP+는/JX+안/MAG+해/VV+EF"
          },
          {
            "id": 10,
            "text": "2 : 다른 알바?",
            "norm_text": "다른 알바?",
            "speaker": {
              "id": "2번",
              "sex": "여성",
              "age": "20대"
            },
            "speechAct": "(지시) 질문하기",
            "morpheme": "다른/MM+알바/NNP"
          },
          {
            "id": 11,
            "text": "2 : 그런 건 딱히 없는데",
            "norm_text": "그런 건 딱히 없는데",
            "speaker": {
              "id": "2번",
              "sex": "여성",
              "age": "20대"
            },
            "speechAct": "(단언) 주장하기",
            "morpheme": "그런/MM+건/NNB+JX+딱히/MAG+없/VA+는데/EC"
          },
          {
            "id": 12,
            "text": "1 : 그렇구나",
            "norm_text": "그렇구나",
            "speaker": {
              "id": "1번",
              "sex": "여성",
              "age": "20대"
            },
            "speechAct": "(단언) 주장하기",
            "morpheme": "그렇/VA+구나/EC"
          },
          {
            "id": 13,
            "text": "1 : 언니는 그러면 다른 알바는 할 생각 없어?",
            "norm_text": "언니는 그러면 다른 알바는 할 생각 없어?",
            "speaker": {
              "id": "1번",
              "sex": "여성",
              "age": "20대"
            },
            "speechAct": "(지시) 질문하기",
            "morpheme": "언니/NNG+는/JX+그러면/MAJ+다른/MM+알바/NNP+는/JX+할/VV+ETM+생각/NNG+없/VA+어/EF"
          },
          {
            "id": 14,
            "text": "2 : 체력이 안돼서 못할 거 같아",
            "norm_text": "체력이 안돼서 못할 거 같아",
            "speaker": {
              "id": "2번",
              "sex": "여성",
              "age": "20대"
            },
            "speechAct": "(단언) 주장하기",
            "morpheme": "체력/NNG+이/JKS+안/MAG+돼서/VV+EC+못할/VX+ETM+거/NNB+같/VA+아/EC"
          },
          {
            "id": 15,
            "text": "1 : 그렇구나 ㅜㅜ",
            "norm_text": "그렇구나 ㅜㅜ",
            "speaker": {
              "id": "1번",
              "sex": "여성",
              "age": "20대"
            },
            "speechAct": "(단언) 주장하기",
            "morpheme": "그렇구나ㅜㅜ/UNKNOWN"
          },
          {
            "id": 16,
            "text": "1 : 언니가 했던 알바 중에 제일 힘들었던 알바가 뭐야?",
            "norm_text": "언니가 했던 알바 중에 제일 힘들었던 알바가 뭐야?",
            "speaker": {
              "id": "1번",
              "sex": "여성",
              "age": "20대"
            },
            "speechAct": "(지시) 질문하기",
            "morpheme": "언니/NNG+가/JKS+했/VV+EP+던/ETM+알바/NNP+중/NNB+에/JKB+제일/MAG+힘들/VA+었/EP+던/ETM+알바/NNP+가/JKS+뭐/NP+야/VCP+EF"
          },
          {
            "id": 17,
            "text": "2 : 음 가림막 설치 알반데 진짜 힘들어",
            "norm_text": "음 가림막 설치 알반데 진짜 힘들어",
            "speaker": {
              "id": "2번",
              "sex": "여성",
              "age": "20대"
            },
            "speechAct": "(단언) 주장하기",
            "morpheme": "음/IC+가림막/NNG+설치/NNG+알/VV+ETM+반데/NNG+VCP+EC+진짜/MAG+힘들/VA+어/EC"
          },
          {
            "id": 18,
            "text": "1 : 가림막 설치?",
            "norm_text": "가림막 설치?",
            "speaker": {
              "id": "1번",
              "sex": "여성",
              "age": "20대"
            },
            "speechAct": "(지시) 질문하기",
            "morpheme": "가림막/NNG+설치/NNG"
          },
          {
            "id": 19,
            "text": "1 : 그런 거는 남자가 하는 거 아니야?",
            "norm_text": "그런 거는 남자가 하는 거 아니야?",
            "speaker": {
              "id": "1번",
              "sex": "여성",
              "age": "20대"
            },
            "speechAct": "(지시) 질문하기",
            "morpheme": "그런/MM+거/NNB+는/JX+남자/NNG+가/JKS+하/VV+는/ETM+거/NNB+아니/VCN+야/EF"
          },
          {
            "id": 20,
            "text": "2 : 나도 그런 줄 알았는데 아니더라 키키",
            "norm_text": "나도 그런 줄 알았는데 아니더라 키키",
            "speaker": {
              "id": "2번",
              "sex": "여성",
              "age": "20대"
            },
            "speechAct": "(단언) 주장하기",
            "morpheme": "나/NP+도/JX+그런/MM+줄/NNB+알/VV+았/EP+는데/EC+아니/VCN+더라/EC+키/NNG+키/XSV+ETN"
          },
          {
            "id": 21,
            "text": "1 : 그거 언니가 무거운 것도 들어야 하는 거 아니야?",
            "norm_text": "그거 언니가 무거운 것도 들어야 하는 거 아니야?",
            "speaker": {
              "id": "1번",
              "sex": "여성",
              "age": "20대"
            },
            "speechAct": "(지시) 질문하기",
            "morpheme": "그거/NP+언니/NNG+가/JKS+무거운/VA+ETM+것/NNB+도/JX+들어야/VV+EC+하/VV+는/ETM+거/NNB+아니/VCN+야/EF"
          },
          {
            "id": 22,
            "text": "2 : 무거운 거는 남자가 다 들어주던데?",
            "norm_text": "무거운 거는 남자가 다 들어주던데?",
            "speaker": {
              "id": "2번",
              "sex": "여성",
              "age": "20대"
            },
            "speechAct": "(단언) 진술하기",
            "morpheme": "무거운/VA+ETM+거/NNB+는/JX+남자/NNG+가/JKS+다/MAG+들/VV+어/EC+주/VX+던데/EF"
          }
        ]
      }
    }
  ]
}