{
  "dataset": {
    "identifier": 119568,
    "name": "FACEBOOK_114_11_set",
    "src_path": "/data/file/cubeManager/PROJECT001/80/txt20211103151014089297/FACEBOOK_114_11_set/",
    "label_path": "/data/file/cubeManager/PROJECT001/80/txt20211103151014089297/FACEBOOK_114_11_set/",
    "category": 2,
    "type": 0
  },
  "licenses": {
    "name": "Apache License 1.0",
    "url": "http://www.apache.org/licenses/LICENSE-1.0"
  },
  "info": [
    {
      "id": 134414,
      "filename": "FACEBOOK_114_11.txt",
      "title": "FACEBOOK_114_11",
      "mediatype": "SNS",
      "medianame": "페이스북",
      "category": "일상대화",
      "date": "2021-11-03",
      "size": 429,
      "annotations": {
        "subject": "게임",
        "speaker_type": "1:1",
        "size": 429,
        "word_size": 141,
        "text": "1 : 언니는 초딩 때 친구들이랑 어떤 게임 했어?\n2 : 아 나는 크아 했었던 거 같은데 키키\n1 : 역시 키키 나도 피시방 가서 크아 함!\n2 : 맞아 메이플이랑 양대 산맥이었지\n1 : 키키 맞아 아 메이플, 나 150까지 키웠었는데!\n2 : 나 그때 한창 했을 때 200까지 키웠어!\n1 : 와 그러면 밥만 먹고 그거만 한 거 아니야?\n2 : 응 ㅠ 부모님한테 엄청 혼났지 ㅠㅠ\n1 : 키키 그러다가 컴퓨터 완전 뺏긴다고 적당히 했으야지~\n2 : 맞아 키키 그래서 몰래 피씨방 갔었어 키키\n1 : 키키 대박 다들 그렇게 사는구나~\n1 : 나는 테런에 빠져서 혼났었지!\n2 : 헐 내 동생도 그거 했는데!\n1 : 키키 아 진짜?\n1 : 나 겁나 잘했음~\n2 : 내 동생도 막 날라다니더라 키키\n1 : 키키  맞아 라떼부터 연금이라는 아이템이 생겼지!\n2 : 어 맞아, 한창 캐시하고 했는데 키키",
        "lines": [
          {
            "id": 1,
            "text": "1 : 언니는 초딩 때 친구들이랑 어떤 게임 했어?",
            "norm_text": "언니는 초딩 때 친구들이랑 어떤 게임 했어?",
            "speaker": {
              "id": "1번",
              "sex": "여성",
              "age": "20대"
            },
            "speechAct": "(지시) 질문하기",
            "morpheme": "언니/NNG+는/JX+초딩/NNG+때/NNG+친구/NNG+들/XSN+이랑/JC+어떤/MM+게임/NNG+했/XSV+EP+어/EF"
          },
          {
            "id": 2,
            "text": "2 : 아 나는 크아 했었던 거 같은데 키키",
            "norm_text": "아 나는 크아 했었던 거 같은데 키키",
            "speaker": {
              "id": "2번",
              "sex": "여성",
              "age": "20대"
            },
            "speechAct": "(단언) 진술하기",
            "morpheme": "아/IC+나/NP+는/JX+크/VA+아/EC+했었/VX+EP+던/ETM+거/NNB+같/VA+은데/EC+키/NNG+키/XSV+ETN"
          },
          {
            "id": 3,
            "text": "1 : 역시 키키 나도 피시방 가서 크아 함!",
            "norm_text": "역시 키키 나도 피시방 가서 크아 함!",
            "speaker": {
              "id": "1번",
              "sex": "여성",
              "age": "20대"
            },
            "speechAct": "(단언) 진술하기",
            "morpheme": "역시/MAJ+키/NNG+키나/XSA+ETN+JX+도피/NNG+시방/MAG+가/VV+서/EC+크/IC+아함/IC+ETN"
          },
          {
            "id": 4,
            "text": "2 : 맞아 메이플이랑 양대 산맥이었지",
            "norm_text": "맞아 메이플이랑 양대 산맥이었지",
            "speaker": {
              "id": "2번",
              "sex": "여성",
              "age": "20대"
            },
            "speechAct": "(단언) 진술하기",
            "morpheme": "맞/VV+아/EC+메이플/NNP+이랑/JC+양대/MM+산맥/NNG+이/VCP+었/EP+지/EC"
          },
          {
            "id": 5,
            "text": "1 : 키키 맞아 아 메이플, 나 150까지 키웠었는데!",
            "norm_text": "키키 맞아 아 메이플, 나 150까지 키웠었는데!",
            "speaker": {
              "id": "1번",
              "sex": "여성",
              "age": "20대"
            },
            "speechAct": "(단언) 진술하기",
            "morpheme": "키/NNG+키/XSV+ETN+맞/VV+아아/EC+메이플/NNP+,/SC+나/NP+150/SN+까지/JX+키웠었/VV+EP+는데/EF"
          },
          {
            "id": 6,
            "text": "2 : 나 그때 한창 했을 때 200까지 키웠어!",
            "norm_text": "나 그때 한창 했을 때 200까지 키웠어!",
            "speaker": {
              "id": "2번",
              "sex": "여성",
              "age": "20대"
            },
            "speechAct": "(단언) 진술하기",
            "morpheme": "나/NP+그때/NNG+한창/NNG+했/XSV+EP+을/ETM+때/NNG+200/SN+까지/JX+키웠/VV+EP+어/EF"
          },
          {
            "id": 7,
            "text": "1 : 와 그러면 밥만 먹고 그거만 한 거 아니야?",
            "norm_text": "와 그러면 밥만 먹고 그거만 한 거 아니야?",
            "speaker": {
              "id": "1번",
              "sex": "여성",
              "age": "20대"
            },
            "speechAct": "(지시) 질문하기",
            "morpheme": "와/IC+그러면/MAJ+밥/NNG+만/JX+먹/VV+고/EC+그거/NP+만/JX+한/VV+ETM+거/NNB+아니/VCN+야/EF"
          },
          {
            "id": 8,
            "text": "2 : 응 ㅠ 부모님한테 엄청 혼났지 ㅠㅠ",
            "norm_text": "응 ㅠ 부모님한테 엄청 혼났지 ㅠㅠ",
            "speaker": {
              "id": "2번",
              "sex": "여성",
              "age": "20대"
            },
            "speechAct": "(단언) 주장하기",
            "morpheme": "응ㅠ/UNKNOWN+부모/NNG+님/XSN+한테/JKB+엄청/MAG+혼났/VV+EP+지/EF+ㅠㅠ/UNKNOWN"
          },
          {
            "id": 9,
            "text": "1 : 키키 그러다가 컴퓨터 완전 뺏긴다고 적당히 했으야지~",
            "norm_text": "키키 그러다가 컴퓨터 완전 뺏긴다고 적당히 했으야지~",
            "speaker": {
              "id": "1번",
              "sex": "여성",
              "age": "20대"
            },
            "speechAct": "(단언) 주장하기",
            "morpheme": "키키그러다가컴퓨터완전뺏긴다고적당히했으야지/UNKNOWN+~/SY"
          },
          {
            "id": 10,
            "text": "2 : 맞아 키키 그래서 몰래 피씨방 갔었어 키키",
            "norm_text": "맞아 키키 그래서 몰래 피씨방 갔었어 키키",
            "speaker": {
              "id": "2번",
              "sex": "여성",
              "age": "20대"
            },
            "speechAct": "(단언) 진술하기",
            "morpheme": "맞/VV+아/EC+키/NNG+키/XSV+ETN+그래서/MAJ+몰래/MAG+피/XPN+씨방/NNG+갔었/VV+EP+어/EC+키/NNG+키/XSV+ETN"
          },
          {
            "id": 11,
            "text": "1 : 키키 대박 다들 그렇게 사는구나~",
            "norm_text": "키키 대박 다들 그렇게 사는구나~",
            "speaker": {
              "id": "1번",
              "sex": "여성",
              "age": "20대"
            },
            "speechAct": "(단언) 주장하기",
            "morpheme": "키/NNG+키대/NNG+박다/NNG+들/XSN+그렇게/MAG+사/VV+는구나/EC+~/SY"
          },
          {
            "id": 12,
            "text": "1 : 나는 테런에 빠져서 혼났었지!",
            "norm_text": "나는 테런에 빠져서 혼났었지!",
            "speaker": {
              "id": "1번",
              "sex": "여성",
              "age": "20대"
            },
            "speechAct": "(단언) 진술하기",
            "morpheme": "나/NP+는/JX+테/NNG+런/NNG+에/JKB+빠져서/VV+EC+혼났/VV+EP+었/EP+지/EF"
          },
          {
            "id": 13,
            "text": "2 : 헐 내 동생도 그거 했는데!",
            "norm_text": "헐 내 동생도 그거 했는데!",
            "speaker": {
              "id": "2번",
              "sex": "여성",
              "age": "20대"
            },
            "speechAct": "(단언) 진술하기",
            "morpheme": "헐/IC+내/NP+JKG+동생/NNG+도/JX+그거/NP+했/VV+EP+는데/EF"
          },
          {
            "id": 14,
            "text": "1 : 키키 아 진짜?",
            "norm_text": "키키 아 진짜?",
            "speaker": {
              "id": "1번",
              "sex": "여성",
              "age": "20대"
            },
            "speechAct": "(지시) 질문하기",
            "morpheme": "키/NNG+키/VV+아/EC+진짜/MAG"
          },
          {
            "id": 15,
            "text": "1 : 나 겁나 잘했음~",
            "norm_text": "나 겁나 잘했음~",
            "speaker": {
              "id": "1번",
              "sex": "여성",
              "age": "20대"
            },
            "speechAct": "(단언) 주장하기",
            "morpheme": "나/NP+겁나/VV+EC+잘/MAG+했/VV+EP+음/ETN+~/SY"
          },
          {
            "id": 16,
            "text": "2 : 내 동생도 막 날라다니더라 키키",
            "norm_text": "내 동생도 막 날라다니더라 키키",
            "speaker": {
              "id": "2번",
              "sex": "여성",
              "age": "20대"
            },
            "speechAct": "(단언) 진술하기",
            "morpheme": "내/NP+JKG+동생/NNG+도막/NNG+날라다니/VV+더라/EC+키/NNG+키/XSV+ETN"
          },
          {
            "id": 17,
            "text": "1 : 키키  맞아 라떼부터 연금이라는 아이템이 생겼지!",
            "norm_text": "키키  맞아 라떼부터 연금이라는 아이템이 생겼지!",
            "speaker": {
              "id": "1번",
              "sex": "여성",
              "age": "20대"
            },
            "speechAct": "(단언) 진술하기",
            "morpheme": "키/NNG+키/XSV+ETN+맞/VV+아라/EC+떼/NNG+부터/JX+연금/NNG+이/VCP+라는/ETM+아이템/NNG+이/JKS+생겼/VV+EP+지/EF"
          },
          {
            "id": 18,
            "text": "2 : 어 맞아, 한창 캐시하고 했는데 키키",
            "norm_text": "어 맞아, 한창 캐시하고 했는데 키키",
            "speaker": {
              "id": "2번",
              "sex": "여성",
              "age": "20대"
            },
            "speechAct": "(단언) 진술하기",
            "morpheme": "어/IC+맞아/IC+,/SC+한창/MAG+캐시/NNG+하/XSV+고/EC+했/VX+EP+는데/EC+키/NNG+키/XSV+ETN"
          }
        ]
      }
    }
  ]
}