{
  "dataset": {
    "identifier": 116679,
    "name": "FACEBOOK_120_15_set",
    "src_path": "/data/file/cubeManager/PROJECT001/80/txt20211102113528096069/FACEBOOK_120_15_set/",
    "label_path": "/data/file/cubeManager/PROJECT001/80/txt20211102113528096069/FACEBOOK_120_15_set/",
    "category": 2,
    "type": 0
  },
  "licenses": {
    "name": "Apache License 1.0",
    "url": "http://www.apache.org/licenses/LICENSE-1.0"
  },
  "info": [
    {
      "id": 129898,
      "filename": "FACEBOOK_120_15.txt",
      "title": "FACEBOOK_120_15",
      "mediatype": "SNS",
      "medianame": "페이스북",
      "category": "일상대화",
      "date": "2021-11-02",
      "size": 478,
      "annotations": {
        "subject": "타 국가 이슈",
        "speaker_type": "1:1",
        "size": 478,
        "word_size": 156,
        "text": "1 : 이제 진짜 아마존이 사라진대 ㅜㅜ\n2 : 아마존?\n2 : 거기는 왜 사라진대? ㅠㅠ\n1 : 여기 지금 나무 엄청 베고 있잖아!\n2 : 아 그래서 환경이 무너져서 사라지는 거야?\n1 : 맞아\n1 : 지구의 허파 같은 곳이잖아 여기가!\n2 : 거기는 동물들도 많이 살고 그러지 않아?\n1 : 그렇지,\n1 : 근데 파괴 속도가 이전보다 6배나 빨라졌대!\n2 : 아마존이면 라이언킹 이런 거 같은 곳 맞지?\n1 : 맞아\n1 : 여기가 여의도 면적에 422배나 되는 곳이었대!\n2 : 그 정도 면적이면 얼마나 되는지 가늠이 안 간다 키키\n1 : 그니까,\n1 : 이런 곳을 파괴하다니, 진짜 생각이 있는 건가,?\n2 : 그럼 다시 나무를 심으면 되지 않을까?\n1 : 근데 이 나무도 최소 몇 십 년이나 자랐던 나무인데,\n2 : 그럼 나무를 베는 걸 멈추면 안 되는 건가...\n1 : 이게 브라질이잖아\n1 : 거기서 막무가내로 베는 거라,\n2 : 아 제발\n2 : 자연 좀 잘 지켜 줬으면 좋겠다 ㅠㅠ",
        "lines": [
          {
            "id": 1,
            "text": "1 : 이제 진짜 아마존이 사라진대 ㅜㅜ",
            "norm_text": "이제 진짜 아마존이 사라진대 ㅜㅜ",
            "speaker": {
              "id": "1번",
              "sex": "여성",
              "age": "20대"
            },
            "speechAct": "(단언) 진술하기",
            "morpheme": "이제/MAG+진짜/MAG+아마존/NNG+이/JKS+사/VV+라/EC+진대/VX+EF+ㅜㅜ/UNKNOWN"
          },
          {
            "id": 2,
            "text": "2 : 아마존?",
            "norm_text": "아마존?",
            "speaker": {
              "id": "2번",
              "sex": "여성",
              "age": "20대"
            },
            "speechAct": "(지시) 질문하기",
            "morpheme": "아마존/NNP"
          },
          {
            "id": 3,
            "text": "2 : 거기는 왜 사라진대? ㅠㅠ",
            "norm_text": "거기는 왜 사라진대? ㅠㅠ",
            "speaker": {
              "id": "2번",
              "sex": "여성",
              "age": "20대"
            },
            "speechAct": "(지시) 질문하기",
            "morpheme": "거기/NP+는/JX+왜/MAG+사/VV+라/EC+진대/VX+EF+ㅠㅠ/UNKNOWN"
          },
          {
            "id": 4,
            "text": "1 : 여기 지금 나무 엄청 베고 있잖아!",
            "norm_text": "여기 지금 나무 엄청 베고 있잖아!",
            "speaker": {
              "id": "1번",
              "sex": "여성",
              "age": "20대"
            },
            "speechAct": "(단언) 진술하기",
            "morpheme": "여기/NP+지금/MAG+나무/NNG+엄청/MAG+베/VV+고/EC+있/VX+잖아/EF"
          },
          {
            "id": 5,
            "text": "2 : 아 그래서 환경이 무너져서 사라지는 거야?",
            "norm_text": "아 그래서 환경이 무너져서 사라지는 거야?",
            "speaker": {
              "id": "2번",
              "sex": "여성",
              "age": "20대"
            },
            "speechAct": "(지시) 질문하기",
            "morpheme": "아/IC+그래서/MAJ+환경/NNG+이/JKS+무너져서/VV+EC+사라지/VV+는/ETM+거/NNB+야/VCP+EF"
          },
          {
            "id": 6,
            "text": "1 : 맞아",
            "norm_text": "맞아",
            "speaker": {
              "id": "1번",
              "sex": "여성",
              "age": "20대"
            },
            "speechAct": "(단언) 주장하기",
            "morpheme": "맞/VV+아/EC"
          },
          {
            "id": 7,
            "text": "1 : 지구의 허파 같은 곳이잖아 여기가!",
            "norm_text": "지구의 허파 같은 곳이잖아 여기가!",
            "speaker": {
              "id": "1번",
              "sex": "여성",
              "age": "20대"
            },
            "speechAct": "(단언) 진술하기",
            "morpheme": "지구/NNG+의/JKG+허파/NNG+같/VA+은/ETM+곳/NNG+이/VCP+잖아/EF+여기/NP+가/JKS"
          },
          {
            "id": 8,
            "text": "2 : 거기는 동물들도 많이 살고 그러지 않아?",
            "norm_text": "거기는 동물들도 많이 살고 그러지 않아?",
            "speaker": {
              "id": "2번",
              "sex": "여성",
              "age": "20대"
            },
            "speechAct": "(지시) 질문하기",
            "morpheme": "거기/NP+는/JX+동물/NNG+들/XSN+도/JX+많이/MAG+살/VV+고/EC+그러/VV+지/EC+않/VX+아/EF"
          },
          {
            "id": 9,
            "text": "1 : 그렇지,",
            "norm_text": "그렇지,",
            "speaker": {
              "id": "1번",
              "sex": "여성",
              "age": "20대"
            },
            "speechAct": "(단언) 주장하기",
            "morpheme": "그렇/VA+지/EF+,/SC"
          },
          {
            "id": 10,
            "text": "1 : 근데 파괴 속도가 이전보다 6배나 빨라졌대!",
            "norm_text": "근데 파괴 속도가 이전보다 6배나 빨라졌대!",
            "speaker": {
              "id": "1번",
              "sex": "여성",
              "age": "20대"
            },
            "speechAct": "(단언) 진술하기",
            "morpheme": "근데/MAJ+파괴/NNG+속도/NNG+가/JKS+이전/NNG+보다/JKB+6/SN+배/NNG+나/JX+빨라졌/VA+EC+VX+EP+대/EF"
          },
          {
            "id": 11,
            "text": "2 : 아마존이면 라이언킹 이런 거 같은 곳 맞지?",
            "norm_text": "아마존이면 라이언킹 이런 거 같은 곳 맞지?",
            "speaker": {
              "id": "2번",
              "sex": "여성",
              "age": "20대"
            },
            "speechAct": "(지시) 질문하기",
            "morpheme": "아마존/NNP+이/VCP+면/EC+라이언/NNP+킹/NNP+이런/MM+거/NNB+같/VA+은/ETM+곳/NNB+맞/VV+지/EF"
          },
          {
            "id": 12,
            "text": "1 : 맞아",
            "norm_text": "맞아",
            "speaker": {
              "id": "1번",
              "sex": "여성",
              "age": "20대"
            },
            "speechAct": "(단언) 주장하기",
            "morpheme": "맞/VV+아/EC"
          },
          {
            "id": 13,
            "text": "1 : 여기가 여의도 면적에 422배나 되는 곳이었대!",
            "norm_text": "여기가 여의도 면적에 422배나 되는 곳이었대!",
            "speaker": {
              "id": "1번",
              "sex": "여성",
              "age": "20대"
            },
            "speechAct": "(단언) 진술하기",
            "morpheme": "여기/NP+가/JKS+여의도/NNP+면적/NNG+에/JKB+422/SN+배/NNG+나/JX+되/VV+는/ETM+곳/NNG+이/VCP+었/EP+대/EF"
          },
          {
            "id": 14,
            "text": "2 : 그 정도 면적이면 얼마나 되는지 가늠이 안 간다 키키",
            "norm_text": "그 정도 면적이면 얼마나 되는지 가늠이 안 간다 키키",
            "speaker": {
              "id": "2번",
              "sex": "여성",
              "age": "20대"
            },
            "speechAct": "(단언) 주장하기",
            "morpheme": "그/MM+정도/NNG+면적/NNG+이/VCP+면/EC+얼마나/MAG+되/VV+는지/EC+가늠/NNG+이/JKS+안/MAG+간/VV+ETM+다키키/NNP"
          },
          {
            "id": 15,
            "text": "1 : 그니까,",
            "norm_text": "그니까,",
            "speaker": {
              "id": "1번",
              "sex": "여성",
              "age": "20대"
            },
            "speechAct": "(단언) 주장하기",
            "morpheme": "그니까/MAJ+,/SC"
          },
          {
            "id": 16,
            "text": "1 : 이런 곳을 파괴하다니, 진짜 생각이 있는 건가,?",
            "norm_text": "이런 곳을 파괴하다니, 진짜 생각이 있는 건가,?",
            "speaker": {
              "id": "1번",
              "sex": "여성",
              "age": "20대"
            },
            "speechAct": "(단언) 주장하기",
            "morpheme": "이런/MM+곳/NNG+을/JKO+파괴/NNG+하/XSV+다니/EC+,/SC+진짜/MAG+생각/NNG+이/JKS+있/VA+는/ETM+건가/NNB+VCP+EC+,/SY"
          },
          {
            "id": 17,
            "text": "2 : 그럼 다시 나무를 심으면 되지 않을까?",
            "norm_text": "그럼 다시 나무를 심으면 되지 않을까?",
            "speaker": {
              "id": "2번",
              "sex": "여성",
              "age": "20대"
            },
            "speechAct": "(지시) 질문하기",
            "morpheme": "그럼/MAJ+다시/MAG+나무/NNG+를/JKO+심/VV+으면/EC+되/VV+지/EC+않/VX+을까/EF"
          },
          {
            "id": 18,
            "text": "1 : 근데 이 나무도 최소 몇 십 년이나 자랐던 나무인데,",
            "norm_text": "근데 이 나무도 최소 몇 십 년이나 자랐던 나무인데,",
            "speaker": {
              "id": "1번",
              "sex": "여성",
              "age": "20대"
            },
            "speechAct": "(단언) 주장하기",
            "morpheme": "근데/MAJ+이/MM+나무/NNG+도/JX+최소/NNG+몇/MM+십/NR+년/NNBC+이나/JX+자랐/VV+EP+던/ETM+나무/NNG+인데/VCP+EC+,/SC"
          },
          {
            "id": 19,
            "text": "2 : 그럼 나무를 베는 걸 멈추면 안 되는 건가...",
            "norm_text": "그럼 나무를 베는 걸 멈추면 안 되는 건가...",
            "speaker": {
              "id": "2번",
              "sex": "여성",
              "age": "20대"
            },
            "speechAct": "(단언) 주장하기",
            "morpheme": "그럼/MAJ+나무/NNG+를/JKO+베/VV+는/ETM+걸/NNB+JKO+멈추/VV+면/EC+안/MAG+되/VV+는/ETM+건가/NNB+VCP+EF+./SY"
          },
          {
            "id": 20,
            "text": "1 : 이게 브라질이잖아",
            "norm_text": "이게 브라질이잖아",
            "speaker": {
              "id": "1번",
              "sex": "여성",
              "age": "20대"
            },
            "speechAct": "(단언) 진술하기",
            "morpheme": "이게/NP+JKS+브라질/NNP+이/VCP+잖아/EC"
          },
          {
            "id": 21,
            "text": "1 : 거기서 막무가내로 베는 거라,",
            "norm_text": "거기서 막무가내로 베는 거라,",
            "speaker": {
              "id": "1번",
              "sex": "여성",
              "age": "20대"
            },
            "speechAct": "(단언) 주장하기",
            "morpheme": "거기/NP+서/JKB+막무가내/NNG+로/JKB+베/VV+는/ETM+거/NNB+라/VCP+EC+,/SC"
          },
          {
            "id": 22,
            "text": "2 : 아 제발",
            "norm_text": "아 제발",
            "speaker": {
              "id": "2번",
              "sex": "여성",
              "age": "20대"
            },
            "speechAct": "(단언) 주장하기",
            "morpheme": "아/IC+제발/NNG"
          },
          {
            "id": 23,
            "text": "2 : 자연 좀 잘 지켜 줬으면 좋겠다 ㅠㅠ",
            "norm_text": "자연 좀 잘 지켜 줬으면 좋겠다 ㅠㅠ",
            "speaker": {
              "id": "2번",
              "sex": "여성",
              "age": "20대"
            },
            "speechAct": "(단언) 주장하기",
            "morpheme": "자연/NNG+좀/MAG+잘/MAG+지켜줬으면/VV+EC+VX+EP+EC+좋/VA+겠/EP+다/EF+ㅠㅠ/UNKNOWN"
          }
        ]
      }
    }
  ]
}