{
  "dataset": {
    "identifier": 126937,
    "name": "FACEBOOK_122_03_set",
    "src_path": "/data/file/cubeManager/PROJECT001/84/txt20211104181832000894/FACEBOOK_122_03_set/",
    "label_path": "/data/file/cubeManager/PROJECT001/84/txt20211104181832000894/FACEBOOK_122_03_set/",
    "category": 2,
    "type": 0
  },
  "licenses": {
    "name": "Apache License 1.0",
    "url": "http://www.apache.org/licenses/LICENSE-1.0"
  },
  "info": [
    {
      "id": 137571,
      "filename": "FACEBOOK_122_03.txt",
      "title": "FACEBOOK_122_03",
      "mediatype": "SNS",
      "medianame": "페이스북",
      "category": "일상대화",
      "date": "2021-11-04",
      "size": 369,
      "annotations": {
        "subject": "교통",
        "speaker_type": "1:1",
        "size": 369,
        "word_size": 131,
        "text": "1 : 오빠 서울에서 지하철 타 봄?\n2 : 웅 타봤지 답답해서 못 타겠어\n1 : 와 아침에 2호선 장난 아니야\n2 : 진짜 서울에서 살라면 답답해\n1 : 진짜 사람들 밀치고 난리도 아니야\n2 : 나는 서울에서 살라 하면 못 살 듯\n1 : 나 맨날 지하철 타고 출근하거든 ㅠㅠ\n2 : 진짜 아침마다 지하철 어떻게 타\n1 : 그리고 버스도 잘 안 움직여 키키\n2 : 진짜 힘들겠다 너무 많아 사람들이\n1 : 그래서 진짜 꼭두새벽에 나와야 해\n2 : 진짜 그럴 거 같아\n2 : 택시 타면 택시비 장난 아닐 듯\n1 : 맞아 키키 택시 탈 생각도 안 해\n2 : 진짜 새벽부터 나가도 사람 많을 거 같아 키키\n1 : 응 키키 첫 차에도 은근 사람이 많아\n2 : 그냥 아침 일찍 지하철 타고 다녀 !",
        "lines": [
          {
            "id": 1,
            "text": "1 : 오빠 서울에서 지하철 타 봄?",
            "norm_text": "오빠 서울에서 지하철 타 봄?",
            "speaker": {
              "id": "1번",
              "sex": "여성",
              "age": "20대"
            },
            "speechAct": "(지시) 질문하기",
            "morpheme": "오빠/NNG+서울/NNP+에서/JKB+지하철/NNG+타/XSV+EC+봄/VX+ETN"
          },
          {
            "id": 2,
            "text": "2 : 웅 타봤지 답답해서 못 타겠어",
            "norm_text": "웅 타봤지 답답해서 못 타겠어",
            "speaker": {
              "id": "2번",
              "sex": "남성",
              "age": "20대"
            },
            "speechAct": "(단언) 주장하기",
            "morpheme": "웅/NNG+타/XSV+EC+봤/VX+EP+지/EC+답답/XR+해서/XSA+EC+못/MAG+타/VV+겠/EP+어/EC"
          },
          {
            "id": 3,
            "text": "1 : 와 아침에 2호선 장난 아니야",
            "norm_text": "와 아침에 2호선 장난 아니야",
            "speaker": {
              "id": "1번",
              "sex": "여성",
              "age": "20대"
            },
            "speechAct": "(단언) 주장하기",
            "morpheme": "와/IC+아침/NNG+에/JKB+2/SN+호/NNBC+선장/NNG+난/NP+JX+아니/VCN+야/EC"
          },
          {
            "id": 4,
            "text": "2 : 진짜 서울에서 살라면 답답해",
            "norm_text": "진짜 서울에서 살라면 답답해",
            "speaker": {
              "id": "2번",
              "sex": "남성",
              "age": "20대"
            },
            "speechAct": "(단언) 주장하기",
            "morpheme": "진짜/MAG+서울/NNP+에서/JKB+살/VV+라면/EC+답답/XR+해/XSA+EC"
          },
          {
            "id": 5,
            "text": "1 : 진짜 사람들 밀치고 난리도 아니야",
            "norm_text": "진짜 사람들 밀치고 난리도 아니야",
            "speaker": {
              "id": "1번",
              "sex": "여성",
              "age": "20대"
            },
            "speechAct": "(단언) 주장하기",
            "morpheme": "진짜/MAG+사람/NNG+들/XSN+밀치/VV+고/EC+난리/NNG+도/JX+아니/VCN+야/EC"
          },
          {
            "id": 6,
            "text": "2 : 나는 서울에서 살라 하면 못 살 듯",
            "norm_text": "나는 서울에서 살라 하면 못 살 듯",
            "speaker": {
              "id": "2번",
              "sex": "남성",
              "age": "20대"
            },
            "speechAct": "(단언) 주장하기",
            "morpheme": "나/NP+는/JX+서울/NNP+에서/JKB+살라/VV+EC+하/VV+면/EC+못살/VV+ETM+듯/NNB"
          },
          {
            "id": 7,
            "text": "1 : 나 맨날 지하철 타고 출근하거든 ㅠㅠ",
            "norm_text": "나 맨날 지하철 타고 출근하거든 ㅠㅠ",
            "speaker": {
              "id": "1번",
              "sex": "여성",
              "age": "20대"
            },
            "speechAct": "(단언) 주장하기",
            "morpheme": "나/NP+맨날/MAG+지하철/NNG+타/VV+고/EC+출근/NNG+하/XSA+거든/EF+ㅠㅠ/UNKNOWN"
          },
          {
            "id": 8,
            "text": "2 : 진짜 아침마다 지하철 어떻게 타",
            "norm_text": "진짜 아침마다 지하철 어떻게 타",
            "speaker": {
              "id": "2번",
              "sex": "남성",
              "age": "20대"
            },
            "speechAct": "(단언) 주장하기",
            "morpheme": "진짜/MAG+아침/NNG+마다/JX+지하철/NNG+어떻게/MAG+타/VV+EC"
          },
          {
            "id": 9,
            "text": "1 : 그리고 버스도 잘 안 움직여 키키",
            "norm_text": "그리고 버스도 잘 안 움직여 키키",
            "speaker": {
              "id": "1번",
              "sex": "여성",
              "age": "20대"
            },
            "speechAct": "(단언) 주장하기",
            "morpheme": "그리고/MAJ+버스/NNG+도/JX+잘/MAG+안/MAG+움직여/VV+EC+키/NNG+키/XSV+ETN"
          },
          {
            "id": 10,
            "text": "2 : 진짜 힘들겠다 너무 많아 사람들이",
            "norm_text": "진짜 힘들겠다 너무 많아 사람들이",
            "speaker": {
              "id": "2번",
              "sex": "남성",
              "age": "20대"
            },
            "speechAct": "(단언) 주장하기",
            "morpheme": "진짜/MAG+힘들/VA+겠/EP+다/EF+너무/MAG+많/VA+아/EC+사람/NNG+들/XSN+이/JKS"
          },
          {
            "id": 11,
            "text": "1 : 그래서 진짜 꼭두새벽에 나와야 해",
            "norm_text": "그래서 진짜 꼭두새벽에 나와야 해",
            "speaker": {
              "id": "1번",
              "sex": "여성",
              "age": "20대"
            },
            "speechAct": "(단언) 주장하기",
            "morpheme": "그래서/MAJ+진짜/MAG+꼭두새벽/NNG+에/JKB+나와야/VV+EC+해/VV+EC"
          },
          {
            "id": 12,
            "text": "2 : 진짜 그럴 거 같아",
            "norm_text": "진짜 그럴 거 같아",
            "speaker": {
              "id": "2번",
              "sex": "남성",
              "age": "20대"
            },
            "speechAct": "(단언) 주장하기",
            "morpheme": "진짜/MAG+그럴/VA+ETM+거/NNB+같/VA+아/EC"
          },
          {
            "id": 13,
            "text": "2 : 택시 타면 택시비 장난 아닐 듯",
            "norm_text": "택시 타면 택시비 장난 아닐 듯",
            "speaker": {
              "id": "2번",
              "sex": "남성",
              "age": "20대"
            },
            "speechAct": "(단언) 주장하기",
            "morpheme": "택시/NNG+타/VV+면/EC+택시/NNG+비/XPN+장난/NNG+아닐/VCN+ETM+듯/NNB"
          },
          {
            "id": 14,
            "text": "1 : 맞아 키키 택시 탈 생각도 안 해",
            "norm_text": "맞아 키키 택시 탈 생각도 안 해",
            "speaker": {
              "id": "1번",
              "sex": "여성",
              "age": "20대"
            },
            "speechAct": "(단언) 주장하기",
            "morpheme": "맞/VV+아/EC+키/NNG+키/NNG+택시/NNG+탈/XPN+생각/NNG+도/JX+안/MAG+해/VV+EC"
          },
          {
            "id": 15,
            "text": "2 : 진짜 새벽부터 나가도 사람 많을 거 같아 키키",
            "norm_text": "진짜 새벽부터 나가도 사람 많을 거 같아 키키",
            "speaker": {
              "id": "2번",
              "sex": "남성",
              "age": "20대"
            },
            "speechAct": "(단언) 주장하기",
            "morpheme": "진짜/MAG+새벽/NNG+부터/JX+나가/VV+EC+도/JX+사람/NNG+많/VA+을/ETM+거/NNB+같/VA+아/EC+키/NNG+키/XSV+ETN"
          },
          {
            "id": 16,
            "text": "1 : 응 키키 첫 차에도 은근 사람이 많아",
            "norm_text": "응 키키 첫 차에도 은근 사람이 많아",
            "speaker": {
              "id": "1번",
              "sex": "여성",
              "age": "20대"
            },
            "speechAct": "(단언) 주장하기",
            "morpheme": "응/IC+키/NNG+키/NNG+첫차/NNG+에/JKB+도/JX+은근/NNG+사람/NNG+이/JKS+많/VA+아/EC"
          },
          {
            "id": 17,
            "text": "2 : 그냥 아침 일찍 지하철 타고 다녀 !",
            "norm_text": "그냥 아침 일찍 지하철 타고 다녀 !",
            "speaker": {
              "id": "2번",
              "sex": "남성",
              "age": "20대"
            },
            "speechAct": "(단언) 주장하기",
            "morpheme": "그냥/MAG+아침/NNG+일찍/MAG+지하철/NNG+타/VV+고/EC+다녀/VV+EF"
          }
        ]
      }
    }
  ]
}