{
  "dataset": {
    "identifier": 126936,
    "name": "FACEBOOK_122_02_set",
    "src_path": "/data/file/cubeManager/PROJECT001/84/txt20211104181831099877/FACEBOOK_122_02_set/",
    "label_path": "/data/file/cubeManager/PROJECT001/84/txt20211104181831099877/FACEBOOK_122_02_set/",
    "category": 2,
    "type": 0
  },
  "licenses": {
    "name": "Apache License 1.0",
    "url": "http://www.apache.org/licenses/LICENSE-1.0"
  },
  "info": [
    {
      "id": 137570,
      "filename": "FACEBOOK_122_02.txt",
      "title": "FACEBOOK_122_02",
      "mediatype": "SNS",
      "medianame": "페이스북",
      "category": "일상대화",
      "date": "2021-11-04",
      "size": 337,
      "annotations": {
        "subject": "주거와 생활",
        "speaker_type": "1:1",
        "size": 337,
        "word_size": 120,
        "text": "1 : 오빠 지금 자취하고 살아?\n2 : 웅 나 자취하고 있지 키키\n1 : 오 한 달에 방세 얼마 나가?\n2 : 나 30만 원 정도 나와\n1 : 어디서 자취 하는 건데? 키키\n2 : 나 회사 근처에서 자취해\n1 : 와 생각보다 저렴하네 키키 몇 평?\n2 : 나 여자친구랑 같이 살고 있어 18평\n1 : 아 정말? 18평이 그게 가능 하구나,\n2 : 웅 친구네 건물이라서 싸게 살고 있어\n1 : 아하 키키 보증금 얼마나 줬어?\n2 : 나 3천만 원 주고 살지 하하\n1 : 아 어쩐지 키키 월세가 싸다 했네\n2 : 웅 진짜 내 친구네라서 좋긴 해\n1 : 그러게 그런 건 편해서 좋겠다 키키\n2 : 나 지금 여자친구랑 같이 살고 있거든",
        "lines": [
          {
            "id": 1,
            "text": "1 : 오빠 지금 자취하고 살아?",
            "norm_text": "오빠 지금 자취하고 살아?",
            "speaker": {
              "id": "1번",
              "sex": "여성",
              "age": "20대"
            },
            "speechAct": "(지시) 질문하기",
            "morpheme": "오빠/NNG+지금/MAG+자취/NNG+하/XSV+고/EC+살/VV+아/EF"
          },
          {
            "id": 2,
            "text": "2 : 웅 나 자취하고 있지 키키",
            "norm_text": "웅 나 자취하고 있지 키키",
            "speaker": {
              "id": "2번",
              "sex": "남성",
              "age": "20대"
            },
            "speechAct": "(단언) 주장하기",
            "morpheme": "웅/IC+나/NP+자취/NNG+하/XSV+고/EC+있/VX+지/EC+키/NNG+키/XSV+ETN"
          },
          {
            "id": 3,
            "text": "1 : 오 한 달에 방세 얼마 나가?",
            "norm_text": "오 한 달에 방세 얼마 나가?",
            "speaker": {
              "id": "1번",
              "sex": "여성",
              "age": "20대"
            },
            "speechAct": "(지시) 질문하기",
            "morpheme": "오/NR+한/MM+달/NNG+에/JKB+방세/NNG+얼마/NNG+나가/VV+EF"
          },
          {
            "id": 4,
            "text": "2 : 나 30만 원 정도 나와",
            "norm_text": "나 30만 원 정도 나와",
            "speaker": {
              "id": "2번",
              "sex": "남성",
              "age": "20대"
            },
            "speechAct": "(단언) 진술하기",
            "morpheme": "나/NP+30/SN+만/NR+원/NNBC+정도/NNG+나와/VV+EC"
          },
          {
            "id": 5,
            "text": "1 : 어디서 자취 하는 건데? 키키",
            "norm_text": "어디서 자취 하는 건데? 키키",
            "speaker": {
              "id": "1번",
              "sex": "여성",
              "age": "20대"
            },
            "speechAct": "(지시) 질문하기",
            "morpheme": "어디/NP+서/JKB+자취/NNG+하/XSV+는/ETM+건데/NNB+VCP+EF+키/NNG+키/XSV+ETN"
          },
          {
            "id": 6,
            "text": "2 : 나 회사 근처에서 자취해",
            "norm_text": "나 회사 근처에서 자취해",
            "speaker": {
              "id": "2번",
              "sex": "남성",
              "age": "20대"
            },
            "speechAct": "(단언) 진술하기",
            "morpheme": "나/NP+회사/NNG+근처/NNG+에서/JKB+자취/NNG+해/XSV+EC"
          },
          {
            "id": 7,
            "text": "1 : 와 생각보다 저렴하네 키키 몇 평?",
            "norm_text": "와 생각보다 저렴하네 키키 몇 평?",
            "speaker": {
              "id": "1번",
              "sex": "여성",
              "age": "20대"
            },
            "speechAct": "(지시) 질문하기",
            "morpheme": "와/IC+생각/NNG+보다/JKB+저렴/XR+하/XSA+네/EF+키/NNG+키/XSV+ETN+몇/MM+평/NNBC"
          },
          {
            "id": 8,
            "text": "2 : 나 여자친구랑 같이 살고 있어 18평",
            "norm_text": "나 여자친구랑 같이 살고 있어 18평",
            "speaker": {
              "id": "2번",
              "sex": "남성",
              "age": "20대"
            },
            "speechAct": "(단언) 진술하기",
            "morpheme": "나/NP+여자/NNG+친구/NNG+랑/JKB+같이/MAG+살/VV+고/EC+있/VX+어/EC+18/SN+평/NNBC"
          },
          {
            "id": 9,
            "text": "1 : 아 정말? 18평이 그게 가능 하구나,",
            "norm_text": "아 정말? 18평이 그게 가능 하구나,",
            "speaker": {
              "id": "1번",
              "sex": "여성",
              "age": "20대"
            },
            "speechAct": "(단언) 주장하기",
            "morpheme": "아/IC+정말/MAG+?/SY+18/SN+평/NNBC+이/JKS+그게/NP+JKS+가능/NNG+하/XSA+구나/EF+,/SC"
          },
          {
            "id": 10,
            "text": "2 : 웅 친구네 건물이라서 싸게 살고 있어",
            "norm_text": "웅 친구네 건물이라서 싸게 살고 있어",
            "speaker": {
              "id": "2번",
              "sex": "남성",
              "age": "20대"
            },
            "speechAct": "(단언) 주장하기",
            "morpheme": "웅/IC+친구/NNG+네/XSN+건물/NNG+이/VCP+라서/EC+싸/VX+게/EC+살/VV+고/EC+있/VX+어/EC"
          },
          {
            "id": 11,
            "text": "1 : 아하 키키 보증금 얼마나 줬어?",
            "norm_text": "아하 키키 보증금 얼마나 줬어?",
            "speaker": {
              "id": "1번",
              "sex": "여성",
              "age": "20대"
            },
            "speechAct": "(지시) 질문하기",
            "morpheme": "아/IC+하키/NNG+키/NNG+보증금/NNG+얼마나/MAG+줬/VV+EP+어/EF"
          },
          {
            "id": 12,
            "text": "2 : 나 3천만 원 주고 살지 하하",
            "norm_text": "나 3천만 원 주고 살지 하하",
            "speaker": {
              "id": "2번",
              "sex": "남성",
              "age": "20대"
            },
            "speechAct": "(단언) 진술하기",
            "morpheme": "나/NP+3/SN+천만/NR+원/NNBC+주/VV+고/EC+살/VV+ETM+지하/NNG+하/XSV"
          },
          {
            "id": 13,
            "text": "1 : 아 어쩐지 키키 월세가 싸다 했네",
            "norm_text": "아 어쩐지 키키 월세가 싸다 했네",
            "speaker": {
              "id": "1번",
              "sex": "여성",
              "age": "20대"
            },
            "speechAct": "(단언) 주장하기",
            "morpheme": "아/IC+어쩐지/MAG+키/NNG+키/NNG+월세/NNG+가/JKS+싸/VA+다/EC+했/VX+EP+네/EF"
          },
          {
            "id": 14,
            "text": "2 : 웅 진짜 내 친구네라서 좋긴 해",
            "norm_text": "웅 진짜 내 친구네라서 좋긴 해",
            "speaker": {
              "id": "2번",
              "sex": "남성",
              "age": "20대"
            },
            "speechAct": "(단언) 주장하기",
            "morpheme": "웅/IC+진짜/MAG+내/NP+JKG+친구/NNG+네/XSN+라서/JX+좋/VA+긴/ETN+JX+해/VX+EC"
          },
          {
            "id": 15,
            "text": "1 : 그러게 그런 건 편해서 좋겠다 키키",
            "norm_text": "그러게 그런 건 편해서 좋겠다 키키",
            "speaker": {
              "id": "1번",
              "sex": "여성",
              "age": "20대"
            },
            "speechAct": "(단언) 주장하기",
            "morpheme": "그러게/MAJ+그런/MM+건/NNB+JX+편해서/VA+EC+좋/VA+겠/EP+다키키/NNP"
          },
          {
            "id": 16,
            "text": "2 : 나 지금 여자친구랑 같이 살고 있거든",
            "norm_text": "나 지금 여자친구랑 같이 살고 있거든",
            "speaker": {
              "id": "2번",
              "sex": "남성",
              "age": "20대"
            },
            "speechAct": "(단언) 주장하기",
            "morpheme": "나/NP+지금/MAG+여자/NNG+친구/NNG+랑/JKB+같이/MAG+살/VV+고/EC+있/VX+거든/EC"
          }
        ]
      }
    }
  ]
}