{
  "dataset": {
    "identifier": 116604,
    "name": "FACEBOOK_118_17_set",
    "src_path": "/data/file/cubeManager/PROJECT001/80/txt20211102103331056754/FACEBOOK_118_17_set/",
    "label_path": "/data/file/cubeManager/PROJECT001/80/txt20211102103331056754/FACEBOOK_118_17_set/",
    "category": 2,
    "type": 0
  },
  "licenses": {
    "name": "Apache License 1.0",
    "url": "http://www.apache.org/licenses/LICENSE-1.0"
  },
  "info": [
    {
      "id": 129680,
      "filename": "FACEBOOK_118_17.txt",
      "title": "FACEBOOK_118_17",
      "mediatype": "SNS",
      "medianame": "페이스북",
      "category": "일상대화",
      "date": "2021-11-02",
      "size": 391,
      "annotations": {
        "subject": "건강",
        "speaker_type": "1:1",
        "size": 391,
        "word_size": 130,
        "text": "1 : 언니 최근에 아팠던 적 있어?\n2 : 나 백신 맞고 진짜 아팠어\n1 : 아 키키 내 친구도 골골대던데 진짜 아프구나?\n2 : 1차보다 2차가 더 심각해 ㅠ\n1 : 맞아 내 친구도 2차 맞고 연락 두절이었어\n1 : 언니도 열났어?\n2 : 응 열나서 계속 타이레놀 먹었지\n1 : 언니 백신 어떤 거 맞았는데?\n2 : 나는 화이자 백신 맞았어\n1 : 아 화이자는 타이레놀 먹어야 한다 그랬어!\n2 : 맞아 ㅠㅠ 화이자보다 모더나가 더 심하대\n1 : 맞아 ㅜㅜ 근데 지금 모더나 젊은 사람들한테 안 맞히는 거 알아?\n2 : 부작용 때문에 유럽에서도 안 맞잖아\n1 : 맞아 ㅜㅜ 내 친구는 모더나 맞고 응급실 갔어!\n2 : 헐 내 동생도 모더나 맞았는데 ㅠㅠ\n1 : 헐 ㅜㅜ 지금 동생은 괜찮아?\n2 : 동생 지금은 완전 괜찮지!",
        "lines": [
          {
            "id": 1,
            "text": "1 : 언니 최근에 아팠던 적 있어?",
            "norm_text": "언니 최근에 아팠던 적 있어?",
            "speaker": {
              "id": "1번",
              "sex": "여성",
              "age": "20대"
            },
            "speechAct": "(지시) 질문하기",
            "morpheme": "언니/NNG+최근/NNG+에/JKB+아팠/VA+EP+던/ETM+적/NNB+있/VA+어/EF"
          },
          {
            "id": 2,
            "text": "2 : 나 백신 맞고 진짜 아팠어",
            "norm_text": "나 백신 맞고 진짜 아팠어",
            "speaker": {
              "id": "2번",
              "sex": "여성",
              "age": "20대"
            },
            "speechAct": "(단언) 진술하기",
            "morpheme": "나/NP+백신/NNG+맞/VV+고/EC+진짜/MAG+아팠/VA+EP+어/EC"
          },
          {
            "id": 3,
            "text": "1 : 아 키키 내 친구도 골골대던데 진짜 아프구나?",
            "norm_text": "아 키키 내 친구도 골골대던데 진짜 아프구나?",
            "speaker": {
              "id": "1번",
              "sex": "여성",
              "age": "20대"
            },
            "speechAct": "(지시) 질문하기",
            "morpheme": "아키/NNP+키/NNG+내/NNB+친구/NNG+도/JX+골골대/VV+던데/EC+진짜/MAG+아프/VA+구나/EF"
          },
          {
            "id": 4,
            "text": "2 : 1차보다 2차가 더 심각해 ㅠ",
            "norm_text": "1차보다 2차가 더 심각해 ㅠ",
            "speaker": {
              "id": "2번",
              "sex": "여성",
              "age": "20대"
            },
            "speechAct": "(단언) 주장하기",
            "morpheme": "1/SN+차/NNBC+보다/JKB+2/SN+차가더심각해ㅠ/UNKNOWN"
          },
          {
            "id": 5,
            "text": "1 : 맞아 내 친구도 2차 맞고 연락 두절이었어",
            "norm_text": "맞아 내 친구도 2차 맞고 연락 두절이었어",
            "speaker": {
              "id": "1번",
              "sex": "여성",
              "age": "20대"
            },
            "speechAct": "(단언) 진술하기",
            "morpheme": "맞/VV+아/EC+내/NP+JKG+친구/NNG+도/JX+2/SN+차/NNBC+맞/VV+고/EC+연락/NNG+두절/NNG+이/VCP+었/EP+어/EC"
          },
          {
            "id": 6,
            "text": "1 : 언니도 열났어?",
            "norm_text": "언니도 열났어?",
            "speaker": {
              "id": "1번",
              "sex": "여성",
              "age": "20대"
            },
            "speechAct": "(지시) 질문하기",
            "morpheme": "언니/NNG+도열/NNG+났/VV+EP+어/EF"
          },
          {
            "id": 7,
            "text": "2 : 응 열나서 계속 타이레놀 먹었지",
            "norm_text": "응 열나서 계속 타이레놀 먹었지",
            "speaker": {
              "id": "2번",
              "sex": "여성",
              "age": "20대"
            },
            "speechAct": "(단언) 진술하기",
            "morpheme": "응/IC+열나/VV+서/EC+계속/MAG+타/MM+이레/NNG+놀/VV+ETM+먹/VV+었/EP+지/EC"
          },
          {
            "id": 8,
            "text": "1 : 언니 백신 어떤 거 맞았는데?",
            "norm_text": "언니 백신 어떤 거 맞았는데?",
            "speaker": {
              "id": "1번",
              "sex": "여성",
              "age": "20대"
            },
            "speechAct": "(지시) 질문하기",
            "morpheme": "언니/NNG+백신/NNG+어떤/MM+거/NNB+맞/VV+았/EP+는데/EF"
          },
          {
            "id": 9,
            "text": "2 : 나는 화이자 백신 맞았어",
            "norm_text": "나는 화이자 백신 맞았어",
            "speaker": {
              "id": "2번",
              "sex": "여성",
              "age": "20대"
            },
            "speechAct": "(단언) 진술하기",
            "morpheme": "나/NP+는/JX+화이자/NNP+백신/NNG+맞/VV+았/EP+어/EC"
          },
          {
            "id": 10,
            "text": "1 : 아 화이자는 타이레놀 먹어야 한다 그랬어!",
            "norm_text": "아 화이자는 타이레놀 먹어야 한다 그랬어!",
            "speaker": {
              "id": "1번",
              "sex": "여성",
              "age": "20대"
            },
            "speechAct": "(단언) 진술하기",
            "morpheme": "아/IC+화이자/NNP+는/JX+타/VV+EC+이레/VV+EC+놀/VX+ETM+먹/VV+어야/EC+한다/VX+EC+그랬/VV+EP+어/EF"
          },
          {
            "id": 11,
            "text": "2 : 맞아 ㅠㅠ 화이자보다 모더나가 더 심하대",
            "norm_text": "맞아 ㅠㅠ 화이자보다 모더나가 더 심하대",
            "speaker": {
              "id": "2번",
              "sex": "여성",
              "age": "20대"
            },
            "speechAct": "(단언) 진술하기",
            "morpheme": "맞/VV+아/EC+ㅠㅠ/UNKNOWN+화이자/NNP+보다/JKB+모/NNG+더/MAG+나/NP+가/JKS+더/MAG+심하/VA+대/EC"
          },
          {
            "id": 12,
            "text": "1 : 맞아 ㅜㅜ 근데 지금 모더나 젊은 사람들한테 안 맞히는 거 알아?",
            "norm_text": "맞아 ㅜㅜ 근데 지금 모더나 젊은 사람들한테 안 맞히는 거 알아?",
            "speaker": {
              "id": "1번",
              "sex": "여성",
              "age": "20대"
            },
            "speechAct": "(지시) 질문하기",
            "morpheme": "맞/VV+아/EC+ㅜㅜ/UNKNOWN+근데/MAJ+지금/MAG+모/IC+더/MAG+나/JX+젊/VA+은/ETM+사람/NNG+들/XSN+한테/JKB+안/MAG+맞히/VV+는/ETM+거/NNB+알/VV+아/EF"
          },
          {
            "id": 13,
            "text": "2 : 부작용 때문에 유럽에서도 안 맞잖아",
            "norm_text": "부작용 때문에 유럽에서도 안 맞잖아",
            "speaker": {
              "id": "2번",
              "sex": "여성",
              "age": "20대"
            },
            "speechAct": "(단언) 진술하기",
            "morpheme": "부작용/NNG+때문/NNB+에/JKB+유럽/NNP+에서/JKB+도/JX+안/MAG+맞/VV+잖아/EC"
          },
          {
            "id": 14,
            "text": "1 : 맞아 ㅜㅜ 내 친구는 모더나 맞고 응급실 갔어!",
            "norm_text": "맞아 ㅜㅜ 내 친구는 모더나 맞고 응급실 갔어!",
            "speaker": {
              "id": "1번",
              "sex": "여성",
              "age": "20대"
            },
            "speechAct": "(단언) 진술하기",
            "morpheme": "맞/VV+아/EC+ㅜㅜ/UNKNOWN+내/NP+JKG+친구/NNG+는/JX+모/NNG+더/MAG+나/JX+맞/VV+고/EC+응급실/NNG+갔/VV+EP+어/EF"
          },
          {
            "id": 15,
            "text": "2 : 헐 내 동생도 모더나 맞았는데 ㅠㅠ",
            "norm_text": "헐 내 동생도 모더나 맞았는데 ㅠㅠ",
            "speaker": {
              "id": "2번",
              "sex": "여성",
              "age": "20대"
            },
            "speechAct": "(단언) 진술하기",
            "morpheme": "헐/IC+내/NP+JKG+동생/NNG+도/JX+모/NNG+더/MAG+나/JX+맞/VV+았/EP+는데/EC+ㅠㅠ/UNKNOWN"
          },
          {
            "id": 16,
            "text": "1 : 헐 ㅜㅜ 지금 동생은 괜찮아?",
            "norm_text": "헐 ㅜㅜ 지금 동생은 괜찮아?",
            "speaker": {
              "id": "1번",
              "sex": "여성",
              "age": "20대"
            },
            "speechAct": "(지시) 질문하기",
            "morpheme": "헐/VV+JKO+ㅜㅜ/UNKNOWN+지금/MAG+동생/NNG+은/JX+괜찮/VA+아/EF"
          },
          {
            "id": 17,
            "text": "2 : 동생 지금은 완전 괜찮지!",
            "norm_text": "동생 지금은 완전 괜찮지!",
            "speaker": {
              "id": "2번",
              "sex": "여성",
              "age": "20대"
            },
            "speechAct": "(단언) 주장하기",
            "morpheme": "동생/NNG+지금/MAG+은/JX+완전/MAG+괜찮/VA+지/EF"
          }
        ]
      }
    }
  ]
}