{
  "dataset": {
    "identifier": 101673,
    "name": "FACEBOOK_108_20_set",
    "src_path": "/data/file/cubeManager/PROJECT001/77/txt20211029160805053415/FACEBOOK_108_20_set/",
    "label_path": "/data/file/cubeManager/PROJECT001/77/txt20211029160805053415/FACEBOOK_108_20_set/",
    "category": 2,
    "type": 0
  },
  "licenses": {
    "name": "Apache License 1.0",
    "url": "http://www.apache.org/licenses/LICENSE-1.0"
  },
  "info": [
    {
      "id": 111308,
      "filename": "FACEBOOK_108_20.txt",
      "title": "FACEBOOK_108_20",
      "mediatype": "SNS",
      "medianame": "페이스북",
      "category": "일상대화",
      "date": "2021-10-29",
      "size": 482,
      "annotations": {
        "subject": "영화/만화",
        "speaker_type": "1:1",
        "size": 482,
        "word_size": 165,
        "text": "1 : 너 혹시 카드캡터 체리 봤어?\n2 : 어 그럼 당연하지!\n2 : 나 최근에 유튜브 알고리즘 떠서 봤었어 ㅎ\n1 : 아 진짜?\n1 : 너 그거 결말이 어떻게 됐는지 알아?\n2 : 아니\n2 : 결말까지는 모르겠는데!?\n1 : 그게 1기는 샤오랑이 홍콩으로 떠나는 거였거든?\n2 : 어어 그런데 그 다음에는?\n1 : 근데 너 중학생이 된 체리 알아?\n1 : 2기 나온 거!\n2 : 아니?\n2 : 걔네가 성장하는 것도 나와!?\n1 : 어 중학생 돼서 둘이 사귐 키키 그러고 다시 카드 모아\n2 : 헐 뭐야!\n2 : 카드를 또 모아?\n1 : 어 이번에는 다른 애가 만든 마법카드야!\n2 : 아 다른 카드?\n2 : 그건 또 못 참지\n1 : 키키 그니까 나 그거 보려고 하는데 지금 넷플에 나올 거 같아서 존버 중이야!\n2 : 헐 나도 존버 타야겠다 제발 나오게 해주세요!\n1 : 근데 카드캡쳐 체리는 넷플에 안 나올 거 같아 ㅜㅜ\n1 : 그냥 다른 곳에서 봐야지 ㅜㅜ\n2 : ㅠㅠ헐 그럼 어디서 봐야 되려나",
        "lines": [
          {
            "id": 1,
            "text": "1 : 너 혹시 카드캡터 체리 봤어?",
            "norm_text": "너 혹시 카드캡터 체리 봤어?",
            "speaker": {
              "id": "1번",
              "sex": "여성",
              "age": "20대"
            },
            "speechAct": "(지시) 질문하기",
            "morpheme": "너/NP+혹시/MAG+카드/NNG+캡터/NNG+체리/NNG+봤/VV+EP+어/EF"
          },
          {
            "id": 2,
            "text": "2 : 어 그럼 당연하지!",
            "norm_text": "어 그럼 당연하지!",
            "speaker": {
              "id": "2번",
              "sex": "여성",
              "age": "20대"
            },
            "speechAct": "(단언) 주장하기",
            "morpheme": "어/IC+그럼/MAJ+당연/XR+하/XSA+지/EF"
          },
          {
            "id": 3,
            "text": "2 : 나 최근에 유튜브 알고리즘 떠서 봤었어 ㅎ",
            "norm_text": "나 최근에 유튜브 알고리즘 떠서 봤었어 ㅎ",
            "speaker": {
              "id": "2번",
              "sex": "여성",
              "age": "20대"
            },
            "speechAct": "(단언) 주장하기",
            "morpheme": "나/NP+최근/NNG+에/JKB+유튜브/NNP+알고리즘/NNG+떠서/VV+EC+봤었/VX+EP+어/EF+ㅎ/XSA"
          },
          {
            "id": 4,
            "text": "1 : 아 진짜?",
            "norm_text": "아 진짜?",
            "speaker": {
              "id": "1번",
              "sex": "여성",
              "age": "20대"
            },
            "speechAct": "(지시) 질문하기",
            "morpheme": "아/IC+진짜/MAG"
          },
          {
            "id": 5,
            "text": "1 : 너 그거 결말이 어떻게 됐는지 알아?",
            "norm_text": "너 그거 결말이 어떻게 됐는지 알아?",
            "speaker": {
              "id": "1번",
              "sex": "여성",
              "age": "20대"
            },
            "speechAct": "(지시) 질문하기",
            "morpheme": "너/NP+그거/NP+결말/NNG+이/JKS+어떻게/MAG+됐/VV+EP+는지/EC+알/VV+아/EF"
          },
          {
            "id": 6,
            "text": "2 : 아니",
            "norm_text": "아니",
            "speaker": {
              "id": "2번",
              "sex": "여성",
              "age": "20대"
            },
            "speechAct": "(단언) 주장하기",
            "morpheme": "아니/IC"
          },
          {
            "id": 7,
            "text": "2 : 결말까지는 모르겠는데!?",
            "norm_text": "결말까지는 모르겠는데!?",
            "speaker": {
              "id": "2번",
              "sex": "여성",
              "age": "20대"
            },
            "speechAct": "(지시) 질문하기",
            "morpheme": "결말/NNG+까지/JX+는/JX+모르/VV+겠/EP+는데/EC+!/SY"
          },
          {
            "id": 8,
            "text": "1 : 그게 1기는 샤오랑이 홍콩으로 떠나는 거였거든?",
            "norm_text": "그게 1기는 샤오랑이 홍콩으로 떠나는 거였거든?",
            "speaker": {
              "id": "1번",
              "sex": "여성",
              "age": "20대"
            },
            "speechAct": "(단언) 진술하기",
            "morpheme": "그게/NP+JKS+1/SN+기/ETN+는/JX+샤/NNG+오랑/NNG+이/JKS+홍콩/NNP+으로/JKB+떠나/VV+는/ETM+거/NNB+였/VCP+EP+거든/EF"
          },
          {
            "id": 9,
            "text": "2 : 어어 그런데 그 다음에는?",
            "norm_text": "어어 그런데 그 다음에는?",
            "speaker": {
              "id": "2번",
              "sex": "여성",
              "age": "20대"
            },
            "speechAct": "(지시) 질문하기",
            "morpheme": "어/IC+어/IC+그런데/MAJ+그/MM+다음/NNG+에/JKB+는/JX"
          },
          {
            "id": 10,
            "text": "1 : 근데 너 중학생이 된 체리 알아?",
            "norm_text": "근데 너 중학생이 된 체리 알아?",
            "speaker": {
              "id": "1번",
              "sex": "여성",
              "age": "20대"
            },
            "speechAct": "(지시) 질문하기",
            "morpheme": "근데/MAJ+너/NP+중학생/NNG+이/JKS+된/VV+ETM+체리/NNG+알/VV+아/EF"
          },
          {
            "id": 11,
            "text": "1 : 2기 나온 거!",
            "norm_text": "2기 나온 거!",
            "speaker": {
              "id": "1번",
              "sex": "여성",
              "age": "20대"
            },
            "speechAct": "(단언) 주장하기",
            "morpheme": "2/SN+기/ETN+나온/VV+ETM+거/NNB"
          },
          {
            "id": 12,
            "text": "2 : 아니?",
            "norm_text": "아니?",
            "speaker": {
              "id": "2번",
              "sex": "여성",
              "age": "20대"
            },
            "speechAct": "(지시) 질문하기",
            "morpheme": "아니/IC"
          },
          {
            "id": 13,
            "text": "2 : 걔네가 성장하는 것도 나와!?",
            "norm_text": "걔네가 성장하는 것도 나와!?",
            "speaker": {
              "id": "2번",
              "sex": "여성",
              "age": "20대"
            },
            "speechAct": "(지시) 질문하기",
            "morpheme": "걔/NP+네/XSN+가/JKS+성장/NNG+하/XSV+는/ETM+것/NNB+도/JX+나와/VV+EC+!/SY"
          },
          {
            "id": 14,
            "text": "1 : 어 중학생 돼서 둘이 사귐 키키 그러고 다시 카드 모아",
            "norm_text": "어 중학생 돼서 둘이 사귐 키키 그러고 다시 카드 모아",
            "speaker": {
              "id": "1번",
              "sex": "여성",
              "age": "20대"
            },
            "speechAct": "(단언) 진술하기",
            "morpheme": "어/IC+중학생/NNG+돼서/XSV+EC+둘/NR+이/JKS+사귐/VV+ETN+키/NNG+키/XSV+ETN+그러/VV+고/EC+다시/MAG+카드/NNG+모아/VV+EC"
          },
          {
            "id": 15,
            "text": "2 : 헐 뭐야!",
            "norm_text": "헐 뭐야!",
            "speaker": {
              "id": "2번",
              "sex": "여성",
              "age": "20대"
            },
            "speechAct": "(단언) 주장하기",
            "morpheme": "헐/IC+뭐/NP+야/VCP+EF"
          },
          {
            "id": 16,
            "text": "2 : 카드를 또 모아?",
            "norm_text": "카드를 또 모아?",
            "speaker": {
              "id": "2번",
              "sex": "여성",
              "age": "20대"
            },
            "speechAct": "(지시) 질문하기",
            "morpheme": "카드/NNG+를/JKO+또/MAG+모아/VV+EF"
          },
          {
            "id": 17,
            "text": "1 : 어 이번에는 다른 애가 만든 마법카드야!",
            "norm_text": "어 이번에는 다른 애가 만든 마법카드야!",
            "speaker": {
              "id": "1번",
              "sex": "여성",
              "age": "20대"
            },
            "speechAct": "(단언) 진술하기",
            "morpheme": "어/IC+이번/NNG+에/JKB+는/JX+다른/MM+애/NNG+가/JKS+만든/VV+ETM+마법/NNG+카드/NNG+야/VCP+EF"
          },
          {
            "id": 18,
            "text": "2 : 아 다른 카드?",
            "norm_text": "아 다른 카드?",
            "speaker": {
              "id": "2번",
              "sex": "여성",
              "age": "20대"
            },
            "speechAct": "(지시) 질문하기",
            "morpheme": "아/IC+다른/MM+카드/NNG"
          },
          {
            "id": 19,
            "text": "2 : 그건 또 못 참지",
            "norm_text": "그건 또 못 참지",
            "speaker": {
              "id": "2번",
              "sex": "여성",
              "age": "20대"
            },
            "speechAct": "(단언) 주장하기",
            "morpheme": "그건/NP+JX+또/MAG+못/MAG+참/VV+지/EC"
          },
          {
            "id": 20,
            "text": "1 : 키키 그니까 나 그거 보려고 하는데 지금 넷플에 나올 거 같아서 존버 중이야!",
            "norm_text": "키키 그니까 나 그거 보려고 하는데 지금 넷플에 나올 거 같아서 존버 중이야!",
            "speaker": {
              "id": "1번",
              "sex": "여성",
              "age": "20대"
            },
            "speechAct": "(단언) 주장하기",
            "morpheme": "키/NNG+키/XSV+ETN+그니까/MAJ+나/NP+그거/NP+보/VV+려고/EC+하/VV+는데/EC+지금/MAG+넷/NR+플/NNG+에/JKB+나올/VV+ETM+거/NNB+같/VA+아서/EC+존/NNP+버/NNP+중/NNB+이/VCP+야/EF"
          },
          {
            "id": 21,
            "text": "2 : 헐 나도 존버 타야겠다 제발 나오게 해주세요!",
            "norm_text": "헐 나도 존버 타야겠다 제발 나오게 해주세요!",
            "speaker": {
              "id": "2번",
              "sex": "여성",
              "age": "20대"
            },
            "speechAct": "(단언) 주장하기",
            "morpheme": "헐/IC+나/NP+도/JX+존버/UNKNOWN+타/VV+야겠다/EC+VX+EP+EC+제발/MAG+나오/VV+게/EC+해/VV+EC+주/VX+세요/EP+EF"
          },
          {
            "id": 22,
            "text": "1 : 근데 카드캡쳐 체리는 넷플에 안 나올 거 같아 ㅜㅜ",
            "norm_text": "근데 카드캡쳐 체리는 넷플에 안 나올 거 같아 ㅜㅜ",
            "speaker": {
              "id": "1번",
              "sex": "여성",
              "age": "20대"
            },
            "speechAct": "(단언) 주장하기",
            "morpheme": "근데/MAJ+카드/NNG+캡쳐/NNP+체리/NNG+는/JX+넷/NR+플/NNG+에/JKB+안/MAG+나올/VV+ETM+거/NNB+같/VA+아/EC+ㅜㅜ/UNKNOWN"
          },
          {
            "id": 23,
            "text": "1 : 그냥 다른 곳에서 봐야지 ㅜㅜ",
            "norm_text": "그냥 다른 곳에서 봐야지 ㅜㅜ",
            "speaker": {
              "id": "1번",
              "sex": "여성",
              "age": "20대"
            },
            "speechAct": "(단언) 주장하기",
            "morpheme": "그냥/MAG+다른/MM+곳/NNG+에서/JKB+봐야지/VV+EC+ㅜㅜ/UNKNOWN"
          },
          {
            "id": 24,
            "text": "2 : ㅠㅠ헐 그럼 어디서 봐야 되려나",
            "norm_text": "ㅠㅠ헐 그럼 어디서 봐야 되려나",
            "speaker": {
              "id": "2번",
              "sex": "여성",
              "age": "20대"
            },
            "speechAct": "(단언) 주장하기",
            "morpheme": "ㅠㅠ/UNKNOWN+헐/VV+JKO+그럼/MAJ+어디/NP+서/JKB+봐야/VV+EC+되/VV+려나/EC"
          }
        ]
      }
    }
  ]
}