{
  "dataset": {
    "identifier": 117710,
    "name": "FACEBOOK_110_15_set",
    "src_path": "/data/file/cubeManager/PROJECT001/80/txt20211102153319038982/FACEBOOK_110_15_set/",
    "label_path": "/data/file/cubeManager/PROJECT001/80/txt20211102153319038982/FACEBOOK_110_15_set/",
    "category": 2,
    "type": 0
  },
  "licenses": {
    "name": "Apache License 1.0",
    "url": "http://www.apache.org/licenses/LICENSE-1.0"
  },
  "info": [
    {
      "id": 130019,
      "filename": "FACEBOOK_110_15.txt",
      "title": "FACEBOOK_110_15",
      "mediatype": "SNS",
      "medianame": "카카오톡",
      "category": "일상대화",
      "date": "2021-11-02",
      "size": 461,
      "annotations": {
        "subject": "타 국가 이슈",
        "speaker_type": "1:1",
        "size": 461,
        "word_size": 141,
        "text": "1 : 언니 싱가포르 위드 코로나 진행하고 있었던 거 알았어?\n2 : 언제부터? 우리도 위드 코로나잖아 키키\n1 : 우리는 이제 11월부터 본격적으로 진행하는 거 아니야?\n2 : 맞아 11월부터 다 풀린다는 듯?\n1 : 근데 싱가포르 지금 진행하고 있잖아 지금 확진자 4천명이래!\n2 : 웅 그래서 어떻게 돼가고 있데,\n1 : 계속 늘어가고 있고 사망자가 18명 나왔대!\n2 : 헐 위드 코로나가 진짜 좋긴 한 걸까?\n1 : 모르겠어,\n1 : 그거 알아,? 지금 싱가포르 여행 가능한 거,?\n2 : 와 우리도? 우리도 받아주는 겨?\n1 : 어 그래서 지금 여행사에서 싱가포르 여행 상품 쏟아냈잖아!\n2 : 근데 가는 사람 있나\n1 : 지금 예약 했다가 아마 이 기사 보고 취소하지 않았을까?\n2 : 근데 코로나, 그치 아직은 백신 맞어도 위험한 듯\n1 : 맞아 ㅜㅜ\n1 :심지어 사망자 중에 9명이 백신 접종자래!\n2 : 헐 무서워 백신 맞았는데도 걸리네",
        "lines": [
          {
            "id": 1,
            "text": "1 : 언니 싱가포르 위드 코로나 진행하고 있었던 거 알았어?",
            "norm_text": "언니 싱가포르 위드 코로나 진행하고 있었던 거 알았어?",
            "speaker": {
              "id": "1번",
              "sex": "여성",
              "age": "20대"
            },
            "speechAct": "(지시) 질문하기",
            "morpheme": "언니/NNG+싱가포르/NNP+위드/NNP+코로나/NNP+진행/NNG+하/XSV+고/EC+있/VX+었/EP+던/ETM+거/NNB+알/VV+았/EP+어/EF"
          },
          {
            "id": 2,
            "text": "2 : 언제부터? 우리도 위드 코로나잖아 키키",
            "norm_text": "언제부터? 우리도 위드 코로나잖아 키키",
            "speaker": {
              "id": "2번",
              "sex": "여성",
              "age": "20대"
            },
            "speechAct": "(단언) 주장하기",
            "morpheme": "언제/NP+부터/JX+우리도위드코로나잖아키키/UNKNOWN"
          },
          {
            "id": 3,
            "text": "1 : 우리는 이제 11월부터 본격적으로 진행하는 거 아니야?",
            "norm_text": "우리는 이제 11월부터 본격적으로 진행하는 거 아니야?",
            "speaker": {
              "id": "1번",
              "sex": "여성",
              "age": "20대"
            },
            "speechAct": "(단언) 주장하기",
            "morpheme": "우리/NP+는/JX+이제/MAG+11/SN+월/NNBC+부터/JX+본격/NNG+적/XSN+으로/JKB+진행/NNG+하/XSV+는/ETM+거/NNB+아니/VCN+야/EF"
          },
          {
            "id": 4,
            "text": "2 : 맞아 11월부터 다 풀린다는 듯?",
            "norm_text": "맞아 11월부터 다 풀린다는 듯?",
            "speaker": {
              "id": "2번",
              "sex": "여성",
              "age": "20대"
            },
            "speechAct": "(단언) 진술하기",
            "morpheme": "맞/VV+아/EC+11/SN+월/NNBC+부터/JX+다/MAG+풀린다는/VV+ETM+듯/NNB"
          },
          {
            "id": 5,
            "text": "1 : 근데 싱가포르 지금 진행하고 있잖아 지금 확진자 4천명이래!",
            "norm_text": "근데 싱가포르 지금 진행하고 있잖아 지금 확진자 4천명이래!",
            "speaker": {
              "id": "1번",
              "sex": "여성",
              "age": "20대"
            },
            "speechAct": "(단언) 진술하기",
            "morpheme": "근데/MAJ+싱가포르/NNP+지금/NNG+진행/NNG+하/XSV+고/EC+있/VX+잖아/EF+지금/MAG+확진/NNG+자/XSN+4/SN+천/NR+명/NNBC+이/VCP+래/EF"
          },
          {
            "id": 6,
            "text": "2 : 웅 그래서 어떻게 돼가고 있데,",
            "norm_text": "웅 그래서 어떻게 돼가고 있데,",
            "speaker": {
              "id": "2번",
              "sex": "여성",
              "age": "20대"
            },
            "speechAct": "(단언) 주장하기",
            "morpheme": "웅/IC+그래서/MAJ+어떻게/MAG+돼/VV+EC+가/VX+고/EC+있/VX+데/EC+,/SC"
          },
          {
            "id": 7,
            "text": "1 : 계속 늘어가고 있고 사망자가 18명 나왔대!",
            "norm_text": "계속 늘어가고 있고 사망자가 18명 나왔대!",
            "speaker": {
              "id": "1번",
              "sex": "여성",
              "age": "20대"
            },
            "speechAct": "(단언) 진술하기",
            "morpheme": "계속/MAG+늘/VV+어/EC+가/VX+고/EC+있/VX+고/EC+사망자/NNG+가/JKS+18/SN+명/NNBC+나왔/VV+EP+대/EF"
          },
          {
            "id": 8,
            "text": "2 : 헐 위드 코로나가 진짜 좋긴 한 걸까?",
            "norm_text": "헐 위드 코로나가 진짜 좋긴 한 걸까?",
            "speaker": {
              "id": "2번",
              "sex": "여성",
              "age": "20대"
            },
            "speechAct": "(단언) 주장하기",
            "morpheme": "헐/IC+위드/NNP+코로나/NNG+가/JKS+진짜/MAG+좋/VA+긴/ETN+JX+한걸까/VX+EF"
          },
          {
            "id": 9,
            "text": "1 : 모르겠어,",
            "norm_text": "모르겠어,",
            "speaker": {
              "id": "1번",
              "sex": "여성",
              "age": "20대"
            },
            "speechAct": "(단언) 주장하기",
            "morpheme": "모르/VV+겠/EP+어/EF+,/SC"
          },
          {
            "id": 10,
            "text": "1 : 그거 알아,? 지금 싱가포르 여행 가능한 거,?",
            "norm_text": "그거 알아,? 지금 싱가포르 여행 가능한 거,?",
            "speaker": {
              "id": "1번",
              "sex": "여성",
              "age": "20대"
            },
            "speechAct": "(단언) 주장하기",
            "morpheme": "그거/NP+알/VV+아/EC+,/SC+?/SY+지금/MAG+싱가포르/NNP+여행/NNG+가능/NNG+한/XSA+ETM+거/NNB+,/SY"
          },
          {
            "id": 11,
            "text": "2 : 와 우리도? 우리도 받아주는 겨?",
            "norm_text": "와 우리도? 우리도 받아주는 겨?",
            "speaker": {
              "id": "2번",
              "sex": "여성",
              "age": "20대"
            },
            "speechAct": "(지시) 질문하기",
            "morpheme": "와/IC+우리/NP+도/JX+우리/NP+도/JX+받/VV+아/EC+주/VX+는겨/EF"
          },
          {
            "id": 12,
            "text": "1 : 어 그래서 지금 여행사에서 싱가포르 여행 상품 쏟아냈잖아!",
            "norm_text": "어 그래서 지금 여행사에서 싱가포르 여행 상품 쏟아냈잖아!",
            "speaker": {
              "id": "1번",
              "sex": "여성",
              "age": "20대"
            },
            "speechAct": "(단언) 진술하기",
            "morpheme": "어/IC+그래서/MAJ+지금/MAG+여행사/NNG+에서/JKB+싱가포르/NNP+여행/NNG+상품/NNG+쏟/VV+아/EC+냈잖아/VV+EP+EC+VX+EF"
          },
          {
            "id": 13,
            "text": "2 : 근데 가는 사람 있나",
            "norm_text": "근데 가는 사람 있나",
            "speaker": {
              "id": "2번",
              "sex": "여성",
              "age": "20대"
            },
            "speechAct": "(단언) 주장하기",
            "morpheme": "근데/MAJ+가/VV+는/ETM+사람/NNG+있/VV+나/EC"
          },
          {
            "id": 14,
            "text": "1 : 지금 예약 했다가 아마 이 기사 보고 취소하지 않았을까?",
            "norm_text": "지금 예약 했다가 아마 이 기사 보고 취소하지 않았을까?",
            "speaker": {
              "id": "1번",
              "sex": "여성",
              "age": "20대"
            },
            "speechAct": "(단언) 주장하기",
            "morpheme": "지금/MAG+예약/NNG+했/XSV+EP+다가/EC+아마/MAG+이/MM+기사/NNG+보고/JKB+취소/NNG+하/XSV+지/EC+않/VX+았/EP+을까/EF"
          },
          {
            "id": 15,
            "text": "2 : 근데 코로나, 그치 아직은 백신 맞어도 위험한 듯",
            "norm_text": "근데 코로나, 그치 아직은 백신 맞어도 위험한 듯",
            "speaker": {
              "id": "2번",
              "sex": "여성",
              "age": "20대"
            },
            "speechAct": "(단언) 주장하기",
            "morpheme": "근데/MAJ+코로나/NNG+,/SC+그치/IC+아직/MAG+은/JX+백신/NNG+맞/VV+어도/EC+위험/NNG+한/XSA+ETM+듯/NNB"
          },
          {
            "id": 16,
            "text": "1 : 맞아 ㅜㅜ",
            "norm_text": "맞아 ㅜㅜ",
            "speaker": {
              "id": "1번",
              "sex": "여성",
              "age": "20대"
            },
            "speechAct": "(단언) 주장하기",
            "morpheme": "맞아ㅜㅜ/UNKNOWN"
          },
          {
            "id": 17,
            "text": "1 :심지어 사망자 중에 9명이 백신 접종자래!",
            "norm_text": "심지어 사망자 중에 9명이 백신 접종자래!",
            "speaker": {
              "id": "1번",
              "sex": "여성",
              "age": "20대"
            },
            "speechAct": "(단언) 진술하기",
            "morpheme": "심지어/MAG+사망자/NNG+중/NNB+에/JKB+9/SN+명/NNBC+이/JKS+백/NR+신접/NNG+종자/NNG+래/VCP+EF"
          },
          {
            "id": 18,
            "text": "2 : 헐 무서워 백신 맞았는데도 걸리네",
            "norm_text": "헐 무서워 백신 맞았는데도 걸리네",
            "speaker": {
              "id": "2번",
              "sex": "여성",
              "age": "20대"
            },
            "speechAct": "(단언) 주장하기",
            "morpheme": "헐/VV+JKO+무서워/VA+EC+백신/NNG+맞/VV+았/EP+는데도/EC+걸리/VV+네/EC"
          }
        ]
      }
    }
  ]
}