{
  "dataset": {
    "identifier": 97708,
    "name": "FACEBOOK_109_20_set",
    "src_path": "/data/file/cubeManager/PROJECT001/77/txt20211029160805070614/FACEBOOK_109_20_set/",
    "label_path": "/data/file/cubeManager/PROJECT001/77/txt20211029160805070614/FACEBOOK_109_20_set/",
    "category": 2,
    "type": 0
  },
  "licenses": {
    "name": "Apache License 1.0",
    "url": "http://www.apache.org/licenses/LICENSE-1.0"
  },
  "info": [
    {
      "id": 111328,
      "filename": "FACEBOOK_109_20.txt",
      "title": "FACEBOOK_109_20",
      "mediatype": "SNS",
      "medianame": "페이스북",
      "category": "일상대화",
      "date": "2021-10-29",
      "size": 474,
      "annotations": {
        "subject": "영화/만화",
        "speaker_type": "1:1",
        "size": 474,
        "word_size": 154,
        "text": "1 : 언니는 씨지브이 메가박스 롯데시네마 어디를 제일 가장  좋아해?\n2 : 나는 집 근처 롯데시네마 가지~\n1 : 아 진짜?\n1 : 역시 집 근처 영화관이 최고야~ 나도 롯시야~\n2 : 맞아~\n2 : 집 근처에 영화관 있으면 진짜 편해~\n1 : 맞아 키키\n1 : 그리고 SK는 브이아이피는 롯시 무료 이용권도 줘~\n2 : 헐~ kt도 할인 해주던데?\n1 : 여기는 할인이 아니고 한 달에 2회 관람권 주지롱~\n2 : 나도 kt vvip인데 주는 거 같더라!\n1 : 아 고래?\n1 : 나만의 혜택인 줄 알았네~\n2 : 키키 요즘 통신사에서 영화 할인권 많이 주더라~\n1 : 키키 맞아!\n1 : 근데 씨지브이랑 메가박스는 혜택 줄어든 거 같아!\n2 : 응 얼마 전에 cgv 혜택 없어졌더라ㅠㅠ\n1 : 맞아 ㅜㅜ\n1 : KT도 씨지브이 혜택 있었어?\n2 : 응~ 영화관 3개 다 있었지!\n1 : 맞아\n1 : SK도 세 개 다 있었는데 롯시만 살아남음!\n2 : 진짜 혜택만 계속 줄어든다ㅠㅠ",
        "lines": [
          {
            "id": 1,
            "text": "1 : 언니는 씨지브이 메가박스 롯데시네마 어디를 제일 가장  좋아해?",
            "norm_text": "언니는 씨지브이 메가박스 롯데시네마 어디를 제일 가장  좋아해?",
            "speaker": {
              "id": "1번",
              "sex": "여성",
              "age": "20대"
            },
            "speechAct": "(지시) 질문하기",
            "morpheme": "언니/NNG+는/JX+씨/VA+지/EC+브이/NNG+메/NNG+가/JKS+박스/NNG+롯데시네마/NNP+어디/NP+를/JKO+제일/MAG+가장/MAG+좋/VA+아/EC+해/VX+EF"
          },
          {
            "id": 2,
            "text": "2 : 나는 집 근처 롯데시네마 가지~",
            "norm_text": "나는 집 근처 롯데시네마 가지~",
            "speaker": {
              "id": "2번",
              "sex": "여성",
              "age": "20대"
            },
            "speechAct": "(단언) 진술하기",
            "morpheme": "나/NP+는/JX+집/NNG+근처/NNG+롯데시네마/NNP+가지/NNG+~/SY"
          },
          {
            "id": 3,
            "text": "1 : 아 진짜?",
            "norm_text": "아 진짜?",
            "speaker": {
              "id": "1번",
              "sex": "여성",
              "age": "20대"
            },
            "speechAct": "(지시) 질문하기",
            "morpheme": "아/IC+진짜/MAG"
          },
          {
            "id": 4,
            "text": "1 : 역시 집 근처 영화관이 최고야~ 나도 롯시야~",
            "norm_text": "역시 집 근처 영화관이 최고야~ 나도 롯시야~",
            "speaker": {
              "id": "1번",
              "sex": "여성",
              "age": "20대"
            },
            "speechAct": "(단언) 진술하기",
            "morpheme": "역시집/NNG+근처/NNG+영화관/NNG+이/JKS+최고/NNG+야/JKV+~/SY+나/NP+도/JX+롯시/NNP+야/JKV+~/SY"
          },
          {
            "id": 5,
            "text": "2 : 맞아~",
            "norm_text": "맞아~",
            "speaker": {
              "id": "2번",
              "sex": "여성",
              "age": "20대"
            },
            "speechAct": "(표현) 긍정감정 표현하기",
            "morpheme": "맞/VV+아/EC+~/SY"
          },
          {
            "id": 6,
            "text": "2 : 집 근처에 영화관 있으면 진짜 편해~",
            "norm_text": "집 근처에 영화관 있으면 진짜 편해~",
            "speaker": {
              "id": "2번",
              "sex": "여성",
              "age": "20대"
            },
            "speechAct": "(단언) 진술하기",
            "morpheme": "집/NNG+근처/NNG+에/JKB+영화관/NNG+있/VV+으면/EC+진짜/MAG+편해/VA+EC+~/SY"
          },
          {
            "id": 7,
            "text": "1 : 맞아 키키",
            "norm_text": "맞아 키키",
            "speaker": {
              "id": "1번",
              "sex": "여성",
              "age": "20대"
            },
            "speechAct": "(표현) 긍정감정 표현하기",
            "morpheme": "맞/VV+아/EC+키/NNG+키/XSV+ETN"
          },
          {
            "id": 8,
            "text": "1 : 그리고 SK는 브이아이피는 롯시 무료 이용권도 줘~",
            "norm_text": "그리고 SK는 브이아이피는 롯시 무료 이용권도 줘~",
            "speaker": {
              "id": "1번",
              "sex": "여성",
              "age": "20대"
            },
            "speechAct": "(단언) 진술하기",
            "morpheme": "그리고/MAJ+SK/SL+는브이아이피는롯시무료이용권도줘/UNKNOWN+~/SY"
          },
          {
            "id": 9,
            "text": "2 : 헐~ kt도 할인 해주던데?",
            "norm_text": "헐~ kt도 할인 해주던데?",
            "speaker": {
              "id": "2번",
              "sex": "여성",
              "age": "20대"
            },
            "speechAct": "(지시) 질문하기",
            "morpheme": "헐/NNP+~/SY+kt/SL+도/JX+할인/NNG+해/XSV+EC+주/VX+던데/EF"
          },
          {
            "id": 10,
            "text": "1 : 여기는 할인이 아니고 한 달에 2회 관람권 주지롱~",
            "norm_text": "여기는 할인이 아니고 한 달에 2회 관람권 주지롱~",
            "speaker": {
              "id": "1번",
              "sex": "여성",
              "age": "20대"
            },
            "speechAct": "(단언) 진술하기",
            "morpheme": "여기/NP+는/JX+할인/NNG+이/JKC+아니/VCN+고/EC+한/MM+달/NNG+에/JKB+2/SN+회/NNBC+관람권/NNG+주/VV+지롱/EC+~/SY"
          },
          {
            "id": 11,
            "text": "2 : 나도 kt vvip인데 주는 거 같더라!",
            "norm_text": "나도 kt vvip인데 주는 거 같더라!",
            "speaker": {
              "id": "2번",
              "sex": "여성",
              "age": "20대"
            },
            "speechAct": "(단언) 진술하기",
            "morpheme": "나/NP+도/JX+ktvvip/SL+인데/VCP+EC+주/VX+는/ETM+거/NNB+같/VA+더라/EF"
          },
          {
            "id": 12,
            "text": "1 : 아 고래?",
            "norm_text": "아 고래?",
            "speaker": {
              "id": "1번",
              "sex": "여성",
              "age": "20대"
            },
            "speechAct": "(지시) 질문하기",
            "morpheme": "아고/NNG+래/VCP+EF"
          },
          {
            "id": 13,
            "text": "1 : 나만의 혜택인 줄 알았네~",
            "norm_text": "나만의 혜택인 줄 알았네~",
            "speaker": {
              "id": "1번",
              "sex": "여성",
              "age": "20대"
            },
            "speechAct": "(단언) 진술하기",
            "morpheme": "나/NP+만/JX+의/JKG+혜택/NNG+인/VCP+ETM+줄/NNB+알/VV+았/EP+네/EF+~/SY"
          },
          {
            "id": 14,
            "text": "2 : 키키 요즘 통신사에서 영화 할인권 많이 주더라~",
            "norm_text": "키키 요즘 통신사에서 영화 할인권 많이 주더라~",
            "speaker": {
              "id": "2번",
              "sex": "여성",
              "age": "20대"
            },
            "speechAct": "(단언) 진술하기",
            "morpheme": "키키요즘통신사에서영화할인권많이주더라/UNKNOWN+~/SY"
          },
          {
            "id": 15,
            "text": "1 : 키키 맞아!",
            "norm_text": "키키 맞아!",
            "speaker": {
              "id": "1번",
              "sex": "여성",
              "age": "20대"
            },
            "speechAct": "(표현) 긍정감정 표현하기",
            "morpheme": "키/NNG+키/XSV+ETN+맞/VV+아/EF"
          },
          {
            "id": 16,
            "text": "1 : 근데 씨지브이랑 메가박스는 혜택 줄어든 거 같아!",
            "norm_text": "근데 씨지브이랑 메가박스는 혜택 줄어든 거 같아!",
            "speaker": {
              "id": "1번",
              "sex": "여성",
              "age": "20대"
            },
            "speechAct": "(단언) 진술하기",
            "morpheme": "근데/MAJ+씨/IC+지브/NNG+이랑/JC+메/NP+가/JKS+박스/NNG+는/JX+혜택/NNG+줄어든/VV+ETM+거/NNB+같/VA+아/EF"
          },
          {
            "id": 17,
            "text": "2 : 응 얼마 전에 cgv 혜택 없어졌더라ㅠㅠ",
            "norm_text": "응 얼마 전에 cgv 혜택 없어졌더라ㅠㅠ",
            "speaker": {
              "id": "2번",
              "sex": "여성",
              "age": "20대"
            },
            "speechAct": "(단언) 진술하기",
            "morpheme": "응/IC+얼마/NNG+전/NNG+에/JKB+cgv/SL+혜택없어졌더라ㅠㅠ/UNKNOWN"
          },
          {
            "id": 18,
            "text": "1 : 맞아 ㅜㅜ",
            "norm_text": "맞아 ㅜㅜ",
            "speaker": {
              "id": "1번",
              "sex": "여성",
              "age": "20대"
            },
            "speechAct": "(표현) 긍정감정 표현하기",
            "morpheme": "맞아ㅜㅜ/UNKNOWN"
          },
          {
            "id": 19,
            "text": "1 : KT도 씨지브이 혜택 있었어?",
            "norm_text": "KT도 씨지브이 혜택 있었어?",
            "speaker": {
              "id": "1번",
              "sex": "여성",
              "age": "20대"
            },
            "speechAct": "(지시) 질문하기",
            "morpheme": "KT/SL+도/JX+씨/VA+지/EC+브이/NNG+혜택/NNG+있/VV+었/EP+어/EF"
          },
          {
            "id": 20,
            "text": "2 : 응~ 영화관 3개 다 있었지!",
            "norm_text": "응~ 영화관 3개 다 있었지!",
            "speaker": {
              "id": "2번",
              "sex": "여성",
              "age": "20대"
            },
            "speechAct": "(단언) 진술하기",
            "morpheme": "응/IC+~/SY+영화관/NNG+3/SN+개/NNBC+다/VCP+EC+있/VX+었/EP+지/EF"
          },
          {
            "id": 21,
            "text": "1 : 맞아",
            "norm_text": "맞아",
            "speaker": {
              "id": "1번",
              "sex": "여성",
              "age": "20대"
            },
            "speechAct": "(표현) 긍정감정 표현하기",
            "morpheme": "맞/VV+아/EC"
          },
          {
            "id": 22,
            "text": "1 : SK도 세 개 다 있었는데 롯시만 살아남음!",
            "norm_text": "SK도 세 개 다 있었는데 롯시만 살아남음!",
            "speaker": {
              "id": "1번",
              "sex": "여성",
              "age": "20대"
            },
            "speechAct": "(단언) 진술하기",
            "morpheme": "SK/SL+도세개다있었는데롯시만살아남음/UNKNOWN"
          },
          {
            "id": 23,
            "text": "2 : 진짜 혜택만 계속 줄어든다ㅠㅠ",
            "norm_text": "진짜 혜택만 계속 줄어든다ㅠㅠ",
            "speaker": {
              "id": "2번",
              "sex": "여성",
              "age": "20대"
            },
            "speechAct": "(단언) 진술하기",
            "morpheme": "진짜/MAG+혜택/NNG+만/JX+계속/MAG+줄어든다/VV+EC+ㅠㅠ/UNKNOWN"
          }
        ]
      }
    }
  ]
}