{
  "dataset": {
    "identifier": 97909,
    "name": "FACEBOOK_109_13_set",
    "src_path": "/data/file/cubeManager/PROJECT001/77/txt20211029160805064355/FACEBOOK_109_13_set/",
    "label_path": "/data/file/cubeManager/PROJECT001/77/txt20211029160805064355/FACEBOOK_109_13_set/",
    "category": 2,
    "type": 0
  },
  "licenses": {
    "name": "Apache License 1.0",
    "url": "http://www.apache.org/licenses/LICENSE-1.0"
  },
  "info": [
    {
      "id": 111321,
      "filename": "FACEBOOK_109_13.txt",
      "title": "FACEBOOK_109_13",
      "mediatype": "SNS",
      "medianame": "페이스북",
      "category": "일상대화",
      "date": "2021-10-29",
      "size": 424,
      "annotations": {
        "subject": "계절/날씨",
        "speaker_type": "1:1",
        "size": 424,
        "word_size": 145,
        "text": "1 : 오늘은 어제보다 날씨가 좀 풀린 거 같아!\n2 : 날이 점점 추워져서 더 흐린 거 같아 키키\n1 : 아 거기는 또 추워졌을 수도 있겠다!\n2 : 응 바람이 부는 게 장난 아니야 진짜\n1 : 할 ㅜㅜ 바닷가 쪽이라 바람 부는 게 진짜 장난 아니지?\n2 : 응 비까지 같이 오면 답이 없어 키키\n1 : 홀 ㅜㅜ 그렇구나 어제 비 오지 않았어?\n2 : 응 비 오는데 바람도 살벌하게 불더라ㅠㅠ\n1 : 헐 ㅜㅜ 그런 날씨에는 어디 돌아다니면 안 돼!\n2 : 응 그런 날에는 집에만 있어야지 키키\n1 : 맞아\n1 : 어제 집에만 있었겠지?\n2 : 응~ 어디 안 나가고 집에 있었지!\n1 : 키키 나는 다행히도 아침에 비가 그쳐서 괜찮았어!\n2 : 다행이다 하하\n2 : 비 오는 날은 항상 조심해야 돼\n1 : 맞아 ㅜㅜ\n1 : 엊그제 저녁부터 계속 내리더라고!\n2 : 응 다음주에는 비 안온데!",
        "lines": [
          {
            "id": 1,
            "text": "1 : 오늘은 어제보다 날씨가 좀 풀린 거 같아!",
            "norm_text": "오늘은 어제보다 날씨가 좀 풀린 거 같아!",
            "speaker": {
              "id": "1번",
              "sex": "여성",
              "age": "20대"
            },
            "speechAct": "(단언) 주장하기",
            "morpheme": "오늘/NNG+은/JX+어제/NNG+보다/JKB+날씨/NNG+가/JKS+좀/MAG+풀린/VV+ETM+거/NNB+같/VA+아/EF"
          },
          {
            "id": 2,
            "text": "2 : 날이 점점 추워져서 더 흐린 거 같아 키키",
            "norm_text": "날이 점점 추워져서 더 흐린 거 같아 키키",
            "speaker": {
              "id": "2번",
              "sex": "여성",
              "age": "20대"
            },
            "speechAct": "(단언) 주장하기",
            "morpheme": "날/NNG+이/JKS+점점/MAG+추워져서/VA+EC+VX+EC+더/MAG+흐린/VA+ETM+거/NNB+같/VA+아/EC+키/NNG+키/XSV+ETN"
          },
          {
            "id": 3,
            "text": "1 : 아 거기는 또 추워졌을 수도 있겠다!",
            "norm_text": "아 거기는 또 추워졌을 수도 있겠다!",
            "speaker": {
              "id": "1번",
              "sex": "여성",
              "age": "20대"
            },
            "speechAct": "(단언) 주장하기",
            "morpheme": "아/IC+거기/NP+는/JX+또/MAG+추워졌/VA+EC+VX+EP+을/ETM+수/NNB+도/JX+있/VA+겠/EP+다/EF"
          },
          {
            "id": 4,
            "text": "2 : 응 바람이 부는 게 장난 아니야 진짜",
            "norm_text": "응 바람이 부는 게 장난 아니야 진짜",
            "speaker": {
              "id": "2번",
              "sex": "여성",
              "age": "20대"
            },
            "speechAct": "(단언) 주장하기",
            "morpheme": "응/IC+바람/NNG+이/JKS+부/VV+는/ETM+게/NNB+JKS+장난/NNG+아니/VCN+야/EF+진짜/MAG"
          },
          {
            "id": 5,
            "text": "1 : 할 ㅜㅜ 바닷가 쪽이라 바람 부는 게 진짜 장난 아니지?",
            "norm_text": "할 ㅜㅜ 바닷가 쪽이라 바람 부는 게 진짜 장난 아니지?",
            "speaker": {
              "id": "1번",
              "sex": "여성",
              "age": "20대"
            },
            "speechAct": "(지시) 질문하기",
            "morpheme": "할/VV+ETM+ㅜㅜ/UNKNOWN+바닷가/NNG+쪽/NNB+이/VCP+라/EC+바람/NNG+부/VV+는/ETM+게/NNB+JKS+진짜/MAG+장난/NNG+아니/VCN+지/EF"
          },
          {
            "id": 6,
            "text": "2 : 응 비까지 같이 오면 답이 없어 키키",
            "norm_text": "응 비까지 같이 오면 답이 없어 키키",
            "speaker": {
              "id": "2번",
              "sex": "여성",
              "age": "20대"
            },
            "speechAct": "(단언) 주장하기",
            "morpheme": "응비/NNG+까지/JX+같이/MAG+오/VV+면/EC+답/NNG+이/JKS+없/VA+어/EC+키/NNG+키/XSV+ETN"
          },
          {
            "id": 7,
            "text": "1 : 홀 ㅜㅜ 그렇구나 어제 비 오지 않았어?",
            "norm_text": "홀 ㅜㅜ 그렇구나 어제 비 오지 않았어?",
            "speaker": {
              "id": "1번",
              "sex": "여성",
              "age": "20대"
            },
            "speechAct": "(지시) 질문하기",
            "morpheme": "홀/NNP+ㅜㅜ/UNKNOWN+그렇/VA+구나/EF+어/IC+제비/NNG+오/VV+지/EC+않/VX+았/EP+어/EF"
          },
          {
            "id": 8,
            "text": "2 : 응 비 오는데 바람도 살벌하게 불더라ㅠㅠ",
            "norm_text": "응 비 오는데 바람도 살벌하게 불더라ㅠㅠ",
            "speaker": {
              "id": "2번",
              "sex": "여성",
              "age": "20대"
            },
            "speechAct": "(단언) 진술하기",
            "morpheme": "응비/NNG+오/VV+는데/EC+바람/NNG+도/JX+살벌/NNG+하/XSV+게/EC+불/VX+더라/EF+ㅠㅠ/UNKNOWN"
          },
          {
            "id": 9,
            "text": "1 : 헐 ㅜㅜ 그런 날씨에는 어디 돌아다니면 안 돼!",
            "norm_text": "헐 ㅜㅜ 그런 날씨에는 어디 돌아다니면 안 돼!",
            "speaker": {
              "id": "1번",
              "sex": "여성",
              "age": "20대"
            },
            "speechAct": "(지시) 충고/제안하기",
            "morpheme": "헐/VV+JKO+ㅜㅜ/UNKNOWN+그런/MM+날씨/NNG+에/JKB+는/JX+어디/NP+돌아다니/VV+면/EC+안/MAG+돼/VV+EF"
          },
          {
            "id": 10,
            "text": "2 : 응 그런 날에는 집에만 있어야지 키키",
            "norm_text": "응 그런 날에는 집에만 있어야지 키키",
            "speaker": {
              "id": "2번",
              "sex": "여성",
              "age": "20대"
            },
            "speechAct": "(단언) 주장하기",
            "morpheme": "응/IC+그런/MM+날/NNG+에/JKB+는/JX+집/NNG+에/JKB+만/JX+있/VX+어야지/EC+키/NNG+키/XSV+ETN"
          },
          {
            "id": 11,
            "text": "1 : 맞아",
            "norm_text": "맞아",
            "speaker": {
              "id": "1번",
              "sex": "여성",
              "age": "20대"
            },
            "speechAct": "(단언) 주장하기",
            "morpheme": "맞/VV+아/EC"
          },
          {
            "id": 12,
            "text": "1 : 어제 집에만 있었겠지?",
            "norm_text": "어제 집에만 있었겠지?",
            "speaker": {
              "id": "1번",
              "sex": "여성",
              "age": "20대"
            },
            "speechAct": "(지시) 질문하기",
            "morpheme": "어제/MAG+집/NNG+에/JKB+만/JX+있/VX+었/EP+겠/EP+지/EF"
          },
          {
            "id": 13,
            "text": "2 : 응~ 어디 안 나가고 집에 있었지!",
            "norm_text": "응~ 어디 안 나가고 집에 있었지!",
            "speaker": {
              "id": "2번",
              "sex": "여성",
              "age": "20대"
            },
            "speechAct": "(단언) 진술하기",
            "morpheme": "응/IC+~/SY+어디/NP+안/MAG+나가/VV+고/EC+집/NNG+에/JKB+있/VV+었/EP+지/EF"
          },
          {
            "id": 14,
            "text": "1 : 키키 나는 다행히도 아침에 비가 그쳐서 괜찮았어!",
            "norm_text": "키키 나는 다행히도 아침에 비가 그쳐서 괜찮았어!",
            "speaker": {
              "id": "1번",
              "sex": "여성",
              "age": "20대"
            },
            "speechAct": "(단언) 주장하기",
            "morpheme": "키/NNG+키나/XSA+ETN+JX+는/JX+다행히/MAG+도/JX+아침/NNG+에/JKB+비/NNG+가/JKS+그쳐서/VV+EC+괜찮/VA+았/EP+어/EF"
          },
          {
            "id": 15,
            "text": "2 : 다행이다 하하",
            "norm_text": "다행이다 하하",
            "speaker": {
              "id": "2번",
              "sex": "여성",
              "age": "20대"
            },
            "speechAct": "(단언) 주장하기",
            "morpheme": "다행/NNG+이/JKS+다/MAG+하하/MAG"
          },
          {
            "id": 16,
            "text": "2 : 비 오는 날은 항상 조심해야 돼",
            "norm_text": "비 오는 날은 항상 조심해야 돼",
            "speaker": {
              "id": "2번",
              "sex": "여성",
              "age": "20대"
            },
            "speechAct": "(단언) 주장하기",
            "morpheme": "비오/NNG+는/JX+날/NNG+은/JX+항상/MAG+조심/NNG+해야/XSV+EC+돼/VV+EC"
          },
          {
            "id": 17,
            "text": "1 : 맞아 ㅜㅜ",
            "norm_text": "맞아 ㅜㅜ",
            "speaker": {
              "id": "1번",
              "sex": "여성",
              "age": "20대"
            },
            "speechAct": "(단언) 주장하기",
            "morpheme": "맞아ㅜㅜ/UNKNOWN"
          },
          {
            "id": 18,
            "text": "1 : 엊그제 저녁부터 계속 내리더라고!",
            "norm_text": "엊그제 저녁부터 계속 내리더라고!",
            "speaker": {
              "id": "1번",
              "sex": "여성",
              "age": "20대"
            },
            "speechAct": "(단언) 진술하기",
            "morpheme": "엊그제/NNG+저녁/NNG+부터/JX+계속/MAG+내리/VV+더라고/EF"
          },
          {
            "id": 19,
            "text": "2 : 응 다음주에는 비 안온데!",
            "norm_text": "응 다음주에는 비 안온데!",
            "speaker": {
              "id": "2번",
              "sex": "여성",
              "age": "20대"
            },
            "speechAct": "(단언) 진술하기",
            "morpheme": "응/IC+다음/NNG+주/NNG+에/JKB+는/JX+비/NNG+안/MAG+온데/VV+EC"
          }
        ]
      }
    }
  ]
}