{
  "dataset": {
    "identifier": 127786,
    "name": "FACEBOOK_121_11_set",
    "src_path": "/data/file/cubeManager/PROJECT001/84/txt20211108155848034170/FACEBOOK_121_11_set/",
    "label_path": "/data/file/cubeManager/PROJECT001/84/txt20211108155848034170/FACEBOOK_121_11_set/",
    "category": 2,
    "type": 0
  },
  "licenses": {
    "name": "Apache License 1.0",
    "url": "http://www.apache.org/licenses/LICENSE-1.0"
  },
  "info": [
    {
      "id": 141735,
      "filename": "FACEBOOK_121_11.txt",
      "title": "FACEBOOK_121_11",
      "mediatype": "SNS",
      "medianame": "페이스북",
      "category": "일상대화",
      "date": "2021-11-08",
      "size": 395,
      "annotations": {
        "subject": "게임",
        "speaker_type": "1:1",
        "size": 395,
        "word_size": 134,
        "text": "1 : 오빠 게임 좀 그만해~\n2 : 나 게임 많이 안 하거든요\n1 : 아직도 피시방에서 죽돌이처럼 지내?\n2 : 진짜 여자친구랑 하는 말이 똑같네\n1 : 그치 키키 여자 잔소리는 다 똑같아\n2 : 나 피시방 먹을 거 먹으러 가는 거야 키키\n1 : 거짓말~ 아침에 가서 저녁에 나온다며\n2 : 피시방에 맛있는 거 진짜 많이 파는 거 알지?\n1 : 무슨 게임을 그렇게 하는 거야 키키\n2 : 진짜 저녁에 가서 아침에 나오거든\n1 : 진짜 그게 찐광기래 키키\n1 : 어떤 게임하는데\n2 : 키키 나 롤해 요즘에 미쳐 가지고 키키\n1 : 롤, 그치 그거 갓겜이라 하더라\n2 : 여자친구 전화도 안 받고 롤하는 중\n2 : 협곡에서 사람들 만나야 해\n1 : 경쟁전도 하고 그러겠다 키키 휴\n2 : 롤 하는 남자 만나지 마라 진짜 키키 골치 아프다",
        "lines": [
          {
            "id": 1,
            "text": "1 : 오빠 게임 좀 그만해~",
            "norm_text": "오빠 게임 좀 그만해~",
            "speaker": {
              "id": "1번",
              "sex": "여성",
              "age": "20대"
            },
            "speechAct": "(단언) 주장하기",
            "morpheme": "오빠/NNG+게임/NNG+좀/MAG+그만/MAG+해/VV+EC+~/SY"
          },
          {
            "id": 2,
            "text": "2 : 나 게임 많이 안 하거든요",
            "norm_text": "나 게임 많이 안 하거든요",
            "speaker": {
              "id": "2번",
              "sex": "남성",
              "age": "20대"
            },
            "speechAct": "(단언) 주장하기",
            "morpheme": "나/NP+게임/NNG+많이/MAG+안/MAG+하/VV+거든요/EF"
          },
          {
            "id": 3,
            "text": "1 : 아직도 피시방에서 죽돌이처럼 지내?",
            "norm_text": "아직도 피시방에서 죽돌이처럼 지내?",
            "speaker": {
              "id": "1번",
              "sex": "여성",
              "age": "20대"
            },
            "speechAct": "(지시) 질문하기",
            "morpheme": "아직/MAG+도/JX+피시방/NNG+에서/JKB+죽/MAG+돌이/NNG+처럼/JKB+지내/VV+EF"
          },
          {
            "id": 4,
            "text": "2 : 진짜 여자친구랑 하는 말이 똑같네",
            "norm_text": "진짜 여자친구랑 하는 말이 똑같네",
            "speaker": {
              "id": "2번",
              "sex": "남성",
              "age": "20대"
            },
            "speechAct": "(단언) 진술하기",
            "morpheme": "진짜/MAG+여자/NNG+친구/NNG+랑/JKB+하/VV+는/ETM+말/NNG+이/JKS+똑같/VA+네/EC"
          },
          {
            "id": 5,
            "text": "1 : 그치 키키 여자 잔소리는 다 똑같아",
            "norm_text": "그치 키키 여자 잔소리는 다 똑같아",
            "speaker": {
              "id": "1번",
              "sex": "여성",
              "age": "20대"
            },
            "speechAct": "(단언) 주장하기",
            "morpheme": "그치/IC+키/NNG+키/NNG+여자/NNG+잔소리/NNG+는/JX+다/MAG+똑같/VA+아/EC"
          },
          {
            "id": 6,
            "text": "2 : 나 피시방 먹을 거 먹으러 가는 거야 키키",
            "norm_text": "나 피시방 먹을 거 먹으러 가는 거야 키키",
            "speaker": {
              "id": "2번",
              "sex": "남성",
              "age": "20대"
            },
            "speechAct": "(단언) 주장하기",
            "morpheme": "나/NP+피시방/NNG+먹/VV+을/ETM+거/NNB+먹/VV+으러/EC+가/VX+는/ETM+거/NNB+야/VCP+EF+키/NNG+키/XSV+ETN"
          },
          {
            "id": 7,
            "text": "1 : 거짓말~ 아침에 가서 저녁에 나온다며",
            "norm_text": "거짓말~ 아침에 가서 저녁에 나온다며",
            "speaker": {
              "id": "1번",
              "sex": "여성",
              "age": "20대"
            },
            "speechAct": "(단언) 주장하기",
            "morpheme": "거짓말/NNG+~/SY+아침/NNG+에/JKB+가/VV+서/EC+저녁/NNG+에/JKB+나온다며/VV+EC"
          },
          {
            "id": 8,
            "text": "2 : 피시방에 맛있는 거 진짜 많이 파는 거 알지?",
            "norm_text": "피시방에 맛있는 거 진짜 많이 파는 거 알지?",
            "speaker": {
              "id": "2번",
              "sex": "남성",
              "age": "20대"
            },
            "speechAct": "(지시) 질문하기",
            "morpheme": "피시방/NNG+에/JKB+맛있/VA+는/ETM+거/NNB+진짜/MAG+많이/MAG+파/VV+는/ETM+거/NNB+알/VV+지/EF"
          },
          {
            "id": 9,
            "text": "1 : 무슨 게임을 그렇게 하는 거야 키키",
            "norm_text": "무슨 게임을 그렇게 하는 거야 키키",
            "speaker": {
              "id": "1번",
              "sex": "여성",
              "age": "20대"
            },
            "speechAct": "(지시) 질문하기",
            "morpheme": "무슨/MM+게임/NNG+을/JKO+그렇게/MAG+하/VV+는/ETM+거/NNB+야/VCP+EF+키/NNG+키/XSV+ETN"
          },
          {
            "id": 10,
            "text": "2 : 진짜 저녁에 가서 아침에 나오거든",
            "norm_text": "진짜 저녁에 가서 아침에 나오거든",
            "speaker": {
              "id": "2번",
              "sex": "남성",
              "age": "20대"
            },
            "speechAct": "(단언) 주장하기",
            "morpheme": "진짜/MAG+저녁/NNG+에/JKB+가/VV+서/EC+아침/NNG+에/JKB+나오/VV+거든/EC"
          },
          {
            "id": 11,
            "text": "1 : 진짜 그게 찐광기래 키키",
            "norm_text": "진짜 그게 찐광기래 키키",
            "speaker": {
              "id": "1번",
              "sex": "여성",
              "age": "20대"
            },
            "speechAct": "(단언) 주장하기",
            "morpheme": "진짜/MAG+그게/NP+JKS+찐/VV+ETM+광기/NNG+래키/NNP+키/NNG"
          },
          {
            "id": 12,
            "text": "1 : 어떤 게임하는데",
            "norm_text": "어떤 게임하는데",
            "speaker": {
              "id": "1번",
              "sex": "여성",
              "age": "20대"
            },
            "speechAct": "(지시) 질문하기",
            "morpheme": "어떤/MM+게임/NNG+하/XSV+는데/EC"
          },
          {
            "id": 13,
            "text": "2 : 키키 나 롤해 요즘에 미쳐 가지고 키키",
            "norm_text": "키키 나 롤해 요즘에 미쳐 가지고 키키",
            "speaker": {
              "id": "2번",
              "sex": "남성",
              "age": "20대"
            },
            "speechAct": "(단언) 진술하기",
            "morpheme": "키/NNG+키나/XSA+ETN+JX+롤/NNG+해/XSV+EC+요즘/NNG+에/JKB+미쳐/VV+EC+가지/VX+고/EC+키/NNG+키/XSV+ETN"
          },
          {
            "id": 14,
            "text": "1 : 롤, 그치 그거 갓겜이라 하더라",
            "norm_text": "롤, 그치 그거 갓겜이라 하더라",
            "speaker": {
              "id": "1번",
              "sex": "여성",
              "age": "20대"
            },
            "speechAct": "(단언) 주장하기",
            "morpheme": "롤/NNG+,/SC+그치/IC+그거/NP+갓/MAG+겜/NNP+이/VCP+라/EC+하/VV+더라/EC"
          },
          {
            "id": 15,
            "text": "2 : 여자친구 전화도 안 받고 롤하는 중",
            "norm_text": "여자친구 전화도 안 받고 롤하는 중",
            "speaker": {
              "id": "2번",
              "sex": "남성",
              "age": "20대"
            },
            "speechAct": "(단언) 진술하기",
            "morpheme": "여자/NNG+친구/NNG+전화/NNG+도/JX+안/MAG+받/VV+고/EC+롤/NNG+하/XSV+는/ETM+중/NNB"
          },
          {
            "id": 16,
            "text": "2 : 협곡에서 사람들 만나야 해",
            "norm_text": "협곡에서 사람들 만나야 해",
            "speaker": {
              "id": "2번",
              "sex": "남성",
              "age": "20대"
            },
            "speechAct": "(단언) 진술하기",
            "morpheme": "협곡/NNG+에서/JKB+사람/NNG+들/XSN+만나/VV+야/EC+해/VV+EC"
          },
          {
            "id": 17,
            "text": "1 : 경쟁전도 하고 그러겠다 키키 휴",
            "norm_text": "경쟁전도 하고 그러겠다 키키 휴",
            "speaker": {
              "id": "1번",
              "sex": "여성",
              "age": "20대"
            },
            "speechAct": "(단언) 주장하기",
            "morpheme": "경쟁/NNG+전도/NNG+하/XSV+고/EC+그러/VV+겠/EP+다키키/NNP+휴/NNP"
          },
          {
            "id": 18,
            "text": "2 : 롤 하는 남자 만나지 마라 진짜 키키 골치 아프다",
            "norm_text": "롤 하는 남자 만나지 마라 진짜 키키 골치 아프다",
            "speaker": {
              "id": "2번",
              "sex": "남성",
              "age": "20대"
            },
            "speechAct": "(단언) 주장하기",
            "morpheme": "롤/NNG+하/XSV+는/ETM+남자/NNG+만나/VV+지/EC+마/VX+라/EC+진짜/MAG+키/NNG+키/NNG+골치/NNG+아프/VA+다/EC"
          }
        ]
      }
    }
  ]
}