{
  "dataset": {
    "identifier": 101704,
    "name": "FACEBOOK_103_04_set",
    "src_path": "/data/file/cubeManager/PROJECT001/77/txt20211028145510098379/FACEBOOK_103_04_set/",
    "label_path": "/data/file/cubeManager/PROJECT001/77/txt20211028145510098379/FACEBOOK_103_04_set/",
    "category": 2,
    "type": 0
  },
  "licenses": {
    "name": "Apache License 1.0",
    "url": "http://www.apache.org/licenses/LICENSE-1.0"
  },
  "info": [
    {
      "id": 100469,
      "filename": "FACEBOOK_103_04.txt",
      "title": "FACEBOOK_103_04",
      "mediatype": "SNS",
      "medianame": "페이스북",
      "category": "일상대화",
      "date": "2021-10-28",
      "size": 474,
      "annotations": {
        "subject": "회사/아르바이트",
        "speaker_type": "1:1",
        "size": 474,
        "word_size": 159,
        "text": "1 : 너는 지금 공부하면서 알바는 안 하는 거지?\n2 : 아니\n2 : 가게 바쁠 때마다 내려가서 도와주고 있어\n1 : 키키 맞다 그렇다고 했지?\n1 : 서빙을 주로 봐 캐셔를 주로 봐?\n2 : 캐셔를 주로 하는데 다 하는 거 같아\n1 : 키키 그렇구나 반찬 나를 때 쟁반 무겁지 않아?\n2 : 맞아 무겁긴 한데 힘들면 로봇으로 보내\n1 : 오 요즘에 인기인 로봇서빙기가 너네 가게에 있어?\n2 : 우리 가게에 서빙 로봇이 있어\n1 : 신기하다 그거 얼마 주고 사오셨대?\n2 : 잘 모르겠어 손님들이 그걸 제일 궁금해 하더라고\n1 : 그러니까 키키\n1 : 그 로봇한테 반찬 주면 걔가 맞는 곳에 가서 반찬 주는 거야?\n2 : 번호 누르고 보내면 그곳까지 가는데 내리는 건 손님이 해야 해\n1 : 그렇구나 키키\n1 : 진짜 신기하다 걔 말도 해?\n2 : 사람이 막고 있으면 비켜 달라고 해\n1 : 키키 오 대박 귀엽겠다 언제 데리고 왔어?\n2 : 코로나 심해질 때 데리고 온 거 같아",
        "lines": [
          {
            "id": 1,
            "text": "1 : 너는 지금 공부하면서 알바는 안 하는 거지?",
            "norm_text": "너는 지금 공부하면서 알바는 안 하는 거지?",
            "speaker": {
              "id": "1번",
              "sex": "여성",
              "age": "20대"
            },
            "speechAct": "(지시) 질문하기",
            "morpheme": "너/NP+는/JX+지금/MAG+공부/NNG+하/XSV+면서/EC+알/VV+ETM+바/NNB+는/JX+안/MAG+하/VV+는/ETM+거/NNB+지/VCP+EF"
          },
          {
            "id": 2,
            "text": "2 : 아니",
            "norm_text": "아니",
            "speaker": {
              "id": "2번",
              "sex": "여성",
              "age": "20대"
            },
            "speechAct": "(단언) 주장하기",
            "morpheme": "아니/IC"
          },
          {
            "id": 3,
            "text": "2 : 가게 바쁠 때마다 내려가서 도와주고 있어",
            "norm_text": "가게 바쁠 때마다 내려가서 도와주고 있어",
            "speaker": {
              "id": "2번",
              "sex": "여성",
              "age": "20대"
            },
            "speechAct": "(단언) 주장하기",
            "morpheme": "가/VV+게/EC+바쁠/VA+ETM+때/NNG+마다/JX+내려가/VV+서/EC+도와/VV+EC+주/VX+고/EC+있/VX+어/EC"
          },
          {
            "id": 4,
            "text": "1 : 키키 맞다 그렇다고 했지?",
            "norm_text": "키키 맞다 그렇다고 했지?",
            "speaker": {
              "id": "1번",
              "sex": "여성",
              "age": "20대"
            },
            "speechAct": "(지시) 질문하기",
            "morpheme": "키/NNG+키/XSV+ETN+맞/VV+다/EC+그렇/VA+다고/EC+했/VX+EP+지/EF"
          },
          {
            "id": 5,
            "text": "1 : 서빙을 주로 봐 캐셔를 주로 봐?",
            "norm_text": "서빙을 주로 봐 캐셔를 주로 봐?",
            "speaker": {
              "id": "1번",
              "sex": "여성",
              "age": "20대"
            },
            "speechAct": "(지시) 질문하기",
            "morpheme": "서빙/NNG+을/JKO+주로/MAG+봐/VV+EC+캐/VV+ETM+셔/NNG+를/JKO+주로/MAG+봐/VV+EF"
          },
          {
            "id": 6,
            "text": "2 : 캐셔를 주로 하는데 다 하는 거 같아",
            "norm_text": "캐셔를 주로 하는데 다 하는 거 같아",
            "speaker": {
              "id": "2번",
              "sex": "여성",
              "age": "20대"
            },
            "speechAct": "(단언) 주장하기",
            "morpheme": "캐/XPN+셔/NNG+를/JKO+주로/MAG+하/VV+는/ETM+데/NNB+다/JX+하/VV+는/ETM+거/NNB+같/VA+아/EC"
          },
          {
            "id": 7,
            "text": "1 : 키키 그렇구나 반찬 나를 때 쟁반 무겁지 않아?",
            "norm_text": "키키 그렇구나 반찬 나를 때 쟁반 무겁지 않아?",
            "speaker": {
              "id": "1번",
              "sex": "여성",
              "age": "20대"
            },
            "speechAct": "(지시) 질문하기",
            "morpheme": "키/NNG+키/XSV+ETN+그렇/VA+구나/EF+반찬/NNG+나/NP+를/JKO+때/NNG+쟁반/NNG+무겁/VA+지/EC+않/VX+아/EF"
          },
          {
            "id": 8,
            "text": "2 : 맞아 무겁긴 한데 힘들면 로봇으로 보내",
            "norm_text": "맞아 무겁긴 한데 힘들면 로봇으로 보내",
            "speaker": {
              "id": "2번",
              "sex": "여성",
              "age": "20대"
            },
            "speechAct": "(단언) 주장하기",
            "morpheme": "맞/VV+아/EC+무겁/VA+긴/ETN+JX+한데/VX+EC+힘들/VA+면/EC+로봇/NNG+으로/JKB+보내/VV+EC"
          },
          {
            "id": 9,
            "text": "1 : 오 요즘에 인기인 로봇서빙기가 너네 가게에 있어?",
            "norm_text": "오 요즘에 인기인 로봇서빙기가 너네 가게에 있어?",
            "speaker": {
              "id": "1번",
              "sex": "여성",
              "age": "20대"
            },
            "speechAct": "(지시) 질문하기",
            "morpheme": "오/NR+요즘/NNG+에/JKB+인기인/NNG+로봇/NNG+서/JKB+빙기/NNG+가/JKS+너/NP+네/XSN+가게/NNG+에/JKB+있/VV+어/EF"
          },
          {
            "id": 10,
            "text": "2 : 우리 가게에 서빙 로봇이 있어",
            "norm_text": "우리 가게에 서빙 로봇이 있어",
            "speaker": {
              "id": "2번",
              "sex": "여성",
              "age": "20대"
            },
            "speechAct": "(단언) 주장하기",
            "morpheme": "우리/NP+가/JKS+게/NNG+에서/JKB+빙/MAG+로봇/NNG+이/JKS+있/VV+어/EC"
          },
          {
            "id": 11,
            "text": "1 : 신기하다 그거 얼마 주고 사오셨대?",
            "norm_text": "신기하다 그거 얼마 주고 사오셨대?",
            "speaker": {
              "id": "1번",
              "sex": "여성",
              "age": "20대"
            },
            "speechAct": "(지시) 질문하기",
            "morpheme": "신기/XR+하/XSA+다/EF+그거/NP+얼마/NNG+주/VV+고/EC+사/VV+EC+오/VX+셨/EP+EP+대/EF"
          },
          {
            "id": 12,
            "text": "2 : 잘 모르겠어 손님들이 그걸 제일 궁금해 하더라고",
            "norm_text": "잘 모르겠어 손님들이 그걸 제일 궁금해 하더라고",
            "speaker": {
              "id": "2번",
              "sex": "여성",
              "age": "20대"
            },
            "speechAct": "(단언) 진술하기",
            "morpheme": "잘/MAG+모르/VV+겠/EP+어/EC+손님/NNG+들/XSN+이/JKS+그걸/NP+JKO+제일/MAG+궁금해하/VV+더라고/EC"
          },
          {
            "id": 13,
            "text": "1 : 그러니까 키키",
            "norm_text": "그러니까 키키",
            "speaker": {
              "id": "1번",
              "sex": "여성",
              "age": "20대"
            },
            "speechAct": "(단언) 주장하기",
            "morpheme": "그러니까/MAJ+키/NNG+키/XSV+ETN"
          },
          {
            "id": 14,
            "text": "1 : 그 로봇한테 반찬 주면 걔가 맞는 곳에 가서 반찬 주는 거야?",
            "norm_text": "그 로봇한테 반찬 주면 걔가 맞는 곳에 가서 반찬 주는 거야?",
            "speaker": {
              "id": "1번",
              "sex": "여성",
              "age": "20대"
            },
            "speechAct": "(지시) 질문하기",
            "morpheme": "그/MM+로봇/NNG+한테/JKB+반찬/NNG+주/VV+면/EC+걔/NP+가/JKS+맞/VV+는/ETM+곳/NNG+에/JKB+가/VV+서/EC+반찬/NNG+주/VV+는/ETM+거/NNB+야/VCP+EF"
          },
          {
            "id": 15,
            "text": "2 : 번호 누르고 보내면 그곳까지 가는데 내리는 건 손님이 해야 해",
            "norm_text": "번호 누르고 보내면 그곳까지 가는데 내리는 건 손님이 해야 해",
            "speaker": {
              "id": "2번",
              "sex": "여성",
              "age": "20대"
            },
            "speechAct": "(단언) 주장하기",
            "morpheme": "번호/NNG+누르/VV+고/EC+보내/VV+면/EC+그곳/NP+까지/JX+가/VV+는/ETM+데/NNB+내리/VV+는/ETM+건/NNB+JX+손/NNG+님/XSN+이/JKS+해야/VV+EC+해/VV+EC"
          },
          {
            "id": 16,
            "text": "1 : 그렇구나 키키",
            "norm_text": "그렇구나 키키",
            "speaker": {
              "id": "1번",
              "sex": "여성",
              "age": "20대"
            },
            "speechAct": "(단언) 주장하기",
            "morpheme": "그렇/VA+구나/EF+키/NNG+키/XSV+ETN"
          },
          {
            "id": 17,
            "text": "1 : 진짜 신기하다 걔 말도 해?",
            "norm_text": "진짜 신기하다 걔 말도 해?",
            "speaker": {
              "id": "1번",
              "sex": "여성",
              "age": "20대"
            },
            "speechAct": "(지시) 질문하기",
            "morpheme": "진짜/MAG+신기/XR+하/XSA+다/EF+걔/NP+말/NNG+도/JX+해/VV+EF"
          },
          {
            "id": 18,
            "text": "2 : 사람이 막고 있으면 비켜 달라고 해",
            "norm_text": "사람이 막고 있으면 비켜 달라고 해",
            "speaker": {
              "id": "2번",
              "sex": "여성",
              "age": "20대"
            },
            "speechAct": "(단언) 진술하기",
            "morpheme": "사람/NNG+이/JKS+막/VV+고/EC+있/VX+으면/EC+비켜/VV+EC+달/VX+라고/EC+해/VV+EC"
          },
          {
            "id": 19,
            "text": "1 : 키키 오 대박 귀엽겠다 언제 데리고 왔어?",
            "norm_text": "키키 오 대박 귀엽겠다 언제 데리고 왔어?",
            "speaker": {
              "id": "1번",
              "sex": "여성",
              "age": "20대"
            },
            "speechAct": "(지시) 질문하기",
            "morpheme": "키/NNG+키/XSV+ETN+오/NR+대박/NNG+귀엽/VA+겠/EP+다/EF+언제/MAG+데리/VV+고/EC+왔/VX+EP+어/EF"
          },
          {
            "id": 20,
            "text": "2 : 코로나 심해질 때 데리고 온 거 같아",
            "norm_text": "코로나 심해질 때 데리고 온 거 같아",
            "speaker": {
              "id": "2번",
              "sex": "여성",
              "age": "20대"
            },
            "speechAct": "(단언) 주장하기",
            "morpheme": "코로나/NNG+심해질/VA+EC+VX+ETM+때/NNG+데리/VV+고/EC+온/VX+ETM+거/NNB+같/VA+아/EC"
          }
        ]
      }
    }
  ]
}