{
  "dataset": {
    "identifier": 118119,
    "name": "FACEBOOK_111_01_set",
    "src_path": "/data/file/cubeManager/PROJECT001/80/txt202111021533190437103/FACEBOOK_111_01_set/",
    "label_path": "/data/file/cubeManager/PROJECT001/80/txt202111021533190437103/FACEBOOK_111_01_set/",
    "category": 2,
    "type": 0
  },
  "licenses": {
    "name": "Apache License 1.0",
    "url": "http://www.apache.org/licenses/LICENSE-1.0"
  },
  "info": [
    {
      "id": 130025,
      "filename": "FACEBOOK_111_01.txt",
      "title": "FACEBOOK_111_01",
      "mediatype": "SNS",
      "medianame": "페이스북",
      "category": "일상대화",
      "date": "2021-11-02",
      "size": 448,
      "annotations": {
        "subject": "식음료",
        "speaker_type": "1:1",
        "size": 448,
        "word_size": 152,
        "text": "1 : 이번에 귤 나와서 먹어봤는데 생각보다 맛없음!\n2 : 귤? 귤이 벌써 나오나?\n1 : 엉 하우스 귤이라고 트럭 아저씨가 팔더라고!\n2 : 키키 하우스에 키운 거는 맛 없지!\n1 : 아니야 요즘에는 하우스 귤이 더 맛있다 했단 말이야!\n2 : 트럭에 파는 거는 안 싱싱한 거 같아 ㅠㅠ\n1 : 흠, 그런 거 같아,\n1 : 귤 한 바구니에 3천 원 주긴 했는데!\n2 : 나 요즘 물가를 몰라서 비싼 건지 몰라 키키\n1 : 키키 실은 나도,\n1 : 저번에 엄마가 마트에서 10키로 짜리 2만 원 주고 사왔던 거 같은데!?\n2 : 귤 얘기하니까 귤 먹고 싶다 ㅠㅠ\n1 : 아 진짜! 귤은 껍질이 얇은 게 맛있어!\n2 : 오, 얇은 건 어떻게 알아?\n1 : 그 귤 중에 크고 귤이 흐물흐물한 거 몰라! 그거는 맛 없어!\n2 : 오, 이런 꿀팁 고맙다 키키\n1 : 작고 귀엽고 나같이 생긴 게 맛있지~\n2 : 그러면 맛 없을 거 같아!",
        "lines": [
          {
            "id": 1,
            "text": "1 : 이번에 귤 나와서 먹어봤는데 생각보다 맛없음!",
            "norm_text": "이번에 귤 나와서 먹어봤는데 생각보다 맛없음!",
            "speaker": {
              "id": "1번",
              "sex": "여성",
              "age": "20대"
            },
            "speechAct": "(단언) 주장하기",
            "morpheme": "이번/NNG+에/JKB+귤/NNG+나와서/VV+EC+먹/VV+어/EC+봤/VX+EP+는데/EC+생각/NNG+보다/JKB+맛없/VA+음/ETN"
          },
          {
            "id": 2,
            "text": "2 : 귤? 귤이 벌써 나오나?",
            "norm_text": "귤? 귤이 벌써 나오나?",
            "speaker": {
              "id": "2번",
              "sex": "여성",
              "age": "20대"
            },
            "speechAct": "(지시) 질문하기",
            "morpheme": "귤/NNG+?/SY+귤/NNG+이/JKS+벌써/MAG+나오/VV+나/EF"
          },
          {
            "id": 3,
            "text": "1 : 엉 하우스 귤이라고 트럭 아저씨가 팔더라고!",
            "norm_text": "엉 하우스 귤이라고 트럭 아저씨가 팔더라고!",
            "speaker": {
              "id": "1번",
              "sex": "여성",
              "age": "20대"
            },
            "speechAct": "(단언) 진술하기",
            "morpheme": "엉/IC+하우스/NNP+귤/NNG+이/VCP+라고/EC+트럭/NNG+아저씨/NNG+가/JKS+팔/VV+더라고/EF"
          },
          {
            "id": 4,
            "text": "2 : 키키 하우스에 키운 거는 맛 없지!",
            "norm_text": "키키 하우스에 키운 거는 맛 없지!",
            "speaker": {
              "id": "2번",
              "sex": "여성",
              "age": "20대"
            },
            "speechAct": "(단언) 주장하기",
            "morpheme": "키키/NNP+하우스/NNP+에/JKB+키운/VV+ETM+거/NNB+는/JX+맛없/VA+지/EF"
          },
          {
            "id": 5,
            "text": "1 : 아니야 요즘에는 하우스 귤이 더 맛있다 했단 말이야!",
            "norm_text": "아니야 요즘에는 하우스 귤이 더 맛있다 했단 말이야!",
            "speaker": {
              "id": "1번",
              "sex": "여성",
              "age": "20대"
            },
            "speechAct": "(단언) 주장하기",
            "morpheme": "아니야/IC+요즘/NNG+에/JKB+는/JX+하우스/NNP+귤/NNG+이/JKS+더/MAG+맛있/VA+다/EC+했/VX+EP+단/ETM+말/NNG+이/VCP+야/EF"
          },
          {
            "id": 6,
            "text": "2 : 트럭에 파는 거는 안 싱싱한 거 같아 ㅠㅠ",
            "norm_text": "트럭에 파는 거는 안 싱싱한 거 같아 ㅠㅠ",
            "speaker": {
              "id": "2번",
              "sex": "여성",
              "age": "20대"
            },
            "speechAct": "(단언) 주장하기",
            "morpheme": "트럭/NNG+에/JKB+파/VV+는/ETM+거/NNB+는/JX+안/MAG+싱싱/XR+한/XSA+ETM+거/NNB+같/VA+아/EC+ㅠㅠ/UNKNOWN"
          },
          {
            "id": 7,
            "text": "1 : 흠, 그런 거 같아,",
            "norm_text": "흠, 그런 거 같아,",
            "speaker": {
              "id": "1번",
              "sex": "여성",
              "age": "20대"
            },
            "speechAct": "(단언) 주장하기",
            "morpheme": "흠/IC+,/SC+그런/MM+거/NNB+같/VA+아/EC+,/SC"
          },
          {
            "id": 8,
            "text": "1 : 귤 한 바구니에 3천 원 주긴 했는데!",
            "norm_text": "귤 한 바구니에 3천 원 주긴 했는데!",
            "speaker": {
              "id": "1번",
              "sex": "여성",
              "age": "20대"
            },
            "speechAct": "(단언) 진술하기",
            "morpheme": "귤/NNG+한/XSA+ETM+바구니/NNG+에/JKB+3/SN+천/NR+원/NNBC+주/VV+긴/ETN+JX+했/VX+EP+는데/EF"
          },
          {
            "id": 9,
            "text": "2 : 나 요즘 물가를 몰라서 비싼 건지 몰라 키키",
            "norm_text": "나 요즘 물가를 몰라서 비싼 건지 몰라 키키",
            "speaker": {
              "id": "2번",
              "sex": "여성",
              "age": "20대"
            },
            "speechAct": "(단언) 주장하기",
            "morpheme": "나/NP+요즘/MAG+물가/NNG+를/JKO+몰라서/VV+EC+비싼/VA+ETM+건지/NNB+VCP+EC+몰라/VV+EC+키/NNG+키/XSV+ETN"
          },
          {
            "id": 10,
            "text": "1 : 키키 실은 나도,",
            "norm_text": "키키 실은 나도,",
            "speaker": {
              "id": "1번",
              "sex": "여성",
              "age": "20대"
            },
            "speechAct": "(단언) 주장하기",
            "morpheme": "키/NNG+키/XSV+ETN+실은/MAG+나/NP+도/JX+,/SC"
          },
          {
            "id": 11,
            "text": "1 : 저번에 엄마가 마트에서 10키로 짜리 2만 원 주고 사왔던 거 같은데!?",
            "norm_text": "저번에 엄마가 마트에서 10키로 짜리 2만 원 주고 사왔던 거 같은데!?",
            "speaker": {
              "id": "1번",
              "sex": "여성",
              "age": "20대"
            },
            "speechAct": "(단언) 진술하기",
            "morpheme": "저번/NNG+에/JKB+엄마/NNG+가/JKS+마트/NNG+에서/JKB+10/SN+키로/XSV+ETN+JKB+짜리/XSN+2/SN+만/NR+원/NNBC+주/VV+고/EC+사/VV+EC+왔/VX+EP+던/ETM+거/NNB+같/VA+은데/EC+!/SY"
          },
          {
            "id": 12,
            "text": "2 : 귤 얘기하니까 귤 먹고 싶다 ㅠㅠ",
            "norm_text": "귤 얘기하니까 귤 먹고 싶다 ㅠㅠ",
            "speaker": {
              "id": "2번",
              "sex": "여성",
              "age": "20대"
            },
            "speechAct": "(단언) 주장하기",
            "morpheme": "귤/NNG+얘기/NNG+하/XSV+니까/EC+귤/NNG+먹/VV+고/EC+싶/VX+다/EF+ㅠㅠ/UNKNOWN"
          },
          {
            "id": 13,
            "text": "1 : 아 진짜! 귤은 껍질이 얇은 게 맛있어!",
            "norm_text": "아 진짜! 귤은 껍질이 얇은 게 맛있어!",
            "speaker": {
              "id": "1번",
              "sex": "여성",
              "age": "20대"
            },
            "speechAct": "(단언) 주장하기",
            "morpheme": "아/IC+진짜/MAG+귤/NNG+은/JX+껍질/NNG+이/JKS+얇/VA+은/ETM+게/NNB+JKS+맛있/VA+어/EF"
          },
          {
            "id": 14,
            "text": "2 : 오, 얇은 건 어떻게 알아?",
            "norm_text": "오, 얇은 건 어떻게 알아?",
            "speaker": {
              "id": "2번",
              "sex": "여성",
              "age": "20대"
            },
            "speechAct": "(지시) 질문하기",
            "morpheme": "오/IC+,/SC+얇/VA+은/ETM+건/NNB+JX+어떻/VA+게/EC+알/VV+아/EF"
          },
          {
            "id": 15,
            "text": "1 : 그 귤 중에 크고 귤이 흐물흐물한 거 몰라! 그거는 맛 없어!",
            "norm_text": "그 귤 중에 크고 귤이 흐물흐물한 거 몰라! 그거는 맛 없어!",
            "speaker": {
              "id": "1번",
              "sex": "여성",
              "age": "20대"
            },
            "speechAct": "(단언) 주장하기",
            "morpheme": "그/MM+귤/NNG+중/NNB+에/JKB+크/VA+고/EC+귤/NNG+이/JKS+흐물흐물/MAG+한/XSA+ETM+거/NNB+몰라/VV+EF+그거/NP+는/JX+맛없/VA+어/EF"
          },
          {
            "id": 16,
            "text": "2 : 오, 이런 꿀팁 고맙다 키키",
            "norm_text": "오, 이런 꿀팁 고맙다 키키",
            "speaker": {
              "id": "2번",
              "sex": "여성",
              "age": "20대"
            },
            "speechAct": "(표현) 감사하기",
            "morpheme": "오/IC+,/SC+이런/MM+꿀/NNG+팁/NNG+고맙/VA+다키키/NNP"
          },
          {
            "id": 17,
            "text": "1 : 작고 귀엽고 나같이 생긴 게 맛있지~",
            "norm_text": "작고 귀엽고 나같이 생긴 게 맛있지~",
            "speaker": {
              "id": "1번",
              "sex": "여성",
              "age": "20대"
            },
            "speechAct": "(단언) 주장하기",
            "morpheme": "작/VA+고/EC+귀엽/VA+고/EC+나/JX+같이/MAG+생긴/VV+ETM+게/NNB+JKS+맛있/VA+지/EC+~/SY"
          },
          {
            "id": 18,
            "text": "2 : 그러면 맛 없을 거 같아!",
            "norm_text": "그러면 맛 없을 거 같아!",
            "speaker": {
              "id": "2번",
              "sex": "여성",
              "age": "20대"
            },
            "speechAct": "(단언) 주장하기",
            "morpheme": "그러면/MAJ+맛없/VA+을/ETM+거/NNB+같/VA+아/EF"
          }
        ]
      }
    }
  ]
}