{
  "dataset": {
    "identifier": 116724,
    "name": "FACEBOOK_111_17_set",
    "src_path": "/data/file/cubeManager/PROJECT001/80/txt20211102153319056479/FACEBOOK_111_17_set/",
    "label_path": "/data/file/cubeManager/PROJECT001/80/txt20211102153319056479/FACEBOOK_111_17_set/",
    "category": 2,
    "type": 0
  },
  "licenses": {
    "name": "Apache License 1.0",
    "url": "http://www.apache.org/licenses/LICENSE-1.0"
  },
  "info": [
    {
      "id": 130041,
      "filename": "FACEBOOK_111_17.txt",
      "title": "FACEBOOK_111_17",
      "mediatype": "SNS",
      "medianame": "페이스북",
      "category": "일상대화",
      "date": "2021-11-02",
      "size": 420,
      "annotations": {
        "subject": "건강",
        "speaker_type": "1:1",
        "size": 420,
        "word_size": 141,
        "text": "1 : 내가 지금 가운데 손가락에 습진이 생겼거든?\n2 : 헐 손가락에 웬 습진?\n1 : 어, 맨날 설거지 할 때 장갑 안 껴서 그런 가 봐 ㅜ\n2 : 아니 고무장갑을 왜 안 끼는 거야?\n1 : 나는 손이 작아서 고무장갑이 너무 커 ㅜㅜ\n2 : 헐 ㅠㅠ 고무장갑 스몰 사이즈 없나?\n1 : 스몰 사이즈도 나한테는 크더라고 ㅜ\n2 : 그럼 작은 비닐 장갑도 없어?\n1 : 아앗 키키 그거는 불편하지 않을까?\n1 : 째뜬 그래서 습진이 생겼어!\n2 : 약국에서 습진 약 샀어?\n1 : 어어 사서 발랐는데 아무래도 만성으로 도진 거 같아!\n2 : 만성이면 아예 안 낫는 거 아니야?\n1 : 약을 바르면 그때는 괜찮은데 며칠 안 바르면 다시 습진이 올라와 ㅜ\n2 : 헐... 그거 진짜 심각해질 거 같아 ㅠㅠ\n1 : 맞아 ㅜㅜ 나 그래서 너무 우울해,\n2 : 항상 설거지 할 때 조심해!",
        "lines": [
          {
            "id": 1,
            "text": "1 : 내가 지금 가운데 손가락에 습진이 생겼거든?",
            "norm_text": "내가 지금 가운데 손가락에 습진이 생겼거든?",
            "speaker": {
              "id": "1번",
              "sex": "여성",
              "age": "20대"
            },
            "speechAct": "(단언) 진술하기",
            "morpheme": "내/NP+가/JKS+지금/MAG+가운데/NNG+손가락/NNG+에/JKB+습진/NNG+이/JKS+생겼/VV+EP+거든/EF"
          },
          {
            "id": 2,
            "text": "2 : 헐 손가락에 웬 습진?",
            "norm_text": "헐 손가락에 웬 습진?",
            "speaker": {
              "id": "2번",
              "sex": "여성",
              "age": "20대"
            },
            "speechAct": "(지시) 질문하기",
            "morpheme": "헐/IC+손가락/NNG+에/JKB+웬/MM+습진/NNG"
          },
          {
            "id": 3,
            "text": "1 : 어, 맨날 설거지 할 때 장갑 안 껴서 그런 가 봐 ㅜ",
            "norm_text": "어, 맨날 설거지 할 때 장갑 안 껴서 그런 가 봐 ㅜ",
            "speaker": {
              "id": "1번",
              "sex": "여성",
              "age": "20대"
            },
            "speechAct": "(단언) 주장하기",
            "morpheme": "어/IC+,/SC+맨날설거지할때장갑안껴서그런가봐ㅜ/UNKNOWN"
          },
          {
            "id": 4,
            "text": "2 : 아니 고무장갑을 왜 안 끼는 거야?",
            "norm_text": "아니 고무장갑을 왜 안 끼는 거야?",
            "speaker": {
              "id": "2번",
              "sex": "여성",
              "age": "20대"
            },
            "speechAct": "(지시) 질문하기",
            "morpheme": "아니/IC+고무장갑/NNG+을/JKO+왜/MAG+안/MAG+끼/VV+는/ETM+거/NNB+야/VCP+EF"
          },
          {
            "id": 5,
            "text": "1 : 나는 손이 작아서 고무장갑이 너무 커 ㅜㅜ",
            "norm_text": "나는 손이 작아서 고무장갑이 너무 커 ㅜㅜ",
            "speaker": {
              "id": "1번",
              "sex": "여성",
              "age": "20대"
            },
            "speechAct": "(단언) 진술하기",
            "morpheme": "나/NP+는/JX+손/NNG+이/JKS+작/VA+아서/EC+고무장갑/NNG+이/JKS+너무/MAG+커/VA+EC+ㅜㅜ/UNKNOWN"
          },
          {
            "id": 6,
            "text": "2 : 헐 ㅠㅠ 고무장갑 스몰 사이즈 없나?",
            "norm_text": "헐 ㅠㅠ 고무장갑 스몰 사이즈 없나?",
            "speaker": {
              "id": "2번",
              "sex": "여성",
              "age": "20대"
            },
            "speechAct": "(지시) 질문하기",
            "morpheme": "헐/VV+JKO+ㅠㅠ/UNKNOWN+고무장갑/NNG+스몰/NNP+사이즈/NNP+없/VA+나/EF"
          },
          {
            "id": 7,
            "text": "1 : 스몰 사이즈도 나한테는 크더라고 ㅜ",
            "norm_text": "스몰 사이즈도 나한테는 크더라고 ㅜ",
            "speaker": {
              "id": "1번",
              "sex": "여성",
              "age": "20대"
            },
            "speechAct": "(단언) 진술하기",
            "morpheme": "스몰/NNP+사이즈/NNP+도/JX+나/NP+한테/JKB+는/JX+크/VA+더라고/EF+ㅜ/UNKNOWN"
          },
          {
            "id": 8,
            "text": "2 : 그럼 작은 비닐 장갑도 없어?",
            "norm_text": "그럼 작은 비닐 장갑도 없어?",
            "speaker": {
              "id": "2번",
              "sex": "여성",
              "age": "20대"
            },
            "speechAct": "(지시) 질문하기",
            "morpheme": "그럼/MAJ+작/VA+은/ETM+비닐장갑/NNG+도/JX+없/VA+어/EF"
          },
          {
            "id": 9,
            "text": "1 : 아앗 키키 그거는 불편하지 않을까?",
            "norm_text": "아앗 키키 그거는 불편하지 않을까?",
            "speaker": {
              "id": "1번",
              "sex": "여성",
              "age": "20대"
            },
            "speechAct": "(지시) 질문하기",
            "morpheme": "아앗/IC+키/NNG+키/XSV+ETN+그거/NP+는/JX+불편/NNG+하/XSV+지/EC+않/VX+을까/EF"
          },
          {
            "id": 10,
            "text": "1 : 째뜬 그래서 습진이 생겼어!",
            "norm_text": "째뜬 그래서 습진이 생겼어!",
            "speaker": {
              "id": "1번",
              "sex": "여성",
              "age": "20대"
            },
            "speechAct": "(단언) 진술하기",
            "morpheme": "째/XSN+뜬/VV+ETM+그래서/MAJ+습진/NNG+이/JKS+생겼/VV+EP+어/EF"
          },
          {
            "id": 11,
            "text": "2 : 약국에서 습진 약 샀어?",
            "norm_text": "약국에서 습진 약 샀어?",
            "speaker": {
              "id": "2번",
              "sex": "여성",
              "age": "20대"
            },
            "speechAct": "(지시) 질문하기",
            "morpheme": "약국/NNG+에서/JKB+습진/VA+ETM+약/NNG+샀/VV+EP+어/EF"
          },
          {
            "id": 12,
            "text": "1 : 어어 사서 발랐는데 아무래도 만성으로 도진 거 같아!",
            "norm_text": "어어 사서 발랐는데 아무래도 만성으로 도진 거 같아!",
            "speaker": {
              "id": "1번",
              "sex": "여성",
              "age": "20대"
            },
            "speechAct": "(단언) 주장하기",
            "morpheme": "어/IC+어/IC+사/VV+서/EC+발랐/VV+EP+는데/EC+아무래도/MAG+만성/NNG+으로/JKB+도진/VV+ETM+거/NNB+같/VA+아/EF"
          },
          {
            "id": 13,
            "text": "2 : 만성이면 아예 안 낫는 거 아니야?",
            "norm_text": "만성이면 아예 안 낫는 거 아니야?",
            "speaker": {
              "id": "2번",
              "sex": "여성",
              "age": "20대"
            },
            "speechAct": "(지시) 질문하기",
            "morpheme": "만성/NNG+이/VCP+면/EC+아예/MAG+안/MAG+낫/VV+는/ETM+거/NNB+아니/VCN+야/EF"
          },
          {
            "id": 14,
            "text": "1 : 약을 바르면 그때는 괜찮은데 며칠 안 바르면 다시 습진이 올라와 ㅜ",
            "norm_text": "약을 바르면 그때는 괜찮은데 며칠 안 바르면 다시 습진이 올라와 ㅜ",
            "speaker": {
              "id": "1번",
              "sex": "여성",
              "age": "20대"
            },
            "speechAct": "(단언) 진술하기",
            "morpheme": "약/NNG+을/JKO+바르/VV+면/EC+그때/NNG+는/JX+괜찮/VA+은데/EC+며칠/NNG+안/MAG+바르/VV+면/EC+다시/MAG+습진/NNG+이/JKS+올라와/VV+EC+ㅜ/UNKNOWN"
          },
          {
            "id": 15,
            "text": "2 : 헐... 그거 진짜 심각해질 거 같아 ㅠㅠ",
            "norm_text": "헐... 그거 진짜 심각해질 거 같아 ㅠㅠ",
            "speaker": {
              "id": "2번",
              "sex": "여성",
              "age": "20대"
            },
            "speechAct": "(단언) 주장하기",
            "morpheme": "헐/IC+./SY+그거/NP+진짜/MAG+심각/XR+해질/XSA+EC+VX+ETM+거/NNB+같/VA+아/EC+ㅠㅠ/UNKNOWN"
          },
          {
            "id": 16,
            "text": "1 : 맞아 ㅜㅜ 나 그래서 너무 우울해,",
            "norm_text": "맞아 ㅜㅜ 나 그래서 너무 우울해,",
            "speaker": {
              "id": "1번",
              "sex": "여성",
              "age": "20대"
            },
            "speechAct": "(단언) 주장하기",
            "morpheme": "맞아ㅜㅜ나그래서너무우울해/UNKNOWN+,/SC"
          },
          {
            "id": 17,
            "text": "2 : 항상 설거지 할 때 조심해!",
            "norm_text": "항상 설거지 할 때 조심해!",
            "speaker": {
              "id": "2번",
              "sex": "여성",
              "age": "20대"
            },
            "speechAct": "(지시) 충고/제안하기",
            "morpheme": "항상/MAG+설거지/NNG+할/XSV+ETM+때/NNG+조심/NNG+해/XSV+EF"
          }
        ]
      }
    }
  ]
}