{
  "dataset": {
    "identifier": 116957,
    "name": "FACEBOOK_105_19_set",
    "src_path": "/data/file/cubeManager/PROJECT001/77/txt20211028144832045080/FACEBOOK_105_19_set/",
    "label_path": "/data/file/cubeManager/PROJECT001/77/txt20211028144832045080/FACEBOOK_105_19_set/",
    "category": 2,
    "type": 0
  },
  "licenses": {
    "name": "Apache License 1.0",
    "url": "http://www.apache.org/licenses/LICENSE-1.0"
  },
  "info": [
    {
      "id": 100344,
      "filename": "FACEBOOK_105_19.txt",
      "title": "FACEBOOK_105_19",
      "mediatype": "SNS",
      "medianame": "페이스북",
      "category": "일상대화",
      "date": "2021-10-28",
      "size": 519,
      "annotations": {
        "subject": "방송/연예",
        "speaker_type": "1:1",
        "size": 519,
        "word_size": 183,
        "text": "1 : 오빠 유튜버 쯔양이라고 알아?\n2 : 아 알지\n2 : 먹방 하는 그 친구?\n1 : 어 맞아 키키\n1 : 근데 쯔양 부모님한테 물어보면 부모님도 알걸?\n2 : 부모님들이 쯔양을 어떻게 알아?\n1 : 쯔양이 요즘에 6시 내고향에 나온대!\n2 : 와 개 엄청 떴다\n2 : 그럼 거기서 먹고 다니는 거?\n1 : 어 맞아\n1 : 시장 가면 못 알아보는 사람이 없대~\n2 : 나도 그 사람은 먹는 게 워낙 깔끔하게 먹어서 좋아했어 키키\n1 : 맞아 키키\n1 : 이번에 울릉도 가서 칡소 30인분 먹었대!\n2 : 헐 대박\n2 : 그걸 어떻게 혼자 다 먹는 거지?\n1 : 그러니까 키키 근데 그거 다 먹어 놓고 배가 안 부르다고 그랬대!\n2 : 아니 난 진짜 이해 할 수가 없어 키키\n2 : 어떻게 그렇게 먹냐고 키키\n1 : 키키 그러니까 거기 주민이 소는 키워도 쯔양은 못 키운다고 그랬음 키키\n2 : 아 그럼 식대가 장난 아닐 거야 키키\n2 : 근데 또 살은 안 쪄요 키키\n1 : 그러니까 완전 축복 받은 몸이지 ㅜ\n2 : 맞아\n2 : 그러고 먹으면서 돈 벌고\n2 : 짱 좋지",
        "lines": [
          {
            "id": 1,
            "text": "1 : 오빠 유튜버 쯔양이라고 알아?",
            "norm_text": "오빠 유튜버 쯔양이라고 알아?",
            "speaker": {
              "id": "1번",
              "sex": "여성",
              "age": "20대"
            },
            "speechAct": "(지시) 질문하기",
            "morpheme": "오빠/NNG+유/NNP+튜버/NNP+쯔양/NNP+이/VCP+라고/EC+알/VV+아/EF"
          },
          {
            "id": 2,
            "text": "2 : 아 알지",
            "norm_text": "아 알지",
            "speaker": {
              "id": "2번",
              "sex": "남성",
              "age": "20대"
            },
            "speechAct": "(단언) 주장하기",
            "morpheme": "아/IC+알/VV+지/EC"
          },
          {
            "id": 3,
            "text": "2 : 먹방 하는 그 친구?",
            "norm_text": "먹방 하는 그 친구?",
            "speaker": {
              "id": "2번",
              "sex": "남성",
              "age": "20대"
            },
            "speechAct": "(지시) 질문하기",
            "morpheme": "먹방/NNG+하/XSV+는/ETM+그/MM+친구/NNG"
          },
          {
            "id": 4,
            "text": "1 : 어 맞아 키키",
            "norm_text": "어 맞아 키키",
            "speaker": {
              "id": "1번",
              "sex": "여성",
              "age": "20대"
            },
            "speechAct": "(단언) 주장하기",
            "morpheme": "어/IC+맞/VV+아/EC+키/NNG+키/XSV+ETN"
          },
          {
            "id": 5,
            "text": "1 : 근데 쯔양 부모님한테 물어보면 부모님도 알걸?",
            "norm_text": "근데 쯔양 부모님한테 물어보면 부모님도 알걸?",
            "speaker": {
              "id": "1번",
              "sex": "여성",
              "age": "20대"
            },
            "speechAct": "(지시) 질문하기",
            "morpheme": "근데/MAJ+쯔양/NNP+부모/NNG+님/XSN+한테/JKB+물/VV+어/EC+보/VX+면/EC+부모/NNG+님/XSN+도/JX+알/VV+걸/EF"
          },
          {
            "id": 6,
            "text": "2 : 부모님들이 쯔양을 어떻게 알아?",
            "norm_text": "부모님들이 쯔양을 어떻게 알아?",
            "speaker": {
              "id": "2번",
              "sex": "남성",
              "age": "20대"
            },
            "speechAct": "(지시) 질문하기",
            "morpheme": "부모/NNG+님/XSN+들/XSN+이/JKS+쯔양/NNP+을/JKO+어떻게/MAG+알/VV+아/EF"
          },
          {
            "id": 7,
            "text": "1 : 쯔양이 요즘에 6시 내고향에 나온대!",
            "norm_text": "쯔양이 요즘에 6시 내고향에 나온대!",
            "speaker": {
              "id": "1번",
              "sex": "여성",
              "age": "20대"
            },
            "speechAct": "(단언) 진술하기",
            "morpheme": "쯔양/NNP+이/JKS+요즘/NNG+에/JKB+6/SN+시내/NNG+고향/NNG+에/JKB+나온대/VV+EF"
          },
          {
            "id": 8,
            "text": "2 : 와 개 엄청 떴다",
            "norm_text": "와 개 엄청 떴다",
            "speaker": {
              "id": "2번",
              "sex": "남성",
              "age": "20대"
            },
            "speechAct": "(단언) 주장하기",
            "morpheme": "와/IC+개/NNG+엄청/MAG+떴/VV+EP+다/EC"
          },
          {
            "id": 9,
            "text": "2 : 그럼 거기서 먹고 다니는 거?",
            "norm_text": "그럼 거기서 먹고 다니는 거?",
            "speaker": {
              "id": "2번",
              "sex": "남성",
              "age": "20대"
            },
            "speechAct": "(지시) 질문하기",
            "morpheme": "그럼/MAJ+거기/NP+서/JKB+먹/VV+고/EC+다니/VV+는/ETM+거/NNB"
          },
          {
            "id": 10,
            "text": "1 : 어 맞아",
            "norm_text": "어 맞아",
            "speaker": {
              "id": "1번",
              "sex": "여성",
              "age": "20대"
            },
            "speechAct": "(단언) 주장하기",
            "morpheme": "어/IC+맞/VV+아/EC"
          },
          {
            "id": 11,
            "text": "1 : 시장 가면 못 알아보는 사람이 없대~",
            "norm_text": "시장 가면 못 알아보는 사람이 없대~",
            "speaker": {
              "id": "1번",
              "sex": "여성",
              "age": "20대"
            },
            "speechAct": "(단언) 주장하기",
            "morpheme": "시장/NNG+가/VV+면/EC+못/MAG+알아보/VV+는/ETM+사람/NNG+이/JKS+없/VA+대/EF+~/SY"
          },
          {
            "id": 12,
            "text": "2 : 나도 그 사람은 먹는 게 워낙 깔끔하게 먹어서 좋아했어 키키",
            "norm_text": "나도 그 사람은 먹는 게 워낙 깔끔하게 먹어서 좋아했어 키키",
            "speaker": {
              "id": "2번",
              "sex": "남성",
              "age": "20대"
            },
            "speechAct": "(단언) 주장하기",
            "morpheme": "나/NP+도/JX+그/MM+사람/NNG+은/JX+먹/VV+는/ETM+게/NNB+JKS+워낙/MAG+깔끔/XR+하/XSA+게/EC+먹/VV+어서/EC+좋/VA+아/EC+했/VX+EP+어/EC+키/NNG+키/XSV+ETN"
          },
          {
            "id": 13,
            "text": "1 : 맞아 키키",
            "norm_text": "맞아 키키",
            "speaker": {
              "id": "1번",
              "sex": "여성",
              "age": "20대"
            },
            "speechAct": "(단언) 주장하기",
            "morpheme": "맞/VV+아/EC+키/NNG+키/XSV+ETN"
          },
          {
            "id": 14,
            "text": "1 : 이번에 울릉도 가서 칡소 30인분 먹었대!",
            "norm_text": "이번에 울릉도 가서 칡소 30인분 먹었대!",
            "speaker": {
              "id": "1번",
              "sex": "여성",
              "age": "20대"
            },
            "speechAct": "(단언) 진술하기",
            "morpheme": "이번/NNG+에/JKB+울릉/NNP+도/JX+가/VV+서/EC+칡소/NNG+30/SN+인분/NNG+먹/VV+었/EP+대/EF"
          },
          {
            "id": 15,
            "text": "2 : 헐 대박",
            "norm_text": "헐 대박",
            "speaker": {
              "id": "2번",
              "sex": "남성",
              "age": "20대"
            },
            "speechAct": "턴토크 사인(관습적 반응)",
            "morpheme": "헐/IC+대박/NNG"
          },
          {
            "id": 16,
            "text": "2 : 그걸 어떻게 혼자 다 먹는 거지?",
            "norm_text": "그걸 어떻게 혼자 다 먹는 거지?",
            "speaker": {
              "id": "2번",
              "sex": "남성",
              "age": "20대"
            },
            "speechAct": "(지시) 질문하기",
            "morpheme": "그걸/NP+JKO+어떻게/MAG+혼자/NNG+다/MAG+먹/VV+는/ETM+거/NNB+지/VCP+EF"
          },
          {
            "id": 17,
            "text": "1 : 그러니까 키키 근데 그거 다 먹어 놓고 배가 안 부르다고 그랬대!",
            "norm_text": "그러니까 키키 근데 그거 다 먹어 놓고 배가 안 부르다고 그랬대!",
            "speaker": {
              "id": "1번",
              "sex": "여성",
              "age": "20대"
            },
            "speechAct": "(단언) 진술하기",
            "morpheme": "그러니까/MAJ+키/NNG+키/XSV+ETN+근데/MAJ+그거/NP+다/JX+먹/VV+어/EC+놓/VX+고/EC+배/NNG+가/JKS+안/MAG+부르/VV+다고/EC+그랬/VV+EP+대/EF"
          },
          {
            "id": 18,
            "text": "2 : 아니 난 진짜 이해 할 수가 없어 키키",
            "norm_text": "아니 난 진짜 이해 할 수가 없어 키키",
            "speaker": {
              "id": "2번",
              "sex": "남성",
              "age": "20대"
            },
            "speechAct": "(단언) 주장하기",
            "morpheme": "아니/IC+난/NP+JX+진짜/MAG+이해/NNG+할/XSV+ETM+수/NNB+가/JKS+없/VA+어/EC+키/NNG+키/XSV+ETN"
          },
          {
            "id": 19,
            "text": "2 : 어떻게 그렇게 먹냐고 키키",
            "norm_text": "어떻게 그렇게 먹냐고 키키",
            "speaker": {
              "id": "2번",
              "sex": "남성",
              "age": "20대"
            },
            "speechAct": "(단언) 주장하기",
            "morpheme": "어떻게/MAG+그렇게/MAG+먹/VV+냐고/EC+키/NNG+키/XSV+ETN"
          },
          {
            "id": 20,
            "text": "1 : 키키 그러니까 거기 주민이 소는 키워도 쯔양은 못 키운다고 그랬음 키키",
            "norm_text": "키키 그러니까 거기 주민이 소는 키워도 쯔양은 못 키운다고 그랬음 키키",
            "speaker": {
              "id": "1번",
              "sex": "여성",
              "age": "20대"
            },
            "speechAct": "(단언) 진술하기",
            "morpheme": "키/NNG+키/XSV+ETN+그러니까/MAJ+거기/NP+주민/NNG+이소/NNG+는/JX+키워도/VV+EC+쯔양/NNP+은/JX+못/MAG+키운다고/VV+EC+그랬음/VA+EP+EC+키/NNG+키/XSV+ETN"
          },
          {
            "id": 21,
            "text": "2 : 아 그럼 식대가 장난 아닐 거야 키키",
            "norm_text": "아 그럼 식대가 장난 아닐 거야 키키",
            "speaker": {
              "id": "2번",
              "sex": "남성",
              "age": "20대"
            },
            "speechAct": "(단언) 주장하기",
            "morpheme": "아/IC+그럼/MAJ+식대/NNG+가/JKS+장난/NNG+아닐/VCN+ETM+거/NNB+야/VCP+EF+키/NNG+키/XSV+ETN"
          },
          {
            "id": 22,
            "text": "2 : 근데 또 살은 안 쪄요 키키",
            "norm_text": "근데 또 살은 안 쪄요 키키",
            "speaker": {
              "id": "2번",
              "sex": "남성",
              "age": "20대"
            },
            "speechAct": "(단언) 주장하기",
            "morpheme": "근데/MAJ+또/MAG+살/NNG+은/JX+안/MAG+쪄/VV+EC+요키/NNP+키/NNG"
          },
          {
            "id": 23,
            "text": "1 : 그러니까 완전 축복 받은 몸이지 ㅜ",
            "norm_text": "그러니까 완전 축복 받은 몸이지 ㅜ",
            "speaker": {
              "id": "1번",
              "sex": "여성",
              "age": "20대"
            },
            "speechAct": "(단언) 주장하기",
            "morpheme": "그러니까/MAJ+완전/MAG+축복/NNG+받/VV+은/ETM+몸/NNG+이/JKS+지ㅜ/UNKNOWN"
          },
          {
            "id": 24,
            "text": "2 : 맞아",
            "norm_text": "맞아",
            "speaker": {
              "id": "2번",
              "sex": "남성",
              "age": "20대"
            },
            "speechAct": "(단언) 주장하기",
            "morpheme": "맞/VV+아/EC"
          },
          {
            "id": 25,
            "text": "2 : 그러고 먹으면서 돈 벌고",
            "norm_text": "그러고 먹으면서 돈 벌고",
            "speaker": {
              "id": "2번",
              "sex": "남성",
              "age": "20대"
            },
            "speechAct": "(단언) 진술하기",
            "morpheme": "그러/VV+고/EC+먹/VV+으면서/EC+돈/NNG+벌/VV+고/EC"
          },
          {
            "id": 26,
            "text": "2 : 짱 좋지",
            "norm_text": "짱 좋지",
            "speaker": {
              "id": "2번",
              "sex": "남성",
              "age": "20대"
            },
            "speechAct": "(단언) 주장하기",
            "morpheme": "짱/MAG+좋/VA+지/EC"
          }
        ]
      }
    }
  ]
}