{
  "dataset": {
    "identifier": 100125,
    "name": "FACEBOOK_109_17_set",
    "src_path": "/data/file/cubeManager/PROJECT001/77/txt20211029160805067860/FACEBOOK_109_17_set/",
    "label_path": "/data/file/cubeManager/PROJECT001/77/txt20211029160805067860/FACEBOOK_109_17_set/",
    "category": 2,
    "type": 0
  },
  "licenses": {
    "name": "Apache License 1.0",
    "url": "http://www.apache.org/licenses/LICENSE-1.0"
  },
  "info": [
    {
      "id": 111325,
      "filename": "FACEBOOK_109_17.txt",
      "title": "FACEBOOK_109_17",
      "mediatype": "SNS",
      "medianame": "페이스북",
      "category": "일상대화",
      "date": "2021-10-29",
      "size": 411,
      "annotations": {
        "subject": "건강",
        "speaker_type": "1:1",
        "size": 411,
        "word_size": 137,
        "text": "1 : 나 지금 뭘 먹었는데 온 몸이 가려움!\n2 : 무슨 이상한 거 먹은 거 아니야?\n1 : 아니야!\n1 : 맛있는 거 먹었어!\n2 : 너 음식 알러지 있어 혹시?\n1 : 음,?\n1 : 복숭아 껍질이랑 다른 건 딱히 없는 거 같은데?\n2 : 혹시 복숭아 잘못 먹은 거 아니야?\n1 : 아니!\n1 : 오늘은 복숭아 입에도 안 댔는데!?\n2 : 그럼 왜 그렇지 병원은 가봤어?\n1 : 그니까, 아니 지금 저녁이라 내일 더 심해지면 가려고!\n2 : 아니면 약국에서 약이라도 사 먹지!\n1 : 지금 약국 다 문 닫을 시간 아닌가 ㅜㅜ\n2 : 그건 그런데... 아니면 응급실은?\n1 : 흠, 지금까지는 버틸만 해서 아침에 심해지면 가려고!\n2 : 응 안심해도 병원은 꼭 가봐!\n1 : 오키 오키!\n1 : 응급실은 일단 너무 비싸서 패스~\n2 : 응 응급실은 진짜 비싸더라 키키",
        "lines": [
          {
            "id": 1,
            "text": "1 : 나 지금 뭘 먹었는데 온 몸이 가려움!",
            "norm_text": "나 지금 뭘 먹었는데 온 몸이 가려움!",
            "speaker": {
              "id": "1번",
              "sex": "여성",
              "age": "20대"
            },
            "speechAct": "(단언) 주장하기",
            "morpheme": "나/NP+지금/MAG+뭘/NP+JKO+먹/VV+었/EP+는데/EC+온몸/NNG+이/JKS+가려움/VA+ETN"
          },
          {
            "id": 2,
            "text": "2 : 무슨 이상한 거 먹은 거 아니야?",
            "norm_text": "무슨 이상한 거 먹은 거 아니야?",
            "speaker": {
              "id": "2번",
              "sex": "여성",
              "age": "20대"
            },
            "speechAct": "(지시) 질문하기",
            "morpheme": "무슨/MM+이상/NNG+한/XSA+ETM+거/NNB+먹/VV+은/ETM+거/NNB+아니/VCN+야/EF"
          },
          {
            "id": 3,
            "text": "1 : 아니야!",
            "norm_text": "아니야!",
            "speaker": {
              "id": "1번",
              "sex": "여성",
              "age": "20대"
            },
            "speechAct": "(단언) 주장하기",
            "morpheme": "아니야/IC"
          },
          {
            "id": 4,
            "text": "1 : 맛있는 거 먹었어!",
            "norm_text": "맛있는 거 먹었어!",
            "speaker": {
              "id": "1번",
              "sex": "여성",
              "age": "20대"
            },
            "speechAct": "(단언) 주장하기",
            "morpheme": "맛있/VA+는/ETM+거/NNB+먹/VV+었/EP+어/EF"
          },
          {
            "id": 5,
            "text": "2 : 너 음식 알러지 있어 혹시?",
            "norm_text": "너 음식 알러지 있어 혹시?",
            "speaker": {
              "id": "2번",
              "sex": "여성",
              "age": "20대"
            },
            "speechAct": "(지시) 질문하기",
            "morpheme": "너/NP+음식/NNG+알/VV+러지/EF+있/VA+어/EF+혹시/MAG"
          },
          {
            "id": 6,
            "text": "1 : 음,?",
            "norm_text": "음,?",
            "speaker": {
              "id": "1번",
              "sex": "여성",
              "age": "20대"
            },
            "speechAct": "(지시) 질문하기",
            "morpheme": "음/IC+,/SC"
          },
          {
            "id": 7,
            "text": "1 : 복숭아 껍질이랑 다른 건 딱히 없는 거 같은데?",
            "norm_text": "복숭아 껍질이랑 다른 건 딱히 없는 거 같은데?",
            "speaker": {
              "id": "1번",
              "sex": "여성",
              "age": "20대"
            },
            "speechAct": "(단언) 진술하기",
            "morpheme": "복숭아/NNG+껍질/NNG+이랑/JC+다른/MM+건/NNB+JX+딱히/MAG+없/VA+는/ETM+거/NNB+같/VA+은데/EF"
          },
          {
            "id": 8,
            "text": "2 : 혹시 복숭아 잘못 먹은 거 아니야?",
            "norm_text": "혹시 복숭아 잘못 먹은 거 아니야?",
            "speaker": {
              "id": "2번",
              "sex": "여성",
              "age": "20대"
            },
            "speechAct": "(지시) 질문하기",
            "morpheme": "혹시/MAG+복숭아/NNG+잘못/MAG+먹/VV+은/ETM+거/NNB+아니/VCN+야/EF"
          },
          {
            "id": 9,
            "text": "1 : 아니!",
            "norm_text": "아니!",
            "speaker": {
              "id": "1번",
              "sex": "여성",
              "age": "20대"
            },
            "speechAct": "(단언) 주장하기",
            "morpheme": "아니/IC"
          },
          {
            "id": 10,
            "text": "1 : 오늘은 복숭아 입에도 안 댔는데!?",
            "norm_text": "오늘은 복숭아 입에도 안 댔는데!?",
            "speaker": {
              "id": "1번",
              "sex": "여성",
              "age": "20대"
            },
            "speechAct": "(단언) 주장하기",
            "morpheme": "오늘/NNG+은/JX+복숭아/NNG+입/NNG+에/JKB+도/JX+안/MAG+댔/VV+EP+는데/EC+!/SY"
          },
          {
            "id": 11,
            "text": "2 : 그럼 왜 그렇지 병원은 가봤어?",
            "norm_text": "그럼 왜 그렇지 병원은 가봤어?",
            "speaker": {
              "id": "2번",
              "sex": "여성",
              "age": "20대"
            },
            "speechAct": "(지시) 질문하기",
            "morpheme": "그럼/MAJ+왜/MAG+그렇/VA+지/EC+병원/NNG+은/JX+가/VV+EC+봤/VX+EP+어/EF"
          },
          {
            "id": 12,
            "text": "1 : 그니까, 아니 지금 저녁이라 내일 더 심해지면 가려고!",
            "norm_text": "그니까, 아니 지금 저녁이라 내일 더 심해지면 가려고!",
            "speaker": {
              "id": "1번",
              "sex": "여성",
              "age": "20대"
            },
            "speechAct": "(단언) 주장하기",
            "morpheme": "그니까/MAJ+,/SC+아니/IC+지금/MAG+저녁/NNG+이/VCP+라/EC+내일/MAG+더/MAG+심해/VA+EC+지/VX+면/EC+가/VX+려고/EF"
          },
          {
            "id": 13,
            "text": "2 : 아니면 약국에서 약이라도 사 먹지!",
            "norm_text": "아니면 약국에서 약이라도 사 먹지!",
            "speaker": {
              "id": "2번",
              "sex": "여성",
              "age": "20대"
            },
            "speechAct": "(단언) 주장하기",
            "morpheme": "아니면/MAJ+약국/NNG+에서/JKB+약/NNG+이/VCP+라도/EC+사먹/VV+지/EF"
          },
          {
            "id": 14,
            "text": "1 : 지금 약국 다 문 닫을 시간 아닌가 ㅜㅜ",
            "norm_text": "지금 약국 다 문 닫을 시간 아닌가 ㅜㅜ",
            "speaker": {
              "id": "1번",
              "sex": "여성",
              "age": "20대"
            },
            "speechAct": "(단언) 주장하기",
            "morpheme": "지금/MAG+약국/NNG+다문/VV+ETM+닫/NNG+을/JKO+시간/NNG+아닌가/VCN+EC+ㅜㅜ/UNKNOWN"
          },
          {
            "id": 15,
            "text": "2 : 그건 그런데... 아니면 응급실은?",
            "norm_text": "그건 그런데... 아니면 응급실은?",
            "speaker": {
              "id": "2번",
              "sex": "여성",
              "age": "20대"
            },
            "speechAct": "(지시) 질문하기",
            "morpheme": "그건/NP+JX+그런데/MAJ+./SY+아니면/MAJ+응급실/NNG+은/JX"
          },
          {
            "id": 16,
            "text": "1 : 흠, 지금까지는 버틸만 해서 아침에 심해지면 가려고!",
            "norm_text": "흠, 지금까지는 버틸만 해서 아침에 심해지면 가려고!",
            "speaker": {
              "id": "1번",
              "sex": "여성",
              "age": "20대"
            },
            "speechAct": "(단언) 주장하기",
            "morpheme": "흠/IC+,/SC+지금/NNG+까지/JX+는/JX+버틸/VV+ETM+만/NNB+해서/XSA+EC+아침/NNG+에/JKB+심해/VA+EC+지/VX+면/EC+가/VX+려고/EF"
          },
          {
            "id": 17,
            "text": "2 : 응 안심해도 병원은 꼭 가봐!",
            "norm_text": "응 안심해도 병원은 꼭 가봐!",
            "speaker": {
              "id": "2번",
              "sex": "여성",
              "age": "20대"
            },
            "speechAct": "(단언) 주장하기",
            "morpheme": "응/IC+안심/NNG+해도/XSV+EC+병원/NNG+은/JX+꼭/MAG+가/VV+EC+봐/VX+EF"
          },
          {
            "id": 18,
            "text": "1 : 오키 오키!",
            "norm_text": "오키 오키!",
            "speaker": {
              "id": "1번",
              "sex": "여성",
              "age": "20대"
            },
            "speechAct": "(단언) 주장하기",
            "morpheme": "오키/NNP+오키/NNP"
          },
          {
            "id": 19,
            "text": "1 : 응급실은 일단 너무 비싸서 패스~",
            "norm_text": "응급실은 일단 너무 비싸서 패스~",
            "speaker": {
              "id": "1번",
              "sex": "여성",
              "age": "20대"
            },
            "speechAct": "(단언) 주장하기",
            "morpheme": "응급실/NNG+은/JX+일단/MAG+너무/MAG+비싸/VA+서/EC+패스/NNG+~/SY"
          },
          {
            "id": 20,
            "text": "2 : 응 응급실은 진짜 비싸더라 키키",
            "norm_text": "응 응급실은 진짜 비싸더라 키키",
            "speaker": {
              "id": "2번",
              "sex": "여성",
              "age": "20대"
            },
            "speechAct": "(단언) 주장하기",
            "morpheme": "응/IC+응급실/NNG+은/JX+진짜/MAG+비싸/VA+더라/EC+키/NNG+키/XSV+ETN"
          }
        ]
      }
    }
  ]
}