{
  "dataset": {
    "identifier": 98253,
    "name": "FACEBOOK_107_02_set",
    "src_path": "/data/file/cubeManager/PROJECT001/77/txt20211029160805022886/FACEBOOK_107_02_set/",
    "label_path": "/data/file/cubeManager/PROJECT001/77/txt20211029160805022886/FACEBOOK_107_02_set/",
    "category": 2,
    "type": 0
  },
  "licenses": {
    "name": "Apache License 1.0",
    "url": "http://www.apache.org/licenses/LICENSE-1.0"
  },
  "info": [
    {
      "id": 111270,
      "filename": "FACEBOOK_107_02.txt",
      "title": "FACEBOOK_107_02",
      "mediatype": "SNS",
      "medianame": "페이스북",
      "category": "일상대화",
      "date": "2021-10-29",
      "size": 409,
      "annotations": {
        "subject": "주거와 생활",
        "speaker_type": "1:1",
        "size": 409,
        "word_size": 146,
        "text": "1 : 언니는 언제부터 자취하게 됐어?\n2 : 나는 삼년 된 거 같아 대전 오고\n1 : 오! 취업 때문에 올라온 거야?\n2 : 아니\n2 : 그냥 논산에 있기 지루해서\n1 : 키키 근데 나도 논산 갔다가 대전으로 갈 거 같아!\n2 : 논산은 진짜 할 거 없어 논산 오게?\n1 : 키키 어 서울 일 끝나면 논산으로 가야지!\n2 : 서울 일이 끝나는 거야?\n1 : 어 나 계약직이라 12월에 끝나 ㅜ\n2 : 그럼 논산 가면 뭐 하게\n1 : 논산 가서 이제 자격증 준비 같은 거 해야지?\n1 : 근데 내 방이 사라져서 어떻게 해야 할지 모르겠어 ㅜ\n2 : 왜 방이 사라져?\n2 : 갑자기\n1 : 내 방 지금 엄마가 창고로 쓰고 있대 ㅜ\n2 : 키키 근데 우리 집 도야 내 방이 무슨 창고야\n1 : 키키 내가 돌아갈 곳이 자리가 없어,\n2 : 키키 그래도 가면 다 펴주겠지",
        "lines": [
          {
            "id": 1,
            "text": "1 : 언니는 언제부터 자취하게 됐어?",
            "norm_text": "언니는 언제부터 자취하게 됐어?",
            "speaker": {
              "id": "1번",
              "sex": "여성",
              "age": "20대"
            },
            "speechAct": "(지시) 질문하기",
            "morpheme": "언니/NNG+는/JX+언제/NP+부터/JX+자취/NNG+하/XSV+게/EC+됐/VV+EP+어/EF"
          },
          {
            "id": 2,
            "text": "2 : 나는 삼년 된 거 같아 대전 오고",
            "norm_text": "나는 삼년 된 거 같아 대전 오고",
            "speaker": {
              "id": "2번",
              "sex": "여성",
              "age": "20대"
            },
            "speechAct": "(단언) 진술하기",
            "morpheme": "나/NP+는/JX+삼년/NNG+된/XSV+ETM+거/NNB+같/VA+아/EC+대전/NNG+오/VV+고/EC"
          },
          {
            "id": 3,
            "text": "1 : 오! 취업 때문에 올라온 거야?",
            "norm_text": "오! 취업 때문에 올라온 거야?",
            "speaker": {
              "id": "1번",
              "sex": "여성",
              "age": "20대"
            },
            "speechAct": "(지시) 질문하기",
            "morpheme": "오/IC+취업/NNG+때문/NNB+에/JKB+올라온/VV+ETM+거/NNB+야/VCP+EF"
          },
          {
            "id": 4,
            "text": "2 : 아니",
            "norm_text": "아니",
            "speaker": {
              "id": "2번",
              "sex": "여성",
              "age": "20대"
            },
            "speechAct": "(단언) 진술하기",
            "morpheme": "아니/IC"
          },
          {
            "id": 5,
            "text": "2 : 그냥 논산에 있기 지루해서",
            "norm_text": "그냥 논산에 있기 지루해서",
            "speaker": {
              "id": "2번",
              "sex": "여성",
              "age": "20대"
            },
            "speechAct": "(단언) 진술하기",
            "morpheme": "그냥/MAG+논산/NNP+에/JKB+있/VV+기/ETN+지루/XR+해서/XSA+EC"
          },
          {
            "id": 6,
            "text": "1 : 키키 근데 나도 논산 갔다가 대전으로 갈 거 같아!",
            "norm_text": "키키 근데 나도 논산 갔다가 대전으로 갈 거 같아!",
            "speaker": {
              "id": "1번",
              "sex": "여성",
              "age": "20대"
            },
            "speechAct": "(단언) 진술하기",
            "morpheme": "키/NNG+키/XSV+ETN+근데/MAJ+나/NP+도/JX+논산/NNP+갔/VV+EP+다가/EC+대전/NNG+으로/JKB+갈/VV+ETM+거/NNB+같/VA+아/EF"
          },
          {
            "id": 7,
            "text": "2 : 논산은 진짜 할 거 없어 논산 오게?",
            "norm_text": "논산은 진짜 할 거 없어 논산 오게?",
            "speaker": {
              "id": "2번",
              "sex": "여성",
              "age": "20대"
            },
            "speechAct": "(지시) 질문하기",
            "morpheme": "논산/NNP+은/JX+진짜/MAG+할/VV+ETM+거/NNB+없/VA+어/EC+논/VX+ETM+산/NNG+오/VV+게/EC"
          },
          {
            "id": 8,
            "text": "1 : 키키 어 서울 일 끝나면 논산으로 가야지!",
            "norm_text": "키키 어 서울 일 끝나면 논산으로 가야지!",
            "speaker": {
              "id": "1번",
              "sex": "여성",
              "age": "20대"
            },
            "speechAct": "(단언) 진술하기",
            "morpheme": "키/NNG+키어/NNG+서울/NNP+일/NNG+끝/NNG+나/VV+면/EC+논/VX+ETM+산/NNG+으로/JKB+가/VV+야지/EF"
          },
          {
            "id": 9,
            "text": "2 : 서울 일이 끝나는 거야?",
            "norm_text": "서울 일이 끝나는 거야?",
            "speaker": {
              "id": "2번",
              "sex": "여성",
              "age": "20대"
            },
            "speechAct": "(지시) 질문하기",
            "morpheme": "서울/NNP+일/NNG+이/JKS+끝나/VV+는/ETM+거/NNB+야/VCP+EF"
          },
          {
            "id": 10,
            "text": "1 : 어 나 계약직이라 12월에 끝나 ㅜ",
            "norm_text": "어 나 계약직이라 12월에 끝나 ㅜ",
            "speaker": {
              "id": "1번",
              "sex": "여성",
              "age": "20대"
            },
            "speechAct": "(단언) 진술하기",
            "morpheme": "어/IC+나/NP+계약직/NNG+이/VCP+라/EC+12/SN+월/NNBC+에/JKB+끝/NNG+나ㅜ/UNKNOWN"
          },
          {
            "id": 11,
            "text": "2 : 그럼 논산 가면 뭐 하게",
            "norm_text": "그럼 논산 가면 뭐 하게",
            "speaker": {
              "id": "2번",
              "sex": "여성",
              "age": "20대"
            },
            "speechAct": "(지시) 질문하기",
            "morpheme": "그럼/MAJ+논산/NNP+가/VV+면/EC+뭐/IC+하/VV+게/EC"
          },
          {
            "id": 12,
            "text": "1 : 논산 가서 이제 자격증 준비 같은 거 해야지?",
            "norm_text": "논산 가서 이제 자격증 준비 같은 거 해야지?",
            "speaker": {
              "id": "1번",
              "sex": "여성",
              "age": "20대"
            },
            "speechAct": "(단언) 주장하기",
            "morpheme": "논산/NNP+가/VV+서/EC+이제/MAG+자격증/NNG+준비/NNG+같/VA+은/ETM+거/NNB+해야지/VV+EF"
          },
          {
            "id": 13,
            "text": "1 : 근데 내 방이 사라져서 어떻게 해야 할지 모르겠어 ㅜ",
            "norm_text": "근데 내 방이 사라져서 어떻게 해야 할지 모르겠어 ㅜ",
            "speaker": {
              "id": "1번",
              "sex": "여성",
              "age": "20대"
            },
            "speechAct": "(단언) 주장하기",
            "morpheme": "근데/MAJ+내방/NNG+이/JKS+사라져서/VV+EC+어떻게/MAG+해야/VV+EC+할지/VX+EC+모르/VV+겠/EP+어ㅜ/UNKNOWN"
          },
          {
            "id": 14,
            "text": "2 : 왜 방이 사라져?",
            "norm_text": "왜 방이 사라져?",
            "speaker": {
              "id": "2번",
              "sex": "여성",
              "age": "20대"
            },
            "speechAct": "(지시) 질문하기",
            "morpheme": "왜/MAG+방/NNG+이/JKS+사라져/VV+EF"
          },
          {
            "id": 15,
            "text": "2 : 갑자기",
            "norm_text": "갑자기",
            "speaker": {
              "id": "2번",
              "sex": "여성",
              "age": "20대"
            },
            "speechAct": "(단언) 주장하기",
            "morpheme": "갑자기/MAG"
          },
          {
            "id": 16,
            "text": "1 : 내 방 지금 엄마가 창고로 쓰고 있대 ㅜ",
            "norm_text": "내 방 지금 엄마가 창고로 쓰고 있대 ㅜ",
            "speaker": {
              "id": "1번",
              "sex": "여성",
              "age": "20대"
            },
            "speechAct": "(단언) 진술하기",
            "morpheme": "내방/NNP+지금/NNG+엄마/NNG+가/JKS+창고/NNG+로/JKB+쓰/VV+고/EC+있/VX+대ㅜ/UNKNOWN"
          },
          {
            "id": 17,
            "text": "2 : 키키 근데 우리 집 도야 내 방이 무슨 창고야",
            "norm_text": "키키 근데 우리 집 도야 내 방이 무슨 창고야",
            "speaker": {
              "id": "2번",
              "sex": "여성",
              "age": "20대"
            },
            "speechAct": "(단언) 진술하기",
            "morpheme": "키/NNG+키/XSV+ETN+근데/MAJ+우리/NP+집/NNG+도야/NNG+내방/NNG+이/JKS+무슨/MM+창고/NNG+야/VCP+EF"
          },
          {
            "id": 18,
            "text": "1 : 키키 내가 돌아갈 곳이 자리가 없어,",
            "norm_text": "키키 내가 돌아갈 곳이 자리가 없어,",
            "speaker": {
              "id": "1번",
              "sex": "여성",
              "age": "20대"
            },
            "speechAct": "(단언) 진술하기",
            "morpheme": "키/NNG+키/XSV+ETN+내/NP+가/JKS+돌아갈/VV+ETM+곳/NNG+이/JKS+자리/NNG+가/JKS+없/VA+어/EF+,/SC"
          },
          {
            "id": 19,
            "text": "2 : 키키 그래도 가면 다 펴주겠지",
            "norm_text": "키키 그래도 가면 다 펴주겠지",
            "speaker": {
              "id": "2번",
              "sex": "여성",
              "age": "20대"
            },
            "speechAct": "(단언) 주장하기",
            "morpheme": "키/NNG+키/XSV+ETN+그래도/VV+EC+가/VX+면/EC+다/MAG+펴/VV+EC+주/VX+겠/EP+지/EC"
          }
        ]
      }
    }
  ]
}