{
  "dataset": {
    "identifier": 117788,
    "name": "FACEBOOK_120_16_set",
    "src_path": "/data/file/cubeManager/PROJECT001/80/txt20211102113528096817/FACEBOOK_120_16_set/",
    "label_path": "/data/file/cubeManager/PROJECT001/80/txt20211102113528096817/FACEBOOK_120_16_set/",
    "category": 2,
    "type": 0
  },
  "licenses": {
    "name": "Apache License 1.0",
    "url": "http://www.apache.org/licenses/LICENSE-1.0"
  },
  "info": [
    {
      "id": 129899,
      "filename": "FACEBOOK_120_16.txt",
      "title": "FACEBOOK_120_16",
      "mediatype": "SNS",
      "medianame": "페이스북",
      "category": "일상대화",
      "date": "2021-11-02",
      "size": 461,
      "annotations": {
        "subject": "미용",
        "speaker_type": "1:1",
        "size": 461,
        "word_size": 159,
        "text": "1 : 아 나 눈썹 정리해야 하는데 귀찮다!\n2 : 아 나도 눈썹 정리해야 되는데 ㅠㅠ\n1 : 그치?\n1 : 눈썹은 왜 이렇게 빨리 자라는 걸까?\n2 : 그러니까\n2 : 맨날 정리하는데 사라지지도 않아\n1 : 맞아 ㅜㅜ\n1 : 나 저번 주에 깎았던 거 같은데!\n2 : 그리고 눈썹은 레이저 안 하더라?\n1 : 레이저?\n1 : 눈썹에도 레이저를 해?\n2 : 나 관리 하기 싫어서 알아봤는데 눈썹은 레이저 하는 데가 없어 키키\n1 : 키키 아 진짜?\n1 : 안 하는 이유가 있대?\n2 : 글쎄\n2 : 디자인이나 이런 것도 해 줘야 돼서 그런가?\n1 : 그냥 스케치 하고 그 밖에 있는 것들만 쏘면 되는 거 아니야?\n2 : 아니면 눈 주변이라서 그런걸 수도 있고!\n1 : 아 눈 주변이라 갑자기 눈 뜨면 큰일 나잖아!\n2 : 눈 위에 수경 쓰고 하면 되지 ㅠㅠ\n1 : 그래도 혹시 모를 사고에 대비해서 안 하는 거일 수도!\n2 : 웅 근데 있으면 나는 하고 싶어 키키",
        "lines": [
          {
            "id": 1,
            "text": "1 : 아 나 눈썹 정리해야 하는데 귀찮다!",
            "norm_text": "아 나 눈썹 정리해야 하는데 귀찮다!",
            "speaker": {
              "id": "1번",
              "sex": "여성",
              "age": "20대"
            },
            "speechAct": "(단언) 주장하기",
            "morpheme": "아/IC+나/NP+눈썹/NNG+정리/NNG+해야/XSV+EC+하/VV+는/ETM+데/NNB+귀찮/VA+다/EF"
          },
          {
            "id": 2,
            "text": "2 : 아 나도 눈썹 정리해야 되는데 ㅠㅠ",
            "norm_text": "아 나도 눈썹 정리해야 되는데 ㅠㅠ",
            "speaker": {
              "id": "2번",
              "sex": "여성",
              "age": "20대"
            },
            "speechAct": "(단언) 주장하기",
            "morpheme": "아/IC+나/NP+도/JX+눈썹/NNG+정리/NNG+해야/XSV+EC+되/VV+는데/EC+ㅠㅠ/UNKNOWN"
          },
          {
            "id": 3,
            "text": "1 : 그치?",
            "norm_text": "그치?",
            "speaker": {
              "id": "1번",
              "sex": "여성",
              "age": "20대"
            },
            "speechAct": "(단언) 주장하기",
            "morpheme": "그치/IC"
          },
          {
            "id": 4,
            "text": "1 : 눈썹은 왜 이렇게 빨리 자라는 걸까?",
            "norm_text": "눈썹은 왜 이렇게 빨리 자라는 걸까?",
            "speaker": {
              "id": "1번",
              "sex": "여성",
              "age": "20대"
            },
            "speechAct": "(단언) 주장하기",
            "morpheme": "눈썹/NNG+은/JX+왜/MAG+이렇게/MAG+빨리/MAG+자라/VV+는/ETM+걸까/NNB+VCP+EF"
          },
          {
            "id": 5,
            "text": "2 : 그러니까",
            "norm_text": "그러니까",
            "speaker": {
              "id": "2번",
              "sex": "여성",
              "age": "20대"
            },
            "speechAct": "(단언) 주장하기",
            "morpheme": "그러니까/MAJ"
          },
          {
            "id": 6,
            "text": "2 : 맨날 정리하는데 사라지지도 않아",
            "norm_text": "맨날 정리하는데 사라지지도 않아",
            "speaker": {
              "id": "2번",
              "sex": "여성",
              "age": "20대"
            },
            "speechAct": "(단언) 주장하기",
            "morpheme": "맨날/MAG+정리/NNG+하/XSV+는/ETM+데/NNB+사라지/VV+지/EC+도/JX+않/VX+아/EC"
          },
          {
            "id": 7,
            "text": "1 : 맞아 ㅜㅜ",
            "norm_text": "맞아 ㅜㅜ",
            "speaker": {
              "id": "1번",
              "sex": "여성",
              "age": "20대"
            },
            "speechAct": "(단언) 주장하기",
            "morpheme": "맞아ㅜㅜ/UNKNOWN"
          },
          {
            "id": 8,
            "text": "1 : 나 저번 주에 깎았던 거 같은데!",
            "norm_text": "나 저번 주에 깎았던 거 같은데!",
            "speaker": {
              "id": "1번",
              "sex": "여성",
              "age": "20대"
            },
            "speechAct": "(단언) 진술하기",
            "morpheme": "나/NP+저번/NNG+주/NNG+에/JKB+깎/VV+았/EP+던/ETM+거/NNB+같/VA+은데/EF"
          },
          {
            "id": 9,
            "text": "2 : 그리고 눈썹은 레이저 안 하더라?",
            "norm_text": "그리고 눈썹은 레이저 안 하더라?",
            "speaker": {
              "id": "2번",
              "sex": "여성",
              "age": "20대"
            },
            "speechAct": "(단언) 주장하기",
            "morpheme": "그리고/MAJ+눈썹/NNG+은/JX+레이저/NNG+안/MAG+하/VV+더라/EF"
          },
          {
            "id": 10,
            "text": "1 : 레이저?",
            "norm_text": "레이저?",
            "speaker": {
              "id": "1번",
              "sex": "여성",
              "age": "20대"
            },
            "speechAct": "(단언) 주장하기",
            "morpheme": "레이저/NNG"
          },
          {
            "id": 11,
            "text": "1 : 눈썹에도 레이저를 해?",
            "norm_text": "눈썹에도 레이저를 해?",
            "speaker": {
              "id": "1번",
              "sex": "여성",
              "age": "20대"
            },
            "speechAct": "(지시) 질문하기",
            "morpheme": "눈썹/NNG+에/JKB+도/JX+레이저/NNG+를/JKO+해/VV+EF"
          },
          {
            "id": 12,
            "text": "2 : 나 관리 하기 싫어서 알아봤는데 눈썹은 레이저 하는 데가 없어 키키",
            "norm_text": "나 관리 하기 싫어서 알아봤는데 눈썹은 레이저 하는 데가 없어 키키",
            "speaker": {
              "id": "2번",
              "sex": "여성",
              "age": "20대"
            },
            "speechAct": "(단언) 진술하기",
            "morpheme": "나/NP+관리/NNG+하/XSV+기/ETN+싫/VA+어서/EC+알/VV+아/EC+봤/VX+EP+는데/EC+눈썹/NNG+은/JX+레이저/NNG+하/XSV+는/ETM+데/NNB+가/JKS+없/VA+어/EC+키/NNG+키/XSV+ETN"
          },
          {
            "id": 13,
            "text": "1 : 키키 아 진짜?",
            "norm_text": "키키 아 진짜?",
            "speaker": {
              "id": "1번",
              "sex": "여성",
              "age": "20대"
            },
            "speechAct": "턴토크 사인(관습적 반응)",
            "morpheme": "키/NNG+키/VV+아/EC+진짜/MAG"
          },
          {
            "id": 14,
            "text": "1 : 안 하는 이유가 있대?",
            "norm_text": "안 하는 이유가 있대?",
            "speaker": {
              "id": "1번",
              "sex": "여성",
              "age": "20대"
            },
            "speechAct": "(지시) 질문하기",
            "morpheme": "안/MAG+하/VV+는/ETM+이유/NNG+가/JKS+있/VA+대/EF"
          },
          {
            "id": 15,
            "text": "2 : 글쎄",
            "norm_text": "글쎄",
            "speaker": {
              "id": "2번",
              "sex": "여성",
              "age": "20대"
            },
            "speechAct": "(단언) 주장하기",
            "morpheme": "글쎄/NNG"
          },
          {
            "id": 16,
            "text": "2 : 디자인이나 이런 것도 해 줘야 돼서 그런가?",
            "norm_text": "디자인이나 이런 것도 해 줘야 돼서 그런가?",
            "speaker": {
              "id": "2번",
              "sex": "여성",
              "age": "20대"
            },
            "speechAct": "(단언) 주장하기",
            "morpheme": "디자인/NNG+이나/JC+이런/MM+것/NNB+도/JX+해/VV+EC+줘야/VX+EC+돼서/VV+EC+그런가/VA+EF"
          },
          {
            "id": 17,
            "text": "1 : 그냥 스케치 하고 그 밖에 있는 것들만 쏘면 되는 거 아니야?",
            "norm_text": "그냥 스케치 하고 그 밖에 있는 것들만 쏘면 되는 거 아니야?",
            "speaker": {
              "id": "1번",
              "sex": "여성",
              "age": "20대"
            },
            "speechAct": "(단언) 주장하기",
            "morpheme": "그냥/MAG+스케치/NNG+하/XSV+고/EC+그/MM+밖/NNG+에/JKB+있/VV+는/ETM+것/NNB+들/XSN+만/JX+쏘/VV+면/EC+되/VV+는/ETM+거/NNB+아니/VCN+야/EF"
          },
          {
            "id": 18,
            "text": "2 : 아니면 눈 주변이라서 그런걸 수도 있고!",
            "norm_text": "아니면 눈 주변이라서 그런걸 수도 있고!",
            "speaker": {
              "id": "2번",
              "sex": "여성",
              "age": "20대"
            },
            "speechAct": "(단언) 주장하기",
            "morpheme": "아니면/MAJ+눈/NNG+주변/NNG+이/VCP+라서/EC+그런/MM+걸/NNB+JKO+수/NNB+도/JX+있/VA+고/EC"
          },
          {
            "id": 19,
            "text": "1 : 아 눈 주변이라 갑자기 눈 뜨면 큰일 나잖아!",
            "norm_text": "아 눈 주변이라 갑자기 눈 뜨면 큰일 나잖아!",
            "speaker": {
              "id": "1번",
              "sex": "여성",
              "age": "20대"
            },
            "speechAct": "(단언) 주장하기",
            "morpheme": "아/IC+눈/NNG+주변/NNG+이/VCP+라/EC+갑자기/MAG+눈뜨/VV+면/EC+큰일나/VV+잖아/EF"
          },
          {
            "id": 20,
            "text": "2 : 눈 위에 수경 쓰고 하면 되지 ㅠㅠ",
            "norm_text": "눈 위에 수경 쓰고 하면 되지 ㅠㅠ",
            "speaker": {
              "id": "2번",
              "sex": "여성",
              "age": "20대"
            },
            "speechAct": "(단언) 주장하기",
            "morpheme": "눈/NNG+위/NNG+에/JKB+수경/NNG+쓰/VV+고/EC+하/VV+면/EC+되/VV+지/EC+ㅠㅠ/UNKNOWN"
          },
          {
            "id": 21,
            "text": "1 : 그래도 혹시 모를 사고에 대비해서 안 하는 거일 수도!",
            "norm_text": "그래도 혹시 모를 사고에 대비해서 안 하는 거일 수도!",
            "speaker": {
              "id": "1번",
              "sex": "여성",
              "age": "20대"
            },
            "speechAct": "(단언) 주장하기",
            "morpheme": "그래도/MAJ+혹시/MAG+모를/VV+ETM+사고/NNG+에/JKB+대비/NNG+해서/XSV+EC+안/MAG+하/VV+는/ETM+거/NNB+일/VCP+ETM+수/NNB+도/JX"
          },
          {
            "id": 22,
            "text": "2 : 웅 근데 있으면 나는 하고 싶어 키키",
            "norm_text": "웅 근데 있으면 나는 하고 싶어 키키",
            "speaker": {
              "id": "2번",
              "sex": "여성",
              "age": "20대"
            },
            "speechAct": "(단언) 주장하기",
            "morpheme": "웅/IC+근데/MAJ+있/VA+으면/EC+나/NP+는/JX+하/VV+고/EC+싶/VX+어/EC+키/NNG+키/XSV+ETN"
          }
        ]
      }
    }
  ]
}