{
  "dataset": {
    "identifier": 124206,
    "name": "FACEBOOK_124_12_set",
    "src_path": "/data/file/cubeManager/PROJECT001/84/txt20211105143621006467/FACEBOOK_124_12_set/",
    "label_path": "/data/file/cubeManager/PROJECT001/84/txt20211105143621006467/FACEBOOK_124_12_set/",
    "category": 2,
    "type": 0
  },
  "licenses": {
    "name": "Apache License 1.0",
    "url": "http://www.apache.org/licenses/LICENSE-1.0"
  },
  "info": [
    {
      "id": 140148,
      "filename": "FACEBOOK_124_12.txt",
      "title": "FACEBOOK_124_12",
      "mediatype": "SNS",
      "medianame": "페이스북",
      "category": "일상대화",
      "date": "2021-11-05",
      "size": 437,
      "annotations": {
        "subject": "여행",
        "speaker_type": "1:1",
        "size": 437,
        "word_size": 149,
        "text": "1 : 가을에 여행지 추천 좀 해줘!\n2 : 가을엔 단풍 구경이 최고이긴 한데 설악산?\n1 : 음... 너무 멀어 ㅠㅠ\n1 : 다른 곳 없을까?\n2 : 진짜 나 단풍 구경 안 간 지 엄청 오래됐다 키키\n1 : 단풍 구경은 강원도가 최고긴 하지~\n2 : 부모님이랑 가야 진짜 좋은 곳인데\n2 : 너는 부모님이랑 여행 자주 가?\n1 : 아니... 나는 그냥 혼자 여행 가는 편이야 키키\n2 : 부모님이랑 같이 여행 안 간 지 진짜 오래됐다\n1 : 그래? 이번 기회에 여행 같이 가는 게 어때\n2 : 부모님이랑 한번 같이 가봐! 언제 효도할래 너\n1 : 그러게 언제 할 지 모르겠어 ㅠㅠ\n2 : 나 그래서 이번에 갈라고 계획 중이야 키키\n1 : 어디로 여행 가려고 계획했는데?\n2 : 대천으로 가서 조개 구이 먹고 와야지 키키\n1 : 오 대천 좋다!\n1 : 나도 다음에 가 보려고~\n2 : 웅 진짜 가봐 좋아 같이 가면",
        "lines": [
          {
            "id": 1,
            "text": "1 : 가을에 여행지 추천 좀 해줘!",
            "norm_text": "가을에 여행지 추천 좀 해줘!",
            "speaker": {
              "id": "1번",
              "sex": "여성",
              "age": "20대"
            },
            "speechAct": "(지시) 부탁하기",
            "morpheme": "가을/NNG+에/JKB+여행지/NNG+추천/NNG+좀/MAG+해/VV+EC+줘/VX+EF"
          },
          {
            "id": 2,
            "text": "2 : 가을엔 단풍 구경이 최고이긴 한데 설악산?",
            "norm_text": "가을엔 단풍 구경이 최고이긴 한데 설악산?",
            "speaker": {
              "id": "2번",
              "sex": "남성",
              "age": "20대"
            },
            "speechAct": "(단언) 주장하기",
            "morpheme": "가을/NNG+엔/JKB+JX+단풍/NNG+구경/NNG+이/JKS+최고/NNG+이/VCP+긴/ETN+JX+한데/VX+EC+설악산/NNP"
          },
          {
            "id": 3,
            "text": "1 : 음... 너무 멀어 ㅠㅠ",
            "norm_text": "음... 너무 멀어 ㅠㅠ",
            "speaker": {
              "id": "1번",
              "sex": "여성",
              "age": "20대"
            },
            "speechAct": "(단언) 주장하기",
            "morpheme": "음/IC+./SY+너무멀어ㅠㅠ/UNKNOWN"
          },
          {
            "id": 4,
            "text": "1 : 다른 곳 없을까?",
            "norm_text": "다른 곳 없을까?",
            "speaker": {
              "id": "1번",
              "sex": "여성",
              "age": "20대"
            },
            "speechAct": "(지시) 질문하기",
            "morpheme": "다른/MM+곳/NNB+없/VA+을까/EF"
          },
          {
            "id": 5,
            "text": "2 : 진짜 나 단풍 구경 안 간 지 엄청 오래됐다 키키",
            "norm_text": "진짜 나 단풍 구경 안 간 지 엄청 오래됐다 키키",
            "speaker": {
              "id": "2번",
              "sex": "남성",
              "age": "20대"
            },
            "speechAct": "(단언) 진술하기",
            "morpheme": "진짜/NNG+나/JC+단풍/NNG+구경/NNG+안/MAG+간지/VV+EC+엄청/MAG+오래/MAG+됐/VV+EP+다키키/NNP"
          },
          {
            "id": 6,
            "text": "1 : 단풍 구경은 강원도가 최고긴 하지~",
            "norm_text": "단풍 구경은 강원도가 최고긴 하지~",
            "speaker": {
              "id": "1번",
              "sex": "여성",
              "age": "20대"
            },
            "speechAct": "(단언) 주장하기",
            "morpheme": "단풍/NNG+구경/NNG+은/JX+강원도/NNP+가/JKS+최고/NNG+긴/VCP+ETN+JX+하/VX+지/EC+~/SY"
          },
          {
            "id": 7,
            "text": "2 : 부모님이랑 가야 진짜 좋은 곳인데",
            "norm_text": "부모님이랑 가야 진짜 좋은 곳인데",
            "speaker": {
              "id": "2번",
              "sex": "남성",
              "age": "20대"
            },
            "speechAct": "(단언) 주장하기",
            "morpheme": "부모/NNG+님/XSN+이랑/JKB+가/VV+야/EF+진짜/MAG+좋/VA+은/ETM+곳/NNB+인데/VCP+EC"
          },
          {
            "id": 8,
            "text": "2 : 너는 부모님이랑 여행 자주 가?",
            "norm_text": "너는 부모님이랑 여행 자주 가?",
            "speaker": {
              "id": "2번",
              "sex": "남성",
              "age": "20대"
            },
            "speechAct": "(지시) 질문하기",
            "morpheme": "너/NP+는/JX+부모/NNG+님/XSN+이랑/JKB+여행/NNG+자주/NNG+가/JKS"
          },
          {
            "id": 9,
            "text": "1 : 아니... 나는 그냥 혼자 여행 가는 편이야 키키",
            "norm_text": "아니... 나는 그냥 혼자 여행 가는 편이야 키키",
            "speaker": {
              "id": "1번",
              "sex": "여성",
              "age": "20대"
            },
            "speechAct": "(단언) 진술하기",
            "morpheme": "아니/IC+./SY+나/NP+는/JX+그냥/MAG+혼자/NNG+여행/NNG+가/VV+는/ETM+편/NNB+이/VCP+야/EC+키/NNG+키/XSV+ETN"
          },
          {
            "id": 10,
            "text": "2 : 부모님이랑 같이 여행 안 간 지 진짜 오래됐다",
            "norm_text": "부모님이랑 같이 여행 안 간 지 진짜 오래됐다",
            "speaker": {
              "id": "2번",
              "sex": "남성",
              "age": "20대"
            },
            "speechAct": "(단언) 진술하기",
            "morpheme": "부모/NNG+님/XSN+이랑/JKB+같이/MAG+여행/NNG+안/MAG+간지/VV+EC+진짜/MAG+오래/MAG+됐/VV+EP+다/EC"
          },
          {
            "id": 11,
            "text": "1 : 그래? 이번 기회에 여행 같이 가는 게 어때",
            "norm_text": "그래? 이번 기회에 여행 같이 가는 게 어때",
            "speaker": {
              "id": "1번",
              "sex": "여성",
              "age": "20대"
            },
            "speechAct": "(지시) 충고/제안하기",
            "morpheme": "그래/IC+이번/NNG+기회/NNG+에/JKB+여행/NNG+같이/JKB+가/VV+는/ETM+게/NNB+JKS+어때/VA+EC"
          },
          {
            "id": 12,
            "text": "2 : 부모님이랑 한번 같이 가봐! 언제 효도할래 너",
            "norm_text": "부모님이랑 한번 같이 가봐! 언제 효도할래 너",
            "speaker": {
              "id": "2번",
              "sex": "남성",
              "age": "20대"
            },
            "speechAct": "(지시) 충고/제안하기",
            "morpheme": "부모/NNG+님/XSN+이랑/JC+한/MM+번/NNBC+같이/MAG+가/VV+EC+봐/VX+EF+언제/MAG+효도/NNG+할래/XSV+EF+너/NP"
          },
          {
            "id": 13,
            "text": "1 : 그러게 언제 할 지 모르겠어 ㅠㅠ",
            "norm_text": "그러게 언제 할 지 모르겠어 ㅠㅠ",
            "speaker": {
              "id": "1번",
              "sex": "여성",
              "age": "20대"
            },
            "speechAct": "(단언) 주장하기",
            "morpheme": "그러게/IC+언제/MAG+할지/VV+EC+모르/VV+겠/EP+어/EF+ㅠㅠ/UNKNOWN"
          },
          {
            "id": 14,
            "text": "2 : 나 그래서 이번에 갈라고 계획 중이야 키키",
            "norm_text": "나 그래서 이번에 갈라고 계획 중이야 키키",
            "speaker": {
              "id": "2번",
              "sex": "남성",
              "age": "20대"
            },
            "speechAct": "(단언) 진술하기",
            "morpheme": "나/NP+그래서/MAJ+이번/NNG+에/JKB+갈라고/VV+EC+계획/NNG+중/NNB+이/VCP+야/EC+키/NNG+키/XSV+ETN"
          },
          {
            "id": 15,
            "text": "1 : 어디로 여행 가려고 계획했는데?",
            "norm_text": "어디로 여행 가려고 계획했는데?",
            "speaker": {
              "id": "1번",
              "sex": "여성",
              "age": "20대"
            },
            "speechAct": "(지시) 질문하기",
            "morpheme": "어디/NP+로/JKB+여행/NNG+가/VV+려고/EC+계획/NNG+했/XSV+EP+는데/EF"
          },
          {
            "id": 16,
            "text": "2 : 대천으로 가서 조개 구이 먹고 와야지 키키",
            "norm_text": "대천으로 가서 조개 구이 먹고 와야지 키키",
            "speaker": {
              "id": "2번",
              "sex": "남성",
              "age": "20대"
            },
            "speechAct": "(언약) 약속하기(제3자와)/(개인적 수준)",
            "morpheme": "대천/NNG+으로/JKB+가/VV+서/EC+조개/NNG+구이/NNG+먹/VV+고/EC+와야지/VX+EC+키/NNG+키/XSV+ETN"
          },
          {
            "id": 17,
            "text": "1 : 오 대천 좋다!",
            "norm_text": "오 대천 좋다!",
            "speaker": {
              "id": "1번",
              "sex": "여성",
              "age": "20대"
            },
            "speechAct": "(단언) 주장하기",
            "morpheme": "오/NR+대/NNBC+천/NR+좋/VA+다/EF"
          },
          {
            "id": 18,
            "text": "1 : 나도 다음에 가 보려고~",
            "norm_text": "나도 다음에 가 보려고~",
            "speaker": {
              "id": "1번",
              "sex": "여성",
              "age": "20대"
            },
            "speechAct": "(단언) 진술하기",
            "morpheme": "나/NP+도/JX+다음/NNG+에/JKB+가/VV+EC+보/VX+려고/EC+~/SY"
          },
          {
            "id": 19,
            "text": "2 : 웅 진짜 가봐 좋아 같이 가면",
            "norm_text": "웅 진짜 가봐 좋아 같이 가면",
            "speaker": {
              "id": "2번",
              "sex": "남성",
              "age": "20대"
            },
            "speechAct": "(지시) 충고/제안하기",
            "morpheme": "웅/IC+진짜/NNG+가/JKS+봐/VV+EC+좋/VA+아/EC+같이/MAG+가/VV+면/EC"
          }
        ]
      }
    }
  ]
}