{
  "dataset": {
    "identifier": 98818,
    "name": "FACEBOOK_106_12_set",
    "src_path": "/data/file/cubeManager/PROJECT001/77/txt20211028145511033743/FACEBOOK_106_12_set/",
    "label_path": "/data/file/cubeManager/PROJECT001/77/txt20211028145511033743/FACEBOOK_106_12_set/",
    "category": 2,
    "type": 0
  },
  "licenses": {
    "name": "Apache License 1.0",
    "url": "http://www.apache.org/licenses/LICENSE-1.0"
  },
  "info": [
    {
      "id": 100517,
      "filename": "FACEBOOK_106_12.txt",
      "title": "FACEBOOK_106_12",
      "mediatype": "SNS",
      "medianame": "페이스북",
      "category": "일상대화",
      "date": "2021-10-28",
      "size": 407,
      "annotations": {
        "subject": "여행",
        "speaker_type": "1:1",
        "size": 407,
        "word_size": 142,
        "text": "1 : 언니는 친구랑 여행 가는 거 좋아해?\n2 : 나는 진짜 너무 좋아\n1 : 최근에 친구랑 어디 놀러 갔어?\n2 : 최근에 캠핑 간 거 밖에 없어ㅜㅜ\n1 : 홀! 캠핑 도구 다 가져가서 갔어?\n2 : 웅 친구가 캠핑 장비가 있었어\n1 : 나도 이번에 친구들이랑 가는데 따뜻하게 입고 가야겠지?\n2 : 아 진짜?\n2 : 어디가?\n2 : 캠핑?\n2 : 글램핑?\n1 : 캠핑이야!\n1 : 내 친구도 장비가 다 있다고 같이 가재!\n2 : 추울 거 같은 데 괜찮겠어?\n1 : 그래서 얘가 장판을 샀대 우리를 위해서!\n2 : 키키 근데 가서 놀면 재밌어\n1 : 키키 아 진짜?\n1 : 나 한 번도 안 해봤거든!\n2 : 밖에서 고기 구워 먹는 재미로 가는 거지\n1 : 맞아\n1 : 우리 4명인데 일단  라면부터 15봉 가져갈 거임!\n2 : 와 고기부터 먹고 술도 진탕 먹어라",
        "lines": [
          {
            "id": 1,
            "text": "1 : 언니는 친구랑 여행 가는 거 좋아해?",
            "norm_text": "언니는 친구랑 여행 가는 거 좋아해?",
            "speaker": {
              "id": "1번",
              "sex": "여성",
              "age": "20대"
            },
            "speechAct": "(지시) 질문하기",
            "morpheme": "언니/NNG+는/JX+친구/NNG+랑/JKB+여행/NNG+가/VV+는/ETM+거/NNB+좋/VA+아/EC+해/VX+EF"
          },
          {
            "id": 2,
            "text": "2 : 나는 진짜 너무 좋아",
            "norm_text": "나는 진짜 너무 좋아",
            "speaker": {
              "id": "2번",
              "sex": "여성",
              "age": "20대"
            },
            "speechAct": "(단언) 주장하기",
            "morpheme": "나/NP+는/JX+진짜/MAG+너무/MAG+좋/VA+아/EC"
          },
          {
            "id": 3,
            "text": "1 : 최근에 친구랑 어디 놀러 갔어?",
            "norm_text": "최근에 친구랑 어디 놀러 갔어?",
            "speaker": {
              "id": "1번",
              "sex": "여성",
              "age": "20대"
            },
            "speechAct": "(지시) 질문하기",
            "morpheme": "최근/NNG+에/JKB+친구/NNG+랑/JC+어디/NP+놀러갔/VV+EP+어/EF"
          },
          {
            "id": 4,
            "text": "2 : 최근에 캠핑 간 거 밖에 없어ㅜㅜ",
            "norm_text": "최근에 캠핑 간 거 밖에 없어ㅜㅜ",
            "speaker": {
              "id": "2번",
              "sex": "여성",
              "age": "20대"
            },
            "speechAct": "(단언) 진술하기",
            "morpheme": "최근/NNG+에/JKB+캠핑/NNG+간/VV+ETM+거/NNB+밖에/JX+없/VA+어/EC+ㅜㅜ/UNKNOWN"
          },
          {
            "id": 5,
            "text": "1 : 홀! 캠핑 도구 다 가져가서 갔어?",
            "norm_text": "홀! 캠핑 도구 다 가져가서 갔어?",
            "speaker": {
              "id": "1번",
              "sex": "여성",
              "age": "20대"
            },
            "speechAct": "(지시) 질문하기",
            "morpheme": "홀/NNP+!/SY+캠핑/NNG+도/JX+구/VA+다가/EC+져/VX+EC+가/VX+서/EC+갔/VV+EP+어/EF"
          },
          {
            "id": 6,
            "text": "2 : 웅 친구가 캠핑 장비가 있었어",
            "norm_text": "웅 친구가 캠핑 장비가 있었어",
            "speaker": {
              "id": "2번",
              "sex": "여성",
              "age": "20대"
            },
            "speechAct": "(단언) 진술하기",
            "morpheme": "웅/IC+친구/NNG+가/JKS+캠핑/NNG+장비/NNG+가/JKS+있/VA+었/EP+어/EC"
          },
          {
            "id": 7,
            "text": "1 : 나도 이번에 친구들이랑 가는데 따뜻하게 입고 가야겠지?",
            "norm_text": "나도 이번에 친구들이랑 가는데 따뜻하게 입고 가야겠지?",
            "speaker": {
              "id": "1번",
              "sex": "여성",
              "age": "20대"
            },
            "speechAct": "(지시) 질문하기",
            "morpheme": "나/NP+도/JX+이번/NNG+에/JKB+친구/NNG+들/XSN+이랑/JKB+가/VV+는데/EC+따뜻/XR+하/XSA+게/EC+입/VV+고/EC+가/VX+야/EC+겠지/VX+EP+EF"
          },
          {
            "id": 8,
            "text": "2 : 아 진짜?",
            "norm_text": "아 진짜?",
            "speaker": {
              "id": "2번",
              "sex": "여성",
              "age": "20대"
            },
            "speechAct": "(지시) 질문하기",
            "morpheme": "아/IC+진짜/MAG"
          },
          {
            "id": 9,
            "text": "2 : 어디가?",
            "norm_text": "어디가?",
            "speaker": {
              "id": "2번",
              "sex": "여성",
              "age": "20대"
            },
            "speechAct": "(지시) 질문하기",
            "morpheme": "어디/NP+가/JKS"
          },
          {
            "id": 10,
            "text": "2 : 캠핑?",
            "norm_text": "캠핑?",
            "speaker": {
              "id": "2번",
              "sex": "여성",
              "age": "20대"
            },
            "speechAct": "(지시) 질문하기",
            "morpheme": "캠핑/NNG"
          },
          {
            "id": 11,
            "text": "2 : 글램핑?",
            "norm_text": "글램핑?",
            "speaker": {
              "id": "2번",
              "sex": "여성",
              "age": "20대"
            },
            "speechAct": "(지시) 질문하기",
            "morpheme": "글램/NNP+핑/NNP"
          },
          {
            "id": 12,
            "text": "1 : 캠핑이야!",
            "norm_text": "캠핑이야!",
            "speaker": {
              "id": "1번",
              "sex": "여성",
              "age": "20대"
            },
            "speechAct": "(단언) 진술하기",
            "morpheme": "캠핑/NNG+이/VCP+야/EF"
          },
          {
            "id": 13,
            "text": "1 : 내 친구도 장비가 다 있다고 같이 가재!",
            "norm_text": "내 친구도 장비가 다 있다고 같이 가재!",
            "speaker": {
              "id": "1번",
              "sex": "여성",
              "age": "20대"
            },
            "speechAct": "(단언) 진술하기",
            "morpheme": "내/NP+JKG+친구/NNG+도/JX+장비/NNG+가/JKS+다/MAG+있/VA+다고/EC+같이/MAG+가/VV+재/EF"
          },
          {
            "id": 14,
            "text": "2 : 추울 거 같은 데 괜찮겠어?",
            "norm_text": "추울 거 같은 데 괜찮겠어?",
            "speaker": {
              "id": "2번",
              "sex": "여성",
              "age": "20대"
            },
            "speechAct": "(지시) 질문하기",
            "morpheme": "추울/VA+ETM+거/NNB+같/VA+은/ETM+데/NNB+괜찮/VA+겠/EP+어/EF"
          },
          {
            "id": 15,
            "text": "1 : 그래서 얘가 장판을 샀대 우리를 위해서!",
            "norm_text": "그래서 얘가 장판을 샀대 우리를 위해서!",
            "speaker": {
              "id": "1번",
              "sex": "여성",
              "age": "20대"
            },
            "speechAct": "(단언) 진술하기",
            "morpheme": "그래서/MAJ+얘/NP+가/JKS+장판/NNG+을/JKO+샀/VV+EP+대/EF+우리/NP+를/JKO+위해서/VV+EC"
          },
          {
            "id": 16,
            "text": "2 : 키키 근데 가서 놀면 재밌어",
            "norm_text": "키키 근데 가서 놀면 재밌어",
            "speaker": {
              "id": "2번",
              "sex": "여성",
              "age": "20대"
            },
            "speechAct": "(단언) 주장하기",
            "morpheme": "키/NNG+키/XSV+ETN+근데/MAJ+가/VV+서/EC+놀/VV+면/EC+재밌/VA+어/EC"
          },
          {
            "id": 17,
            "text": "1 : 키키 아 진짜?",
            "norm_text": "키키 아 진짜?",
            "speaker": {
              "id": "1번",
              "sex": "여성",
              "age": "20대"
            },
            "speechAct": "(지시) 질문하기",
            "morpheme": "키/NNG+키/VV+아/EC+진짜/MAG"
          },
          {
            "id": 18,
            "text": "1 : 나 한 번도 안 해봤거든!",
            "norm_text": "나 한 번도 안 해봤거든!",
            "speaker": {
              "id": "1번",
              "sex": "여성",
              "age": "20대"
            },
            "speechAct": "(단언) 진술하기",
            "morpheme": "나/NP+한/MM+번/NNBC+도/JX+안/MAG+해/VV+EC+봤/VX+EP+거든/EF"
          },
          {
            "id": 19,
            "text": "2 : 밖에서 고기 구워 먹는 재미로 가는 거지",
            "norm_text": "밖에서 고기 구워 먹는 재미로 가는 거지",
            "speaker": {
              "id": "2번",
              "sex": "여성",
              "age": "20대"
            },
            "speechAct": "(단언) 주장하기",
            "morpheme": "밖/NNG+에서/JKB+고기/NNG+구워/VV+EC+먹/VV+는/ETM+재미/NNG+로/JKB+가/VV+는/ETM+거/NNB+지/VCP+EC"
          },
          {
            "id": 20,
            "text": "1 : 맞아",
            "norm_text": "맞아",
            "speaker": {
              "id": "1번",
              "sex": "여성",
              "age": "20대"
            },
            "speechAct": "(단언) 주장하기",
            "morpheme": "맞/VV+아/EC"
          },
          {
            "id": 21,
            "text": "1 : 우리 4명인데 일단  라면부터 15봉 가져갈 거임!",
            "norm_text": "우리 4명인데 일단  라면부터 15봉 가져갈 거임!",
            "speaker": {
              "id": "1번",
              "sex": "여성",
              "age": "20대"
            },
            "speechAct": "(단언) 주장하기",
            "morpheme": "우리/NP+4/SN+명/NNBC+인데/VCP+EC+일단/MAG+라면/NNG+부터/JX+15/SN+봉/NNG+가져갈/VV+ETM+거/NNB+임/VCP+ETN"
          },
          {
            "id": 22,
            "text": "2 : 와 고기부터 먹고 술도 진탕 먹어라",
            "norm_text": "와 고기부터 먹고 술도 진탕 먹어라",
            "speaker": {
              "id": "2번",
              "sex": "여성",
              "age": "20대"
            },
            "speechAct": "(단언) 주장하기",
            "morpheme": "와/IC+고기/NNG+부터/JX+먹/VV+고/EC+술/NNG+도/JX+진탕/MAG+먹/VV+어라/EC"
          }
        ]
      }
    }
  ]
}