{
  "dataset": {
    "identifier": 98833,
    "name": "FACEBOOK_108_08_set",
    "src_path": "/data/file/cubeManager/PROJECT001/77/txt20211029160805043998/FACEBOOK_108_08_set/",
    "label_path": "/data/file/cubeManager/PROJECT001/77/txt20211029160805043998/FACEBOOK_108_08_set/",
    "category": 2,
    "type": 0
  },
  "licenses": {
    "name": "Apache License 1.0",
    "url": "http://www.apache.org/licenses/LICENSE-1.0"
  },
  "info": [
    {
      "id": 111296,
      "filename": "FACEBOOK_108_08.txt",
      "title": "FACEBOOK_108_08",
      "mediatype": "SNS",
      "medianame": "페이스북",
      "category": "일상대화",
      "date": "2021-10-29",
      "size": 549,
      "annotations": {
        "subject": "연애/결혼",
        "speaker_type": "1:1",
        "size": 549,
        "word_size": 173,
        "text": "1 : 우리 사촌언니가 이번에 결혼을 한대!\n2 : 헐 정말?\n2 : 나이가 어떻게 되시는데 벌써 하셔?!\n1 : 응~ 6월 달에 계란 한판 케이크 만들어 줬어~\n2 : 와 그래도 좀 빠르게 하는 편인거 아니야?!\n1 : 맞아 키키\n1 : 근데 언니는 더 일찍 하고 싶었는데 이번에 하게 됐어!\n2 : 키키 완전 좋으시겠다 ㅠㅠ\n2 : 결혼식하면 다이어트하신데!?\n1 : 하, 그 양반이 다이어트라는 단어를 알라나 모르겠다, 지금 캠핑에 빠졌어\n2 : 진짜? 키키\n2 : 그래 뭐 다이어트야... 맛있는 거 먹고 선생님들이 화장 예쁘게 해주시겠지 하하\n1 : 키키 맞아 지금도 군고구마랑 라면 사진 찍어서 올렸어,\n2 : 키키 맛있는거만 먹고 계시네 하하 다이어트 버려!\n1 : 어 곧 형부가 될 남친이랑 가서 놀고 있대~\n2 : 헐 진짜?\n2 : 좋겠다 ㅠㅠ 이제 남편이랑 같이 살겠네 ㅠㅠ\n1 : 맞아 키키\n1 : 지금 논산에 새로운 아파트 생기는데 거기 청약 넣었대!\n2 : 와 당첨 되셨으면 좋겠다 하하\n1 : 될 거 같아 청약도 오랫동안 넣어 놔서!\n2 : 와 그럼 나중에 집들이 하겠네~ 가보고 후기 알려줘!",
        "lines": [
          {
            "id": 1,
            "text": "1 : 우리 사촌언니가 이번에 결혼을 한대!",
            "norm_text": "우리 사촌언니가 이번에 결혼을 한대!",
            "speaker": {
              "id": "1번",
              "sex": "여성",
              "age": "20대"
            },
            "speechAct": "(단언) 진술하기",
            "morpheme": "우리/NP+사촌/NNG+언니/NNG+가/JKS+이번/NNG+에/JKB+결혼/NNG+을/JKO+한대/VV+EF"
          },
          {
            "id": 2,
            "text": "2 : 헐 정말?",
            "norm_text": "헐 정말?",
            "speaker": {
              "id": "2번",
              "sex": "여성",
              "age": "20대"
            },
            "speechAct": "(지시) 질문하기",
            "morpheme": "헐/IC+정말/MAG"
          },
          {
            "id": 3,
            "text": "2 : 나이가 어떻게 되시는데 벌써 하셔?!",
            "norm_text": "나이가 어떻게 되시는데 벌써 하셔?!",
            "speaker": {
              "id": "2번",
              "sex": "여성",
              "age": "20대"
            },
            "speechAct": "(지시) 질문하기",
            "morpheme": "나이/NNG+가/JKS+어떻게/MAG+되/VV+시/EP+는데/EC+벌써/MAG+하/VV+셔/EP+EC+?/SY"
          },
          {
            "id": 4,
            "text": "1 : 응~ 6월 달에 계란 한판 케이크 만들어 줬어~",
            "norm_text": "응~ 6월 달에 계란 한판 케이크 만들어 줬어~",
            "speaker": {
              "id": "1번",
              "sex": "여성",
              "age": "20대"
            },
            "speechAct": "(단언) 진술하기",
            "morpheme": "응/IC+~/SY+6/SN+월/NNBC+달/NNG+에/JKB+계란/NNG+한판/NNG+케이크/NNG+만들/VV+어/EC+줬/VX+EP+어/EC+~/SY"
          },
          {
            "id": 5,
            "text": "2 : 와 그래도 좀 빠르게 하는 편인거 아니야?!",
            "norm_text": "와 그래도 좀 빠르게 하는 편인거 아니야?!",
            "speaker": {
              "id": "2번",
              "sex": "여성",
              "age": "20대"
            },
            "speechAct": "(지시) 질문하기",
            "morpheme": "와/IC+그래도/MAJ+좀/MAG+빠르/VA+게/EC+하/VV+는/ETM+편/NNB+인/VCP+ETM+거/NNB+아니/VCN+야/EC+?/SY"
          },
          {
            "id": 6,
            "text": "1 : 맞아 키키",
            "norm_text": "맞아 키키",
            "speaker": {
              "id": "1번",
              "sex": "여성",
              "age": "20대"
            },
            "speechAct": "(단언) 주장하기",
            "morpheme": "맞/VV+아/EC+키/NNG+키/XSV+ETN"
          },
          {
            "id": 7,
            "text": "1 : 근데 언니는 더 일찍 하고 싶었는데 이번에 하게 됐어!",
            "norm_text": "근데 언니는 더 일찍 하고 싶었는데 이번에 하게 됐어!",
            "speaker": {
              "id": "1번",
              "sex": "여성",
              "age": "20대"
            },
            "speechAct": "(단언) 진술하기",
            "morpheme": "근데/MAJ+언니/NNG+는/JX+더/MAG+일찍/MAG+하/VV+고/EC+싶/VX+었/EP+는데/EC+이번/NNG+에/JKB+하/VV+게/EC+됐/VV+EP+어/EF"
          },
          {
            "id": 8,
            "text": "2 : 키키 완전 좋으시겠다 ㅠㅠ",
            "norm_text": "키키 완전 좋으시겠다 ㅠㅠ",
            "speaker": {
              "id": "2번",
              "sex": "여성",
              "age": "20대"
            },
            "speechAct": "(단언) 주장하기",
            "morpheme": "키/NNG+키/XSV+ETN+완전/MAG+좋/VA+으시/EP+겠/EP+다/EF+ㅠㅠ/UNKNOWN"
          },
          {
            "id": 9,
            "text": "2 : 결혼식하면 다이어트하신데!?",
            "norm_text": "결혼식하면 다이어트하신데!?",
            "speaker": {
              "id": "2번",
              "sex": "여성",
              "age": "20대"
            },
            "speechAct": "(지시) 질문하기",
            "morpheme": "결혼식/NNG+하/XSV+면/EC+다이어트/NNG+하/XSV+신데/EP+EC+!/SY"
          },
          {
            "id": 10,
            "text": "1 : 하, 그 양반이 다이어트라는 단어를 알라나 모르겠다, 지금 캠핑에 빠졌어",
            "norm_text": "하, 그 양반이 다이어트라는 단어를 알라나 모르겠다, 지금 캠핑에 빠졌어",
            "speaker": {
              "id": "1번",
              "sex": "여성",
              "age": "20대"
            },
            "speechAct": "(단언) 주장하기",
            "morpheme": "하/IC+,/SC+그/MM+양반/NNG+이/JKS+다이어트/NNG+라는/VCP+ETM+단어/NNG+를/JKO+알/VV+라나/EC+모르/VV+겠/EP+다/EF+,/SC+지금/MAG+캠핑/NNG+에/JKB+빠졌/VV+EP+어/EC"
          },
          {
            "id": 11,
            "text": "2 : 진짜? 키키",
            "norm_text": "진짜? 키키",
            "speaker": {
              "id": "2번",
              "sex": "여성",
              "age": "20대"
            },
            "speechAct": "(지시) 질문하기",
            "morpheme": "진짜/MAG+키/NNG+키/XSV+ETN"
          },
          {
            "id": 12,
            "text": "2 : 그래 뭐 다이어트야... 맛있는 거 먹고 선생님들이 화장 예쁘게 해주시겠지 하하",
            "norm_text": "그래 뭐 다이어트야... 맛있는 거 먹고 선생님들이 화장 예쁘게 해주시겠지 하하",
            "speaker": {
              "id": "2번",
              "sex": "여성",
              "age": "20대"
            },
            "speechAct": "(단언) 주장하기",
            "morpheme": "그래/IC+뭐/IC+다이어트/NNG+야/VCP+EF+./SY+맛있/VA+는/ETM+거/NNB+먹/VV+고/EC+선생/NNG+님/XSN+들/XSN+이/JKS+화장/NNG+예쁘/VA+게/EC+해/VV+EC+주/VX+시/EP+겠/EC+지하/NNG+하/XSV"
          },
          {
            "id": 13,
            "text": "1 : 키키 맞아 지금도 군고구마랑 라면 사진 찍어서 올렸어,",
            "norm_text": "키키 맞아 지금도 군고구마랑 라면 사진 찍어서 올렸어,",
            "speaker": {
              "id": "1번",
              "sex": "여성",
              "age": "20대"
            },
            "speechAct": "(단언) 진술하기",
            "morpheme": "키키맞아지금도군고구마랑라면사진찍어서올렸어/UNKNOWN+,/SC"
          },
          {
            "id": 14,
            "text": "2 : 키키 맛있는거만 먹고 계시네 하하 다이어트 버려!",
            "norm_text": "키키 맛있는거만 먹고 계시네 하하 다이어트 버려!",
            "speaker": {
              "id": "2번",
              "sex": "여성",
              "age": "20대"
            },
            "speechAct": "(단언) 주장하기",
            "morpheme": "키/NNG+키/XSV+ETN+맛있/VA+는/ETM+거/NNB+만/JX+먹/VV+고/EC+계시/VX+네/EF+하하/MAG+다이어트/NNG+버려/VV+EF"
          },
          {
            "id": 15,
            "text": "1 : 어 곧 형부가 될 남친이랑 가서 놀고 있대~",
            "norm_text": "어 곧 형부가 될 남친이랑 가서 놀고 있대~",
            "speaker": {
              "id": "1번",
              "sex": "여성",
              "age": "20대"
            },
            "speechAct": "(단언) 진술하기",
            "morpheme": "어/IC+곧/MAG+형부/NNG+가/JKS+될/VV+ETM+남친/NNG+이랑/JKB+가/VV+서/EC+놀/VV+고/EC+있/VX+대/EF+~/SY"
          },
          {
            "id": 16,
            "text": "2 : 헐 진짜?",
            "norm_text": "헐 진짜?",
            "speaker": {
              "id": "2번",
              "sex": "여성",
              "age": "20대"
            },
            "speechAct": "(지시) 질문하기",
            "morpheme": "헐/IC+진짜/MAG"
          },
          {
            "id": 17,
            "text": "2 : 좋겠다 ㅠㅠ 이제 남편이랑 같이 살겠네 ㅠㅠ",
            "norm_text": "좋겠다 ㅠㅠ 이제 남편이랑 같이 살겠네 ㅠㅠ",
            "speaker": {
              "id": "2번",
              "sex": "여성",
              "age": "20대"
            },
            "speechAct": "(단언) 주장하기",
            "morpheme": "좋/VA+겠/EP+다/EF+ㅠㅠ/UNKNOWN+이제/MAG+남편/NNG+이랑/JKB+같이/MAG+살/VV+겠/EP+네/EF+ㅠㅠ/UNKNOWN"
          },
          {
            "id": 18,
            "text": "1 : 맞아 키키",
            "norm_text": "맞아 키키",
            "speaker": {
              "id": "1번",
              "sex": "여성",
              "age": "20대"
            },
            "speechAct": "(단언) 주장하기",
            "morpheme": "맞/VV+아/EC+키/NNG+키/XSV+ETN"
          },
          {
            "id": 19,
            "text": "1 : 지금 논산에 새로운 아파트 생기는데 거기 청약 넣었대!",
            "norm_text": "지금 논산에 새로운 아파트 생기는데 거기 청약 넣었대!",
            "speaker": {
              "id": "1번",
              "sex": "여성",
              "age": "20대"
            },
            "speechAct": "(단언) 진술하기",
            "morpheme": "지금/MAG+논산/NNP+에/JKB+새로운/VA+ETM+아파트/NNG+생기/VV+는데/EC+거기/NP+청약/NNG+넣/VV+었/EP+대/EF"
          },
          {
            "id": 20,
            "text": "2 : 와 당첨 되셨으면 좋겠다 하하",
            "norm_text": "와 당첨 되셨으면 좋겠다 하하",
            "speaker": {
              "id": "2번",
              "sex": "여성",
              "age": "20대"
            },
            "speechAct": "(단언) 주장하기",
            "morpheme": "와/IC+당첨/NNG+되/XSV+셨/EP+EP+으면/EC+좋/VA+겠/EP+다/EF+하하/MAG"
          },
          {
            "id": 21,
            "text": "1 : 될 거 같아 청약도 오랫동안 넣어 놔서!",
            "norm_text": "될 거 같아 청약도 오랫동안 넣어 놔서!",
            "speaker": {
              "id": "1번",
              "sex": "여성",
              "age": "20대"
            },
            "speechAct": "(단언) 주장하기",
            "morpheme": "될/VV+ETM+거/NNB+같/VA+아/EC+청약/NNG+도/JX+오랫동안/NNG+넣/VV+어/EC+놔서/VX+EF"
          },
          {
            "id": 22,
            "text": "2 : 와 그럼 나중에 집들이 하겠네~ 가보고 후기 알려줘!",
            "norm_text": "와 그럼 나중에 집들이 하겠네~ 가보고 후기 알려줘!",
            "speaker": {
              "id": "2번",
              "sex": "여성",
              "age": "20대"
            },
            "speechAct": "(단언) 주장하기",
            "morpheme": "와/IC+그럼/MAJ+나중/NNG+에/JKB+집들이/NNG+하/XSV+겠/EP+네/EF+~/SY+가/JKS+보/VV+고/EC+후기/NNG+알려/VV+EC+줘/VX+EF"
          }
        ]
      }
    }
  ]
}