{
  "dataset": {
    "identifier": 117453,
    "name": "FACEBOOK_117_15_set",
    "src_path": "/data/file/cubeManager/PROJECT001/80/txt20211102103331040129/FACEBOOK_117_15_set/",
    "label_path": "/data/file/cubeManager/PROJECT001/80/txt20211102103331040129/FACEBOOK_117_15_set/",
    "category": 2,
    "type": 0
  },
  "licenses": {
    "name": "Apache License 1.0",
    "url": "http://www.apache.org/licenses/LICENSE-1.0"
  },
  "info": [
    {
      "id": 129658,
      "filename": "FACEBOOK_117_15.txt",
      "title": "FACEBOOK_117_15",
      "mediatype": "SNS",
      "medianame": "페이스북",
      "category": "일상대화",
      "date": "2021-11-02",
      "size": 467,
      "annotations": {
        "subject": "타 국가 이슈",
        "speaker_type": "1:1",
        "size": 467,
        "word_size": 148,
        "text": "1 : 중국에 어떤 싱어송라이터가 중국을 비판하는 노래를 만들었대!\n2 : 중국인이 중국을?\n2 : 무슨 불만이지?\n1 : 키키 어 이번에 코로나 터졌잖아~\n1 : 그거 가지고 노래를 만들었대!\n2 : 근데 코로나 진짜 중국 때문 아님?\n1 : 키키 당연하지\n1 : 중국만 지금 외면하는 현실이야!\n2 : 그럼 각 나라에서 중국한테 뭐라 해야 되는 거 아냐?\n1 : 지금 그래서 인도는 손해배상 청구했잖아 2조인가? 키키\n2 : 맞아 손해배상 우리는 왜 안 청구해?\n1 : 키키 몰라, 째뜬 이 싱어송라이터가 만든 동영상 봤거든?\n2 : 웅 웃겨? 무슨 노랜데\n1 : 팬더가 박쥐로 요리하는 장면이 나오더라!\n2 : 키키 걔 벌 안 받았나?\n2 : 어떻게 됐대?\n1 : 음~ 유튜브로 올렸는데 유튜브 영상 다 내려가고 연락 두절 됐대 ㅜ\n2 : 헐 잡혀간 거 아냐?\n2 : 무서워\n1 : 그렇겠지, 중국 공산당이잖아 ㅜㅜ\n1 : 무서워\n2 : 그니까 왜 올려 가지고 으이고",
        "lines": [
          {
            "id": 1,
            "text": "1 : 중국에 어떤 싱어송라이터가 중국을 비판하는 노래를 만들었대!",
            "norm_text": "중국에 어떤 싱어송라이터가 중국을 비판하는 노래를 만들었대!",
            "speaker": {
              "id": "1번",
              "sex": "여성",
              "age": "20대"
            },
            "speechAct": "(단언) 진술하기",
            "morpheme": "중국/NNP+에/JKB+어떤/MM+싱어/NNG+송라이터/NNP+가/JKS+중국/NNP+을/JKO+비판/NNG+하/XSV+는/ETM+노래/NNG+를/JKO+만들/VV+었/EP+대/EF"
          },
          {
            "id": 2,
            "text": "2 : 중국인이 중국을?",
            "norm_text": "중국인이 중국을?",
            "speaker": {
              "id": "2번",
              "sex": "여성",
              "age": "20대"
            },
            "speechAct": "(단언) 주장하기",
            "morpheme": "중국인/NNG+이/JKS+중국/NNP+을/JKO"
          },
          {
            "id": 3,
            "text": "2 : 무슨 불만이지?",
            "norm_text": "무슨 불만이지?",
            "speaker": {
              "id": "2번",
              "sex": "여성",
              "age": "20대"
            },
            "speechAct": "(단언) 주장하기",
            "morpheme": "무슨/MM+불만/NNG+이/VCP+지/EF"
          },
          {
            "id": 4,
            "text": "1 : 키키 어 이번에 코로나 터졌잖아~",
            "norm_text": "키키 어 이번에 코로나 터졌잖아~",
            "speaker": {
              "id": "1번",
              "sex": "여성",
              "age": "20대"
            },
            "speechAct": "(단언) 주장하기",
            "morpheme": "키/NNG+키어/NNG+이번/NNG+에/JKB+코로나/NNG+터졌/VV+EP+잖아/EC+~/SY"
          },
          {
            "id": 5,
            "text": "1 : 그거 가지고 노래를 만들었대!",
            "norm_text": "그거 가지고 노래를 만들었대!",
            "speaker": {
              "id": "1번",
              "sex": "여성",
              "age": "20대"
            },
            "speechAct": "(단언) 진술하기",
            "morpheme": "그거/NP+가지/VV+고/EC+노래/NNG+를/JKO+만들/VV+었/EP+대/EF"
          },
          {
            "id": 6,
            "text": "2 : 근데 코로나 진짜 중국 때문 아님?",
            "norm_text": "근데 코로나 진짜 중국 때문 아님?",
            "speaker": {
              "id": "2번",
              "sex": "여성",
              "age": "20대"
            },
            "speechAct": "(단언) 주장하기",
            "morpheme": "근데/MAJ+코로나/NNG+진짜/MAG+중국/NNP+때문/NNB+아님/VCN+ETN"
          },
          {
            "id": 7,
            "text": "1 : 키키 당연하지",
            "norm_text": "키키 당연하지",
            "speaker": {
              "id": "1번",
              "sex": "여성",
              "age": "20대"
            },
            "speechAct": "(단언) 주장하기",
            "morpheme": "키/NNG+키/XSV+ETN+당연/XR+하/XSA+지/EC"
          },
          {
            "id": 8,
            "text": "1 : 중국만 지금 외면하는 현실이야!",
            "norm_text": "중국만 지금 외면하는 현실이야!",
            "speaker": {
              "id": "1번",
              "sex": "여성",
              "age": "20대"
            },
            "speechAct": "(단언) 주장하기",
            "morpheme": "중국/NNP+만/JX+지금/MAG+외면/NNG+하/XSV+는/ETM+현실/NNG+이/VCP+야/EF"
          },
          {
            "id": 9,
            "text": "2 : 그럼 각 나라에서 중국한테 뭐라 해야 되는 거 아냐?",
            "norm_text": "그럼 각 나라에서 중국한테 뭐라 해야 되는 거 아냐?",
            "speaker": {
              "id": "2번",
              "sex": "여성",
              "age": "20대"
            },
            "speechAct": "(단언) 주장하기",
            "morpheme": "그럼/MAJ+각/MM+나라/NNG+에서/JKB+중국/NNP+한테/JKB+뭐/NP+라/VCP+EC+해야/VV+EC+되/VV+는/ETM+거/NNB+아냐/VCN+EF"
          },
          {
            "id": 10,
            "text": "1 : 지금 그래서 인도는 손해배상 청구했잖아 2조인가? 키키",
            "norm_text": "지금 그래서 인도는 손해배상 청구했잖아 2조인가? 키키",
            "speaker": {
              "id": "1번",
              "sex": "여성",
              "age": "20대"
            },
            "speechAct": "(단언) 진술하기",
            "morpheme": "지금/MAG+그래서/MAJ+인도/NNP+는/JX+손해/NNG+배상/NNG+청구/NNG+했/XSV+EP+잖아/EC+2/SN+조/NNBC+인가/VCP+EF+키/NNG+키/XSV+ETN"
          },
          {
            "id": 11,
            "text": "2 : 맞아 손해배상 우리는 왜 안 청구해?",
            "norm_text": "맞아 손해배상 우리는 왜 안 청구해?",
            "speaker": {
              "id": "2번",
              "sex": "여성",
              "age": "20대"
            },
            "speechAct": "(단언) 주장하기",
            "morpheme": "맞/VV+아/EC+손해배상/NNP+우리/NP+는/JX+왜/MAG+안/MAG+청구/NNG+해/XSV+EF"
          },
          {
            "id": 12,
            "text": "1 : 키키 몰라, 째뜬 이 싱어송라이터가 만든 동영상 봤거든?",
            "norm_text": "키키 몰라, 째뜬 이 싱어송라이터가 만든 동영상 봤거든?",
            "speaker": {
              "id": "1번",
              "sex": "여성",
              "age": "20대"
            },
            "speechAct": "(단언) 진술하기",
            "morpheme": "키/NNG+키/XSV+ETN+몰라/VV+EF+,/SC+째뜬이싱어송라이터가만든동영상봤거든/UNKNOWN"
          },
          {
            "id": 13,
            "text": "2 : 웅 웃겨? 무슨 노랜데",
            "norm_text": "웅 웃겨? 무슨 노랜데",
            "speaker": {
              "id": "2번",
              "sex": "여성",
              "age": "20대"
            },
            "speechAct": "(지시) 질문하기",
            "morpheme": "웅/MAG+웃겨/VV+EF+무슨/MM+노랜데/NNG+VCP+EC"
          },
          {
            "id": 14,
            "text": "1 : 팬더가 박쥐로 요리하는 장면이 나오더라!",
            "norm_text": "팬더가 박쥐로 요리하는 장면이 나오더라!",
            "speaker": {
              "id": "1번",
              "sex": "여성",
              "age": "20대"
            },
            "speechAct": "(단언) 진술하기",
            "morpheme": "팬더/NNP+가/JKS+박쥐/NNG+로/JKB+요리/NNG+하/XSV+는/ETM+장면/NNG+이/JKS+나오/VV+더라/EF"
          },
          {
            "id": 15,
            "text": "2 : 키키 걔 벌 안 받았나?",
            "norm_text": "키키 걔 벌 안 받았나?",
            "speaker": {
              "id": "2번",
              "sex": "여성",
              "age": "20대"
            },
            "speechAct": "(단언) 주장하기",
            "morpheme": "키/NNG+키/XSV+ETN+걔/NP+벌/NNG+안/MAG+받/VV+았/EP+나/EF"
          },
          {
            "id": 16,
            "text": "2 : 어떻게 됐대?",
            "norm_text": "어떻게 됐대?",
            "speaker": {
              "id": "2번",
              "sex": "여성",
              "age": "20대"
            },
            "speechAct": "(지시) 질문하기",
            "morpheme": "어떻게/MAG+됐/VV+EP+대/EF"
          },
          {
            "id": 17,
            "text": "1 : 음~ 유튜브로 올렸는데 유튜브 영상 다 내려가고 연락 두절 됐대 ㅜ",
            "norm_text": "음~ 유튜브로 올렸는데 유튜브 영상 다 내려가고 연락 두절 됐대 ㅜ",
            "speaker": {
              "id": "1번",
              "sex": "여성",
              "age": "20대"
            },
            "speechAct": "(단언) 진술하기",
            "morpheme": "음/IC+~/SY+유튜브로올렸는데유튜브영상다내려가고연락두절됐대ㅜ/UNKNOWN"
          },
          {
            "id": 18,
            "text": "2 : 헐 잡혀간 거 아냐?",
            "norm_text": "헐 잡혀간 거 아냐?",
            "speaker": {
              "id": "2번",
              "sex": "여성",
              "age": "20대"
            },
            "speechAct": "(단언) 주장하기",
            "morpheme": "헐/VV+JKO+잡혀간/VV+ETM+거/NNB+아냐/VCN+EF"
          },
          {
            "id": 19,
            "text": "2 : 무서워",
            "norm_text": "무서워",
            "speaker": {
              "id": "2번",
              "sex": "여성",
              "age": "20대"
            },
            "speechAct": "(표현) 부정감정 표현하기",
            "morpheme": "무서워/VA+EC"
          },
          {
            "id": 20,
            "text": "1 : 그렇겠지, 중국 공산당이잖아 ㅜㅜ",
            "norm_text": "그렇겠지, 중국 공산당이잖아 ㅜㅜ",
            "speaker": {
              "id": "1번",
              "sex": "여성",
              "age": "20대"
            },
            "speechAct": "(단언) 주장하기",
            "morpheme": "그렇/VA+겠/EP+지/EF+,/SC+중국공산당이잖아ㅜㅜ/UNKNOWN"
          },
          {
            "id": 21,
            "text": "1 : 무서워",
            "norm_text": "무서워",
            "speaker": {
              "id": "1번",
              "sex": "여성",
              "age": "20대"
            },
            "speechAct": "(표현) 부정감정 표현하기",
            "morpheme": "무서워/VA+EC"
          },
          {
            "id": 22,
            "text": "2 : 그니까 왜 올려 가지고 으이고",
            "norm_text": "그니까 왜 올려 가지고 으이고",
            "speaker": {
              "id": "2번",
              "sex": "여성",
              "age": "20대"
            },
            "speechAct": "(단언) 주장하기",
            "morpheme": "그니까/MAJ+왜/MAG+올려/VV+EC+가지/VX+고/EC+으이/JKG+고/EC"
          }
        ]
      }
    }
  ]
}