{
  "dataset": {
    "identifier": 113080,
    "name": "FACEBOOK_112_02_set",
    "src_path": "/data/file/cubeManager/PROJECT001/80/txt20211103154237025463/FACEBOOK_112_02_set/",
    "label_path": "/data/file/cubeManager/PROJECT001/80/txt20211103154237025463/FACEBOOK_112_02_set/",
    "category": 2,
    "type": 0
  },
  "licenses": {
    "name": "Apache License 1.0",
    "url": "http://www.apache.org/licenses/LICENSE-1.0"
  },
  "info": [
    {
      "id": 135337,
      "filename": "FACEBOOK_112_02.txt",
      "title": "FACEBOOK_112_02",
      "mediatype": "SNS",
      "medianame": "페이스북",
      "category": "일상대화",
      "date": "2021-11-03",
      "size": 403,
      "annotations": {
        "subject": "주거와 생활",
        "speaker_type": "1:1",
        "size": 403,
        "word_size": 140,
        "text": "1 : 언니는 주택청약 들어놓고 있어?\n2 : 나 청약 오년 넘게 들은 것 같음\n1 : 아 진짜?\n1 : 달에 얼마씩 들어가고 있어?\n2 : 나 달에 오만원 넌?\n1 : 키키 나는 지금 청린이야 올해 들었어!\n2 : 키키  넌 얼마씩 들어가는데? 많이?\n1 : 키키 나는 2만 원 허허\n1 : 나는 주택청약 안 될 거 같아!\n2 : 이만원짜리도 있어?\n2 : 나도 낮출까\n1 : 키키 어 너무 부담스러우면 나처럼 낮춰!\n2 : 대박 난 오만원이 젤 적은 건 줄\n1 : 키키 아니야 내가 알기론 만 원부터 시작하는 걸로 알고 있어!\n2 : 와 근데 그냥 적금겸 드는거지\n1 : 맞아 키키 언니는 나중에 아파트로 이사갈 거야?\n2 : 아파트로 가고 싶지 뭐든 키키\n1 : 맞아, 나도 그래,\n1 : 아파트가 제일 좋은 거 같아!\n2 : 돈이나 일단 벌자 많이",
        "lines": [
          {
            "id": 1,
            "text": "1 : 언니는 주택청약 들어놓고 있어?",
            "norm_text": "언니는 주택청약 들어놓고 있어?",
            "speaker": {
              "id": "1번",
              "sex": "여성",
              "age": "20대"
            },
            "speechAct": "(단언) 주장하기",
            "morpheme": "언니/NNG+는/JX+주택/NNG+청약/NNG+들/VV+어/EC+놓/VX+고/EC+있/VX+어/EF"
          },
          {
            "id": 2,
            "text": "2 : 나 청약 오년 넘게 들은 것 같음",
            "norm_text": "나 청약 오년 넘게 들은 것 같음",
            "speaker": {
              "id": "2번",
              "sex": "여성",
              "age": "20대"
            },
            "speechAct": "(단언) 주장하기",
            "morpheme": "나/NP+청약/NNG+오/NR+년/NNBC+넘/VV+게/EC+들/VV+은/ETM+것/NNB+같/VA+음/ETN"
          },
          {
            "id": 3,
            "text": "1 : 아 진짜?",
            "norm_text": "아 진짜?",
            "speaker": {
              "id": "1번",
              "sex": "여성",
              "age": "20대"
            },
            "speechAct": "(단언) 주장하기",
            "morpheme": "아/IC+진짜/MAG"
          },
          {
            "id": 4,
            "text": "1 : 달에 얼마씩 들어가고 있어?",
            "norm_text": "달에 얼마씩 들어가고 있어?",
            "speaker": {
              "id": "1번",
              "sex": "여성",
              "age": "20대"
            },
            "speechAct": "(단언) 주장하기",
            "morpheme": "달/NNG+에/JKB+얼마/NNG+씩/XSN+들어가/VV+고/EC+있/VX+어/EF"
          },
          {
            "id": 5,
            "text": "2 : 나 달에 오만원 넌?",
            "norm_text": "나 달에 오만원 넌?",
            "speaker": {
              "id": "2번",
              "sex": "여성",
              "age": "20대"
            },
            "speechAct": "(단언) 주장하기",
            "morpheme": "나달/NNG+에/JKB+오만/NR+원/NNBC+넌/JX"
          },
          {
            "id": 6,
            "text": "1 : 키키 나는 지금 청린이야 올해 들었어!",
            "norm_text": "키키 나는 지금 청린이야 올해 들었어!",
            "speaker": {
              "id": "1번",
              "sex": "여성",
              "age": "20대"
            },
            "speechAct": "(단언) 주장하기",
            "morpheme": "키/NNG+키나/XSA+ETN+JX+는/JX+지금/MAG+청린/NNP+이/VCP+야/EF+올해/MAG+들/VV+었/EP+어/EF"
          },
          {
            "id": 7,
            "text": "2 : 키키  넌 얼마씩 들어가는데? 많이?",
            "norm_text": "키키  넌 얼마씩 들어가는데? 많이?",
            "speaker": {
              "id": "2번",
              "sex": "여성",
              "age": "20대"
            },
            "speechAct": "(지시) 질문하기",
            "morpheme": "키/NNG+키/XSV+ETN+넌/JX+얼마/NNG+씩/XSN+들어가/VV+는데/EC+많이/MAG"
          },
          {
            "id": 8,
            "text": "1 : 키키 나는 2만 원 허허",
            "norm_text": "키키 나는 2만 원 허허",
            "speaker": {
              "id": "1번",
              "sex": "여성",
              "age": "20대"
            },
            "speechAct": "(단언) 주장하기",
            "morpheme": "키/NNG+키나/XSA+ETN+JX+는/JX+2/SN+만/NR+원/NNBC+허허/NNG"
          },
          {
            "id": 9,
            "text": "1 : 나는 주택청약 안 될 거 같아!",
            "norm_text": "나는 주택청약 안 될 거 같아!",
            "speaker": {
              "id": "1번",
              "sex": "여성",
              "age": "20대"
            },
            "speechAct": "(단언) 주장하기",
            "morpheme": "나/NP+는/JX+주택/NNG+청약/NNG+안/MAG+될/VV+ETM+거/NNB+같/VA+아/EF"
          },
          {
            "id": 10,
            "text": "2 : 이만원짜리도 있어?",
            "norm_text": "이만원짜리도 있어?",
            "speaker": {
              "id": "2번",
              "sex": "여성",
              "age": "20대"
            },
            "speechAct": "(단언) 주장하기",
            "morpheme": "이/NR+만/NR+원/NNBC+짜리/XSN+도/JX+있/VA+어/EF"
          },
          {
            "id": 11,
            "text": "2 : 나도 낮출까",
            "norm_text": "나도 낮출까",
            "speaker": {
              "id": "2번",
              "sex": "여성",
              "age": "20대"
            },
            "speechAct": "(단언) 주장하기",
            "morpheme": "나/NP+도/JX+낮/MAG+출까/VV+EF"
          },
          {
            "id": 12,
            "text": "1 : 키키 어 너무 부담스러우면 나처럼 낮춰!",
            "norm_text": "키키 어 너무 부담스러우면 나처럼 낮춰!",
            "speaker": {
              "id": "1번",
              "sex": "여성",
              "age": "20대"
            },
            "speechAct": "(단언) 주장하기",
            "morpheme": "키/NNG+키어/NNG+너무/MAG+부담/NNG+스러우/XSA+면/EC+나/NP+처럼/JKB+낮춰/VV+EF"
          },
          {
            "id": 13,
            "text": "2 : 대박 난 오만원이 젤 적은 건 줄",
            "norm_text": "대박 난 오만원이 젤 적은 건 줄",
            "speaker": {
              "id": "2번",
              "sex": "여성",
              "age": "20대"
            },
            "speechAct": "(단언) 주장하기",
            "morpheme": "대박/NNG+난/NP+JX+오만/NR+원/NNBC+이/JKS+젤/MAG+적/VA+은/ETM+건/NNB+JX+줄/NNG"
          },
          {
            "id": 14,
            "text": "1 : 키키 아니야 내가 알기론 만 원부터 시작하는 걸로 알고 있어!",
            "norm_text": "키키 아니야 내가 알기론 만 원부터 시작하는 걸로 알고 있어!",
            "speaker": {
              "id": "1번",
              "sex": "여성",
              "age": "20대"
            },
            "speechAct": "(단언) 주장하기",
            "morpheme": "키/NNG+키/XSV+ETN+아니/VCN+야/EC+내/NP+가/JKS+알기/NNG+론/XSN+만/NR+원/NNBC+부터/JX+시작/NNG+하/XSV+는/ETM+걸로/NNB+JKB+알/VV+고/EC+있/VX+어/EF"
          },
          {
            "id": 15,
            "text": "2 : 와 근데 그냥 적금겸 드는거지",
            "norm_text": "와 근데 그냥 적금겸 드는거지",
            "speaker": {
              "id": "2번",
              "sex": "여성",
              "age": "20대"
            },
            "speechAct": "(단언) 주장하기",
            "morpheme": "와/IC+근데/MAJ+그냥/MAG+적금/NNG+겸/NNB+드/VV+는/ETM+거/NNB+지/VCP+EC"
          },
          {
            "id": 16,
            "text": "1 : 맞아 키키 언니는 나중에 아파트로 이사갈 거야?",
            "norm_text": "맞아 키키 언니는 나중에 아파트로 이사갈 거야?",
            "speaker": {
              "id": "1번",
              "sex": "여성",
              "age": "20대"
            },
            "speechAct": "(단언) 주장하기",
            "morpheme": "맞/VV+아/EC+키/NNG+키/NNG+언니/NNG+는/JX+나중/NNG+에/JKB+아파트/NNG+로/JKB+이사/NNG+갈/VV+ETM+거/NNB+야/VCP+EF"
          },
          {
            "id": 17,
            "text": "2 : 아파트로 가고 싶지 뭐든 키키",
            "norm_text": "아파트로 가고 싶지 뭐든 키키",
            "speaker": {
              "id": "2번",
              "sex": "여성",
              "age": "20대"
            },
            "speechAct": "(단언) 주장하기",
            "morpheme": "아파트/NNG+로/JKB+가/VV+고/EC+싶/VX+지/EF+뭐/IC+든/VV+ETM+키/NNG+키/XSV+ETN"
          },
          {
            "id": 18,
            "text": "1 : 맞아, 나도 그래,",
            "norm_text": "맞아, 나도 그래,",
            "speaker": {
              "id": "1번",
              "sex": "여성",
              "age": "20대"
            },
            "speechAct": "(단언) 주장하기",
            "morpheme": "맞/VV+아/EC+,/SC+나/NP+도/JX+그래/VA+EC+,/SC"
          },
          {
            "id": 19,
            "text": "1 : 아파트가 제일 좋은 거 같아!",
            "norm_text": "아파트가 제일 좋은 거 같아!",
            "speaker": {
              "id": "1번",
              "sex": "여성",
              "age": "20대"
            },
            "speechAct": "(단언) 주장하기",
            "morpheme": "아파트/NNG+가/JKS+제일/MAG+좋/VA+은/ETM+거/NNB+같/VA+아/EF"
          },
          {
            "id": 20,
            "text": "2 : 돈이나 일단 벌자 많이",
            "norm_text": "돈이나 일단 벌자 많이",
            "speaker": {
              "id": "2번",
              "sex": "여성",
              "age": "20대"
            },
            "speechAct": "(단언) 주장하기",
            "morpheme": "돈/NNG+이나/JC+일단/MAG+벌/VV+자/EC+많이/MAG"
          }
        ]
      }
    }
  ]
}