{
  "dataset": {
    "identifier": 102209,
    "name": "FACEBOOK_109_03_set",
    "src_path": "/data/file/cubeManager/PROJECT001/77/txt20211029160805055957/FACEBOOK_109_03_set/",
    "label_path": "/data/file/cubeManager/PROJECT001/77/txt20211029160805055957/FACEBOOK_109_03_set/",
    "category": 2,
    "type": 0
  },
  "licenses": {
    "name": "Apache License 1.0",
    "url": "http://www.apache.org/licenses/LICENSE-1.0"
  },
  "info": [
    {
      "id": 111311,
      "filename": "FACEBOOK_109_03.txt",
      "title": "FACEBOOK_109_03",
      "mediatype": "SNS",
      "medianame": "페이스북",
      "category": "일상대화",
      "date": "2021-10-29",
      "size": 391,
      "annotations": {
        "subject": "교통",
        "speaker_type": "1:1",
        "size": 391,
        "word_size": 134,
        "text": "1 : 언니는 출근 어떻게 해?\n2 : 나는 대중교통 주로 이용해 키키\n1 : 나도 키키\n1 : 언니 지금 사는 곳이 어디야?\n2 : 나는 초읍동 살고 있는데 알아?\n1 : 옹?\n1 : 처음 들어봐 어디야?\n2 : 나는 부산 살아서 지하철이나 버스 타고 다녀\n1 : 헐 진짜!?\n1 : 거기에도 지하철이 있어?\n2 : 부산에 지하철 6호선까지 있을 걸?\n1 : 헐 대박 그거 타고 부산 구석구석 여행할 수 있어?\n2 : 키키 그러면 체력에 아마 한계 올 걸?\n1 : 키키 아 고랭?\n1 : 그러면 나중에 체력 만땅 되면 가야지!\n2 : 응 지하철보다는 버스 타고 여행하는 게 낫지\n1 : 부산은 지하철보다 버스가 더 나아?\n2 : 버스보다는 지하철이 더 빠를 걸?\n1 : 오오 좋은 정보 감사요~\n2 : 응 다음에 꼭 부산 놀러 와~",
        "lines": [
          {
            "id": 1,
            "text": "1 : 언니는 출근 어떻게 해?",
            "norm_text": "언니는 출근 어떻게 해?",
            "speaker": {
              "id": "1번",
              "sex": "여성",
              "age": "20대"
            },
            "speechAct": "N/A",
            "morpheme": "언니/NNG+는/JX+출근/NNG+어떻게/MAG+해/VV+EF"
          },
          {
            "id": 2,
            "text": "2 : 나는 대중교통 주로 이용해 키키",
            "norm_text": "나는 대중교통 주로 이용해 키키",
            "speaker": {
              "id": "2번",
              "sex": "여성",
              "age": "20대"
            },
            "speechAct": "(단언) 진술하기",
            "morpheme": "나/NP+는/JX+대중교통/NNG+주로/MAG+이용/NNG+해/XSV+EC+키/NNG+키/XSV+ETN"
          },
          {
            "id": 3,
            "text": "1 : 나도 키키",
            "norm_text": "나도 키키",
            "speaker": {
              "id": "1번",
              "sex": "여성",
              "age": "20대"
            },
            "speechAct": "(단언) 진술하기",
            "morpheme": "나/NP+도/JX+키/NNG+키/XSV+ETN"
          },
          {
            "id": 4,
            "text": "1 : 언니 지금 사는 곳이 어디야?",
            "norm_text": "언니 지금 사는 곳이 어디야?",
            "speaker": {
              "id": "1번",
              "sex": "여성",
              "age": "20대"
            },
            "speechAct": "(지시) 질문하기",
            "morpheme": "언니/NNG+지금/MAG+사/VV+는/ETM+곳/NNG+이/JKS+어디/NP+야/VCP+EF"
          },
          {
            "id": 5,
            "text": "2 : 나는 초읍동 살고 있는데 알아?",
            "norm_text": "나는 초읍동 살고 있는데 알아?",
            "speaker": {
              "id": "2번",
              "sex": "여성",
              "age": "20대"
            },
            "speechAct": "(지시) 질문하기",
            "morpheme": "나/NP+는/JX+초읍동/NNP+살/VV+고/EC+있/VX+는/ETM+데/NNB+알/VV+아/EF"
          },
          {
            "id": 6,
            "text": "1 : 옹?",
            "norm_text": "옹?",
            "speaker": {
              "id": "1번",
              "sex": "여성",
              "age": "20대"
            },
            "speechAct": "턴토크 사인(관습적 반응)",
            "morpheme": "옹/NNG"
          },
          {
            "id": 7,
            "text": "1 : 처음 들어봐 어디야?",
            "norm_text": "처음 들어봐 어디야?",
            "speaker": {
              "id": "1번",
              "sex": "여성",
              "age": "20대"
            },
            "speechAct": "(지시) 질문하기",
            "morpheme": "처음/MAG+들/VV+어/EC+봐/VX+EF+어디/NP+야/VCP+EF"
          },
          {
            "id": 8,
            "text": "2 : 나는 부산 살아서 지하철이나 버스 타고 다녀",
            "norm_text": "나는 부산 살아서 지하철이나 버스 타고 다녀",
            "speaker": {
              "id": "2번",
              "sex": "여성",
              "age": "20대"
            },
            "speechAct": "(단언) 진술하기",
            "morpheme": "나/NP+는/JX+부산/NNP+살/VV+아서/EC+지하철/NNG+이나/JC+버스/NNG+타/VV+고/EC+다녀/VV+EC"
          },
          {
            "id": 9,
            "text": "1 : 헐 진짜!?",
            "norm_text": "헐 진짜!?",
            "speaker": {
              "id": "1번",
              "sex": "여성",
              "age": "20대"
            },
            "speechAct": "턴토크 사인(관습적 반응)",
            "morpheme": "헐/IC+진짜/MAG+!/SY"
          },
          {
            "id": 10,
            "text": "1 : 거기에도 지하철이 있어?",
            "norm_text": "거기에도 지하철이 있어?",
            "speaker": {
              "id": "1번",
              "sex": "여성",
              "age": "20대"
            },
            "speechAct": "(지시) 질문하기",
            "morpheme": "거기/NP+에/JKB+도/JX+지하철/NNG+이/JKS+있/VA+어/EF"
          },
          {
            "id": 11,
            "text": "2 : 부산에 지하철 6호선까지 있을 걸?",
            "norm_text": "부산에 지하철 6호선까지 있을 걸?",
            "speaker": {
              "id": "2번",
              "sex": "여성",
              "age": "20대"
            },
            "speechAct": "(지시) 질문하기",
            "morpheme": "부산/NNP+에/JKB+지하철/NNG+6/SN+호/NNBC+선/NNG+까지/JX+있/VV+을걸/EF"
          },
          {
            "id": 12,
            "text": "1 : 헐 대박 그거 타고 부산 구석구석 여행할 수 있어?",
            "norm_text": "헐 대박 그거 타고 부산 구석구석 여행할 수 있어?",
            "speaker": {
              "id": "1번",
              "sex": "여성",
              "age": "20대"
            },
            "speechAct": "(지시) 질문하기",
            "morpheme": "헐/IC+대박/NNG+그거/NP+타/VV+고/EC+부산/NNP+구석구석/NNG+여행/NNG+할/XSV+ETM+수/NNB+있/VV+어/EF"
          },
          {
            "id": 13,
            "text": "2 : 키키 그러면 체력에 아마 한계 올 걸?",
            "norm_text": "키키 그러면 체력에 아마 한계 올 걸?",
            "speaker": {
              "id": "2번",
              "sex": "여성",
              "age": "20대"
            },
            "speechAct": "(단언) 주장하기",
            "morpheme": "키/NNG+키/XSV+ETN+그러/VV+면/EC+체력/NNG+에/JKB+아마/MAG+한계/NNG+올걸/VV+EF"
          },
          {
            "id": 14,
            "text": "1 : 키키 아 고랭?",
            "norm_text": "키키 아 고랭?",
            "speaker": {
              "id": "1번",
              "sex": "여성",
              "age": "20대"
            },
            "speechAct": "턴토크 사인(관습적 반응)",
            "morpheme": "키/NNG+키/XSV+ETN+아/VV+고/EC+랭/NNG"
          },
          {
            "id": 15,
            "text": "1 : 그러면 나중에 체력 만땅 되면 가야지!",
            "norm_text": "그러면 나중에 체력 만땅 되면 가야지!",
            "speaker": {
              "id": "1번",
              "sex": "여성",
              "age": "20대"
            },
            "speechAct": "(단언) 주장하기",
            "morpheme": "그러면/MAJ+나중/NNG+에/JKB+체력/NNG+만/JX+땅/NNG+되/XSV+면/EC+가/VX+야지/EF"
          },
          {
            "id": 16,
            "text": "2 : 응 지하철보다는 버스 타고 여행하는 게 낫지",
            "norm_text": "응 지하철보다는 버스 타고 여행하는 게 낫지",
            "speaker": {
              "id": "2번",
              "sex": "여성",
              "age": "20대"
            },
            "speechAct": "(단언) 주장하기",
            "morpheme": "응/IC+지하철/NNG+보다/JKB+는/JX+버스/NNG+타/VV+고/EC+여행/NNG+하/XSV+는/ETM+게/NNB+JKS+낫/VA+지/EC"
          },
          {
            "id": 17,
            "text": "1 : 부산은 지하철보다 버스가 더 나아?",
            "norm_text": "부산은 지하철보다 버스가 더 나아?",
            "speaker": {
              "id": "1번",
              "sex": "여성",
              "age": "20대"
            },
            "speechAct": "(지시) 질문하기",
            "morpheme": "부산/NNP+은/JX+지하철/NNG+보다/JKB+버스/NNG+가/JKS+더/MAG+나아/VA+EF"
          },
          {
            "id": 18,
            "text": "2 : 버스보다는 지하철이 더 빠를 걸?",
            "norm_text": "버스보다는 지하철이 더 빠를 걸?",
            "speaker": {
              "id": "2번",
              "sex": "여성",
              "age": "20대"
            },
            "speechAct": "(단언) 주장하기",
            "morpheme": "버스/NNG+보다/JKB+는/JX+지하철/NNG+이/JKS+더/MAG+빠를걸/VA+EF"
          },
          {
            "id": 19,
            "text": "1 : 오오 좋은 정보 감사요~",
            "norm_text": "오오 좋은 정보 감사요~",
            "speaker": {
              "id": "1번",
              "sex": "여성",
              "age": "20대"
            },
            "speechAct": "(단언) 주장하기",
            "morpheme": "오오/IC+좋/VA+은/ETM+정보/NNG+감사/NNG+요/VCP+EC+~/SY"
          },
          {
            "id": 20,
            "text": "2 : 응 다음에 꼭 부산 놀러 와~",
            "norm_text": "응 다음에 꼭 부산 놀러 와~",
            "speaker": {
              "id": "2번",
              "sex": "여성",
              "age": "20대"
            },
            "speechAct": "(지시) 충고/제안하기",
            "morpheme": "응/IC+다음/NNG+에/JKB+꼭/MAG+부산/NNP+놀러/NNP+와/JC+~/SY"
          }
        ]
      }
    }
  ]
}