{
  "dataset": {
    "identifier": 117768,
    "name": "FACEBOOK_105_08_set",
    "src_path": "/data/file/cubeManager/PROJECT001/77/txt20211028144832032027/FACEBOOK_105_08_set/",
    "label_path": "/data/file/cubeManager/PROJECT001/77/txt20211028144832032027/FACEBOOK_105_08_set/",
    "category": 2,
    "type": 0
  },
  "licenses": {
    "name": "Apache License 1.0",
    "url": "http://www.apache.org/licenses/LICENSE-1.0"
  },
  "info": [
    {
      "id": 100333,
      "filename": "FACEBOOK_105_08.txt",
      "title": "FACEBOOK_105_08",
      "mediatype": "SNS",
      "medianame": "페이스북",
      "category": "일상대화",
      "date": "2021-10-28",
      "size": 494,
      "annotations": {
        "subject": "연애/결혼",
        "speaker_type": "1:1",
        "size": 494,
        "word_size": 161,
        "text": "1 : 오빠는 결혼하면 아파트에서 살고 싶어  주택에서 살고 싶어?\n2 : 나는 주택에서 살고 싶은데 나 아는 사람들이 나는 절대 주택에서 못 산대\n1 : 키키 왜? 주택에서 밭 기르고 살면 얼마나 좋아!\n2 : 집에서 너무 게으르게 생활을 해서 안된다고 하더라 키키\n1 : 어 근데 주택은 어느 정도 부지런해야 해!\n2 : 맞아\n2 : 이것저것 할 일도 은근 많다고 하더라고 키키\n1 : 맞아 키키\n1 : 여름에 날파리랑 모기 엄청 들어와!\n2 : 아 벌레가 싫어서 아파트로 가서 살아야 할 거 같아 키키\n1 : 키키 맞아\n1 : 아파트는 관리비 주면 관리가 다 되잖아~\n2 : 응 아파트는 소독이랑 그런 것도 알아서 다 해주니까 편하지\n1 : 맞아 키키\n1 : 근데 주택도 우리 집 여름에 방구차 와~\n2 : 아 그거 말고 아파트 살면 알 수 있어 ^^\n1 : 키키 오키 오키~\n1 : 머선 소리인지는 모르것지만 나중에 아파트에서 살면 알겠지 뭐~\n2 : 경비 아저씨들이나 외주에서 와서 다 관리 해주시거든 하하",
        "lines": [
          {
            "id": 1,
            "text": "1 : 오빠는 결혼하면 아파트에서 살고 싶어  주택에서 살고 싶어?",
            "norm_text": "오빠는 결혼하면 아파트에서 살고 싶어  주택에서 살고 싶어?",
            "speaker": {
              "id": "1번",
              "sex": "여성",
              "age": "20대"
            },
            "speechAct": "(지시) 질문하기",
            "morpheme": "오빠/NNG+는/JX+결혼/NNG+하/XSV+면/EC+아파트/NNG+에서/JKB+살/VV+고/EC+싶/VX+어/EC+주택/NNG+에서/JKB+살/VV+고/EC+싶/VX+어/EF"
          },
          {
            "id": 2,
            "text": "2 : 나는 주택에서 살고 싶은데 나 아는 사람들이 나는 절대 주택에서 못 산대",
            "norm_text": "나는 주택에서 살고 싶은데 나 아는 사람들이 나는 절대 주택에서 못 산대",
            "speaker": {
              "id": "2번",
              "sex": "남성",
              "age": "20대"
            },
            "speechAct": "(단언) 주장하기",
            "morpheme": "나/NP+는/JX+주택/NNG+에서/JKB+살/VV+고/EC+싶/VX+은데/EC+나/VX+아/EC+는/JX+사람/NNG+들/XSN+이/JKS+나/NP+는/JX+절대/MAG+주택/NNG+에서/JKB+못/MAG+산대/NNG"
          },
          {
            "id": 3,
            "text": "1 : 키키 왜? 주택에서 밭 기르고 살면 얼마나 좋아!",
            "norm_text": "키키 왜? 주택에서 밭 기르고 살면 얼마나 좋아!",
            "speaker": {
              "id": "1번",
              "sex": "여성",
              "age": "20대"
            },
            "speechAct": "(단언) 주장하기",
            "morpheme": "키/NNG+키/XSV+ETN+왜/MAG+주택/NNG+에서/JKB+밭/NNG+기르/VV+고/EC+살/VV+면/EC+얼마나/MAG+좋/VA+아/EF"
          },
          {
            "id": 4,
            "text": "2 : 집에서 너무 게으르게 생활을 해서 안된다고 하더라 키키",
            "norm_text": "집에서 너무 게으르게 생활을 해서 안된다고 하더라 키키",
            "speaker": {
              "id": "2번",
              "sex": "남성",
              "age": "20대"
            },
            "speechAct": "(단언) 주장하기",
            "morpheme": "집/NNG+에서/JKB+너무/MAG+게으르/VA+게/EC+생활/NNG+을/JKO+해서/VV+EC+안/MAG+된다고/VV+EC+하/VV+더라/EC+키/NNG+키/XSV+ETN"
          },
          {
            "id": 5,
            "text": "1 : 어 근데 주택은 어느 정도 부지런해야 해!",
            "norm_text": "어 근데 주택은 어느 정도 부지런해야 해!",
            "speaker": {
              "id": "1번",
              "sex": "여성",
              "age": "20대"
            },
            "speechAct": "(단언) 주장하기",
            "morpheme": "어/IC+근데/MAJ+주택/NNG+은/JX+어느/MM+정도/NNG+부지런/NNG+해야/XSV+EC+해/VX+EF"
          },
          {
            "id": 6,
            "text": "2 : 맞아",
            "norm_text": "맞아",
            "speaker": {
              "id": "2번",
              "sex": "남성",
              "age": "20대"
            },
            "speechAct": "(단언) 주장하기",
            "morpheme": "맞/VV+아/EC"
          },
          {
            "id": 7,
            "text": "2 : 이것저것 할 일도 은근 많다고 하더라고 키키",
            "norm_text": "이것저것 할 일도 은근 많다고 하더라고 키키",
            "speaker": {
              "id": "2번",
              "sex": "남성",
              "age": "20대"
            },
            "speechAct": "(단언) 주장하기",
            "morpheme": "이것저것/NNG+할/XSV+ETM+일/NNG+도/JX+은근/NNG+많/VA+다고/EC+하/VV+더라고/EC+키/NNG+키/XSV+ETN"
          },
          {
            "id": 8,
            "text": "1 : 맞아 키키",
            "norm_text": "맞아 키키",
            "speaker": {
              "id": "1번",
              "sex": "여성",
              "age": "20대"
            },
            "speechAct": "(단언) 주장하기",
            "morpheme": "맞/VV+아/EC+키/NNG+키/XSV+ETN"
          },
          {
            "id": 9,
            "text": "1 : 여름에 날파리랑 모기 엄청 들어와!",
            "norm_text": "여름에 날파리랑 모기 엄청 들어와!",
            "speaker": {
              "id": "1번",
              "sex": "여성",
              "age": "20대"
            },
            "speechAct": "(단언) 주장하기",
            "morpheme": "여름/NNG+에/JKB+날파리/NNG+랑/JKB+모기/NNG+엄청/MAG+들어와/VV+EF"
          },
          {
            "id": 10,
            "text": "2 : 아 벌레가 싫어서 아파트로 가서 살아야 할 거 같아 키키",
            "norm_text": "아 벌레가 싫어서 아파트로 가서 살아야 할 거 같아 키키",
            "speaker": {
              "id": "2번",
              "sex": "남성",
              "age": "20대"
            },
            "speechAct": "(단언) 주장하기",
            "morpheme": "아/IC+벌레/NNG+가/JKS+싫/VA+어서/EC+아파트/NNG+로/JKB+가/VV+서/EC+살/VV+아야/EC+할/VX+ETM+거/NNB+같/VA+아/EC+키/NNG+키/XSV+ETN"
          },
          {
            "id": 11,
            "text": "1 : 키키 맞아",
            "norm_text": "키키 맞아",
            "speaker": {
              "id": "1번",
              "sex": "여성",
              "age": "20대"
            },
            "speechAct": "(단언) 주장하기",
            "morpheme": "키/NNG+키/XSV+ETN+맞/VV+아/EC"
          },
          {
            "id": 12,
            "text": "1 : 아파트는 관리비 주면 관리가 다 되잖아~",
            "norm_text": "아파트는 관리비 주면 관리가 다 되잖아~",
            "speaker": {
              "id": "1번",
              "sex": "여성",
              "age": "20대"
            },
            "speechAct": "(단언) 주장하기",
            "morpheme": "아파트/NNG+는/JX+관리비/NNG+주/VV+면/EC+관리/NNG+가/JKS+다/MAG+되/VV+잖아/EC+~/SY"
          },
          {
            "id": 13,
            "text": "2 : 응 아파트는 소독이랑 그런 것도 알아서 다 해주니까 편하지",
            "norm_text": "응 아파트는 소독이랑 그런 것도 알아서 다 해주니까 편하지",
            "speaker": {
              "id": "2번",
              "sex": "남성",
              "age": "20대"
            },
            "speechAct": "(단언) 주장하기",
            "morpheme": "응/IC+아파트/NNG+는/JX+소독/NNG+이랑/JC+그런/MM+것/NNB+도/JX+알/VV+아서/EC+다/MAG+해/VV+EC+주/VX+니까/EC+편하/VA+지/EC"
          },
          {
            "id": 14,
            "text": "1 : 맞아 키키",
            "norm_text": "맞아 키키",
            "speaker": {
              "id": "1번",
              "sex": "여성",
              "age": "20대"
            },
            "speechAct": "(단언) 주장하기",
            "morpheme": "맞/VV+아/EC+키/NNG+키/XSV+ETN"
          },
          {
            "id": 15,
            "text": "1 : 근데 주택도 우리 집 여름에 방구차 와~",
            "norm_text": "근데 주택도 우리 집 여름에 방구차 와~",
            "speaker": {
              "id": "1번",
              "sex": "여성",
              "age": "20대"
            },
            "speechAct": "(단언) 진술하기",
            "morpheme": "근데/MAJ+주택/NNG+도/JX+우리/NP+집/NNG+여름/NNG+에/JKB+방/NNG+구차/NNG+와/JC+~/SY"
          },
          {
            "id": 16,
            "text": "2 : 아 그거 말고 아파트 살면 알 수 있어 ^^",
            "norm_text": "아 그거 말고 아파트 살면 알 수 있어 ^^",
            "speaker": {
              "id": "2번",
              "sex": "남성",
              "age": "20대"
            },
            "speechAct": "(단언) 주장하기",
            "morpheme": "아/IC+그거/NP+말/VV+고/EC+아파트/NNG+살/VV+면/EC+알/VV+ETM+수/NNB+있/VV+어/EC+^/SY+^/SY"
          },
          {
            "id": 17,
            "text": "1 : 키키 오키 오키~",
            "norm_text": "키키 오키 오키~",
            "speaker": {
              "id": "1번",
              "sex": "여성",
              "age": "20대"
            },
            "speechAct": "(단언) 주장하기",
            "morpheme": "키키/NNP+오키/NNP+오키/NNP+~/SY"
          },
          {
            "id": 18,
            "text": "1 : 머선 소리인지는 모르것지만 나중에 아파트에서 살면 알겠지 뭐~",
            "norm_text": "머선 소리인지는 모르것지만 나중에 아파트에서 살면 알겠지 뭐~",
            "speaker": {
              "id": "1번",
              "sex": "여성",
              "age": "20대"
            },
            "speechAct": "(단언) 주장하기",
            "morpheme": "머/IC+선소리/NNG+인지/VCP+EC+는/JX+모르/VV+것/EP+지만/EC+나중/NNG+에/JKB+아파트/NNG+에서/JKB+살/VV+면/EC+알/VV+겠/EP+지/EF+뭐/IC+~/SY"
          },
          {
            "id": 19,
            "text": "2 : 경비 아저씨들이나 외주에서 와서 다 관리 해주시거든 하하",
            "norm_text": "경비 아저씨들이나 외주에서 와서 다 관리 해주시거든 하하",
            "speaker": {
              "id": "2번",
              "sex": "남성",
              "age": "20대"
            },
            "speechAct": "(단언) 진술하기",
            "morpheme": "경비/NNG+아저씨/NNG+들/XSN+이나/JC+외주/NNG+에서/JKB+와서/VV+EC+다/MAG+관리/NNG+해/XSV+EC+주/VX+시/EP+거든/EF+하하/MAG"
          }
        ]
      }
    }
  ]
}