{
  "dataset": {
    "identifier": 103886,
    "name": "FACEBOOK_115_06_set",
    "src_path": "/data/file/cubeManager/PROJECT001/77/txt20211029153356028772/FACEBOOK_115_06_set/",
    "label_path": "/data/file/cubeManager/PROJECT001/77/txt20211029153356028772/FACEBOOK_115_06_set/",
    "category": 2,
    "type": 0
  },
  "licenses": {
    "name": "Apache License 1.0",
    "url": "http://www.apache.org/licenses/LICENSE-1.0"
  },
  "info": [
    {
      "id": 110954,
      "filename": "FACEBOOK_115_06.txt",
      "title": "FACEBOOK_115_06",
      "mediatype": "SNS",
      "medianame": "페이스북",
      "category": "일상대화",
      "date": "2021-10-29",
      "size": 407,
      "annotations": {
        "subject": "교육",
        "speaker_type": "1:1",
        "size": 407,
        "word_size": 151,
        "text": "1 : 언니는 고딩 때 학원 다녀봤어?\n2 : 난 중딩 때가 끝\n2 : 학원 안 다님 키키\n1 : 아 진짜?\n1 : 중딩 때 어디 갔었어?\n2 : 나 영어 학원도 다녔고 과외도 했고\n1 : 키키 와 진짜?\n1 : 영어 과외를 한 거야?\n2 : 웅 그랬던 거 같아\n2 : 근데 때려침\n1 : 왜 키키 영어 쌤이 마음에 안 들었어?\n2 : 친구들 가길래 다닌 거지 같이 안 가고 키키\n1 : 그렇구나 키키\n1 : 나는 고딩 때까지\n1 : 수학 과외 받아봤어?\n2 : 와 수학 잘하겠네?\n1 : 아니!\n1 : 지금은 사칙연산 밖에 못 해!\n2 : 사칙 연산이 뭔지 난 기억 안나\n1 : 우리 더하기 빼기 곱하기 나누기 이거잖아!\n2 : 아 그래?\n2 : 나 바보야?\n1 : 키키 아니야~\n1 : 그 뭐냐 혹시 언니 인수분해라고 알아?\n2 : 키키 인수 분해는 알아\n2 : 어려워",
        "lines": [
          {
            "id": 1,
            "text": "1 : 언니는 고딩 때 학원 다녀봤어?",
            "norm_text": "언니는 고딩 때 학원 다녀봤어?",
            "speaker": {
              "id": "1번",
              "sex": "여성",
              "age": "20대"
            },
            "speechAct": "(지시) 질문하기",
            "morpheme": "언니/NNG+는/JX+고딩/NNP+때/NNG+학원/NNG+다녀/VV+EC+봤/VX+EP+어/EF"
          },
          {
            "id": 2,
            "text": "2 : 난 중딩 때가 끝",
            "norm_text": "난 중딩 때가 끝",
            "speaker": {
              "id": "2번",
              "sex": "여성",
              "age": "20대"
            },
            "speechAct": "(단언) 주장하기",
            "morpheme": "난중/NNG+딩/NNG+때/NNG+가/JKS+끝/NNG"
          },
          {
            "id": 3,
            "text": "2 : 학원 안 다님 키키",
            "norm_text": "학원 안 다님 키키",
            "speaker": {
              "id": "2번",
              "sex": "여성",
              "age": "20대"
            },
            "speechAct": "(단언) 주장하기",
            "morpheme": "학원/NNG+안/MAG+다님/VV+ETN+키/NNG+키/XSV+ETN"
          },
          {
            "id": 4,
            "text": "1 : 아 진짜?",
            "norm_text": "아 진짜?",
            "speaker": {
              "id": "1번",
              "sex": "여성",
              "age": "20대"
            },
            "speechAct": "(지시) 질문하기",
            "morpheme": "아/IC+진짜/MAG"
          },
          {
            "id": 5,
            "text": "1 : 중딩 때 어디 갔었어?",
            "norm_text": "중딩 때 어디 갔었어?",
            "speaker": {
              "id": "1번",
              "sex": "여성",
              "age": "20대"
            },
            "speechAct": "(지시) 질문하기",
            "morpheme": "중/NNG+딩/NNG+때/NNG+어디/NP+갔었/VV+EP+어/EF"
          },
          {
            "id": 6,
            "text": "2 : 나 영어 학원도 다녔고 과외도 했고",
            "norm_text": "나 영어 학원도 다녔고 과외도 했고",
            "speaker": {
              "id": "2번",
              "sex": "여성",
              "age": "20대"
            },
            "speechAct": "(단언) 진술하기",
            "morpheme": "나/NP+영어/NNG+학원/NNG+도/JX+다녔/VV+EP+고/EC+과외/NNG+도/JX+했/VV+EP+고/EC"
          },
          {
            "id": 7,
            "text": "1 : 키키 와 진짜?",
            "norm_text": "키키 와 진짜?",
            "speaker": {
              "id": "1번",
              "sex": "여성",
              "age": "20대"
            },
            "speechAct": "(지시) 질문하기",
            "morpheme": "키/NNG+키/XSV+ETN+와/JKB+진짜/MAG"
          },
          {
            "id": 8,
            "text": "1 : 영어 과외를 한 거야?",
            "norm_text": "영어 과외를 한 거야?",
            "speaker": {
              "id": "1번",
              "sex": "여성",
              "age": "20대"
            },
            "speechAct": "(지시) 질문하기",
            "morpheme": "영어/NNG+과외/NNG+를/JKO+한/VV+ETM+거/NNB+야/VCP+EF"
          },
          {
            "id": 9,
            "text": "2 : 웅 그랬던 거 같아",
            "norm_text": "웅 그랬던 거 같아",
            "speaker": {
              "id": "2번",
              "sex": "여성",
              "age": "20대"
            },
            "speechAct": "(단언) 주장하기",
            "morpheme": "웅/MAG+그랬/VV+EP+던/ETM+거/NNB+같/VA+아/EC"
          },
          {
            "id": 10,
            "text": "2 : 근데 때려침",
            "norm_text": "근데 때려침",
            "speaker": {
              "id": "2번",
              "sex": "여성",
              "age": "20대"
            },
            "speechAct": "(단언) 주장하기",
            "morpheme": "근데/MAJ+때려/VV+EC+침/NNG"
          },
          {
            "id": 11,
            "text": "1 : 왜 키키 영어 쌤이 마음에 안 들었어?",
            "norm_text": "왜 키키 영어 쌤이 마음에 안 들었어?",
            "speaker": {
              "id": "1번",
              "sex": "여성",
              "age": "20대"
            },
            "speechAct": "(지시) 질문하기",
            "morpheme": "왜/MAG+키/NNG+키/NNG+영어/NNG+쌤/NNG+이/JKS+마음/NNG+에/JKB+안/MAG+들/VV+었/EP+어/EF"
          },
          {
            "id": 12,
            "text": "2 : 친구들 가길래 다닌 거지 같이 안 가고 키키",
            "norm_text": "친구들 가길래 다닌 거지 같이 안 가고 키키",
            "speaker": {
              "id": "2번",
              "sex": "여성",
              "age": "20대"
            },
            "speechAct": "(단언) 주장하기",
            "morpheme": "친구/NNG+들/XSN+가/VV+길래/EC+다닌/VV+ETM+거/NNB+지/VCP+EF+같이/MAG+안/MAG+가/VV+고/EC+키/NNG+키/XSV+ETN"
          },
          {
            "id": 13,
            "text": "1 : 그렇구나 키키",
            "norm_text": "그렇구나 키키",
            "speaker": {
              "id": "1번",
              "sex": "여성",
              "age": "20대"
            },
            "speechAct": "(단언) 주장하기",
            "morpheme": "그렇/VA+구나/EF+키/NNG+키/XSV+ETN"
          },
          {
            "id": 14,
            "text": "1 : 나는 고딩 때까지",
            "norm_text": "나는 고딩 때까지",
            "speaker": {
              "id": "1번",
              "sex": "여성",
              "age": "20대"
            },
            "speechAct": "(단언) 주장하기",
            "morpheme": "나/NP+는/JX+고딩/NNP+때/NNG+까지/JX"
          },
          {
            "id": 15,
            "text": "1 : 수학 과외 받아봤어?",
            "norm_text": "수학 과외 받아봤어?",
            "speaker": {
              "id": "1번",
              "sex": "여성",
              "age": "20대"
            },
            "speechAct": "(단언) 주장하기",
            "morpheme": "수학/NNG+과외/NNG+받/VV+아/EC+봤/VX+EP+어/EF"
          },
          {
            "id": 16,
            "text": "2 : 와 수학 잘하겠네?",
            "norm_text": "와 수학 잘하겠네?",
            "speaker": {
              "id": "2번",
              "sex": "여성",
              "age": "20대"
            },
            "speechAct": "(지시) 질문하기",
            "morpheme": "와/IC+수학/NNG+잘/MAG+하/VV+겠/EP+네/EF"
          },
          {
            "id": 17,
            "text": "1 : 아니!",
            "norm_text": "아니!",
            "speaker": {
              "id": "1번",
              "sex": "여성",
              "age": "20대"
            },
            "speechAct": "(단언) 주장하기",
            "morpheme": "아니/IC"
          },
          {
            "id": 18,
            "text": "1 : 지금은 사칙연산 밖에 못 해!",
            "norm_text": "지금은 사칙연산 밖에 못 해!",
            "speaker": {
              "id": "1번",
              "sex": "여성",
              "age": "20대"
            },
            "speechAct": "(단언) 주장하기",
            "morpheme": "지금/MAG+은/JX+사칙/NNG+연산/NNG+밖에/JX+못/MAG+해/VV+EF"
          },
          {
            "id": 19,
            "text": "2 : 사칙 연산이 뭔지 난 기억 안나",
            "norm_text": "사칙 연산이 뭔지 난 기억 안나",
            "speaker": {
              "id": "2번",
              "sex": "여성",
              "age": "20대"
            },
            "speechAct": "(단언) 주장하기",
            "morpheme": "사칙/NNG+연산/NNG+이/JKS+뭔지/NP+VCP+EC+난/VX+ETM+기억/NNG+안/MAG+나/VV+EC"
          },
          {
            "id": 20,
            "text": "1 : 우리 더하기 빼기 곱하기 나누기 이거잖아!",
            "norm_text": "우리 더하기 빼기 곱하기 나누기 이거잖아!",
            "speaker": {
              "id": "1번",
              "sex": "여성",
              "age": "20대"
            },
            "speechAct": "(단언) 주장하기",
            "morpheme": "우리/NP+더/MAG+하/VV+기/ETN+빼/VV+기/ETN+곱하/VV+기/ETN+나누/VV+기/ETN+이거/NP+잖아/VCP+EC+VX+EF"
          },
          {
            "id": 21,
            "text": "2 : 아 그래?",
            "norm_text": "아 그래?",
            "speaker": {
              "id": "2번",
              "sex": "여성",
              "age": "20대"
            },
            "speechAct": "(지시) 질문하기",
            "morpheme": "아/IC+그래/IC"
          },
          {
            "id": 22,
            "text": "2 : 나 바보야?",
            "norm_text": "나 바보야?",
            "speaker": {
              "id": "2번",
              "sex": "여성",
              "age": "20대"
            },
            "speechAct": "(지시) 질문하기",
            "morpheme": "나/NP+바보/NNG+야/VCP+EF"
          },
          {
            "id": 23,
            "text": "1 : 키키 아니야~",
            "norm_text": "키키 아니야~",
            "speaker": {
              "id": "1번",
              "sex": "여성",
              "age": "20대"
            },
            "speechAct": "(단언) 주장하기",
            "morpheme": "키/NNG+키/XSV+ETN+아니/VCN+야/EC+~/SY"
          },
          {
            "id": 24,
            "text": "1 : 그 뭐냐 혹시 언니 인수분해라고 알아?",
            "norm_text": "그 뭐냐 혹시 언니 인수분해라고 알아?",
            "speaker": {
              "id": "1번",
              "sex": "여성",
              "age": "20대"
            },
            "speechAct": "(지시) 질문하기",
            "morpheme": "그/IC+뭐/NP+냐/VCP+EF+혹시/MAG+언니/NNG+인/VCP+ETM+수분/NNG+해/XSV+EF+라고/JKQ+알/VV+아/EF"
          },
          {
            "id": 25,
            "text": "2 : 키키 인수 분해는 알아",
            "norm_text": "키키 인수 분해는 알아",
            "speaker": {
              "id": "2번",
              "sex": "여성",
              "age": "20대"
            },
            "speechAct": "(단언) 주장하기",
            "morpheme": "키/NNG+키/NNG+인/VCP+ETM+수분/NNG+해/XSV+EC+는/JX+알/VV+아/EC"
          },
          {
            "id": 26,
            "text": "2 : 어려워",
            "norm_text": "어려워",
            "speaker": {
              "id": "2번",
              "sex": "여성",
              "age": "20대"
            },
            "speechAct": "(단언) 주장하기",
            "morpheme": "어려워/VA+EC"
          }
        ]
      }
    }
  ]
}