{
  "dataset": {
    "identifier": 118014,
    "name": "FACEBOOK_110_10_set",
    "src_path": "/data/file/cubeManager/PROJECT001/80/txt20211102153319034863/FACEBOOK_110_10_set/",
    "label_path": "/data/file/cubeManager/PROJECT001/80/txt20211102153319034863/FACEBOOK_110_10_set/",
    "category": 2,
    "type": 0
  },
  "licenses": {
    "name": "Apache License 1.0",
    "url": "http://www.apache.org/licenses/LICENSE-1.0"
  },
  "info": [
    {
      "id": 130014,
      "filename": "FACEBOOK_110_10.txt",
      "title": "FACEBOOK_110_10",
      "mediatype": "SNS",
      "medianame": "카카오톡",
      "category": "일상대화",
      "date": "2021-11-02",
      "size": 442,
      "annotations": {
        "subject": "스포츠/레저",
        "speaker_type": "1:1",
        "size": 442,
        "word_size": 155,
        "text": "1 : 언니는 지금 취미가 뭐야?\n2 : 나는 취미 음 없는 거 같은데? 넌?\n1 : 그래? 나는 이번에 새로 생겼어!\n2 : 뭐 키키 또 뭐 시작 한 거야!\n1 : 아니 이게 취미라고 하기에는 좀 그런데 방방 같은 거 할 수 있는 운동장 같은 곳이 있거든!?\n2 : 방방? 아 알아\n2 : 에어로빅? 막 뛰면서 하는 거?\n1 : 어 약간 그런 느낌인데 노래 틀고 방방 타는 곳이야!\n2 : 맞아 알아\n2 : 일인당 하나 작은 방방 키키\n1 : 어 맞아! 거기서 쌤 따라 하면 되는 거!\n2 : 너 일하는 데 다닐 시간 괜찮아?\n1 : 어 끝나고 한 시간이면 땀 뻘뻘 나더라고!\n2 : 그거 살 많이 빠진대 골 흔들릴 듯 키키\n1 : 어 키키\n1 : 그래서 나 아까 멀미가 좀 났어!\n2 : 열심히 해봐 그래야 많이 먹지 키키\n1 : 일단 1달 끊어봤는데 괜찮으면 3달씩 끊으려고!\n2 : 키키 나도 한번 알아봐야겠다 그고",
        "lines": [
          {
            "id": 1,
            "text": "1 : 언니는 지금 취미가 뭐야?",
            "norm_text": "언니는 지금 취미가 뭐야?",
            "speaker": {
              "id": "1번",
              "sex": "여성",
              "age": "20대"
            },
            "speechAct": "(지시) 질문하기",
            "morpheme": "언니/NNG+는/JX+지금/MAG+취미/NNG+가/JKS+뭐/NP+야/VCP+EF"
          },
          {
            "id": 2,
            "text": "2 : 나는 취미 음 없는 거 같은데? 넌?",
            "norm_text": "나는 취미 음 없는 거 같은데? 넌?",
            "speaker": {
              "id": "2번",
              "sex": "여성",
              "age": "20대"
            },
            "speechAct": "(단언) 주장하기",
            "morpheme": "나/NP+는/JX+취미/NNG+음/IC+없/VA+는/ETM+거/NNB+같/VA+은데/EF+넌/NP+JX"
          },
          {
            "id": 3,
            "text": "1 : 그래? 나는 이번에 새로 생겼어!",
            "norm_text": "그래? 나는 이번에 새로 생겼어!",
            "speaker": {
              "id": "1번",
              "sex": "여성",
              "age": "20대"
            },
            "speechAct": "(단언) 주장하기",
            "morpheme": "그래/IC+나/NP+는/JX+이번/NNG+에/JKB+새로/MAG+생겼/VV+EP+어/EF"
          },
          {
            "id": 4,
            "text": "2 : 뭐 키키 또 뭐 시작 한 거야!",
            "norm_text": "뭐 키키 또 뭐 시작 한 거야!",
            "speaker": {
              "id": "2번",
              "sex": "여성",
              "age": "20대"
            },
            "speechAct": "(단언) 주장하기",
            "morpheme": "뭐/IC+키/NNG+키/NNG+또/MAG+뭐/IC+시작/NNG+한/XSA+ETM+거/NNB+야/VCP+EF"
          },
          {
            "id": 5,
            "text": "1 : 아니 이게 취미라고 하기에는 좀 그런데 방방 같은 거 할 수 있는 운동장 같은 곳이 있거든!?",
            "norm_text": "아니 이게 취미라고 하기에는 좀 그런데 방방 같은 거 할 수 있는 운동장 같은 곳이 있거든!?",
            "speaker": {
              "id": "1번",
              "sex": "여성",
              "age": "20대"
            },
            "speechAct": "(단언) 주장하기",
            "morpheme": "아니/IC+이게/NP+JKS+취미/NNG+라고/VCP+EC+하/VV+기/ETN+에/JKB+는/JX+좀/MAG+그런데/MAJ+방방/MAG+같/VA+은/ETM+거/NNB+할/VV+ETM+수/NNB+있/VV+는/ETM+운동장/NNG+같/VA+은/ETM+곳/NNG+이/JKS+있/VV+거든/EC+!/SY"
          },
          {
            "id": 6,
            "text": "2 : 방방? 아 알아",
            "norm_text": "방방? 아 알아",
            "speaker": {
              "id": "2번",
              "sex": "여성",
              "age": "20대"
            },
            "speechAct": "(단언) 주장하기",
            "morpheme": "방방/MAG+아/IC+알/VV+아/EC"
          },
          {
            "id": 7,
            "text": "2 : 에어로빅? 막 뛰면서 하는 거?",
            "norm_text": "에어로빅? 막 뛰면서 하는 거?",
            "speaker": {
              "id": "2번",
              "sex": "여성",
              "age": "20대"
            },
            "speechAct": "(단언) 주장하기",
            "morpheme": "에어로빅/NNG+막/MAJ+뛰/VV+면서/EC+하/VV+는/ETM+거/NNB"
          },
          {
            "id": 8,
            "text": "1 : 어 약간 그런 느낌인데 노래 틀고 방방 타는 곳이야!",
            "norm_text": "어 약간 그런 느낌인데 노래 틀고 방방 타는 곳이야!",
            "speaker": {
              "id": "1번",
              "sex": "여성",
              "age": "20대"
            },
            "speechAct": "(단언) 주장하기",
            "morpheme": "어/IC+약간/MAG+그런/MM+느낌/NNG+인데/VCP+EC+노래/NNG+틀/VV+고/EC+방방/MAG+타/VV+는/ETM+곳/NNG+이/VCP+야/EF"
          },
          {
            "id": 9,
            "text": "2 : 맞아 알아",
            "norm_text": "맞아 알아",
            "speaker": {
              "id": "2번",
              "sex": "여성",
              "age": "20대"
            },
            "speechAct": "(단언) 주장하기",
            "morpheme": "맞/VV+아/EC+알/VV+아/EC"
          },
          {
            "id": 10,
            "text": "2 : 일인당 하나 작은 방방 키키",
            "norm_text": "일인당 하나 작은 방방 키키",
            "speaker": {
              "id": "2번",
              "sex": "여성",
              "age": "20대"
            },
            "speechAct": "(단언) 주장하기",
            "morpheme": "일인/NNG+당/XSN+하나/NR+작/VA+은/ETM+방방/NNG+키/NNG+키/XSV+ETN"
          },
          {
            "id": 11,
            "text": "1 : 어 맞아! 거기서 쌤 따라 하면 되는 거!",
            "norm_text": "어 맞아! 거기서 쌤 따라 하면 되는 거!",
            "speaker": {
              "id": "1번",
              "sex": "여성",
              "age": "20대"
            },
            "speechAct": "(단언) 주장하기",
            "morpheme": "어/IC+맞/VV+아/EF+거기/NP+서/JKB+쌤/NNG+따라/VV+EC+하/VV+면/EC+되/VV+는/ETM+거/NNB"
          },
          {
            "id": 12,
            "text": "2 : 너 일하는 데 다닐 시간 괜찮아?",
            "norm_text": "너 일하는 데 다닐 시간 괜찮아?",
            "speaker": {
              "id": "2번",
              "sex": "여성",
              "age": "20대"
            },
            "speechAct": "(지시) 질문하기",
            "morpheme": "너/NP+일/NNG+하/XSV+는/ETM+데/NNB+다닐/VV+ETM+시간/NNG+괜찮/VA+아/EF"
          },
          {
            "id": 13,
            "text": "1 : 어 끝나고 한 시간이면 땀 뻘뻘 나더라고!",
            "norm_text": "어 끝나고 한 시간이면 땀 뻘뻘 나더라고!",
            "speaker": {
              "id": "1번",
              "sex": "여성",
              "age": "20대"
            },
            "speechAct": "(단언) 진술하기",
            "morpheme": "어/IC+끝/NNG+나/VV+고/EC+한/MM+시간/NNG+이/VCP+면/EC+땀/NNG+뻘뻘/MAG+나/VV+더라고/EF"
          },
          {
            "id": 14,
            "text": "2 : 그거 살 많이 빠진대 골 흔들릴 듯 키키",
            "norm_text": "그거 살 많이 빠진대 골 흔들릴 듯 키키",
            "speaker": {
              "id": "2번",
              "sex": "여성",
              "age": "20대"
            },
            "speechAct": "(단언) 주장하기",
            "morpheme": "그거/NP+살/VV+ETM+많이/MAG+빠진/VV+ETM+대/XPN+골/NNG+흔들릴/VV+ETM+듯/NNB+키/NNG+키/XSV+ETN"
          },
          {
            "id": 15,
            "text": "1 : 어 키키",
            "norm_text": "어 키키",
            "speaker": {
              "id": "1번",
              "sex": "여성",
              "age": "20대"
            },
            "speechAct": "(단언) 주장하기",
            "morpheme": "어/IC+키/NNG+키/XSV+ETN"
          },
          {
            "id": 16,
            "text": "1 : 그래서 나 아까 멀미가 좀 났어!",
            "norm_text": "그래서 나 아까 멀미가 좀 났어!",
            "speaker": {
              "id": "1번",
              "sex": "여성",
              "age": "20대"
            },
            "speechAct": "(단언) 진술하기",
            "morpheme": "그래서/MAJ+나/NP+아까/MAG+멀미/NNG+가/JKS+좀/MAG+났/VV+EP+어/EF"
          },
          {
            "id": 17,
            "text": "2 : 열심히 해봐 그래야 많이 먹지 키키",
            "norm_text": "열심히 해봐 그래야 많이 먹지 키키",
            "speaker": {
              "id": "2번",
              "sex": "여성",
              "age": "20대"
            },
            "speechAct": "(단언) 주장하기",
            "morpheme": "열심히/MAG+해/VV+EC+봐/VX+EC+그래야/VV+EC+많이/MAG+먹/VV+지/EC+키/NNG+키/XSV+ETN"
          },
          {
            "id": 18,
            "text": "1 : 일단 1달 끊어봤는데 괜찮으면 3달씩 끊으려고!",
            "norm_text": "일단 1달 끊어봤는데 괜찮으면 3달씩 끊으려고!",
            "speaker": {
              "id": "1번",
              "sex": "여성",
              "age": "20대"
            },
            "speechAct": "(언약) 약속하기(제3자와)/(개인적 수준)",
            "morpheme": "일단/MAG+1/SN+달/NNBC+끊/VV+어/EC+봤/VX+EP+는데/EC+괜찮/VA+으면/EC+3/SN+달/NNBC+씩/XSN+끊/VV+으려고/EF"
          },
          {
            "id": 19,
            "text": "2 : 키키 나도 한번 알아봐야겠다 그고",
            "norm_text": "키키 나도 한번 알아봐야겠다 그고",
            "speaker": {
              "id": "2번",
              "sex": "여성",
              "age": "20대"
            },
            "speechAct": "(언약) 약속하기(제3자와)/(개인적 수준)",
            "morpheme": "키/NNG+키나/XSA+ETN+JX+도/JX+한/MM+번/NNBC+알/VV+아/EC+봐야/VX+EC+VV+겠/EC+다그/VV+고/EC"
          }
        ]
      }
    }
  ]
}