{
  "dataset": {
    "identifier": 112412,
    "name": "FACEBOOK_112_01_set",
    "src_path": "/data/file/cubeManager/PROJECT001/80/txt20211103154237024652/FACEBOOK_112_01_set/",
    "label_path": "/data/file/cubeManager/PROJECT001/80/txt20211103154237024652/FACEBOOK_112_01_set/",
    "category": 2,
    "type": 0
  },
  "licenses": {
    "name": "Apache License 1.0",
    "url": "http://www.apache.org/licenses/LICENSE-1.0"
  },
  "info": [
    {
      "id": 135336,
      "filename": "FACEBOOK_112_01.txt",
      "title": "FACEBOOK_112_01",
      "mediatype": "SNS",
      "medianame": "페이스북",
      "category": "일상대화",
      "date": "2021-11-03",
      "size": 389,
      "annotations": {
        "subject": "식음료",
        "speaker_type": "1:1",
        "size": 389,
        "word_size": 129,
        "text": "1 : 언니 중국 음식 좋아해?\n2 : 나 엄청 좋아하지 짬뽕 키키\n1 : 와~ 나도 짬뽕파야 늙어서 그런가!?\n2 : 뭔가 시켜 먹을 땐 짬뽕 먹게 돼\n1 : 키키 아 근데 탕수육이랑 같이 먹는다면 그때는 짜장면으로 먹음!\n2 : 키키 맞아 고추잡채 먹어봄? 존맛\n1 : 키키 아 나 고추잡채 완전 좋아해!\n2 : 나 진짜 환장하지 맛있어\n1 : 언니 거기다가 고량주까지 먹어봤어!?\n2 : 고량주...? 안쎄\n2 : 너 괜찮아?\n1 : 아니 나 죽었지!\n1 : 언니 연태구냥이라고 알아?\n2 : 키키 그건 뭐야 첨 들어보는데\n1 : 이것도 중국술인데 향이 되게 산뜻해 사과향이 나!\n2 : 그건 안 쎈겨? 그것도 쎄지\n1 : 어 이거 엄청 쎄 엄마가 먹는 거 훔쳐 먹어봤는데 식도 녹는 줄!\n2 : 키키 너 술 잘 먹었나?",
        "lines": [
          {
            "id": 1,
            "text": "1 : 언니 중국 음식 좋아해?",
            "norm_text": "언니 중국 음식 좋아해?",
            "speaker": {
              "id": "1번",
              "sex": "여성",
              "age": "20대"
            },
            "speechAct": "(지시) 질문하기",
            "morpheme": "언니/NNG+중국/NNP+음식/NNG+좋/VA+아/EC+해/VX+EF"
          },
          {
            "id": 2,
            "text": "2 : 나 엄청 좋아하지 짬뽕 키키",
            "norm_text": "나 엄청 좋아하지 짬뽕 키키",
            "speaker": {
              "id": "2번",
              "sex": "여성",
              "age": "20대"
            },
            "speechAct": "(단언) 주장하기",
            "morpheme": "나/NP+엄청/MAG+좋/VA+아/EC+하/VV+지/EC+짬뽕/NNG+키/NNG+키/XSV+ETN"
          },
          {
            "id": 3,
            "text": "1 : 와~ 나도 짬뽕파야 늙어서 그런가!?",
            "norm_text": "와~ 나도 짬뽕파야 늙어서 그런가!?",
            "speaker": {
              "id": "1번",
              "sex": "여성",
              "age": "20대"
            },
            "speechAct": "(지시) 질문하기",
            "morpheme": "와/VV+EC+~/SY+나/NP+도/JX+짬뽕/NNG+파/VV+야/EC+늙/VV+어서/EC+그런가/VA+EC+!/SY"
          },
          {
            "id": 4,
            "text": "2 : 뭔가 시켜 먹을 땐 짬뽕 먹게 돼",
            "norm_text": "뭔가 시켜 먹을 땐 짬뽕 먹게 돼",
            "speaker": {
              "id": "2번",
              "sex": "여성",
              "age": "20대"
            },
            "speechAct": "(단언) 주장하기",
            "morpheme": "뭔가/NP+VCP+EC+시켜/VV+EC+먹/VV+을/ETM+땐/NNG+JX+짬뽕/NNG+먹/VV+게/EC+돼/VV+EC"
          },
          {
            "id": 5,
            "text": "1 : 키키 아 근데 탕수육이랑 같이 먹는다면 그때는 짜장면으로 먹음!",
            "norm_text": "키키 아 근데 탕수육이랑 같이 먹는다면 그때는 짜장면으로 먹음!",
            "speaker": {
              "id": "1번",
              "sex": "여성",
              "age": "20대"
            },
            "speechAct": "(단언) 주장하기",
            "morpheme": "키/NNG+키/XSV+ETN+아/IC+근데/MAJ+탕수육/NNG+이랑/JKB+같이/MAG+먹/VV+는다면/EC+그때/NNG+는/JX+짜장면/NNG+으로/JKB+먹/VV+음/ETN"
          },
          {
            "id": 6,
            "text": "2 : 키키 맞아 고추잡채 먹어봄? 존맛",
            "norm_text": "키키 맞아 고추잡채 먹어봄? 존맛",
            "speaker": {
              "id": "2번",
              "sex": "여성",
              "age": "20대"
            },
            "speechAct": "(지시) 질문하기",
            "morpheme": "키키맞아고추잡채먹어봄/UNKNOWN+?/SY+존/NNP+맛/NNG"
          },
          {
            "id": 7,
            "text": "1 : 키키 아 나 고추잡채 완전 좋아해!",
            "norm_text": "키키 아 나 고추잡채 완전 좋아해!",
            "speaker": {
              "id": "1번",
              "sex": "여성",
              "age": "20대"
            },
            "speechAct": "(단언) 주장하기",
            "morpheme": "키/NNG+키아나/NNP+고추잡채/NNG+완전/NNG+좋/VA+아/EC+해/VX+EF"
          },
          {
            "id": 8,
            "text": "2 : 나 진짜 환장하지 맛있어",
            "norm_text": "나 진짜 환장하지 맛있어",
            "speaker": {
              "id": "2번",
              "sex": "여성",
              "age": "20대"
            },
            "speechAct": "(단언) 주장하기",
            "morpheme": "나/NP+진짜/MAG+환장/NNG+하/XSV+지/EC+맛있/VA+어/EC"
          },
          {
            "id": 9,
            "text": "1 : 언니 거기다가 고량주까지 먹어봤어!?",
            "norm_text": "언니 거기다가 고량주까지 먹어봤어!?",
            "speaker": {
              "id": "1번",
              "sex": "여성",
              "age": "20대"
            },
            "speechAct": "(지시) 질문하기",
            "morpheme": "언니/NNG+거기/NP+다가/JX+고량주/NNG+까지/JX+먹/VV+어/EC+봤/VX+EP+어/EC+!/SY"
          },
          {
            "id": 10,
            "text": "2 : 고량주...? 안쎄",
            "norm_text": "고량주...? 안쎄",
            "speaker": {
              "id": "2번",
              "sex": "여성",
              "age": "20대"
            },
            "speechAct": "(지시) 질문하기",
            "morpheme": "고량주/NNG+./SY+./SY+안/MAG+쎄/VA+EC"
          },
          {
            "id": 11,
            "text": "2 : 너 괜찮아?",
            "norm_text": "너 괜찮아?",
            "speaker": {
              "id": "2번",
              "sex": "여성",
              "age": "20대"
            },
            "speechAct": "(지시) 질문하기",
            "morpheme": "너/NP+괜찮/VA+아/EF"
          },
          {
            "id": 12,
            "text": "1 : 아니 나 죽었지!",
            "norm_text": "아니 나 죽었지!",
            "speaker": {
              "id": "1번",
              "sex": "여성",
              "age": "20대"
            },
            "speechAct": "(단언) 주장하기",
            "morpheme": "아니/IC+나/NP+죽/VV+었/EP+지/EF"
          },
          {
            "id": 13,
            "text": "1 : 언니 연태구냥이라고 알아?",
            "norm_text": "언니 연태구냥이라고 알아?",
            "speaker": {
              "id": "1번",
              "sex": "여성",
              "age": "20대"
            },
            "speechAct": "(지시) 질문하기",
            "morpheme": "언니/NNG+연태/NNG+구/NR+냥/NNBC+이/VCP+라고/EC+알/VV+아/EF"
          },
          {
            "id": 14,
            "text": "2 : 키키 그건 뭐야 첨 들어보는데",
            "norm_text": "키키 그건 뭐야 첨 들어보는데",
            "speaker": {
              "id": "2번",
              "sex": "여성",
              "age": "20대"
            },
            "speechAct": "(단언) 주장하기",
            "morpheme": "키/NNG+키/XSV+ETN+그건/NP+JX+뭐/NP+야/VCP+EF+첨/MAG+들/VV+어/EC+보/VX+는데/EC"
          },
          {
            "id": 15,
            "text": "1 : 이것도 중국술인데 향이 되게 산뜻해 사과향이 나!",
            "norm_text": "이것도 중국술인데 향이 되게 산뜻해 사과향이 나!",
            "speaker": {
              "id": "1번",
              "sex": "여성",
              "age": "20대"
            },
            "speechAct": "(단언) 주장하기",
            "morpheme": "이것/NP+도/JX+중국술/NNG+인데/VCP+EC+향/NNG+이/JKS+되게/MAG+산뜻/XR+해/XSA+EC+사과/NNG+향/NNG+이나/JC"
          },
          {
            "id": 16,
            "text": "2 : 그건 안 쎈겨? 그것도 쎄지",
            "norm_text": "그건 안 쎈겨? 그것도 쎄지",
            "speaker": {
              "id": "2번",
              "sex": "여성",
              "age": "20대"
            },
            "speechAct": "(지시) 질문하기",
            "morpheme": "그건/NP+JX+안/MAG+쎈/VA+ETM+겨/NNB+VCP+EF+그것/NP+도/JX+쎄/VA+지/EC"
          },
          {
            "id": 17,
            "text": "1 : 어 이거 엄청 쎄 엄마가 먹는 거 훔쳐 먹어봤는데 식도 녹는 줄!",
            "norm_text": "어 이거 엄청 쎄 엄마가 먹는 거 훔쳐 먹어봤는데 식도 녹는 줄!",
            "speaker": {
              "id": "1번",
              "sex": "여성",
              "age": "20대"
            },
            "speechAct": "(단언) 주장하기",
            "morpheme": "어/IC+이거/NP+엄청/MAG+쎄/VA+EC+엄마/NNG+가/JKS+먹/VV+는/ETM+거/NNB+훔쳐/VV+EC+먹/VV+어/EC+봤/VX+EP+는데/EC+식/NNG+도/JX+녹/VV+는/ETM+줄/NNB"
          },
          {
            "id": 18,
            "text": "2 : 키키 너 술 잘 먹었나?",
            "norm_text": "키키 너 술 잘 먹었나?",
            "speaker": {
              "id": "2번",
              "sex": "여성",
              "age": "20대"
            },
            "speechAct": "(지시) 질문하기",
            "morpheme": "키키너술잘먹었나/UNKNOWN"
          }
        ]
      }
    }
  ]
}