{
  "dataset": {
    "identifier": 117106,
    "name": "FACEBOOK_105_05_set",
    "src_path": "/data/file/cubeManager/PROJECT001/77/txt20211028144832024367/FACEBOOK_105_05_set/",
    "label_path": "/data/file/cubeManager/PROJECT001/77/txt20211028144832024367/FACEBOOK_105_05_set/",
    "category": 2,
    "type": 0
  },
  "licenses": {
    "name": "Apache License 1.0",
    "url": "http://www.apache.org/licenses/LICENSE-1.0"
  },
  "info": [
    {
      "id": 100330,
      "filename": "FACEBOOK_105_05.txt",
      "title": "FACEBOOK_105_05",
      "mediatype": "SNS",
      "medianame": "페이스북",
      "category": "일상대화",
      "date": "2021-10-28",
      "size": 509,
      "annotations": {
        "subject": "군대",
        "speaker_type": "1:1",
        "size": 509,
        "word_size": 160,
        "text": "1 : 오빠 작년에 이슈였던 변희수 하사 알아?\n2 : 아니 그 하사가 뭔데?\n1 : 그 하사가 최초로  트랜스젠더가 된 하사였잖아!\n2 : 아 남자에서 여자로 간 거야?\n1 : 어 맞아\n1 : 근데 여자하사로 복귀시켜 달라고 청원했던 사람이었잖아!\n2 : 대박\n2 : 그래서 그분은 어떻게 됐는데?\n1 : 일단 그분은 올해 3월에 하늘나라에 갔어,\n2 : 헐 왜? 수술이 뭐 잘못된 거래?\n1 : 아니\n1 : 여자로서 군인이 되고 싶었는데 군대에서 강제로 퇴사 시켰거든,\n2 : 아 그래서 우울증에 시달렸던 건가?\n1 : 어 그래서 청원을 하고 싸우던 중에 하늘나라로 갔어,\n2 : 아 그분도 혐생을 사셨구나 ㅠㅠ\n2 : 안타깝다...\n1 : 근데 이번에 기사가 나왔는데 변하사에 대한 퇴사 조취를 취소하라는 법원 판결이 나왔대!\n2 : 그럼 뭐해\n2 : 그 사람은 지금 없는데\n2 : 그럼 어떻게 되는 거야?\n1 : 그래도 나중에 트랜스젠더가 될 군인들에게는 희망이 생긴 거지!\n2 : 아 희망이 생긴 건 좋은데 그분 결말이 너무 안 좋다 ㅠㅠ",
        "lines": [
          {
            "id": 1,
            "text": "1 : 오빠 작년에 이슈였던 변희수 하사 알아?",
            "norm_text": "오빠 작년에 이슈였던 변희수 하사 알아?",
            "speaker": {
              "id": "1번",
              "sex": "여성",
              "age": "20대"
            },
            "speechAct": "(지시) 질문하기",
            "morpheme": "오빠/NNG+작년/NNG+에/JKB+이슈/NNG+였/VCP+EP+던/ETM+변희/NNG+수하/NNG+사알/NNG+아/JKV"
          },
          {
            "id": 2,
            "text": "2 : 아니 그 하사가 뭔데?",
            "norm_text": "아니 그 하사가 뭔데?",
            "speaker": {
              "id": "2번",
              "sex": "남성",
              "age": "20대"
            },
            "speechAct": "(지시) 질문하기",
            "morpheme": "아니/IC+그/MM+하사/NNG+가/JKS+뭔데/NP+VCP+EF"
          },
          {
            "id": 3,
            "text": "1 : 그 하사가 최초로  트랜스젠더가 된 하사였잖아!",
            "norm_text": "그 하사가 최초로  트랜스젠더가 된 하사였잖아!",
            "speaker": {
              "id": "1번",
              "sex": "여성",
              "age": "20대"
            },
            "speechAct": "(단언) 진술하기",
            "morpheme": "그/MM+하사/NNG+가/JKS+최초/NNG+로/JKB+트랜스젠더/NNP+가/JKS+된/VV+ETM+하사/NNG+였/VCP+EP+잖아/EF"
          },
          {
            "id": 4,
            "text": "2 : 아 남자에서 여자로 간 거야?",
            "norm_text": "아 남자에서 여자로 간 거야?",
            "speaker": {
              "id": "2번",
              "sex": "남성",
              "age": "20대"
            },
            "speechAct": "(지시) 질문하기",
            "morpheme": "아/IC+남자/NNG+에서/JKB+여자/NNG+로/JKB+간/VV+ETM+거/NNB+야/VCP+EF"
          },
          {
            "id": 5,
            "text": "1 : 어 맞아",
            "norm_text": "어 맞아",
            "speaker": {
              "id": "1번",
              "sex": "여성",
              "age": "20대"
            },
            "speechAct": "(단언) 주장하기",
            "morpheme": "어/IC+맞/VV+아/EC"
          },
          {
            "id": 6,
            "text": "1 : 근데 여자하사로 복귀시켜 달라고 청원했던 사람이었잖아!",
            "norm_text": "근데 여자하사로 복귀시켜 달라고 청원했던 사람이었잖아!",
            "speaker": {
              "id": "1번",
              "sex": "여성",
              "age": "20대"
            },
            "speechAct": "(단언) 주장하기",
            "morpheme": "근데/MAJ+여자/NNG+하사/NNG+로/JKB+복귀/NNG+시켜/XSV+EC+달/VX+라고/EC+청원/NNG+했/XSV+EP+던/ETM+사람/NNG+이/VCP+었/EP+잖아/EF"
          },
          {
            "id": 7,
            "text": "2 : 대박",
            "norm_text": "대박",
            "speaker": {
              "id": "2번",
              "sex": "남성",
              "age": "20대"
            },
            "speechAct": "(단언) 주장하기",
            "morpheme": "대박/NNG"
          },
          {
            "id": 8,
            "text": "2 : 그래서 그분은 어떻게 됐는데?",
            "norm_text": "그래서 그분은 어떻게 됐는데?",
            "speaker": {
              "id": "2번",
              "sex": "남성",
              "age": "20대"
            },
            "speechAct": "(지시) 질문하기",
            "morpheme": "그래서/MAJ+그/MM+분/NNB+은/JX+어떻게/MAG+됐/VV+EP+는데/EF"
          },
          {
            "id": 9,
            "text": "1 : 일단 그분은 올해 3월에 하늘나라에 갔어,",
            "norm_text": "일단 그분은 올해 3월에 하늘나라에 갔어,",
            "speaker": {
              "id": "1번",
              "sex": "여성",
              "age": "20대"
            },
            "speechAct": "(단언) 진술하기",
            "morpheme": "일단/MAG+그/MM+분/NNB+은/JX+올해/NNG+3/SN+월/NNBC+에/JKB+하늘/NNG+나라/NNG+에/JKB+갔/VV+EP+어/EF+,/SC"
          },
          {
            "id": 10,
            "text": "2 : 헐 왜? 수술이 뭐 잘못된 거래?",
            "norm_text": "헐 왜? 수술이 뭐 잘못된 거래?",
            "speaker": {
              "id": "2번",
              "sex": "남성",
              "age": "20대"
            },
            "speechAct": "(지시) 질문하기",
            "morpheme": "헐/IC+왜/MAG+수술/NNG+이/JKS+뭐/IC+잘못/MAG+된/VV+ETM+거/NNB+래/VCP+EF"
          },
          {
            "id": 11,
            "text": "1 : 아니",
            "norm_text": "아니",
            "speaker": {
              "id": "1번",
              "sex": "여성",
              "age": "20대"
            },
            "speechAct": "(단언) 주장하기",
            "morpheme": "아니/IC"
          },
          {
            "id": 12,
            "text": "1 : 여자로서 군인이 되고 싶었는데 군대에서 강제로 퇴사 시켰거든,",
            "norm_text": "여자로서 군인이 되고 싶었는데 군대에서 강제로 퇴사 시켰거든,",
            "speaker": {
              "id": "1번",
              "sex": "여성",
              "age": "20대"
            },
            "speechAct": "(단언) 진술하기",
            "morpheme": "여자/NNG+로서/JKB+군인/NNG+이/JKS+되/VV+고/EC+싶/VX+었/EP+는데/EC+군대/NNG+에서/JKB+강제/NNG+로/JKB+퇴사/NNG+시켰/XSV+EP+거든/EF+,/SC"
          },
          {
            "id": 13,
            "text": "2 : 아 그래서 우울증에 시달렸던 건가?",
            "norm_text": "아 그래서 우울증에 시달렸던 건가?",
            "speaker": {
              "id": "2번",
              "sex": "남성",
              "age": "20대"
            },
            "speechAct": "(지시) 질문하기",
            "morpheme": "아/IC+그래서/MAJ+우울증/NNG+에/JKB+시달렸/VV+EP+던/ETM+건가/NNB+VCP+EF"
          },
          {
            "id": 14,
            "text": "1 : 어 그래서 청원을 하고 싸우던 중에 하늘나라로 갔어,",
            "norm_text": "어 그래서 청원을 하고 싸우던 중에 하늘나라로 갔어,",
            "speaker": {
              "id": "1번",
              "sex": "여성",
              "age": "20대"
            },
            "speechAct": "(단언) 진술하기",
            "morpheme": "어/IC+그래서/MAJ+청원/NNG+을/JKO+하/VV+고/EC+싸우/VV+던/ETM+중/NNB+에/JKB+하늘/NNG+나라/NNG+로/JKB+갔/VV+EP+어/EF+,/SC"
          },
          {
            "id": 15,
            "text": "2 : 아 그분도 혐생을 사셨구나 ㅠㅠ",
            "norm_text": "아 그분도 혐생을 사셨구나 ㅠㅠ",
            "speaker": {
              "id": "2번",
              "sex": "남성",
              "age": "20대"
            },
            "speechAct": "(단언) 주장하기",
            "morpheme": "아/IC+그분/NP+도/JX+혐생/UNKNOWN+을/JKO+사셨/VV+EP+EP+구나/EF+ㅠㅠ/UNKNOWN"
          },
          {
            "id": 16,
            "text": "2 : 안타깝다...",
            "norm_text": "안타깝다...",
            "speaker": {
              "id": "2번",
              "sex": "남성",
              "age": "20대"
            },
            "speechAct": "(단언) 주장하기",
            "morpheme": "안타깝/VA+다/EF+./SY"
          },
          {
            "id": 17,
            "text": "1 : 근데 이번에 기사가 나왔는데 변하사에 대한 퇴사 조취를 취소하라는 법원 판결이 나왔대!",
            "norm_text": "근데 이번에 기사가 나왔는데 변하사에 대한 퇴사 조취를 취소하라는 법원 판결이 나왔대!",
            "speaker": {
              "id": "1번",
              "sex": "여성",
              "age": "20대"
            },
            "speechAct": "(단언) 진술하기",
            "morpheme": "근데/MAJ+이번/NNG+에/JKB+기사/NNG+가/JKS+나왔/VV+EP+는데/EC+변하/NNG+사/NNG+에/JKB+대한/VV+ETM+퇴사/NNG+조취/NNG+를/JKO+취소/NNG+하/XSV+라는/ETM+법원/NNG+판결/NNG+이/JKS+나왔/VV+EP+대/EF"
          },
          {
            "id": 18,
            "text": "2 : 그럼 뭐해",
            "norm_text": "그럼 뭐해",
            "speaker": {
              "id": "2번",
              "sex": "남성",
              "age": "20대"
            },
            "speechAct": "(단언) 주장하기",
            "morpheme": "그럼/MAJ+뭐/IC+해/VV+EC"
          },
          {
            "id": 19,
            "text": "2 : 그 사람은 지금 없는데",
            "norm_text": "그 사람은 지금 없는데",
            "speaker": {
              "id": "2번",
              "sex": "남성",
              "age": "20대"
            },
            "speechAct": "(단언) 주장하기",
            "morpheme": "그/MM+사람/NNG+은/JX+지금/MAG+없/VA+는데/EC"
          },
          {
            "id": 20,
            "text": "2 : 그럼 어떻게 되는 거야?",
            "norm_text": "그럼 어떻게 되는 거야?",
            "speaker": {
              "id": "2번",
              "sex": "남성",
              "age": "20대"
            },
            "speechAct": "(지시) 질문하기",
            "morpheme": "그럼/MAJ+어떻게/MAG+되/VV+는/ETM+거/NNB+야/VCP+EF"
          },
          {
            "id": 21,
            "text": "1 : 그래도 나중에 트랜스젠더가 될 군인들에게는 희망이 생긴 거지!",
            "norm_text": "그래도 나중에 트랜스젠더가 될 군인들에게는 희망이 생긴 거지!",
            "speaker": {
              "id": "1번",
              "sex": "여성",
              "age": "20대"
            },
            "speechAct": "(단언) 주장하기",
            "morpheme": "그래도/MAJ+나중/NNG+에/JKB+트랜스젠더/NNP+가/JKS+될/VV+ETM+군인/NNG+들/XSN+에게/JKB+는/JX+희망/NNG+이/JKS+생긴/VV+ETM+거/NNB+지/VCP+EF"
          },
          {
            "id": 22,
            "text": "2 : 아 희망이 생긴 건 좋은데 그분 결말이 너무 안 좋다 ㅠㅠ",
            "norm_text": "아 희망이 생긴 건 좋은데 그분 결말이 너무 안 좋다 ㅠㅠ",
            "speaker": {
              "id": "2번",
              "sex": "남성",
              "age": "20대"
            },
            "speechAct": "(단언) 주장하기",
            "morpheme": "아/IC+희망/NNG+이/JKS+생긴/VV+ETM+건/NNB+JX+좋/VA+은데/EC+그/MM+분결/NNG+말/NNG+이/JKS+너무/MAG+안/MAG+좋/VA+다/EF+ㅠㅠ/UNKNOWN"
          }
        ]
      }
    }
  ]
}