{
  "dataset": {
    "identifier": 127791,
    "name": "FACEBOOK_121_16_set",
    "src_path": "/data/file/cubeManager/PROJECT001/84/txt20211108155848038034/FACEBOOK_121_16_set/",
    "label_path": "/data/file/cubeManager/PROJECT001/84/txt20211108155848038034/FACEBOOK_121_16_set/",
    "category": 2,
    "type": 0
  },
  "licenses": {
    "name": "Apache License 1.0",
    "url": "http://www.apache.org/licenses/LICENSE-1.0"
  },
  "info": [
    {
      "id": 141740,
      "filename": "FACEBOOK_121_16.txt",
      "title": "FACEBOOK_121_16",
      "mediatype": "SNS",
      "medianame": "페이스북",
      "category": "일상대화",
      "date": "2021-11-08",
      "size": 462,
      "annotations": {
        "subject": "미용",
        "speaker_type": "1:1",
        "size": 462,
        "word_size": 161,
        "text": "1 : 오빠는 화장 하고 다녀?\n2 : 웅 나는 화장하고 다녀\n1 : 오 나갈 때 간단히 하고 나가?\n2 : 나 썬크림이랑 비비 발라 키키\n2 : 여자친구가 사줬어\n1 : 비비 바르면 어떤 점이 좋아?\n2 : 웅 틴트도 내가 발라 달라할 때 있어 키키\n1 : 대박 키키 외모에 관심이 많구나~\n2 : 비비 바르면 얼굴 잡티 가리고 좋아 키키\n1 : 그치 키키 남자도 은근 잡티가 많아\n2 : 웅 나 외모에 관심 많아 진짜\n2 : 필러도 맞았어\n1 : 아 그래? 대박 키키\n1 : 틴트도 자주 써?\n2 : 필러랑 윤곽 주사 요즘 남자들도 다하잖아\n2 : 내 친구들은 진짜 심해 나보다 더\n1 : 아 그래?... 신기하다 내 주변에 그거 하는 남자 못 봐서\n2 : 틴트는 여자친구 꺼 그냥 간간히 발라 달라해 키키\n2 : 난 관심이 많아 그런 거에\n1 : 아 그렇구나, 걸어 다니는 강남 성형외과네 키키\n2 : 요즘 남자들은 그렇지\n2 : 다들 싫어할 수도 있어 키키",
        "lines": [
          {
            "id": 1,
            "text": "1 : 오빠는 화장 하고 다녀?",
            "norm_text": "오빠는 화장 하고 다녀?",
            "speaker": {
              "id": "1번",
              "sex": "여성",
              "age": "20대"
            },
            "speechAct": "(지시) 질문하기",
            "morpheme": "오빠/NNG+는/JX+화장/NNG+하/XSV+고/EC+다녀/VV+EF"
          },
          {
            "id": 2,
            "text": "2 : 웅 나는 화장하고 다녀",
            "norm_text": "웅 나는 화장하고 다녀",
            "speaker": {
              "id": "2번",
              "sex": "남성",
              "age": "20대"
            },
            "speechAct": "(단언) 진술하기",
            "morpheme": "웅/IC+나/NP+는/JX+화장/NNG+하/XSV+고/EC+다녀/VV+EC"
          },
          {
            "id": 3,
            "text": "1 : 오 나갈 때 간단히 하고 나가?",
            "norm_text": "오 나갈 때 간단히 하고 나가?",
            "speaker": {
              "id": "1번",
              "sex": "여성",
              "age": "20대"
            },
            "speechAct": "(지시) 질문하기",
            "morpheme": "오/VV+나갈/EC+VX+ETM+때/NNG+간단히/MAG+하/VV+고/EC+나가/VX+EF"
          },
          {
            "id": 4,
            "text": "2 : 나 썬크림이랑 비비 발라 키키",
            "norm_text": "나 썬크림이랑 비비 발라 키키",
            "speaker": {
              "id": "2번",
              "sex": "남성",
              "age": "20대"
            },
            "speechAct": "(단언) 진술하기",
            "morpheme": "나/NP+썬/VV+ETM+크림/NNG+이랑/JKB+비비/MAG+발라/VV+EC+키/NNG+키/XSV+ETN"
          },
          {
            "id": 5,
            "text": "2 : 여자친구가 사줬어",
            "norm_text": "여자친구가 사줬어",
            "speaker": {
              "id": "2번",
              "sex": "남성",
              "age": "20대"
            },
            "speechAct": "(단언) 진술하기",
            "morpheme": "여자/NNG+친구/NNG+가/JKS+사/VV+EC+줬/VX+EP+어/EC"
          },
          {
            "id": 6,
            "text": "1 : 비비 바르면 어떤 점이 좋아?",
            "norm_text": "비비 바르면 어떤 점이 좋아?",
            "speaker": {
              "id": "1번",
              "sex": "여성",
              "age": "20대"
            },
            "speechAct": "(지시) 질문하기",
            "morpheme": "비비/MAG+바르/VV+면/EC+어떤/MM+점/NNG+이/JKS+좋/VA+아/EF"
          },
          {
            "id": 7,
            "text": "2 : 웅 틴트도 내가 발라 달라할 때 있어 키키",
            "norm_text": "웅 틴트도 내가 발라 달라할 때 있어 키키",
            "speaker": {
              "id": "2번",
              "sex": "남성",
              "age": "20대"
            },
            "speechAct": "(단언) 주장하기",
            "morpheme": "웅/IC+틴트/NNG+도/JX+내/NP+가/JKS+발라/VV+EC+달/VX+라/EC+할/VX+ETM+때/NNG+있/VV+어/EC+키/NNG+키/XSV+ETN"
          },
          {
            "id": 8,
            "text": "1 : 대박 키키 외모에 관심이 많구나~",
            "norm_text": "대박 키키 외모에 관심이 많구나~",
            "speaker": {
              "id": "1번",
              "sex": "여성",
              "age": "20대"
            },
            "speechAct": "(단언) 주장하기",
            "morpheme": "대박키키외모에관심이많구나/UNKNOWN+~/SY"
          },
          {
            "id": 9,
            "text": "2 : 비비 바르면 얼굴 잡티 가리고 좋아 키키",
            "norm_text": "비비 바르면 얼굴 잡티 가리고 좋아 키키",
            "speaker": {
              "id": "2번",
              "sex": "남성",
              "age": "20대"
            },
            "speechAct": "(단언) 주장하기",
            "morpheme": "비비/MAG+바르/VV+면/EC+얼굴/NNG+잡티/NNG+가리/VV+고/EC+좋/VA+아/EC+키/NNG+키/XSV+ETN"
          },
          {
            "id": 10,
            "text": "1 : 그치 키키 남자도 은근 잡티가 많아",
            "norm_text": "그치 키키 남자도 은근 잡티가 많아",
            "speaker": {
              "id": "1번",
              "sex": "여성",
              "age": "20대"
            },
            "speechAct": "(단언) 주장하기",
            "morpheme": "그치/IC+키/NNG+키/NNG+남자/NNG+도/JX+은근/NNG+잡티/NNG+가/JKS+많/VA+아/EC"
          },
          {
            "id": 11,
            "text": "2 : 웅 나 외모에 관심 많아 진짜",
            "norm_text": "웅 나 외모에 관심 많아 진짜",
            "speaker": {
              "id": "2번",
              "sex": "남성",
              "age": "20대"
            },
            "speechAct": "(단언) 진술하기",
            "morpheme": "웅/IC+나/NP+외모/NNG+에/JKB+관심/NNG+많/VA+아/EC+진짜/MAG"
          },
          {
            "id": 12,
            "text": "2 : 필러도 맞았어",
            "norm_text": "필러도 맞았어",
            "speaker": {
              "id": "2번",
              "sex": "남성",
              "age": "20대"
            },
            "speechAct": "(단언) 진술하기",
            "morpheme": "필러/NNG+도/JX+맞/VV+았/EP+어/EC"
          },
          {
            "id": 13,
            "text": "1 : 아 그래? 대박 키키",
            "norm_text": "아 그래? 대박 키키",
            "speaker": {
              "id": "1번",
              "sex": "여성",
              "age": "20대"
            },
            "speechAct": "턴토크 사인(관습적 반응)",
            "morpheme": "아/IC+그래/IC+대박/NNG+키/NNG+키/XSV+ETN"
          },
          {
            "id": 14,
            "text": "1 : 틴트도 자주 써?",
            "norm_text": "틴트도 자주 써?",
            "speaker": {
              "id": "1번",
              "sex": "여성",
              "age": "20대"
            },
            "speechAct": "(지시) 질문하기",
            "morpheme": "틴트/NNG+도/JX+자주/MAG+써/VV+EF"
          },
          {
            "id": 15,
            "text": "2 : 필러랑 윤곽 주사 요즘 남자들도 다하잖아",
            "norm_text": "필러랑 윤곽 주사 요즘 남자들도 다하잖아",
            "speaker": {
              "id": "2번",
              "sex": "남성",
              "age": "20대"
            },
            "speechAct": "(단언) 진술하기",
            "morpheme": "필러/NNG+랑/JKB+윤곽/NNG+주사/NNG+요즘/NNG+남자/NNG+들/XSN+도/JX+다/MAG+하/VV+잖아/EC"
          },
          {
            "id": 16,
            "text": "2 : 내 친구들은 진짜 심해 나보다 더",
            "norm_text": "내 친구들은 진짜 심해 나보다 더",
            "speaker": {
              "id": "2번",
              "sex": "남성",
              "age": "20대"
            },
            "speechAct": "(단언) 주장하기",
            "morpheme": "내/NP+JKG+친구/NNG+들/XSN+은/JX+진짜/MAG+심해/VA+EC+나/NP+보다/JKB+더/MAG"
          },
          {
            "id": 17,
            "text": "1 : 아 그래?... 신기하다 내 주변에 그거 하는 남자 못 봐서",
            "norm_text": "아 그래?... 신기하다 내 주변에 그거 하는 남자 못 봐서",
            "speaker": {
              "id": "1번",
              "sex": "여성",
              "age": "20대"
            },
            "speechAct": "(단언) 진술하기",
            "morpheme": "아/IC+그래/IC+./SY+./SY+신기/XR+하/XSA+다/EF+내/NP+JKG+주변/NNG+에/JKB+그거/NP+하/VV+는/ETM+남자/NNG+못/MAG+봐서/VV+EC"
          },
          {
            "id": 18,
            "text": "2 : 틴트는 여자친구 꺼 그냥 간간히 발라 달라해 키키",
            "norm_text": "틴트는 여자친구 꺼 그냥 간간히 발라 달라해 키키",
            "speaker": {
              "id": "2번",
              "sex": "남성",
              "age": "20대"
            },
            "speechAct": "(단언) 주장하기",
            "morpheme": "틴트/NNG+는/JX+여자/NNG+친구/NNG+꺼/VV+EC+그냥/MAG+간간히/MAG+발라/VV+EC+달/VX+라/EC+해/VV+EC+키/NNG+키/XSV+ETN"
          },
          {
            "id": 19,
            "text": "2 : 난 관심이 많아 그런 거에",
            "norm_text": "난 관심이 많아 그런 거에",
            "speaker": {
              "id": "2번",
              "sex": "남성",
              "age": "20대"
            },
            "speechAct": "(단언) 진술하기",
            "morpheme": "난/NP+JX+관심/NNG+이/JKS+많/VA+아/EC+그런/MM+거/NNB+에/JKB"
          },
          {
            "id": 20,
            "text": "1 : 아 그렇구나, 걸어 다니는 강남 성형외과네 키키",
            "norm_text": "아 그렇구나, 걸어 다니는 강남 성형외과네 키키",
            "speaker": {
              "id": "1번",
              "sex": "여성",
              "age": "20대"
            },
            "speechAct": "(단언) 주장하기",
            "morpheme": "아/IC+그렇/VA+구나/EF+,/SC+걸어다니는강남성형외과네키키/UNKNOWN"
          },
          {
            "id": 21,
            "text": "2 : 요즘 남자들은 그렇지",
            "norm_text": "요즘 남자들은 그렇지",
            "speaker": {
              "id": "2번",
              "sex": "남성",
              "age": "20대"
            },
            "speechAct": "(단언) 진술하기",
            "morpheme": "요즘/NNG+남자/NNG+들/XSN+은/JX+그렇/VA+지/EC"
          },
          {
            "id": 22,
            "text": "2 : 다들 싫어할 수도 있어 키키",
            "norm_text": "다들 싫어할 수도 있어 키키",
            "speaker": {
              "id": "2번",
              "sex": "남성",
              "age": "20대"
            },
            "speechAct": "(단언) 주장하기",
            "morpheme": "다/MAG+들/XSN+싫/VA+어/EC+할/VX+ETM+수/NNB+도/JX+있/VA+어/EC+키/NNG+키/XSV+ETN"
          }
        ]
      }
    }
  ]
}